20220823  11535121   26.7050   103.1660      0.500   2.9    0.00    0.00   0.55          1
20220823  15134431   26.9740   102.9870      6.910   2.5    0.00    0.00   0.04          2
20220823  16294855   26.9290   102.8390     11.230   1.9    0.00    0.00  -0.00          3
20220824     40157   27.2570   102.9020      1.940   2.7    0.00    0.00   0.77          4
20220824   7330422   26.8330   102.6610      0.960   3.1    0.00    0.00   0.22          5
20220824  15251175   26.9780   102.9420      1.280   1.7    0.00    0.00  -0.01          6
20220824  17231698   26.6760   103.0680      1.120   0.8    0.00    0.00   0.01          7
20220824  20131532   27.0370   103.1750      0.000   1.9    0.00    0.00   0.41          8
20220825   4135948   27.1730   102.8020      1.660   3.4    0.00    0.00   0.04          9
20220825   5423472   26.8830   102.8230     13.190   3.1    0.00    0.00   0.19         10
20220825   6444451   27.1300   102.7180      1.010   3.4    0.00    0.00   0.11         11
20220825   6531244   26.8980   103.1620      2.170   2.0    0.00    0.00  -0.49         12
20220825   7532981   27.2010   102.6170     31.000   3.4    0.00    0.00  -0.05         13
20220825  10105241   26.9170   102.5720      0.000   3.1    0.00    0.00   0.03         14
20220825  14531597   27.1010   102.8600      1.350   1.5    0.00    0.00   0.04         15
20220825  18265108   27.2500   102.9590      1.670   2.5    0.00    0.00   0.12         16
20220825  20325796   26.8480   102.8440      0.830   3.0    0.00    0.00   0.00         17
20220825  20333318   26.4910   103.2010      1.120   2.7    0.00    0.00  -0.11         18
20220825  20442064   26.7880   103.0060      0.930   2.1    0.00    0.00   0.08         19
20220825  21233648   26.8380   102.8310      0.410   2.9    0.00    0.00  -0.06         20
20220826    102046   26.8520   102.8670     11.140   2.9    0.00    0.00   0.00         21
20220826    363796   26.8250   102.9510      0.740   1.6    0.00    0.00  -0.03         22
20220826   2103714   27.2520   102.9260      1.900   1.6    0.00    0.00   0.29         23
20220826   2201666   26.9850   102.8790      0.870   2.7    0.00    0.00   0.30         24
20220826   4102935   27.2460   103.0580      9.100   3.4    0.00    0.00   0.03         25
20220826   4441720   26.7120   103.1140      1.400   2.5    0.00    0.00   0.06         26
20220826   4535040   27.1600   103.0110      2.060   2.2    0.00    0.00   0.05         27
20220826   7010280   26.9460   102.9780      1.940   2.5    0.00    0.00   0.19         28
20220826   7220174   27.2000   103.0130      1.100   2.8    0.00    0.00   0.20         29
20220826   7534797   26.7190   102.9810      0.760   2.8    0.00    0.00   0.19         30
20220826  10093317   26.8130   102.6630      0.830   3.4    0.00    0.00  -0.03         31
20220826  11273281   27.0060   102.7940      0.980   3.1    0.00    0.00   0.01         32
20220826  11331916   27.1350   103.1560      2.090   3.3    0.00    0.00  -0.12         33
20220826  11451818   27.1920   103.0900      4.120   2.6    0.00    0.00  -0.01         34
20220826  13221752   27.3100   103.0150      1.870   3.2    0.00    0.00   0.03         35
20220826  13363823   26.9830   102.9320      1.220   1.7    0.00    0.00  -0.31         36
20220826  15550686   26.9580   102.8590      8.870   2.2    0.00    0.00  -0.01         37
20220826  17461054   26.9040   103.0890      2.970   2.0    0.00    0.00   0.20         38
20220826  18102256   26.6320   103.1180      0.890   2.5    0.00    0.00   0.04         39
20220826  19134724   26.6650   103.0030      0.570   1.6    0.00    0.00   0.13         40
20220826  20002764   27.0630   102.5480     10.640   2.7    0.00    0.00   0.03         41
20220826  20453752   27.0540   102.7440      0.920   2.1    0.00    0.00   0.09         42
20220827  11434388   26.9100   102.8080      0.660   2.9    0.00    0.00   0.48         43
20220827  12233578   27.0690   102.8630      1.200   3.5    0.00    0.00   0.05         44
20220827  23483784   26.8560   102.9290      0.560   3.1    0.00    0.00   0.40         45
20220828   3531649   26.6930   103.1070      1.270   1.3    0.00    0.00   0.10         46
20220828   5335424   26.5190   103.2190      0.000   3.2    0.00    0.00  -0.10         47
20220828  12045212   27.0930   102.9310      1.840   1.9    0.00    0.00  -0.34         48
20220828  13043812   27.0310   103.2040      1.930   3.4    0.00    0.00   0.03         49
20220828  13131477   26.7590   102.9820      0.870   1.4    0.00    0.00  -0.13         50
20220828  13145571   26.7660   103.1410      1.610   2.4    0.00    0.00   0.08         51
20220828  13203571   26.9000   103.1180      1.720   3.0    0.00    0.00   0.12         52
20220828  13351626   27.2750   102.9720      2.090   2.2    0.00    0.00   0.22         53
20220828  21355992   26.4910   103.0700      0.840   2.8    0.00    0.00   0.29         54
20220828  21370724   26.8940   103.0150      0.000   2.7    0.00    0.00   0.30         55
20220829    370349   27.2870   102.8650      5.190   3.0    0.00    0.00  -0.04         56
20220829   4131730   26.9000   102.9960      1.250   3.1    0.00    0.00  -0.05         57
20220829   4272350   27.1570   102.9270      1.630   2.1    0.00    0.00  -0.00         58
20220829   6473142   27.3580   103.1900     16.880   3.6    0.00    0.00  -0.03         59
20220829   7534311   26.8480   102.8160      0.340   3.1    0.00    0.00  -0.16         60
20220829   9581573   26.8120   102.9520      0.720   2.6    0.00    0.00  -0.00         61
20220829  14031811   26.7960   103.0590      1.240   1.0    0.00    0.00  -0.04         62
20220829  15031727   26.9870   102.8130      0.830   1.7    0.00    0.00   0.73         63
20220829  15510878   26.9140   102.8790     14.130   2.8    0.00    0.00   0.02         64
20220829  16021246   26.6440   102.6050     31.000   3.3    0.00    0.00   0.08         65
20220829  16124159   26.9740   102.9200      1.200   2.7    0.00    0.00   0.32         66
20220829  16172558   26.6880   103.0580      0.000   2.5    0.00    0.00  -0.01         67
20220829  17390072   26.7190   102.9720      0.780   2.7    0.00    0.00  -0.44         68
20220829  18501592   26.8420   103.2540      2.250   1.7    0.00    0.00   0.37         69
20220829  19274780   27.0650   103.1490      2.150   2.8    0.00    0.00   0.13         70
20220829  19574712   27.0640   102.9120     14.600   2.7    0.00    0.00  -0.01         71
20220830   1331465   27.0900   102.9050      1.150   1.4    0.00    0.00  -0.03         72
20220830   4263442   27.0610   102.9140      1.480   1.5    0.00    0.00   0.08         73
20220830   6502341   26.9280   102.9000      0.760   2.1    0.00    0.00   0.40         74
20220830   9031808   26.6330   103.0420      0.800   2.5    0.00    0.00   0.99         75
20220830  10470266   27.4680   103.1970     31.000   3.9    0.00    0.00   0.06         76
20220830  11571412   27.4790   103.0090      2.280   3.7    0.00    0.00   0.01         77
20220830  12142131   27.0170   103.1600      2.110   3.1    0.00    0.00   0.13         78
20220830  15265247   26.6880   102.8640      0.570   3.2    0.00    0.00  -0.02         79
20220830  18395670   26.8770   103.0160      1.300  -0.4    0.00    0.00   0.01         80
20220830  18575600   27.1010   102.5000      4.930   3.2    0.00    0.00   0.11         81
20220830  21501766   26.8060   102.8950      0.860   2.5    0.00    0.00   0.17         82
20220830  22131088   26.6330   102.7020     31.000   2.2    0.00    0.00   0.03         83
20220831    512069   27.0630   103.2250      2.560   3.4    0.00    0.00  -0.01         84
20220831   1203736   26.7990   102.8550      0.750   3.2    0.00    0.00   0.00         85
20220831   3011408   26.8590   102.8310      0.290   2.9    0.00    0.00   0.00         86
20220831   3152602   27.0940   103.0160      1.580   3.0    0.00    0.00   0.01         87
20220831   4260229   26.9190   102.9250      0.860   2.1    0.00    0.00   0.38         88
20220831   7033708   26.9070   102.7920     12.340   3.6    0.00    0.00  -0.00         89
20220831   7110202   27.2430   102.9190      1.420   3.3    0.00    0.00  -0.07         90
20220831  10531305   26.5300   103.1900     18.120   2.7    0.00    0.00  -0.07         91
20220831  11551225   27.0950   103.0650     24.180   3.4    0.00    0.00   0.07         92
20220831  15265829   26.9740   102.9700     22.550   2.7    0.00    0.00   0.01         93
20220831  16004143   26.8720   103.1270      3.330   2.9    0.00    0.00  -0.11         94
20220831  18251500   26.9650   103.2210      2.250   2.3    0.00    0.00   0.32         95
20220831  18441462   26.7640   102.9900      0.850   2.0    0.00    0.00   0.15         96
20220831  19125144   26.7330   103.2090      1.480   2.8    0.00    0.00   0.23         97
20220831  19144798   26.8320   103.1860      1.890   2.3    0.00    0.00   0.36         98
20220831  19214320   26.7050   103.0320      9.180   1.9    0.00    0.00  -0.11         99
20220831  20255790   27.0630   103.2130      2.170   2.5    0.00    0.00   0.23        100
20220831  22443688   26.9290   103.0490      1.410   3.3    0.00    0.00   0.10        101
20220901    553216   27.0380   103.0970      2.340   3.1    0.00    0.00   0.08        102
20220901   2234710   27.1760   102.8190      1.170   3.0    0.00    0.00   0.26        103
20220901   2342055   26.9970   102.9890      0.660   2.5    0.00    0.00   0.08        104
20220901   3033007   26.9010   102.6870      0.440   3.0    0.00    0.00  -0.02        105
20220901   3251979   27.2410   102.8060      1.510   3.1    0.00    0.00   0.07        106
20220901   3522067   27.2840   102.8870     31.000   2.6    0.00    0.00  -0.18        107
20220901   7571204   26.9860   102.9010      1.130   2.9    0.00    0.00  -0.06        108
20220901   9295746   26.8510   102.9920      1.030   1.3    0.00    0.00   0.04        109
20220901  14134345   26.7140   102.9280      9.960   2.6    0.00    0.00  -0.16        110
20220901  15451650   27.3630   103.2820      2.610   3.2    0.00    0.00   0.03        111
20220901  16135317   26.8960   102.6250      0.410   2.7    0.00    0.00   0.18        112
20220901  16411448   27.4130   102.9090      2.290   2.5    0.00    0.00   0.09        113
20220901  19084652   27.1960   103.0760      1.670   2.8    0.00    0.00   0.58        114
20220901  20230700   27.0850   102.5610      0.000   1.1    0.00    0.00   0.12        115
20220901  20234106   26.9120   102.8120      0.520   2.9    0.00    0.00   0.03        116
20220901  20390864   27.5090   102.5630     29.550   3.2    0.00    0.00   0.04        117
20220901  21360744   26.7340   103.0060      0.840   2.0    0.00    0.00   0.41        118
20220902   3331775   26.9260   103.0120      1.300   2.1    0.00    0.00   0.32        119
20220902   5063885   27.0030   103.0090      1.400   3.4    0.00    0.00   0.23        120
20220902   5502616   26.5290   103.1790      1.200   2.5    0.00    0.00  -0.09        121
20220902   6123388   26.9040   103.1100     31.000   3.3    0.00    0.00   0.16        122
20220902   7005015   26.5000   102.8770      0.000   2.7    0.00    0.00  -0.04        123
20220902  10485003   27.2430   102.8730      0.000   3.6    0.00    0.00  -0.03        124
20220902  11235725   26.6230   103.0650     29.480   2.9    0.00    0.00  -0.00        125
20220902  12070592   27.0470   102.8600     21.860   3.6    0.00    0.00   0.05        126
20220902  12561887   27.0450   102.9190     18.680   3.2    0.00    0.00   0.00        127
20220902  13361070   26.9480   103.0160      1.510   3.1    0.00    0.00   0.11        128
20220902  13365198   27.2480   102.6540      0.870   3.3    0.00    0.00   0.19        129
20220902  15070480   26.6280   102.7780     27.230   3.2    0.00    0.00  -0.01        130
20220902  16435088   27.3010   102.8470      1.510   3.8    0.00    0.00   0.12        131
20220902  16492341   26.9490   102.7970      0.820   3.5    0.00    0.00   0.16        132
20220902  17212234   26.8790   102.6600      0.360   2.7    0.00    0.00   0.08        133
20220902  17471328   26.5490   103.0560      0.850   1.9    0.00    0.00   0.26        134
20220902  20121812   27.0080   103.1530      2.160   2.3    0.00    0.00   0.37        135
20220902  20332856   26.9900   103.0640      2.210   3.1    0.00    0.00  -0.06        136
20220902  21231452   27.0980   103.0620      2.080   1.0    0.00    0.00   0.13        137
20220902  21472324   27.0620   102.9700      1.280   2.8    0.00    0.00   0.08        138
20220902  22442182   26.7640   103.1110      1.370   3.1    0.00    0.00   0.49        139
20220903   2305007   27.0340   102.9190      1.340   3.2    0.00    0.00   0.24        140
20220903   2565327   26.5220   103.1770     13.960   2.8    0.00    0.00   0.04        141
20220903   7331467   26.9930   102.8350     15.980   1.2    0.00    0.00   0.01        142
20220903   8385118   27.2470   103.0000      1.780   1.1    0.00    0.00   0.76        143
20220903   9160525   26.5570   102.9620      0.000   3.6    0.00    0.00   0.03        144
20220903  13034579   26.9410   103.1700      2.200   1.9    0.00    0.00   0.23        145
20220903  15141743   26.9430   102.9310     22.060   2.9    0.00    0.00  -0.06        146
20220903  15213548   26.9020   103.1440      1.590   3.1    0.00    0.00   0.06        147
20220903  15324818   26.8840   103.1540      1.860   1.6    0.00    0.00   0.53        148
20220903  16541303   26.5980   103.1100      1.240   2.0    0.00    0.00   0.25        149
20220903  17031470   26.9870   102.9070      1.190   1.2    0.00    0.00   0.05        150
20220903  20131600   26.7650   103.0590     11.360   0.6    0.00    0.00  -0.04        151
20220903  20133982   27.2070   102.9220      1.490   2.1    0.00    0.00  -0.10        152
20220903  21160742   27.2270   102.9400      1.540   3.0    0.00    0.00   0.14        153
20220903  22020090   26.6220   103.0470      0.120   2.4    0.00    0.00   0.54        154
20220903  23065412   26.7930   103.0220      0.140   3.3    0.00    0.00  -0.26        155
20220904    160256   27.2210   102.9560      1.950   2.5    0.00    0.00  -0.05        156
20220904   3452674   27.1980   102.9490     31.000   3.8    0.00    0.00  -0.01        157
20220904   4232901   27.2590   102.6910      0.790   3.4    0.00    0.00   0.01        158
20220904   6310715   26.5720   103.0170      0.770   3.1    0.00    0.00  -0.25        159
20220904   8195713   26.8650   102.9800      1.280   1.0    0.00    0.00  -0.13        160
20220904   8205667   27.2480   103.0410      1.870   3.1    0.00    0.00   0.29        161
20220904   8501262   27.3530   103.1180      5.480   2.8    0.00    0.00  -0.20        162
20220904   9434847   27.0020   102.9240      1.240   3.2    0.00    0.00   0.12        163
20220904  14341595   27.1870   102.8040      2.530   3.3    0.00    0.00  -0.05        164
20220904  15195395   26.9310   102.8360     15.730   0.2    0.00    0.00  -0.28        165
20220904  16231305   27.0010   102.9580     31.000   1.1    0.00    0.00  -0.01        166
20220904  16534122   26.9680   102.9280      1.200   2.0    0.00    0.00   0.53        167
20220904  17240750   26.9680   103.5040      3.750   3.2    0.00    0.00   0.62        168
20220904  17433744   26.7890   103.2100      0.900   2.2    0.00    0.00  -0.00        169
20220904  18034532   26.9000   103.0420      1.380   0.7    0.00    0.00  -0.00        170
20220904  19533972   26.9620   102.8690      1.120   1.5    0.00    0.00   0.04        171
20220904  21265362   27.1600   103.1660      0.000   3.1    0.00    0.00   0.08        172
20220904  22531700   26.8620   103.0250      1.220   0.8    0.00    0.00   0.01        173
20220905   8231686   27.2710   103.1040      4.150   1.6    0.00    0.00   0.04        174
20220905  10130559   26.9130   103.0480     31.000   2.5    0.00    0.00   0.07        175
20220905  13542538   27.4180   103.0630      2.370   3.0    0.00    0.00  -0.00        176
20220905  15134457   27.3940   102.9670      2.830   2.2    0.00    0.00  -0.08        177
20220905  16124640   26.9950   102.8670      0.730   2.2    0.00    0.00   0.15        178
20220905  19540948   26.7160   103.3110      2.120   2.4    0.00    0.00  -0.06        179
20220905  20481274   27.4160   103.0060      2.140   3.2    0.00    0.00   0.16        180
20220905  22384386   27.1120   102.8230      1.300   2.2    0.00    0.00  -0.02        181
20220906   1482345   26.5330   103.1510      1.120   3.2    0.00    0.00   0.06        182
20220906   2192846   26.9210   102.5230      0.000   3.7    0.00    0.00  -0.17        183
20220906   2341812   26.8470   103.1370      1.730   2.7    0.00    0.00   0.76        184
20220906   5433076   26.9650   102.7060      0.670   3.0    0.00    0.00   0.10        185
20220906   7370853   26.8160   103.2200      4.260   3.4    0.00    0.00   0.00        186
20220906  13534186   27.1290   102.8730      2.020   2.4    0.00    0.00   0.03        187
20220906  16131786   26.7930   103.0690      1.280   1.1    0.00    0.00   0.01        188
20220906  16245239   26.8070   102.9020      0.000   2.8    0.00    0.00   0.32        189
20220906  17572312   26.8640   102.6520      0.820   2.9    0.00    0.00  -0.24        190
20220906  18395780   27.0060   102.8530      1.080   2.4    0.00    0.00   0.12        191
20220906  20591616   26.8200   103.2970      0.000   2.8    0.00    0.00   0.02        192
20220906  21001774   27.1530   102.8280      0.790   3.2    0.00    0.00  -0.05        193
20220906  22183288   27.1420   102.8410      1.260   3.2    0.00    0.00  -0.00        194
20220906  23131824   26.9450   102.7920      1.120   2.3    0.00    0.00   0.20        195
20220906  23411544   27.2420   103.0260     31.000   2.9    0.00    0.00  -0.01        196
20220907    401321   27.3850   103.0230     11.520   4.2    0.00    0.00   0.07        197
20220907    533998   26.6180   103.0480      1.060   2.9    0.00    0.00   0.06        198
20220907   3334462   26.9630   103.0560      1.920   3.3    0.00    0.00   0.02        199
20220907   5280323   26.8580   102.9600      1.200   2.8    0.00    0.00  -0.10        200
20220907   6265933   27.1350   103.0820     10.970   2.9    0.00    0.00   0.00        201
20220907  10314682   27.0010   102.8030      1.010   2.5    0.00    0.00   0.12        202
20220907  12551810   26.7280   102.9960      1.110   2.7    0.00    0.00   0.02        203
20220907  19144336   26.9060   103.0290      1.300   3.2    0.00    0.00   0.05        204
20220907  20005756   26.8510   102.7440      0.000   3.0    0.00    0.00  -0.04        205
20220907  20295672   26.8770   103.0170      1.300  -0.2    0.00    0.00   0.02        206
20220907  22163440   26.7890   102.9610      0.970   0.1    0.00    0.00  -0.39        207
20220908    543637   26.7570   102.9950      0.840   1.3    0.00    0.00   0.53        208
20220908   1272625   26.8270   102.7360      0.790   2.9    0.00    0.00   0.01        209
20220908   4272019   26.7040   103.1290      1.450   2.8    0.00    0.00   0.13        210
20220908   5180533   27.2250   102.7550      1.600   3.2    0.00    0.00   0.03        211
20220908   6470408   26.9070   103.2930      1.990   3.8    0.00    0.00   0.09        212
20220908   8335012   26.8280   102.9880      0.920   3.1    0.00    0.00   0.11        213
20220908  10582610   26.7180   103.1640      1.630   2.7    0.00    0.00   0.16        214
20220908  11542343   26.4910   103.2280      0.000   3.0    0.00    0.00  -0.04        215
20220908  13381397   27.1310   103.3870     30.320   3.1    0.00    0.00   0.10        216
20220908  14453757   26.9940   102.8150     13.160   2.2    0.00    0.00  -0.00        217
20220908  15182276   27.0890   102.8940      1.410   2.7    0.00    0.00   0.08        218
20220908  15234958   27.0200   103.0140      1.840   2.6    0.00    0.00   0.24        219
20220908  15414261   26.4910   103.0580     18.690   2.8    0.00    0.00   0.03        220
20220908  16075141   27.1680   102.8170      0.000   2.4    0.00    0.00  -0.10        221
20220908  17342804   26.9050   102.8170     16.690   3.0    0.00    0.00   0.17        222
20220908  19300188   26.7140   102.9860      0.850   2.0    0.00    0.00   0.01        223
20220908  21263468   27.1300   103.0620      2.320   1.4    0.00    0.00  -0.01        224
20220908  22240240   27.3470   103.1320     15.410   3.1    0.00    0.00   0.34        225
20220908  23460176   27.0190   102.8820      1.030   3.2    0.00    0.00   0.01        226
20220909   4354503   26.7800   102.9080      0.440   3.2    0.00    0.00  -0.05        227
20220909   7231386   27.0420   103.0640      1.720   0.8    0.00    0.00  -0.11        228
20220909   8363630   27.0840   102.8540      1.240   1.2    0.00    0.00   0.00        229
20220909  13293177   26.9840   102.9230      1.220   2.2    0.00    0.00   0.51        230
20220909  15352057   26.9900   103.0850      2.200   2.5    0.00    0.00  -0.06        231
20220909  16041567   27.0110   102.6130      0.400   2.5    0.00    0.00   0.00        232
20220909  16111852   26.9680   102.9280      1.200   2.1    0.00    0.00   0.60        233
20220909  21115456   26.7990   102.7240      0.480   3.5    0.00    0.00   0.34        234
20220909  23442476   27.0540   102.7630      0.840   2.9    0.00    0.00   0.09        235
20220910   5150058   26.8270   103.1730      1.860   1.9    0.00    0.00   0.36        236
20220910   7235692   27.1570   103.1680      3.060   3.2    0.00    0.00   0.05        237
20220910   8251243   26.8690   102.9220      0.520   2.7    0.00    0.00   0.14        238
20220910  11401570   26.8920   102.9270      0.880   2.2    0.00    0.00  -0.10        239
20220910  11410383   26.6340   103.0360      0.850   2.2    0.00    0.00   0.01        240
20220910  12173372   27.0010   102.8750      1.070   3.0    0.00    0.00   0.39        241
20220910  15122301   26.7130   102.8370      0.000   2.2    0.00    0.00  -0.10        242
20220910  16255051   26.5360   103.0640      0.890   2.0    0.00    0.00   0.26        243
20220910  20095638   26.6960   103.0700      1.290   0.9    0.00    0.00   0.33        244
20220910  20104672   27.1300   103.1030      3.040   2.6    0.00    0.00  -0.06        245
20220910  21431992   26.7600   102.9730      0.730   1.9    0.00    0.00   0.25        246
20220910  22412578   27.2120   102.8240      0.140   3.1    0.00    0.00  -0.08        247
20220910  23012468   26.8340   103.2160      1.770   2.4    0.00    0.00   0.10        248
20220911    411774   26.5860   103.5570      2.490   3.2    0.00    0.00   0.02        249
20220911   7275348   26.9280   102.9920      1.420   3.2    0.00    0.00   0.04        250
20220911  16163515   26.7670   102.9910      1.040   0.9    0.00    0.00  -0.13        251
20220911  18234138   26.8390   103.1100      1.790   2.3    0.00    0.00   0.17        252
20220911  18401472   26.7230   103.0170      1.050   1.8    0.00    0.00   0.13        253
20220911  18535908   26.6820   102.9410      0.260   2.3    0.00    0.00   0.09        254
20220911  19183538   26.8670   102.9880     13.010   2.0    0.00    0.00   0.03        255
20220911  19431468   26.9870   102.8810      1.680   1.3    0.00    0.00  -0.01        256
20220912    145130   27.0330   103.0270      1.550   2.7    0.00    0.00   0.04        257
20220912   2401181   26.5560   103.2270     15.100   3.0    0.00    0.00  -0.03        258
20220912   8031989   26.5880   103.0520      0.930   1.8    0.00    0.00   0.31        259
20220912   8473140   27.2470   103.1720     25.930   3.4    0.00    0.00  -0.00        260
20220912  11401307   27.0120   102.6320      0.820   2.8    0.00    0.00  -0.05        261
20220912  11435016   26.4910   102.9580     29.850   3.3    0.00    0.00   0.05        262
20220912  14023462   26.9950   102.8980      0.860   3.1    0.00    0.00  -0.00        263
20220912  14434271   27.1170   102.8360      1.300   2.2    0.00    0.00   0.09        264
20220912  15135831   27.1890   103.0180      1.660   2.8    0.00    0.00   0.12        265
20220912  15203394   26.9660   102.9100      4.870   2.3    0.00    0.00   0.06        266
20220912  16021600   26.8750   103.1250      2.520   2.5    0.00    0.00   0.02        267
20220912  16234937   27.0450   102.8910      0.960   2.5    0.00    0.00   0.01        268
20220912  17331900   27.2540   102.9620      1.830  -0.5    0.00    0.00   0.01        269
20220912  17334100   27.0080   103.0180      1.460   2.1    0.00    0.00  -0.02        270
20220912  18534584   26.8310   103.0360      1.280   1.8    0.00    0.00  -0.02        271
20220912  19031496   26.9990   103.0570      1.840   0.6    0.00    0.00  -0.01        272
20220912  22002540   27.0640   102.8390      3.540   2.8    0.00    0.00  -0.02        273
20220912  22463036   26.9420   103.3730     16.390   1.5    0.00    0.00   0.03        274
20220912  23041432   26.8360   102.9710      0.800   2.5    0.00    0.00   0.16        275
20220913    331478   26.9580   103.0000      1.530   1.3    0.00    0.00   0.50        276
20220913   4022280   26.9500   102.7510      0.740   3.0    0.00    0.00  -0.15        277
20220913   5434346   26.8280   102.9880     12.750   2.1    0.00    0.00  -0.15        278
20220913   6075855   27.1290   103.1900      3.900   2.9    0.00    0.00   0.45        279
20220913   7490303   26.6190   103.2850     22.350   3.8    0.00    0.00  -0.01        280
20220913   8204831   26.9230   103.0990      8.490   3.6    0.00    0.00   0.01        281
20220913   8440279   26.5690   102.9850      0.680   3.3    0.00    0.00  -0.17        282
20220913  12432713   26.7390   102.8270      0.630   3.7    0.00    0.00   0.01        283
20220913  13574462   26.8740   102.9980      1.300   2.1    0.00    0.00  -0.00        284
20220913  14245045   27.1430   102.8460      1.270   2.9    0.00    0.00   0.17        285
20220913  15315348   26.6020   103.4240      1.770   3.3    0.00    0.00   0.06        286
20220913  15554018   26.7800   102.8170      0.170   3.2    0.00    0.00   0.01        287
20220913  18331116   26.9740   102.9250      1.190   0.8    0.00    0.00  -0.06        288
20220913  20051014   26.4910   102.9410      0.000   2.0    0.00    0.00   0.05        289
20220913  20195590   26.8320   102.8620      1.310   1.3    0.00    0.00  -0.12        290
20220913  20333968   26.8100   102.9910      0.920   1.4    0.00    0.00  -0.10        291
20220913  20431356   26.9900   103.4240     31.000   3.8    0.00    0.00  -0.01        292
20220913  22065890   26.7010   102.6930      0.000   3.1    0.00    0.00  -0.02        293
20220913  22145024   27.4540   102.9970      2.170   4.0    0.00    0.00   0.45        294
20220914    200835   27.2720   102.9170      1.660   3.3    0.00    0.00   0.04        295
20220914   1273544   26.5960   103.0420      0.910   3.3    0.00    0.00   0.10        296
20220914   3513630   27.0770   102.7080      0.840   3.2    0.00    0.00   0.38        297
20220914   4472238   26.6540   103.0640      0.940   2.8    0.00    0.00   0.05        298
20220914   4590705   26.9770   103.0930      0.510   3.0    0.00    0.00  -0.00        299
20220914   5031783   26.8040   103.0630      1.280   1.6    0.00    0.00  -0.03        300
20220914   6444406   27.0770   102.8910      1.440   2.6    0.00    0.00  -0.01        301
20220914   7050521   26.8220   102.9790      0.850   3.0    0.00    0.00   0.07        302
20220914   7112170   26.9760   102.9090      1.100   2.4    0.00    0.00   0.14        303
20220914  10484967   26.9110   102.4530      0.000   3.6    0.00    0.00  -0.10        304
20220914  13534770   26.8520   103.1080      1.650   3.2    0.00    0.00   0.06        305
20220914  14251209   26.9490   103.0810      1.760   1.3    0.00    0.00   0.23        306
20220914  14441386   26.9590   103.0060      1.460   2.2    0.00    0.00   0.07        307
20220914  15243286   26.9440   102.9160      0.890   1.8    0.00    0.00   0.75        308
20220914  15475562   27.1590   102.9760      1.510   3.1    0.00    0.00  -0.00        309
20220914  16355159   26.7810   102.9050      0.870   3.2    0.00    0.00   0.12        310
20220914  17120346   26.7800   102.9890      0.840   2.1    0.00    0.00   0.35        311
20220914  17374034   26.8490   102.8360      0.010   2.2    0.00    0.00   0.32        312
20220914  21531126   26.9020   102.8080     24.920   1.4    0.00    0.00  -0.17        313
20220914  22244688   26.7930   103.1790      1.810   1.7    0.00    0.00   0.05        314
20220915   1422471   26.8380   103.0320      0.880   3.2    0.00    0.00   0.15        315
20220915   2115794   26.9900   103.1530     31.000   3.5    0.00    0.00  -0.07        316
20220915   2435229   26.6530   102.9140      0.490   3.4    0.00    0.00   0.14        317
20220915   3052212   27.0520   102.9590      1.480   2.4    0.00    0.00   0.23        318
20220915   3180162   27.2140   102.9380      1.590   3.0    0.00    0.00   0.01        319
20220915   5203395   26.7820   102.9080      0.340   2.2    0.00    0.00  -0.05        320
20220915   5414600   26.9470   102.9220      1.150   2.3    0.00    0.00   0.30        321
20220915   6140721   26.8280   102.8740      0.710   3.0    0.00    0.00   0.18        322
20220915   8055428   26.7760   102.9670      0.570   2.6    0.00    0.00   0.34        323
20220915   8554393   27.2240   102.9250      1.830   2.5    0.00    0.00   0.20        324
20220915   9351880   26.5600   103.0570      0.900   2.4    0.00    0.00   0.55        325
20220915  10032667   26.7640   103.0210      1.010   2.5    0.00    0.00   0.13        326
20220915  10331536   26.9800   103.0770      1.760   2.1    0.00    0.00  -0.02        327
20220915  10344348   26.8520   103.0480      1.420   2.9    0.00    0.00   0.09        328
20220915  10354864   26.9780   102.8750      0.820   3.3    0.00    0.00  -0.19        329
20220915  11400285   26.5690   103.2560     29.850   3.3    0.00    0.00   0.04        330
20220915  13140071   26.9270   102.8270      0.510   2.5    0.00    0.00  -0.05        331
20220915  13413047   26.6140   102.9400      0.630   2.5    0.00    0.00  -0.02        332
20220915  16005690   27.3270   102.9360      1.750   2.8    0.00    0.00   0.25        333
20220915  16015384   27.0100   103.1340      8.260   2.5    0.00    0.00  -0.09        334
20220915  17410344   27.1020   102.7500      1.200   2.0    0.00    0.00   0.32        335
20220915  19542866   27.0140   103.1480      1.880   2.8    0.00    0.00   0.06        336
20220915  22344888   26.8200   102.9410      0.550   2.4    0.00    0.00   0.15        337
20220915  22350948   26.7090   103.0200      0.760   2.1    0.00    0.00   0.02        338
20220916   2311868   27.2130   102.9760      1.600   2.6    0.00    0.00   0.15        339
20220916   4131566   27.2960   102.8100      1.040   2.0    0.00    0.00   0.25        340
20220916   5035406   26.8920   103.0080      1.320   2.4    0.00    0.00   0.01        341
20220916   8395953   26.7370   103.0010      0.850   1.9    0.00    0.00   0.05        342
20220916   8455960   27.0240   102.7680      0.880   2.6    0.00    0.00   0.17        343
20220916   9542195   26.8210   103.0200      1.310   3.2    0.00    0.00   0.03        344
20220916  12335673   27.0840   102.7170      0.850   2.5    0.00    0.00   0.23        345
20220916  14571712   27.2120   102.9760      1.600   2.7    0.00    0.00   0.12        346
20220916  15143052   26.8700   103.1080     19.230   2.9    0.00    0.00  -0.01        347
20220916  15320030   27.2760   103.1000     31.000   3.0    0.00    0.00  -0.02        348
20220916  15540475   26.8520   102.9890      0.730   2.6    0.00    0.00  -0.09        349
20220916  19153566   26.9410   102.7980      1.860   2.9    0.00    0.00  -0.00        350
20220916  19502268   26.8300   103.0550     21.570   2.8    0.00    0.00  -0.00        351
20220916  21045636   26.8390   102.9040      1.040   2.4    0.00    0.00  -0.13        352
20220917   3503351   27.1220   102.9360      1.440   2.9    0.00    0.00   0.01        353
20220917   7392983   27.2030   102.9780      1.600   2.8    0.00    0.00   0.20        354
20220917   8133520   26.6360   102.7100      1.450   3.5    0.00    0.00   0.11        355
20220917   8253199   26.7430   103.1720      1.720   2.6    0.00    0.00   0.07        356
20220917   9413323   26.9820   102.7260      8.890   4.1    0.00    0.00   0.00        357
20220917  11333831   27.0610   103.0840      7.880   2.9    0.00    0.00  -0.01        358
20220917  14044518   27.0920   102.9070      1.730   2.0    0.00    0.00  -0.49        359
20220917  14362763   26.8400   102.7840      0.090   2.2    0.00    0.00  -0.13        360
20220917  17033750   26.9770   102.8920      2.090   2.3    0.00    0.00   0.01        361
20220917  17374272   26.9290   102.9450      0.910   2.2    0.00    0.00  -0.23        362
20220917  18231646   27.1210   102.9010      1.490   1.2    0.00    0.00   0.42        363
20220917  18231700   26.8630   103.0240      1.220   0.4    0.00    0.00  -0.01        364
20220917  18240594   26.8600   103.4430      3.890   3.5    0.00    0.00   0.10        365
20220917  21204792   27.4130   103.0270      2.030   4.1    0.00    0.00   0.02        366
20220918   1034783   26.9840   102.7560      0.790   2.6    0.00    0.00  -0.11        367
20220918   1550693   27.0360   102.9910      6.440   3.4    0.00    0.00  -0.03        368
20220918   2034833   26.7270   103.0260      5.080   3.1    0.00    0.00   0.00        369
20220918   5090420   26.9700   102.8670      1.100   2.9    0.00    0.00   0.54        370
20220918   5495860   27.2160   102.9590      1.770   1.3    0.00    0.00  -0.09        371
20220918   7464032   26.6500   102.9390      0.000   2.2    0.00    0.00  -0.09        372
20220918  10473210   27.2530   102.8520      1.690   3.0    0.00    0.00   0.17        373
20220918  11543807   26.6660   102.8740      0.000   2.8    0.00    0.00  -0.21        374
20220918  15131563   26.9040   103.0220      1.860   2.1    0.00    0.00  -0.26        375
20220918  15210072   26.9630   103.0220      1.400   2.9    0.00    0.00   0.10        376
20220918  16132065   27.0610   102.9460      1.510   2.2    0.00    0.00  -0.06        377
20220918  18531440   27.0580   102.9840      2.280   1.1    0.00    0.00   0.20        378
20220918  19344444   27.1120   103.2640      7.610   2.5    0.00    0.00  -0.00        379
20220918  20595400   26.9500   102.9730      1.490   0.3    0.00    0.00  -0.28        380
20220918  22140636   27.1900   102.7580      1.260   2.8    0.00    0.00   0.06        381
20220918  22441336   26.8900   103.0830      1.580   3.4    0.00    0.00  -0.00        382
20220918  22563724   27.0090   102.8270      1.060   1.0    0.00    0.00   0.02        383
20220919   3372579   27.0360   102.9300      1.610   2.7    0.00    0.00  -0.35        384
20220919  11513693   27.4070   102.9880     29.100   3.2    0.00    0.00   0.03        385
20220919  12401403   26.8040   102.9700      1.520   2.6    0.00    0.00   0.07        386
20220919  13392288   27.1510   102.7220     26.800   2.9    0.00    0.00  -0.02        387
20220919  15311982   26.6580   103.3440      6.720   3.0    0.00    0.00   0.01        388
20220919  19025564   26.5820   103.2240      1.670   2.1    0.00    0.00   0.17        389
20220919  19041226   26.8260   103.2040      2.050   0.9    0.00    0.00   0.03        390
20220919  20441616   26.7450   103.0880      1.290   2.0    0.00    0.00   0.07        391
20220919  21050762   26.9000   102.7370      0.840   2.8    0.00    0.00  -0.05        392
20220919  21140284   27.2120   102.8640      3.860   2.5    0.00    0.00   0.15        393
20220919  21363268   26.7160   102.9340      0.030   2.6    0.00    0.00   0.02        394
20220919  21412568   27.0210   102.8920     13.470   3.4    0.00    0.00  -0.00        395
20220919  22531550   26.8170   102.9850      1.110   1.8    0.00    0.00   0.11        396
20220919  23561730   26.6460   103.2740      4.250   3.1    0.00    0.00   0.05        397
20220920   2104719   27.0830   103.1130      2.040   3.3    0.00    0.00   0.01        398
20220920   2442190   27.0560   102.9030      1.270   2.8    0.00    0.00   0.04        399
20220920   6232978   26.9920   103.4070      2.990   3.8    0.00    0.00  -0.03        400
20220920   8095764   26.8410   102.9630      0.910   0.6    0.00    0.00  -0.08        401
20220920  10502727   26.7940   102.9300      0.730   2.6    0.00    0.00   0.16        402
20220920  13485728   26.6880   102.9270      0.390   2.7    0.00    0.00  -0.16        403
20220920  14110418   26.7700   103.0660      1.350   2.7    0.00    0.00   0.00        404
20220920  16034008   26.8430   102.8620      0.580   2.0    0.00    0.00   0.16        405
20220920  16132036   26.8400   103.1370      1.710   0.5    0.00    0.00   0.62        406
20220920  16133264   26.8680   102.9410      1.050   2.4    0.00    0.00  -0.04        407
20220920  19231766   26.9040   102.9970      1.750   0.7    0.00    0.00   0.03        408
20220920  20474352   26.6450   103.1090      1.290   2.2    0.00    0.00  -0.00        409
20220920  21234084   26.6850   103.0170      0.820   2.1    0.00    0.00   0.03        410
20220920  22035118   27.3380   102.9050      9.210   2.2    0.00    0.00   0.04        411
20220921    295710   27.1500   102.9530      1.540   1.3    0.00    0.00  -0.03        412
20220921    331610   27.1080   102.9190      1.520   1.5    0.00    0.00  -0.02        413
20220921   4265669   27.0510   102.7860      1.420   3.0    0.00    0.00   0.03        414
20220921   5344535   26.6720   102.3480      0.000   3.7    0.00    0.00  -0.43        415
20220921   7131764   26.7600   103.0910      1.310   1.9    0.00    0.00   0.06        416
20220921   7481238   27.1380   102.9430      1.320   2.8    0.00    0.00   0.03        417
20220921  13263254   27.0950   103.0760     15.350   2.2    0.00    0.00  -0.13        418
20220921  14175485   27.1890   102.8670      1.030   2.5    0.00    0.00   0.10        419
20220921  20265532   26.8160   103.0100      3.870   2.2    0.00    0.00  -0.00        420
20220922   4082473   26.6270   103.0300      0.860   2.3    0.00    0.00   0.34        421
20220922   4540640   26.9530   102.7460      0.710   3.2    0.00    0.00   0.01        422
20220922  11385508   26.9070   102.9910      1.390   2.7    0.00    0.00  -0.00        423
20220922  11582320   27.1590   103.1360      2.360   2.8    0.00    0.00   0.23        424
20220922  15124107   26.6870   102.8730     31.000   3.5    0.00    0.00   0.01        425
20220922  18042356   26.9570   102.9150      0.910   1.4    0.00    0.00   0.31        426
20220922  18342670   26.5340   103.0630      0.880   2.0    0.00    0.00   0.36        427
20220922  19402200   26.7830   103.1700      1.760   2.2    0.00    0.00   0.13        428
20220922  20032950   27.0900   103.0080      1.570   2.1    0.00    0.00  -0.04        429
20220923   5381312   26.6780   102.9960      0.620   3.0    0.00    0.00   0.23        430
20220923   9474654   27.1500   103.0210      1.680   3.0    0.00    0.00  -0.02        431
20220923  10234211   26.7940   102.9880      1.080   3.4    0.00    0.00   0.04        432
20220923  11522966   26.7010   103.0010     29.220   3.1    0.00    0.00   0.03        433
20220923  13332847   27.0700   102.5570      0.000   2.9    0.00    0.00   0.13        434
20220923  18285330   27.0370   102.6730     27.680   3.2    0.00    0.00  -0.00        435
20220924   1030107   26.7430   103.2010      1.810   2.2    0.00    0.00  -0.00        436
20220924   1231740   26.9760   102.8000      0.550   1.5    0.00    0.00   0.29        437
20220924   1232349   27.0370   102.9680     11.410   3.1    0.00    0.00   0.00        438
20220924   1453366   27.2900   103.0020      2.300   2.9    0.00    0.00   0.16        439
20220924   3153265   27.0840   102.9330      1.420   3.2    0.00    0.00   0.05        440
20220924   3563209   27.1730   102.9020     26.700   1.5    0.00    0.00   0.13        441
20220924   4480355   26.8580   103.0910      1.820   2.4    0.00    0.00  -0.03        442
20220924   5432667   26.4910   102.8670     30.240   3.6    0.00    0.00  -0.05        443
20220924   7415532   27.0400   102.7870      0.980   2.6    0.00    0.00   0.23        444
20220924   7531526   27.1180   103.1070      2.050   2.1    0.00    0.00   0.26        445
20220924  16131091   26.8480   103.1490      1.520   1.6    0.00    0.00  -0.88        446
20220924  16251408   26.5570   103.1580      1.110   3.2    0.00    0.00   0.51        447
20220924  21151128   26.9940   102.7260      0.710   1.8    0.00    0.00   0.17        448
20220924  21272792   26.6370   103.1780      1.650   2.0    0.00    0.00   0.30        449
20220924  22431486   27.0360   103.0240      2.060   1.8    0.00    0.00   0.86        450
20220924  23053206   26.4910   103.0990      0.960   2.8    0.00    0.00  -0.26        451
20220924  23234044   27.0270   103.0070      1.460   2.7    0.00    0.00  -0.11        452
20220924  23253984   26.9680   102.9800      1.200   2.4    0.00    0.00   0.05        453
20220924  23595346   27.0420   102.9460      1.460   1.1    0.00    0.00  -0.10        454
20220925   1310240   26.7160   103.0520     17.740   3.1    0.00    0.00  -0.04        455
20220925   8203054   26.8260   102.9730      0.960   2.8    0.00    0.00   0.10        456
20220925   9131758   26.8450   103.0040      1.340   2.1    0.00    0.00  -0.13        457
20220925  14270674   26.8180   102.8870      0.570   2.8    0.00    0.00  -0.06        458
20220925  17032800   26.7860   103.2880      0.920   2.7    0.00    0.00   0.12        459
20220925  17262618   27.5090   103.1470     31.000   2.0    0.00    0.00  -0.11        460
20220925  17535440   26.6450   103.3290      1.900   2.4    0.00    0.00   0.07        461
20220925  20574836   26.7910   102.7050      0.040   2.8    0.00    0.00  -0.12        462
20220925  23155472   26.9260   102.9640      1.230   2.4    0.00    0.00  -0.00        463
20220926   2441453   26.8990   103.0390      1.290   2.9    0.00    0.00   0.03        464
20220926   3035717   27.0610   102.8470      0.380   3.6    0.00    0.00   0.07        465
20220926   4370167   26.8530   102.9310      0.480   3.1    0.00    0.00   0.01        466
20220926   5140996   26.6970   103.0140      0.790   3.5    0.00    0.00   0.35        467
20220926  10531127   26.8120   102.9410      0.790   1.8    0.00    0.00   0.14        468
20220926  13332737   26.8470   102.9700      0.850   2.8    0.00    0.00  -0.02        469
20220926  14540684   26.7700   102.9710      0.940   2.6    0.00    0.00  -0.69        470
20220926  16342840   26.9050   103.0470      1.540   3.1    0.00    0.00   0.10        471
20220926  20131672   26.8770   103.0170      1.310   0.7    0.00    0.00  -0.03        472
20220926  20534852   26.8360   103.1360      1.700   1.2    0.00    0.00   0.29        473
20220926  22083816   27.2030   102.8820      1.660   2.4    0.00    0.00   0.03        474
20220926  23031688   27.0750   102.8980      0.820   1.4    0.00    0.00   0.26        475
20220926  23035360   26.9030   103.0700      1.440   2.5    0.00    0.00   0.07        476
20220926  23402172   26.9680   102.9300      1.220   1.5    0.00    0.00   0.29        477
20220927    145999   26.6100   103.1540      1.290   2.7    0.00    0.00   0.00        478
20220927   5534143   26.8210   102.7880      0.560   3.2    0.00    0.00  -0.00        479
20220927   6463277   27.2660   102.9060      1.780   2.2    0.00    0.00  -0.04        480
20220927   9251662   27.0060   102.9420      1.100   2.9    0.00    0.00   0.01        481
20220927  10145679   26.8450   103.0610      0.000   2.7    0.00    0.00   0.09        482
20220927  11215188   26.9090   102.9230      1.060   2.9    0.00    0.00   0.07        483
20220927  12573481   26.5810   102.9520     19.080   2.6    0.00    0.00   0.01        484
20220927  13545106   27.1790   103.2420      1.240   3.2    0.00    0.00  -0.06        485
20220927  14045611   26.8110   103.1360      8.830   2.5    0.00    0.00  -0.00        486
20220927  17331646   27.1250   102.8850      1.470   0.5    0.00    0.00   0.00        487
20220927  18240856   27.0900   102.7230      0.910   2.3    0.00    0.00   0.02        488
20220927  19231884   27.2310   102.9600      1.810   0.0    0.00    0.00  -0.05        489
20220927  20133148   27.1910   102.8100      1.260   2.8    0.00    0.00   0.17        490
20220927  22031788   27.0890   102.7780      1.590   1.8    0.00    0.00   0.38        491
20220927  23081304   27.1120   102.8510      1.380   2.6    0.00    0.00   0.04        492
20220927  23233380   26.8440   102.6940      0.350   2.4    0.00    0.00   0.05        493
20220928   2331518   27.0400   102.9490      1.940   1.2    0.00    0.00   0.33        494
20220928   2434547   27.0270   102.9210      1.290   2.9    0.00    0.00   0.20        495
20220928   2531854   27.0500   102.7780      1.010   2.2    0.00    0.00  -0.03        496
20220928   5561331   27.3590   102.9130      2.040   2.6    0.00    0.00   0.13        497
20220928   6422566   27.4240   103.2500     31.000   4.0    0.00    0.00   0.30        498
20220928  10373736   27.1920   103.1330      4.510   2.9    0.00    0.00  -0.04        499
20220928  11074265   26.8620   102.9220      0.480   2.7    0.00    0.00   0.36        500
20220928  11415841   27.3650   102.7920      1.470   2.9    0.00    0.00   0.02        501
20220928  12123713   27.1890   103.0440      1.830   1.9    0.00    0.00   0.01        502
20220928  13150738   27.0990   102.9710      1.130   2.8    0.00    0.00   0.63        503
20220928  15151093   27.0380   102.8260      1.110   1.7    0.00    0.00  -0.08        504
20220928  15282600   26.5300   103.4440      0.000   4.0    0.00    0.00   0.03        505
20220928  17433560   26.7150   102.9450      0.000   2.7    0.00    0.00  -0.00        506
20220928  18363772   26.8430   102.9820      0.860   1.8    0.00    0.00   0.03        507
20220928  20504408   26.6840   103.1220      1.290   1.2    0.00    0.00   0.12        508
20220928  21031780   26.6420   103.0310      0.720   0.9    0.00    0.00   0.33        509
20220928  22473788   26.8950   103.0860      1.630   2.1    0.00    0.00   0.05        510
20220929    374580   26.7310   103.0620      1.250   2.8    0.00    0.00   0.01        511
20220929   1244601   26.6760   102.7520      0.840   3.1    0.00    0.00  -0.09        512
20220929   3205649   26.8450   102.5250      0.000   3.7    0.00    0.00   0.01        513
20220929   7412606   26.8740   102.6150      0.820   3.3    0.00    0.00  -0.11        514
20220929   7443699   26.7620   102.9400      0.640   2.4    0.00    0.00   0.08        515
20220929   7481114   26.9360   103.0210      1.230   3.2    0.00    0.00   0.00        516
20220929   8502370   27.1770   102.8860      1.920   2.4    0.00    0.00  -0.02        517
20220929   9523620   27.0540   102.8670      0.950   2.9    0.00    0.00   0.09        518
20220929  12160383   27.2490   102.7820      1.610   2.8    0.00    0.00   0.07        519
20220929  14112615   27.1110   102.6570      0.800   3.3    0.00    0.00   0.05        520
20220929  14335092   26.5880   103.0770      1.000   1.8    0.00    0.00   0.06        521
20220929  16302293   26.8590   102.9570     12.740   2.8    0.00    0.00  -0.05        522
20220929  17233888   27.0580   102.8390      7.590   2.1    0.00    0.00   0.00        523
20220929  18313772   26.9970   102.8210      0.690   2.7    0.00    0.00   0.03        524
20220929  19134366   27.0100   102.8200      0.940   2.0    0.00    0.00   0.05        525
20220929  20432392   26.8980   102.8020      0.800   3.3    0.00    0.00   0.03        526
20220929  21173014   27.1620   102.9040      1.360   2.6    0.00    0.00   0.02        527
20220929  22063888   26.8090   102.9830      0.880   1.7    0.00    0.00   0.39        528
20220929  23084112   26.9190   102.9270      1.070   2.6    0.00    0.00  -0.05        529
20220929  23521828   27.1690   102.9080      1.450   3.0    0.00    0.00   0.08        530
20220930    365068   26.8400   103.0750      0.810   3.2    0.00    0.00   0.10        531
20220930   2174076   26.9410   102.6750      0.560   3.8    0.00    0.00  -0.11        532
20220930   6131205   27.1570   102.3010     31.000   4.2    0.00    0.00  -0.06        533
20220930   8463878   27.2070   102.9770      1.660   2.0    0.00    0.00  -0.02        534
20220930   9375325   26.5960   103.0700      1.030   3.2    0.00    0.00  -0.25        535
20220930   9495894   27.2360   102.9610      1.790   1.2    0.00    0.00   0.10        536
20220930  10420758   26.9350   102.8600     11.240   3.3    0.00    0.00  -0.00        537
20220930  14453437   26.8680   102.9260      1.000   2.4    0.00    0.00   0.07        538
20220930  15041754   26.9840   102.8420      1.160   2.1    0.00    0.00   0.00        539
20220930  16232229   26.4910   102.8950     31.000   2.4    0.00    0.00   0.14        540
20220930  16571994   26.9580   103.2850      0.000   2.6    0.00    0.00   0.07        541
20220930  18334492   26.7420   102.6340     31.000   3.3    0.00    0.00  -0.11        542
20220930  20384436   26.6630   103.1090      1.260   2.2    0.00    0.00  -0.01        543
20220930  21131260   26.9190   102.9250      0.860  -0.1    0.00    0.00   0.23        544
20220930  21400572   26.6140   103.2060     18.280   3.3    0.00    0.00  -0.02        545
20220930  23374452   27.2150   103.0950      1.780   3.8    0.00    0.00   0.18        546
20221001   2073414   27.3660   103.0190      1.910   3.0    0.00    0.00   0.03        547
20221001   3084956   26.4910   103.3270      1.070   3.2    0.00    0.00   0.11        548
20221001   4320970   26.8400   103.1370      1.710   2.5    0.00    0.00   0.76        549
20221001   8431596   26.8440   102.8740      0.750   1.9    0.00    0.00  -0.01        550
20221001   9131074   26.8490   103.0560     29.330   2.2    0.00    0.00  -0.44        551
20221001  10034350   27.2170   103.0090      1.770   2.6    0.00    0.00  -0.06        552
20221001  11051415   27.1850   102.9820     14.080   2.8    0.00    0.00  -0.00        553
20221001  15131705   26.8940   103.0360      1.340   0.9    0.00    0.00  -0.01        554
20221001  16534964   26.7560   103.2290     12.180   2.8    0.00    0.00   0.11        555
20221001  17411968   27.2780   102.8710     27.110   2.9    0.00    0.00  -0.01        556
20221002   2390647   26.9240   102.8640     15.760   2.6    0.00    0.00   0.00        557
20221002   5095706   26.8940   103.0360      1.350   0.9    0.00    0.00   0.05        558
20221002   5105360   26.6090   103.0220      0.820   2.9    0.00    0.00  -0.03        559
20221002   6103913   26.8700   102.8510     19.710   3.0    0.00    0.00  -0.00        560
20221002  10322415   26.9390   102.9510      1.180   2.6    0.00    0.00   0.02        561
20221002  11263635   27.1070   102.9320      0.950   1.3    0.00    0.00  -0.25        562
20221002  12441636   27.2940   102.9860      1.810   2.3    0.00    0.00   0.15        563
20221002  13292870   26.8730   103.0440      1.410   2.2    0.00    0.00   0.01        564
20221002  13440125   26.8000   103.3620     31.000   3.7    0.00    0.00   0.03        565
20221002  14342275   27.5090   103.5230      5.230   3.6    0.00    0.00  -0.35        566
20221002  16081905   27.3530   102.7090     30.920   3.1    0.00    0.00   0.12        567
20221002  16253547   27.0150   102.9020      1.240   3.0    0.00    0.00   0.07        568
20221002  19141492   27.3140   103.0720      2.480   2.5    0.00    0.00   0.04        569
20221002  21045264   26.8420   103.0440      1.430   2.7    0.00    0.00   0.09        570
20221002  21231746   26.8510   102.9920      1.030   1.2    0.00    0.00   0.03        571
20221002  21501372   26.8800   103.0620      2.450   1.9    0.00    0.00  -0.10        572
20221002  21563460   27.0660   102.9480      1.660   0.4    0.00    0.00  -0.84        573
20221002  23431648   26.8800   103.0280      1.360   2.1    0.00    0.00   0.08        574
20221002  23523670   26.8760   103.1720      1.960   2.6    0.00    0.00   0.65        575
20221003   4162908   26.7670   102.8430     31.000   3.1    0.00    0.00   0.11        576
20221003   6423266   27.2210   102.9880      1.720   3.1    0.00    0.00   0.19        577
20221003  14550046   27.0950   102.8960      1.450   2.8    0.00    0.00  -0.06        578
20221003  22210808   27.0300   102.7640      0.890   2.6    0.00    0.00   0.00        579
20221004    331556   27.1000   102.8700      1.380   1.0    0.00    0.00  -0.01        580
20221004    331727   26.8490   103.0360      1.300   1.1    0.00    0.00  -0.01        581
20221004    521858   26.8530   103.1410      1.750   2.9    0.00    0.00   0.38        582
20221004   1312456   26.8980   103.0320      0.520   3.2    0.00    0.00   0.09        583
20221004   7131738   26.8590   102.9810      1.270   1.9    0.00    0.00  -0.04        584
20221004   7133743   27.0630   102.8910      1.220   3.0    0.00    0.00   0.01        585
20221004   7255051   26.8900   102.7850      7.400   3.1    0.00    0.00  -0.03        586
20221004   7270371   26.9220   103.0870      0.000   3.3    0.00    0.00   0.31        587
20221004   8080158   26.7220   102.9650      0.630   2.3    0.00    0.00   0.26        588
20221004  12183898   27.0670   102.8060      1.040   2.8    0.00    0.00   0.02        589
20221004  14204822   26.9080   102.9250      0.830   1.8    0.00    0.00   0.51        590
20221004  15314267   27.1650   102.9050      1.180   3.1    0.00    0.00   0.39        591
20221004  16155345   27.2470   103.0010      1.770   1.2    0.00    0.00   0.36        592
20221004  17072600   27.0810   103.0260      4.990   2.4    0.00    0.00  -0.06        593
20221004  17531624   27.1540   102.8130      1.350   1.0    0.00    0.00   0.06        594
20221004  21422516   27.2920   102.9730      2.040   3.1    0.00    0.00   0.34        595
20221004  23231940   26.8530   102.8170      0.300   2.9    0.00    0.00   0.04        596
20221005    162007   26.7270   103.1960      1.790   2.5    0.00    0.00   0.04        597
20221005   1231724   27.0080   102.8290      1.070   1.1    0.00    0.00   0.02        598
20221005   1533786   26.7760   102.7030      0.000   3.3    0.00    0.00   0.03        599
20221005   2431844   27.3070   102.9670      2.000   0.7    0.00    0.00   0.91        600
20221005   3035297   26.7590   103.0220      0.990   1.8    0.00    0.00   0.00        601
20221005   6422711   27.0800   102.8920      1.300   2.8    0.00    0.00   0.01        602
20221005   7050037   26.7480   102.9820      0.530   3.3    0.00    0.00   0.12        603
20221005   7181370   26.7340   103.1570      1.580   3.3    0.00    0.00   0.21        604
20221005   8201745   26.9400   103.0120      1.330   3.0    0.00    0.00   0.06        605
20221005   8485095   27.2260   102.8830     20.760   3.4    0.00    0.00   0.00        606
20221005  18181834   27.2560   103.1590      2.040   2.7    0.00    0.00   0.10        607
20221005  20234400   27.2300   103.0720     14.590   2.2    0.00    0.00  -0.01        608
20221005  23495560   26.6510   102.9270      0.440   1.9    0.00    0.00   0.26        609
20221006    395334   27.0210   102.9630     31.000   2.0    0.00    0.00   0.17        610
20221006   2183491   26.4910   102.8420      0.000   3.4    0.00    0.00  -0.89        611
20221006   2253793   27.1970   103.1290      2.140   3.2    0.00    0.00  -0.17        612
20221006   6042759   26.9460   102.9300      1.150   2.6    0.00    0.00  -0.10        613
20221006   6595386   27.0420   103.0640      1.720   1.4    0.00    0.00  -0.00        614
20221006   8040143   27.2580   102.9240      1.910   2.0    0.00    0.00   0.80        615
20221006  11033325   27.2180   102.9900      1.710   3.0    0.00    0.00   0.02        616
20221006  12335759   26.6950   103.0020     11.130   2.9    0.00    0.00   0.09        617
20221006  13124127   27.0730   102.7560      1.570   3.2    0.00    0.00   0.10        618
20221006  13380191   26.5670   102.9110      0.460   2.9    0.00    0.00   0.05        619
20221006  16391858   26.4910   102.9570      0.120   2.9    0.00    0.00   0.14        620
20221006  18044200   27.2540   103.1720     12.280   3.3    0.00    0.00  -0.10        621
20221006  18342834   26.7080   102.9990      0.850   3.5    0.00    0.00   0.00        622
20221006  18501564   26.5760   103.0740      6.680   2.2    0.00    0.00   0.03        623
20221006  19231716   26.9220   103.0140      2.070   0.7    0.00    0.00  -0.08        624
20221006  19545124   26.9630   102.9420      1.170   1.9    0.00    0.00  -0.09        625
20221006  20503360   26.9400   102.8560      0.620   2.2    0.00    0.00   0.03        626
20221006  22132416   26.4910   103.3050      3.670   3.5    0.00    0.00  -0.45        627
20221007    360792   26.5230   102.8340      3.130   3.7    0.00    0.00  -0.01        628
20221007   8231701   26.6750   103.0620      1.040   1.0    0.00    0.00   0.54        629
20221007   8235141   26.5980   103.4820      2.520   3.8    0.00    0.00   0.10        630
20221007   8314513   26.9610   102.9380     11.100   3.2    0.00    0.00  -0.01        631
20221007  10003091   27.0270   103.0180      1.670   3.1    0.00    0.00   0.08        632
20221007  14150142   27.1700   103.1570      2.190   2.9    0.00    0.00   0.30        633
20221007  14434615   27.1700   102.9690      1.630   1.8    0.00    0.00   0.04        634
20221007  15251222   27.3160   103.2440      2.620   3.1    0.00    0.00   0.39        635
20221007  17031732   26.8410   103.0430      1.170   2.3    0.00    0.00   0.11        636
20221007  17290172   27.0470   102.9260      1.310   2.2    0.00    0.00   0.06        637
20221007  17335246   26.8130   103.0380      2.110   2.9    0.00    0.00  -0.06        638
20221007  21031194   26.7910   103.0000      0.890   1.1    0.00    0.00  -0.21        639
20221007  23443788   26.7000   102.9410      5.020   3.3    0.00    0.00   0.04        640
20221008   8242245   26.5740   103.0580      0.930   2.4    0.00    0.00   0.14        641
20221008   9255709   26.8920   102.8440      0.600   2.5    0.00    0.00   0.30        642
20221008  12232797   26.4910   103.0290      0.500   2.8    0.00    0.00   0.24        643
20221008  14185989   27.1360   102.6760      0.960   2.3    0.00    0.00   0.34        644
20221008  14542692   26.9440   103.0140      1.340   2.5    0.00    0.00   0.04        645
20221008  16263057   27.3060   102.9940      2.550   1.6    0.00    0.00   0.10        646
20221008  17231468   27.0750   102.9840      1.550   1.4    0.00    0.00  -0.14        647
20221008  18461184   26.9590   102.9560      1.250   2.3    0.00    0.00   0.06        648
20221008  21241264   27.0160   102.9030      1.220   2.2    0.00    0.00   0.74        649
20221008  21531154   26.9070   103.0990     29.030   1.8    0.00    0.00   0.14        650
20221008  22033980   27.2340   102.7450      1.100   3.1    0.00    0.00  -0.01        651
20221009    252081   27.2060   103.1050      1.570   2.4    0.00    0.00  -0.08        652
20221009    450712   27.3040   102.9190      2.010   2.9    0.00    0.00   0.51        653
20221009   1374569   26.7660   102.9540      0.720   2.6    0.00    0.00   0.06        654
20221009   1552409   27.1660   103.0680      1.940   2.7    0.00    0.00   0.36        655
20221009   2231573   27.1020   102.9400      1.440   2.0    0.00    0.00  -0.17        656
20221009   3043548   27.3090   102.9320      1.950   2.6    0.00    0.00   0.08        657
20221009   3480417   27.0050   102.5700      0.820   2.8    0.00    0.00   0.07        658
20221009   5054145   27.2140   103.6050      4.710   3.6    0.00    0.00   0.24        659
20221009   7120836   26.7850   103.0440      1.140   2.6    0.00    0.00   0.03        660
20221009   8034715   27.4010   103.3380     21.530   3.5    0.00    0.00   0.08        661
20221009   9251185   26.8930   103.1110      1.640   2.9    0.00    0.00   0.05        662
20221009  11371495   26.5490   103.0190      0.740   2.2    0.00    0.00   0.09        663
20221009  12433461   27.0880   102.7130      0.980   2.8    0.00    0.00   0.02        664
20221009  13335128   27.0240   102.5450      1.870   3.0    0.00    0.00   0.83        665
20221009  15141525   26.8920   103.0010      1.170   2.6    0.00    0.00   0.04        666
20221009  19401190   26.7120   103.1280      1.130   2.7    0.00    0.00  -0.03        667
20221009  21231650   26.9500   102.8210      0.820   2.1    0.00    0.00   0.01        668
20221009  21240384   26.8120   102.8260      0.540   2.2    0.00    0.00   0.04        669
20221009  22140998   26.9190   102.9250      0.860   0.8    0.00    0.00   0.35        670
20221010   2233547   27.1920   102.8820      1.430   2.8    0.00    0.00   0.01        671
20221010   3350194   26.8010   102.9280     12.910   3.7    0.00    0.00  -0.01        672
20221010   4495581   27.0810   102.7380      0.970   1.8    0.00    0.00   0.34        673
20221010   4595638   26.9250   103.0550      1.610   1.7    0.00    0.00   0.06        674
20221010   6043819   27.0390   102.9150      1.320   3.0    0.00    0.00   0.37        675
20221010   7014910   26.4910   101.9910      0.000   4.1    0.00    0.00  -0.33        676
20221010   7571891   26.9580   102.9260      1.170   2.8    0.00    0.00   0.17        677
20221010  11245924   26.9130   103.0680      1.650   2.2    0.00    0.00  -0.02        678
20221010  12202353   26.9840   101.9910      0.820   4.0    0.00    0.00  -0.31        679
20221010  14163259   26.9910   102.9610      1.340  -0.3    0.00    0.00  -0.08        680
20221010  15334124   27.2270   103.2090      2.790   3.0    0.00    0.00   0.08        681
20221010  16240146   26.8140   103.1610      1.760   1.7    0.00    0.00   0.19        682
20221010  16563873   26.8860   102.9550      1.170   0.8    0.00    0.00   0.12        683
20221010  17353550   26.8960   102.8750      0.000   2.0    0.00    0.00  -0.14        684
20221010  19021988   26.5030   103.0710      0.850   2.8    0.00    0.00   0.28        685
20221011   1053159   27.1430   102.5470      0.640   3.2    0.00    0.00   0.14        686
20221011   1385472   27.1980   102.9090      0.000   2.0    0.00    0.00  -0.02        687
20221011   3224081   26.9500   102.9820      0.000   2.9    0.00    0.00   0.00        688
20221011   5055673   26.9190   103.0630      1.080   3.5    0.00    0.00   0.97        689
20221011  10531758   27.0370   102.8190      1.090   2.5    0.00    0.00   0.05        690
20221011  11195689   26.8520   103.0210      1.180   0.1    0.00    0.00  -0.03        691
20221011  11495566   27.1340   102.8210      1.240   0.9    0.00    0.00  -0.07        692
20221011  16432334   26.5150   102.9070      0.040   3.2    0.00    0.00  -0.14        693
20221011  19222996   27.3440   102.8080      1.490   3.1    0.00    0.00   0.10        694
20221011  20475686   27.2290   103.2320      2.280   3.1    0.00    0.00  -0.02        695
20221012   1231538   27.1120   102.8500      1.800   1.4    0.00    0.00   0.09        696
20221012   2320158   27.0820   102.6570      0.830   2.8    0.00    0.00   0.42        697
20221012   2444238   27.1290   102.9200      1.560   2.7    0.00    0.00   0.03        698
20221012   2563703   26.8950   103.0370      1.350   1.6    0.00    0.00   0.00        699
20221012   3334970   27.0030   102.9620      9.780   2.7    0.00    0.00   0.01        700
20221012   4543864   26.9320   103.0050      1.050   2.7    0.00    0.00   0.26        701
20221012   6402030   27.1580   102.9470      2.270   2.8    0.00    0.00   0.00        702
20221012   6452020   26.5660   103.1660      0.710   2.8    0.00    0.00  -0.04        703
20221012  11280865   27.1060   102.8860     27.120   3.4    0.00    0.00  -0.02        704
20221012  12390092   26.7250   103.0260      1.060   3.4    0.00    0.00   0.09        705
20221012  15014679   26.8320   102.8580      0.830   2.7    0.00    0.00   0.45        706
20221012  16263959   26.7610   103.0140      0.940   0.8    0.00    0.00   0.11        707
20221012  19034536   27.1410   102.9380      1.710   1.7    0.00    0.00   0.01        708
20221012  19042896   26.7520   102.9160      0.000   1.9    0.00    0.00  -0.23        709
20221012  20204436   26.7260   103.0540      1.060   2.0    0.00    0.00   0.23        710
20221012  20240864   27.0050   102.7410      0.000   1.7    0.00    0.00  -0.08        711
20221012  23075340   27.1620   102.5620      0.320   3.5    0.00    0.00  -0.08        712
20221013   2213964   26.5970   103.1830      1.510   3.0    0.00    0.00   0.18        713
20221013   3390782   26.8090   103.0410      0.970   3.2    0.00    0.00   0.03        714
20221013   4211129   26.8940   103.1420      1.570   3.8    0.00    0.00   0.07        715
20221013   7534432   26.7260   103.0190      6.520   2.8    0.00    0.00   0.18        716
20221013  10183534   26.7150   103.1410      0.000   3.2    0.00    0.00   0.01        717
20221013  12241209   27.0270   102.9570      1.260   2.2    0.00    0.00   0.05        718
20221013  14375870   26.6830   103.0630     23.120   2.6    0.00    0.00  -0.03        719
20221013  15104230   27.0620   103.0030      1.730   1.9    0.00    0.00  -0.15        720
20221013  16563564   26.8050   102.8520      0.790   1.2    0.00    0.00   0.29        721
20221013  18325924   26.5140   103.6540      0.000   2.0    0.00    0.00  -0.26        722
20221013  18420750   26.7660   103.0680      1.320   2.5    0.00    0.00  -0.01        723
20221013  21534414   26.9960   102.6650      0.530   2.5    0.00    0.00   0.04        724
20221014    514584   26.7470   103.1200      1.420   2.5    0.00    0.00   0.04        725
20221014   1412545   26.6360   102.7540      0.000   3.7    0.00    0.00  -0.01        726
20221014   2532636   26.8890   102.7380      0.650   3.2    0.00    0.00   0.03        727
20221014   4043631   27.2960   103.0220     11.630   3.0    0.00    0.00  -0.01        728
20221014   5343643   26.9640   102.9820      1.230   3.1    0.00    0.00   0.03        729
20221014   6422800   26.7160   103.0980     13.010   3.0    0.00    0.00  -0.04        730
20221014   8541183   27.1240   102.7170      1.000   3.3    0.00    0.00   0.09        731
20221014  10371145   26.8280   103.1060     15.080   2.2    0.00    0.00  -0.08        732
20221014  13282781   27.0090   103.0250      1.160   3.3    0.00    0.00  -0.03        733
20221014  17595092   27.0660   102.7090      0.900   1.5    0.00    0.00   0.41        734
20221014  18515376   27.2640   103.0850      2.150   2.7    0.00    0.00  -0.00        735
20221014  18565980   26.9190   102.9250      0.860   2.0    0.00    0.00   0.82        736
20221014  19103048   27.0840   103.0180     31.000   3.0    0.00    0.00   0.00        737
20221014  21263826   26.7150   103.0480      1.080   2.0    0.00    0.00   0.18        738
20221015     51533   27.3340   102.9090      2.120   2.9    0.00    0.00   0.33        739
20221015    310240   27.0700   102.7180     11.070   2.9    0.00    0.00   0.03        740
20221015   1041040   26.9150   103.1290      6.680   3.5    0.00    0.00   0.00        741
20221015   1465730   26.9690   103.1870      2.210   2.9    0.00    0.00   0.21        742
20221015   2144856   26.7670   102.9030     31.000   3.1    0.00    0.00   0.05        743
20221015   2435188   26.7500   103.0090      0.870   1.5    0.00    0.00   0.23        744
20221015   3175645   26.5490   102.8970      0.150   4.3    0.00    0.00   0.23        745
20221015   3225965   26.7340   102.9540      0.600   3.7    0.00    0.00   0.42        746
20221015   3442752   26.7380   103.0950     19.640   3.0    0.00    0.00   0.00        747
20221015   4285216   26.6730   103.7950     31.000   4.2    0.00    0.00  -0.00        748
20221015   4564755   26.8400   102.7830     11.940   3.2    0.00    0.00   0.04        749
20221015   6403115   27.2550   102.8450      1.660   3.0    0.00    0.00   0.21        750
20221015  16423773   26.9920   103.0410      1.550   2.8    0.00    0.00   0.03        751
20221015  17042180   27.0720   102.7260      0.890   2.3    0.00    0.00  -0.01        752
20221015  18411812   26.9760   102.9450     14.250   2.7    0.00    0.00   0.01        753
20221015  18514946   26.7650   102.9970      0.860   2.0    0.00    0.00   0.21        754
20221015  19495968   26.9090   102.9030      0.850   1.9    0.00    0.00   0.23        755
20221015  21034596   27.3240   103.8130     31.000   3.7    0.00    0.00   0.01        756
20221015  23084484   26.7670   103.0050      0.920   1.4    0.00    0.00  -0.02        757
20221015  23284604   27.0390   103.0190      1.630   2.9    0.00    0.00  -0.11        758
20221016   3090982   26.8570   103.1730     10.570   2.0    0.00    0.00   0.06        759
20221016   3203762   26.9490   103.1410      4.010   2.9    0.00    0.00  -0.43        760
20221016   5070380   26.6520   103.0270      0.980   2.6    0.00    0.00   0.08        761
20221016  10263687   26.9520   102.8130      0.540   2.0    0.00    0.00   0.20        762
20221016  16073035   26.8720   102.9450      0.830   2.9    0.00    0.00   0.20        763
20221016  16240740   27.1730   102.7920      1.010   3.5    0.00    0.00  -0.10        764
20221016  21433450   26.9880   103.0000      1.390   3.5    0.00    0.00   0.06        765
20221016  22355584   26.9370   103.2080      2.640   2.9    0.00    0.00   0.01        766
20221017   1242248   26.9760   103.0410      1.620   3.2    0.00    0.00   0.19        767
20221017   5431016   26.9320   102.6300      0.640   2.3    0.00    0.00  -0.03        768
20221017   6395477   26.7590   102.9820      0.870   1.2    0.00    0.00   0.02        769
20221017   6410358   27.0830   103.2840      0.900   3.6    0.00    0.00  -0.48        770
20221017   7510854   27.3750   102.9500      2.310   3.3    0.00    0.00   0.06        771
20221017  14222864   26.9640   102.9650      1.540   3.3    0.00    0.00   0.41        772
20221017  14233319   26.9420   102.9020      0.810   3.1    0.00    0.00  -0.10        773
20221017  18544978   26.9740   102.9020      0.870   2.8    0.00    0.00   0.42        774
20221017  19431236   26.9970   102.9400      1.310   1.0    0.00    0.00  -0.09        775
20221017  19441164   27.0550   102.9130      1.110   1.8    0.00    0.00   0.27        776
20221017  20531622   27.0810   102.8560      1.210   1.7    0.00    0.00   0.05        777
20221017  21231552   26.7500   103.0090      0.970   0.7    0.00    0.00  -0.10        778
20221017  22374824   27.0210   102.7040      0.660   2.6    0.00    0.00   0.21        779
20221018      4913   26.8340   103.0290      1.200   2.8    0.00    0.00   0.14        780
20221018    140220   27.0240   102.8750      1.040   3.1    0.00    0.00   0.04        781
20221018   2291099   26.8830   102.7980      0.000   3.1    0.00    0.00  -0.08        782
20221018   3145230   27.3180   102.7640      1.640   3.0    0.00    0.00   0.05        783
20221018   5213341   27.0470   102.7250      0.870   3.0    0.00    0.00   0.48        784
20221018   6451482   27.1470   103.0020      1.810   1.6    0.00    0.00  -0.05        785
20221018   8435599   26.8360   102.9580      0.700   3.1    0.00    0.00   0.22        786
20221018   8505548   26.5920   102.9740      0.520   3.6    0.00    0.00   0.12        787
20221018  14341504   26.9620   103.1790      2.090   2.1    0.00    0.00   0.24        788
20221018  16414700   27.2330   102.9750      5.420   1.7    0.00    0.00  -0.02        789
20221018  17153818   27.0300   102.9750      1.350   2.5    0.00    0.00   0.23        790
20221018  19045228   26.7460   102.9860      0.870   2.4    0.00    0.00   0.14        791
20221018  22341556   26.5330   102.9570      7.450   2.8    0.00    0.00  -0.07        792
20221019     44057   26.7910   103.1210      1.560   2.3    0.00    0.00   0.17        793
20221019    131460   27.0710   102.9110      2.060   1.2    0.00    0.00  -0.06        794
20221019   3085774   26.9270   102.7840     16.090   3.0    0.00    0.00   0.06        795
20221019   4154547   27.1600   102.9820      1.440   2.2    0.00    0.00  -0.28        796
20221019   5091503   27.1980   102.8080      1.220   2.5    0.00    0.00  -0.05        797
20221019   6035871   26.9400   102.9030      0.820   3.7    0.00    0.00  -0.03        798
20221019   6190194   27.0840   102.8690      0.900   3.1    0.00    0.00   0.01        799
20221019   6350317   26.7690   103.1330      1.580   2.9    0.00    0.00   0.05        800
20221019   7515872   26.7260   102.8230      0.350   2.9    0.00    0.00  -0.47        801
20221019   9052593   27.0430   102.8810      1.020   2.7    0.00    0.00  -0.15        802
20221019  10142835   27.1330   102.7260      1.060   4.3    0.00    0.00   0.24        803
20221019  11131493   27.0630   103.0450      0.000   1.5    0.00    0.00  -0.25        804
20221019  11251407   27.2430   103.0600      1.680   2.2    0.00    0.00  -0.36        805
20221019  11582186   27.1310   102.7320      1.050   2.9    0.00    0.00   0.60        806
20221019  12595751   26.9250   103.0120      1.460   0.7    0.00    0.00   0.07        807
20221019  13004869   27.2540   102.9220      1.890   0.9    0.00    0.00   0.69        808
20221019  14251196   26.8400   102.8660      0.880   2.0    0.00    0.00   0.03        809
20221019  14433797   27.0660   103.1930     12.060   2.8    0.00    0.00   0.01        810
20221019  14464608   26.5080   102.9540      0.890   3.0    0.00    0.00   0.20        811
20221019  18335662   26.6310   102.8490     31.000   2.2    0.00    0.00  -0.04        812
20221019  18340542   26.6120   102.9470      1.030   2.8    0.00    0.00  -0.38        813
20221019  19590256   26.8170   102.6540      0.160   2.2    0.00    0.00  -0.80        814
20221019  20504040   27.0430   102.9070      1.260   3.1    0.00    0.00   0.23        815
20221019  21133534   26.8900   103.1170      0.950   2.4    0.00    0.00  -0.62        816
20221019  21180518   27.3830   102.9020     30.170   2.8    0.00    0.00  -0.09        817
20221019  21343472   26.7500   103.0810      1.140   1.7    0.00    0.00  -0.12        818
20221019  22201440   26.7090   103.0590      1.180   1.5    0.00    0.00  -0.07        819
20221019  22234944   26.5170   102.6380     31.000   3.1    0.00    0.00  -0.30        820
20221019  22295760   26.9270   102.9960      1.070   1.9    0.00    0.00   0.04        821
20221020    585878   26.8660   103.1710      1.970   2.4    0.00    0.00   0.16        822
20221020   1313568   26.9630   102.9510      1.380   3.2    0.00    0.00   0.34        823
20221020   3333112   26.7930   103.0670     12.260   3.0    0.00    0.00  -0.03        824
20221020   5490470   26.7580   103.2370      1.920   3.7    0.00    0.00   0.30        825
20221020   7174077   27.2560   102.9480      1.950   2.6    0.00    0.00   0.20        826
20221020   7265551   26.7420   103.0480     17.310   3.2    0.00    0.00  -0.07        827
20221020   8502320   26.6970   103.1910      1.710   3.2    0.00    0.00   0.07        828
20221020   9541922   27.2680   102.9140      1.890   2.8    0.00    0.00   0.06        829
20221020  13253939   27.2810   102.7900      1.540   3.0    0.00    0.00   0.35        830
20221020  13360915   26.8200   103.1650      1.810   2.3    0.00    0.00   0.23        831
20221020  13555960   26.9460   103.0460      1.450   3.3    0.00    0.00  -0.07        832
20221020  14395955   26.9310   102.9170      1.140   0.4    0.00    0.00   0.80        833
20221020  14515801   27.1720   103.3060      0.940   3.5    0.00    0.00   0.08        834
20221020  15361753   27.2430   102.9720      2.020   1.9    0.00    0.00   0.26        835
20221020  15453802   26.9050   102.8760     20.330   3.1    0.00    0.00  -0.06        836
20221020  16441733   27.3100   102.8870      1.940   2.6    0.00    0.00   0.36        837
20221020  17244804   26.9280   102.9570      0.940   2.1    0.00    0.00   0.07        838
20221020  17332774   26.7520   103.0340      9.540   2.5    0.00    0.00  -0.04        839
20221020  18304676   26.7900   103.0870      1.130   2.1    0.00    0.00   0.07        840
20221020  18510778   27.1700   102.8370     11.840   3.1    0.00    0.00   0.01        841
20221020  19401512   26.9730   103.1390      1.970   2.2    0.00    0.00   0.37        842
20221020  19551528   27.1280   102.9510      1.650   1.5    0.00    0.00   0.06        843
20221020  20224212   26.5100   103.2840     31.000   2.7    0.00    0.00   0.24        844
20221020  22033038   27.2050   102.7390      0.000   3.5    0.00    0.00   0.19        845
20221020  22531698   26.6760   103.0680      1.120   1.0    0.00    0.00   0.06        846
20221021    134796   27.2790   103.0490      1.930   3.2    0.00    0.00   0.13        847
20221021   4122390   27.1860   103.1160      1.960   3.0    0.00    0.00   0.07        848
20221021  13440086   26.4910   103.3010     31.000   3.3    0.00    0.00  -0.09        849
20221021  14083289   26.6220   103.1090      1.230   2.1    0.00    0.00   0.37        850
20221021  14091744   26.9060   102.9090      0.710   2.1    0.00    0.00   0.20        851
20221021  16035314   27.2100   102.7900      2.100   2.0    0.00    0.00   0.04        852
20221021  17583156   26.9470   102.9750      1.230   2.8    0.00    0.00   0.02        853
20221021  18385000   27.3670   102.8880     18.110   3.1    0.00    0.00   0.28        854
20221022   4044266   26.7890   102.8460      0.000   3.3    0.00    0.00   0.19        855
20221022   4140582   26.8030   102.9970      6.810   2.5    0.00    0.00   0.01        856
20221022  11465410   26.9570   102.9270      7.540   2.4    0.00    0.00   0.00        857
20221022  14433057   26.4920   103.1660      0.340   3.8    0.00    0.00  -0.01        858
20221022  14471138   27.0410   103.1140      2.010   2.8    0.00    0.00   0.05        859
20221022  16141190   26.7590   102.9990      0.880   2.7    0.00    0.00   0.02        860
20221022  17063928   26.9460   102.9220      0.750  -0.2    0.00    0.00  -0.01        861
20221022  22531738   26.8750   102.9590      0.940   1.7    0.00    0.00   0.06        862
20221023     35684   27.1810   103.0390      1.520   2.5    0.00    0.00   0.02        863
20221023    472254   27.0670   102.7540      0.840   2.8    0.00    0.00   0.12        864
20221023   3563836   27.2060   102.9570      1.860   0.7    0.00    0.00   0.10        865
20221023   8131670   26.8530   102.9650      1.080   1.4    0.00    0.00  -0.03        866
20221023   9075955   26.9770   102.9230      1.200   2.4    0.00    0.00   0.56        867
20221023   9472779   27.0390   102.6120      0.590   3.0    0.00    0.00   0.08        868
20221023  12010144   26.7530   102.9960      0.840   3.0    0.00    0.00   0.36        869
20221023  13075579   26.9450   103.1130      1.580   3.0    0.00    0.00  -0.04        870
20221023  14095770   26.6680   102.9260      0.480   2.8    0.00    0.00  -0.02        871
20221023  15521087   26.8220   103.3370      2.570   3.4    0.00    0.00   0.13        872
20221023  16040464   26.9810   103.1980     19.620   3.0    0.00    0.00   0.01        873
20221023  19251056   27.0070   102.9190      1.310   2.1    0.00    0.00  -0.18        874
20221023  19425976   27.5090   102.3870     17.200   2.1    0.00    0.00   0.09        875
20221023  20560326   26.6610   102.9800      9.940   2.5    0.00    0.00   0.00        876
20221023  20565968   26.8020   103.0990      1.070   2.7    0.00    0.00   0.07        877
20221024   1233649   27.1610   102.9820      2.070   2.8    0.00    0.00  -0.21        878
20221024   3391812   26.9350   103.1920      2.080   2.8    0.00    0.00   0.06        879
20221024   3504492   26.4910   103.4800      0.000   3.5    0.00    0.00   0.05        880
20221024   4123016   26.8950   102.8540      0.000   3.8    0.00    0.00   0.11        881
20221024   4155545   27.0540   102.9310      1.750   3.0    0.00    0.00  -0.32        882
20221024   4431604   26.8950   103.0070      1.320   1.7    0.00    0.00  -0.88        883
20221024   5103968   26.8300   103.3730      4.120   3.5    0.00    0.00  -0.03        884
20221024   6170990   26.4910   103.1620     22.760   3.1    0.00    0.00  -0.15        885
20221024   6534619   26.4910   102.7020      0.000   4.0    0.00    0.00   0.17        886
20221024   9343133   26.7570   103.1230      7.010   1.9    0.00    0.00   0.02        887
20221024  11063649   26.8910   102.9940      1.170   2.5    0.00    0.00  -0.19        888
20221024  12011515   26.8790   102.7280      0.610   2.1    0.00    0.00   0.04        889
20221024  17413776   27.0530   103.1560      1.520   3.5    0.00    0.00  -0.01        890
20221024  18463104   26.8110   102.5590      1.120   2.4    0.00    0.00   0.17        891
20221024  20114216   26.5830   103.0990      1.170   1.9    0.00    0.00   0.72        892
20221024  21104404   26.7230   103.0400      0.000   3.5    0.00    0.00   0.04        893
20221024  23142730   27.1360   102.8950      1.530   2.5    0.00    0.00   0.06        894
20221024  23271308   26.8020   102.9520      0.740   2.6    0.00    0.00   0.04        895
20221025   1201976   26.6470   103.0390      0.840   2.7    0.00    0.00   0.00        896
20221025  13503284   26.4910   103.1360      0.570   2.7    0.00    0.00   0.18        897
20221025  17553002   27.1470   102.7640      1.300   3.3    0.00    0.00  -0.51        898
20221025  19445524   26.5500   102.5050      0.000   3.8    0.00    0.00   0.40        899
20221025  20215376   26.8660   102.4060      0.730   3.8    0.00    0.00  -0.04        900
20221026   1294029   27.0950   103.9380     16.570   2.9    0.00    0.00   0.05        901
20221026   3531221   26.7590   102.7560     31.000   2.8    0.00    0.00  -0.04        902
20221026   7445078   27.2280   102.9790      1.650   2.5    0.00    0.00   0.18        903
20221026  19195480   27.0070   102.9630     14.530   0.8    0.00    0.00  -0.03        904
20221027   4513431   27.0560   102.9200      0.990   2.5    0.00    0.00   0.28        905
20221027  10210412   27.1230   103.0570     15.880   3.4    0.00    0.00   0.01        906
20221027  22510038   26.7830   103.0520      0.720   2.7    0.00    0.00   0.06        907
20221027  23165694   27.2120   102.7510      1.170   2.8    0.00    0.00   0.21        908
20221028   5531934   27.2460   102.8940      1.790   2.3    0.00    0.00   0.14        909
20221028   9453990   26.9590   102.9580      1.260   3.0    0.00    0.00   0.30        910
20221028  10372520   26.9660   102.9340      1.210   2.3    0.00    0.00   0.67        911
20221028  11331749   26.9260   103.0130      1.470   1.7    0.00    0.00  -0.01        912
20221028  12534803   27.2350   102.8860      1.640   1.6    0.00    0.00   0.17        913
20221028  14452448   26.6200   103.1340      6.020   2.8    0.00    0.00   0.03        914
20221028  15175300   26.8340   102.9880      1.130   3.6    0.00    0.00   0.03        915
20221028  18031680   26.9120   103.0370      1.500   1.1    0.00    0.00   0.00        916
20221028  19131892   26.8450   103.0550      1.200   2.0    0.00    0.00   0.44        917
20221028  20431632   26.9320   103.0410      1.600   1.6    0.00    0.00  -0.16        918
20221028  20554816   26.9680   102.9280      1.200   0.3    0.00    0.00   0.24        919
20221028  21331836   27.3100   102.9610      1.910   1.5    0.00    0.00   0.15        920
20221029   4171752   26.6000   103.0820      6.730   2.3    0.00    0.00   0.01        921
20221029   4383011   26.8160   102.8200      0.000   2.6    0.00    0.00   0.01        922
20221029   4535170   26.7630   102.9830      0.780   2.7    0.00    0.00   0.14        923
20221029   7272180   26.8670   102.6450      0.220   3.9    0.00    0.00   0.95        924
20221029  15533499   26.9430   103.0740      1.620   2.8    0.00    0.00   0.11        925
20221029  16351378   27.0750   102.9260      1.460   2.0    0.00    0.00  -0.06        926
20221029  16375978   27.2610   102.9720      1.610   2.9    0.00    0.00   0.09        927
20221029  17421494   27.2870   102.7390      1.760   2.0    0.00    0.00   0.03        928
20221029  19041048   26.8810   102.8720      0.370   1.6    0.00    0.00   0.47        929
20221029  19290990   27.0610   102.7360      0.940   1.4    0.00    0.00  -0.00        930
20221029  20582532   27.0640   103.0660      1.240   2.9    0.00    0.00  -0.06        931
20221030    200155   26.9560   102.8730      1.000   2.7    0.00    0.00   0.82        932
20221030   2142271   27.0750   102.7190     13.890   3.1    0.00    0.00   0.05        933
20221030   2331843   27.3080   102.9670      2.010   1.3    0.00    0.00   0.60        934
20221030   3165397   27.1350   103.1540      2.340   3.6    0.00    0.00   0.15        935
20221030   3435454   27.0090   103.1160      1.910   2.6    0.00    0.00  -0.02        936
20221030   5031622   27.2140   102.8130      1.740   2.2    0.00    0.00  -0.00        937
20221030   6234127   27.2290   102.9520      1.800   2.6    0.00    0.00   0.19        938
20221030  13234459   27.1360   103.0120      1.800   1.5    0.00    0.00  -0.01        939
20221030  14044744   26.7170   103.4010      2.260   3.4    0.00    0.00   0.79        940
20221030  16065550   26.9130   102.9300      0.800   2.4    0.00    0.00  -0.06        941
20221030  17090804   26.4980   102.7530      0.000   2.8    0.00    0.00  -0.15        942
20221030  17141604   27.1680   102.9130      1.560   1.4    0.00    0.00   0.02        943
20221030  17234284   27.0460   102.9310      1.640   1.6    0.00    0.00  -0.10        944
20221030  18395380   27.0410   103.1090      2.100  -0.3    0.00    0.00   0.53        945
20221030  21052224   27.2380   102.8260     19.480   3.3    0.00    0.00  -0.01        946
20221030  21305396   26.8690   102.8690      0.670   2.6    0.00    0.00   0.05        947
20221030  21312874   27.2580   102.8430      1.280   2.8    0.00    0.00  -0.13        948
20221030  23231336   27.0670   103.0940     31.000   1.7    0.00    0.00   0.07        949
20221030  23535076   27.4470   103.2210      2.070   3.6    0.00    0.00   0.10        950
20221031   2184667   26.8060   102.9600      0.840   2.6    0.00    0.00  -0.01        951
20221031   2330327   26.4910   102.2140     31.000   3.2    0.00    0.00   0.07        952
20221031   3331467   26.9280   102.9310      1.210   1.9    0.00    0.00   0.26        953
20221031   4183379   26.9110   103.1160      1.370   3.6    0.00    0.00   0.00        954
20221031   5433105   26.8120   103.0810      1.200   3.6    0.00    0.00   0.22        955
20221031  10233439   26.9260   102.9280      0.890   3.3    0.00    0.00   0.12        956
20221031  15531207   26.9930   102.9520      1.550   1.8    0.00    0.00  -0.05        957
20221031  20331386   26.8810   102.9390      1.070   1.2    0.00    0.00  -0.19        958
20221101    133495   26.8980   102.8210      6.810   2.8    0.00    0.00   0.00        959
20221101   2075097   26.6510   102.9050      0.340   3.5    0.00    0.00   0.20        960
20221101   2083793   27.0810   103.0450      1.510   3.1    0.00    0.00   0.00        961
20221101   8151307   26.7190   103.1790      1.710   2.8    0.00    0.00   0.17        962
20221101   8331460   26.9930   102.9850      1.510   2.2    0.00    0.00  -0.28        963
20221101  10231541   26.7310   102.9480      0.670   1.6    0.00    0.00  -0.07        964
20221101  13440882   26.8020   103.0530     26.870   2.7    0.00    0.00   0.53        965
20221101  16333452   26.8400   102.9310      0.760   3.0    0.00    0.00   0.03        966
20221101  18031780   26.8270   102.9540      0.700   1.5    0.00    0.00   0.27        967
20221102   1033238   27.0960   102.6320      8.340   2.4    0.00    0.00  -0.01        968
20221102   7031590   26.8430   102.8700      0.850   2.1    0.00    0.00   0.01        969
20221102  10352242   26.9310   103.1540     31.000   4.0    0.00    0.00  -0.11        970
20221102  13131728   26.8220   103.0330      1.110   2.5    0.00    0.00   0.23        971
20221102  15220528   26.8340   102.9710      0.940   2.7    0.00    0.00   0.40        972
20221102  17431654   26.8660   102.8140      0.490   1.7    0.00    0.00   0.13        973
20221103  12135786   27.2440   102.8210      1.490   2.8    0.00    0.00   0.10        974
20221103  19031668   27.1650   102.8450      1.470   1.5    0.00    0.00  -0.05        975
20221103  23135366   26.8400   102.8680      0.000   3.6    0.00    0.00  -0.03        976
20221104    232879   26.8520   103.1460      6.380   2.3    0.00    0.00   0.02        977
20221104   3134110   26.7170   103.0140     14.340   3.8    0.00    0.00   0.03        978
20221104   4254491   27.1670   103.2380      2.700   3.3    0.00    0.00  -0.69        979
20221104   6431686   27.1570   102.9400      1.730   1.7    0.00    0.00  -0.07        980
20221104   9131824   26.9510   102.8380      0.500   2.1    0.00    0.00   0.47        981
20221104  14004586   26.4910   103.5370      3.160   3.5    0.00    0.00   0.03        982
20221104  14463876   26.9480   102.9910      1.310   1.6    0.00    0.00   0.49        983
20221104  15543731   26.8530   102.9300      0.910   2.7    0.00    0.00   0.19        984
20221104  17431702   26.8600   103.0240      1.210   0.7    0.00    0.00   0.03        985
20221104  22372484   26.8480   103.1180     19.620   1.9    0.00    0.00   0.03        986
20221105    531783   27.1810   102.9560      1.630   1.7    0.00    0.00  -0.05        987
20221105   5135015   26.5170   103.1600      1.340   2.4    0.00    0.00   0.29        988
20221105   5530251   26.7590   102.8550      0.000   2.2    0.00    0.00   0.18        989
20221105  16140865   27.0240   102.9670      1.800   2.2    0.00    0.00  -0.00        990
20221106   1463732   26.8610   102.9950      1.370   1.8    0.00    0.00  -0.24        991
20221106   5434069   26.9270   103.0710     15.070   2.9    0.00    0.00   0.05        992
20221106   8295671   26.6890   103.1010      1.280   1.4    0.00    0.00   0.51        993
20221106  15134743   26.8590   102.7760      0.490   2.8    0.00    0.00   0.19        994
20221106  20573202   26.5990   103.1890      8.460   2.9    0.00    0.00  -0.07        995
20221106  22071652   26.8550   103.2250      2.260   2.2    0.00    0.00   0.09        996
20221107   1480497   27.0360   102.7250      0.840   2.6    0.00    0.00   0.48        997
20221107  14195596   26.8440   102.8740      0.750   1.3    0.00    0.00   0.06        998
20221107  14252679   26.8760   103.1420     16.750   3.1    0.00    0.00   0.05        999
20221107  14442786   27.2050   103.0350     15.220   3.0    0.00    0.00  -0.02       1000
20221107  16031622   26.7020   103.0940      1.290   1.2    0.00    0.00   0.00       1001
20221107  19272348   27.2450   102.7470      2.440   3.0    0.00    0.00   0.05       1002
20221107  20142788   26.8420   103.0820      0.630   2.7    0.00    0.00   0.06       1003
20221108     74405   27.1610   102.9020      1.430   2.8    0.00    0.00   0.02       1004
20221108    502090   27.0590   103.0560      1.400   3.2    0.00    0.00   0.01       1005
20221108   7574170   27.0480   102.7420      0.840   2.4    0.00    0.00   0.19       1006
20221108   8205733   27.0130   102.8490      0.760   2.9    0.00    0.00   0.01       1007
20221108   9495074   26.7740   102.9920     24.090   2.1    0.00    0.00  -0.07       1008
20221108  12085457   27.2850   103.0820     21.350   3.6    0.00    0.00  -0.27       1009
20221108  15325950   26.6970   102.9960      0.720   1.8    0.00    0.00   0.11       1010
20221108  16460569   26.9500   102.8750      0.860   2.4    0.00    0.00   0.12       1011
20221108  18335744   26.7400   102.8500     22.810   2.0    0.00    0.00   0.00       1012
20221108  20040300   26.8830   102.7440      0.840   2.9    0.00    0.00  -0.01       1013
20221109    503588   26.6050   102.9070      0.170   2.8    0.00    0.00   0.01       1014
20221109   4451308   26.7540   102.9630      0.710   2.5    0.00    0.00   0.17       1015
20221109   5410994   26.5630   103.0650      0.870   2.7    0.00    0.00   0.03       1016
20221109  19033796   27.0740   102.8920      1.140   2.4    0.00    0.00   0.08       1017
20221109  19563954   26.9330   102.9180      1.140   0.5    0.00    0.00   0.45       1018
20221110   3432111   27.0850   102.6840      0.850   3.4    0.00    0.00   0.51       1019
20221110   4434242   27.2500   102.9980      1.770   2.2    0.00    0.00   0.43       1020
20221110  13133365   26.5040   103.0460      0.760   2.6    0.00    0.00   0.33       1021
20221111  10434967   26.4910   103.0480     17.530   3.9    0.00    0.00   0.07       1022
20221112  12223569   27.0110   102.8480      1.170   2.8    0.00    0.00  -0.07       1023
20221112  15154773   26.9800   102.8540      1.940   2.4    0.00    0.00   0.56       1024
20221112  20244722   27.0380   102.7210      0.830   2.1    0.00    0.00   0.25       1025
20221112  20415890   26.8410   102.7300     15.030   3.3    0.00    0.00   0.03       1026
20221113  20065236   26.7290   103.0070     31.000   3.3    0.00    0.00  -0.06       1027
20221114   8573706   26.9480   102.8180      0.920   3.0    0.00    0.00   0.02       1028
20221114  22505616   26.8910   103.0930      1.170   3.5    0.00    0.00  -0.06       1029
20221115   6002198   26.6900   102.7620      0.260   3.5    0.00    0.00   0.06       1030
20221115  17231332   26.7590   102.9540      6.610   1.5    0.00    0.00  -0.02       1031
20221116   3192407   26.6510   103.0230      0.940   2.9    0.00    0.00   0.05       1032
20221116  13435130   26.8030   103.0750      0.990   3.2    0.00    0.00   0.06       1033
20221117  13563866   27.0220   102.8970      1.160   1.9    0.00    0.00   0.12       1034
20221119  13304836   26.8860   102.7270      0.620   3.1    0.00    0.00  -0.02       1035
20221119  16334532   27.0150   102.8950      1.050   2.4    0.00    0.00  -0.03       1036
20221121   1064874   27.0360   102.9070     16.700   4.6    0.00    0.00   0.04       1037
20221122   8341009   26.8020   103.1090      1.360   3.3    0.00    0.00  -0.04       1038
20221122   9125330   27.0720   102.8250      0.570   3.3    0.00    0.00  -0.01       1039
20221122  15231686   26.9130   102.8370      0.000   1.6    0.00    0.00   0.25       1040
20221122  21163356   26.7570   102.9950      0.840   0.9    0.00    0.00   0.19       1041
20221122  21253248   26.5600   103.1940      1.500   2.7    0.00    0.00   0.27       1042
20221123   2374328   26.6660   103.0010      0.750   2.1    0.00    0.00   0.04       1043
20221123  13435919   27.3760   103.0430      2.050   3.6    0.00    0.00   0.18       1044
20221124   2195705   26.7370   103.0960      1.450   1.3    0.00    0.00  -0.12       1045
20221124  15410426   27.1910   102.8260      9.040   2.7    0.00    0.00  -0.02       1046
20221125  18531698   26.6760   103.0680      1.120   0.8    0.00    0.00   0.08       1047
20221125  21275808   27.2360   102.9480      1.660   2.7    0.00    0.00   0.22       1048
20221126   6413576   26.7200   103.1730      1.210   3.9    0.00    0.00   0.04       1049
20221126  14455548   27.1560   102.7590      1.130   2.8    0.00    0.00   0.57       1050
20221126  18145836   26.8030   103.1990      1.830   2.4    0.00    0.00   0.30       1051
20221128   1530167   26.4910   104.0090     31.000   3.9    0.00    0.00   0.40       1052
20221128   6334994   27.0560   103.1190      1.990   3.3    0.00    0.00   0.01       1053
20221128  10363203   26.7470   103.0210      0.850   2.6    0.00    0.00   0.82       1054
20221128  12042868   26.5320   102.5260      0.000   3.5    0.00    0.00   0.01       1055
20221128  18551140   27.1170   102.9260      8.970   1.8    0.00    0.00   0.01       1056
20221129  12482927   26.9750   102.5620      0.350   2.8    0.00    0.00   0.18       1057
20221129  21550402   27.0530   103.1010      1.710   3.0    0.00    0.00   0.65       1058
20221130   4441757   26.5270   103.0740      0.970   2.5    0.00    0.00   0.05       1059
20221130  11242490   26.5420   102.9930      0.650   2.5    0.00    0.00   0.07       1060
20221130  12513140   27.1200   102.7990      1.120   2.8    0.00    0.00   0.03       1061
20221130  21452232   26.9650   102.9130      1.110   2.4    0.00    0.00   0.18       1062
20221130  22331560   26.8390   102.9420      9.040   1.8    0.00    0.00   0.22       1063
20221201   7270638   26.9030   102.8980      0.860   3.1    0.00    0.00  -0.10       1064
20221201  16193701   26.9620   102.8680      1.160   2.5    0.00    0.00  -0.00       1065
20221201  20215600   27.3730   102.9010      1.610   3.6    0.00    0.00  -0.01       1066
20221203  16333745   26.5660   103.3060      2.640   3.4    0.00    0.00   0.55       1067
20221204  21031704   26.7260   103.1310      1.520   1.6    0.00    0.00   0.12       1068
20221205  18231676   26.9140   103.0370      1.500   0.7    0.00    0.00  -0.01       1069
20221206  19065268   26.7730   102.9130      0.860   2.7    0.00    0.00   0.02       1070
20221206  19431290   26.9680   102.9280      1.200   1.0    0.00    0.00   0.62       1071
20221207  18170656   27.2160   102.8750      1.070   3.0    0.00    0.00   0.14       1072
20221207  23175506   26.7850   102.8540      0.750   3.4    0.00    0.00   0.04       1073
20221208   8581236   26.6780   103.1380      0.830   2.6    0.00    0.00  -0.12       1074
20221208   9562916   26.7670   103.2080     25.120   1.8    0.00    0.00   0.11       1075
20221208  10514630   26.4910   102.7990     26.040   3.8    0.00    0.00   0.10       1076
20221208  12281096   26.9650   103.1540      2.010   2.7    0.00    0.00   0.19       1077
20221208  13283686   26.7580   103.1310      1.530   2.8    0.00    0.00   0.21       1078
20221208  17533926   26.9530   103.0460      1.660   2.7    0.00    0.00   0.05       1079
20221208  19273952   26.9350   102.9030      1.040   2.0    0.00    0.00   0.30       1080
20221209   9341083   26.6960   103.1250      1.240   3.3    0.00    0.00   0.20       1081
20221209  18125924   27.0020   102.9400      1.280   2.2    0.00    0.00   0.04       1082
20221209  23454036   26.8380   102.9550      1.140   3.4    0.00    0.00   0.13       1083
20221210   3265923   26.9140   103.1630      1.950   3.1    0.00    0.00   0.51       1084
20221210   5035995   27.1350   102.9780      1.810   3.4    0.00    0.00   0.04       1085
20221210   9331504   27.0830   103.0080      0.000   1.7    0.00    0.00  -0.08       1086
20221210  16532991   26.7950   102.6710      0.360   2.9    0.00    0.00   0.23       1087
20221210  23031740   26.6580   103.0170      0.810   2.2    0.00    0.00   0.05       1088
20221211   1550263   27.1000   103.0280      1.680   3.2    0.00    0.00   0.05       1089
20221211   7032366   26.8630   103.1130      1.700   2.7    0.00    0.00   0.03       1090
20221211  10365497   27.2160   102.9890      1.710   3.1    0.00    0.00   0.30       1091
20221211  11513027   26.8340   103.2520      9.580   3.1    0.00    0.00  -0.01       1092
20221211  18031100   26.9390   102.7030      0.620   1.8    0.00    0.00  -0.37       1093
20221212  15455943   27.1500   103.1160      1.670   3.0    0.00    0.00  -0.01       1094
20221216   4542936   26.9290   103.0220      1.190   3.4    0.00    0.00  -0.01       1095
20221216  10553174   26.7380   103.2000      1.900   2.3    0.00    0.00   0.06       1096
20221216  20191592   26.6770   103.0500      1.020   0.8    0.00    0.00   0.03       1097
20221217  10401962   26.9250   102.9470      0.820   2.9    0.00    0.00   0.10       1098
20221225   1231726   26.8500   103.0360      1.300   2.1    0.00    0.00  -0.05       1099
20221225  12403516   26.7590   102.9900      0.830   2.5    0.00    0.00   0.27       1100
20221225  14502604   26.8580   103.0980      1.600   2.8    0.00    0.00   0.03       1101
20221229  21031646   26.6990   103.1020      1.330   0.4    0.00    0.00   0.01       1102
20230101    243453   27.0160   102.9800      1.320   2.8    0.00    0.00   0.07       1103
20230101   1024817   26.8650   102.9160     10.140   2.7    0.00    0.00   0.01       1104
20230101   2310497   26.8450   103.0000      2.660   2.5    0.00    0.00   0.27       1105
20230101   2332689   26.9430   102.8380     19.840   3.0    0.00    0.00   0.04       1106
20230101   2553769   26.7170   102.7930      1.940   2.0    0.00    0.00   0.13       1107
20230101   3150653   26.8700   102.9000      0.670   2.8    0.00    0.00   0.04       1108
20230101   3310795   26.7660   103.0190      0.720   2.6    0.00    0.00   0.15       1109
20230101   4121267   26.8360   102.9290      0.630   2.9    0.00    0.00   0.17       1110
20230101   5370193   27.2250   103.0100      1.370   2.4    0.00    0.00   0.07       1111
20230101   5515967   26.4910   103.4800      1.850   3.9    0.00    0.00  -0.11       1112
20230101   5591582   26.6090   103.0250     10.930   2.3    0.00    0.00  -0.03       1113
20230101   6314789   26.7580   102.9950      0.850   2.9    0.00    0.00  -0.07       1114
20230101   7144059   27.0460   102.8310      1.490   3.2    0.00    0.00   0.02       1115
20230101   7283436   26.9350   102.5720      4.420   3.6    0.00    0.00   0.03       1116
20230101   7433374   26.8680   102.9430      0.740   2.8    0.00    0.00  -0.01       1117
20230101   8272245   26.9580   102.8940      1.250   2.3    0.00    0.00   0.06       1118
20230101   8532156   27.1320   103.1600      0.660   3.4    0.00    0.00  -0.21       1119
20230101   8595874   27.2250   102.9570      1.790   1.1    0.00    0.00   0.16       1120
20230101   9054628   26.9670   102.9410      1.070   3.1    0.00    0.00   0.01       1121
20230101   9395256   26.9090   102.9240      0.830   2.3    0.00    0.00  -0.09       1122
20230101   9395578   26.8390   102.8840      2.250   2.1    0.00    0.00  -0.07       1123
20230101   9445156   26.9600   102.9570      0.730   2.1    0.00    0.00   0.34       1124
20230101   9543870   26.9890   102.9360      1.050   2.4    0.00    0.00  -0.24       1125
20230101  10004821   27.1270   103.1740      2.190   2.9    0.00    0.00   0.13       1126
20230101  10151922   26.8550   102.8220     30.750   3.4    0.00    0.00  -0.03       1127
20230101  10432007   26.8850   103.0310      1.430   2.8    0.00    0.00   0.42       1128
20230101  11560624   26.8560   102.9600     27.390   2.9    0.00    0.00   0.13       1129
20230101  12173057   27.0850   103.0440      1.420   3.0    0.00    0.00   0.02       1130
20230101  12283504   26.9530   102.9170     31.000   3.2    0.00    0.00  -0.03       1131
20230101  12363693   26.7950   102.8890      1.410   1.0    0.00    0.00  -0.05       1132
20230101  12525255   26.9360   102.9360      0.930   2.7    0.00    0.00   0.18       1133
20230101  13305022   26.5160   103.5860      0.000   3.9    0.00    0.00  -0.39       1134
20230101  13370702   27.0450   102.9490      1.330   2.2    0.00    0.00  -0.00       1135
20230101  13583863   26.8100   103.0620      0.490   3.2    0.00    0.00   0.06       1136
20230101  14011980   27.1140   103.0050      1.240   2.6    0.00    0.00  -0.01       1137
20230101  14395122   27.0010   102.8310      1.770   0.3    0.00    0.00  -0.12       1138
20230101  14474492   26.4970   102.8480      2.690   2.6    0.00    0.00   0.32       1139
20230101  15213545   27.1490   102.8420      2.660   1.8    0.00    0.00   0.05       1140
20230101  15403915   26.8870   102.7490      1.960   3.6    0.00    0.00   0.04       1141
20230101  15481382   27.2470   103.0000      1.780   2.2    0.00    0.00   0.47       1142
20230101  15515614   26.8810   102.7690      6.190   3.3    0.00    0.00   0.07       1143
20230101  16221541   27.1140   102.9290      2.480   4.6    0.00    0.00  -0.01       1144
20230101  16270169   27.3500   102.9490      1.720   2.5    0.00    0.00  -0.02       1145
20230101  16294921   26.4910   102.7820     23.810   1.8    0.00    0.00  -0.19       1146
20230101  17052272   27.5090   102.9360      3.040   2.7    0.00    0.00   0.43       1147
20230101  17091276   26.9140   102.9100      7.650   2.5    0.00    0.00   0.01       1148
20230101  17171468   26.7700   101.9910     31.000   3.7    0.00    0.00   0.29       1149
20230101  17543106   26.9290   102.9210      8.670   2.5    0.00    0.00   0.01       1150
20230101  18145364   26.7690   102.6940      0.030   2.3    0.00    0.00   0.17       1151
20230101  18155456   27.0470   103.0460      1.670   2.6    0.00    0.00   0.01       1152
20230101  18395888   26.9500   102.8940      1.100   1.0    0.00    0.00  -0.00       1153
20230101  18521864   26.7180   103.2220     27.050   2.7    0.00    0.00  -0.09       1154
20230101  19081404   26.8950   102.8030      1.350   1.8    0.00    0.00   0.01       1155
20230101  19350150   27.0420   102.9310      2.040   2.2    0.00    0.00   0.08       1156
20230101  19490556   27.3420   102.9320     13.730   3.5    0.00    0.00  -0.07       1157
20230101  19524026   27.0650   102.7440      9.210   3.1    0.00    0.00   0.01       1158
20230101  19574432   26.9800   102.8990      2.630   2.1    0.00    0.00  -0.04       1159
20230101  21125168   26.8360   102.7200      1.760   2.3    0.00    0.00   0.03       1160
20230101  21241730   27.5090   103.2190      0.000   3.1    0.00    0.00  -0.34       1161
20230101  21581708   26.6820   102.9750      1.240   1.8    0.00    0.00  -0.01       1162
20230101  22250192   26.8830   102.7050      0.600   2.6    0.00    0.00  -0.17       1163
20230101  22321220   27.1930   102.8980     31.000   2.4    0.00    0.00  -0.05       1164
20230101  22435556   27.0930   102.8220      0.000   2.8    0.00    0.00  -0.04       1165
20230101  22544034   26.8030   103.0630      0.410   1.7    0.00    0.00  -0.24       1166
20230101  23460240   26.8870   102.9100     16.530   2.2    0.00    0.00   0.00       1167
20230102    121653   26.6930   102.9660      1.040   2.5    0.00    0.00   0.07       1168
20230102    290968   27.1150   102.9780      1.350   3.1    0.00    0.00  -0.40       1169
20230102   1322416   27.1660   102.9520      2.110   2.9    0.00    0.00  -0.29       1170
20230102   2241282   26.6700   102.8570      1.670   2.4    0.00    0.00   0.79       1171
20230102   2445010   26.9060   102.8150      2.780   3.0    0.00    0.00  -0.01       1172
20230102   3003227   27.1380   102.8330      0.430   3.7    0.00    0.00   0.02       1173
20230102   3044301   27.1180   102.8810      1.310   2.9    0.00    0.00   0.01       1174
20230102   3365748   26.8410   102.9710      0.830   2.4    0.00    0.00   0.12       1175
20230102   3505741   26.6520   102.9880     19.670   2.7    0.00    0.00  -0.00       1176
20230102   5324482   27.2470   103.0000      1.780   2.0    0.00    0.00  -0.38       1177
20230102   6105967   27.2420   102.8510      1.430   2.7    0.00    0.00   0.13       1178
20230102   6564146   26.6540   102.2410      1.400   4.1    0.00    0.00  -0.03       1179
20230102   7383434   27.0950   102.9330      9.870   3.9    0.00    0.00  -0.01       1180
20230102   8415650   26.9740   102.8960      1.570   2.5    0.00    0.00   0.34       1181
20230102   9134010   26.8120   102.7560      2.070   3.2    0.00    0.00   0.16       1182
20230102   9252611   27.2300   103.0200      2.140   2.9    0.00    0.00  -0.00       1183
20230102   9540650   26.9800   103.0400      7.460   3.1    0.00    0.00   0.03       1184
20230102  10170245   26.5100   103.0340     12.690   4.1    0.00    0.00  -0.02       1185
20230102  11033544   26.8370   102.8520      0.000   3.2    0.00    0.00  -0.04       1186
20230102  11084470   26.5120   103.0960      0.710   3.2    0.00    0.00  -0.05       1187
20230102  11332778   27.0240   102.8970      1.210   3.1    0.00    0.00   0.01       1188
20230102  11334962   26.5930   102.9430      4.870   3.3    0.00    0.00   0.00       1189
20230102  12240686   26.4910   102.9820      9.100   2.9    0.00    0.00  -0.07       1190
20230102  12343461   27.1270   102.8850      0.000   3.0    0.00    0.00   0.01       1191
20230102  13010887   26.7620   102.9960     12.560   2.1    0.00    0.00  -0.01       1192
20230102  13111503   27.1220   103.1230     11.390   3.5    0.00    0.00  -0.02       1193
20230102  13155950   26.8150   102.9540     14.390   3.7    0.00    0.00   0.01       1194
20230102  13275090   26.9650   102.7530      2.340   3.0    0.00    0.00   0.46       1195
20230102  13514227   26.4910   102.9790      6.150   3.6    0.00    0.00   0.27       1196
20230102  14152719   27.4310   102.7050     31.000   2.9    0.00    0.00   0.07       1197
20230102  14195755   27.0180   102.8180      0.000   1.0    0.00    0.00  -0.21       1198
20230102  14422061   26.8400   102.9330     17.970   3.5    0.00    0.00   0.01       1199
20230102  14573711   27.4030   102.7110      2.230   2.6    0.00    0.00   0.09       1200
20230102  15264965   26.8360   102.9480     16.640   3.6    0.00    0.00  -0.02       1201
20230102  15491330   27.0780   102.8590      0.810   1.6    0.00    0.00   0.93       1202
20230102  16010801   27.0810   103.1340      3.590   3.5    0.00    0.00  -0.01       1203
20230102  16531624   27.1370   102.9050      1.580   0.4    0.00    0.00   0.06       1204
20230102  16590068   26.9670   102.9520     13.250   2.6    0.00    0.00  -0.01       1205
20230102  18131468   26.9910   102.8820      1.650   0.7    0.00    0.00  -0.01       1206
20230102  18172050   26.6260   103.0140     25.930   2.1    0.00    0.00   0.11       1207
20230102  19244518   26.8860   102.9830      1.280   2.2    0.00    0.00   0.02       1208
20230102  19260620   27.1930   102.8150      2.810   1.2    0.00    0.00   0.88       1209
20230102  19331492   26.7500   102.9190     15.560   1.4    0.00    0.00   0.01       1210
20230102  20081020   27.5090   102.9610      2.850   3.1    0.00    0.00   0.65       1211
20230102  20141322   27.1190   102.8990      2.260   2.7    0.00    0.00   0.05       1212
20230102  20381204   26.9620   102.8800     10.900   2.4    0.00    0.00   0.00       1213
20230102  20431418   26.9750   102.9390     20.770   0.7    0.00    0.00  -0.10       1214
20230102  20574392   26.6380   102.9650      3.460   1.7    0.00    0.00   0.08       1215
20230102  21131706   26.8660   102.8130      1.540   1.0    0.00    0.00   0.82       1216
20230102  21335112   26.8400   103.1950      2.300   2.6    0.00    0.00   0.57       1217
20230102  21474240   27.3070   103.1260      1.790   2.3    0.00    0.00   0.07       1218
20230102  22092002   27.1510   103.1110      1.760   3.0    0.00    0.00  -0.00       1219
20230102  22312136   26.8940   102.9350      9.970   1.6    0.00    0.00   0.04       1220
20230102  22450280   26.5810   102.7590      2.410   2.0    0.00    0.00  -0.12       1221
20230102  23141954   26.9160   102.8780      1.960   2.5    0.00    0.00   0.02       1222
20230103    244834   26.5370   103.0960     21.840   2.6    0.00    0.00  -0.01       1223
20230103    295372   26.7250   102.8240      1.720   1.5    0.00    0.00   0.18       1224
20230103    392954   26.6120   103.0410      0.600   2.8    0.00    0.00   0.29       1225
20230103    402633   27.5090   102.4290      0.000   3.7    0.00    0.00  -0.31       1226
20230103    502990   26.8350   103.1380      1.700   2.6    0.00    0.00   0.10       1227
20230103   2175041   26.9620   102.8160      1.800   2.2    0.00    0.00   0.03       1228
20230103   2190327   26.8060   102.7920      0.990   3.6    0.00    0.00   0.87       1229
20230103   2404662   26.9600   102.8320      1.440   3.0    0.00    0.00   0.15       1230
20230103   3320181   27.1440   102.8980     13.140   4.9    0.00    0.00   0.03       1231
20230103   3442083   26.6710   102.9730      8.680   2.5    0.00    0.00   0.01       1232
20230103   3484331   27.1090   102.9630      3.610   3.1    0.00    0.00  -0.02       1233
20230103   4252488   26.8570   102.9520      0.600   2.9    0.00    0.00  -0.01       1234
20230103   4534365   27.1410   103.0550      2.000   3.0    0.00    0.00   0.40       1235
20230103   5003202   26.8800   103.1000     30.060   3.4    0.00    0.00   0.01       1236
20230103   5051519   26.7860   102.8270      1.740   2.3    0.00    0.00  -0.00       1237
20230103   5243460   26.6620   103.1690      0.000   2.9    0.00    0.00  -0.03       1238
20230103   5383145   26.6160   102.0150      3.430   4.0    0.00    0.00   0.81       1239
20230103   6015259   27.0620   102.8110     12.060   2.8    0.00    0.00   0.19       1240
20230103   6244961   26.4910   102.7230     31.000   3.3    0.00    0.00   0.18       1241
20230103   7335197   26.8200   102.7350      1.540   3.0    0.00    0.00   0.16       1242
20230103   7415476   26.8000   102.8060      1.590   3.5    0.00    0.00   0.18       1243
20230103   8302658   27.2000   102.8760      1.190   3.2    0.00    0.00   0.08       1244
20230103   9351579   27.3420   102.6260      3.820   4.5    0.00    0.00   0.00       1245
20230103   9531450   26.9610   102.9940      2.290   1.3    0.00    0.00   0.10       1246
20230103  10190360   26.9720   102.8440      1.670   2.3    0.00    0.00   0.17       1247
20230103  10351620   27.1030   102.8730     14.540   2.6    0.00    0.00  -0.01       1248
20230103  11424362   26.8470   102.9200      4.580   2.3    0.00    0.00  -0.10       1249
20230103  12072875   26.6170   102.9230      3.600   2.3    0.00    0.00   0.28       1250
20230103  12313776   26.8370   103.2420      0.820   3.0    0.00    0.00  -0.23       1251
20230103  12470796   27.0410   103.0040     11.000   3.2    0.00    0.00  -0.01       1252
20230103  12544349   27.3310   102.6730     31.000   2.5    0.00    0.00   0.03       1253
20230103  13063491   27.0720   102.9930      1.370   1.3    0.00    0.00   0.36       1254
20230103  13263544   27.1230   102.8550      1.100   0.6    0.00    0.00  -0.05       1255
20230103  13351841   27.2820   103.2200      1.730   2.7    0.00    0.00  -0.07       1256
20230103  13451806   26.9680   102.9280      1.200   2.4    0.00    0.00   0.09       1257
20230103  13533741   26.4910   102.8790     24.650   2.4    0.00    0.00   0.01       1258
20230103  15041574   27.1840   102.8940      8.530   1.9    0.00    0.00   0.10       1259
20230103  15234034   26.9680   102.9280      1.200   0.7    0.00    0.00   0.34       1260
20230103  15245527   26.9090   102.9090      0.660   2.4    0.00    0.00   0.05       1261
20230103  15351796   27.2540   102.8710      1.790   3.0    0.00    0.00   0.47       1262
20230103  15531795   27.1160   102.8350      1.570   3.1    0.00    0.00   0.79       1263
20230103  16045241   26.9000   102.9040      0.860   1.9    0.00    0.00   0.14       1264
20230103  16122765   26.8410   103.1310      1.680   1.9    0.00    0.00   0.23       1265
20230103  16183563   27.1710   103.0980     15.540   3.5    0.00    0.00   0.01       1266
20230103  16241586   27.3070   102.8260      1.780   1.7    0.00    0.00   0.14       1267
20230103  16422820   26.6860   102.8010     29.800   2.7    0.00    0.00   0.04       1268
20230103  17051776   26.4960   102.9830      3.520   3.4    0.00    0.00  -0.01       1269
20230103  17075684   27.1130   102.7590      0.610   2.8    0.00    0.00  -0.01       1270
20230103  17124070   26.9590   102.7850      0.000   2.0    0.00    0.00   0.01       1271
20230103  17151132   27.1250   103.1610      1.740   2.6    0.00    0.00  -0.41       1272
20230103  17254104   26.9040   102.7280      6.680   3.0    0.00    0.00   0.06       1273
20230103  17440292   26.9450   102.8620      1.740   2.2    0.00    0.00  -0.04       1274
20230103  17523892   27.1480   103.4680     20.760   2.9    0.00    0.00   0.00       1275
20230103  17574772   26.7330   102.8330      1.840   2.0    0.00    0.00  -0.02       1276
20230103  18022912   26.8680   102.9130      1.280   2.5    0.00    0.00   0.03       1277
20230103  18081864   27.0410   102.4290      0.000   3.6    0.00    0.00   0.09       1278
20230103  18231904   27.2730   102.9650      1.880  -0.2    0.00    0.00   0.46       1279
20230103  18372212   26.9130   102.9960      0.750   2.0    0.00    0.00   0.01       1280
20230103  18522654   26.9330   102.9590      1.140   2.3    0.00    0.00   0.05       1281
20230103  18590962   26.9820   102.9090      1.070   1.6    0.00    0.00  -0.04       1282
20230103  19073008   26.5600   103.0360     12.830   3.1    0.00    0.00   0.02       1283
20230103  19144024   26.8110   103.1230      1.700   2.2    0.00    0.00   0.38       1284
20230103  19382646   27.0490   102.9320      0.000   2.6    0.00    0.00  -0.18       1285
20230103  19540986   27.1150   102.9010      0.410   2.7    0.00    0.00  -0.00       1286
20230103  20141366   26.8610   102.9450      4.270   0.6    0.00    0.00   0.10       1287
20230103  20331638   27.1010   102.9330      1.260   0.7    0.00    0.00   0.08       1288
20230103  20373744   27.2660   102.8060      4.550   1.8    0.00    0.00  -0.03       1289
20230103  20375778   27.0400   102.8090      0.000   2.9    0.00    0.00   0.01       1290
20230103  20531228   26.9650   102.9320      1.200   0.8    0.00    0.00   0.21       1291
20230103  20542776   27.2690   104.0090      0.000   2.5    0.00    0.00  -0.17       1292
20230103  21050460   26.9550   102.9750      0.000   2.3    0.00    0.00   0.04       1293
20230103  21181020   27.0590   102.4960      0.000   2.4    0.00    0.00   0.23       1294
20230103  21414452   26.6120   103.2090      1.780   1.8    0.00    0.00   0.29       1295
20230103  21431670   27.1150   102.8160      1.280   1.6    0.00    0.00   0.01       1296
20230103  22083798   26.9680   102.9280      1.200   0.6    0.00    0.00   0.28       1297
20230103  22085384   26.9920   103.2980     11.040   3.2    0.00    0.00   0.00       1298
20230103  22121416   26.5150   103.0190      1.110   3.2    0.00    0.00   0.04       1299
20230103  22231260   26.9660   102.7890     23.930   1.1    0.00    0.00   0.05       1300
20230103  23155456   27.0120   102.8870     30.190   3.6    0.00    0.00   0.02       1301
20230104    552941   27.2220   102.9260      1.600   2.8    0.00    0.00   0.10       1302
20230104   2104195   27.3990   102.8930      7.790   3.5    0.00    0.00   0.00       1303
20230104   2223369   27.0980   102.8820     12.700   2.9    0.00    0.00   0.04       1304
20230104   2540801   26.8430   103.0720      1.650   2.7    0.00    0.00   0.08       1305
20230104   3344544   26.5380   102.9290      1.290   3.1    0.00    0.00   0.09       1306
20230104   3373718   27.0180   102.8900      1.220   3.0    0.00    0.00  -0.01       1307
20230104   4043667   26.8890   102.9950      1.230   3.5    0.00    0.00  -0.03       1308
20230104   4205057   26.6730   103.0290      1.310   2.1    0.00    0.00   0.01       1309
20230104   4433032   26.8170   103.1790      1.870   2.3    0.00    0.00   0.39       1310
20230104   5231710   26.8140   102.9260      1.120   1.5    0.00    0.00  -0.01       1311
20230104   5483407   26.7600   102.9950      0.840   1.6    0.00    0.00   0.27       1312
20230104   6103128   26.5140   102.7540      2.170   3.0    0.00    0.00   0.15       1313
20230104   6202405   26.8010   102.9030      1.580   2.6    0.00    0.00   0.00       1314
20230104   7320263   27.1160   103.0920      2.100   3.1    0.00    0.00   0.08       1315
20230104   7540812   27.0530   102.9630      1.620   3.2    0.00    0.00  -0.07       1316
20230104   7551611   27.0220   103.0180      1.540   2.7    0.00    0.00   0.54       1317
20230104   9031418   26.9860   102.8670      1.370   0.9    0.00    0.00   0.56       1318
20230104   9302896   26.8500   103.0050     26.880   3.7    0.00    0.00   0.29       1319
20230104   9465406   26.9480   102.7560     10.980   2.9    0.00    0.00   0.10       1320
20230104  10022952   27.1690   103.0120      0.520   2.5    0.00    0.00   0.04       1321
20230104  10370159   27.0380   102.8460      1.210   3.2    0.00    0.00  -0.02       1322
20230104  11041396   27.1330   102.8470      1.780   3.0    0.00    0.00   0.08       1323
20230104  11211356   27.1190   102.8960      1.460   3.3    0.00    0.00  -0.04       1324
20230104  11345839   26.7850   102.9920      0.790   2.2    0.00    0.00   0.03       1325
20230104  11463948   26.7780   102.9870      0.830   1.6    0.00    0.00   0.18       1326
20230104  12155131   27.0500   102.8680     16.560   2.8    0.00    0.00   0.01       1327
20230104  12234605   27.2210   102.9140      1.820   2.3    0.00    0.00   0.05       1328
20230104  12402743   26.9230   102.8420      0.930   2.5    0.00    0.00   0.01       1329
20230104  13140007   26.8410   103.3470      0.000   3.8    0.00    0.00   0.00       1330
20230104  14290260   27.1450   102.8810      5.460   2.2    0.00    0.00   0.00       1331
20230104  14464968   27.2900   103.2260      2.410   2.6    0.00    0.00   0.22       1332
20230104  14501633   26.6730   102.9180      1.080   2.3    0.00    0.00   0.07       1333
20230104  15351778   26.7420   103.0300      0.920   1.9    0.00    0.00   0.92       1334
20230104  15384222   26.7430   102.9790      0.970   3.1    0.00    0.00  -0.01       1335
20230104  15435600   26.7270   102.9890      0.990   2.1    0.00    0.00   0.07       1336
20230104  16004393   26.8050   102.9430     10.040   1.9    0.00    0.00  -0.04       1337
20230104  16331389   26.9780   102.9210     22.200   0.9    0.00    0.00  -0.17       1338
20230104  16462010   26.9010   102.7230      3.210   4.9    0.00    0.00   0.02       1339
20230104  16541449   26.8680   102.8390      1.670   1.4    0.00    0.00   0.43       1340
20230104  17070634   26.6920   102.9530      1.000   3.1    0.00    0.00  -0.01       1341
20230104  17140854   26.7780   102.9960      0.750   3.0    0.00    0.00   0.49       1342
20230104  17331012   26.9460   103.3340     23.960   1.9    0.00    0.00   0.10       1343
20230104  18033272   26.9180   103.1870     29.560   2.5    0.00    0.00  -0.05       1344
20230104  18102192   27.1860   102.8850     12.710   2.2    0.00    0.00   0.00       1345
20230104  18324536   27.1540   102.8900     16.550   5.0    0.00    0.00   0.02       1346
20230104  18464184   26.8780   102.7750      1.980   3.5    0.00    0.00   0.03       1347
20230104  18554272   27.1500   102.8670      1.930   3.1    0.00    0.00   0.08       1348
20230104  19131618   27.0430   102.8610      1.120   1.3    0.00    0.00   0.04       1349
20230104  19271102   26.8430   102.9620     12.800   3.5    0.00    0.00   0.00       1350
20230104  20022316   26.5790   103.2290     31.000   3.1    0.00    0.00   0.01       1351
20230104  20033980   26.8020   102.9300     15.480   2.3    0.00    0.00   0.50       1352
20230104  20123884   26.8730   102.9360      0.840   1.5    0.00    0.00  -0.17       1353
20230104  20152682   26.8390   103.1150     18.530   3.0    0.00    0.00   0.03       1354
20230104  20431740   27.1730   102.8690      1.940   0.9    0.00    0.00   0.54       1355
20230104  22054272   27.1360   102.9540      1.510   2.8    0.00    0.00   0.01       1356
20230104  22103812   26.7450   103.1350      1.550   2.2    0.00    0.00   0.03       1357
20230104  22203136   26.6340   103.0460      0.380   2.3    0.00    0.00   0.08       1358
20230104  22275256   26.9640   102.8470      2.790   2.3    0.00    0.00  -0.28       1359
20230104  22340894   26.9570   102.9180      5.690   2.1    0.00    0.00  -0.03       1360
20230104  22490914   26.6610   103.0090      0.990   2.3    0.00    0.00   0.18       1361
20230104  22581248   26.5270   102.9900     26.750   3.6    0.00    0.00  -0.01       1362
20230104  23134840   26.8570   102.7930      1.670   2.4    0.00    0.00   0.04       1363
20230104  23545684   27.3590   102.7860      1.120   2.9    0.00    0.00   0.20       1364
20230105    255843   26.5930   103.0440      0.770   3.0    0.00    0.00   0.20       1365
20230105   2343906   27.1090   102.8880     13.990   3.3    0.00    0.00   0.01       1366
20230105   2574684   27.0980   102.7160      0.870   2.4    0.00    0.00   0.03       1367
20230105   3221948   26.7520   103.0010      0.860   2.8    0.00    0.00   0.76       1368
20230105   4043479   26.7460   103.1840     19.100   4.2    0.00    0.00  -0.00       1369
20230105   4043966   27.0810   102.8130      1.480   3.4    0.00    0.00   0.11       1370
20230105   5030496   27.1770   102.8260      2.740   3.6    0.00    0.00   0.05       1371
20230105   5442981   27.0840   102.9630      1.320   3.1    0.00    0.00   0.00       1372
20230105   6035457   26.9130   102.9300      1.060   2.5    0.00    0.00  -0.05       1373
20230105   6051346   26.8400   103.0230      1.460   2.5    0.00    0.00   0.30       1374
20230105   6375774   27.1950   103.1050      1.630   2.7    0.00    0.00  -0.00       1375
20230105   7413672   26.7240   103.2390      1.160   2.9    0.00    0.00  -0.94       1376
20230105   8531610   26.7290   102.9380      2.240   0.9    0.00    0.00   0.04       1377
20230105   8542577   27.2410   102.9650      1.810   1.9    0.00    0.00   0.22       1378
20230105   9131965   27.0440   102.7070      0.800   1.4    0.00    0.00   0.20       1379
20230105   9563684   26.6470   102.9660      1.170   1.0    0.00    0.00   0.05       1380
20230105  10343165   26.7900   102.9810      1.030   3.4    0.00    0.00   0.01       1381
20230105  10512596   26.9390   102.7950      1.070   2.8    0.00    0.00   0.00       1382
20230105  11132717   27.2080   103.1060     17.040   3.0    0.00    0.00   0.01       1383
20230105  11203704   26.9390   103.0810      0.000   3.0    0.00    0.00   0.02       1384
20230105  11233846   27.2640   102.9580     29.410   3.3    0.00    0.00   0.03       1385
20230105  13333959   26.9040   103.0160      0.000   2.7    0.00    0.00   0.03       1386
20230105  13364304   26.8470   102.9570      8.490   3.8    0.00    0.00   0.02       1387
20230105  14094872   27.2320   102.9580     19.000   2.1    0.00    0.00  -0.12       1388
20230105  14143231   26.9630   102.8870     19.790   2.5    0.00    0.00   0.07       1389
20230105  14395689   26.6610   102.9000      1.180   1.7    0.00    0.00  -0.11       1390
20230105  15064644   26.9810   102.9400      1.250   2.4    0.00    0.00   0.23       1391
20230105  15481403   26.7810   102.4910      0.140   3.4    0.00    0.00   0.04       1392
20230105  16022851   27.0170   102.7160      0.150   2.9    0.00    0.00   0.01       1393
20230105  16102425   27.1650   102.7940     20.010   2.9    0.00    0.00   0.02       1394
20230105  16583771   26.9230   102.9210      9.500   3.2    0.00    0.00  -0.03       1395
20230105  17041212   26.5390   103.0550      0.870   1.5    0.00    0.00   0.23       1396
20230105  17215328   26.9080   102.9110      1.090   2.3    0.00    0.00  -0.10       1397
20230105  17382956   27.3150   103.0120     16.950   4.0    0.00    0.00  -0.06       1398
20230105  17495184   26.8050   102.9360     23.730   1.6    0.00    0.00  -0.16       1399
20230105  17562954   26.7250   103.0810      0.290   2.9    0.00    0.00  -0.12       1400
20230105  17563534   26.7180   103.0220      0.980   2.4    0.00    0.00  -0.04       1401
20230105  18214588   26.7620   102.9480      6.990   2.2    0.00    0.00  -0.02       1402
20230105  18242600   27.0750   102.5500      0.410   2.9    0.00    0.00   0.19       1403
20230105  18264934   26.9970   102.8300      6.120   2.6    0.00    0.00   0.00       1404
20230105  18482316   26.7880   102.9800     13.870   3.0    0.00    0.00   0.02       1405
20230105  18531388   26.9820   102.8940     20.640   1.2    0.00    0.00   0.04       1406
20230105  18574264   27.0030   103.0440      1.280   2.6    0.00    0.00   0.07       1407
20230105  19023940   27.0660   102.6780     30.480   3.2    0.00    0.00  -0.00       1408
20230105  19040464   26.8190   102.9690     10.010   2.9    0.00    0.00  -0.00       1409
20230105  19192086   26.8440   102.9580      3.670   2.6    0.00    0.00   0.00       1410
20230105  19203166   26.9070   102.8320     10.340   2.4    0.00    0.00   0.01       1411
20230105  19343620   26.8500   102.9540      3.850   2.3    0.00    0.00   0.01       1412
20230105  19385492   26.8450   102.9430     12.980   3.3    0.00    0.00   0.01       1413
20230105  19414022   27.0180   102.8820     13.010   2.8    0.00    0.00  -0.03       1414
20230105  19432612   26.8810   102.8250     11.840   3.0    0.00    0.00   0.00       1415
20230105  19531242   26.9360   103.1090      1.920   2.3    0.00    0.00  -0.08       1416
20230105  19572280   26.8310   102.9320     13.440   2.6    0.00    0.00  -0.02       1417
20230105  20245172   26.7060   102.6290      0.000   2.7    0.00    0.00  -0.02       1418
20230105  20285108   27.2540   103.0620      1.710   2.0    0.00    0.00   0.45       1419
20230105  20360572   27.0320   102.8460      1.020   2.8    0.00    0.00  -0.09       1420
20230105  20400032   26.9690   102.9270      1.190   0.2    0.00    0.00   0.28       1421
20230105  20404072   27.1080   103.0260      1.620   2.3    0.00    0.00   0.01       1422
20230105  20564324   26.7570   102.9950      0.840   0.2    0.00    0.00   0.85       1423
20230105  21022126   27.0010   102.9050      7.630   3.1    0.00    0.00  -0.01       1424
20230105  21044856   26.8370   102.9730     15.830   3.5    0.00    0.00   0.06       1425
20230105  21314142   26.9330   102.9420      1.160   2.1    0.00    0.00   0.14       1426
20230105  21351272   26.7990   103.1530      1.620   2.6    0.00    0.00   0.11       1427
20230105  21573658   26.8250   102.9640     16.810   5.6    0.00    0.00  -0.02       1428
20230105  21573956   27.0100   103.0290      1.030   5.0    0.00    0.00   0.02       1429
20230105  22012806   26.9790   103.0070      0.000   2.7    0.00    0.00  -0.02       1430
20230105  22040980   26.8280   102.9660     11.510   4.9    0.00    0.00   0.00       1431
20230105  22081804   26.8660   102.8620      9.350   2.8    0.00    0.00  -0.01       1432
20230105  22155436   26.8280   102.9420      8.840   2.9    0.00    0.00   0.01       1433
20230105  22191356   27.1230   102.7870     31.000   4.1    0.00    0.00  -0.04       1434
20230105  22191454   26.6500   103.0170     21.410   2.5    0.00    0.00  -0.02       1435
20230105  22210548   26.8380   102.9650     14.320   5.6    0.00    0.00  -0.03       1436
20230105  22274596   26.8380   102.9700      8.140   4.0    0.00    0.00  -0.01       1437
20230105  22352316   26.8840   102.8200      0.660   2.5    0.00    0.00   0.15       1438
20230105  22432980   26.8610   102.9650     15.790   5.2    0.00    0.00  -0.00       1439
20230105  22451752   26.8370   102.9690     12.090   4.8    0.00    0.00  -0.07       1440
20230105  22472032   26.8350   102.9690     12.520   3.1    0.00    0.00  -0.01       1441
20230105  22553498   26.8300   102.9810     15.470   3.9    0.00    0.00   0.05       1442
20230105  22573320   27.0510   102.7490      0.890   2.2    0.00    0.00   0.51       1443
20230105  23022976   26.8190   102.9720     14.220   3.2    0.00    0.00  -0.02       1444
20230105  23054448   26.8400   102.9560     11.420   4.0    0.00    0.00   0.01       1445
20230105  23111848   26.8440   102.9470     16.020   3.4    0.00    0.00   0.02       1446
20230105  23255096   26.6790   102.9630      1.140   1.9    0.00    0.00   0.01       1447
20230105  23275708   26.8320   102.9690     13.900   5.4    0.00    0.00  -0.05       1448
20230105  23333632   26.8620   103.0060      0.000   3.2    0.00    0.00  -0.00       1449
20230105  23382692   26.8380   102.9750     14.260   3.7    0.00    0.00   0.01       1450
20230106    114280   26.8430   102.9480     16.970   3.5    0.00    0.00   0.08       1451
20230106    201446   26.7820   102.9980      0.900   2.1    0.00    0.00   0.02       1452
20230106    353390   26.7340   102.9920      1.980   3.2    0.00    0.00   0.05       1453
20230106    370954   26.6480   102.5440      0.770   3.3    0.00    0.00  -0.05       1454
20230106    562517   26.5010   103.0730     31.000   2.8    0.00    0.00  -0.07       1455
20230106   1021243   26.7920   102.7580      1.870   2.4    0.00    0.00   0.43       1456
20230106   1102339   26.4910   103.0250     24.510   3.8    0.00    0.00   0.06       1457
20230106   1222279   26.6850   103.1820      1.070   2.7    0.00    0.00  -0.00       1458
20230106   1433587   27.0330   102.8890      1.480   2.5    0.00    0.00   0.10       1459
20230106   1440696   26.5680   103.0320      0.720   2.5    0.00    0.00   0.53       1460
20230106   2091314   26.8320   102.9110     10.610   3.6    0.00    0.00   0.02       1461
20230106   2270442   26.5980   102.8380      0.000   3.6    0.00    0.00  -0.08       1462
20230106   2281492   27.1080   102.9830      1.480   3.2    0.00    0.00  -0.05       1463
20230106   2431496   26.8480   103.1810      2.040   2.4    0.00    0.00   0.14       1464
20230106   2502241   26.8370   102.9680     16.590   5.9    0.00    0.00  -0.03       1465
20230106   2562349   26.7820   102.9730      0.480   3.5    0.00    0.00  -0.12       1466
20230106   2570102   26.8300   102.9690     11.300   3.8    0.00    0.00  -0.02       1467
20230106   2584651   26.9610   102.6710     18.400   3.6    0.00    0.00  -0.02       1468
20230106   3005927   26.8330   102.9670     11.380   3.6    0.00    0.00  -0.06       1469
20230106   3250403   26.8320   102.9580     14.300   3.7    0.00    0.00  -0.00       1470
20230106   3291431   26.8250   102.9770      0.000   3.1    0.00    0.00  -0.06       1471
20230106   3310579   26.7940   102.7440      1.930   3.7    0.00    0.00   0.03       1472
20230106   3380333   26.6200   102.8270     18.770   3.7    0.00    0.00   0.00       1473
20230106   3413228   26.8370   102.9590     14.290   3.4    0.00    0.00  -0.02       1474
20230106   3531521   26.7080   103.0860      9.060   1.1    0.00    0.00   0.08       1475
20230106   4013274   26.4910   102.5830      0.650   3.0    0.00    0.00  -0.13       1476
20230106   4135741   27.0920   102.9380      1.420   2.5    0.00    0.00   0.07       1477
20230106   4270469   26.8440   103.0030     13.060   3.8    0.00    0.00   0.06       1478
20230106   4274633   26.8370   102.9690     13.540   3.9    0.00    0.00  -0.01       1479
20230106   4512331   26.8220   102.9530     12.320   3.7    0.00    0.00   0.00       1480
20230106   4534351   26.4910   103.0450     10.680   3.3    0.00    0.00   0.06       1481
20230106   5041362   27.0300   103.1060     25.020   3.5    0.00    0.00   0.03       1482
20230106   5110216   27.0220   102.8920      1.190   2.4    0.00    0.00  -0.00       1483
20230106   5142742   27.0880   102.9950      1.650   2.5    0.00    0.00  -0.00       1484
20230106   5224442   27.2750   102.9190      2.030   2.6    0.00    0.00   0.14       1485
20230106   5271307   27.0990   102.8310      0.400   2.8    0.00    0.00  -0.11       1486
20230106   5320217   27.2880   102.6640      0.900   3.3    0.00    0.00  -0.71       1487
20230106   5463775   26.9770   102.7880      0.870   1.4    0.00    0.00  -0.13       1488
20230106   6055233   26.8140   102.9710     12.270   3.0    0.00    0.00  -0.01       1489
20230106   6083350   26.8260   102.9410     10.710   3.0    0.00    0.00   0.01       1490
20230106   6121343   26.8620   103.0030      1.300   3.1    0.00    0.00  -0.01       1491
20230106   6270031   27.2970   102.8790      1.820   2.9    0.00    0.00   0.49       1492
20230106   6365302   26.9000   103.0110      0.950   2.5    0.00    0.00   0.06       1493
20230106   7002685   26.9390   102.8260     12.570   3.4    0.00    0.00   0.00       1494
20230106   7495385   27.0220   102.9270      1.330   0.9    0.00    0.00  -0.19       1495
20230106   7510693   26.8220   102.9700     12.850   4.0    0.00    0.00  -0.06       1496
20230106   8110654   26.6540   103.1010      0.530   3.3    0.00    0.00   0.10       1497
20230106   8235951   27.3870   102.9350      3.030   3.4    0.00    0.00  -0.03       1498
20230106   8513391   26.6040   102.7030      0.800   3.2    0.00    0.00   0.23       1499
20230106   8565173   26.7790   103.1540     12.840   2.6    0.00    0.00   0.02       1500
20230106   9083011   27.0590   103.1290      1.760   3.1    0.00    0.00  -0.03       1501
20230106   9563432   26.8420   102.8940     13.430   2.0    0.00    0.00   0.16       1502
20230106  10250931   26.9490   102.9470      1.640   3.5    0.00    0.00   0.18       1503
20230106  10260932   26.9900   102.7340      0.100   3.0    0.00    0.00  -0.15       1504
20230106  10284856   26.8950   102.8850      1.390   2.8    0.00    0.00  -0.01       1505
20230106  10344749   26.6900   103.0910      1.260   2.5    0.00    0.00   0.29       1506
20230106  10403190   26.9040   103.0000      2.210   3.3    0.00    0.00   0.05       1507
20230106  10505947   27.1910   102.8080      1.530   2.8    0.00    0.00   0.02       1508
20230106  11050141   26.8230   102.9880     17.390   3.2    0.00    0.00   0.00       1509
20230106  11154030   26.9960   102.9520      8.630   5.4    0.00    0.00   0.01       1510
20230106  11245976   26.8350   102.9710     11.470   3.7    0.00    0.00  -0.11       1511
20230106  11563059   27.1130   103.1710      0.000   2.5    0.00    0.00  -0.29       1512
20230106  12040046   26.9430   103.0000      2.240   2.9    0.00    0.00  -0.08       1513
20230106  12162613   26.9770   101.9910     31.000   3.9    0.00    0.00   0.65       1514
20230106  12285097   26.8260   102.9320      1.200   2.5    0.00    0.00   0.02       1515
20230106  12545229   26.8180   102.9470     11.940   3.0    0.00    0.00  -0.02       1516
20230106  13171175   27.0520   102.8520      0.890   3.0    0.00    0.00   0.01       1517
20230106  13501012   26.8150   102.9860      1.140   2.4    0.00    0.00  -0.05       1518
20230106  13501664   26.8150   102.9680      5.260   3.4    0.00    0.00   0.00       1519
20230106  14371756   26.8480   102.9660     12.020   3.7    0.00    0.00  -0.08       1520
20230106  14531873   26.7130   103.0190      0.740   1.8    0.00    0.00  -0.00       1521
20230106  15092901   26.8270   102.9700      1.720   2.3    0.00    0.00  -0.00       1522
20230106  15485173   27.4030   103.2590      3.140   3.0    0.00    0.00   0.19       1523
20230106  15491970   26.5610   102.2990      0.000   3.7    0.00    0.00   0.35       1524
20230106  15515529   27.0710   102.8400     23.380   3.3    0.00    0.00   0.08       1525
20230106  15532642   26.7670   103.0200      0.000   2.3    0.00    0.00   0.04       1526
20230106  15535113   26.6040   102.7520      0.170   3.0    0.00    0.00  -0.06       1527
20230106  15575240   26.8680   102.8320      0.850   2.3    0.00    0.00   0.01       1528
20230106  16095497   27.0810   103.0540      1.690   1.4    0.00    0.00   0.63       1529
20230106  16144260   26.8710   102.9040     14.980   2.7    0.00    0.00  -0.08       1530
20230106  16353681   26.9090   102.9390      5.680   2.5    0.00    0.00  -0.02       1531
20230106  16384913   27.0360   103.0530     31.000   1.9    0.00    0.00   0.02       1532
20230106  16434682   26.7980   102.7840      1.460   1.7    0.00    0.00   0.21       1533
20230106  16483609   26.5010   103.0260      5.880   3.5    0.00    0.00   0.40       1534
20230106  16523388   27.0740   102.7060      2.760   3.0    0.00    0.00   0.03       1535
20230106  16551493   26.9580   102.5820     15.610   3.1    0.00    0.00   0.00       1536
20230106  17031542   26.8350   102.8790      2.330   1.1    0.00    0.00   0.22       1537
20230106  17072120   26.7900   102.9800      1.800   2.2    0.00    0.00  -0.00       1538
20230106  17352444   26.8990   103.0550      1.370   1.8    0.00    0.00  -0.23       1539
20230106  17534446   26.8390   102.8340      1.290   1.0    0.00    0.00  -0.01       1540
20230106  18055256   26.7860   102.9760      1.800   2.2    0.00    0.00  -0.00       1541
20230106  18231812   26.6520   102.9880      0.560   1.2    0.00    0.00   0.50       1542
20230106  18234408   26.8720   102.7550      1.380   1.4    0.00    0.00  -0.01       1543
20230106  18392720   26.8580   102.9490      2.120   2.2    0.00    0.00   0.10       1544
20230106  18400402   26.4910   102.0720     31.000   3.6    0.00    0.00  -0.05       1545
20230106  18533650   26.8580   102.8780      1.350   2.2    0.00    0.00   0.01       1546
20230106  19231412   26.9470   102.9120      1.230   0.9    0.00    0.00  -0.03       1547
20230106  19283334   26.9950   102.8870     10.830   2.8    0.00    0.00   0.00       1548
20230106  19363512   27.0140   103.1180      1.410   1.4    0.00    0.00   0.84       1549
20230106  19440908   27.0000   102.8840      1.300   1.1    0.00    0.00   0.28       1550
20230106  20360542   26.8200   102.9600     13.520   3.7    0.00    0.00  -0.01       1551
20230106  20385216   27.0280   102.7130      1.260   2.7    0.00    0.00  -0.04       1552
20230106  20560880   27.1010   102.8100      1.130   3.0    0.00    0.00  -0.00       1553
20230106  21053192   27.0040   102.9130      1.090   2.8    0.00    0.00   0.01       1554
20230106  21073388   27.1370   102.8940     11.760   4.9    0.00    0.00   0.03       1555
20230106  21112542   26.9170   102.8480      0.000   2.5    0.00    0.00  -0.12       1556
20230106  21272452   27.1120   103.1180      1.970   3.2    0.00    0.00  -0.01       1557
20230106  21382920   26.8380   102.9700     12.520   4.3    0.00    0.00  -0.03       1558
20230106  21581206   27.0510   103.0040     13.200   2.7    0.00    0.00  -0.15       1559
20230106  22050842   26.9430   102.8120      2.640   2.8    0.00    0.00  -0.49       1560
20230106  22135578   26.8310   102.9550     17.040   4.5    0.00    0.00  -0.02       1561
20230106  22192168   26.9970   102.8470      1.350   1.4    0.00    0.00   0.13       1562
20230106  22355026   26.4910   103.1710     27.290   3.4    0.00    0.00   0.01       1563
20230106  22530444   27.0650   103.7160      7.270   2.1    0.00    0.00  -0.03       1564
20230106  23063716   26.6160   102.9620      1.290   1.9    0.00    0.00   0.52       1565
20230106  23101304   26.8170   103.0220     13.480   3.2    0.00    0.00  -0.09       1566
20230106  23151854   26.7350   102.8770      1.480   2.5    0.00    0.00  -0.03       1567
20230106  23240680   26.9450   102.8710      1.370   2.7    0.00    0.00   0.17       1568
20230106  23280432   27.2610   102.9430      3.150   2.7    0.00    0.00  -0.79       1569
20230106  23301946   27.0170   103.2820      7.540   3.2    0.00    0.00   0.04       1570
20230106  23435012   26.8400   103.1370      1.710   2.5    0.00    0.00   0.70       1571
20230107     34225   26.9810   102.2310      5.190   4.0    0.00    0.00  -0.06       1572
20230107    471739   27.0950   102.9560      5.330   3.2    0.00    0.00  -0.02       1573
20230107   1503599   26.8090   103.1150      9.060   2.3    0.00    0.00   0.01       1574
20230107   1562754   26.9800   102.9160     31.000   1.9    0.00    0.00  -0.48       1575
20230107   1565762   27.0180   102.5710      2.240   4.0    0.00    0.00   0.73       1576
20230107   2154173   26.9120   102.9390      0.880   2.5    0.00    0.00   0.63       1577
20230107   2535707   27.1930   102.8760     12.060   2.2    0.00    0.00  -0.01       1578
20230107   2551168   26.7570   102.9950      0.840   2.0    0.00    0.00   0.54       1579
20230107   4074838   27.0210   102.7040      0.740   2.7    0.00    0.00   0.08       1580
20230107   4151111   27.0600   103.2140      2.610   3.2    0.00    0.00   0.89       1581
20230107   4311952   26.7500   103.1810      2.350   2.9    0.00    0.00  -0.01       1582
20230107   4555849   27.5090   102.7560     14.410   2.5    0.00    0.00   0.09       1583
20230107   5103568   26.9260   102.6580     13.970   2.9    0.00    0.00   0.82       1584
20230107   5405654   26.8640   103.1090      1.660   2.1    0.00    0.00   0.23       1585
20230107   6455004   26.6880   103.0700      1.140   2.9    0.00    0.00   0.14       1586
20230107   6590073   26.8050   102.9890      3.750   3.5    0.00    0.00  -0.00       1587
20230107   7001081   26.6590   102.6370      0.000   3.4    0.00    0.00  -0.52       1588
20230107   7180538   27.0370   102.7270      0.840   2.5    0.00    0.00   0.18       1589
20230107   7305028   27.1220   102.8580      0.000   2.3    0.00    0.00  -0.07       1590
20230107   7444183   27.1310   103.1770      3.170   3.0    0.00    0.00   0.59       1591
20230107   7473129   27.0700   102.9060      0.590   3.2    0.00    0.00   0.03       1592
20230107   7481712   26.6840   102.8110      2.130   3.0    0.00    0.00   0.26       1593
20230107   8005334   26.7210   102.8860      3.310   2.1    0.00    0.00  -0.09       1594
20230107   8344327   26.8440   103.0910      1.610   2.3    0.00    0.00   0.01       1595
20230107   9182700   27.2630   102.8810      1.530   3.0    0.00    0.00   0.09       1596
20230107  11131636   26.8720   102.9320     10.190   1.4    0.00    0.00   0.21       1597
20230107  11384555   26.8460   102.9540     12.900   3.3    0.00    0.00   0.10       1598
20230107  11552396   27.2820   103.0870      2.260   3.3    0.00    0.00   0.02       1599
20230107  13101923   26.8700   103.2640      2.010   2.9    0.00    0.00   0.19       1600
20230107  13180602   26.8740   102.8800      3.800   2.6    0.00    0.00  -0.00       1601
20230107  13253716   27.0560   103.0060      1.420   3.2    0.00    0.00  -0.04       1602
20230107  14104115   27.2820   102.9980     13.940   2.8    0.00    0.00   0.07       1603
20230107  15105379   27.2440   102.9170     17.970   1.8    0.00    0.00   0.01       1604
20230107  15185302   27.1240   103.2320      2.660   2.9    0.00    0.00  -0.10       1605
20230107  15195433   27.0330   103.1860      2.180   1.3    0.00    0.00   0.48       1606
20230107  15391406   26.9560   102.9120     10.070   2.9    0.00    0.00  -0.01       1607
20230107  15400883   27.1120   102.8560     12.050   4.2    0.00    0.00  -0.01       1608
20230107  16092951   27.3820   103.3690     31.000   1.7    0.00    0.00  -0.26       1609
20230107  16250315   26.7980   103.0720      2.400   1.9    0.00    0.00   0.27       1610
20230107  16375538   26.8260   102.9630     11.400   2.6    0.00    0.00   0.02       1611
20230107  17082654   26.9880   103.0400      0.000   2.1    0.00    0.00   0.01       1612
20230107  17150302   26.6820   103.0070      1.790   2.4    0.00    0.00   0.15       1613
20230107  17172338   26.9040   102.9400      7.970   2.4    0.00    0.00   0.00       1614
20230107  17412834   27.0430   102.8120      1.080   2.7    0.00    0.00   0.04       1615
20230107  18240706   27.0820   102.7720      0.550   2.5    0.00    0.00  -0.00       1616
20230107  19254408   26.7360   102.8980      0.000   1.8    0.00    0.00   0.34       1617
20230107  19445718   27.3060   103.0200      1.630   2.0    0.00    0.00  -0.17       1618
20230107  19481736   27.0610   103.0140      0.780   2.9    0.00    0.00  -0.02       1619
20230107  20130654   26.8110   102.9660     11.980   3.4    0.00    0.00  -0.01       1620
20230107  20211640   26.8680   103.0860      0.540   2.9    0.00    0.00  -0.28       1621
20230107  20334456   26.8880   102.9510      0.000   1.1    0.00    0.00  -0.13       1622
20230107  20425724   26.9570   102.7960      3.320   2.3    0.00    0.00  -0.01       1623
20230107  21014348   26.6910   102.9890      1.790   1.8    0.00    0.00   0.12       1624
20230107  21131626   26.6120   102.9040      1.540   0.8    0.00    0.00  -0.01       1625
20230107  21134448   27.0780   102.7030      0.750   2.9    0.00    0.00   0.08       1626
20230107  21195584   27.1170   102.8510      1.450  -0.3    0.00    0.00   0.06       1627
20230107  22205492   26.9740   102.9390     11.760   2.8    0.00    0.00   0.00       1628
20230107  22472044   27.0550   102.7260      0.810   1.7    0.00    0.00   0.23       1629
20230107  23031728   26.8840   102.8330      1.540   1.1    0.00    0.00  -0.01       1630
20230107  23072354   27.0500   102.6250      0.820   3.1    0.00    0.00  -0.12       1631
20230108     62014   27.1170   102.7760      4.270   2.6    0.00    0.00   0.19       1632
20230108    345613   26.9770   102.8930      1.470   1.5    0.00    0.00   0.46       1633
20230108   1331653   26.7650   103.0360      1.290   1.6    0.00    0.00   0.00       1634
20230108   2202317   27.0000   102.9130     11.200   3.0    0.00    0.00   0.00       1635
20230108   2244249   27.1190   103.6160      0.700   3.4    0.00    0.00   0.98       1636
20230108   2331222   26.6840   102.6430     21.150   2.3    0.00    0.00   0.00       1637
20230108   2443188   26.4910   102.9630      1.480   3.3    0.00    0.00   0.20       1638
20230108   3484458   27.0650   102.8620      1.450   2.5    0.00    0.00   0.69       1639
20230108   4201782   27.0210   103.1430      1.060   3.1    0.00    0.00  -0.01       1640
20230108   4260932   26.7660   102.8120      9.130   3.1    0.00    0.00  -0.08       1641
20230108   4295675   26.8440   103.0210      6.540   2.5    0.00    0.00  -0.12       1642
20230108   4441192   26.7800   102.9700      1.830   2.7    0.00    0.00  -0.00       1643
20230108   5281657   26.8350   102.9610     14.940   3.7    0.00    0.00   0.01       1644
20230108   5521419   26.8120   103.0520      2.980   3.5    0.00    0.00  -0.03       1645
20230108   5594299   26.8200   102.9020      9.520   5.1    0.00    0.00  -0.02       1646
20230108   6180009   27.5090   103.7930      1.930   4.0    0.00    0.00   0.06       1647
20230108   6302837   26.7650   102.9040     14.260   2.9    0.00    0.00  -0.00       1648
20230108   6514216   26.8240   102.8850      0.520   2.7    0.00    0.00   0.09       1649
20230108   6521748   26.8840   103.0130      1.480   2.3    0.00    0.00   0.01       1650
20230108   7014516   27.0330   102.8770      5.700   3.4    0.00    0.00   0.11       1651
20230108   7435590   26.8520   102.9690     17.750   3.2    0.00    0.00  -0.09       1652
20230108   9210324   26.8290   102.9610     12.890   3.7    0.00    0.00  -0.01       1653
20230108   9303033   27.5090   102.9230      0.320   3.3    0.00    0.00  -0.49       1654
20230108   9441422   26.9890   102.8340     16.020   3.2    0.00    0.00  -0.02       1655
20230108  10173354   26.8090   102.9470      0.250   3.0    0.00    0.00   0.10       1656
20230108  10343415   27.1250   102.9000     14.680   4.5    0.00    0.00  -0.01       1657
20230108  11031669   26.7680   102.4380      1.650   3.3    0.00    0.00   0.04       1658
20230108  11073066   27.1260   102.7700      1.080   2.9    0.00    0.00   0.01       1659
20230108  11413075   26.5390   103.0860      0.950   3.0    0.00    0.00  -0.14       1660
20230108  12011057   26.8540   103.1250      3.190   3.3    0.00    0.00  -0.05       1661
20230108  12185345   26.8350   102.9620     13.400   3.6    0.00    0.00   0.03       1662
20230108  12535225   26.9270   102.9310      1.270   3.0    0.00    0.00   0.13       1663
20230108  13041191   26.4910   103.2570      7.960   2.2    0.00    0.00   0.05       1664
20230108  13313648   27.0830   102.7470      3.430   3.7    0.00    0.00   0.03       1665
20230108  14051900   27.3980   103.1040      1.800   2.9    0.00    0.00   0.01       1666
20230108  14133729   27.0750   103.0270      1.470   3.2    0.00    0.00  -0.03       1667
20230108  14551242   27.3620   103.0310      2.050   3.0    0.00    0.00   0.01       1668
20230108  15465459   26.9010   102.8250      1.710   2.2    0.00    0.00   0.03       1669
20230108  16102495   26.8960   102.7730      2.480   2.6    0.00    0.00   0.08       1670
20230108  16142784   27.5090   102.9370      3.380   2.6    0.00    0.00   0.42       1671
20230108  16214397   26.5810   103.0710      0.820   2.6    0.00    0.00   0.12       1672
20230108  16435317   27.1620   102.6300      0.810   3.0    0.00    0.00   0.11       1673
20230108  16584377   26.4910   103.0120      9.280   3.5    0.00    0.00   0.02       1674
20230108  17054396   26.8390   102.9630     11.420   3.1    0.00    0.00   0.10       1675
20230108  17412188   27.1640   103.0440      1.820   2.9    0.00    0.00   0.03       1676
20230108  17435744   27.1490   103.1220      1.600   3.1    0.00    0.00   0.00       1677
20230108  18034884   26.6850   103.0020     15.320   3.2    0.00    0.00   0.02       1678
20230108  18103948   26.8770   102.9780     14.620   2.5    0.00    0.00   0.01       1679
20230108  18171052   26.9360   103.1140      1.810   2.3    0.00    0.00  -0.06       1680
20230108  18181424   26.7160   103.0390      1.070   2.3    0.00    0.00   0.25       1681
20230108  18531408   26.8980   102.9630     27.220   1.6    0.00    0.00  -0.12       1682
20230108  19143446   27.5090   102.8270      2.000   3.5    0.00    0.00   0.04       1683
20230108  20063630   26.6480   102.9260      1.370  -0.5    0.00    0.00  -0.01       1684
20230108  20152160   27.0840   102.9540      1.290   2.5    0.00    0.00  -0.01       1685
20230108  20474770   27.0520   102.6830     18.980   2.9    0.00    0.00  -0.01       1686
20230108  20531920   26.9480   102.9180      1.040   1.2    0.00    0.00   0.12       1687
20230108  20592012   26.8120   102.9700     16.420   3.0    0.00    0.00   0.14       1688
20230108  21174244   26.7710   102.9840      0.680   2.4    0.00    0.00   0.24       1689
20230108  21293116   26.9920   102.8680     17.350   2.8    0.00    0.00  -0.00       1690
20230108  21391364   26.9360   102.8880     14.780   3.3    0.00    0.00  -0.00       1691
20230108  21472970   26.9350   102.8940     14.080   3.2    0.00    0.00  -0.03       1692
20230108  21564804   26.7530   103.2290      1.890   3.8    0.00    0.00   0.15       1693
20230108  22471976   26.5590   103.0030      6.420   4.4    0.00    0.00  -0.01       1694
20230108  23035048   27.0430   102.8680      1.300   1.9    0.00    0.00   0.12       1695
20230109   1022525   26.8900   102.9380     10.370   3.1    0.00    0.00  -0.01       1696
20230109   1111609   26.9750   102.8240      2.770   3.2    0.00    0.00   0.58       1697
20230109   3264897   26.7370   102.7690      2.020   2.2    0.00    0.00   0.35       1698
20230109   3442284   26.9280   103.0090      1.310   2.6    0.00    0.00   0.06       1699
20230109   4333205   26.5500   103.1230     17.380   4.0    0.00    0.00  -0.07       1700
20230109   4543694   26.9940   102.8580      1.070   2.8    0.00    0.00   0.01       1701
20230109   5034764   26.5570   102.8260      0.000   2.7    0.00    0.00   0.05       1702
20230109   5520998   27.1980   102.9850      1.690   4.2    0.00    0.00   0.00       1703
20230109   5571487   26.8760   102.7740      1.890   2.3    0.00    0.00   0.38       1704
20230109   5575320   26.8300   103.0860      0.000   2.3    0.00    0.00  -0.03       1705
20230109   6042680   26.9830   102.6050      5.320   2.9    0.00    0.00   0.15       1706
20230109   6054652   26.9680   102.9280      1.200   1.0    0.00    0.00   0.68       1707
20230109   7005060   27.0150   102.5920      9.620   3.6    0.00    0.00  -0.03       1708
20230109   7072561   26.7110   102.9620     17.920   3.3    0.00    0.00  -0.03       1709
20230109   7201385   26.5890   102.9930      0.950   4.1    0.00    0.00  -0.13       1710
20230109   7592382   27.0840   102.9890      1.440   2.6    0.00    0.00   0.01       1711
20230109   9185324   27.1430   103.2440     16.510   4.3    0.00    0.00  -0.02       1712
20230109  10531715   26.9210   103.0610      1.750   2.2    0.00    0.00  -0.14       1713
20230109  14192368   26.9090   102.9950      0.980   2.8    0.00    0.00  -0.09       1714
20230109  14233926   26.7390   102.9980      0.800   1.5    0.00    0.00   0.57       1715
20230109  14574704   26.7570   103.4730      1.510   4.0    0.00    0.00   0.39       1716
20230109  15160135   27.1320   102.9820     11.830   3.2    0.00    0.00   0.33       1717
20230109  15314105   26.7110   102.9870      0.870   2.9    0.00    0.00   0.25       1718
20230109  16061747   26.8670   102.9520      7.110   3.2    0.00    0.00   0.01       1719
20230109  16142477   26.8690   102.9350     11.850   3.0    0.00    0.00   0.04       1720
20230109  16392872   26.8800   102.9460     10.210   3.0    0.00    0.00   0.00       1721
20230109  16571640   26.8740   102.9550     13.550   4.2    0.00    0.00  -0.09       1722
20230109  17103824   26.6710   103.0040     19.840   3.9    0.00    0.00   0.00       1723
20230109  17531910   26.9450   102.9050      1.090   1.3    0.00    0.00   0.01       1724
20230109  18085072   26.4910   103.0160     31.000   4.4    0.00    0.00  -0.05       1725
20230109  18142910   26.9050   102.9970     12.100   2.3    0.00    0.00   0.00       1726
20230109  19083798   26.8860   102.9510     10.880   2.9    0.00    0.00  -0.00       1727
20230109  19140080   26.9120   102.8790      8.970   2.3    0.00    0.00  -0.02       1728
20230109  19184368   26.9530   102.9240      4.390   2.5    0.00    0.00   0.05       1729
20230109  19273244   26.8580   102.9380      7.800   2.9    0.00    0.00   0.01       1730
20230109  19360806   26.9150   102.8990     10.410   2.9    0.00    0.00  -0.00       1731
20230109  20351738   26.8750   102.9400     11.870   4.9    0.00    0.00  -0.00       1732
20230109  20392086   26.8730   102.9480     10.200   3.4    0.00    0.00  -0.03       1733
20230109  21450544   26.8660   102.9500      8.200   3.0    0.00    0.00  -0.01       1734
20230109  21544788   26.8970   102.9460      1.020   2.2    0.00    0.00   0.05       1735
20230109  21582296   26.4910   103.0180      7.090   2.5    0.00    0.00  -0.02       1736
20230109  22070450   26.8820   102.9480     10.280   3.6    0.00    0.00   0.02       1737
20230109  22122544   26.8810   102.9510     13.300   3.7    0.00    0.00  -0.01       1738
20230109  22535696   26.8380   103.0490      0.690   2.6    0.00    0.00   0.08       1739
20230109  23073824   26.9770   102.8970      1.850   3.0    0.00    0.00   0.02       1740
20230109  23133434   26.5260   102.7960      0.000   3.6    0.00    0.00  -0.03       1741
20230109  23270680   27.0390   102.8380     11.570   3.3    0.00    0.00  -0.01       1742
20230110     10661   26.6330   102.7660     31.000   2.5    0.00    0.00   0.19       1743
20230110   1081967   26.6780   102.8850     15.570   2.8    0.00    0.00   0.02       1744
20230110   1210534   26.6720   102.9290      0.420   3.1    0.00    0.00   0.00       1745
20230110   1330267   26.8950   103.2740      0.000   4.2    0.00    0.00  -0.22       1746
20230110   1330383   27.3320   103.1860      2.110   4.1    0.00    0.00   0.00       1747
20230110   1445478   26.8710   102.9290      7.600   2.7    0.00    0.00   0.00       1748
20230110   1501878   26.9920   102.8160      1.490   2.7    0.00    0.00   0.05       1749
20230110   2340751   27.2560   102.8410      1.940   2.2    0.00    0.00   0.18       1750
20230110   3402838   27.3640   102.9310      1.670   3.1    0.00    0.00  -0.05       1751
20230110   4130053   26.9030   102.9480      6.610   2.8    0.00    0.00  -0.00       1752
20230110   4504844   27.0340   102.9040      1.340   2.9    0.00    0.00   0.16       1753
20230110   5104151   27.3050   102.8160     13.870   2.8    0.00    0.00   0.01       1754
20230110   5240102   27.2010   103.1590      1.950   3.2    0.00    0.00   0.79       1755
20230110   5524599   26.8470   102.8620     21.680   3.1    0.00    0.00   0.01       1756
20230110   6475787   27.1210   102.8490      1.770   3.4    0.00    0.00  -0.00       1757
20230110   6505737   26.5880   102.9460      1.530   2.8    0.00    0.00   0.01       1758
20230110   7155324   26.9990   102.6930      0.850   2.7    0.00    0.00  -0.01       1759
20230110   7201832   27.0090   102.8080      6.770   3.0    0.00    0.00   0.00       1760
20230110   7233463   27.1750   103.1210      2.460   5.0    0.00    0.00  -0.01       1761
20230110   7375918   27.3450   103.3570      0.000   3.7    0.00    0.00   0.01       1762
20230110   8015225   27.1270   102.7460      1.050   3.0    0.00    0.00   0.16       1763
20230110   8160055   26.9510   102.9050      1.540   2.0    0.00    0.00   0.06       1764
20230110   8195052   26.9900   102.8420     10.230   3.9    0.00    0.00   0.01       1765
20230110   8195485   26.9840   102.9110      1.290   3.1    0.00    0.00  -0.03       1766
20230110   8451641   26.7300   102.8400     31.000   3.5    0.00    0.00   0.06       1767
20230110   8523274   26.8400   102.9550      0.590   2.6    0.00    0.00  -0.05       1768
20230110   9122267   26.4910   103.2140      1.330   3.5    0.00    0.00   0.02       1769
20230110   9510770   26.8750   102.9390      9.170   3.4    0.00    0.00  -0.01       1770
20230110  10220449   26.8920   103.1190      1.700   2.8    0.00    0.00   0.08       1771
20230110  10463898   27.2510   102.9630      1.840   1.5    0.00    0.00   0.09       1772
20230110  10575007   26.9810   103.0490      1.440   2.8    0.00    0.00   0.06       1773
20230110  12133742   26.4910   103.0680      0.940   2.2    0.00    0.00   0.13       1774
20230110  12271247   26.7420   102.9950      0.790   2.0    0.00    0.00   0.01       1775
20230110  12470130   26.8550   102.8470      2.690   2.5    0.00    0.00  -0.01       1776
20230110  13033824   26.7310   102.9760      1.090   3.1    0.00    0.00   0.02       1777
20230110  13342382   26.8780   102.9610     18.370   3.4    0.00    0.00   0.04       1778
20230110  13364828   26.8390   102.9410     10.940   3.4    0.00    0.00   0.00       1779
20230110  14220239   26.8520   102.9610      4.770   2.8    0.00    0.00   0.02       1780
20230110  15072070   26.8220   102.9440      9.420   2.9    0.00    0.00  -0.00       1781
20230110  15123922   26.6320   102.9310     15.440   3.1    0.00    0.00   0.00       1782
20230110  15132593   26.8540   102.9510     15.040   3.7    0.00    0.00  -0.01       1783
20230110  16153478   27.2460   103.0550      2.290   2.9    0.00    0.00  -0.16       1784
20230110  16191921   26.8350   102.9530     10.980   2.9    0.00    0.00   0.00       1785
20230110  16250948   26.6720   102.6270      0.000   3.1    0.00    0.00  -0.10       1786
20230110  17013100   27.3800   102.8300      2.420   2.0    0.00    0.00   0.08       1787
20230110  17453940   26.9490   103.0290      1.270   2.5    0.00    0.00  -0.42       1788
20230110  18131356   26.8960   102.9290      1.850   0.6    0.00    0.00  -0.04       1789
20230110  18325084   26.9790   102.9220      7.550   2.7    0.00    0.00   0.02       1790
20230110  19042914   26.9860   102.5460      0.480   2.5    0.00    0.00   0.03       1791
20230110  19374520   27.0960   102.6130      2.070   2.7    0.00    0.00   0.20       1792
20230110  20031614   26.8170   102.8880      0.000   0.3    0.00    0.00  -0.17       1793
20230110  20044656   27.0160   102.7920      1.150   0.7    0.00    0.00  -0.01       1794
20230110  20131368   27.0160   102.7730      2.920   0.7    0.00    0.00   0.06       1795
20230110  20311612   27.0360   102.8960      0.670   2.9    0.00    0.00  -0.01       1796
20230110  20374468   27.4820   102.9740      2.250   3.0    0.00    0.00   0.13       1797
20230110  20531524   26.8460   102.8860     10.620   1.6    0.00    0.00   0.03       1798
20230110  20543026   26.4910   104.0090     31.000   4.0    0.00    0.00  -0.67       1799
20230110  21053500   27.1730   103.1350      1.550   3.8    0.00    0.00  -0.05       1800
20230110  21111874   27.1580   103.2560      1.710   2.6    0.00    0.00   0.01       1801
20230110  21283514   26.4910   103.0150     22.630   3.3    0.00    0.00  -0.01       1802
20230110  21555306   27.1510   102.7820      1.180   3.0    0.00    0.00  -0.01       1803
20230110  22345656   26.4910   103.0120      1.370   3.3    0.00    0.00   0.00       1804
20230110  22462186   27.1210   102.8290      7.770   3.2    0.00    0.00   0.03       1805
20230110  22571698   26.6740   102.9770      0.470   2.8    0.00    0.00   0.04       1806
20230110  23133916   27.3950   102.7880      1.280   3.8    0.00    0.00  -0.02       1807
20230110  23150914   26.9860   102.7880      1.890   2.8    0.00    0.00  -0.00       1808
20230110  23560104   26.7620   102.7520      0.000   1.9    0.00    0.00   0.08       1809
20230111     71778   26.8430   102.9350     14.840   3.6    0.00    0.00   0.01       1810
20230111    230896   27.0850   102.8780      0.970   2.4    0.00    0.00  -0.67       1811
20230111    360580   26.9410   102.8870      6.370   2.7    0.00    0.00  -0.05       1812
20230111    375404   26.6270   103.0470      0.630   3.4    0.00    0.00   0.23       1813
20230111   1542666   26.9640   103.2660      2.300   2.5    0.00    0.00   0.18       1814
20230111   2150574   27.3190   102.9240      1.740   2.7    0.00    0.00   0.58       1815
20230111   2234879   26.8320   103.1290      1.540   2.5    0.00    0.00   0.42       1816
20230111   3035859   27.3530   102.9100     18.370   3.4    0.00    0.00   0.01       1817
20230111   3550763   27.5090   102.3590     31.000   3.5    0.00    0.00  -0.17       1818
20230111   3572363   26.6660   103.1870      0.910   3.2    0.00    0.00   0.01       1819
20230111   4170399   26.8760   102.9370      7.630   2.8    0.00    0.00  -0.02       1820
20230111   4204327   27.0980   103.1530     18.230   3.9    0.00    0.00   0.01       1821
20230111   4480810   26.8050   102.9520      0.840   3.0    0.00    0.00   0.06       1822
20230111   4482614   27.1100   102.8740     15.690   4.3    0.00    0.00   0.00       1823
20230111   4554605   26.9640   102.7380      1.030   2.8    0.00    0.00   0.03       1824
20230111   5465088   26.9410   103.0050      5.840   3.1    0.00    0.00  -0.02       1825
20230111   6172471   26.8790   102.8470      0.220   3.3    0.00    0.00  -0.13       1826
20230111   6381845   27.2590   102.8110      0.990   3.5    0.00    0.00   0.90       1827
20230111   7165322   27.1160   102.8030      1.140   3.3    0.00    0.00   0.01       1828
20230111   7395417   27.0530   103.0050      6.150   1.0    0.00    0.00   0.69       1829
20230111   8071919   26.8260   102.9750      0.690   2.9    0.00    0.00   0.12       1830
20230111   9185784   27.1900   102.8030      1.570   2.8    0.00    0.00   0.03       1831
20230111  10020193   27.1030   103.0130      1.560   3.0    0.00    0.00  -0.18       1832
20230111  10175236   27.1520   102.7530     28.340   3.2    0.00    0.00  -0.02       1833
20230111  10201578   27.0490   102.9160      1.330   3.4    0.00    0.00  -0.01       1834
20230111  10331280   26.9090   102.8930      1.450   2.1    0.00    0.00  -0.02       1835
20230111  10362739   26.6630   102.7820      5.680   2.7    0.00    0.00  -0.27       1836
20230111  10532483   27.1620   103.1910      1.410   3.1    0.00    0.00   0.02       1837
20230111  11110892   26.8470   102.9690      0.870   3.3    0.00    0.00   0.52       1838
20230111  11491664   27.0140   102.9460      1.280   2.3    0.00    0.00  -0.01       1839
20230111  12051329   27.0600   103.5050      0.100   3.5    0.00    0.00  -0.03       1840
20230111  12102990   26.7960   102.9760      1.780   2.8    0.00    0.00   0.00       1841
20230111  12251842   26.9680   102.9280      1.200   1.3    0.00    0.00   0.44       1842
20230111  12334390   26.9080   103.0050      1.500   2.4    0.00    0.00   0.01       1843
20230111  12340965   26.7270   102.8310      1.530   2.8    0.00    0.00  -0.14       1844
20230111  12384283   26.9500   102.8890      0.960   1.7    0.00    0.00   0.16       1845
20230111  12401814   26.8890   102.9400     13.250   3.3    0.00    0.00  -0.04       1846
20230111  12475646   27.1060   102.8630     11.690   2.5    0.00    0.00  -0.00       1847
20230111  13362261   27.2000   102.7410      0.060   2.1    0.00    0.00   0.12       1848
20230111  13461448   26.5050   103.1540      0.000   2.9    0.00    0.00   0.06       1849
20230111  14170936   27.5090   102.7900      0.780   3.4    0.00    0.00  -0.06       1850
20230111  14303310   26.9290   103.0870      1.920   2.7    0.00    0.00   0.02       1851
20230111  15005920   26.9260   102.8700      0.810   2.3    0.00    0.00  -0.05       1852
20230111  15095892   26.8560   102.9690      0.520   2.8    0.00    0.00  -0.01       1853
20230111  15172740   27.0510   103.0910      2.050   3.6    0.00    0.00   0.03       1854
20230111  15390276   26.8770   102.9420     10.220   3.5    0.00    0.00   0.02       1855
20230111  16390835   26.4910   102.9370      0.000   2.6    0.00    0.00   0.01       1856
20230111  17073908   26.7980   103.1360      1.560   0.9    0.00    0.00   0.07       1857
20230111  17101770   26.6940   102.7930      0.270   1.1    0.00    0.00   0.05       1858
20230111  17583864   26.8920   102.2400     31.000   3.5    0.00    0.00   0.25       1859
20230111  18141676   27.0000   102.8950      1.470   2.2    0.00    0.00   0.23       1860
20230111  18284380   26.6970   102.9840      1.810   2.1    0.00    0.00   0.22       1861
20230111  18314940   26.8920   102.9490     10.610   3.0    0.00    0.00  -0.00       1862
20230111  18344428   26.8520   102.8850      1.470   1.8    0.00    0.00  -0.06       1863
20230111  18551060   26.9360   103.1770      1.160   1.7    0.00    0.00   0.16       1864
20230111  20004208   26.7460   103.1660     31.000   1.2    0.00    0.00  -0.02       1865
20230111  20032736   26.7130   102.8580      1.980   1.6    0.00    0.00   0.16       1866
20230111  20040560   26.9680   102.8040     23.110   1.3    0.00    0.00   0.15       1867
20230111  20352594   26.8440   102.9660     18.360   2.9    0.00    0.00   0.02       1868
20230111  20471784   27.1300   103.0920      9.870   2.4    0.00    0.00  -0.11       1869
20230111  21441128   26.8420   102.7620      0.650   3.1    0.00    0.00   0.22       1870
20230111  22130656   27.1900   102.2160      5.330   3.0    0.00    0.00   0.25       1871
20230111  22514450   26.9640   102.8590      1.380   2.2    0.00    0.00   0.23       1872
20230111  23223146   27.1700   102.8670     16.210   3.0    0.00    0.00  -0.00       1873
20230111  23413008   27.2690   102.9170      1.960   1.5    0.00    0.00   0.61       1874
20230111  23460776   26.7230   102.7960      1.920   2.8    0.00    0.00   0.78       1875
20230112     51718   26.8760   102.5970      2.670   3.2    0.00    0.00  -0.84       1876
20230112    110154   26.9280   102.7770      1.350   2.7    0.00    0.00  -0.02       1877
20230112   1420214   27.0340   102.8180     17.040   3.9    0.00    0.00  -0.02       1878
20230112   2373377   26.6650   103.1920      0.000   3.2    0.00    0.00  -0.01       1879
20230112   2483472   27.1800   102.9830      8.150   3.3    0.00    0.00   0.03       1880
20230112   3375269   26.7890   102.8560      0.560   3.0    0.00    0.00   0.05       1881
20230112   4475003   26.8770   103.1260     12.570   2.9    0.00    0.00   0.06       1882
20230112   6063610   27.1020   102.9410      1.420   3.2    0.00    0.00   0.08       1883
20230112   6255163   27.1080   102.8830     16.290   6.0    0.00    0.00  -0.01       1884
20230112   6364596   27.1180   102.8300     14.590   5.0    0.00    0.00   0.06       1885
20230112   6540812   27.1270   102.8370      2.160   3.2    0.00    0.00  -0.02       1886
20230112   8003238   27.1510   102.7310      0.790   3.8    0.00    0.00  -0.01       1887
20230112   8062593   27.0990   102.9340      0.000   2.3    0.00    0.00  -0.04       1888
20230112   8184624   27.3000   102.9600      1.590   3.1    0.00    0.00  -0.77       1889
20230112   8234062   27.0430   103.1120      1.160   3.2    0.00    0.00  -0.15       1890
20230112   9003270   26.6960   103.1700      4.490   2.7    0.00    0.00   0.01       1891
20230112   9083932   26.4910   102.9220      0.000   3.4    0.00    0.00  -0.02       1892
20230112   9175972   26.9680   102.9110      2.440   2.8    0.00    0.00   0.42       1893
20230112   9202707   27.1430   102.7750      0.970   3.6    0.00    0.00  -0.02       1894
20230112   9241786   27.0890   102.9060     15.830   3.9    0.00    0.00   0.01       1895
20230112   9501932   27.1140   103.1250      2.570   3.6    0.00    0.00   0.06       1896
20230112   9595690   27.0210   102.8400      1.370   2.5    0.00    0.00  -0.16       1897
20230112  11002550   27.1250   102.8150     12.910   4.2    0.00    0.00  -0.03       1898
20230112  13032594   27.0730   102.9500      1.330   2.7    0.00    0.00   0.00       1899
20230112  14013893   27.1060   102.7240      1.250   3.1    0.00    0.00   0.50       1900
20230112  14095980   27.2120   102.9410      2.280   3.5    0.00    0.00  -0.01       1901
20230112  15103418   26.6270   102.8660      0.760   2.6    0.00    0.00  -0.06       1902
20230112  15143068   27.0150   102.8080      0.580   2.7    0.00    0.00   0.07       1903
20230112  15491977   26.4910   102.8440      2.180   2.2    0.00    0.00   0.04       1904
20230112  16084487   26.7440   102.8640      1.980   2.1    0.00    0.00   0.15       1905
20230112  17352540   27.0730   102.7920      1.340   1.9    0.00    0.00  -0.01       1906
20230112  17472968   27.2020   102.7910      1.140   2.9    0.00    0.00   0.17       1907
20230112  17523792   26.9240   102.7540      8.780   2.6    0.00    0.00  -0.00       1908
20230112  17531776   27.0600   102.9680      1.090   2.2    0.00    0.00  -0.01       1909
20230112  18135476   26.7240   103.2030      7.760   2.7    0.00    0.00   0.03       1910
20230112  18310760   26.7570   102.9950      0.840   1.9    0.00    0.00  -0.04       1911
20230112  18390900   27.1030   102.8330     15.840   3.1    0.00    0.00   0.00       1912
20230112  18534120   27.0620   102.9120      1.280   2.3    0.00    0.00   0.01       1913
20230112  18571448   26.6740   102.7510      1.880   2.7    0.00    0.00   0.51       1914
20230112  19022018   27.3140   103.0860      2.070   2.7    0.00    0.00  -0.99       1915
20230112  19081628   27.0520   103.2080      2.370   2.3    0.00    0.00   0.04       1916
20230112  19320356   26.5280   102.7490      1.920   2.8    0.00    0.00  -0.72       1917
20230112  19472360   26.9800   102.8470     13.630   2.7    0.00    0.00  -0.08       1918
20230112  19523196   27.2110   102.9130      1.690   2.7    0.00    0.00   0.12       1919
20230112  20145894   26.8640   102.9720      8.720   2.5    0.00    0.00  -0.00       1920
20230112  20234640   27.1640   103.2900     31.000   3.3    0.00    0.00  -0.02       1921
20230112  21263476   26.8990   102.8370      1.810   0.4    0.00    0.00  -0.32       1922
20230112  21271686   27.1110   102.8600     15.980   4.8    0.00    0.00   0.02       1923
20230112  22302324   27.1160   102.8650     16.670   3.9    0.00    0.00   0.01       1924
20230112  22421872   26.8860   102.8970      1.410   2.7    0.00    0.00  -0.01       1925
20230112  22452916   27.1080   102.7970     14.270   3.7    0.00    0.00   0.03       1926
20230112  23400488   27.0430   103.0960      1.930   3.0    0.00    0.00   0.07       1927
20230113     20485   27.1100   102.8430     11.400   3.5    0.00    0.00   0.01       1928
20230113     43509   26.6810   103.0280      0.630   2.1    0.00    0.00   0.00       1929
20230113     95626   27.1590   102.8090      1.450   0.3    0.00    0.00   0.72       1930
20230113   1133207   26.6010   103.1740      1.570   2.7    0.00    0.00   0.16       1931
20230113   1212739   26.9550   102.8340     17.580   3.5    0.00    0.00   0.06       1932
20230113   1283019   26.7570   103.1560      1.550   2.7    0.00    0.00   0.85       1933
20230113   1424148   27.1050   102.8740     11.750   3.2    0.00    0.00   0.00       1934
20230113   2034644   27.0980   102.7070      0.970   2.5    0.00    0.00   0.12       1935
20230113   2231825   26.9840   102.8710      1.360   0.6    0.00    0.00   0.27       1936
20230113   2331635   26.8870   102.9280      7.100   1.8    0.00    0.00  -0.01       1937
20230113   2333828   27.1960   103.0450     13.830   3.0    0.00    0.00  -0.03       1938
20230113   3490385   26.6640   103.0860      1.170   2.5    0.00    0.00  -0.01       1939
20230113   4235452   26.4950   102.8130      1.170   3.0    0.00    0.00   0.08       1940
20230113   5130579   26.8300   102.9550     10.520   3.6    0.00    0.00   0.00       1941
20230113   5533695   26.7980   102.9980      0.870   2.4    0.00    0.00   0.19       1942
20230113   6231779   26.9370   103.0730      0.380   2.6    0.00    0.00   0.14       1943
20230113   7143028   27.1370   103.0100      9.590   3.2    0.00    0.00  -0.02       1944
20230113   7222648   27.0950   103.2400      0.000   4.0    0.00    0.00  -0.02       1945
20230113   7374554   27.0300   103.2640     25.280   4.0    0.00    0.00   0.01       1946
20230113   9374638   27.1080   102.8390     14.260   2.8    0.00    0.00   0.00       1947
20230113   9484831   27.1050   102.8800     13.610   3.4    0.00    0.00   0.01       1948
20230113   9591414   27.0440   102.9640      1.260   3.1    0.00    0.00   0.01       1949
20230113  10112056   27.0340   102.9850      0.790   3.0    0.00    0.00   0.06       1950
20230113  10141608   26.6010   103.0470      7.710   2.4    0.00    0.00   0.01       1951
20230113  10310719   26.6490   102.7100      1.640   3.1    0.00    0.00   0.12       1952
20230113  10421641   26.7260   102.7940      1.890   1.8    0.00    0.00   0.52       1953
20230113  11010875   27.1830   102.8620      0.130   3.0    0.00    0.00  -0.00       1954
20230113  11045446   27.2320   103.9890      4.660   4.7    0.00    0.00  -0.63       1955
20230113  11163666   26.9190   103.0360      1.570   1.0    0.00    0.00   0.05       1956
20230113  11234779   27.1140   102.8470     10.450   3.1    0.00    0.00   0.00       1957
20230113  11280155   27.1730   102.4950      0.670   3.7    0.00    0.00   0.20       1958
20230113  11561715   27.1100   102.8620      6.330   3.2    0.00    0.00   0.00       1959
20230113  12001265   26.8850   103.0410      6.920   2.8    0.00    0.00  -0.00       1960
20230113  12041804   27.0830   102.9390     11.390   2.8    0.00    0.00   0.02       1961
20230113  12332373   27.1190   102.9210     10.110   4.1    0.00    0.00   0.04       1962
20230113  13371243   26.6260   103.0230      0.870   2.7    0.00    0.00  -0.01       1963
20230113  13514742   26.8810   103.0310      0.150   2.6    0.00    0.00  -0.04       1964
20230113  13554729   27.1030   102.8440     12.610   3.4    0.00    0.00   0.00       1965
20230113  14260076   27.0780   102.9930      1.560   2.7    0.00    0.00  -0.03       1966
20230113  14382594   26.6460   103.0160      3.990   2.8    0.00    0.00  -0.05       1967
20230113  14555938   27.0910   102.8950     17.180   2.5    0.00    0.00   0.04       1968
20230113  15010113   26.6160   102.9610      0.000   3.0    0.00    0.00  -0.05       1969
20230113  15363895   26.6030   103.0430      0.920   3.8    0.00    0.00   0.13       1970
20230113  15514134   26.4910   103.2390      2.100   3.0    0.00    0.00   0.33       1971
20230113  16042042   27.0720   103.2720      2.350   2.9    0.00    0.00   0.46       1972
20230113  17031646   26.9600   103.0430      1.550   0.9    0.00    0.00   0.26       1973
20230113  17231716   26.9030   103.0050      6.670   0.6    0.00    0.00   0.03       1974
20230113  17405804   27.1200   102.8500      6.740   2.8    0.00    0.00  -0.03       1975
20230113  18014364   26.6310   102.9720      0.000   2.7    0.00    0.00   0.01       1976
20230113  18030872   27.5090   102.9890     25.710   3.1    0.00    0.00   0.02       1977
20230113  18041344   26.7840   102.9650      0.890   1.3    0.00    0.00  -0.02       1978
20230113  18155426   27.0580   102.9890      0.960   1.7    0.00    0.00   0.04       1979
20230113  18261524   27.0970   102.9170      0.490   2.6    0.00    0.00  -0.01       1980
20230113  18353434   27.1530   103.1150      1.970   3.6    0.00    0.00  -0.01       1981
20230113  18431544   26.7340   102.9560      1.050   0.6    0.00    0.00  -0.06       1982
20230113  18441072   27.1020   102.8780     10.960   3.2    0.00    0.00   0.01       1983
20230113  18554028   27.1560   102.7740      9.560   2.7    0.00    0.00   0.04       1984
20230113  19350932   27.1250   103.0800      0.390   2.4    0.00    0.00  -0.58       1985
20230113  20244736   27.0650   102.9750      2.540   2.4    0.00    0.00   0.01       1986
20230113  20285668   27.1310   102.8050      6.570   3.1    0.00    0.00  -0.01       1987
20230113  21132780   27.0970   102.5390      0.000   3.2    0.00    0.00  -0.14       1988
20230113  21483168   26.6530   102.9020      5.360   2.9    0.00    0.00   0.12       1989
20230113  22072588   27.0950   102.8940      1.380   1.8    0.00    0.00  -0.04       1990
20230113  22433596   27.0600   102.8020      0.000   2.5    0.00    0.00   0.01       1991
20230113  22491424   26.8000   103.0420      1.880   2.2    0.00    0.00   0.21       1992
20230113  23051078   27.0550   102.9070     10.460   2.7    0.00    0.00   0.02       1993
20230113  23433562   26.9450   102.9150      1.190   2.6    0.00    0.00   0.62       1994
20230113  23581900   27.2300   103.0010      2.020   2.0    0.00    0.00   0.04       1995
20230114      5775   26.9740   102.7630      0.000   2.8    0.00    0.00  -0.20       1996
20230114    260007   26.4910   104.0090     31.000   3.7    0.00    0.00  -0.87       1997
20230114   1443162   27.1280   102.6920     17.150   3.6    0.00    0.00  -0.12       1998
20230114   2091041   26.7880   102.9790     11.910   3.6    0.00    0.00  -0.03       1999
20230114   2110780   27.1510   102.9950      1.830   2.9    0.00    0.00  -0.05       2000
20230114   2112239   26.8310   102.9940     16.530   3.5    0.00    0.00   0.01       2001
20230114   2134916   26.7870   102.9840     15.500   3.6    0.00    0.00  -0.04       2002
20230114   3035349   27.2700   102.9340      1.670   3.0    0.00    0.00   0.02       2003
20230114   3151332   26.9930   102.8540      1.350   2.2    0.00    0.00   0.69       2004
20230114   3334467   26.7890   103.2600      1.690   3.3    0.00    0.00   0.03       2005
20230114   4222451   27.0990   102.8630     15.830   3.2    0.00    0.00   0.03       2006
20230114   4273409   27.0800   102.9380      1.700   3.2    0.00    0.00  -0.04       2007
20230114   5224377   26.8560   102.8750      2.280   2.9    0.00    0.00  -0.01       2008
20230114   5543090   26.6730   103.1880      1.670   3.0    0.00    0.00   0.03       2009
20230114   6353006   27.1740   102.9570      0.810   2.0    0.00    0.00   0.00       2010
20230114   6360538   26.8440   103.1310      1.690   2.1    0.00    0.00   0.35       2011
20230114   7463315   27.0390   102.9360      1.070   2.3    0.00    0.00  -0.23       2012
20230114   7463636   26.8480   102.8230      1.720   2.3    0.00    0.00   0.01       2013
20230114   8572099   26.8760   102.9320      9.560   2.8    0.00    0.00   0.00       2014
20230114   9255573   26.9050   102.7000      0.000   2.6    0.00    0.00  -0.05       2015
20230114   9264619   26.7190   102.7780     11.040   2.7    0.00    0.00   0.00       2016
20230114   9520545   26.9730   103.0470     13.510   3.3    0.00    0.00  -0.02       2017
20230114   9532054   27.0360   102.7250      0.840   0.6    0.00    0.00   0.26       2018
20230114  10231240   27.0580   103.1220      8.070   1.9    0.00    0.00   0.73       2019
20230114  11542153   27.0130   102.8390      0.980   2.6    0.00    0.00  -0.06       2020
20230114  11584703   27.0430   103.0970      5.060   2.7    0.00    0.00  -0.01       2021
20230114  12253708   26.7020   102.3690      0.000   3.2    0.00    0.00  -0.01       2022
20230114  12263736   27.1330   102.7210      0.830   1.7    0.00    0.00  -0.10       2023
20230114  12301626   27.2210   102.9140      1.820   2.3    0.00    0.00   0.15       2024
20230114  13020810   26.9890   103.0090      1.400   3.0    0.00    0.00   0.24       2025
20230114  13171921   26.9740   102.9470     13.100   2.6    0.00    0.00   0.00       2026
20230114  13363543   26.7260   103.0280      1.100   2.1    0.00    0.00  -0.11       2027
20230114  13582273   26.7800   103.4430      0.000   3.2    0.00    0.00  -0.11       2028
20230114  14051064   26.5800   103.2130      1.290   2.8    0.00    0.00  -0.39       2029
20230114  14084259   27.0860   103.0420      0.260   3.6    0.00    0.00   0.06       2030
20230114  14350370   26.8550   102.9230     10.350   3.0    0.00    0.00   0.00       2031
20230114  14394182   26.8370   102.9050      7.610   3.4    0.00    0.00   0.00       2032
20230114  15041704   26.9230   102.9800      1.790   2.8    0.00    0.00  -0.01       2033
20230114  15070275   26.8400   102.9770      0.550   2.5    0.00    0.00   0.15       2034
20230114  15134898   27.2350   103.2700      2.470   3.5    0.00    0.00   0.10       2035
20230114  15323346   26.6570   102.6960      0.000   3.7    0.00    0.00   0.05       2036
20230114  15365986   27.1380   102.7970      2.120   3.4    0.00    0.00   0.13       2037
20230114  15414657   26.7150   102.7290      0.420   3.2    0.00    0.00   0.21       2038
20230114  15450550   26.7800   102.8390      0.140   3.0    0.00    0.00  -0.00       2039
20230114  16002577   26.8980   102.7580      3.470   2.5    0.00    0.00   0.03       2040
20230114  16173458   26.7010   103.2350      0.160   3.5    0.00    0.00  -0.65       2041
20230114  16241140   26.6430   103.0390      0.980   1.3    0.00    0.00  -0.09       2042
20230114  16322669   26.8290   103.0510      2.420   3.1    0.00    0.00  -0.07       2043
20230114  16434395   26.9370   102.9040      7.580   2.8    0.00    0.00   0.02       2044
20230114  17015620   26.8960   102.8720      1.180   2.9    0.00    0.00   0.00       2045
20230114  17174278   26.8950   102.9100      1.500   1.7    0.00    0.00  -0.13       2046
20230114  17180100   27.1530   103.1700      2.020   2.6    0.00    0.00  -0.03       2047
20230114  17495750   26.8350   103.0440      1.250   0.4    0.00    0.00  -0.03       2048
20230114  18271140   26.5340   102.9180      0.960   3.0    0.00    0.00   0.18       2049
20230114  20184246   27.0670   103.1050      1.740   2.6    0.00    0.00   0.08       2050
20230114  20434118   27.0360   102.8700      1.740   3.5    0.00    0.00  -0.03       2051
20230114  20474456   26.9960   102.8880      1.260   2.8    0.00    0.00  -0.07       2052
20230114  20554460   27.1140   102.9220      1.400   3.5    0.00    0.00   0.07       2053
20230114  21052148   26.9140   102.7720      0.230   2.9    0.00    0.00   0.12       2054
20230114  21155392   27.1790   102.9250      1.630   3.7    0.00    0.00  -0.06       2055
20230114  21232128   27.0630   102.8500      1.380   2.7    0.00    0.00   0.01       2056
20230114  21313324   26.9500   102.9190      9.110   2.7    0.00    0.00   0.00       2057
20230114  21431774   27.1920   102.9320      1.540   2.2    0.00    0.00   0.07       2058
20230114  21441162   27.0110   102.8560      1.400   1.3    0.00    0.00   0.35       2059
20230114  21484740   27.2450   102.8720      1.740   1.9    0.00    0.00  -0.18       2060
20230114  22051004   26.9560   102.9450      0.980   2.0    0.00    0.00  -0.33       2061
20230114  22540112   27.3010   102.7900     14.520   3.2    0.00    0.00   0.00       2062
20230114  23365788   27.1180   102.8120      8.210   3.7    0.00    0.00  -0.06       2063
20230114  23485264   26.4910   103.2810      1.530   3.7    0.00    0.00   0.15       2064
20230115     72339   27.0220   102.9500      1.000   2.8    0.00    0.00   0.07       2065
20230115   1142730   26.8190   102.9930     28.540   3.0    0.00    0.00   0.06       2066
20230115   1235670   26.7100   102.8340      9.780   2.5    0.00    0.00   0.18       2067
20230115   1281312   27.2860   102.9020      1.920   2.8    0.00    0.00   0.82       2068
20230115   1291372   26.6310   103.1120      0.540   3.0    0.00    0.00   0.11       2069
20230115   1331663   26.8540   103.0870      1.550   1.9    0.00    0.00  -0.45       2070
20230115   1482767   26.8910   102.7510      0.980   2.8    0.00    0.00   0.50       2071
20230115   1565479   27.0700   102.6980      5.450   3.0    0.00    0.00   0.04       2072
20230115   2051495   26.4910   103.2210      0.270   2.8    0.00    0.00   0.08       2073
20230115   2111994   26.7990   102.7720      1.030   3.0    0.00    0.00   0.06       2074
20230115   2163877   26.9510   102.8900      1.110   0.6    0.00    0.00   0.03       2075
20230115   2201855   26.5870   102.8940     27.540   3.4    0.00    0.00  -0.04       2076
20230115   3052679   27.0650   103.1140     12.990   3.6    0.00    0.00  -0.01       2077
20230115   3530946   26.8880   103.3460     31.000   2.6    0.00    0.00   0.14       2078
20230115   4003111   26.8200   102.9870      1.130   3.1    0.00    0.00  -0.03       2079
20230115   4041086   26.7930   103.0640      0.000   3.1    0.00    0.00   0.04       2080
20230115   4245186   27.1250   102.8150      0.000   3.0    0.00    0.00  -0.02       2081
20230115   5171550   27.3200   102.6630      0.000   3.0    0.00    0.00  -0.03       2082
20230115   5321467   26.9010   103.1240     14.560   3.1    0.00    0.00   0.00       2083
20230115   5401301   27.0500   102.9980      1.680   2.7    0.00    0.00  -0.05       2084
20230115   5520934   26.9270   102.9940     13.340   2.7    0.00    0.00  -0.03       2085
20230115   5552446   26.6580   103.0700      0.940   3.1    0.00    0.00   0.22       2086
20230115   6164857   26.7870   103.0260      1.150   2.8    0.00    0.00  -0.10       2087
20230115   6540338   26.4910   103.0030      0.930   2.5    0.00    0.00   0.17       2088
20230115   7532777   27.1570   102.9260      1.930   2.0    0.00    0.00  -0.02       2089
20230115   7581549   27.3160   102.7890      2.730   3.3    0.00    0.00   0.33       2090
20230115   8205527   27.5090   103.0070     28.070   3.9    0.00    0.00   0.11       2091
20230115   8335429   26.6940   102.9470      0.600   2.8    0.00    0.00  -0.02       2092
20230115   8443580   26.6760   103.1240      1.330   2.4    0.00    0.00  -0.01       2093
20230115   9084906   27.1350   102.8610      0.000   2.7    0.00    0.00   0.04       2094
20230115  10335587   26.6110   102.9710      1.820   3.2    0.00    0.00   0.49       2095
20230115  11031715   27.0570   102.9970      1.590   2.2    0.00    0.00   0.32       2096
20230115  11050449   27.2260   102.7580      1.410   3.2    0.00    0.00   0.00       2097
20230115  11240546   26.6940   103.1160      0.970   2.7    0.00    0.00   0.16       2098
20230115  11430162   26.9320   103.2650     31.000   3.8    0.00    0.00  -0.26       2099
20230115  11430478   27.3030   103.1880      1.490   4.0    0.00    0.00  -0.06       2100
20230115  12082546   26.8310   102.9350      0.330   3.2    0.00    0.00   0.49       2101
20230115  12151888   27.5090   101.9910     31.000   3.8    0.00    0.00   0.09       2102
20230115  12182392   26.5760   102.9640      2.840   3.3    0.00    0.00   0.81       2103
20230115  13042236   27.2590   102.9210      1.410   3.2    0.00    0.00   0.03       2104
20230115  13254811   26.7290   102.7320      1.780   1.9    0.00    0.00   0.43       2105
20230115  13502810   26.8490   103.0450      1.190   2.5    0.00    0.00   0.01       2106
20230115  14252088   27.0040   102.8500      2.780   1.4    0.00    0.00  -0.00       2107
20230115  14292273   26.8390   102.9640      0.510   2.3    0.00    0.00   0.01       2108
20230115  14420177   26.8200   102.9740      0.540   2.3    0.00    0.00   0.19       2109
20230115  14433950   27.2470   103.0000      1.780   3.0    0.00    0.00  -0.53       2110
20230115  15101905   27.3300   102.9550      1.590   2.5    0.00    0.00  -0.09       2111
20230115  15343793   26.9130   102.9720      1.350   2.2    0.00    0.00  -0.23       2112
20230115  15531727   27.0680   102.8110      1.140   1.9    0.00    0.00   0.06       2113
20230115  16055888   27.1060   103.1400      6.870   3.7    0.00    0.00  -0.02       2114
20230115  16131715   26.9560   103.0180      1.580   1.1    0.00    0.00   0.04       2115
20230115  16301912   27.1860   102.9950      1.380   2.8    0.00    0.00   0.11       2116
20230115  16440285   26.9830   102.9970      0.950   2.1    0.00    0.00   0.04       2117
20230115  16521038   26.5560   103.0920     16.800   1.9    0.00    0.00  -0.02       2118
20230115  17110508   27.1000   102.8840     16.050   3.8    0.00    0.00  -0.00       2119
20230115  17243754   26.8210   102.8950      9.620   2.8    0.00    0.00  -0.06       2120
20230115  17274636   26.8920   102.8320      3.160   2.8    0.00    0.00  -0.00       2121
20230115  17474016   26.7580   102.7540      2.040   1.6    0.00    0.00   0.28       2122
20230115  18010428   26.8310   102.9660      1.160   2.9    0.00    0.00   0.17       2123
20230115  18441846   26.6220   102.9830      7.580   2.7    0.00    0.00   0.00       2124
20230115  18555476   26.6440   103.0570      0.000   2.5    0.00    0.00  -0.04       2125
20230115  19003838   27.0570   102.7520      1.180   2.7    0.00    0.00  -0.13       2126
20230115  19401912   26.8970   102.9440     19.050   3.1    0.00    0.00   0.03       2127
20230115  19453136   27.1300   102.8510      3.600   3.0    0.00    0.00  -0.11       2128
20230115  19552940   26.7990   103.1210      0.000   2.6    0.00    0.00  -0.00       2129
20230115  19563266   27.0040   102.9720      1.660   1.9    0.00    0.00  -0.51       2130
20230115  20084266   26.7810   103.0380      1.570   2.1    0.00    0.00   0.22       2131
20230115  20131500   27.0760   102.8920      1.290   0.5    0.00    0.00  -0.03       2132
20230115  20241370   27.1420   102.8150      1.340   2.7    0.00    0.00   0.06       2133
20230115  20431680   26.8410   102.7950      3.080   0.8    0.00    0.00  -0.13       2134
20230115  21251980   27.0940   102.8360      9.310   2.7    0.00    0.00   0.04       2135
20230115  21355422   27.0410   103.0310      0.000   3.1    0.00    0.00   0.06       2136
20230115  21511892   26.8960   103.2940      2.010   2.8    0.00    0.00   0.03       2137
20230115  21572896   27.1260   102.8250      0.000   3.3    0.00    0.00  -0.00       2138
20230115  22001944   27.0760   102.9910      0.000   3.6    0.00    0.00   0.02       2139
20230115  22002114   27.1420   103.0570      1.220   3.6    0.00    0.00  -0.01       2140
20230115  22124486   27.0690   102.6170      0.350   2.2    0.00    0.00   0.15       2141
20230115  22183354   27.1590   103.6010     31.000   3.8    0.00    0.00   0.06       2142
20230115  22301424   27.1100   102.9380      0.000   2.7    0.00    0.00  -0.17       2143
20230115  22474128   26.8240   102.7640      1.820   3.2    0.00    0.00   0.12       2144
20230115  23225834   26.8560   102.8590     10.520   2.6    0.00    0.00   0.01       2145
20230115  23240468   27.0220   102.9380      1.210   2.0    0.00    0.00   0.00       2146
20230115  23321738   26.6710   102.7440      2.280   1.8    0.00    0.00   0.39       2147
20230115  23395318   27.0250   103.0680     31.000   2.8    0.00    0.00  -0.02       2148
20230115  23452848   26.9140   103.1280      1.560   3.5    0.00    0.00   0.01       2149
20230116    102507   27.0900   102.9090      1.350   2.9    0.00    0.00  -0.00       2150
20230116    482084   26.9920   102.7960      0.000   2.9    0.00    0.00  -0.05       2151
20230116   1540446   27.1470   102.6800      0.750   3.1    0.00    0.00  -0.10       2152
20230116   2132645   26.8340   102.9630     12.220   3.6    0.00    0.00  -0.02       2153
20230116   2270418   26.8220   103.3210      2.490   2.9    0.00    0.00   0.06       2154
20230116   2443322   27.0890   102.8680      9.670   3.1    0.00    0.00  -0.00       2155
20230116   3401208   26.9310   102.9780      1.230   3.2    0.00    0.00  -0.01       2156
20230116   3474030   27.1880   102.7880      1.270   3.3    0.00    0.00   0.27       2157
20230116   4105751   27.0260   103.0730     30.310   4.7    0.00    0.00   0.12       2158
20230116   4171215   26.9550   102.9820      0.130   3.4    0.00    0.00   0.04       2159
20230116   4175296   26.7430   102.9750      0.890   2.1    0.00    0.00   0.09       2160
20230116   4531399   27.0110   102.3450     31.000   3.9    0.00    0.00  -0.01       2161
20230116   5031906   26.9640   102.8950      1.200   0.5    0.00    0.00  -0.01       2162
20230116   5061498   26.9510   102.8310      1.530   2.7    0.00    0.00   0.04       2163
20230116   5140544   27.0520   102.9110      1.360   3.1    0.00    0.00  -0.08       2164
20230116   5415642   27.0090   102.9270      1.270   3.3    0.00    0.00   0.06       2165
20230116   6082750   26.8230   102.9930      0.870   3.2    0.00    0.00   0.85       2166
20230116   6301823   27.4060   102.9720     19.010   3.8    0.00    0.00  -0.11       2167
20230116   7203082   26.8740   102.9130      0.720   2.5    0.00    0.00   0.17       2168
20230116   7320268   27.1250   102.8190      2.060   3.0    0.00    0.00  -0.14       2169
20230116   7541167   26.7350   102.8380      8.200   2.0    0.00    0.00  -0.12       2170
20230116   8212028   26.9700   102.9600      8.010   3.6    0.00    0.00  -0.06       2171
20230116   8340050   26.9540   102.9460      8.640   3.8    0.00    0.00  -0.08       2172
20230116   8532652   26.8650   102.9340     12.820   3.6    0.00    0.00   0.02       2173
20230116   8574309   27.0750   102.9690      1.570   3.1    0.00    0.00  -0.01       2174
20230116   8585073   26.8580   102.9730     15.860   3.3    0.00    0.00  -0.02       2175
20230116   9071804   27.2050   102.9650      1.880   3.0    0.00    0.00  -0.14       2176
20230116   9145526   26.9320   102.7990      0.450   2.8    0.00    0.00   0.59       2177
20230116   9411286   26.8690   103.0320      0.780   3.0    0.00    0.00   0.03       2178
20230116  10081981   26.8870   102.6750      0.680   2.3    0.00    0.00  -0.75       2179
20230116  10144754   26.8400   102.9580      4.290   2.7    0.00    0.00  -0.01       2180
20230116  11243696   26.8940   102.9800      0.990   3.5    0.00    0.00  -0.07       2181
20230116  11340578   26.9590   102.7820      1.020   2.9    0.00    0.00  -0.26       2182
20230116  11422100   26.6190   102.8350      0.950   3.4    0.00    0.00   0.07       2183
20230116  11431556   27.1040   102.8860      1.320   1.6    0.00    0.00  -0.21       2184
20230116  12015303   27.0890   103.0060      1.580   2.9    0.00    0.00   0.01       2185
20230116  12340770   27.0180   102.6940      0.520   1.9    0.00    0.00   0.21       2186
20230116  13021365   27.0190   103.2260      1.060   3.2    0.00    0.00   0.02       2187
20230116  13214006   26.4910   104.0090      4.140   3.9    0.00    0.00   0.74       2188
20230116  13463784   26.8110   103.0600      1.310   1.0    0.00    0.00  -0.02       2189
20230116  14135540   27.0060   102.8540     31.000   3.0    0.00    0.00   0.02       2190
20230116  14384196   27.1290   103.1570      2.350   3.3    0.00    0.00   0.02       2191
20230116  15051436   26.9140   102.7680      1.260   2.7    0.00    0.00   0.02       2192
20230116  15244970   27.0390   103.2060      0.070   3.0    0.00    0.00   0.01       2193
20230116  15260982   27.2480   102.9320     23.120   2.4    0.00    0.00   0.27       2194
20230116  16031892   26.8400   102.9860     12.320   3.4    0.00    0.00   0.01       2195
20230116  16100897   26.9840   102.9170      1.850   2.5    0.00    0.00   0.09       2196
20230116  16131563   26.8410   102.8850      0.680   2.1    0.00    0.00  -0.03       2197
20230116  16164445   26.9720   102.9180     10.120   3.2    0.00    0.00  -0.00       2198
20230116  16200583   26.9660   102.9280      9.990   3.0    0.00    0.00   0.00       2199
20230116  16291224   26.9870   102.8600     12.450   1.9    0.00    0.00  -0.01       2200
20230116  16405634   27.0730   103.2360      2.810   3.5    0.00    0.00   0.00       2201
20230116  16522162   27.1180   102.8310      0.000   3.2    0.00    0.00  -0.03       2202
20230116  16552963   27.5090   102.8880      1.800   2.8    0.00    0.00   0.21       2203
20230116  17063576   26.8860   102.8040      1.320   0.4    0.00    0.00   0.03       2204
20230116  17180332   27.5090   103.8740      0.000   3.8    0.00    0.00  -0.92       2205
20230116  17243444   27.0800   103.1820      8.630   3.5    0.00    0.00  -0.09       2206
20230116  17434500   27.0150   102.9560      0.000   2.1    0.00    0.00  -0.12       2207
20230116  18253524   26.8510   102.9610      7.510   3.2    0.00    0.00   0.00       2208
20230116  18305788   26.9720   102.8750      2.650   1.8    0.00    0.00  -0.02       2209
20230116  18441402   26.7680   103.1800      0.000   2.1    0.00    0.00  -0.18       2210
20230116  18522192   26.8180   102.9490      0.000   2.7    0.00    0.00   0.02       2211
20230116  19021718   27.0940   102.8830     15.940   2.7    0.00    0.00   0.03       2212
20230116  19034960   27.1950   102.7690      1.370   2.7    0.00    0.00   0.14       2213
20230116  19080996   27.1850   103.5660      0.000   3.3    0.00    0.00  -0.32       2214
20230116  19352948   26.4910   102.9880      1.260   2.0    0.00    0.00   0.10       2215
20230116  19495408   26.9450   102.9950      0.360   1.0    0.00    0.00   0.04       2216
20230116  20030904   27.0320   102.7130      0.760   0.6    0.00    0.00   0.08       2217
20230116  20042728   27.0640   103.3670      0.000   3.7    0.00    0.00  -0.04       2218
20230116  21012846   26.9760   102.8380      7.010   2.8    0.00    0.00  -0.03       2219
20230116  21051648   26.8480   103.1080      1.640   2.5    0.00    0.00   0.05       2220
20230116  21140188   26.9600   102.9520      1.370   2.7    0.00    0.00   0.05       2221
20230116  21195692   26.7720   102.9000      0.940   0.4    0.00    0.00   0.16       2222
20230116  21341636   27.2400   102.8490      6.630   2.6    0.00    0.00   0.01       2223
20230116  21495310   26.6300   102.9190     17.240   1.1    0.00    0.00  -0.11       2224
20230116  21581560   26.8000   103.2130      0.000   3.1    0.00    0.00  -0.01       2225
20230116  22291008   26.8320   103.0360      0.520   2.4    0.00    0.00   0.03       2226
20230116  22301356   26.7700   102.6200      5.570   2.2    0.00    0.00  -0.12       2227
20230116  22394824   27.4330   103.1660     26.940   2.7    0.00    0.00   0.08       2228
20230116  22465780   26.6180   103.1150      1.180   1.9    0.00    0.00   0.06       2229
20230116  23040716   26.9140   103.0570      1.590   2.5    0.00    0.00   0.01       2230
20230116  23512080   26.5560   102.9360      1.940   2.3    0.00    0.00  -0.01       2231
20230117   1182296   27.1290   102.9340      1.460   2.3    0.00    0.00   0.03       2232
20230117   1231873   26.4910   103.3020     21.330   2.7    0.00    0.00  -0.07       2233
20230117   2073577   27.2130   102.8580      1.630   3.1    0.00    0.00   0.15       2234
20230117   2280010   26.9290   103.0660      0.100   2.2    0.00    0.00   0.04       2235
20230117   2355736   27.0880   103.1930     11.080   3.8    0.00    0.00  -0.00       2236
20230117   2512161   27.0380   102.7230     10.570   2.6    0.00    0.00   0.20       2237
20230117   2551540   27.2940   103.3170     31.000   3.7    0.00    0.00   0.01       2238
20230117   3190124   26.8560   103.2550      0.000   2.5    0.00    0.00   0.24       2239
20230117   3335822   27.2510   102.7160      1.510   2.6    0.00    0.00   0.15       2240
20230117   3344598   26.9530   102.9380      0.810   2.5    0.00    0.00   0.59       2241
20230117   3490608   26.8160   102.7970      0.970   3.4    0.00    0.00   0.07       2242
20230117   3534347   27.0170   103.0380      3.940   3.2    0.00    0.00  -0.04       2243
20230117   4522955   27.2180   102.8940      1.850   2.5    0.00    0.00  -0.01       2244
20230117   4532941   27.0730   103.0320      1.340   3.4    0.00    0.00   0.00       2245
20230117   5381527   26.8990   102.5460      3.240   3.2    0.00    0.00   0.68       2246
20230117   5465250   26.9850   102.9870     24.130   2.2    0.00    0.00   0.03       2247
20230117   7152193   26.5330   103.0530     14.740   4.3    0.00    0.00   0.04       2248
20230117   7251937   26.5610   103.1290      2.100   3.2    0.00    0.00   0.07       2249
20230117   7440491   26.8970   102.5950      5.000   2.9    0.00    0.00   0.02       2250
20230117   8011142   27.2250   102.8800      1.700   2.2    0.00    0.00   0.06       2251
20230117   8370325   26.5290   103.0620      0.900   3.1    0.00    0.00   0.66       2252
20230117   8545465   26.9460   102.9190      0.880   2.3    0.00    0.00   0.24       2253
20230117   9140574   27.0160   102.9960      3.170   2.8    0.00    0.00  -0.01       2254
20230117   9145211   27.1860   103.0770      9.680   3.4    0.00    0.00  -0.01       2255
20230117   9275691   26.8580   102.9960      1.280   3.0    0.00    0.00   0.01       2256
20230117   9560360   27.1400   102.9940      1.790   3.1    0.00    0.00  -0.03       2257
20230117  10023087   27.0490   102.7600      2.490   3.2    0.00    0.00  -0.03       2258
20230117  10070644   26.8910   103.0580      6.360   2.6    0.00    0.00   0.00       2259
20230117  11001529   26.6820   103.0110      2.110   2.2    0.00    0.00  -0.01       2260
20230117  11151705   26.9650   103.1430     23.530   3.2    0.00    0.00  -0.11       2261
20230117  11344387   27.2000   103.0390      1.530   2.3    0.00    0.00  -0.38       2262
20230117  11413735   26.9400   103.1030      3.930   2.9    0.00    0.00  -0.11       2263
20230117  12112527   27.1240   102.8190      2.210   2.8    0.00    0.00  -0.17       2264
20230117  12195765   26.9400   102.8880      7.880   1.0    0.00    0.00  -0.41       2265
20230117  12361078   27.1460   102.8650     10.680   3.7    0.00    0.00   0.03       2266
20230117  12431889   26.9390   102.8880      1.120   1.2    0.00    0.00   0.56       2267
20230117  12472720   27.3940   103.0800      3.150   3.1    0.00    0.00   0.04       2268
20230117  12551313   27.1420   102.8360      6.240   3.6    0.00    0.00  -0.12       2269
20230117  13221124   27.1470   102.7870      1.290   2.7    0.00    0.00   0.16       2270
20230117  13441252   26.7610   103.1360      1.600   1.0    0.00    0.00   0.02       2271
20230117  14034064   27.1550   103.0740      2.490   3.0    0.00    0.00   0.03       2272
20230117  14152372   26.9960   102.9530      1.130   2.1    0.00    0.00   0.24       2273
20230117  14231703   26.8670   102.9770      1.100   1.0    0.00    0.00  -0.00       2274
20230117  14234886   27.0570   102.8180     19.600   2.8    0.00    0.00  -0.03       2275
20230117  14354337   27.0170   102.7880      1.660   3.3    0.00    0.00   0.01       2276
20230117  14361210   27.0440   102.5970      0.930   3.2    0.00    0.00  -0.66       2277
20230117  14481282   26.7320   102.8870      5.100   2.9    0.00    0.00   0.46       2278
20230117  15133050   26.8210   102.7250      0.170   2.4    0.00    0.00  -0.15       2279
20230117  15231684   26.6830   102.9080      1.410   0.6    0.00    0.00  -0.08       2280
20230117  15290927   27.0680   103.0630      0.710   3.3    0.00    0.00  -0.08       2281
20230117  15384350   27.1420   102.9780      0.890   2.6    0.00    0.00  -0.04       2282
20230117  15444331   26.6310   102.8540      0.620   2.0    0.00    0.00  -0.07       2283
20230117  15494503   27.2940   102.8350     25.970   3.8    0.00    0.00   0.04       2284
20230117  15494563   26.8860   102.7880     17.070   4.6    0.00    0.00   0.05       2285
20230117  16013380   26.8460   102.9690     12.210   2.9    0.00    0.00  -0.00       2286
20230117  16551326   27.0420   102.9930      8.790   2.1    0.00    0.00   0.00       2287
20230117  17404928   27.0500   102.8570     31.000   3.0    0.00    0.00   0.00       2288
20230117  17412398   27.2430   102.8210      0.900   3.0    0.00    0.00   0.24       2289
20230117  17573612   27.0180   102.7590      0.000   3.0    0.00    0.00   0.03       2290
20230117  18151300   26.8450   103.0260      0.010   2.1    0.00    0.00   0.24       2291
20230117  18263044   26.8220   103.1710      1.860   3.0    0.00    0.00   0.01       2292
20230117  18263372   26.9090   103.0700     13.910   2.6    0.00    0.00  -0.15       2293
20230117  18475498   27.1230   102.8100      0.000   3.6    0.00    0.00  -0.03       2294
20230117  19015500   26.9990   103.0250     31.000   2.4    0.00    0.00  -0.27       2295
20230117  19115258   26.9920   103.0850     12.610   3.0    0.00    0.00   0.02       2296
20230117  19192218   27.0790   102.7230      0.710   2.0    0.00    0.00   0.11       2297
20230117  19203464   26.8760   102.8620      2.880   2.7    0.00    0.00  -0.01       2298
20230117  19382570   26.8790   103.1050      0.000   2.4    0.00    0.00  -0.00       2299
20230117  19471376   26.9780   102.8400      0.000   2.7    0.00    0.00   0.01       2300
20230117  20080156   27.0810   102.8010      1.130   2.9    0.00    0.00  -0.01       2301
20230117  20121024   27.0940   102.8870      9.460   3.8    0.00    0.00  -0.02       2302
20230117  20190362   27.1330   102.8320      4.860   2.4    0.00    0.00  -0.01       2303
20230117  20371990   26.9610   102.9550      3.070   1.9    0.00    0.00  -0.01       2304
20230117  20433594   27.0450   102.8470      8.600   3.1    0.00    0.00  -0.01       2305
20230117  20570444   26.9280   102.9030     15.850   2.7    0.00    0.00   0.02       2306
20230117  20585742   26.4910   103.0520      0.710   2.9    0.00    0.00   0.10       2307
20230117  21031684   26.6920   102.9150      1.350   0.6    0.00    0.00   0.16       2308
20230117  21041748   26.8490   103.0920      1.540   1.6    0.00    0.00   0.05       2309
20230117  21183942   27.1260   102.8460      1.480   2.9    0.00    0.00  -0.02       2310
20230117  21243572   27.0710   102.9090     14.800   2.9    0.00    0.00  -0.06       2311
20230117  21563568   27.0370   102.9360     13.340   3.1    0.00    0.00  -0.01       2312
20230117  22372474   26.9880   103.0150      0.690   2.8    0.00    0.00   0.01       2313
20230117  23205428   27.2320   102.9050      1.890   2.7    0.00    0.00   0.06       2314
20230117  23241256   27.1140   102.6920      6.130   2.4    0.00    0.00  -0.06       2315
20230117  23284500   27.0440   103.0910      1.810   3.4    0.00    0.00   0.01       2316
20230117  23345132   26.9410   103.0340      0.910   2.5    0.00    0.00   0.03       2317
20230117  23453014   26.5950   103.1910      0.730   2.8    0.00    0.00  -0.07       2318
20230117  23555580   26.8700   102.9130      2.360   2.6    0.00    0.00   0.01       2319
20230117  23571722   26.9830   102.9000      0.880   2.1    0.00    0.00   0.13       2320
20230118     31664   26.8530   102.7990      1.920   0.4    0.00    0.00   0.05       2321
20230118    121853   27.1230   102.7460      0.400   4.5    0.00    0.00   0.05       2322
20230118    122061   27.1150   102.9380      4.310   3.9    0.00    0.00  -0.02       2323
20230118    563087   26.9160   103.2030      1.920   2.7    0.00    0.00   0.07       2324
20230118   1034670   26.8110   102.7320      2.200   2.8    0.00    0.00   0.04       2325
20230118   1132575   26.9830   102.8900     15.890   3.3    0.00    0.00  -0.04       2326
20230118   1234113   26.8090   103.0480     31.000   3.2    0.00    0.00   0.01       2327
20230118   2175199   27.2860   102.9980      1.830   2.3    0.00    0.00   0.10       2328
20230118   2245958   26.9710   102.8830      9.640   2.8    0.00    0.00   0.12       2329
20230118   2581952   26.7620   103.0170     16.410   3.0    0.00    0.00   0.09       2330
20230118   3095673   26.6870   103.0780      1.290   2.1    0.00    0.00  -0.28       2331
20230118   3402371   26.8400   103.1370      1.710   1.1    0.00    0.00   0.45       2332
20230118   3530961   26.5790   102.5100      2.560   2.7    0.00    0.00   0.04       2333
20230118   4231596   26.7940   103.0030      1.020   1.2    0.00    0.00  -0.03       2334
20230118   4472630   27.1560   102.9280      2.100   2.6    0.00    0.00  -0.01       2335
20230118   5042203   26.8890   102.8850      0.420   2.3    0.00    0.00   0.20       2336
20230118   5142705   26.9740   103.0660      0.000   2.5    0.00    0.00  -0.03       2337
20230118   5192563   27.0030   102.9990      1.330   2.9    0.00    0.00  -0.07       2338
20230118   6113006   27.0990   102.8110      4.400   3.3    0.00    0.00  -0.00       2339
20230118   6222209   27.1270   102.7790      1.560   4.0    0.00    0.00  -0.03       2340
20230118   6222816   26.7420   102.8060      0.000   3.4    0.00    0.00  -0.03       2341
20230118   6354425   26.7350   102.6370      2.860   2.6    0.00    0.00   0.08       2342
20230118   6412078   26.9670   102.6890      1.040   3.0    0.00    0.00   0.15       2343
20230118   6452093   26.9470   103.0150      1.360   1.8    0.00    0.00   0.02       2344
20230118   6463873   27.2910   102.9680      1.910   0.6    0.00    0.00   0.51       2345
20230118   6465932   26.8350   102.9130     31.000   2.6    0.00    0.00   0.06       2346
20230118   7152941   26.7080   103.0860      7.310   2.8    0.00    0.00  -0.00       2347
20230118   7225173   27.0060   102.8950      2.900   3.2    0.00    0.00  -0.03       2348
20230118   7241377   26.8180   102.9510      1.360   2.3    0.00    0.00   0.23       2349
20230118   8111265   26.8610   102.7640      1.440   3.1    0.00    0.00  -0.01       2350
20230118   8320474   26.4910   102.9640      0.330   3.3    0.00    0.00  -0.04       2351
20230118   8372164   26.7650   102.9530      1.520   2.6    0.00    0.00   0.00       2352
20230118   9372498   27.2490   102.8070      1.480   3.0    0.00    0.00   0.07       2353
20230118  10255695   27.1050   102.7000     23.960   3.3    0.00    0.00  -0.03       2354
20230118  10554398   26.9130   103.0730      0.790   3.3    0.00    0.00  -0.32       2355
20230118  11104440   26.9240   102.8460      1.330   2.7    0.00    0.00  -0.00       2356
20230118  11241058   26.7450   103.0010      0.840   2.2    0.00    0.00   0.34       2357
20230118  11482758   27.0180   102.8410     20.240   3.0    0.00    0.00  -0.01       2358
20230118  11590954   26.9060   103.1690      1.520   2.6    0.00    0.00  -0.03       2359
20230118  12443681   26.7040   102.7900      0.010   2.7    0.00    0.00   0.01       2360
20230118  12570612   26.8510   103.0410      1.620   2.8    0.00    0.00   0.07       2361
20230118  13055364   27.0580   103.0540      0.000   3.1    0.00    0.00   0.17       2362
20230118  13203446   27.1050   103.3010     12.370   3.3    0.00    0.00   0.70       2363
20230118  13491461   27.1390   103.3760     27.800   3.5    0.00    0.00   0.01       2364
20230118  13534071   26.5510   102.9910      1.150   3.7    0.00    0.00   0.01       2365
20230118  14044055   26.7940   102.7670      1.540   2.7    0.00    0.00   0.30       2366
20230118  14083192   26.7400   102.8140      0.060   2.6    0.00    0.00   0.01       2367
20230118  14120248   27.1270   102.8860      1.820   2.5    0.00    0.00   0.00       2368
20230118  14193134   27.0400   103.0380      6.570   3.3    0.00    0.00  -0.01       2369
20230118  15063177   26.8050   103.0490      1.170   1.5    0.00    0.00  -0.21       2370
20230118  15453834   27.1740   103.1090      2.140   3.1    0.00    0.00   0.02       2371
20230118  16254257   26.9290   102.9750      1.240   2.2    0.00    0.00   0.02       2372
20230118  16342577   27.0380   102.7490      0.000   2.7    0.00    0.00   0.03       2373
20230118  16440896   26.9420   102.8860      0.000   1.6    0.00    0.00   0.05       2374
20230118  17224996   26.9290   102.8870      0.000   2.3    0.00    0.00  -0.10       2375
20230118  17493448   27.1290   102.9420     10.000   2.6    0.00    0.00  -0.00       2376
20230118  17540864   26.8170   103.0150      8.460   2.4    0.00    0.00   0.05       2377
20230118  17581738   27.1090   102.9290      1.300   3.4    0.00    0.00   0.12       2378
20230118  19063868   26.9920   102.9230      0.900   0.6    0.00    0.00   0.53       2379
20230118  19332076   27.0960   102.9100      9.400   3.7    0.00    0.00   0.89       2380
20230118  19433688   26.6700   102.7980      2.120   1.4    0.00    0.00   0.09       2381
20230118  19532070   26.9190   102.9250      0.860  -0.3    0.00    0.00   0.81       2382
20230118  20351282   26.9340   102.7910      1.220   1.8    0.00    0.00  -0.04       2383
20230118  20431792   26.9050   102.8480      1.090   2.0    0.00    0.00   0.08       2384
20230118  21125940   27.0280   102.8400     13.140   3.2    0.00    0.00   0.03       2385
20230118  22041220   26.9180   102.9250      0.860   0.9    0.00    0.00   0.48       2386
20230118  22182056   27.0310   102.9370      1.130   2.6    0.00    0.00  -0.28       2387
20230118  23134310   27.1760   103.1380      2.840   3.3    0.00    0.00  -0.04       2388
20230118  23252414   26.7320   102.9980      0.980   2.4    0.00    0.00   0.06       2389
20230118  23344530   26.7610   102.6680      3.660   2.6    0.00    0.00   0.65       2390
20230118  23512804   26.4910   102.8270      0.000   3.5    0.00    0.00   0.02       2391
20230119     35573   26.8080   102.9920      1.760   2.0    0.00    0.00  -0.01       2392
20230119     72750   26.7490   102.7670      2.030   3.1    0.00    0.00   0.33       2393
20230119    153029   26.8300   103.0290      1.200   2.6    0.00    0.00  -0.00       2394
20230119    213600   27.0450   103.0160      1.460   3.0    0.00    0.00   0.07       2395
20230119    320152   26.7080   103.1800      1.570   2.3    0.00    0.00   0.91       2396
20230119    444379   26.7460   103.1120      1.440   2.2    0.00    0.00   0.06       2397
20230119   1545508   26.5480   103.1900      0.000   3.3    0.00    0.00   0.88       2398
20230119   1575689   26.5820   103.0650      0.990   3.4    0.00    0.00   0.01       2399
20230119   2273018   27.1490   103.0360      0.000   3.1    0.00    0.00  -0.16       2400
20230119   2403036   26.7500   103.1740      1.500   2.7    0.00    0.00   0.17       2401
20230119   3450038   26.8830   103.1130      5.690   2.3    0.00    0.00   0.03       2402
20230119   3470354   27.1790   103.1070      1.420   2.7    0.00    0.00  -0.04       2403
20230119   3594216   27.0910   102.9240     11.890   3.2    0.00    0.00   0.11       2404
20230119   4042562   27.1450   102.9900      0.720   2.0    0.00    0.00   0.10       2405
20230119   4120872   26.9610   103.0050     20.490   3.6    0.00    0.00   0.00       2406
20230119   4240365   26.8320   103.0160      1.160   2.9    0.00    0.00  -0.05       2407
20230119   5085210   26.8080   102.9240      4.170   2.7    0.00    0.00  -0.05       2408
20230119   5134537   26.9650   103.0040      1.440   2.7    0.00    0.00  -0.01       2409
20230119   5415808   26.8100   103.0980      3.220   2.3    0.00    0.00   0.11       2410
20230119   6100517   27.0280   102.7910     15.250   3.6    0.00    0.00  -0.02       2411
20230119   6581936   26.8150   102.9230      1.070   2.4    0.00    0.00  -0.00       2412
20230119   8250999   27.2100   102.8160      1.860   2.6    0.00    0.00   0.46       2413
20230119   8255373   26.7610   102.9750      0.660   2.7    0.00    0.00   1.00       2414
20230119   9230602   27.2090   103.3620     20.680   2.3    0.00    0.00   0.43       2415
20230119   9274641   26.9380   102.9070     22.600   3.5    0.00    0.00   0.02       2416
20230119   9282787   26.9580   102.9990     13.940   4.3    0.00    0.00   0.08       2417
20230119   9384349   27.3250   102.9630      7.470   3.0    0.00    0.00   0.01       2418
20230119   9400020   26.9820   102.9340      1.170   1.7    0.00    0.00   0.86       2419
20230119   9445183   27.1230   102.7920      3.000   3.6    0.00    0.00   0.01       2420
20230119   9540408   27.3460   103.1560      1.670   3.0    0.00    0.00  -0.00       2421
20230119  11002941   26.9700   103.0960      1.640   2.9    0.00    0.00  -0.05       2422
20230119  11074716   26.9890   102.9630      1.150   2.8    0.00    0.00   0.06       2423
20230119  12303081   27.2080   102.9080      2.180   2.8    0.00    0.00  -0.80       2424
20230119  12422494   26.8350   103.0630      0.880   2.4    0.00    0.00   0.06       2425
20230119  12440000   26.9680   102.9280      1.200   0.9    0.00    0.00   0.39       2426
20230119  13344278   26.7620   103.1190      0.000   2.6    0.00    0.00  -0.05       2427
20230119  13532742   27.1500   102.8020     14.680   2.1    0.00    0.00   0.00       2428
20230119  13574071   26.8970   102.9230      1.010   2.8    0.00    0.00   0.23       2429
20230119  14012443   27.1240   102.5050      0.980   3.3    0.00    0.00  -0.07       2430
20230119  14344044   27.0190   102.9270      1.520   3.0    0.00    0.00   0.06       2431
20230119  14555083   26.8580   103.2570      8.420   2.6    0.00    0.00  -0.01       2432
20230119  15251009   26.9980   102.8960     10.390   3.6    0.00    0.00   0.14       2433
20230119  16244814   27.1080   103.0970      4.330   2.9    0.00    0.00  -0.01       2434
20230119  16574729   27.0820   103.0730      1.610   2.6    0.00    0.00  -0.01       2435
20230119  17014180   26.9980   102.8440      1.660   1.1    0.00    0.00  -0.15       2436
20230119  17202060   26.8750   102.4290     31.000   3.4    0.00    0.00  -0.03       2437
20230119  17241284   27.0970   102.9860      1.310   2.9    0.00    0.00  -0.01       2438
20230119  17484172   26.8990   103.0150      1.260   2.1    0.00    0.00   0.05       2439
20230119  17500856   26.9920   102.8340     14.940   3.1    0.00    0.00   0.04       2440
20230119  18201074   27.1060   102.9020      1.590   2.5    0.00    0.00  -0.01       2441
20230119  18211804   27.2010   102.7550      1.280   2.5    0.00    0.00   0.04       2442
20230119  18373624   26.5610   103.0400     13.000   3.7    0.00    0.00   0.00       2443
20230119  19223250   26.5960   102.5330      0.000   3.0    0.00    0.00  -0.14       2444
20230119  19435392   26.7450   102.4640     29.780   3.0    0.00    0.00   0.01       2445
20230119  21250556   26.4910   102.6880      2.010   2.8    0.00    0.00   0.81       2446
20230119  22062296   26.8650   102.9460     11.280   3.6    0.00    0.00  -0.02       2447
20230119  22242684   26.6830   103.1720      0.000   3.3    0.00    0.00  -0.21       2448
20230119  22270650   26.8260   102.9360      0.750   2.2    0.00    0.00   0.01       2449
20230119  22363588   26.8510   102.9050      1.250   0.8    0.00    0.00  -0.14       2450
20230119  22422184   26.8640   102.9570     14.140   3.2    0.00    0.00   0.01       2451
20230119  23074704   26.7170   102.3980      0.000   3.7    0.00    0.00   0.07       2452
20230119  23531556   26.9270   102.7100      9.290   1.7    0.00    0.00  -0.00       2453
20230120   1002646   27.2530   102.9760      1.980   2.1    0.00    0.00   0.24       2454
20230120   3031427   26.7320   102.8430      2.290   1.8    0.00    0.00  -0.14       2455
20230120   5121674   26.8520   102.9480     12.610   3.1    0.00    0.00  -0.00       2456
20230120   5222066   27.2740   102.9110      1.710   2.7    0.00    0.00  -0.32       2457
20230120   6043254   26.9290   102.9770      0.630   2.8    0.00    0.00   0.01       2458
20230120   6331266   26.8750   102.8590     20.170   2.1    0.00    0.00  -0.38       2459
20230120   6563583   26.7530   102.9380      1.890   1.8    0.00    0.00   0.04       2460
20230120   7163287   26.9010   102.9170      0.000   1.2    0.00    0.00   0.30       2461
20230120   8045683   26.8390   103.0850      0.990   2.7    0.00    0.00   0.03       2462
20230120   8240037   26.9820   102.8460     15.960   3.4    0.00    0.00  -0.01       2463
20230120  11155963   26.8370   102.9250     25.610   2.9    0.00    0.00   0.01       2464
20230120  11541484   26.9820   102.9340     18.430   3.6    0.00    0.00   0.11       2465
20230120  12211817   26.9720   102.7430      2.890   3.2    0.00    0.00  -0.04       2466
20230120  12442521   27.0980   102.6450      7.090   3.4    0.00    0.00   0.00       2467
20230120  14495882   27.0410   102.8660     11.130   3.6    0.00    0.00  -0.00       2468
20230120  15321352   26.7480   102.9960      0.840   1.6    0.00    0.00   0.14       2469
20230120  15441045   26.9640   102.7670      4.390   2.7    0.00    0.00  -0.01       2470
20230120  16032581   27.0500   102.9890      1.340   2.5    0.00    0.00  -0.03       2471
20230120  16081492   26.8500   103.1020      9.920   2.7    0.00    0.00  -0.21       2472
20230120  16101425   26.9960   102.8370      8.160   2.5    0.00    0.00  -0.01       2473
20230120  16110296   27.2440   102.8430      1.420   2.2    0.00    0.00  -0.11       2474
20230120  16151296   27.0750   102.7050      2.330   2.9    0.00    0.00   0.05       2475
20230120  16163818   26.9500   102.8780      3.200   3.5    0.00    0.00  -0.04       2476
20230120  16244451   26.8720   102.6370      2.150   1.9    0.00    0.00   0.38       2477
20230120  16382310   26.5990   103.0330     22.490   3.6    0.00    0.00   0.07       2478
20230120  16465352   27.1180   102.9570      3.650   2.5    0.00    0.00   0.00       2479
20230120  16553637   26.9010   102.9640     11.850   2.9    0.00    0.00  -0.08       2480
20230120  17433124   27.3770   103.4590      4.590   2.9    0.00    0.00   0.02       2481
20230120  17472686   26.9450   102.9210     14.630   2.4    0.00    0.00   0.01       2482
20230120  18013088   27.1480   102.3400      0.000   2.8    0.00    0.00  -0.25       2483
20230120  18034396   27.0850   102.8990      1.590   1.6    0.00    0.00   0.03       2484
20230120  18074600   26.9240   102.8670      0.000   2.1    0.00    0.00   0.25       2485
20230120  18133978   26.9860   102.8670      1.370   1.2    0.00    0.00   0.18       2486
20230120  18164282   26.9920   103.0150     15.960   3.0    0.00    0.00   0.21       2487
20230120  18414080   27.0660   102.8300     10.610   3.3    0.00    0.00   0.04       2488
20230120  18540652   27.0140   102.9500      3.910   2.6    0.00    0.00  -0.00       2489
20230120  19071764   27.1050   102.8870     15.100   3.4    0.00    0.00  -0.02       2490
20230120  19160702   26.7520   102.9730     18.000   2.7    0.00    0.00   0.01       2491
20230120  19453096   26.9090   102.9430      1.540   2.0    0.00    0.00   0.02       2492
20230120  19534668   27.0990   102.9210     12.040   3.6    0.00    0.00   0.01       2493
20230120  20123294   27.2930   102.7480     13.040   3.6    0.00    0.00  -0.02       2494
20230120  20163128   27.0070   102.8490      1.630   0.8    0.00    0.00  -0.76       2495
20230120  20205974   27.2640   103.2070      2.770   2.5    0.00    0.00   0.02       2496
20230120  20250248   26.9130   102.9200      9.390   2.8    0.00    0.00  -0.07       2497
20230120  20302456   26.6450   102.9950     12.840   3.0    0.00    0.00  -0.01       2498
20230120  20431500   26.7400   102.9010     13.970   1.3    0.00    0.00   0.08       2499
20230120  20434392   26.8590   102.9160      0.890   0.6    0.00    0.00  -0.04       2500
20230120  20474436   27.1720   102.7950      1.980   0.9    0.00    0.00   0.25       2501
20230120  20531966   27.2370   102.9260      1.890   0.7    0.00    0.00  -0.12       2502
20230120  21031572   26.7940   102.9590      0.020   1.1    0.00    0.00   0.23       2503
20230120  21304006   27.0470   102.7780      1.550   2.9    0.00    0.00  -0.00       2504
20230120  21354612   26.8930   102.9160      1.570   1.7    0.00    0.00   0.02       2505
20230120  21531646   26.8460   102.8310      0.740   0.2    0.00    0.00  -0.01       2506
20230120  21540720   27.1130   103.1960      0.000   2.0    0.00    0.00  -0.03       2507
20230120  21585420   27.0690   102.7590      8.360   3.0    0.00    0.00   0.01       2508
20230120  22134724   27.3220   102.8550      2.070   2.7    0.00    0.00   0.29       2509
20230120  22182708   27.0370   102.8340     14.870   4.1    0.00    0.00   0.00       2510
20230120  22395592   26.7910   102.9090      2.110   2.0    0.00    0.00  -0.12       2511
20230121   2080076   27.0490   102.9030      1.260   2.8    0.00    0.00  -0.23       2512
20230121   2090813   27.1470   103.1010      0.760   3.3    0.00    0.00  -0.95       2513
20230121   2443572   27.2880   102.8900      1.840   2.5    0.00    0.00   0.28       2514
20230121   4423226   26.7320   102.7990      1.920   2.3    0.00    0.00   0.10       2515
20230121   5024513   26.6750   102.9830      0.610   2.3    0.00    0.00   0.10       2516
20230121   5031701   26.9860   102.8310      0.850   1.5    0.00    0.00   0.01       2517
20230121   5072063   26.4910   102.9860      1.410   3.3    0.00    0.00   0.08       2518
20230121   6112757   26.6080   103.0060      0.690   1.8    0.00    0.00   0.02       2519
20230121  10123295   27.0760   102.5930      7.620   3.2    0.00    0.00  -0.04       2520
20230121  12385912   26.8700   103.1630      0.810   3.7    0.00    0.00  -0.02       2521
20230121  12435195   27.0180   102.8710     29.450   1.9    0.00    0.00   0.01       2522
20230121  12550457   26.8770   102.7060      0.990   2.1    0.00    0.00  -0.07       2523
20230121  13085497   26.9850   102.6470      0.000   2.9    0.00    0.00   0.23       2524
20230121  14095677   27.1870   102.8320      1.590   0.6    0.00    0.00   0.16       2525
20230121  14191057   26.8570   102.8350      0.790   2.7    0.00    0.00   0.23       2526
20230121  14510424   26.8160   103.1650      0.000   2.7    0.00    0.00   0.88       2527
20230121  14551683   26.7590   102.9900      8.980   2.8    0.00    0.00  -0.01       2528
20230121  15384275   26.8130   102.9780      0.640   1.5    0.00    0.00  -0.18       2529
20230121  16124169   27.0620   102.7040      0.800   1.8    0.00    0.00   0.47       2530
20230121  16133040   27.1520   102.7900      1.640   2.3    0.00    0.00  -0.05       2531
20230121  18431696   26.6930   102.9280      0.000   0.5    0.00    0.00  -0.24       2532
20230121  18434092   26.9260   103.0640      0.810   1.3    0.00    0.00  -0.03       2533
20230121  18532552   26.7530   103.0370      5.600   2.8    0.00    0.00  -0.01       2534
20230121  18541660   26.9030   102.9150      1.340   2.8    0.00    0.00   0.93       2535
20230121  18581634   27.2090   102.9990      1.700   1.9    0.00    0.00   0.94       2536
20230121  19433410   26.9900   102.7930     14.550   3.3    0.00    0.00   0.02       2537
20230121  20034770   27.0900   102.8550      1.820   2.0    0.00    0.00   0.84       2538
20230121  20181588   26.6400   102.9790      0.820   2.7    0.00    0.00   0.07       2539
20230121  21271148   26.9720   102.9170      1.180   1.3    0.00    0.00   0.27       2540
20230121  21431578   26.7930   102.9610     12.540   0.4    0.00    0.00   0.08       2541
20230121  22564372   26.9020   102.8460      1.310   2.2    0.00    0.00   0.06       2542
20230121  23203912   26.9910   102.8270     14.990   2.4    0.00    0.00   0.04       2543
20230121  23205964   27.1010   102.8050      1.120   2.4    0.00    0.00  -0.21       2544
20230121  23344628   26.9500   102.8390     17.850   3.4    0.00    0.00   0.06       2545
20230122    484299   26.7360   102.9590      1.070   1.9    0.00    0.00  -0.09       2546
20230122    521407   27.0730   102.9530      1.560   2.8    0.00    0.00   0.10       2547
20230122   1133212   26.8820   102.7770      1.870   2.5    0.00    0.00   0.01       2548
20230122   1333497   27.3850   102.7330      1.310   2.9    0.00    0.00  -0.10       2549
20230122   1495724   27.0090   102.8270      1.070   0.8    0.00    0.00  -0.04       2550
20230122   2111274   27.3040   103.0800      0.000   3.2    0.00    0.00   0.01       2551
20230122   2150467   26.9140   102.8150      1.800   2.7    0.00    0.00  -0.01       2552
20230122   2415128   26.8010   102.9340      0.810   2.0    0.00    0.00  -0.05       2553
20230122   3565763   27.1380   102.8620      1.300   2.5    0.00    0.00   0.00       2554
20230122   4084728   27.1160   102.8840      1.710   2.4    0.00    0.00   0.06       2555
20230122   4342294   27.1580   102.9400      1.520   2.2    0.00    0.00   0.03       2556
20230122   4540981   27.0190   102.8470     13.780   3.5    0.00    0.00  -0.01       2557
20230122   5124528   26.6850   103.0350      0.850   1.8    0.00    0.00   0.03       2558
20230122   5132223   26.8900   102.7120      1.430   3.1    0.00    0.00   0.14       2559
20230122   5253173   26.8090   102.7670      1.730   2.7    0.00    0.00   0.08       2560
20230122   5441122   26.8630   102.8050      2.960   2.9    0.00    0.00   0.06       2561
20230122   6081077   26.8660   102.8970      0.740   2.2    0.00    0.00   0.52       2562
20230122   7231934   26.9980   102.9230      1.270   1.5    0.00    0.00   0.10       2563
20230122   8280562   27.0120   102.9000      1.230   2.7    0.00    0.00   0.14       2564
20230122   8571880   26.4910   102.9430      1.750   3.8    0.00    0.00  -0.19       2565
20230122  11103132   26.7800   102.6800      2.640   2.8    0.00    0.00   0.30       2566
20230122  11402091   26.8170   103.1290      0.530   3.4    0.00    0.00  -0.00       2567
20230122  11524173   26.6620   102.9010      1.650   2.6    0.00    0.00  -0.41       2568
20230122  12280292   26.9420   102.8570      1.350   2.0    0.00    0.00   0.26       2569
20230122  12313352   27.1130   102.8990     12.200   3.8    0.00    0.00  -0.01       2570
20230122  12395877   26.9460   102.8920      1.080  -0.8    0.00    0.00   0.03       2571
20230122  12531370   26.7900   102.9640      0.000   1.3    0.00    0.00  -0.08       2572
20230122  14032414   27.3040   103.0370     28.320   3.2    0.00    0.00   0.09       2573
20230122  14123395   26.8140   102.8110      0.000   2.6    0.00    0.00   0.01       2574
20230122  14240627   26.9110   102.8570      0.950   2.4    0.00    0.00  -0.06       2575
20230122  14383418   26.8280   102.9210     14.880   3.1    0.00    0.00   0.05       2576
20230122  14404277   27.1590   102.7110      1.580   2.0    0.00    0.00   0.25       2577
20230122  14551330   26.8000   102.7040      0.350   3.0    0.00    0.00   0.60       2578
20230122  14593982   26.9330   104.0090      0.000   1.7    0.00    0.00  -0.38       2579
20230122  15031060   26.4910   102.9220     31.000   2.2    0.00    0.00   0.41       2580
20230122  15144339   26.6500   103.1100      0.430   2.6    0.00    0.00   0.12       2581
20230122  15251800   27.0890   103.1380      2.180   2.7    0.00    0.00   0.01       2582
20230122  17190658   26.6750   102.9320      0.730   2.1    0.00    0.00  -0.10       2583
20230122  17414296   26.7590   103.1470      1.070   1.8    0.00    0.00   0.25       2584
20230122  17431576   27.1280   102.8280      1.370   0.6    0.00    0.00   0.01       2585
20230122  17484714   27.1230   102.8300      1.870   2.0    0.00    0.00   0.44       2586
20230122  18204768   26.9380   103.0070     24.110   2.6    0.00    0.00   0.00       2587
20230122  18331534   26.6040   103.0380      2.120   0.5    0.00    0.00   0.05       2588
20230122  18411780   26.6120   103.2030     16.940   3.1    0.00    0.00  -0.33       2589
20230122  18435866   27.1450   102.8050      5.910   3.3    0.00    0.00  -0.03       2590
20230122  18503968   27.0250   102.7280      0.810   1.4    0.00    0.00  -0.01       2591
20230122  18561642   26.5430   103.1640      1.140   1.1    0.00    0.00   0.26       2592
20230122  18582544   26.9610   102.8620      1.320   2.0    0.00    0.00   0.26       2593
20230122  20071542   26.8130   102.9060      0.000   1.9    0.00    0.00   0.37       2594
20230122  20255988   26.9240   102.9370     11.740   2.7    0.00    0.00  -0.00       2595
20230122  20341074   27.0420   102.7640      2.200   1.7    0.00    0.00   0.30       2596
20230122  20551684   27.0830   102.9000      5.790   2.8    0.00    0.00  -0.06       2597
20230122  21081436   26.7210   103.0780      1.280   2.2    0.00    0.00  -0.03       2598
20230122  21181898   26.7500   102.9750      0.840   1.7    0.00    0.00   0.30       2599
20230122  21431608   26.8190   102.8970      5.080   3.0    0.00    0.00   0.17       2600
20230122  21523936   27.1190   103.0730      2.590   2.6    0.00    0.00  -0.20       2601
20230122  22112972   27.1300   102.8150      2.780   2.8    0.00    0.00   0.01       2602
20230122  22180458   26.5640   103.0510      0.870   0.4    0.00    0.00   0.84       2603
20230122  22331730   26.8180   102.9180      1.100  -0.2    0.00    0.00  -0.04       2604
20230122  23071572   27.1890   102.9870      1.660   3.2    0.00    0.00   0.21       2605
20230122  23173222   26.7860   103.0540      6.080   2.7    0.00    0.00  -0.00       2606
20230122  23252128   27.0150   103.1070      1.220   2.8    0.00    0.00  -0.73       2607
20230122  23574934   27.1300   102.8120      9.450   3.1    0.00    0.00  -0.04       2608
20230123     45502   26.9960   103.2290      1.570   3.1    0.00    0.00   0.04       2609
20230123    125162   27.1610   102.4630     19.090   2.5    0.00    0.00  -0.01       2610
20230123    550020   26.7650   103.1750      1.760   2.9    0.00    0.00   0.22       2611
20230123   1121893   27.3080   102.8710      2.730   2.8    0.00    0.00  -0.63       2612
20230123   2051568   27.0050   102.8200      0.740   3.1    0.00    0.00  -0.82       2613
20230123   4353747   26.7920   102.8940      2.500   2.8    0.00    0.00  -0.31       2614
20230123   4383013   26.9920   102.7660      0.840   2.6    0.00    0.00   0.02       2615
20230123   4484923   26.7360   103.1840      1.640   3.5    0.00    0.00  -0.26       2616
20230123   6201708   27.1310   102.7840      1.790   3.2    0.00    0.00   0.01       2617
20230123   6240258   26.9520   102.7490      1.220   2.9    0.00    0.00   0.01       2618
20230123   6433047   27.2720   102.9780      8.100   2.6    0.00    0.00  -0.05       2619
20230123   7400556   27.0100   102.8770      3.330   4.1    0.00    0.00  -0.04       2620
20230123   8011098   26.4910   102.8040      2.030   3.1    0.00    0.00  -0.60       2621
20230123   8314876   27.1030   102.8970     19.960   3.2    0.00    0.00   0.06       2622
20230123   9143881   27.0020   102.8110      0.740   3.3    0.00    0.00   0.10       2623
20230123   9435991   27.0170   102.9650      1.390   2.4    0.00    0.00  -0.04       2624
20230123  11031564   26.6850   102.9810     12.900   1.5    0.00    0.00  -0.29       2625
20230123  11041231   26.7040   102.8730      1.830   2.2    0.00    0.00  -0.52       2626
20230123  11310181   27.0850   103.0370      1.280   2.8    0.00    0.00  -0.20       2627
20230123  12091598   26.9500   102.9700      1.760   2.2    0.00    0.00   0.36       2628
20230123  13034040   26.9790   102.9390      1.090   2.9    0.00    0.00  -0.02       2629
20230123  13504602   27.0180   103.1150     21.250   3.2    0.00    0.00   0.12       2630
20230123  14031665   26.6500   102.8930      0.830   1.4    0.00    0.00  -0.13       2631
20230123  14271874   26.9970   103.1290     13.020   3.2    0.00    0.00   0.04       2632
20230123  14574909   26.8070   102.9430      0.000   3.2    0.00    0.00  -0.00       2633
20230123  15421125   27.1230   102.8200      1.820   2.8    0.00    0.00   0.14       2634
20230123  15423622   27.0310   103.0260      4.050   2.9    0.00    0.00  -0.02       2635
20230123  15461920   26.9020   102.6660      5.650   2.5    0.00    0.00  -0.16       2636
20230123  15501104   27.0480   102.8310      0.870   1.8    0.00    0.00  -0.02       2637
20230123  16071867   26.8790   103.1460      1.870   2.5    0.00    0.00   0.26       2638
20230123  16190294   26.9530   102.7200      0.740   2.8    0.00    0.00   0.07       2639
20230123  16385979   27.1210   102.9420     17.340   3.6    0.00    0.00   0.00       2640
20230123  17254788   27.4550   103.0220      2.210   3.2    0.00    0.00   0.01       2641
20230123  17430550   27.2160   102.2410     31.000   2.5    0.00    0.00  -0.01       2642
20230123  17432354   26.4910   103.0470     23.120   3.0    0.00    0.00   0.01       2643
20230123  17522828   26.8020   103.0730      1.220   2.5    0.00    0.00   0.03       2644
20230123  17533200   27.1830   103.3290      1.050   2.3    0.00    0.00   0.12       2645
20230123  18384382   26.7980   102.8520      1.480   2.1    0.00    0.00   0.00       2646
20230123  18453834   26.6010   102.7510      3.490   1.3    0.00    0.00   0.02       2647
20230123  19454916   27.1150   102.8610      0.000   2.3    0.00    0.00  -0.08       2648
20230123  20075706   26.8460   102.9320     17.120   3.1    0.00    0.00   0.02       2649
20230123  20195936   27.2580   102.9500      1.860   1.3    0.00    0.00   0.31       2650
20230123  20244832   26.6520   102.9200      8.970   2.9    0.00    0.00   0.01       2651
20230123  21041370   27.1050   103.0260      1.390   1.6    0.00    0.00  -0.14       2652
20230123  21231692   26.8030   102.8860      1.440   1.7    0.00    0.00   0.09       2653
20230123  21541030   27.1150   102.8430     12.390   4.3    0.00    0.00  -0.05       2654
20230123  22004486   26.9500   102.9850      0.590   2.8    0.00    0.00   0.01       2655
20230123  22574564   27.0360   102.4770      0.000   3.2    0.00    0.00  -0.01       2656
20230123  22575460   27.2330   102.8410      3.600   3.1    0.00    0.00  -0.01       2657
20230123  23250366   27.0770   102.4260      0.000   3.0    0.00    0.00  -0.82       2658
20230123  23292784   27.4700   102.7960      1.170   3.4    0.00    0.00  -0.46       2659
20230123  23404792   26.7550   102.7540      2.080   1.5    0.00    0.00   0.08       2660
20230123  23444596   26.8050   102.6520      2.210   2.8    0.00    0.00   0.55       2661
20230124    351762   27.1260   102.7980      2.660   2.5    0.00    0.00   0.02       2662
20230124    555733   26.4910   101.9910     31.000   3.7    0.00    0.00  -0.35       2663
20230124    593616   27.0140   103.0420      1.390   2.8    0.00    0.00  -0.18       2664
20230124   1121605   26.8510   102.7630      1.440   3.5    0.00    0.00  -0.15       2665
20230124   1385374   27.2470   103.0000      1.780   2.3    0.00    0.00   0.68       2666
20230124   1541067   26.8170   102.7990      0.810   3.0    0.00    0.00  -0.02       2667
20230124   2303735   26.9410   102.8110      1.470   3.0    0.00    0.00   0.08       2668
20230124   3163798   26.7280   102.9230      1.270   2.0    0.00    0.00   0.09       2669
20230124   3455817   26.7470   103.0360     10.200   2.8    0.00    0.00  -0.01       2670
20230124   3512532   27.1320   102.5870      0.770   2.8    0.00    0.00   0.13       2671
20230124   3570816   27.0230   103.0310      1.760   2.7    0.00    0.00   0.08       2672
20230124   4152414   26.9470   102.9660     11.590   2.9    0.00    0.00   0.00       2673
20230124   5270362   27.1120   102.8350     11.740   3.5    0.00    0.00   0.00       2674
20230124   5551828   26.9220   102.5480      0.000   3.1    0.00    0.00   0.03       2675
20230124   6050257   26.9990   102.9940      1.440   2.6    0.00    0.00   0.12       2676
20230124   6275002   27.2780   102.8980      3.100   3.5    0.00    0.00  -0.00       2677
20230124   8183242   27.0300   102.8860     14.900   2.7    0.00    0.00   0.07       2678
20230124   9142770   26.5850   103.0850      0.540   2.8    0.00    0.00   0.03       2679
20230124   9500561   27.0850   103.0820      1.190   2.8    0.00    0.00   0.03       2680
20230124  10063024   26.7270   103.0790     12.440   2.2    0.00    0.00   0.04       2681
20230124  10074041   26.8870   102.8720      5.360   2.4    0.00    0.00   0.02       2682
20230124  10112935   27.1140   103.2140      2.200   3.1    0.00    0.00   0.09       2683
20230124  10170485   27.1970   102.9940     31.000   3.3    0.00    0.00   0.51       2684
20230124  11003567   27.2580   102.9950      1.780   1.6    0.00    0.00   0.36       2685
20230124  11112335   26.7190   103.0310     13.410   3.1    0.00    0.00  -0.00       2686
20230124  11204160   27.0630   102.9530      7.180   3.1    0.00    0.00   0.08       2687
20230124  12252331   27.0400   103.1320      1.120   3.2    0.00    0.00   0.01       2688
20230124  12440613   26.7070   102.7740     11.340   3.4    0.00    0.00  -0.05       2689
20230124  13062997   26.7640   102.8600     13.520   1.7    0.00    0.00  -0.04       2690
20230124  13070318   27.2820   103.0230      2.020   1.9    0.00    0.00  -0.05       2691
20230124  13420652   27.0810   103.2230      1.370   3.0    0.00    0.00  -0.01       2692
20230124  13442214   27.1880   103.2340      8.080   3.4    0.00    0.00   0.00       2693
20230124  14131742   26.7620   102.9080      0.610   2.0    0.00    0.00   0.65       2694
20230124  14404165   26.8330   102.8480      0.810   3.2    0.00    0.00   0.02       2695
20230124  14531121   26.9250   103.1300     30.050   1.1    0.00    0.00   0.04       2696
20230124  16181454   26.9760   102.9010     10.310   3.7    0.00    0.00   0.00       2697
20230124  16344446   26.8720   102.9840      1.230   2.1    0.00    0.00  -0.04       2698
20230124  16531646   26.5200   102.9350      3.690   3.5    0.00    0.00   0.00       2699
20230124  17064228   26.9690   102.9630      7.940   4.3    0.00    0.00   0.09       2700
20230124  17333252   26.9610   102.7940      0.000   2.7    0.00    0.00   0.02       2701
20230124  18122468   26.8710   102.8970     21.590   3.1    0.00    0.00  -0.01       2702
20230124  18284072   26.8370   102.9460     13.590   5.3    0.00    0.00  -0.02       2703
20230124  18331564   26.8430   102.8890      1.400   0.5    0.00    0.00  -0.00       2704
20230124  18390810   26.8420   102.9510      9.150   3.5    0.00    0.00  -0.01       2705
20230124  19021936   26.8420   102.9520     12.680   4.5    0.00    0.00  -0.01       2706
20230124  19061272   26.9210   102.9800      0.180   2.5    0.00    0.00  -0.04       2707
20230124  19094914   26.7410   102.9830     31.000  -0.4    0.00    0.00  -0.01       2708
20230124  19163916   26.8360   102.9470      6.120   3.5    0.00    0.00  -0.00       2709
20230124  20031684   26.6470   102.9660      1.170   0.9    0.00    0.00   0.03       2710
20230124  20150284   26.8840   102.8500      0.000   2.1    0.00    0.00  -0.03       2711
20230124  21031654   26.8730   102.9430      1.570   0.4    0.00    0.00   0.02       2712
20230124  21415420   26.5140   103.0390     20.970   2.4    0.00    0.00  -0.01       2713
20230124  22231684   26.6830   102.9080      1.410   0.5    0.00    0.00  -0.02       2714
20230124  22451612   26.8350   102.9410      0.750   2.1    0.00    0.00   0.07       2715
20230124  22464228   26.8330   102.9350      6.060   2.9    0.00    0.00  -0.02       2716
20230124  23324682   27.1710   102.7640     18.940   3.7    0.00    0.00   0.00       2717
20230124  23324992   26.7850   102.8250     16.180   3.5    0.00    0.00  -0.01       2718
20230124  23373476   26.8040   103.4470      1.800   2.2    0.00    0.00   0.06       2719
20230124  23444942   26.5140   102.9930      9.510   3.2    0.00    0.00  -0.10       2720
20230125     42138   26.8210   102.7000      1.340   2.4    0.00    0.00  -0.35       2721
20230125    241486   26.6240   103.0390      0.640   3.0    0.00    0.00   0.05       2722
20230125    441524   26.8280   103.0180      2.600   1.7    0.00    0.00   0.06       2723
20230125    531820   26.9860   102.7980      1.400   1.5    0.00    0.00   0.05       2724
20230125   1014563   27.2150   102.6710      4.270   3.6    0.00    0.00  -0.09       2725
20230125   2014802   26.9720   102.9210      2.900   1.4    0.00    0.00   0.04       2726
20230125   2293297   27.0640   102.8870     11.230   3.4    0.00    0.00  -0.09       2727
20230125   2371396   27.2080   102.8270      0.000   2.5    0.00    0.00   0.24       2728
20230125   2544645   26.8590   102.9440     14.960   3.1    0.00    0.00   0.10       2729
20230125   3181306   26.6600   102.8300      0.170   3.2    0.00    0.00  -0.08       2730
20230125   3403219   27.2650   102.7920      1.500   3.3    0.00    0.00   0.01       2731
20230125   4092846   26.5480   103.1690      1.660   2.9    0.00    0.00   0.12       2732
20230125   4445918   26.4910   103.1260      0.730   2.6    0.00    0.00   0.27       2733
20230125   6531630   27.1220   102.8550      1.230   1.3    0.00    0.00  -0.06       2734
20230125   7011113   26.9090   102.9090      6.480   2.1    0.00    0.00   0.00       2735
20230125   7431541   27.1160   102.9020      1.380   1.6    0.00    0.00   0.16       2736
20230125   9112317   26.8900   102.9660      4.860   2.4    0.00    0.00   0.03       2737
20230125   9131726   27.0430   102.8150      0.000   0.7    0.00    0.00  -0.41       2738
20230125  10240436   27.4360   102.8380      2.850   3.0    0.00    0.00   0.20       2739
20230125  10274529   26.7940   103.0890      1.450   2.0    0.00    0.00   0.50       2740
20230125  10531505   26.8080   102.9780      1.780   1.3    0.00    0.00   0.16       2741
20230125  11125797   26.7370   102.9100      6.380   1.9    0.00    0.00   0.11       2742
20230125  12131713   27.0960   102.8660      1.600   1.6    0.00    0.00   0.17       2743
20230125  12195695   27.1410   102.8990      1.660   0.2    0.00    0.00   0.09       2744
20230125  12350204   26.6350   103.4790     31.000   3.4    0.00    0.00   0.01       2745
20230125  12370299   27.3030   103.1060      2.190   3.5    0.00    0.00  -0.02       2746
20230125  12431871   27.2210   102.9600      1.800   0.7    0.00    0.00  -0.02       2747
20230125  12515864   26.9610   102.9270      8.710   3.5    0.00    0.00  -0.03       2748
20230125  13561952   26.4910   102.9890      5.010   3.0    0.00    0.00  -0.21       2749
20230125  14001741   26.9910   103.0900      2.370   2.3    0.00    0.00  -0.05       2750
20230125  14083881   26.9730   102.9190      9.280   3.4    0.00    0.00  -0.09       2751
20230125  14431406   26.9140   102.8750      2.150   0.9    0.00    0.00   0.04       2752
20230125  14540684   26.8670   102.9330      0.650   2.1    0.00    0.00   0.23       2753
20230125  14544805   26.4910   103.0010      8.490   3.8    0.00    0.00  -0.08       2754
20230125  15062062   26.9670   102.9390      4.300   3.3    0.00    0.00  -0.09       2755
20230125  15290845   26.9740   102.9210     10.510   3.3    0.00    0.00  -0.06       2756
20230125  15483880   27.0220   102.9070     10.200   3.1    0.00    0.00  -0.00       2757
20230125  16141407   26.8300   102.9200      9.580   0.8    0.00    0.00   0.01       2758
20230125  16411150   27.1340   102.8390      8.740   1.9    0.00    0.00   0.02       2759
20230125  16501219   27.0820   103.0360      5.430   3.0    0.00    0.00   0.01       2760
20230125  17233366   26.8940   102.7100      0.250   2.5    0.00    0.00  -0.10       2761
20230125  17382614   26.9450   102.8060     11.840   2.5    0.00    0.00  -0.01       2762
20230125  17431316   26.9690   102.9420     31.000   1.0    0.00    0.00  -0.10       2763
20230125  17534076   26.9840   102.9070      1.440   0.9    0.00    0.00   0.03       2764
20230125  18321684   26.9090   103.1630      2.840   1.5    0.00    0.00  -0.00       2765
20230125  18333534   27.0360   102.7250      0.840   0.6    0.00    0.00   0.97       2766
20230125  18335972   27.0460   102.8640      1.310   2.4    0.00    0.00   0.02       2767
20230125  18513790   26.9250   103.0130      1.690   1.7    0.00    0.00  -0.11       2768
20230125  19063298   26.8740   102.9950     20.010   2.0    0.00    0.00  -0.86       2769
20230125  19274732   27.1740   102.8630      1.800   1.8    0.00    0.00   0.25       2770
20230125  19331670   26.8400   102.9400     10.630   0.8    0.00    0.00   0.02       2771
20230125  20040758   27.1870   102.8410     31.000   2.6    0.00    0.00   0.01       2772
20230125  20064400   27.3330   102.9530     11.050   3.7    0.00    0.00  -0.01       2773
20230125  20095396   26.7380   102.9790     31.000  -0.3    0.00    0.00   0.08       2774
20230125  20132586   26.9430   102.9160     31.000   4.3    0.00    0.00  -0.02       2775
20230125  20212380   27.1790   103.1010      3.370   3.2    0.00    0.00   0.01       2776
20230125  20323554   27.0190   102.8530     20.670   3.4    0.00    0.00  -0.00       2777
20230125  20462296   27.0730   103.7460     31.000   0.2    0.00    0.00   0.06       2778
20230125  20523132   27.1820   102.9670     18.340   3.5    0.00    0.00  -0.11       2779
20230125  20561156   26.4910   103.0310     14.490   3.3    0.00    0.00  -0.02       2780
20230125  20570704   26.4910   101.9910      0.000   4.3    0.00    0.00   0.96       2781
20230125  21013356   27.2940   103.0400      1.930   2.6    0.00    0.00  -0.49       2782
20230125  21065508   26.9370   103.0720     29.060   2.8    0.00    0.00  -0.02       2783
20230125  21245300   27.4110   102.8490      3.210   2.9    0.00    0.00   0.19       2784
20230125  21334790   26.9690   102.7490     31.000   3.9    0.00    0.00  -0.02       2785
20230125  21451172   27.3260   102.9580      8.090   2.0    0.00    0.00   0.16       2786
20230125  22045376   27.3880   102.9000      9.340   3.2    0.00    0.00  -0.03       2787
20230125  22053718   27.0520   102.6430      1.100   3.0    0.00    0.00   0.24       2788
20230125  22132004   27.2370   102.9180      1.850   2.7    0.00    0.00  -0.31       2789
20230125  22182172   26.7110   103.0060     13.460   4.1    0.00    0.00   0.01       2790
20230125  22204530   26.8640   102.8140      1.500   2.4    0.00    0.00  -0.06       2791
20230125  22233084   27.2650   102.8540      2.010   2.0    0.00    0.00   0.06       2792
20230125  22284260   26.7820   102.9650      1.050   1.0    0.00    0.00  -0.01       2793
20230125  22325628   27.2840   103.0360     12.770   2.5    0.00    0.00   0.06       2794
20230125  22411166   27.4010   102.6540     16.260   3.3    0.00    0.00   0.01       2795
20230125  22555420   27.2980   103.1290     31.000   3.0    0.00    0.00  -0.05       2796
20230125  23045242   26.5840   102.6990      1.150   3.2    0.00    0.00  -0.07       2797
20230125  23075664   27.1450   103.1250      2.800   3.6    0.00    0.00  -0.03       2798
20230125  23125720   27.2280   102.9100     12.540   2.8    0.00    0.00  -0.00       2799
20230125  23131592   26.7890   103.0180      0.620   2.1    0.00    0.00   0.35       2800
20230125  23244104   26.9770   102.9340      1.170   1.4    0.00    0.00   0.13       2801
20230125  23250556   27.3310   102.9770      1.960   2.0    0.00    0.00   0.57       2802
20230125  23330924   27.2830   102.9240      1.890   3.8    0.00    0.00  -0.01       2803
20230125  23331488   26.7270   102.9040     14.560   3.5    0.00    0.00   0.01       2804
20230125  23334192   27.2870   102.9190     14.600   4.4    0.00    0.00   0.24       2805
20230126    235362   26.8540   103.0180      1.430   2.5    0.00    0.00   0.10       2806
20230126    533956   26.7670   102.9070      0.570   2.6    0.00    0.00   0.04       2807
20230126   1031723   27.0140   102.8290      1.040   1.9    0.00    0.00   0.03       2808
20230126   1140770   26.9770   102.7610      1.420   2.8    0.00    0.00   0.07       2809
20230126   1143711   27.3610   102.8560      8.560   3.1    0.00    0.00  -0.00       2810
20230126   1240877   27.1570   103.0130      2.040   3.2    0.00    0.00   0.14       2811
20230126   1325144   26.9470   102.8950     12.150   2.8    0.00    0.00   0.00       2812
20230126   2073329   26.7070   103.0070     11.140   3.4    0.00    0.00  -0.03       2813
20230126   2590113   26.5620   103.3460     31.000   3.5    0.00    0.00  -0.01       2814
20230126   3114187   26.8640   103.0510      1.390   2.6    0.00    0.00   0.04       2815
20230126   3421780   26.8530   102.8400      3.750   3.0    0.00    0.00   0.08       2816
20230126   4570146   26.9310   102.8720      1.350   3.6    0.00    0.00   0.10       2817
20230126   5053611   27.1800   103.0300      0.000   3.2    0.00    0.00  -0.01       2818
20230126   5510060   27.3310   102.9090      2.060   2.5    0.00    0.00   0.18       2819
20230126   6072247   26.8580   103.0090      0.300   3.4    0.00    0.00  -0.05       2820
20230126   6565052   27.4730   103.0110      2.040   3.5    0.00    0.00   0.06       2821
20230126   7042928   26.7590   102.9080      1.300   2.2    0.00    0.00   0.04       2822
20230126   8131385   26.9930   102.8910     19.420   1.8    0.00    0.00   0.01       2823
20230126   8251320   26.8980   103.1570      1.890   2.5    0.00    0.00   0.16       2824
20230126   8320170   26.9680   102.9280      1.200   2.8    0.00    0.00   0.54       2825
20230126   8575139   26.9950   102.8480     16.040   3.5    0.00    0.00   0.00       2826
20230126   9015039   27.1950   102.8190      3.010   4.0    0.00    0.00   0.10       2827
20230126   9111970   26.7540   103.0440      1.130   3.2    0.00    0.00  -0.10       2828
20230126  10153303   26.9390   103.0470     12.250   3.2    0.00    0.00   0.00       2829
20230126  10575980   27.1620   102.9570      1.430   2.8    0.00    0.00   0.06       2830
20230126  11071693   27.4450   103.0140     16.360   4.2    0.00    0.00  -0.00       2831
20230126  12175205   27.4200   103.0380     18.690   4.0    0.00    0.00  -0.03       2832
20230126  14535374   26.9270   103.0760      0.560   3.4    0.00    0.00   0.07       2833
20230126  16033015   27.4730   103.0970      2.270   3.9    0.00    0.00   0.04       2834
20230126  16514083   26.9950   102.9710      1.040   2.2    0.00    0.00   0.47       2835
20230126  16542677   27.1540   102.9860      2.020   3.3    0.00    0.00  -0.00       2836
20230126  17030282   26.8200   102.6410      2.550   1.9    0.00    0.00   0.08       2837
20230126  17213766   27.2650   102.8840      1.920   3.7    0.00    0.00   0.04       2838
20230126  17260446   27.1700   103.0130      1.320   2.9    0.00    0.00   0.01       2839
20230126  17341638   27.2710   103.0790      1.950   3.2    0.00    0.00   0.43       2840
20230126  18193540   27.0450   102.2080      8.410   2.4    0.00    0.00  -0.01       2841
20230126  18201996   26.5800   103.0520      9.700   3.3    0.00    0.00  -0.00       2842
20230126  18322970   27.0350   102.8730      0.830   2.4    0.00    0.00   0.09       2843
20230126  18352948   27.1200   102.7920      9.810   3.1    0.00    0.00  -0.04       2844
20230126  19003024   27.0990   102.7960      0.000   2.5    0.00    0.00  -0.04       2845
20230126  19431628   26.9290   102.8270      0.540   1.4    0.00    0.00  -0.04       2846
20230126  20042388   27.2100   103.2690     20.470   5.6    0.00    0.00   0.03       2847
20230126  20100712   26.7590   102.9940     27.330   3.4    0.00    0.00  -0.02       2848
20230126  20293360   27.1470   102.7980      1.060   2.5    0.00    0.00   0.06       2849
20230126  20331706   26.8940   103.0360      1.350   0.4    0.00    0.00   0.00       2850
20230126  20345444   26.9290   102.9580     11.980   2.6    0.00    0.00   0.03       2851
20230126  20414600   26.9040   102.9040     18.650   2.9    0.00    0.00  -0.01       2852
20230126  20535864   26.7300   103.0220      0.880   1.7    0.00    0.00   0.12       2853
20230126  20542074   27.3660   103.2930      0.000   3.0    0.00    0.00  -0.43       2854
20230126  21242192   27.3100   102.7170      1.610   3.2    0.00    0.00   0.02       2855
20230126  21483166   26.6770   103.1300      2.230   3.1    0.00    0.00   0.11       2856
20230126  22141152   26.9460   102.9800      3.350   1.5    0.00    0.00   0.07       2857
20230126  23123734   27.0980   102.8550      0.000   2.8    0.00    0.00  -0.18       2858
20230126  23334590   27.1840   102.5740     20.600   2.9    0.00    0.00   0.02       2859
20230127    190930   27.2290   102.4010      2.580   2.8    0.00    0.00  -0.21       2860
20230127    310590   27.2490   103.0470      1.730   2.3    0.00    0.00   0.38       2861
20230127    331718   26.8150   102.9260      1.070   1.9    0.00    0.00   0.00       2862
20230127    414509   26.7170   103.1030      1.330   1.7    0.00    0.00   0.03       2863
20230127   1281310   27.0810   102.9460      1.980   2.2    0.00    0.00   0.04       2864
20230127   2134636   26.7820   103.1200      4.510   3.7    0.00    0.00   0.05       2865
20230127   2483885   27.2080   102.8040      0.900   3.4    0.00    0.00  -0.02       2866
20230127   3035447   26.8510   102.6280      0.360   3.5    0.00    0.00  -0.00       2867
20230127   3040529   26.8750   102.9220     12.250   3.2    0.00    0.00  -0.03       2868
20230127   3201282   26.8430   102.9140      0.740   3.2    0.00    0.00  -0.05       2869
20230127   4500488   26.9250   103.2870      2.180   3.2    0.00    0.00   0.35       2870
20230127   4574619   26.9880   103.1560      0.590   3.0    0.00    0.00  -0.11       2871
20230127   5304364   27.0460   103.1130      4.470   3.4    0.00    0.00  -0.10       2872
20230127   6031446   26.9550   102.9910      2.330   1.4    0.00    0.00   0.05       2873
20230127   6034279   26.7650   102.8630      0.080   2.7    0.00    0.00  -0.15       2874
20230127   6051093   26.8360   102.7990      0.570   3.0    0.00    0.00  -0.72       2875
20230127   6135275   26.8640   102.9560     14.210   3.3    0.00    0.00  -0.02       2876
20230127   6254943   26.6880   103.0300     15.480   3.5    0.00    0.00  -0.00       2877
20230127   7221270   26.8900   103.0030      1.180   2.3    0.00    0.00   0.03       2878
20230127   7585326   26.6890   103.1840      0.000   2.6    0.00    0.00  -0.04       2879
20230127   8111636   26.5160   104.0090      0.000   4.0    0.00    0.00   0.47       2880
20230127   8211428   26.9090   102.9230      0.780   1.5    0.00    0.00   0.41       2881
20230127   8343442   26.7690   102.9920      0.840   1.8    0.00    0.00   0.15       2882
20230127   8514631   26.8450   102.8760     16.130   3.2    0.00    0.00  -0.06       2883
20230127   8542523   27.2580   102.8760      1.820   2.2    0.00    0.00   0.15       2884
20230127   8550962   27.5090   102.8750     31.000   4.1    0.00    0.00  -0.46       2885
20230127   9031355   26.9440   103.1120      1.230   2.2    0.00    0.00   0.42       2886
20230127   9074035   26.7340   102.9550      0.050   2.5    0.00    0.00  -0.01       2887
20230127  10450223   27.0090   102.8160      0.000   3.2    0.00    0.00  -0.01       2888
20230127  10583434   26.9920   102.8350     11.910   3.6    0.00    0.00   0.04       2889
20230127  11001611   26.9660   102.9370      1.170   2.0    0.00    0.00   0.17       2890
20230127  11032501   26.6300   103.0760      1.070   2.7    0.00    0.00  -0.02       2891
20230127  11100558   27.0150   103.0400     14.280   3.3    0.00    0.00  -0.00       2892
20230127  11320362   27.1830   102.9540      1.520   2.5    0.00    0.00  -0.01       2893
20230127  11373530   27.0360   102.7310      2.110   3.3    0.00    0.00   0.02       2894
20230127  12092274   26.9770   102.9010     10.540   3.3    0.00    0.00   0.01       2895
20230127  13052506   27.0570   102.9170     13.360   2.7    0.00    0.00   0.03       2896
20230127  13204708   26.7380   102.8580      1.720   2.0    0.00    0.00   0.10       2897
20230127  13501966   26.9710   102.9340     10.360   3.3    0.00    0.00  -0.01       2898
20230127  14050847   26.9810   102.8150     24.450   2.4    0.00    0.00  -0.43       2899
20230127  14244762   26.9890   103.0370     28.830   2.7    0.00    0.00  -0.01       2900
20230127  15191270   27.1290   102.7160     14.380   2.3    0.00    0.00  -0.01       2901
20230127  15231508   26.8190   103.0090      9.070   1.2    0.00    0.00  -0.05       2902
20230127  15320480   26.9870   102.8170     11.410   2.5    0.00    0.00  -0.01       2903
20230127  15333192   27.0050   102.8350     15.120   3.2    0.00    0.00  -0.03       2904
20230127  15521079   27.2680   102.5500      0.380   2.3    0.00    0.00   0.24       2905
20230127  15523909   26.6410   102.9730      1.150   2.9    0.00    0.00  -0.00       2906
20230127  16005792   27.2010   103.0410      0.460   2.8    0.00    0.00   0.10       2907
20230127  16090488   27.2360   103.0360     12.950   3.0    0.00    0.00  -0.01       2908
20230127  16321105   26.8730   102.2620      0.430   2.5    0.00    0.00  -0.76       2909
20230127  16351374   26.8760   102.8970      1.090   1.3    0.00    0.00  -0.03       2910
20230127  16541243   26.8120   102.9270      0.700   1.5    0.00    0.00  -0.11       2911
20230127  16584151   26.8110   102.9890      0.330   2.2    0.00    0.00  -0.68       2912
20230127  17031584   27.1160   102.8520      1.450  -0.0    0.00    0.00  -0.01       2913
20230127  17181140   26.8630   102.9050      9.360   2.7    0.00    0.00  -0.05       2914
20230127  17545664   27.1810   102.9780      1.920   1.7    0.00    0.00   0.12       2915
20230127  18135590   26.8360   102.7170      0.000   2.6    0.00    0.00   0.05       2916
20230127  18351780   26.9970   102.7180      0.720   1.3    0.00    0.00   0.12       2917
20230127  18371694   27.1370   102.6930      0.920   2.2    0.00    0.00   0.05       2918
20230127  19040740   26.9940   102.8340     20.400   3.0    0.00    0.00   0.04       2919
20230127  19143940   26.8180   103.0830      0.770   2.7    0.00    0.00  -0.09       2920
20230127  19405316   27.5090   102.9030      2.720   3.0    0.00    0.00   0.02       2921
20230127  20210538   27.1140   102.8370      9.000   3.1    0.00    0.00  -0.00       2922
20230127  20263888   26.9500   102.8940      1.100   1.3    0.00    0.00   0.01       2923
20230127  20411730   26.9210   102.8260      0.800   2.5    0.00    0.00   0.03       2924
20230127  21173186   26.9680   103.0110      5.690   2.8    0.00    0.00  -0.01       2925
20230127  21521470   27.0830   102.7880      4.640   2.6    0.00    0.00  -0.69       2926
20230127  22164384   26.7720   103.1290      1.790   2.1    0.00    0.00  -0.06       2927
20230127  22545772   26.6120   103.0460      2.660   2.8    0.00    0.00   0.13       2928
20230127  23505752   27.0150   102.8110     15.520   3.2    0.00    0.00  -0.00       2929
20230128    244405   27.1080   102.9350      1.640   3.0    0.00    0.00   0.14       2930
20230128    290437   27.1930   102.9740      1.580   2.9    0.00    0.00   0.12       2931
20230128    303973   26.7540   103.0270      1.050   2.4    0.00    0.00  -0.68       2932
20230128    472123   27.0070   102.8540      1.380   1.8    0.00    0.00   0.43       2933
20230128   1141135   27.0030   102.9160      1.500   1.8    0.00    0.00  -0.16       2934
20230128   1234041   26.8170   103.1520      1.740   1.8    0.00    0.00   0.05       2935
20230128   2005242   26.8240   102.9710     13.880   3.3    0.00    0.00  -0.02       2936
20230128   2233582   27.1100   103.0080      8.790   3.4    0.00    0.00  -0.00       2937
20230128   2391854   26.8150   102.9140     16.650   2.6    0.00    0.00   0.00       2938
20230128   2435545   27.1160   102.3620      0.140   3.3    0.00    0.00   0.05       2939
20230128   2500949   27.1620   102.8780      1.850   3.2    0.00    0.00  -0.03       2940
20230128   3003834   27.1250   102.8890     25.270   3.7    0.00    0.00  -0.09       2941
20230128   3314512   27.1810   103.0400     31.000   2.8    0.00    0.00   0.09       2942
20230128   4095598   27.1450   102.8200      1.360  -0.2    0.00    0.00  -0.02       2943
20230128   4302212   27.0340   102.7700      1.000   2.3    0.00    0.00   0.17       2944
20230128   4483310   27.3720   102.8920      2.170   3.1    0.00    0.00   0.05       2945
20230128   5254932   27.0420   102.8440      1.690   2.7    0.00    0.00  -0.02       2946
20230128   5271344   26.8460   102.8920     12.450   3.4    0.00    0.00  -0.12       2947
20230128   5354057   27.5090   102.7110     31.000   3.3    0.00    0.00  -0.01       2948
20230128   5441424   26.5310   102.9070      0.000   4.0    0.00    0.00   0.26       2949
20230128   6031203   26.9930   102.9330      1.390   1.0    0.00    0.00  -0.19       2950
20230128   6331243   26.8430   102.5820      0.000   2.2    0.00    0.00   0.01       2951
20230128   8244897   27.3890   102.9250      4.630   3.4    0.00    0.00  -0.08       2952
20230128   9265791   27.0910   102.7460      0.970   2.8    0.00    0.00   0.09       2953
20230128   9331371   27.0420   102.9210      1.730   1.6    0.00    0.00  -0.67       2954
20230128  10223566   26.7230   103.1560      0.000   3.5    0.00    0.00   0.19       2955
20230128  10401479   26.8860   102.8860      7.640   2.7    0.00    0.00  -0.00       2956
20230128  10583341   27.0670   102.7260      1.020   2.9    0.00    0.00   0.78       2957
20230128  11461031   26.9700   102.8320     16.320   3.4    0.00    0.00   0.05       2958
20230128  11521281   27.2240   103.0150     15.400   3.4    0.00    0.00   0.04       2959
20230128  11530872   26.9170   103.0680      1.650   1.3    0.00    0.00  -0.39       2960
20230128  12015890   26.9870   103.1120      0.000   3.0    0.00    0.00  -0.04       2961
20230128  12102397   27.1300   103.2180      1.980   3.7    0.00    0.00   0.24       2962
20230128  12131609   27.1060   102.9040      1.580   0.2    0.00    0.00   0.01       2963
20230128  12132358   26.9240   102.9120      8.550   3.3    0.00    0.00   0.04       2964
20230128  13111616   26.9600   102.9220      1.590   2.2    0.00    0.00   0.42       2965
20230128  14153711   27.1950   103.0160      1.760   2.1    0.00    0.00   0.12       2966
20230128  14531402   27.0760   102.9230      1.270   0.8    0.00    0.00  -0.07       2967
20230128  15191130   27.0610   103.1090      1.790   3.0    0.00    0.00   0.03       2968
20230128  15332459   26.9460   102.8080     19.760   2.2    0.00    0.00  -0.00       2969
20230128  16101749   27.0180   102.8500     15.420   3.4    0.00    0.00   0.01       2970
20230128  16504584   27.0560   102.8420      0.720   2.9    0.00    0.00  -0.33       2971
20230128  16531746   26.8760   102.8420      1.330   0.7    0.00    0.00   0.85       2972
20230128  17014088   27.2160   103.0810      1.890   2.2    0.00    0.00   0.06       2973
20230128  17060534   27.1000   103.1030      1.420   3.2    0.00    0.00  -0.06       2974
20230128  17165262   27.0160   102.8040     11.030   2.7    0.00    0.00  -0.00       2975
20230128  18114220   26.8100   102.9240      0.680   1.3    0.00    0.00  -0.17       2976
20230128  18385184   27.5090   102.5100      3.460   1.9    0.00    0.00   0.01       2977
20230128  18484124   26.9680   102.8750      0.980   1.2    0.00    0.00   0.02       2978
20230128  19240692   27.0420   103.2680      0.250   3.8    0.00    0.00   0.05       2979
20230128  19323498   27.0390   103.2990      0.000   3.4    0.00    0.00   0.01       2980
20230128  19551932   26.6930   103.0290     10.260   3.0    0.00    0.00   0.11       2981
20230128  19573220   26.9260   102.9270     11.900   3.4    0.00    0.00   0.02       2982
20230128  20031504   26.8350   103.0350     12.900   1.2    0.00    0.00  -0.16       2983
20230128  20382860   27.0680   102.8510     16.400   3.2    0.00    0.00   0.14       2984
20230128  21041584   26.8300   103.2810      1.140   1.8    0.00    0.00   0.02       2985
20230128  21110248   27.2710   103.0040     15.400   2.6    0.00    0.00   0.01       2986
20230128  21282296   26.8840   102.8040      0.000   2.2    0.00    0.00   0.21       2987
20230128  21593076   27.1540   102.8190      1.840   3.5    0.00    0.00   0.00       2988
20230128  21593714   26.9610   102.9270     15.280   3.2    0.00    0.00  -0.01       2989
20230128  22000556   27.3820   102.7770      0.000   3.3    0.00    0.00   0.04       2990
20230128  22395536   26.8450   102.8730      2.950   0.6    0.00    0.00   0.19       2991
20230128  22413296   27.0080   102.9380      1.520   2.2    0.00    0.00  -0.18       2992
20230128  22522906   26.8400   102.8950      0.760   2.8    0.00    0.00   0.09       2993
20230129    495387   26.6710   103.0180     31.000   1.0    0.00    0.00   0.11       2994
20230129   1013861   26.9660   102.9480     12.600   3.2    0.00    0.00  -0.18       2995
20230129   1044368   27.1060   102.9280      0.000   3.8    0.00    0.00   0.01       2996
20230129   1094703   27.2440   103.1500      1.610   3.1    0.00    0.00   0.02       2997
20230129   1094905   26.7510   103.0080     31.000   2.5    0.00    0.00  -0.29       2998
20230129   2031933   26.9430   102.9280      1.050   1.2    0.00    0.00  -0.01       2999
20230129   2241687   26.4960   103.0290      0.650   2.3    0.00    0.00   0.25       3000
20230129   2350483   26.9210   103.3280      2.440   3.0    0.00    0.00   0.14       3001
20230129   3040563   26.8920   103.1390      6.130   3.2    0.00    0.00  -0.22       3002
20230129   5212767   27.1100   103.0940     18.970   3.7    0.00    0.00  -0.07       3003
20230129   5391020   26.9640   102.9420      1.220   2.3    0.00    0.00   0.47       3004
20230129   5445765   27.4550   102.9410      1.790   2.9    0.00    0.00   0.60       3005
20230129   7081973   27.2530   102.9240      1.900   2.2    0.00    0.00   0.71       3006
20230129   7180360   26.7800   102.9370      1.860   2.4    0.00    0.00   0.07       3007
20230129   8484195   27.1350   102.9890      0.770   3.5    0.00    0.00  -0.12       3008
20230129   8531569   26.7630   103.2450      0.000   2.8    0.00    0.00   0.27       3009
20230129   9122511   27.1230   102.9180      8.340   3.0    0.00    0.00   0.02       3010
20230129   9122598   26.7490   102.8850      2.790   3.0    0.00    0.00   0.08       3011
20230129  10163843   27.3080   102.9670      1.970   1.2    0.00    0.00   0.59       3012
20230129  10290447   27.0350   102.7660      0.970   3.2    0.00    0.00   0.13       3013
20230129  11192806   27.0360   102.8810     20.650   4.0    0.00    0.00   0.01       3014
20230129  11205114   27.5090   103.0410      0.000   3.4    0.00    0.00   0.59       3015
20230129  11553376   27.2550   102.9120     18.540   3.1    0.00    0.00   0.00       3016
20230129  11562702   26.9210   103.1290      1.810   2.4    0.00    0.00   0.45       3017
20230129  12371350   26.9890   103.0550      1.760   2.6    0.00    0.00   0.02       3018
20230129  12374635   26.5790   103.0560      0.940   2.2    0.00    0.00   0.10       3019
20230129  13160654   27.0600   102.7890      2.150   2.3    0.00    0.00   0.19       3020
20230129  13312567   26.9570   102.8600      1.040   2.2    0.00    0.00   0.16       3021
20230129  13410672   26.6950   103.0210     10.430   3.2    0.00    0.00  -0.05       3022
20230129  14111260   26.9290   102.9940      0.170   2.8    0.00    0.00   0.01       3023
20230129  14330525   26.9110   102.7020      0.450   2.7    0.00    0.00  -0.25       3024
20230129  15031378   27.0120   102.7590      8.920   0.8    0.00    0.00  -0.31       3025
20230129  16211948   27.0170   102.7970     18.990   3.0    0.00    0.00   0.02       3026
20230129  16214362   27.2280   102.7130      4.280   1.9    0.00    0.00  -0.04       3027
20230129  16382018   26.5650   103.0720     17.120   3.1    0.00    0.00   0.00       3028
20230129  17154876   26.9660   102.8640      1.280   2.1    0.00    0.00   0.04       3029
20230129  17381616   26.9390   103.1650      2.030   1.4    0.00    0.00   0.16       3030
20230129  18184086   26.4910   103.0070      9.800   2.7    0.00    0.00  -0.02       3031
20230129  18383750   27.0590   102.7240      0.790   1.3    0.00    0.00   0.05       3032
20230129  18563800   27.0720   102.8220      2.000   1.0    0.00    0.00   0.71       3033
20230129  19340132   26.4910   103.0220      0.610   2.9    0.00    0.00   0.85       3034
20230129  19411580   26.7840   102.9770      0.880   1.5    0.00    0.00   0.05       3035
20230129  19451296   26.7410   102.8360      1.680   1.5    0.00    0.00   0.20       3036
20230129  20060126   26.6320   102.9770      1.320   2.1    0.00    0.00  -0.93       3037
20230129  20131680   26.8680   102.8500      0.000   1.2    0.00    0.00   0.20       3038
20230129  20132916   27.3300   103.1220      6.380   2.8    0.00    0.00  -0.04       3039
20230129  20190830   27.2020   102.9600      1.920   2.6    0.00    0.00   0.05       3040
20230129  20374508   26.9860   102.8670      1.370   0.9    0.00    0.00   0.77       3041
20230129  20410556   27.1000   102.7650      1.020   1.4    0.00    0.00   0.02       3042
20230129  21581980   26.7260   103.0240      1.120   2.7    0.00    0.00   0.15       3043
20230129  22031556   26.7780   102.9680      1.820   0.6    0.00    0.00   0.02       3044
20230129  22130664   26.8570   102.9600     14.570   3.5    0.00    0.00  -0.01       3045
20230129  22340396   26.6300   103.1100      1.240   2.9    0.00    0.00   0.16       3046
20230129  22514460   26.8660   102.9600      7.300   3.2    0.00    0.00   0.01       3047
20230129  22583974   26.8730   102.9690      7.710   3.2    0.00    0.00  -0.05       3048
20230130     45888   27.2490   102.9840      2.290   2.9    0.00    0.00   0.04       3049
20230130   1570011   26.9280   103.0480      1.000   2.9    0.00    0.00   0.02       3050
20230130   2463773   27.2280   102.9230      1.570   2.3    0.00    0.00  -0.35       3051
20230130   2545111   26.8060   102.7320     11.380   3.5    0.00    0.00  -0.00       3052
20230130   3081694   27.3590   103.0860      0.000   3.1    0.00    0.00   0.12       3053
20230130   3563023   26.4910   103.0750      0.820   2.7    0.00    0.00   0.23       3054
20230130   4033601   27.2760   102.7850      0.610   3.0    0.00    0.00   0.03       3055
20230130   4080265   26.4910   102.9530      0.490   3.0    0.00    0.00   0.33       3056
20230130   4182783   27.1070   102.6000      0.650   3.1    0.00    0.00   0.63       3057
20230130   5390291   26.7360   103.1580      0.000   2.7    0.00    0.00   0.02       3058
20230130   6142059   26.7820   102.9830      0.980   3.4    0.00    0.00   0.18       3059
20230130   7185525   26.8920   102.9870     12.540   3.1    0.00    0.00  -0.01       3060
20230130   7273451   27.0300   102.7440     18.520   3.1    0.00    0.00   0.03       3061
20230130   7413317   27.1360   102.7940      0.500   2.9    0.00    0.00   0.07       3062
20230130   7504792   26.9870   102.8710      1.540   2.4    0.00    0.00  -0.02       3063
20230130   8114494   26.7930   103.1290      0.070   3.0    0.00    0.00  -0.01       3064
20230130   8233844   26.8720   103.1840      2.010   2.8    0.00    0.00   0.22       3065
20230130   8515091   27.0770   102.7630      2.070   2.9    0.00    0.00   0.50       3066
20230130  10010714   27.0730   102.8800      8.470   2.9    0.00    0.00   0.04       3067
20230130  10445551   26.8450   102.9620     10.980   3.2    0.00    0.00  -0.04       3068
20230130  10521894   26.7270   103.0230      5.680   2.7    0.00    0.00   0.01       3069
20230130  11064738   27.1490   103.1070      2.280   3.9    0.00    0.00  -0.02       3070
20230130  11301528   26.9520   102.8840      1.000   2.7    0.00    0.00   0.02       3071
20230130  11483941   27.0120   102.9380      2.390   2.6    0.00    0.00   0.03       3072
20230130  12014877   26.8340   102.9560     10.060   3.0    0.00    0.00  -0.00       3073
20230130  12052046   26.8600   103.0540      1.530   2.6    0.00    0.00   0.64       3074
20230130  12153141   26.8730   102.9600      0.760   2.6    0.00    0.00   0.01       3075
20230130  12243149   26.9070   102.6530      0.760   3.1    0.00    0.00   0.10       3076
20230130  12265158   26.8440   102.9520     16.140   3.5    0.00    0.00  -0.06       3077
20230130  12305786   26.9840   102.8690     15.130   2.9    0.00    0.00   0.02       3078
20230130  12544162   26.8670   102.7680      0.840   2.8    0.00    0.00  -0.01       3079
20230130  13091972   26.8630   102.6370     31.000   3.1    0.00    0.00  -0.03       3080
20230130  13214885   26.7030   102.8300      0.000   3.0    0.00    0.00  -0.06       3081
20230130  13292185   26.8140   102.9620      0.520   1.5    0.00    0.00  -0.14       3082
20230130  13302056   27.1310   102.8690      0.000   2.6    0.00    0.00   0.02       3083
20230130  13550313   26.9000   102.9950     25.420   2.5    0.00    0.00  -0.03       3084
20230130  14244587   27.0630   102.7270     14.030   2.6    0.00    0.00  -0.05       3085
20230130  14365358   27.1690   103.2680      3.220   2.9    0.00    0.00   0.07       3086
20230130  14373378   26.9790   103.3350      2.080   3.6    0.00    0.00  -0.01       3087
20230130  14571863   26.9600   103.1260      1.820   2.2    0.00    0.00   0.04       3088
20230130  16242425   27.4890   102.8000      2.490   2.2    0.00    0.00  -0.56       3089
20230130  17463580   27.0890   102.8660      1.370  -0.4    0.00    0.00   0.03       3090
20230130  18082812   26.7370   103.1410      0.230   2.9    0.00    0.00  -0.05       3091
20230130  19024942   27.0280   102.9650      7.550   2.7    0.00    0.00   0.00       3092
20230130  19163376   27.0560   102.9080      2.410   0.3    0.00    0.00   0.26       3093
20230130  20035756   27.2240   102.6680     31.000   1.9    0.00    0.00  -0.00       3094
20230130  21270416   26.9360   102.8670     15.660   3.8    0.00    0.00   0.02       3095
20230130  21472196   26.9410   102.9370      1.150   2.7    0.00    0.00  -0.02       3096
20230130  21541416   26.9910   102.8520     13.770   2.8    0.00    0.00   0.00       3097
20230130  22481862   26.9520   102.9510      1.630   2.0    0.00    0.00   0.34       3098
20230130  22531500   26.7370   103.0220      0.730   1.6    0.00    0.00  -0.07       3099
20230130  23233544   27.0090   102.7080      1.160   2.1    0.00    0.00   0.07       3100
20230130  23345542   26.8430   102.9760      3.700   2.2    0.00    0.00   0.01       3101
20230130  23545060   26.4910   103.0170     12.800   3.8    0.00    0.00   0.17       3102
20230130  23570828   26.4910   102.8300     31.000   3.0    0.00    0.00   0.18       3103
20230131    135911   27.2830   102.6360      1.430   3.0    0.00    0.00   0.04       3104
20230131    403494   26.6770   103.1250      1.340   3.0    0.00    0.00   0.03       3105
20230131    560327   27.1680   103.1720      0.000   4.0    0.00    0.00  -0.07       3106
20230131   2164854   26.6800   102.9160      1.830   2.7    0.00    0.00   0.01       3107
20230131   2204823   27.2700   102.8550      1.360   2.0    0.00    0.00   0.13       3108
20230131   2390125   26.6820   103.0970      8.650   3.3    0.00    0.00   0.00       3109
20230131   2441747   27.0380   102.7270      5.450   2.9    0.00    0.00  -0.00       3110
20230131   4355409   26.7820   102.9900     15.640   2.4    0.00    0.00  -0.02       3111
20230131   4423028   27.2280   102.9190      1.850   2.4    0.00    0.00   0.05       3112
20230131   7003567   27.1510   103.1070     11.760   3.4    0.00    0.00   0.01       3113
20230131   7243022   26.8430   102.8000      1.910   2.4    0.00    0.00   0.02       3114
20230131   7342085   27.4100   102.5750      1.820   3.6    0.00    0.00   0.12       3115
20230131   7394442   27.2310   102.9140      7.230   2.5    0.00    0.00   0.06       3116
20230131   7441321   27.2110   103.5510      3.100   4.0    0.00    0.00   0.03       3117
20230131   8050169   26.9620   102.8910      1.390   3.0    0.00    0.00   0.08       3118
20230131   8114339   26.7300   103.1000     18.390   2.8    0.00    0.00  -0.01       3119
20230131   8162697   26.9880   102.8750     31.000   2.1    0.00    0.00  -0.11       3120
20230131   8331533   26.8050   102.9230      5.730   1.3    0.00    0.00  -0.02       3121
20230131   8434110   26.9150   102.8160      0.000   2.3    0.00    0.00  -0.01       3122
20230131   9180825   26.7230   102.9730      0.630   2.7    0.00    0.00  -0.02       3123
20230131   9470712   26.8030   102.9060     31.000   3.1    0.00    0.00  -0.08       3124
20230131   9532930   26.4910   102.5880      1.760   3.8    0.00    0.00  -0.03       3125
20230131  10554907   26.9680   102.9280      1.200   1.6    0.00    0.00   0.13       3126
20230131  11031287   26.8210   103.0880      0.370   2.5    0.00    0.00  -0.24       3127
20230131  11141240   27.0370   102.9620      1.130   2.7    0.00    0.00   0.15       3128
20230131  11152845   26.9070   102.9430      0.810   2.4    0.00    0.00   0.24       3129
20230131  11581295   27.2320   103.1910      2.680   3.3    0.00    0.00   0.12       3130
20230131  14544824   27.0230   102.8530      1.240   2.4    0.00    0.00   0.03       3131
20230131  14585763   26.7980   102.8160      0.000   2.8    0.00    0.00  -0.83       3132
20230131  15045572   27.5090   103.6920      4.430   3.5    0.00    0.00  -0.23       3133
20230131  16022672   26.6750   102.8190      1.970   3.5    0.00    0.00   0.10       3134
20230131  16023038   27.1300   103.0020      1.300   2.9    0.00    0.00   0.02       3135
20230131  16275929   26.6110   103.0080     10.580   3.8    0.00    0.00  -0.01       3136
20230131  16431701   26.8910   103.0320      1.250   0.5    0.00    0.00   0.18       3137
20230131  16441450   27.1260   102.9090      1.390   1.7    0.00    0.00  -0.16       3138
20230131  16542904   26.9790   102.8830      1.420   1.5    0.00    0.00   0.94       3139
20230131  17032364   26.8930   102.9300     10.480   3.8    0.00    0.00  -0.01       3140
20230131  17155824   27.0900   102.8420      0.000   2.4    0.00    0.00  -0.04       3141
20230131  17250922   26.9630   102.4490     31.000   3.1    0.00    0.00   0.50       3142
20230131  17315824   26.8650   102.8760     31.000   2.9    0.00    0.00   0.06       3143
20230131  17450972   26.8940   102.8850      0.410   2.0    0.00    0.00  -0.03       3144
20230131  18081074   27.1440   103.0850      0.010   2.4    0.00    0.00   0.09       3145
20230131  19033584   27.2820   102.9310     12.680   3.5    0.00    0.00  -0.05       3146
20230131  19131638   27.0600   102.9570      0.000   1.4    0.00    0.00   0.07       3147
20230131  19191724   27.0050   102.7810     13.450   2.7    0.00    0.00   0.03       3148
20230131  19231830   26.7590   103.0620      1.170   0.6    0.00    0.00   0.11       3149
20230131  19290040   27.1600   102.8110      2.260   1.9    0.00    0.00  -0.04       3150
20230131  19462948   27.0040   102.8480     16.030   1.8    0.00    0.00  -0.04       3151
20230131  19522176   27.0010   102.9300      7.050   2.3    0.00    0.00  -0.00       3152
20230131  20315078   26.9290   102.9110      9.470   2.5    0.00    0.00   0.00       3153
20230131  20485868   26.9390   102.6930      0.000   2.1    0.00    0.00   0.17       3154
20230131  20591408   26.8370   102.7970     15.360   0.7    0.00    0.00  -0.03       3155
20230131  21282366   26.9430   102.9310     10.540   2.7    0.00    0.00  -0.01       3156
20230131  22012464   27.2610   102.7780      1.530   2.4    0.00    0.00   0.25       3157
20230131  22060912   26.9220   102.8170      0.090   2.2    0.00    0.00   0.01       3158
20230131  22125106   26.8030   103.2930      2.370   2.5    0.00    0.00   0.06       3159
20230131  22185856   26.9490   102.9030     13.150   2.6    0.00    0.00   0.05       3160
20230131  22235256   26.9260   102.9110      7.650   2.7    0.00    0.00   0.02       3161
20230131  22580160   26.7570   102.9950      0.840   1.1    0.00    0.00   0.33       3162
20230131  23140320   26.8850   102.9460      1.120   2.7    0.00    0.00   0.03       3163
20230201     52702   27.1830   102.7730      2.100   3.2    0.00    0.00   0.27       3164
20230201    131161   26.9850   102.9790      1.090   1.8    0.00    0.00   0.32       3165
20230201    533251   26.6250   102.7930      1.930   3.1    0.00    0.00   0.37       3166
20230201   2063709   26.8730   102.8480      2.530   0.5    0.00    0.00  -0.01       3167
20230201   3043500   27.1160   103.0240      1.690   2.9    0.00    0.00   0.02       3168
20230201   3555184   27.0100   102.7280      0.970   3.2    0.00    0.00   0.73       3169
20230201   4135142   27.1630   103.1110      0.000   2.9    0.00    0.00  -0.01       3170
20230201   5015852   27.0690   102.9430      1.780   3.1    0.00    0.00   0.19       3171
20230201   6064583   27.0840   103.1700      0.860   4.1    0.00    0.00   0.04       3172
20230201   6431758   26.8490   102.9620      0.830   1.9    0.00    0.00   0.45       3173
20230201   6574443   27.0770   102.7530      1.220   2.9    0.00    0.00   0.07       3174
20230201   7404800   27.0540   103.1890      0.000   3.9    0.00    0.00   0.05       3175
20230201   8151351   27.2480   103.0150      1.750   1.9    0.00    0.00   0.06       3176
20230201   8231735   26.8390   102.9570      0.970   1.8    0.00    0.00   0.12       3177
20230201   8534023   26.9250   102.9150      8.630   3.3    0.00    0.00  -0.02       3178
20230201   9384469   26.8880   102.9240      0.790   1.7    0.00    0.00   0.05       3179
20230201   9432855   26.9220   102.7690      1.930   2.5    0.00    0.00   0.30       3180
20230201  10215476   27.1040   103.1690      1.570   2.8    0.00    0.00   0.04       3181
20230201  10244636   26.9240   102.9010      1.140   2.8    0.00    0.00  -0.00       3182
20230201  10353933   27.1290   102.8850      1.670   3.0    0.00    0.00  -0.00       3183
20230201  11030864   27.0900   102.9560     31.000   2.2    0.00    0.00  -0.11       3184
20230201  11353010   26.7680   102.9150      0.480   2.8    0.00    0.00  -0.16       3185
20230201  11541590   26.9350   102.9000      0.990   2.6    0.00    0.00   0.01       3186
20230201  12462234   26.4910   103.4690      0.000   2.4    0.00    0.00  -0.26       3187
20230201  13030021   27.1310   102.8700      0.150   2.5    0.00    0.00   0.02       3188
20230201  14063658   27.1740   102.8530      1.560   2.3    0.00    0.00   0.66       3189
20230201  15245971   27.5090   102.9920      2.250   2.4    0.00    0.00   0.96       3190
20230201  15541342   26.8130   102.9630      1.610   2.4    0.00    0.00   0.00       3191
20230201  16174708   26.6900   102.8590      1.910   2.2    0.00    0.00   0.42       3192
20230201  16210037   27.5090   102.8660      2.330   3.1    0.00    0.00   0.24       3193
20230201  16260950   26.5510   103.1460      0.410   2.8    0.00    0.00  -0.18       3194
20230201  16272112   27.2480   103.0340      1.920   2.3    0.00    0.00  -0.63       3195
20230201  16320266   27.3730   102.7940      1.680   3.4    0.00    0.00   0.90       3196
20230201  16365918   27.0130   102.9520      5.560   2.3    0.00    0.00   0.00       3197
20230201  18411700   26.6940   103.0520      1.340   1.5    0.00    0.00  -0.01       3198
20230201  19323322   27.0040   102.8220      5.150   2.8    0.00    0.00  -0.03       3199
20230201  20050344   27.0740   102.8470      0.000   3.0    0.00    0.00  -0.21       3200
20230201  21050910   26.8780   103.5680      0.000   3.1    0.00    0.00   0.04       3201
20230201  21182064   26.9820   103.0240      1.480   2.8    0.00    0.00   0.04       3202
20230201  21353832   26.8380   102.9030      0.540   2.0    0.00    0.00   0.37       3203
20230201  21430930   27.2810   102.8900     10.170   2.3    0.00    0.00   0.04       3204
20230201  21431084   26.9810   102.8940      4.940   1.7    0.00    0.00  -0.01       3205
20230201  21535138   27.1130   102.8260      7.080   2.9    0.00    0.00  -0.01       3206
20230201  22525528   26.7900   102.9980      1.800   2.9    0.00    0.00   0.13       3207
20230201  23240304   27.0460   102.9450      1.430   2.7    0.00    0.00   0.08       3208
20230201  23352460   26.8320   102.7280      1.630   2.2    0.00    0.00   0.02       3209
20230202    182651   27.0140   102.9810      1.500   2.9    0.00    0.00  -0.21       3210
20230202   1143830   27.0970   103.5380     31.000   4.6    0.00    0.00   0.04       3211
20230202   1440419   26.8420   103.1430      1.740   2.1    0.00    0.00   0.51       3212
20230202   2105902   27.1250   103.5860      0.000   4.0    0.00    0.00  -0.01       3213
20230202   2175796   27.2940   102.8130     22.300   3.0    0.00    0.00   0.38       3214
20230202   2244427   26.5690   103.1360      2.570   3.1    0.00    0.00   0.13       3215
20230202   2254563   27.2420   103.0200      1.740   2.6    0.00    0.00   0.62       3216
20230202   3101995   26.9090   103.2060      2.410   3.2    0.00    0.00  -0.45       3217
20230202   3501239   27.0250   102.9300      9.790   3.2    0.00    0.00   0.03       3218
20230202   4410302   26.9910   102.9600      7.760   2.7    0.00    0.00   0.00       3219
20230202   5451793   26.4910   102.6820      1.540   3.5    0.00    0.00   0.97       3220
20230202   6241254   26.8420   102.7440      1.490   3.1    0.00    0.00   0.03       3221
20230202   6542062   27.0970   102.9700      1.750   2.7    0.00    0.00   0.10       3222
20230202   7131750   26.8350   103.0440      1.250   0.7    0.00    0.00  -0.04       3223
20230202   7202206   27.0580   102.9910      1.420   2.3    0.00    0.00   0.00       3224
20230202   8021502   26.9610   102.8920     12.570   2.7    0.00    0.00  -0.00       3225
20230202   8211493   26.8670   102.9570      0.660   2.3    0.00    0.00   0.17       3226
20230202   9001262   27.0900   102.9330      1.980   3.2    0.00    0.00   0.07       3227
20230202   9310994   26.5890   103.0570      0.880   2.6    0.00    0.00   0.01       3228
20230202   9311337   27.5090   104.0090     31.000   4.3    0.00    0.00   0.02       3229
20230202  11380707   27.5090   103.1430      2.190   2.8    0.00    0.00   0.09       3230
20230202  11550103   26.4910   102.9890     29.650   3.4    0.00    0.00  -0.14       3231
20230202  12233210   27.0910   102.9820      1.890   2.8    0.00    0.00   0.00       3232
20230202  12363693   26.8220   102.8480      1.610   1.3    0.00    0.00  -0.07       3233
20230202  12381058   27.1640   103.1410      1.950   4.0    0.00    0.00   0.00       3234
20230202  13295556   26.7780   102.9680      1.820   0.1    0.00    0.00   0.05       3235
20230202  13355971   26.7840   102.6730      0.720   3.3    0.00    0.00   0.20       3236
20230202  13480891   27.1080   102.8680      1.430   2.8    0.00    0.00  -0.00       3237
20230202  13585868   27.1480   102.8950      1.530   2.7    0.00    0.00   0.41       3238
20230202  14073199   26.8210   102.8350     13.880   3.3    0.00    0.00  -0.00       3239
20230202  14175932   26.6650   102.7340      2.280   3.3    0.00    0.00  -0.01       3240
20230202  14253199   26.6330   103.0550      1.030   2.7    0.00    0.00   0.03       3241
20230202  14344352   27.1700   103.1020      1.850   2.8    0.00    0.00   0.01       3242
20230202  14484861   26.8270   102.9700      6.790   2.8    0.00    0.00   0.05       3243
20230202  14574331   26.6760   102.9770      0.030   1.1    0.00    0.00  -0.20       3244
20230202  15082504   27.1550   103.2620     18.930   5.5    0.00    0.00   0.02       3245
20230202  15142899   27.1740   103.2440     19.960   3.2    0.00    0.00  -0.02       3246
20230202  15210560   26.8350   102.8270      1.630   3.5    0.00    0.00   0.04       3247
20230202  16021190   27.2810   103.1240      2.730   3.2    0.00    0.00  -0.00       3248
20230202  16074712   27.0960   102.9380     21.440   2.2    0.00    0.00  -0.08       3249
20230202  16181131   26.8190   103.0930     11.560   2.7    0.00    0.00   0.34       3250
20230202  16323534   27.2560   102.8740      5.250   3.2    0.00    0.00   0.01       3251
20230202  16360637   27.0710   102.8720      2.050   2.2    0.00    0.00   0.01       3252
20230202  16390254   26.9240   102.9030      0.000   3.0    0.00    0.00   0.01       3253
20230202  17405196   27.0910   103.2250      2.030   3.6    0.00    0.00  -0.03       3254
20230202  18242992   26.9880   102.8140     17.020   1.7    0.00    0.00   0.02       3255
20230202  18283972   27.1030   102.7460      2.310   2.2    0.00    0.00   0.16       3256
20230202  18331572   27.0160   103.0520      0.000   1.0    0.00    0.00  -0.23       3257
20230202  19015088   26.8160   103.4140      0.000   3.3    0.00    0.00   0.09       3258
20230202  19090822   26.9750   102.7930      7.570   2.8    0.00    0.00  -0.15       3259
20230202  19111312   27.2070   102.9840      1.710   2.6    0.00    0.00   0.01       3260
20230202  19223934   27.0050   103.2350      8.760   2.7    0.00    0.00   0.01       3261
20230202  20031456   26.8350   102.9470      1.620   0.7    0.00    0.00   0.00       3262
20230202  20151554   26.7890   103.1200      0.450   1.6    0.00    0.00  -0.13       3263
20230202  20270428   26.9180   102.9400     11.430   2.9    0.00    0.00  -0.00       3264
20230202  20333626   26.9660   103.1490      0.480   2.5    0.00    0.00   0.00       3265
20230202  20443674   26.4910   102.9420      0.000   2.4    0.00    0.00   0.04       3266
20230202  20550208   26.7700   103.2920      0.000   2.6    0.00    0.00  -0.03       3267
20230202  21034152   26.7900   103.1190      9.510   1.2    0.00    0.00  -0.02       3268
20230202  21524816   26.8270   102.9520      7.260   2.3    0.00    0.00  -0.00       3269
20230202  22092398   26.6080   103.0170     13.640   2.8    0.00    0.00   0.09       3270
20230202  22133680   26.5930   103.0930     26.780   3.1    0.00    0.00   0.09       3271
20230202  22441834   26.4980   103.1530      3.530   2.2    0.00    0.00   0.06       3272
20230202  23212940   26.7650   103.0940      0.000   2.1    0.00    0.00  -0.09       3273
20230202  23232064   26.7540   103.0750      0.430   2.6    0.00    0.00   0.55       3274
20230203    541514   26.4910   102.0790      0.000   4.3    0.00    0.00  -0.51       3275
20230203   1031603   26.8420   102.9920      1.630   1.5    0.00    0.00  -0.10       3276
20230203   1454109   26.4910   102.4910      0.000   2.8    0.00    0.00   0.93       3277
20230203   1551178   27.3250   102.9200      2.060   2.3    0.00    0.00   0.26       3278
20230203   2223765   26.7450   102.8630      0.370   2.9    0.00    0.00   0.01       3279
20230203   4095271   27.0220   102.9690      1.460   1.0    0.00    0.00   0.03       3280
20230203   5284973   27.1040   102.3770      0.030   3.6    0.00    0.00  -0.00       3281
20230203   6131302   26.9570   102.9320      1.540   1.6    0.00    0.00   0.03       3282
20230203   6480021   27.0350   102.8580     30.370   3.8    0.00    0.00   0.05       3283
20230203   7251335   26.6660   103.1700      0.310   3.3    0.00    0.00  -0.98       3284
20230203   7431545   27.1170   102.8650      1.410   1.5    0.00    0.00   0.04       3285
20230203   7435149   26.4910   103.0210     21.690   4.4    0.00    0.00   0.03       3286
20230203   7580118   26.8770   102.7260      0.450   3.3    0.00    0.00   0.00       3287
20230203   8035860   26.4940   103.0290      0.660   3.2    0.00    0.00   0.26       3288
20230203   8581543   27.2280   102.9090      1.680   2.6    0.00    0.00   0.29       3289
20230203   9511644   26.7370   102.8260      1.770   2.5    0.00    0.00   0.04       3290
20230203   9593277   27.1020   102.8700      9.320   3.5    0.00    0.00  -0.04       3291
20230203  11203070   26.7640   102.4430     31.000   3.1    0.00    0.00  -0.02       3292
20230203  11414154   26.5290   103.2060      1.410   3.1    0.00    0.00   0.00       3293
20230203  12411135   27.1380   102.8640      3.480   3.3    0.00    0.00  -0.25       3294
20230203  12543308   26.8150   103.1330      1.600   2.7    0.00    0.00   0.15       3295
20230203  12564882   26.9180   102.7230      1.060   2.4    0.00    0.00   0.03       3296
20230203  13581931   26.6980   102.8550      1.300   2.8    0.00    0.00   0.62       3297
20230203  14334822   26.9220   102.9230      0.820   2.6    0.00    0.00   0.00       3298
20230203  16445959   26.4910   104.0090     31.000   3.7    0.00    0.00   0.52       3299
20230203  17595544   26.8740   102.9830      1.410   0.9    0.00    0.00   0.14       3300
20230203  18151156   27.0810   103.2600     26.970   2.9    0.00    0.00   0.01       3301
20230203  18181320   26.8040   103.0730     10.710   2.6    0.00    0.00   0.02       3302
20230203  19145732   27.2700   102.7000      2.250   2.6    0.00    0.00   0.59       3303
20230203  19191766   27.0090   102.8120      1.550   1.9    0.00    0.00   0.26       3304
20230203  19232406   26.8800   102.9040      0.860   2.7    0.00    0.00   0.32       3305
20230203  19283736   27.0570   103.2280      2.340   3.0    0.00    0.00   0.21       3306
20230203  19515672   27.0690   103.1000     28.460   3.0    0.00    0.00  -0.03       3307
20230203  20252302   26.8710   102.9050      0.610   1.7    0.00    0.00  -0.71       3308
20230203  20304580   27.2810   102.8710      1.670   2.5    0.00    0.00  -0.02       3309
20230203  20441144   27.0550   102.8440     14.350   1.8    0.00    0.00   0.10       3310
20230203  21184816   27.1360   102.8540      3.470   2.4    0.00    0.00  -0.02       3311
20230203  21433834   26.6000   103.0080      1.490   3.2    0.00    0.00   0.44       3312
20230203  22150814   27.1350   102.8020     28.260   1.6    0.00    0.00   0.01       3313
20230203  23133100   27.0100   102.6330     17.340   3.0    0.00    0.00   0.04       3314
20230203  23553486   26.9250   102.7730      1.280   2.7    0.00    0.00  -0.01       3315
20230204    443662   26.7290   103.2300      0.560   3.7    0.00    0.00  -0.19       3316
20230204    502698   26.8150   102.9950      0.970   2.8    0.00    0.00   0.41       3317
20230204   2421182   27.0960   102.8470      1.620   3.5    0.00    0.00   0.06       3318
20230204   2431455   26.7310   102.9920      0.870   1.3    0.00    0.00  -0.02       3319
20230204   3102216   26.8800   103.1700      0.000   3.0    0.00    0.00  -0.03       3320
20230204   3365735   26.5690   102.9280     25.930   3.7    0.00    0.00   0.04       3321
20230204   4355113   26.4910   102.7910      4.570   2.9    0.00    0.00  -0.44       3322
20230204   4401672   27.2470   103.0000      1.780   2.0    0.00    0.00   0.46       3323
20230204   4503187   26.6970   103.0110     28.700   3.3    0.00    0.00  -0.01       3324
20230204   4504429   27.0930   102.7000      0.320   3.3    0.00    0.00  -0.05       3325
20230204   5460375   27.0510   103.2190      2.920   3.1    0.00    0.00   0.10       3326
20230204   6044598   26.8460   103.1010      1.430   2.1    0.00    0.00   0.38       3327
20230204   6333871   26.8650   102.8990      0.690   2.8    0.00    0.00   0.36       3328
20230204   6342624   26.8370   102.7300      8.120   2.7    0.00    0.00   0.02       3329
20230204   6432028   26.9700   102.9270      1.190   0.9    0.00    0.00   0.26       3330
20230204   8414809   26.8090   102.9380      1.040   2.7    0.00    0.00   0.08       3331
20230204   8581509   26.8950   102.6630      0.280   3.0    0.00    0.00  -0.03       3332
20230204   9244867   26.7890   103.0250      0.000   2.8    0.00    0.00  -0.01       3333
20230204   9540267   27.2310   102.7980      0.850   3.4    0.00    0.00   0.06       3334
20230204   9550426   27.2370   102.9160      1.870   2.1    0.00    0.00   0.06       3335
20230204  10291755   27.1550   103.1350      8.300   4.6    0.00    0.00  -0.02       3336
20230204  10592281   27.1740   103.0040      0.300   2.8    0.00    0.00  -0.04       3337
20230204  11204578   27.1830   103.0300      1.710   3.6    0.00    0.00   0.01       3338
20230204  11205047   26.4910   102.9060      1.910   3.1    0.00    0.00   0.94       3339
20230204  11521511   26.8840   102.8580      1.110   2.0    0.00    0.00   0.05       3340
20230204  11523189   26.7840   103.3020      1.500   4.1    0.00    0.00   0.01       3341
20230204  12433146   27.2190   103.0000      1.670   3.5    0.00    0.00   0.15       3342
20230204  12464742   26.7680   102.9210      1.830   2.3    0.00    0.00   0.29       3343
20230204  12562368   27.1300   102.8280     29.440   2.4    0.00    0.00  -0.12       3344
20230204  13054825   27.1470   102.8790     19.100   2.0    0.00    0.00  -0.00       3345
20230204  13275481   27.2520   102.9170      5.150   1.7    0.00    0.00  -0.05       3346
20230204  13482588   27.1420   103.1500      1.970   3.9    0.00    0.00   0.13       3347
20230204  13531668   26.9290   102.7850      1.420   1.4    0.00    0.00  -0.39       3348
20230204  14380679   26.9400   103.0520      1.750   2.5    0.00    0.00   0.01       3349
20230204  15041985   26.7620   103.1670      1.680   2.3    0.00    0.00   0.14       3350
20230204  15211839   26.7510   102.9600      0.580   1.9    0.00    0.00   0.00       3351
20230204  15283502   26.9230   103.1140      1.760   2.7    0.00    0.00   0.67       3352
20230204  15432012   26.7420   102.7650      2.070   1.1    0.00    0.00   0.82       3353
20230204  15465016   27.0830   103.0090      1.550   2.6    0.00    0.00  -0.19       3354
20230204  16134074   26.9450   102.9440      0.680   1.4    0.00    0.00   0.04       3355
20230204  16284401   26.9870   102.9100      1.880   2.2    0.00    0.00   0.01       3356
20230204  16455062   27.0200   102.8870      0.910   2.5    0.00    0.00   0.42       3357
20230204  16545317   26.9490   102.7730      4.720   2.3    0.00    0.00  -0.01       3358
20230204  17551830   27.5090   102.8870      1.870   4.1    0.00    0.00  -0.20       3359
20230204  18143958   26.5590   103.0060      0.940   1.3    0.00    0.00   0.21       3360
20230204  18210076   27.0440   102.8600      2.100   2.3    0.00    0.00  -0.12       3361
20230204  18541888   27.0210   102.5420     20.480   3.4    0.00    0.00  -0.06       3362
20230204  19282230   27.0970   102.6910      0.000   2.4    0.00    0.00   0.23       3363
20230204  19322352   27.2270   103.2650      1.360   2.7    0.00    0.00   0.07       3364
20230204  19340776   26.9470   102.9340     10.590   2.5    0.00    0.00   0.00       3365
20230204  20031454   26.9660   102.9710     18.370   1.6    0.00    0.00   0.26       3366
20230204  20073648   26.8390   102.9550     14.010   2.5    0.00    0.00   0.02       3367
20230204  20331640   26.7010   103.1020      1.340  -0.2    0.00    0.00   0.02       3368
20230204  20342940   27.0360   102.7250      0.840   0.7    0.00    0.00   0.80       3369
20230204  20414696   26.7120   102.7920      0.200   2.6    0.00    0.00  -0.01       3370
20230204  20431718   26.7660   102.8920      1.350   0.1    0.00    0.00   0.00       3371
20230204  21014816   27.0440   102.8380     19.170   4.1    0.00    0.00  -0.09       3372
20230204  21124868   26.9810   102.9080      5.540   2.8    0.00    0.00   0.00       3373
20230204  21235908   27.1360   102.8490      1.410   2.8    0.00    0.00  -0.20       3374
20230204  21542424   27.0150   102.9390      1.250   2.6    0.00    0.00  -0.01       3375
20230204  21590118   27.5090   102.8470      2.250   3.0    0.00    0.00   0.65       3376
20230204  22021376   27.3790   102.3340      1.360   3.7    0.00    0.00  -0.42       3377
20230204  22142872   27.0820   102.9000      8.200   2.8    0.00    0.00   0.04       3378
20230204  23402020   26.7380   102.8610      0.200   2.0    0.00    0.00  -0.05       3379
20230204  23450944   26.6880   103.2440      0.000   3.0    0.00    0.00  -0.05       3380
20230205    282331   26.7970   102.9580      0.000   2.6    0.00    0.00   0.05       3381
20230205   1271828   26.8470   102.9240      0.850   2.2    0.00    0.00   0.08       3382
20230205   1340151   26.6440   102.7380     31.000   2.4    0.00    0.00   0.07       3383
20230205   2380473   26.9360   102.7700      0.000   2.8    0.00    0.00   0.12       3384
20230205   6140414   26.9040   103.1670      1.960   2.9    0.00    0.00   0.23       3385
20230205   6551930   26.4910   103.0130      0.930   2.5    0.00    0.00   0.30       3386
20230205   7283355   27.5090   103.1790     31.000   3.9    0.00    0.00  -0.98       3387
20230205   8053474   27.1360   102.9430      2.050   3.0    0.00    0.00   0.40       3388
20230205   8182467   27.2490   102.8680      2.040   2.5    0.00    0.00   0.10       3389
20230205  10071164   26.7490   102.9850      1.100   3.5    0.00    0.00   0.10       3390
20230205  10085565   27.0500   102.8150      2.660   2.3    0.00    0.00   0.01       3391
20230205  11565405   26.5170   102.9700      0.180   3.3    0.00    0.00  -0.17       3392
20230205  12043830   27.1150   103.0240      1.540   1.9    0.00    0.00  -0.22       3393
20230205  12373685   27.0590   102.8980      6.230   3.1    0.00    0.00  -0.01       3394
20230205  12415715   26.9840   102.7970     14.330   3.3    0.00    0.00  -0.01       3395
20230205  13310854   27.0040   102.8690      1.050   2.5    0.00    0.00   0.04       3396
20230205  14142250   26.9080   102.9670      1.070   2.1    0.00    0.00  -0.11       3397
20230205  16411684   26.9020   102.9490     11.420   3.0    0.00    0.00  -0.01       3398
20230205  16544654   26.7010   102.5220      0.000   2.9    0.00    0.00   0.05       3399
20230205  17421776   26.8120   102.8280      1.230   2.2    0.00    0.00   0.12       3400
20230205  17542252   26.7890   102.9760      0.910   2.0    0.00    0.00   0.10       3401
20230205  18045444   26.8300   102.9830      1.210   2.0    0.00    0.00  -0.02       3402
20230205  19111668   26.8510   102.9550      0.600   2.8    0.00    0.00  -0.00       3403
20230205  19535164   26.5790   102.8230      0.000   2.7    0.00    0.00  -0.10       3404
20230205  20215530   26.9950   102.8480     14.420   2.4    0.00    0.00   0.09       3405
20230205  20482452   26.8950   102.8920      0.000   2.5    0.00    0.00  -0.01       3406
20230205  20505776   26.9380   103.0880     11.130   2.9    0.00    0.00  -0.01       3407
20230205  20541560   26.8680   103.0400      1.730   2.3    0.00    0.00   0.04       3408
20230205  20583828   27.3150   102.4500     31.000   2.7    0.00    0.00   0.06       3409
20230205  21025376   26.9360   102.7530      1.190   2.4    0.00    0.00  -0.01       3410
20230205  21335352   26.9500   102.8030      3.920   2.2    0.00    0.00   0.07       3411
20230205  22422964   27.0530   102.7630      0.990   1.9    0.00    0.00   0.02       3412
20230205  23195718   27.0380   102.9950      1.760   3.0    0.00    0.00  -0.00       3413
20230206    150531   27.3170   103.0850      2.290   3.4    0.00    0.00   0.17       3414
20230206    422323   26.8740   102.8710      0.000   2.5    0.00    0.00   0.11       3415
20230206    531628   27.0890   102.8540      0.990   1.7    0.00    0.00  -0.02       3416
20230206   1031186   26.9470   102.9070      9.470   1.8    0.00    0.00   0.25       3417
20230206   1035537   27.2010   102.9070      2.200   2.6    0.00    0.00  -0.48       3418
20230206   1122760   26.9620   102.9270      9.900   4.9    0.00    0.00   0.01       3419
20230206   1152236   26.9710   102.9260      1.190   1.6    0.00    0.00   0.83       3420
20230206   1435779   27.0030   102.9360      7.580   3.2    0.00    0.00   0.01       3421
20230206   1521755   26.8690   102.9110      0.000   2.4    0.00    0.00   0.06       3422
20230206   2114384   26.9970   102.9110      7.300   2.9    0.00    0.00  -0.05       3423
20230206   4321144   27.0230   103.0810      0.440   2.7    0.00    0.00  -0.02       3424
20230206   4540679   26.4910   103.0080     11.430   3.2    0.00    0.00   0.04       3425
20230206   5204167   26.8700   102.8330     13.080   2.9    0.00    0.00   0.01       3426
20230206   6151740   27.1010   103.1650      2.170   2.9    0.00    0.00  -0.04       3427
20230206   6244742   27.1260   103.3790      0.000   3.7    0.00    0.00   0.03       3428
20230206   6552174   26.9420   103.1990     31.000   3.2    0.00    0.00  -0.04       3429
20230206   6582205   27.2880   103.0080      1.790   2.8    0.00    0.00   0.09       3430
20230206   7310585   26.9860   102.8670      1.370   2.6    0.00    0.00   0.47       3431
20230206   7425483   26.4910   103.0570     24.000   4.0    0.00    0.00   0.17       3432
20230206   8220649   26.9790   102.9690      0.480   2.3    0.00    0.00   0.04       3433
20230206   8303115   26.9640   102.9300     10.440   4.5    0.00    0.00  -0.04       3434
20230206   9402661   26.9690   102.9530     10.310   2.8    0.00    0.00   0.01       3435
20230206  10365213   26.7570   102.8940      1.760   2.4    0.00    0.00   0.06       3436
20230206  11441388   27.0090   103.0790      3.910   1.6    0.00    0.00   0.06       3437
20230206  11451079   26.9930   102.9870      2.070   2.5    0.00    0.00  -0.88       3438
20230206  12245879   26.9360   102.8130      8.610   2.5    0.00    0.00   0.00       3439
20230206  12251215   26.9270   102.9320      1.850   1.4    0.00    0.00   0.03       3440
20230206  12291890   27.4660   103.0250      2.270   2.6    0.00    0.00   0.13       3441
20230206  14053064   26.9850   102.9120     13.050   2.4    0.00    0.00   0.01       3442
20230206  14315291   27.1110   103.1660     14.280   4.2    0.00    0.00  -0.03       3443
20230206  14373424   26.7940   102.9470      1.700   2.8    0.00    0.00  -0.00       3444
20230206  14541504   27.1150   103.0940      1.990   2.4    0.00    0.00  -0.00       3445
20230206  14570015   26.8030   102.9530      1.660   2.9    0.00    0.00  -0.00       3446
20230206  15004806   27.2760   102.7370      1.440   2.8    0.00    0.00  -0.02       3447
20230206  15015038   26.9770   102.8950      1.490   1.5    0.00    0.00   0.47       3448
20230206  15021070   26.7780   102.8080      1.920   2.4    0.00    0.00   0.08       3449
20230206  15280636   27.0370   102.8810      2.710   2.6    0.00    0.00  -0.07       3450
20230206  15283309   27.1750   102.6640      0.700   2.8    0.00    0.00   0.80       3451
20230206  15341663   26.4910   103.2140      0.890   2.5    0.00    0.00  -0.04       3452
20230206  16034259   26.7640   103.0190      1.890   1.8    0.00    0.00   0.14       3453
20230206  16384764   27.0230   102.9570      1.030   2.0    0.00    0.00   0.28       3454
20230206  17135364   27.0200   102.8800      0.470   2.4    0.00    0.00  -0.01       3455
20230206  17350264   26.7740   102.9820      0.950   2.2    0.00    0.00  -0.37       3456
20230206  17415202   27.3170   103.1230      2.570   2.8    0.00    0.00   0.30       3457
20230206  17475950   26.8470   102.8220      0.750   2.3    0.00    0.00  -0.01       3458
20230206  18241980   26.9020   102.9970      1.210   2.3    0.00    0.00   0.02       3459
20230206  18265610   26.9710   102.9540     13.010   3.3    0.00    0.00   0.01       3460
20230206  18280304   27.1640   102.6740      0.820   3.3    0.00    0.00  -0.00       3461
20230206  18482036   26.9270   102.7020      1.200   2.5    0.00    0.00   0.16       3462
20230206  20092476   26.7570   102.8410      0.020   2.7    0.00    0.00   0.06       3463
20230206  20263224   26.9940   102.9380      1.370   1.0    0.00    0.00  -0.06       3464
20230206  20451898   26.7680   103.1660      1.320   2.3    0.00    0.00   0.08       3465
20230206  20545580   26.6130   102.6840      0.000   3.0    0.00    0.00   0.44       3466
20230206  21101724   26.9120   102.8070     12.010   2.8    0.00    0.00  -0.03       3467
20230206  21273558   27.1320   102.8860      1.640   2.8    0.00    0.00   0.09       3468
20230206  21533616   26.5760   103.0420      0.900   1.9    0.00    0.00   0.14       3469
20230206  22100478   27.1280   102.8880      6.530   2.6    0.00    0.00  -0.00       3470
20230206  22471200   27.0490   102.9490      1.520   3.0    0.00    0.00   0.02       3471
20230206  22531572   27.0740   103.0950      1.510   1.4    0.00    0.00   0.29       3472
20230206  23110696   26.8560   102.7700     17.430   3.1    0.00    0.00   0.00       3473
20230206  23431624   26.7270   102.9000      0.000   1.8    0.00    0.00  -0.14       3474
20230206  23481274   26.7860   102.8160      0.840   2.7    0.00    0.00  -0.11       3475
20230207     41343   27.1450   102.8600      1.310   3.2    0.00    0.00   0.11       3476
20230207     91020   26.5790   103.1300      0.600   3.7    0.00    0.00   0.00       3477
20230207    345537   26.7460   102.8830     10.620   2.5    0.00    0.00  -0.01       3478
20230207   1233716   27.1230   103.1280      3.010   4.2    0.00    0.00   0.10       3479
20230207   1480477   27.0210   103.2480     20.570   4.9    0.00    0.00   0.05       3480
20230207   2163451   26.9360   103.0030      0.000   1.2    0.00    0.00  -0.47       3481
20230207   3140025   26.9490   102.9230      0.920   2.4    0.00    0.00   0.04       3482
20230207   3414598   27.1250   102.7940      1.960   3.2    0.00    0.00   0.03       3483
20230207   4512959   26.9940   102.8560      1.400   2.9    0.00    0.00   0.32       3484
20230207   5295648   26.8530   102.8150      1.360   1.4    0.00    0.00   0.04       3485
20230207   6540797   27.2240   102.8680      1.920   2.8    0.00    0.00   0.01       3486
20230207   7051358   27.1080   102.8760      3.940   2.8    0.00    0.00  -0.02       3487
20230207   8032451   27.1640   102.8290      0.770   2.7    0.00    0.00  -0.01       3488
20230207   8040127   26.8620   102.8730      9.900   2.8    0.00    0.00  -0.26       3489
20230207   8071894   26.9970   102.9380      1.380   2.1    0.00    0.00   0.02       3490
20230207   8450342   26.8700   102.7890      0.000   2.9    0.00    0.00   0.06       3491
20230207   8551964   27.0800   103.0130      0.140   2.7    0.00    0.00   0.02       3492
20230207   9250028   26.7240   103.0030      1.790   2.5    0.00    0.00   0.02       3493
20230207  10514286   26.9550   102.8990     10.540   2.7    0.00    0.00  -0.00       3494
20230207  11351668   26.9780   102.6850      0.570   2.8    0.00    0.00  -0.32       3495
20230207  11574228   26.6600   102.9290      1.440   2.5    0.00    0.00   0.17       3496
20230207  12223357   26.5610   103.0840      9.360   3.9    0.00    0.00  -0.05       3497
20230207  12275275   26.5660   103.0490     10.990   3.8    0.00    0.00   0.00       3498
20230207  12514986   26.5330   103.0560     12.410   3.6    0.00    0.00  -0.08       3499
20230207  13000644   26.5490   102.9620      1.170   3.7    0.00    0.00   0.08       3500
20230207  13312675   26.5990   103.0790      1.650   3.5    0.00    0.00  -0.05       3501
20230207  13362146   26.8700   102.5930      0.000   2.4    0.00    0.00   0.03       3502
20230207  13483993   26.7320   103.1110     21.390   3.2    0.00    0.00  -0.04       3503
20230207  13553999   26.5720   103.1130      0.860   2.9    0.00    0.00   0.01       3504
20230207  14000991   27.0440   102.8240     15.310   3.1    0.00    0.00  -0.01       3505
20230207  14244602   26.9760   102.9320      8.000   2.7    0.00    0.00   0.00       3506
20230207  14285876   26.8180   103.0340      1.670   2.5    0.00    0.00  -0.08       3507
20230207  14480429   26.9680   102.8650      1.340   1.4    0.00    0.00   0.30       3508
20230207  15174162   26.7960   102.9750      0.960   3.0    0.00    0.00   0.01       3509
20230207  15181748   26.8990   103.0520      0.790   2.5    0.00    0.00   0.00       3510
20230207  15410056   27.4360   103.2830      1.730   3.1    0.00    0.00   0.01       3511
20230207  16095635   27.1190   102.8850      1.750   0.9    0.00    0.00   0.14       3512
20230207  16314913   27.1350   103.1050      1.630   3.4    0.00    0.00   0.01       3513
20230207  17124444   27.0270   102.8540     13.420   3.0    0.00    0.00  -0.00       3514
20230207  17421922   27.1020   102.8970      8.790   2.7    0.00    0.00   0.02       3515
20230207  18005640   26.9880   102.7690      0.870   2.4    0.00    0.00  -0.04       3516
20230207  18065752   26.7440   102.7790      1.750   1.4    0.00    0.00   0.18       3517
20230207  18331706   27.0770   102.9210      1.460   0.8    0.00    0.00  -0.02       3518
20230207  18345456   26.5280   103.2040      1.000   3.1    0.00    0.00   0.18       3519
20230207  18353980   26.7370   102.3230      0.000   3.3    0.00    0.00  -0.65       3520
20230207  18464870   26.5540   103.0560     11.860   4.0    0.00    0.00   0.02       3521
20230207  19045920   26.9600   102.8650     15.070   2.8    0.00    0.00   0.00       3522
20230207  19331588   26.7700   102.9340      1.100   0.0    0.00    0.00  -0.09       3523
20230207  19543170   26.9740   102.8250     12.270   2.9    0.00    0.00   0.01       3524
20230207  20072614   27.0910   102.8460     21.060   2.5    0.00    0.00  -0.01       3525
20230207  20515810   26.8750   102.8930      1.310   2.3    0.00    0.00   0.05       3526
20230207  21095848   26.7540   103.0500      1.090   2.5    0.00    0.00   0.12       3527
20230207  21234168   26.9380   102.9730      0.770   2.3    0.00    0.00   0.02       3528
20230207  22060512   26.4910   102.5560      3.250   3.6    0.00    0.00   0.05       3529
20230207  22101552   26.8580   102.8900     28.230   3.0    0.00    0.00  -0.14       3530
20230207  22263856   27.2170   102.9580      1.780   1.4    0.00    0.00  -0.01       3531
20230207  22484750   27.1020   102.8450      1.420   2.5    0.00    0.00  -0.12       3532
20230207  22512580   27.1160   102.8460     13.460   4.0    0.00    0.00  -0.02       3533
20230207  22541156   26.7970   102.8790      1.280   2.1    0.00    0.00   0.28       3534
20230207  23064584   26.4910   102.9870      1.220   3.1    0.00    0.00   0.05       3535
20230207  23070084   26.9260   103.1080      2.410   2.8    0.00    0.00   0.01       3536
20230207  23120116   27.0370   102.8740      1.460   2.3    0.00    0.00   0.04       3537
20230207  23131684   27.2880   102.8200      0.710   2.8    0.00    0.00   0.10       3538
20230207  23170176   27.1490   102.8520     10.310   3.1    0.00    0.00   0.01       3539
20230207  23204022   26.8340   103.0780      0.000   1.6    0.00    0.00   0.01       3540
20230207  23252394   26.5140   103.0750      0.880   2.4    0.00    0.00  -0.02       3541
20230207  23435012   26.9950   102.9320      1.330   2.1    0.00    0.00   0.04       3542
20230208    270345   27.0160   102.7020      0.730   2.8    0.00    0.00   0.30       3543
20230208   2413659   26.8410   102.7720      1.920   3.0    0.00    0.00   0.06       3544
20230208   3164598   27.0920   102.9350      1.570   3.3    0.00    0.00   0.00       3545
20230208   4402270   27.2020   102.7630      1.710   3.3    0.00    0.00   0.06       3546
20230208   4453119   26.5870   103.0300      0.580   2.1    0.00    0.00  -0.01       3547
20230208   4545985   26.8320   102.8030      1.260   3.2    0.00    0.00   0.24       3548
20230208   5033554   27.2090   102.8310      0.000   3.3    0.00    0.00   0.01       3549
20230208   5105530   27.2110   102.7480      0.560   3.0    0.00    0.00   0.10       3550
20230208   5492842   27.0320   102.7520      1.720   2.5    0.00    0.00   0.11       3551
20230208   6195649   26.9120   102.7580      1.120   2.1    0.00    0.00  -0.01       3552
20230208   7383591   26.7750   102.7890      1.860   2.7    0.00    0.00   0.23       3553
20230208   7543716   26.7430   103.6890      5.130   4.4    0.00    0.00   0.40       3554
20230208  10535316   26.9480   102.9410      1.580   2.5    0.00    0.00   0.24       3555
20230208  11373214   26.9470   102.8000      4.280   3.3    0.00    0.00   0.11       3556
20230208  11464350   26.9730   102.8140      3.270   2.4    0.00    0.00   0.04       3557
20230208  12082081   27.0020   102.8720      1.680   3.0    0.00    0.00  -0.30       3558
20230208  14255397   26.9410   102.7810     13.350   2.9    0.00    0.00  -0.05       3559
20230208  14551053   27.1880   102.7290      8.730   3.0    0.00    0.00   0.03       3560
20230208  15371987   27.1170   102.9060     13.420   3.9    0.00    0.00   0.01       3561
20230208  15415590   27.1500   102.8500      1.460   2.4    0.00    0.00   0.39       3562
20230208  15453961   27.0610   102.9890      0.960   2.9    0.00    0.00   0.00       3563
20230208  16552723   27.1030   102.8220      5.090   2.5    0.00    0.00   0.01       3564
20230208  17432100   26.8210   102.7510      3.860   2.9    0.00    0.00   0.03       3565
20230208  18050856   26.8070   103.0200     12.470   2.4    0.00    0.00  -0.04       3566
20230208  18261422   27.1850   103.1140      7.610   3.0    0.00    0.00   0.05       3567
20230208  18364668   26.9560   102.9280      0.620   1.4    0.00    0.00   0.04       3568
20230208  19025770   26.9660   103.0010      1.470   1.7    0.00    0.00   0.01       3569
20230208  19114652   27.4070   103.5470      5.900   3.4    0.00    0.00   0.38       3570
20230208  19145164   27.1860   102.6280     31.000   3.3    0.00    0.00  -0.33       3571
20230208  20573554   27.0990   102.8610      6.740   3.1    0.00    0.00  -0.01       3572
20230208  21051298   27.1800   103.6150     31.000   4.2    0.00    0.00  -0.01       3573
20230208  23332986   27.0000   102.9170     14.190   3.2    0.00    0.00   0.00       3574
20230208  23431120   26.9620   103.1740      1.770   2.0    0.00    0.00   0.01       3575
20230209    173886   26.8300   103.1590      1.770   2.5    0.00    0.00   0.12       3576
20230209    240920   26.9610   103.0880      1.100   3.0    0.00    0.00  -0.69       3577
20230209    424545   27.2430   102.9660      8.110   2.1    0.00    0.00   0.05       3578
20230209   1452120   26.8100   103.0010      1.300   2.8    0.00    0.00   0.07       3579
20230209   3575611   27.2290   103.1260      1.560   2.6    0.00    0.00  -0.49       3580
20230209   4051707   27.2210   102.9690      2.030   1.8    0.00    0.00   0.30       3581
20230209   4345416   26.8350   102.8320      1.250   2.8    0.00    0.00   0.01       3582
20230209   5134332   26.6670   103.0760      1.150   2.7    0.00    0.00   0.02       3583
20230209   5181860   26.8230   102.9570     15.040   3.7    0.00    0.00  -0.00       3584
20230209   7352935   27.0160   102.9630      1.060   2.4    0.00    0.00   0.17       3585
20230209   9114564   26.4910   103.1720     18.240   4.1    0.00    0.00   0.02       3586
20230209  10055467   27.1570   103.1180      1.990   3.7    0.00    0.00  -0.03       3587
20230209  10161821   27.2390   102.8460      1.870   3.8    0.00    0.00   0.02       3588
20230209  10315700   27.0510   102.9050      1.420   3.0    0.00    0.00   0.06       3589
20230209  10351459   27.1040   102.8570      1.930   3.0    0.00    0.00  -0.28       3590
20230209  10414824   26.9590   102.8480      1.400   2.8    0.00    0.00   0.06       3591
20230209  11331473   26.8970   102.8460      1.360   1.3    0.00    0.00  -0.16       3592
20230209  11591405   27.1090   103.5500      4.350   3.9    0.00    0.00   0.45       3593
20230209  12154280   26.7750   102.9890      0.840   2.2    0.00    0.00   0.16       3594
20230209  13441690   26.7480   102.8790      7.550   2.8    0.00    0.00   0.15       3595
20230209  13445936   26.5060   103.7560      0.950   3.2    0.00    0.00   0.54       3596
20230209  13584222   26.9470   102.9290     11.220   2.9    0.00    0.00   0.01       3597
20230209  14580345   26.9440   102.8300      0.540   2.8    0.00    0.00  -0.27       3598
20230209  15253075   26.9160   102.8440      1.530   2.4    0.00    0.00  -0.00       3599
20230209  15350788   26.9610   102.9370      0.880   2.6    0.00    0.00   0.04       3600
20230209  16150837   26.5700   103.2630      1.730   2.4    0.00    0.00  -0.41       3601
20230209  16354619   26.5730   103.1980      0.810   3.1    0.00    0.00  -0.33       3602
20230209  17125186   26.9020   102.8990     10.330   1.9    0.00    0.00   0.00       3603
20230209  17340584   26.9440   103.1230      1.790   1.9    0.00    0.00   0.14       3604
20230209  17501228   27.0610   102.7630      8.500   2.9    0.00    0.00   0.03       3605
20230209  18091016   27.0470   102.9650      1.710   2.3    0.00    0.00   0.10       3606
20230209  18413682   26.8980   102.9110      1.050   2.1    0.00    0.00  -0.35       3607
20230209  19313890   27.0620   102.9300      1.560   1.8    0.00    0.00  -0.10       3608
20230209  19375940   27.1050   102.9950      2.070   2.5    0.00    0.00   0.06       3609
20230209  19420906   26.8810   102.9300      0.730   2.3    0.00    0.00   0.15       3610
20230209  19515110   27.3310   103.0790     14.160   3.0    0.00    0.00   0.14       3611
20230209  19560842   27.1860   103.0050      1.740   1.2    0.00    0.00  -0.06       3612
20230209  20131970   27.0950   103.0940      2.430   4.7    0.00    0.00   0.04       3613
20230209  20222686   27.0650   102.8010     19.720   4.2    0.00    0.00   0.03       3614
20230209  20445656   27.0030   102.8180     15.680   2.9    0.00    0.00  -0.21       3615
20230209  20450476   27.5090   103.1700      0.000   1.9    0.00    0.00  -0.12       3616
20230209  20504596   26.7410   102.9290      7.630   1.9    0.00    0.00   0.01       3617
20230209  21441896   26.7390   102.7950      1.870   1.9    0.00    0.00  -0.06       3618
20230209  21521578   27.0880   103.0900      6.090   3.4    0.00    0.00   0.01       3619
20230209  22110492   26.8040   102.8230      1.040   2.1    0.00    0.00  -0.10       3620
20230209  22141530   26.9720   102.8980      1.750   2.2    0.00    0.00   0.06       3621
20230209  22301846   27.1030   103.0960      1.300   3.0    0.00    0.00  -0.00       3622
20230209  22395704   26.9900   102.8600     11.660   3.0    0.00    0.00  -0.17       3623
20230209  23372984   26.8920   102.9560     14.270   2.8    0.00    0.00  -0.03       3624
20230209  23444164   26.7750   103.1160      1.700   2.1    0.00    0.00   0.09       3625
20230209  23581026   26.8750   102.9470      4.630   3.0    0.00    0.00   0.01       3626
20230210     34901   26.9960   102.9130      1.360   3.0    0.00    0.00   0.10       3627
20230210    274466   27.1020   102.7800      1.370   2.4    0.00    0.00   0.19       3628
20230210    502290   27.1310   103.1700      2.320   3.2    0.00    0.00  -0.06       3629
20230210   1305035   26.8640   102.8750      0.920   3.5    0.00    0.00   0.06       3630
20230210   1470312   27.2920   103.0340      1.810   3.4    0.00    0.00   0.07       3631
20230210   1520121   26.6790   102.7330      0.230   3.3    0.00    0.00  -0.24       3632
20230210   1563736   26.7100   102.9000      1.320   0.9    0.00    0.00   0.08       3633
20230210   2014316   26.8690   102.8230      1.990   3.3    0.00    0.00   0.14       3634
20230210   2324930   27.0210   102.7370      1.740   2.7    0.00    0.00   0.47       3635
20230210   2355237   26.6940   102.7370     31.000   3.8    0.00    0.00  -0.02       3636
20230210   3095886   26.7930   103.1680      1.780   1.1    0.00    0.00   0.49       3637
20230210   3245483   26.9130   102.5130      0.000   2.8    0.00    0.00  -0.79       3638
20230210   3292037   27.0130   102.7430      0.780   2.7    0.00    0.00   0.38       3639
20230210   3504781   27.0330   102.7370      0.930   2.0    0.00    0.00  -0.08       3640
20230210   3511780   26.8230   102.9690     10.830   3.1    0.00    0.00  -0.15       3641
20230210   3595730   27.1480   102.9360      2.200   2.6    0.00    0.00   0.08       3642
20230210   4123153   26.8600   102.9570      4.210   3.3    0.00    0.00   0.04       3643
20230210   4141682   26.8020   102.9520      1.190   3.3    0.00    0.00  -0.12       3644
20230210   4245579   26.7400   102.8700     15.570   3.2    0.00    0.00  -0.00       3645
20230210   4333849   27.0750   102.6700      0.790   2.9    0.00    0.00   0.02       3646
20230210   4495136   26.9720   102.9310      1.830   2.2    0.00    0.00  -0.56       3647
20230210   4544551   26.9720   102.9670      1.390   3.5    0.00    0.00   0.09       3648
20230210   7270344   27.0250   102.7690      1.690   3.0    0.00    0.00   0.07       3649
20230210   8311353   27.1050   102.7420      2.720   2.7    0.00    0.00  -0.01       3650
20230210   9531460   27.5090   101.9910      0.000   4.1    0.00    0.00   0.61       3651
20230210   9544880   26.7630   103.0660      0.370   3.2    0.00    0.00   0.25       3652
20230210  10013937   26.5550   103.0630      0.880   2.5    0.00    0.00   0.44       3653
20230210  10064389   26.9000   102.9370      6.840   3.3    0.00    0.00   0.05       3654
20230210  10173214   26.8860   102.8130      0.610   2.9    0.00    0.00   0.18       3655
20230210  10221102   26.5730   102.9620      0.890   3.0    0.00    0.00   0.04       3656
20230210  10232888   27.2100   102.7580      2.980   3.0    0.00    0.00  -0.04       3657
20230210  11422583   27.0440   102.7880     13.880   3.6    0.00    0.00  -0.01       3658
20230210  13282510   26.7090   102.8610     14.920   3.2    0.00    0.00   0.03       3659
20230210  13374172   27.0460   102.8880      0.000   2.8    0.00    0.00   0.01       3660
20230210  13443424   26.9660   102.9380      9.870   3.2    0.00    0.00   0.01       3661
20230210  13545224   27.2910   103.4230      3.380   3.7    0.00    0.00   0.43       3662
20230210  14030213   26.7500   102.8870      0.000   1.9    0.00    0.00  -0.22       3663
20230210  14240667   27.0460   102.8470     31.000   2.5    0.00    0.00   0.03       3664
20230210  14281754   27.0090   102.6970     24.440   3.1    0.00    0.00  -0.03       3665
20230210  14531699   26.8670   102.8850      1.490   1.6    0.00    0.00   0.09       3666
20230210  15334311   26.7340   103.1300      1.510   2.9    0.00    0.00   0.15       3667
20230210  15490874   26.8990   102.8620      1.550   1.8    0.00    0.00  -0.01       3668
20230210  15540453   26.7860   102.9550      0.860   2.3    0.00    0.00   0.16       3669
20230210  16050720   26.9720   102.6350      0.000   2.7    0.00    0.00  -0.00       3670
20230210  16280208   26.6090   103.1370      1.550   2.9    0.00    0.00  -0.33       3671
20230210  16463888   26.9500   102.8940      1.100   0.0    0.00    0.00  -0.03       3672
20230210  16465617   26.9930   102.8930      1.370   2.0    0.00    0.00   0.04       3673
20230210  17353304   27.2470   102.7200      1.880   3.2    0.00    0.00   0.69       3674
20230210  17501384   26.7350   103.0510      1.230   2.3    0.00    0.00  -0.01       3675
20230210  18053608   26.8690   102.9520      4.430   2.7    0.00    0.00   0.00       3676
20230210  18134842   26.9780   102.7710     10.750   2.2    0.00    0.00   0.00       3677
20230210  18263618   26.8590   102.8390      1.500   0.9    0.00    0.00  -0.04       3678
20230210  18515100   26.8160   102.9710     12.520   2.9    0.00    0.00   0.00       3679
20230210  18545772   26.8610   102.8090      0.820   2.1    0.00    0.00   0.03       3680
20230210  18591716   26.8220   102.9740     17.130   3.7    0.00    0.00   0.10       3681
20230210  20015432   26.8470   102.9750     14.890   2.5    0.00    0.00  -0.01       3682
20230210  20031428   27.0590   103.0240      1.810   0.7    0.00    0.00  -0.02       3683
20230210  20033180   27.1300   103.0970      2.180   3.0    0.00    0.00   0.15       3684
20230210  20134988   27.1680   103.2020      0.000   2.6    0.00    0.00  -0.02       3685
20230210  20233268   26.9640   102.7440      0.750   2.1    0.00    0.00   0.17       3686
20230210  20350524   26.6360   102.8340      0.900   2.3    0.00    0.00   0.26       3687
20230210  20402156   26.8870   103.0050      1.830   2.3    0.00    0.00   0.05       3688
20230210  21253646   26.8200   102.9820     14.080   3.2    0.00    0.00  -0.01       3689
20230210  21352520   27.0060   102.8830     10.260   3.2    0.00    0.00   0.00       3690
20230210  22022014   26.7280   103.0060      7.490   3.3    0.00    0.00  -0.12       3691
20230210  22132286   26.7560   102.9740     10.160   2.7    0.00    0.00   0.00       3692
20230210  22271560   26.8730   102.9450      7.540   2.5    0.00    0.00   0.20       3693
20230210  22525580   26.7810   102.9870     16.470   3.0    0.00    0.00  -0.01       3694
20230210  23102192   27.0480   102.7990      5.490   3.1    0.00    0.00  -0.09       3695
20230210  23212712   26.8160   102.9700     12.810   3.0    0.00    0.00   0.02       3696
20230210  23272576   27.0110   102.8200      6.800   2.8    0.00    0.00  -0.00       3697
20230210  23303530   27.0020   102.7960      1.880   2.6    0.00    0.00   0.10       3698
20230210  23502042   26.5790   103.0330      3.610   2.4    0.00    0.00   0.11       3699
20230211      4770   27.1380   102.8640     20.360   3.3    0.00    0.00   0.03       3700
20230211    142636   27.1750   102.9030     20.820   3.0    0.00    0.00  -0.10       3701
20230211    195855   27.0370   102.9800      1.590   3.0    0.00    0.00   0.09       3702
20230211    343329   26.9180   102.9180     11.310   3.9    0.00    0.00   0.01       3703
20230211   1145461   27.0520   103.0400      2.070   3.1    0.00    0.00   0.01       3704
20230211   2180828   26.9640   103.1570      2.100   2.5    0.00    0.00   0.38       3705
20230211   2571396   26.8670   102.8690      1.130   2.7    0.00    0.00   0.10       3706
20230211   3213912   27.1550   103.0090      0.990   3.1    0.00    0.00   0.03       3707
20230211   3434148   27.1810   102.9120      1.480   3.2    0.00    0.00   0.04       3708
20230211   3552498   26.5830   103.0420      0.000   2.7    0.00    0.00   0.05       3709
20230211   4222577   26.7540   102.9990      0.860   1.9    0.00    0.00  -0.28       3710
20230211   5352419   26.5860   102.8900      0.540   3.2    0.00    0.00   0.11       3711
20230211   6153643   26.6320   102.9740      3.000   2.9    0.00    0.00  -0.00       3712
20230211   6244076   26.9020   102.9420      0.700   2.2    0.00    0.00   0.06       3713
20230211   6375895   26.5570   102.6350      7.100   3.2    0.00    0.00  -0.09       3714
20230211   6540099   27.0880   103.4070      2.370   3.9    0.00    0.00   0.01       3715
20230211   7054444   27.3940   102.6370      5.010   3.5    0.00    0.00   0.27       3716
20230211   7124663   27.2100   102.9590      1.410   2.4    0.00    0.00  -0.03       3717
20230211   7143091   26.9090   102.7090      0.000   2.9    0.00    0.00   0.12       3718
20230211   8011777   27.1350   102.7620     16.000   2.8    0.00    0.00  -0.01       3719
20230211   8342525   26.9120   102.6190      0.000   3.0    0.00    0.00   0.12       3720
20230211   8410369   27.1260   102.8630      9.920   2.8    0.00    0.00   0.00       3721
20230211   9014832   26.9170   102.7010     19.170   3.8    0.00    0.00  -0.00       3722
20230211   9040080   26.9460   102.9050      0.840   2.3    0.00    0.00   0.13       3723
20230211   9131449   26.7670   102.9760      0.960   1.5    0.00    0.00  -0.05       3724
20230211   9144365   26.9810   103.3440      1.870   3.5    0.00    0.00   0.01       3725
20230211   9490363   27.2290   102.8130      0.830   2.9    0.00    0.00  -0.03       3726
20230211   9535699   26.6970   102.8940      0.000   2.9    0.00    0.00  -0.02       3727
20230211  10430286   27.0470   103.1470     24.370   2.8    0.00    0.00   0.01       3728
20230211  10575657   26.8460   102.7270      8.330   2.7    0.00    0.00  -0.13       3729
20230211  10582649   26.8000   102.8350      1.310   3.6    0.00    0.00   0.00       3730
20230211  11355851   26.9500   102.9080      0.880   3.3    0.00    0.00   0.66       3731
20230211  11545630   26.5430   102.9470      3.910   2.5    0.00    0.00  -0.27       3732
20230211  12033326   26.5770   103.0440      0.620   3.3    0.00    0.00   0.18       3733
20230211  12073055   27.0780   102.6710      0.720   2.5    0.00    0.00   0.15       3734
20230211  12151756   26.7250   102.7660      1.970   2.8    0.00    0.00   0.23       3735
20230211  12271829   27.2140   103.0070      2.010   3.4    0.00    0.00  -0.03       3736
20230211  12382407   27.0060   102.8350      1.320   3.2    0.00    0.00  -0.01       3737
20230211  12395221   26.7920   102.7640      0.480   2.1    0.00    0.00  -0.26       3738
20230211  13422695   26.9120   102.8680      0.610   2.2    0.00    0.00   0.16       3739
20230211  13440581   26.8740   102.8460      1.210   2.6    0.00    0.00   0.03       3740
20230211  13535326   26.7530   103.1440      0.990   2.8    0.00    0.00  -0.73       3741
20230211  13574707   26.7890   103.0410     16.590   2.6    0.00    0.00   0.03       3742
20230211  14013010   26.9120   102.9380      0.740   2.3    0.00    0.00   0.15       3743
20230211  15054243   26.8700   102.9500      4.450   2.9    0.00    0.00  -0.00       3744
20230211  15175919   26.9760   102.8950      1.540   2.1    0.00    0.00   0.25       3745
20230211  15483105   27.3200   103.4640      5.420   3.2    0.00    0.00   0.28       3746
20230211  16265462   26.6910   103.0190      1.080   2.1    0.00    0.00   0.02       3747
20230211  16325434   26.7820   102.9760      1.820   2.5    0.00    0.00  -0.01       3748
20230211  16463610   26.8940   102.7970      1.410   0.4    0.00    0.00   0.07       3749
20230211  16480862   26.9940   102.9180     15.450   2.1    0.00    0.00   0.04       3750
20230211  16544391   26.5710   103.0840      1.900   2.9    0.00    0.00   0.32       3751
20230211  16585727   26.8360   102.7190      0.880   2.4    0.00    0.00   0.30       3752
20230211  17203694   27.2050   103.6010     19.320   3.7    0.00    0.00   0.09       3753
20230211  17252708   27.3400   102.5630      1.330   3.2    0.00    0.00   0.09       3754
20230211  17531540   26.9380   103.0800      3.750   1.1    0.00    0.00   0.14       3755
20230211  17533072   27.0120   102.9570      1.160   2.7    0.00    0.00   0.41       3756
20230211  18065308   26.8520   103.0610      1.430   2.3    0.00    0.00  -0.07       3757
20230211  18192316   26.8260   102.9600      1.980   2.7    0.00    0.00  -0.00       3758
20230211  18363628   26.8360   102.8800      1.390   1.3    0.00    0.00   0.00       3759
20230211  18364928   27.2040   103.0790      1.940   2.7    0.00    0.00   0.24       3760
20230211  19263300   26.8310   103.0090      4.520   0.2    0.00    0.00  -0.81       3761
20230211  20033672   26.4910   103.2700      1.290   2.9    0.00    0.00   0.12       3762
20230211  20272508   26.6680   102.9780     14.690   2.6    0.00    0.00  -0.04       3763
20230211  21041876   27.1440   103.1050      4.040   2.6    0.00    0.00  -0.08       3764
20230211  21092570   26.9030   103.1380      2.110   2.0    0.00    0.00   0.02       3765
20230211  21295048   26.7740   102.8550      0.730   0.8    0.00    0.00   0.02       3766
20230211  21411676   26.5730   103.0450     17.220   3.5    0.00    0.00  -0.05       3767
20230211  21531552   26.7550   103.0110      0.810   1.6    0.00    0.00   0.03       3768
20230211  22002052   26.9170   102.9840      1.180   2.0    0.00    0.00  -0.03       3769
20230211  22133288   26.6890   103.1640      0.250   2.2    0.00    0.00   0.00       3770
20230211  22175848   26.7930   102.5640      0.000   2.8    0.00    0.00  -0.00       3771
20230211  22370916   27.0970   102.9330      1.020   2.6    0.00    0.00  -0.09       3772
20230211  23042722   26.4910   103.2370      1.130   3.2    0.00    0.00   0.21       3773
20230211  23383630   27.2500   102.9270      0.000   2.6    0.00    0.00  -0.56       3774
20230211  23412312   26.8440   103.6510      0.000   3.6    0.00    0.00  -0.07       3775
20230211  23513380   26.7940   102.8830      0.810   2.9    0.00    0.00  -0.06       3776
20230212    391271   26.9860   102.8670      1.370   1.4    0.00    0.00   0.88       3777
20230212    404168   26.5960   102.9360      1.410   2.6    0.00    0.00  -0.01       3778
20230212    484062   26.7740   102.9270      0.630   2.9    0.00    0.00   0.03       3779
20230212    535860   26.7520   102.8260      1.570   2.9    0.00    0.00   0.40       3780
20230212   1070035   26.7620   102.7860      1.930   2.5    0.00    0.00   0.26       3781
20230212   1105844   26.8520   103.1000      0.950   2.4    0.00    0.00  -0.03       3782
20230212   2420754   27.2770   102.9360      1.680   3.2    0.00    0.00  -0.00       3783
20230212   3070935   26.9910   102.9230      7.570   3.9    0.00    0.00   0.01       3784
20230212   3214917   27.0310   103.1870      2.920   3.6    0.00    0.00  -0.03       3785
20230212   3325462   27.1850   102.8470      5.410   4.6    0.00    0.00  -0.00       3786
20230212   3340520   26.9940   102.8320      7.230   4.2    0.00    0.00  -0.00       3787
20230212   3365517   26.8590   102.9570     13.320   3.0    0.00    0.00   0.01       3788
20230212   3452867   27.1990   102.7010      0.000   3.6    0.00    0.00  -0.06       3789
20230212   3463486   27.0100   102.8860     19.110   2.1    0.00    0.00   0.83       3790
20230212   3560537   27.2470   102.7540      2.770   2.0    0.00    0.00  -0.08       3791
20230212   4151233   26.4910   103.0120      0.860   3.0    0.00    0.00   0.96       3792
20230212   4431766   26.9040   102.9970      1.750   2.0    0.00    0.00   0.01       3793
20230212   5015452   26.9350   102.8790      1.270   2.7    0.00    0.00   0.06       3794
20230212   5024540   27.1980   102.8290      2.350   3.2    0.00    0.00   0.80       3795
20230212   5073204   27.1550   102.9770      1.790   2.7    0.00    0.00  -0.00       3796
20230212   5373246   27.1410   102.9550     29.630   2.7    0.00    0.00  -0.02       3797
20230212   5531914   26.7340   102.9680      0.990   1.9    0.00    0.00   0.11       3798
20230212   6083190   27.0490   102.6970      0.400   3.2    0.00    0.00   0.04       3799
20230212   6114095   26.7980   103.0620      1.120   2.8    0.00    0.00   0.64       3800
20230212   6240466   26.9900   103.0010      1.440   3.1    0.00    0.00   0.50       3801
20230212   7021547   27.0930   102.9350     18.870   3.4    0.00    0.00   0.07       3802
20230212   7045988   26.5940   102.9890     31.000   3.3    0.00    0.00   0.08       3803
20230212   7143614   26.9790   102.8930      0.000   2.9    0.00    0.00   0.01       3804
20230212   7283056   26.6520   102.9650      2.330   2.9    0.00    0.00  -0.09       3805
20230212   7302472   26.9110   103.0240      0.890   2.7    0.00    0.00  -0.08       3806
20230212   8050853   27.0240   102.6840      0.700   3.0    0.00    0.00  -0.12       3807
20230212   8063763   26.7400   103.2010      4.020   2.8    0.00    0.00   0.16       3808
20230212   8071004   26.8130   102.5740      1.480   3.2    0.00    0.00   0.17       3809
20230212   9165286   26.8430   102.7550      2.140   2.7    0.00    0.00  -0.01       3810
20230212   9244270   27.1040   103.0190      1.700   1.7    0.00    0.00  -0.09       3811
20230212   9305626   26.4910   102.8050      0.000   3.4    0.00    0.00  -0.07       3812
20230212  10221358   26.7450   102.8900      0.450   3.5    0.00    0.00   0.22       3813
20230212  10231668   27.0780   102.9150      0.000   1.1    0.00    0.00   0.01       3814
20230212  10343984   26.7190   102.8410      1.090   2.6    0.00    0.00   0.03       3815
20230212  10575157   27.5090   104.0090     31.000   4.2    0.00    0.00  -0.75       3816
20230212  11145338   26.8710   102.7160      2.010   3.1    0.00    0.00   0.08       3817
20230212  11205474   26.9350   102.7790      2.110   2.8    0.00    0.00  -0.14       3818
20230212  11302066   26.8240   102.8730      8.000   2.3    0.00    0.00  -0.00       3819
20230212  12184336   26.6100   103.0560      0.610   2.9    0.00    0.00  -0.82       3820
20230212  12320529   26.8880   102.9240      1.050   2.7    0.00    0.00   0.02       3821
20230212  12502919   26.9260   102.8660      0.430   2.8    0.00    0.00  -0.14       3822
20230212  13035838   27.3370   102.5990      3.810   3.2    0.00    0.00  -0.86       3823
20230212  14034634   26.7050   102.8940     13.150   2.6    0.00    0.00   0.01       3824
20230212  14395384   26.9370   102.9690      0.750   2.6    0.00    0.00  -0.04       3825
20230212  14534870   26.5380   102.3860     23.430   3.1    0.00    0.00  -0.01       3826
20230212  15022418   26.5630   102.9570      1.290   2.4    0.00    0.00   0.05       3827
20230212  15165102   26.8630   103.1170      1.000   2.9    0.00    0.00  -0.12       3828
20230212  15200695   26.8810   103.0010     14.040   3.0    0.00    0.00   0.00       3829
20230212  15243129   26.8740   102.9320     15.740   3.6    0.00    0.00   0.02       3830
20230212  16031636   26.8560   102.8470      1.640   0.6    0.00    0.00   0.01       3831
20230212  16151532   26.9470   103.4040     31.000   3.2    0.00    0.00   0.04       3832
20230212  16444500   26.8300   102.9330      0.930   2.2    0.00    0.00  -0.32       3833
20230212  16512563   26.9640   102.8960     15.490   2.9    0.00    0.00  -0.10       3834
20230212  17012660   26.8300   102.9660      6.600   2.8    0.00    0.00   0.00       3835
20230212  17052350   27.5090   102.7870      1.990   2.7    0.00    0.00  -0.98       3836
20230212  17220860   27.1500   102.9070      1.740   2.8    0.00    0.00   0.04       3837
20230212  17491372   27.2240   103.0340      2.110   3.1    0.00    0.00  -0.05       3838
20230212  18144740   26.9710   102.8740      1.180   2.7    0.00    0.00   0.05       3839
20230212  18174220   26.7470   103.0440      1.970   1.9    0.00    0.00   0.01       3840
20230212  18201720   26.9930   103.1460      2.740   2.9    0.00    0.00  -0.30       3841
20230212  18243664   27.5090   102.9280     26.180   2.5    0.00    0.00   0.16       3842
20230212  18314958   27.0680   102.4480      0.000   3.2    0.00    0.00  -0.01       3843
20230212  18582156   27.1120   102.6710      0.500   3.0    0.00    0.00  -0.78       3844
20230212  19312732   26.4930   102.4340      5.840   2.4    0.00    0.00  -0.05       3845
20230212  19331704   26.8670   102.9770      1.100   0.9    0.00    0.00  -0.01       3846
20230212  19441028   26.7950   102.3960      1.290   2.7    0.00    0.00  -0.13       3847
20230212  19474812   26.8070   102.8810     22.730   3.0    0.00    0.00  -0.06       3848
20230212  20141078   26.9930   102.7740      4.470   2.4    0.00    0.00  -0.25       3849
20230212  20245234   26.9460   102.8860     28.860   2.9    0.00    0.00   0.00       3850
20230212  20452460   27.1260   103.1180     20.180   3.6    0.00    0.00  -0.01       3851
20230212  21063508   26.8160   102.9040      0.000   0.6    0.00    0.00   0.24       3852
20230212  21365328   27.0920   102.6080      0.590   2.6    0.00    0.00   0.02       3853
20230212  22423512   27.1090   102.6520      0.550   3.1    0.00    0.00  -0.26       3854
20230212  23063216   26.7950   102.7230      0.370   1.4    0.00    0.00   0.02       3855
20230212  23183876   26.8680   103.0820      2.690   3.1    0.00    0.00   0.01       3856
20230212  23204852   27.0940   103.0310      1.550   3.0    0.00    0.00  -0.09       3857
20230212  23470432   26.6240   103.0630     10.690   3.6    0.00    0.00  -0.00       3858
20230213   1024991   26.9440   102.9520      1.210   3.7    0.00    0.00   0.03       3859
20230213   1135928   26.4910   103.0640      0.760   3.0    0.00    0.00   0.40       3860
20230213   1301670   26.6700   102.7470      2.270   2.7    0.00    0.00   0.15       3861
20230213   1355473   26.7460   102.7670      0.580   3.1    0.00    0.00   0.35       3862
20230213   1532151   27.1270   102.9410      0.250   3.2    0.00    0.00   0.00       3863
20230213   2372936   26.9310   102.9480      0.990   2.0    0.00    0.00   0.06       3864
20230213   2582752   26.4910   102.6190      0.000   3.7    0.00    0.00   0.10       3865
20230213   3042954   26.9560   102.7410      0.760   3.2    0.00    0.00   0.06       3866
20230213   3250521   26.4910   102.8460      0.000   3.8    0.00    0.00  -0.13       3867
20230213   3575699   26.8900   102.9480     13.090   3.5    0.00    0.00   0.00       3868
20230213   4085845   27.0800   102.7180      1.800   3.3    0.00    0.00   0.01       3869
20230213   4434771   27.1410   102.7910      2.040   3.8    0.00    0.00  -0.03       3870
20230213   4443591   27.5090   102.5060      0.780   3.8    0.00    0.00  -0.83       3871
20230213   6314944   26.8640   102.5780      0.000   2.8    0.00    0.00  -0.04       3872
20230213   6343217   27.0350   102.7730     11.980   2.8    0.00    0.00  -0.00       3873
20230213   6391712   26.9260   103.3490      3.280   2.8    0.00    0.00  -0.00       3874
20230213   6405540   26.7330   102.7310     31.000   3.2    0.00    0.00  -0.36       3875
20230213   6510161   27.1120   103.0540      2.030   3.5    0.00    0.00  -0.13       3876
20230213   6580804   26.8520   103.0060     15.450   3.1    0.00    0.00  -0.02       3877
20230213   7405930   26.8880   102.9450      1.460   2.8    0.00    0.00   0.01       3878
20230213   8252472   27.1710   102.9290      1.960   2.5    0.00    0.00  -0.00       3879
20230213   8440976   27.3640   102.9330      1.730   3.4    0.00    0.00  -0.02       3880
20230213   9282511   26.7460   102.9520      0.860   2.9    0.00    0.00   0.10       3881
20230213   9435878   26.6850   103.1840     17.040   3.0    0.00    0.00  -0.01       3882
20230213  10211932   26.5130   102.1540      0.000   4.3    0.00    0.00  -0.04       3883
20230213  10365444   27.1480   102.8560      1.930   2.8    0.00    0.00   0.02       3884
20230213  10450733   26.7100   103.3240      5.900   3.3    0.00    0.00   0.85       3885
20230213  11205314   26.4910   102.9760      2.290   3.7    0.00    0.00  -0.02       3886
20230213  12134692   27.0890   102.8370      4.840   2.9    0.00    0.00  -0.06       3887
20230213  12212289   26.6190   102.8220      0.000   3.3    0.00    0.00   0.03       3888
20230213  12341154   26.9310   103.1730      1.120   2.9    0.00    0.00   0.50       3889
20230213  12444488   26.4910   102.9650      0.220   3.3    0.00    0.00  -0.11       3890
20230213  14051663   27.2700   103.0170      1.980   2.0    0.00    0.00  -0.04       3891
20230213  14141789   26.8590   103.1160      1.640   2.1    0.00    0.00   0.09       3892
20230213  14354732   26.5660   102.9200     22.990   3.2    0.00    0.00   0.04       3893
20230213  14402805   26.9620   103.0410      0.000   2.4    0.00    0.00  -0.01       3894
20230213  14414668   26.5230   103.0090      0.660   2.9    0.00    0.00   0.66       3895
20230213  14431929   26.7060   102.9980      0.680   1.8    0.00    0.00   0.64       3896
20230213  15023387   26.8580   103.2100      0.000   2.4    0.00    0.00  -0.13       3897
20230213  15521061   27.0270   102.9530      1.420   3.0    0.00    0.00   0.05       3898
20230213  17491242   27.0340   102.7330      4.240   2.7    0.00    0.00   0.16       3899
20230213  17551462   27.1960   102.2430      0.000   3.1    0.00    0.00  -0.84       3900
20230213  18041368   26.4910   102.5650     31.000   3.0    0.00    0.00   0.01       3901
20230213  18094152   27.0860   102.4480     28.440   1.4    0.00    0.00  -0.02       3902
20230213  18371624   27.0470   102.7510      7.420   2.3    0.00    0.00   0.05       3903
20230213  18431700   26.8720   103.0280      1.220   1.3    0.00    0.00   0.07       3904
20230213  18555176   26.8650   103.0480      1.310   2.6    0.00    0.00   0.06       3905
20230213  19301582   26.8290   102.7580      1.690   1.4    0.00    0.00   0.05       3906
20230213  19305974   27.0290   102.9760      0.790   2.8    0.00    0.00   0.41       3907
20230213  19342390   27.1060   103.0040      0.000   2.5    0.00    0.00   0.04       3908
20230213  19501076   26.7970   102.9680      0.000   2.7    0.00    0.00   0.23       3909
20230213  20154112   26.7730   103.0830      1.480   2.4    0.00    0.00  -0.02       3910
20230213  21144012   26.8670   103.1210      1.810   1.6    0.00    0.00   0.04       3911
20230213  22114440   26.6350   102.9400      1.330   1.9    0.00    0.00   0.05       3912
20230213  22175352   27.1130   102.8570      9.130   3.0    0.00    0.00   0.03       3913
20230213  22284024   26.9360   102.8310      0.000   2.2    0.00    0.00  -0.07       3914
20230213  22551480   26.4910   103.6870      3.280   3.3    0.00    0.00   0.28       3915
20230213  23074722   27.5090   102.6660      0.000   3.4    0.00    0.00   0.26       3916
20230213  23270260   26.7230   102.9240      1.270   1.7    0.00    0.00   0.13       3917
20230213  23313860   26.6540   101.9910      0.000   3.7    0.00    0.00   0.02       3918
20230213  23434300   27.3290   102.9970      1.810   2.1    0.00    0.00   0.18       3919
20230213  23575894   26.8240   102.9050      1.020   2.8    0.00    0.00  -0.02       3920
20230214   1500535   26.8070   102.9350      4.500   3.0    0.00    0.00  -0.05       3921
20230214   2573344   26.6050   103.1490      2.620   3.3    0.00    0.00  -0.00       3922
20230214   3413706   26.6010   102.9390      1.850   3.2    0.00    0.00   0.69       3923
20230214   7195691   26.9860   102.8320      0.930   1.0    0.00    0.00   0.02       3924
20230214   7245726   26.8990   102.5930      2.660   3.6    0.00    0.00   0.81       3925
20230214   7571240   27.0550   102.8350      1.610   1.7    0.00    0.00   0.25       3926
20230214   8042167   26.7810   102.9850      0.860   2.5    0.00    0.00   0.32       3927
20230214   8295435   27.0750   102.9110      1.220   1.3    0.00    0.00  -0.52       3928
20230214   9444084   26.9420   103.0940      0.900   3.1    0.00    0.00  -0.05       3929
20230214  10351524   27.2960   102.8650      1.970   3.5    0.00    0.00   0.50       3930
20230214  11134604   26.9140   102.9290      1.090   2.8    0.00    0.00   0.02       3931
20230214  11570233   26.9320   102.8840      6.120   2.5    0.00    0.00   0.07       3932
20230214  13133470   26.8550   102.9260      0.670   2.2    0.00    0.00   0.37       3933
20230214  13234772   27.1650   103.0580      1.930   2.4    0.00    0.00   0.07       3934
20230214  13525962   27.1480   102.9270      0.000   2.2    0.00    0.00  -0.09       3935
20230214  14123156   27.0950   102.9010     14.400   2.6    0.00    0.00   0.00       3936
20230214  14521738   27.1360   102.8350      1.370   2.8    0.00    0.00   0.01       3937
20230214  17073430   27.0280   103.0940      1.660   2.7    0.00    0.00   0.23       3938
20230214  17313604   27.1880   102.9850     18.250   3.0    0.00    0.00  -0.03       3939
20230214  17592088   26.4910   102.9590      4.670   3.5    0.00    0.00  -0.01       3940
20230214  18550824   27.0450   102.8810      0.860   2.4    0.00    0.00   0.19       3941
20230214  20242060   27.0400   102.7360      0.000   2.5    0.00    0.00   0.01       3942
20230214  21115676   26.8830   102.9430     13.640   3.0    0.00    0.00  -0.02       3943
20230214  21355952   27.1140   102.8330      0.000   2.9    0.00    0.00  -0.01       3944
20230214  22335884   26.7150   102.8300     18.320   3.5    0.00    0.00   0.00       3945
20230214  22541460   26.6180   102.9110      1.420   2.7    0.00    0.00   0.02       3946
20230214  22543946   27.0930   102.8140      1.600   3.0    0.00    0.00   0.11       3947
20230214  23022112   27.1210   102.8150     11.370   3.0    0.00    0.00  -0.06       3948
20230215    231706   26.8640   102.9610      1.020   1.9    0.00    0.00   0.00       3949
20230215    422158   27.0620   102.9230      1.420   3.1    0.00    0.00  -0.01       3950
20230215    472759   26.9670   102.9610      1.030   2.8    0.00    0.00   0.34       3951
20230215   1544474   26.8580   102.8550      1.560   1.9    0.00    0.00   0.10       3952
20230215   1582440   26.9540   102.7710      1.480   2.5    0.00    0.00   0.43       3953
20230215   2441452   27.0100   102.8050     13.760   3.0    0.00    0.00  -0.03       3954
20230215   3151553   27.3740   102.9100      2.220   2.3    0.00    0.00   0.12       3955
20230215   4214675   27.5090   103.8610     31.000   3.5    0.00    0.00   0.71       3956
20230215   4520908   26.6560   102.9870      0.720   3.5    0.00    0.00   0.00       3957
20230215   5485783   27.1430   102.8640      1.920   3.6    0.00    0.00  -0.06       3958
20230215   6373905   27.1020   102.8180     15.950   3.9    0.00    0.00  -0.00       3959
20230215   7134166   27.3270   102.9420     10.800   2.0    0.00    0.00   0.01       3960
20230215   7573307   26.8980   103.0370      2.260   2.7    0.00    0.00  -0.00       3961
20230215   8144580   26.9170   102.9490      1.190   2.9    0.00    0.00   0.22       3962
20230215   9421557   26.9630   102.9110      1.210   2.4    0.00    0.00   0.30       3963
20230215  10221784   27.0960   102.8650     11.770   3.4    0.00    0.00   0.01       3964
20230215  10311028   27.1250   102.8310      1.740   3.1    0.00    0.00   0.01       3965
20230215  10415294   27.1220   102.8160      0.000   2.7    0.00    0.00  -0.01       3966
20230215  10420058   27.2190   103.1320      0.000   3.6    0.00    0.00  -0.03       3967
20230215  11011557   27.3390   103.0050      1.920   2.5    0.00    0.00   0.12       3968
20230215  11165307   26.7860   102.8560      0.360   2.9    0.00    0.00   0.02       3969
20230215  11380652   27.1110   102.8420     10.570   3.0    0.00    0.00   0.00       3970
20230215  14040423   27.0160   102.9040      1.250   2.8    0.00    0.00   0.47       3971
20230215  14263330   26.4910   103.4740      0.350   3.8    0.00    0.00   0.14       3972
20230215  14540072   26.9470   102.9020      8.850   2.3    0.00    0.00   0.00       3973
20230215  15120827   26.4910   103.4520      2.190   3.2    0.00    0.00   0.25       3974
20230215  15133926   26.9770   103.0280      0.000   2.2    0.00    0.00  -0.00       3975
20230215  15172978   27.1060   102.8540      8.550   2.8    0.00    0.00   0.01       3976
20230215  16091926   26.8650   102.9060     13.940   4.2    0.00    0.00   0.09       3977
20230215  16280509   27.0970   102.8870      9.980   2.4    0.00    0.00  -0.04       3978
20230215  16344889   26.8500   103.1900     23.920   2.9    0.00    0.00  -0.16       3979
20230215  17011724   26.9130   102.6130      0.000   3.2    0.00    0.00   0.05       3980
20230215  19124444   26.4910   102.9950      0.000   3.8    0.00    0.00  -0.01       3981
20230215  19181612   26.9860   102.8010      9.450   4.0    0.00    0.00   0.02       3982
20230215  20504676   26.8400   102.9620     17.880   2.9    0.00    0.00   0.00       3983
20230215  22105468   27.0780   102.8320      0.000   3.1    0.00    0.00  -0.01       3984
20230215  22363200   26.8130   103.1500      1.770   1.2    0.00    0.00  -0.14       3985
20230215  23240792   26.9470   102.9290      1.200   1.9    0.00    0.00   0.27       3986
20230215  23511628   27.0530   102.9080      1.100   3.4    0.00    0.00  -0.05       3987
20230216    541777   27.2950   102.9000      2.060   1.4    0.00    0.00   0.47       3988
20230216   3254174   27.0830   102.9660      1.420   2.9    0.00    0.00  -0.06       3989
20230216   3350261   26.8600   102.7750      1.450   2.6    0.00    0.00   0.06       3990
20230216   3382770   26.6690   102.9530      0.000   3.5    0.00    0.00   0.04       3991
20230216   5242166   27.0480   102.7850      0.660   2.7    0.00    0.00   0.09       3992
20230216   5412390   27.0320   102.7340      0.950   2.0    0.00    0.00   0.11       3993
20230216   6041024   27.1820   102.9180      1.620   2.5    0.00    0.00   0.08       3994
20230216   8431671   26.8850   102.8480      0.760   2.0    0.00    0.00   0.21       3995
20230216   9592321   26.9500   102.7240      0.620   3.3    0.00    0.00  -0.05       3996
20230216  11055336   26.9960   103.0260      0.530   3.2    0.00    0.00   0.05       3997
20230216  11464658   27.0270   102.8880      1.450   3.1    0.00    0.00   0.32       3998
20230216  12214935   26.4910   102.9830      1.020   2.9    0.00    0.00   0.44       3999
20230216  12504927   26.9590   102.9800      1.570   2.5    0.00    0.00   0.03       4000
20230216  14034770   27.3690   102.7600      0.850   3.1    0.00    0.00  -0.00       4001
20230216  14374327   27.2290   103.2620      0.000   3.0    0.00    0.00   0.02       4002
20230216  15041415   27.0010   102.8990     15.230   3.3    0.00    0.00  -0.00       4003
20230216  15184711   27.2040   102.8660     12.760   2.6    0.00    0.00  -0.01       4004
20230216  15515134   27.1400   102.8610      8.190   2.9    0.00    0.00  -0.00       4005
20230216  15580791   27.1680   103.1130      1.080   4.2    0.00    0.00   0.02       4006
20230216  16240790   27.0470   102.7850     11.480   3.0    0.00    0.00  -0.02       4007
20230216  16335419   26.9980   103.1080      0.000   2.5    0.00    0.00   0.02       4008
20230216  16544511   26.8260   102.8650      1.140   2.0    0.00    0.00  -0.04       4009
20230216  16582923   27.0890   102.8810      1.700   2.4    0.00    0.00   0.07       4010
20230216  17182808   26.9940   102.9370     13.470   2.5    0.00    0.00   0.00       4011
20230216  17203092   26.7800   103.0290      0.680   2.3    0.00    0.00   0.40       4012
20230216  17340154   26.9160   103.0160      0.940   2.0    0.00    0.00  -0.02       4013
20230216  17522428   27.1980   103.0210      1.500   2.8    0.00    0.00   0.41       4014
20230216  18303736   27.0140   102.7590      1.900   3.2    0.00    0.00  -0.01       4015
20230216  18475680   26.9890   103.0580     31.000   2.5    0.00    0.00   0.10       4016
20230216  19263686   26.9530   102.8000      0.000   2.1    0.00    0.00  -0.50       4017
20230216  20431652   26.8570   102.7880      1.850   0.5    0.00    0.00   0.02       4018
20230216  20583860   27.2890   102.8820      2.240   1.8    0.00    0.00   0.87       4019
20230216  21134348   26.8990   102.8760      1.380   0.7    0.00    0.00   0.05       4020
20230216  21510532   27.0320   102.7570     31.000   2.6    0.00    0.00  -0.12       4021
20230216  22335004   26.7080   102.9390      0.000   2.8    0.00    0.00   0.25       4022
20230216  23481814   26.8980   102.7940      0.000   2.5    0.00    0.00  -0.35       4023
20230217    145163   27.1190   102.8250      0.000   3.4    0.00    0.00  -0.02       4024
20230217    441428   27.2250   102.7860      1.540   2.0    0.00    0.00   0.29       4025
20230217   1383366   26.8480   102.5600      2.850   3.1    0.00    0.00   0.04       4026
20230217   2051084   27.3490   102.9000     16.690   3.4    0.00    0.00  -0.00       4027
20230217   2051336   26.9140   102.8320      6.000   3.0    0.00    0.00  -0.02       4028
20230217   2472718   26.7380   102.9900      0.250   2.5    0.00    0.00  -0.06       4029
20230217   3013039   26.6840   103.0780      0.880   3.1    0.00    0.00   0.10       4030
20230217   3334600   26.6990   103.0420      0.670   2.5    0.00    0.00  -0.08       4031
20230217   5044647   26.9830   102.9430      0.800   2.5    0.00    0.00   0.09       4032
20230217   5335102   26.8450   102.8380      1.890   2.5    0.00    0.00   0.03       4033
20230217   5450975   26.6750   102.9040      1.070   2.6    0.00    0.00   0.02       4034
20230217   6291239   27.3760   103.1240      3.200   3.2    0.00    0.00  -0.10       4035
20230217   7043765   26.7900   102.7310      2.100   2.8    0.00    0.00   0.10       4036
20230217   9584895   26.8600   103.1350     16.600   4.2    0.00    0.00  -0.04       4037
20230217  10502704   27.2980   102.8030      2.080   2.6    0.00    0.00   0.07       4038
20230217  12083367   26.8920   103.0960      1.030   3.3    0.00    0.00   0.00       4039
20230217  12305480   26.7180   103.0330      0.330   2.3    0.00    0.00   0.09       4040
20230217  13220279   26.9370   102.8970      5.260   2.8    0.00    0.00   0.01       4041
20230217  13354757   26.5950   102.5850      1.950   2.8    0.00    0.00   0.90       4042
20230217  14082015   26.4910   102.8270      1.570   2.7    0.00    0.00   0.30       4043
20230217  15443599   26.6870   103.2320      4.280   2.7    0.00    0.00   0.10       4044
20230217  16023816   26.8090   102.8670      0.000   2.4    0.00    0.00   0.01       4045
20230217  17385516   26.8820   102.8960      6.970   2.8    0.00    0.00  -0.01       4046
20230217  17441954   26.8340   102.9190      8.800   2.7    0.00    0.00  -0.06       4047
20230217  17503018   26.8430   102.9280     16.160   2.9    0.00    0.00   0.02       4048
20230217  19431644   27.1090   102.8390      1.230   0.4    0.00    0.00  -0.04       4049
20230217  19441272   26.9400   102.8780      1.430   1.8    0.00    0.00   0.51       4050
20230217  20234500   27.1290   102.9220      1.620   0.6    0.00    0.00  -0.02       4051
20230217  22034400   27.1100   102.9030     12.870   3.0    0.00    0.00  -0.03       4052
20230217  22110138   27.1630   102.8940      1.420   2.3    0.00    0.00   0.03       4053
20230217  22140404   26.7520   102.9960      0.840   1.9    0.00    0.00   0.71       4054
20230217  22211424   26.5270   103.0260      3.310   1.9    0.00    0.00  -0.00       4055
20230217  22462792   26.9110   103.0870      0.000   4.9    0.00    0.00  -0.14       4056
20230217  22462956   26.7240   103.0840      0.000   4.6    0.00    0.00   0.02       4057
20230217  23003112   26.8290   102.9550     12.960   3.8    0.00    0.00   0.00       4058
20230218    571564   27.1470   103.1950      5.930   4.3    0.00    0.00  -0.02       4059
20230218   1231698   26.9100   102.8230      0.000   2.1    0.00    0.00  -0.06       4060
20230218   1421235   26.9820   102.8080      1.420   2.9    0.00    0.00   0.25       4061
20230218   2440604   26.7760   102.9440      0.340   3.0    0.00    0.00   0.32       4062
20230218   2445915   27.3130   102.9920      0.000   3.6    0.00    0.00   0.16       4063
20230218   5080185   27.4060   103.0260      1.230   3.3    0.00    0.00   0.02       4064
20230218   5191076   27.0170   102.8760      1.310   2.2    0.00    0.00   0.42       4065
20230218   5472968   27.3140   102.8770      9.720   2.8    0.00    0.00  -0.05       4066
20230218   5534564   26.7850   102.9950      0.900   3.3    0.00    0.00   0.01       4067
20230218   6045716   26.8680   102.9340      0.710   2.5    0.00    0.00   0.46       4068
20230218   6182316   27.5090   102.6740      1.800   3.8    0.00    0.00   0.07       4069
20230218   6231399   27.1020   102.8580     31.000   2.5    0.00    0.00  -0.01       4070
20230218   6243186   27.0460   103.0640      1.710   3.6    0.00    0.00  -0.00       4071
20230218   6371202   27.0730   102.8820      0.860   3.1    0.00    0.00   0.09       4072
20230218   7075965   26.4910   103.2300      0.000   3.0    0.00    0.00   0.08       4073
20230218   7295599   26.8440   102.8830      1.440   0.3    0.00    0.00   0.04       4074
20230218   7525512   26.8410   102.9830      0.280   2.9    0.00    0.00  -0.02       4075
20230218   8123223   26.9940   103.0870      2.050   3.7    0.00    0.00  -0.02       4076
20230218   8134763   26.7520   102.9770      0.840   2.4    0.00    0.00   0.04       4077
20230218   8184568   27.1960   102.9950      1.680   2.8    0.00    0.00   0.19       4078
20230218   9045044   26.8450   103.1110      1.010   3.1    0.00    0.00   0.20       4079
20230218   9074100   26.7820   103.0770      1.260   3.3    0.00    0.00   0.11       4080
20230218   9153694   27.1480   102.7290      1.130   3.5    0.00    0.00   0.13       4081
20230218  10103432   26.6640   102.8160      1.860   3.3    0.00    0.00   0.46       4082
20230218  11093730   27.1480   102.8560     11.130   4.4    0.00    0.00   0.01       4083
20230218  11250435   26.8420   103.0000     16.640   3.4    0.00    0.00   0.01       4084
20230218  12022142   26.9680   102.9280      1.200   1.5    0.00    0.00   0.65       4085
20230218  12074615   27.1190   102.8300      5.950   3.2    0.00    0.00   0.00       4086
20230218  13432448   26.6420   102.7600     31.000   3.2    0.00    0.00   0.12       4087
20230218  14312618   27.1330   103.0230      1.540   2.7    0.00    0.00   0.02       4088
20230218  16040900   27.0110   102.8720     11.660   2.2    0.00    0.00   0.00       4089
20230218  16282140   27.2690   102.7830      2.130   2.7    0.00    0.00   0.21       4090
20230218  16454335   26.8460   102.9430      1.020   1.8    0.00    0.00   0.25       4091
20230218  17151232   27.0480   102.8410      2.090   1.9    0.00    0.00   0.08       4092
20230218  17253110   26.5550   102.7670      0.000   3.2    0.00    0.00   0.16       4093
20230218  17382164   27.2140   102.7770      3.200   3.3    0.00    0.00   0.01       4094
20230218  18072256   27.0580   102.7580      9.380   2.7    0.00    0.00   0.00       4095
20230218  18105764   27.0720   102.6820     23.070   3.2    0.00    0.00   0.00       4096
20230218  18475220   27.0460   102.7870      5.750   2.3    0.00    0.00   0.20       4097
20230218  18532876   26.7590   102.8720      2.960   2.8    0.00    0.00   0.02       4098
20230218  18574726   27.1710   102.8810      1.770   1.8    0.00    0.00   0.07       4099
20230218  19095236   26.9000   102.9280      0.870  -0.2    0.00    0.00  -0.04       4100
20230218  20042066   27.5090   102.7290     13.120   3.1    0.00    0.00   0.10       4101
20230218  20550376   26.4910   104.0090     31.000   3.0    0.00    0.00  -0.01       4102
20230218  21133968   27.1400   103.0400      1.710   3.9    0.00    0.00   0.01       4103
20230218  21331840   26.7910   102.7900      2.080   2.2    0.00    0.00   0.24       4104
20230218  21470848   26.8080   102.7210      0.890   2.6    0.00    0.00   0.16       4105
20230218  22095660   27.2410   102.6260      0.800   3.1    0.00    0.00   0.07       4106
20230218  23045716   26.4910   103.0230      1.300   2.7    0.00    0.00   0.28       4107
20230219   1350462   26.8480   102.9580      0.860   2.7    0.00    0.00   0.36       4108
20230219   2132352   27.0180   102.8590      1.620   3.2    0.00    0.00  -0.02       4109
20230219   2533952   27.2550   103.0830     11.040   2.2    0.00    0.00   0.01       4110
20230219   3095434   26.9500   103.0020      1.330   1.7    0.00    0.00  -0.02       4111
20230219   4191499   26.5580   102.9700      1.510   2.4    0.00    0.00   0.11       4112
20230219   4452873   27.0820   103.0940     21.310   3.4    0.00    0.00   0.02       4113
20230219   5434799   26.7580   102.8380      2.050   2.4    0.00    0.00   0.08       4114
20230219   6151167   27.1420   102.7970      1.290   2.7    0.00    0.00   0.01       4115
20230219   6321165   27.1060   102.9830      2.000   3.1    0.00    0.00  -0.00       4116
20230219   8433955   26.7180   102.9700      0.840   2.7    0.00    0.00   0.04       4117
20230219   9364065   27.0360   102.7250      0.840   2.7    0.00    0.00   0.04       4118
20230219  10301939   27.1360   102.9450      1.320   2.9    0.00    0.00   0.02       4119
20230219  12584211   27.3050   102.5910      3.190   3.3    0.00    0.00   0.96       4120
20230219  13491048   27.1140   102.9210      1.980   2.9    0.00    0.00  -0.09       4121
20230219  14322579   27.1750   102.7990      2.890   3.0    0.00    0.00   0.19       4122
20230219  14350182   27.2920   102.9120      3.750   2.4    0.00    0.00   0.28       4123
20230219  15454033   26.8380   102.7140      1.640   2.1    0.00    0.00   0.00       4124
20230219  15521370   27.1520   102.5370      0.830   3.1    0.00    0.00   0.10       4125
20230219  16513507   27.1870   102.8210     11.830   3.0    0.00    0.00   0.01       4126
20230219  17140252   26.8710   102.6560      5.130   2.8    0.00    0.00   0.10       4127
20230219  19131868   27.2170   102.9590      1.740   0.8    0.00    0.00   0.01       4128
20230219  19354660   27.2010   102.7560      3.360   2.6    0.00    0.00   0.01       4129
20230219  20014620   26.7900   102.8840      0.680   1.8    0.00    0.00   0.00       4130
20230219  20124298   27.0470   103.1170     18.810   3.6    0.00    0.00  -0.01       4131
20230219  20234192   27.0700   102.7530      0.900   1.3    0.00    0.00   0.01       4132
20230219  21131284   26.9820   102.9520     31.000   1.2    0.00    0.00   0.05       4133
20230219  21321736   27.1880   103.0500     10.570   3.1    0.00    0.00  -0.04       4134
20230219  21463896   26.9320   102.8770      1.750   1.5    0.00    0.00   0.01       4135
20230219  22493956   26.9660   102.8570      1.700   2.2    0.00    0.00   0.06       4136
20230219  22554108   26.8860   102.8960      0.510   2.6    0.00    0.00  -0.01       4137
20230219  23164366   26.8880   102.9450      6.560   3.3    0.00    0.00  -0.04       4138
20230219  23222532   26.9170   102.9410      1.140   2.9    0.00    0.00  -0.00       4139
20230220    390294   26.9100   102.7670      1.670   2.9    0.00    0.00   0.27       4140
20230220    400904   27.2770   102.9670      1.860   2.4    0.00    0.00   0.39       4141
20230220   1215859   27.0750   102.8990      0.000   2.5    0.00    0.00  -0.03       4142
20230220   1263626   26.8370   102.8800      1.400   0.9    0.00    0.00  -0.01       4143
20230220   1493154   27.0540   102.9910      3.210   3.9    0.00    0.00   0.00       4144
20230220   2424969   27.2080   102.9580      1.790   2.0    0.00    0.00  -0.00       4145
20230220   2522141   27.2610   102.9430      1.760   3.0    0.00    0.00   0.18       4146
20230220   3172996   27.1560   102.9600     10.960   2.6    0.00    0.00  -0.16       4147
20230220   3253212   26.7620   103.0610      0.890   2.5    0.00    0.00   0.12       4148
20230220   4453899   27.5090   102.6320     18.680   3.2    0.00    0.00   0.17       4149
20230220   5074240   27.1600   102.9520      1.740   3.0    0.00    0.00   0.01       4150
20230220   6124759   26.9420   102.9640      0.000   3.6    0.00    0.00   0.01       4151
20230220   6341453   26.9980   102.5810     25.890   3.5    0.00    0.00   0.02       4152
20230220   7090493   26.6980   103.1150      0.330   2.6    0.00    0.00   0.03       4153
20230220   7135989   26.7570   102.9690     17.390   3.2    0.00    0.00   0.00       4154
20230220   8084291   26.7000   103.1800      2.440   2.9    0.00    0.00  -0.07       4155
20230220   9051686   27.0850   102.6190      9.250   3.3    0.00    0.00  -0.01       4156
20230220   9353495   27.1550   102.9790      1.540   2.7    0.00    0.00  -0.10       4157
20230220   9382284   26.5960   103.1260      0.440   2.6    0.00    0.00   0.01       4158
20230220  10053848   26.9240   102.8550      1.250   1.7    0.00    0.00  -0.02       4159
20230220  10354365   27.1240   102.8560      1.210   3.1    0.00    0.00   0.02       4160
20230220  10452620   27.0470   102.8770      1.100   2.5    0.00    0.00  -0.01       4161
20230220  11141428   26.9470   103.0590      0.000   2.6    0.00    0.00   0.03       4162
20230220  13014841   27.1460   101.9910     31.000   2.8    0.00    0.00  -0.59       4163
20230220  13143047   26.7960   102.9910      0.000   2.7    0.00    0.00   0.13       4164
20230220  13153715   27.0880   102.9340      1.350   2.2    0.00    0.00  -0.64       4165
20230220  14342508   27.4430   103.0060      1.990   3.2    0.00    0.00   0.20       4166
20230220  15172590   26.9920   102.9540     13.720   3.1    0.00    0.00   0.03       4167
20230220  16551492   26.9140   102.7880      1.180   0.7    0.00    0.00   0.01       4168
20230220  17235868   27.0950   102.7810      1.800   2.8    0.00    0.00   0.03       4169
20230220  17545720   26.5720   103.4680      2.910   2.2    0.00    0.00  -0.60       4170
20230220  19004084   26.9900   102.7550      3.250   1.8    0.00    0.00  -0.39       4171
20230220  19451772   27.2340   102.9710      1.630   2.3    0.00    0.00   0.17       4172
20230220  20143856   27.1400   103.0050      7.500   2.1    0.00    0.00  -0.04       4173
20230220  20474086   27.0340   102.7630      0.910   2.3    0.00    0.00  -0.01       4174
20230220  21404640   26.9880   103.2950     19.370   3.5    0.00    0.00  -0.00       4175
20230220  23102148   27.2110   102.8040      1.330   2.7    0.00    0.00   0.05       4176
20230221    492700   27.2160   103.0150     31.000   2.6    0.00    0.00   0.40       4177
20230221   1482439   26.7930   102.9490      0.000   2.5    0.00    0.00   0.10       4178
20230221   2121724   27.3560   103.0030     15.470   2.9    0.00    0.00   0.05       4179
20230221   3064563   26.9580   102.9210      0.950   2.2    0.00    0.00   0.09       4180
20230221   3502042   26.6650   103.1380      0.220   2.3    0.00    0.00   0.00       4181
20230221   4085576   27.1010   102.7460      0.840   3.5    0.00    0.00   0.82       4182
20230221   5150058   26.9750   102.9990     21.450   3.1    0.00    0.00   0.10       4183
20230221   5165735   27.0920   102.7410      0.000   2.8    0.00    0.00   0.18       4184
20230221   5335806   27.3640   102.8990      2.270   1.8    0.00    0.00   0.28       4185
20230221   6502819   27.1710   102.8720      1.660   2.8    0.00    0.00   0.01       4186
20230221   7575956   27.1690   103.0260      8.520   3.2    0.00    0.00   0.02       4187
20230221   8203783   27.3690   102.8730      2.270   3.2    0.00    0.00   0.20       4188
20230221   8520802   26.6490   103.0140     13.540   4.0    0.00    0.00   0.00       4189
20230221  10011313   26.8320   102.9030      0.290   2.6    0.00    0.00   0.25       4190
20230221  10205362   27.1060   102.9010     18.370   4.4    0.00    0.00  -0.02       4191
20230221  10235320   26.8670   103.1330     31.000   3.2    0.00    0.00   0.08       4192
20230221  10335579   26.7780   102.8850      0.440   3.2    0.00    0.00   0.12       4193
20230221  10551112   26.9480   102.9020      1.830   2.2    0.00    0.00  -0.05       4194
20230221  11033918   26.9650   102.8480      1.490   2.4    0.00    0.00   0.11       4195
20230221  11582300   26.8190   102.4620      3.370   3.5    0.00    0.00   0.84       4196
20230221  12142727   26.9660   102.9650     24.730   3.6    0.00    0.00   0.18       4197
20230221  13300058   27.1830   103.1040      3.630   3.6    0.00    0.00  -0.01       4198
20230221  13401142   26.5860   102.9800      0.960   3.9    0.00    0.00  -0.02       4199
20230221  14120539   26.4910   103.0100      1.490   3.0    0.00    0.00  -0.04       4200
20230221  14234392   26.8780   102.7920      1.740   2.5    0.00    0.00   0.24       4201
20230221  14404569   27.0530   103.1150     16.330   3.3    0.00    0.00   0.00       4202
20230221  15045717   26.5720   103.0740      0.800   2.0    0.00    0.00   0.20       4203
20230221  15163297   26.7980   103.0420      1.900   4.1    0.00    0.00  -0.43       4204
20230221  15271337   27.0020   102.7910      1.450   2.0    0.00    0.00   0.04       4205
20230221  16335756   26.5840   103.1700      1.000   2.5    0.00    0.00   0.34       4206
20230221  17284828   26.7200   102.8050      1.880   1.5    0.00    0.00   0.41       4207
20230221  17571072   27.1110   102.8760     11.280   4.4    0.00    0.00  -0.03       4208
20230221  18052886   26.8720   102.8570      0.770   2.7    0.00    0.00   0.02       4209
20230221  18214628   26.6530   102.8280      4.850   1.5    0.00    0.00  -0.01       4210
20230221  18551046   27.0940   102.8710     15.570   2.6    0.00    0.00  -0.00       4211
20230221  19382204   26.6590   103.0110     14.340   2.8    0.00    0.00  -0.01       4212
20230221  19390804   27.0640   102.8590      1.290   2.5    0.00    0.00  -0.17       4213
20230221  19552380   27.4440   102.9810      2.160   3.0    0.00    0.00   0.29       4214
20230221  21081966   27.0130   102.8710      1.640   2.7    0.00    0.00   0.00       4215
20230221  21143904   26.8710   102.8810      0.000   1.9    0.00    0.00  -0.00       4216
20230221  21280192   27.0030   102.8300     17.830   2.3    0.00    0.00  -0.00       4217
20230221  21331692   26.9230   102.7730      1.290   1.4    0.00    0.00  -0.15       4218
20230221  21563166   26.8410   102.9000     24.750   0.8    0.00    0.00   0.71       4219
20230221  22021900   27.1150   102.8020      0.000   3.0    0.00    0.00  -0.04       4220
20230221  22284080   26.5190   102.9710      1.230   3.2    0.00    0.00  -0.01       4221
20230221  22533568   27.3810   102.8160      6.680   2.6    0.00    0.00  -0.02       4222
20230221  23092122   27.1280   102.7880      1.810   3.4    0.00    0.00   0.01       4223
20230221  23184008   26.9110   102.9000      6.620   4.2    0.00    0.00   0.01       4224
20230221  23330660   27.2140   102.8880      1.990   1.3    0.00    0.00   0.03       4225
20230221  23535272   27.1250   102.8460      7.530   4.6    0.00    0.00   0.01       4226
20230222    531289   26.9450   103.0340     21.430   1.6    0.00    0.00  -0.00       4227
20230222   1231590   26.6460   102.9100      1.480   1.7    0.00    0.00   0.19       4228
20230222   3354565   26.8640   103.0450      0.860   2.8    0.00    0.00  -0.43       4229
20230222   4370429   26.9420   102.7790      8.330   3.5    0.00    0.00  -0.00       4230
20230222   4445966   26.5820   103.0220      1.050   2.3    0.00    0.00   0.33       4231
20230222   4540542   26.6890   102.9540      0.630   2.7    0.00    0.00   0.12       4232
20230222   5004331   27.1120   102.9540      1.470   3.0    0.00    0.00   0.00       4233
20230222   6114544   27.1570   103.1480     30.260   3.3    0.00    0.00  -0.11       4234
20230222   6254083   26.8150   102.7780      4.540   2.7    0.00    0.00   0.20       4235
20230222   7341222   27.0880   102.9860      0.000   3.2    0.00    0.00  -0.02       4236
20230222   7420712   26.6400   102.9830     11.170   3.2    0.00    0.00  -0.01       4237
20230222   8033601   26.6410   102.9740      1.330   4.4    0.00    0.00   0.01       4238
20230222   8212948   26.6180   102.9720      0.690   3.2    0.00    0.00   0.08       4239
20230222   8464938   26.6420   102.8480     23.890   2.7    0.00    0.00   0.02       4240
20230222   9365341   26.8120   103.0160      1.200   2.9    0.00    0.00  -0.01       4241
20230222  10470610   26.5430   102.8520      1.800   2.9    0.00    0.00  -0.01       4242
20230222  11440154   26.5280   103.2840      0.000   3.4    0.00    0.00  -0.22       4243
20230222  12041422   27.0260   102.9150      0.730   1.9    0.00    0.00  -0.03       4244
20230222  12153921   26.9620   103.0020      0.990   2.8    0.00    0.00  -0.36       4245
20230222  12254616   26.7030   102.9650      1.090   3.0    0.00    0.00  -0.01       4246
20230222  12263317   27.1540   102.9160      1.570   2.1    0.00    0.00  -0.01       4247
20230222  13150740   27.2550   102.8410     22.500   2.7    0.00    0.00   0.04       4248
20230222  13532950   27.2270   102.9200      1.730   2.2    0.00    0.00   0.11       4249
20230222  14131932   26.5700   103.0890      0.660   1.9    0.00    0.00  -0.06       4250
20230222  14133393   26.4910   102.9970      0.370   2.9    0.00    0.00  -0.04       4251
20230222  14351688   26.8860   102.7590      1.840   2.3    0.00    0.00   0.01       4252
20230222  14412515   26.9420   103.0060      0.000   3.0    0.00    0.00   0.03       4253
20230222  14521822   27.1450   102.6660     15.180   3.9    0.00    0.00  -0.01       4254
20230222  15424749   27.1310   102.8540     15.700   5.8    0.00    0.00  -0.02       4255
20230222  15554862   26.7090   103.1600      3.250   2.4    0.00    0.00   0.11       4256
20230222  16225094   27.1190   102.8440      8.490   3.6    0.00    0.00   0.00       4257
20230222  16234218   27.0510   103.1100      1.320   2.3    0.00    0.00   0.12       4258
20230222  17041390   26.8970   102.8300      2.590   1.1    0.00    0.00  -0.07       4259
20230222  17183902   26.9530   102.5170      1.670   2.4    0.00    0.00   0.11       4260
20230222  17584118   26.9550   103.0850      2.400   2.3    0.00    0.00  -0.04       4261
20230222  18295252   26.9300   102.9010      0.910   2.3    0.00    0.00  -0.16       4262
20230222  18405780   27.0800   102.8830     10.440   2.5    0.00    0.00  -0.13       4263
20230222  19001702   26.7840   102.7770      2.030   1.5    0.00    0.00   0.21       4264
20230222  19253012   27.1940   102.8400     11.010   3.7    0.00    0.00   0.09       4265
20230222  19365634   26.8260   103.0710      0.000   2.9    0.00    0.00   0.02       4266
20230222  19452138   26.8710   102.9170     11.430   3.1    0.00    0.00  -0.04       4267
20230222  19474802   26.8820   102.9060     12.360   2.6    0.00    0.00  -0.00       4268
20230222  19523476   27.0490   102.8390      2.690   3.1    0.00    0.00  -0.07       4269
20230222  20011538   26.8930   103.0230     31.000   3.3    0.00    0.00   0.01       4270
20230222  21333794   26.9140   103.0030      0.260   2.1    0.00    0.00  -0.82       4271
20230222  21522390   26.9100   103.6080      0.000   3.5    0.00    0.00   0.26       4272
20230222  23314292   27.2410   102.7900      4.530   3.7    0.00    0.00  -0.05       4273
20230222  23454902   27.2470   103.0000      1.780   1.5    0.00    0.00  -0.43       4274
20230222  23541028   27.1600   102.9890      1.530   3.0    0.00    0.00   0.02       4275
20230223   4232454   26.7390   102.9500      1.120   3.2    0.00    0.00   0.16       4276
20230223   4515126   27.5090   104.0090     31.000   4.2    0.00    0.00  -0.75       4277
20230223   5102811   27.1520   102.7710      1.090   3.1    0.00    0.00   0.01       4278
20230223   5254282   26.8610   102.7400      1.260   2.7    0.00    0.00   0.08       4279
20230223   6212163   26.9670   103.0110      1.030   2.4    0.00    0.00  -0.04       4280
20230223   6251170   26.5800   102.8500      1.940   3.2    0.00    0.00   0.62       4281
20230223   7064531   26.5260   102.9850      0.890   2.5    0.00    0.00   0.14       4282
20230223   7132146   27.3460   103.6260     31.000   3.9    0.00    0.00   0.10       4283
20230223   8071163   27.1800   102.1480      1.160   3.5    0.00    0.00   0.03       4284
20230223   9353917   26.7330   103.0780      0.000   2.8    0.00    0.00  -0.07       4285
20230223   9553413   26.8210   102.8130      1.680   2.6    0.00    0.00   0.02       4286
20230223  10072976   26.8170   103.0170      6.630   2.9    0.00    0.00   0.01       4287
20230223  10082977   26.6950   102.9040      0.920   2.7    0.00    0.00  -0.26       4288
20230223  11334217   26.8110   102.9550     14.170   3.2    0.00    0.00   0.09       4289
20230223  13122087   27.1230   103.0620      0.000   3.3    0.00    0.00   0.02       4290
20230223  13450642   27.0050   103.0700      1.110   3.0    0.00    0.00  -0.24       4291
20230223  14054141   27.0890   102.8210      0.000   2.7    0.00    0.00   0.10       4292
20230223  14313130   26.6140   103.2200     14.140   3.0    0.00    0.00   0.03       4293
20230223  15321346   27.1940   102.8540      1.980   2.2    0.00    0.00   0.08       4294
20230223  15420222   27.1670   102.9920     20.960   2.7    0.00    0.00   0.01       4295
20230223  15450434   27.0450   103.0060      0.220   2.1    0.00    0.00  -0.12       4296
20230223  16241734   26.7300   102.7560      1.250   2.1    0.00    0.00   0.20       4297
20230223  16344339   26.6820   102.8750      0.640   2.9    0.00    0.00  -0.10       4298
20230223  16550187   26.8480   103.7730     31.000   4.0    0.00    0.00   0.06       4299
20230223  17245120   26.9500   102.8720      1.330   2.5    0.00    0.00   0.04       4300
20230223  17472596   27.1920   102.8810     12.740   2.2    0.00    0.00   0.05       4301
20230223  18574364   26.9620   102.8000      3.700   2.1    0.00    0.00  -0.01       4302
20230223  20330886   26.7970   103.3340      0.000   2.5    0.00    0.00  -0.89       4303
20230223  20495632   27.1190   102.9480      1.540   0.2    0.00    0.00  -0.14       4304
20230223  20531740   26.9740   102.8520      1.470   1.4    0.00    0.00  -0.10       4305
20230223  21545226   27.2300   102.8910      1.890   1.8    0.00    0.00   0.15       4306
20230223  22392760   26.7210   102.9940      1.190   2.5    0.00    0.00  -0.02       4307
20230223  23041616   26.6740   102.8490      1.710   1.7    0.00    0.00   0.10       4308
20230223  23191200   27.3760   103.0440      2.490   3.1    0.00    0.00   0.80       4309
20230224   1321814   26.7850   102.9520     12.690   3.5    0.00    0.00   0.01       4310
20230224   1420135   27.2300   102.7800      6.480   3.7    0.00    0.00  -0.01       4311
20230224   2523780   26.8530   103.0230      0.940   3.1    0.00    0.00   0.05       4312
20230224   3080413   26.8530   103.0340     28.210   3.2    0.00    0.00  -0.01       4313
20230224   4580313   26.5090   102.7670      1.890   3.0    0.00    0.00  -0.11       4314
20230224   5133162   26.9440   102.9120      9.670   3.6    0.00    0.00   0.01       4315
20230224   6151503   26.9750   102.7180      0.000   3.0    0.00    0.00   0.16       4316
20230224   6533359   26.8310   102.8880      0.860   2.5    0.00    0.00   0.02       4317
20230224   8581188   27.0540   102.9070      2.630   1.9    0.00    0.00   0.03       4318
20230224   9523071   27.1350   102.8630      1.670   2.7    0.00    0.00   0.01       4319
20230224  12212875   27.1070   102.9070      1.350   2.8    0.00    0.00   0.09       4320
20230224  12341675   26.9930   102.9430      1.100   2.2    0.00    0.00   0.09       4321
20230224  12384795   26.5530   103.0420      0.920   3.1    0.00    0.00  -0.01       4322
20230224  13144658   27.0790   102.8070     13.940   2.9    0.00    0.00  -0.01       4323
20230224  13333211   27.1860   102.8540      1.240   2.6    0.00    0.00   0.02       4324
20230224  16142752   27.0800   102.1230      0.290   3.3    0.00    0.00  -0.16       4325
20230224  16535432   26.7750   103.0190      0.660   2.7    0.00    0.00   0.03       4326
20230224  18183670   27.3740   103.0550      2.010   2.4    0.00    0.00   0.16       4327
20230224  18285406   27.0030   102.7260     27.640   2.6    0.00    0.00  -0.01       4328
20230224  19003578   27.0740   102.9290      1.320   2.5    0.00    0.00   0.02       4329
20230224  19151436   27.0800   102.8660      0.000   2.4    0.00    0.00  -0.54       4330
20230224  19325742   27.0560   103.1080     12.200   3.3    0.00    0.00  -0.00       4331
20230224  20012540   27.1200   103.0420     18.250   2.9    0.00    0.00  -0.00       4332
20230224  21293294   27.2970   102.5080      0.000   3.3    0.00    0.00  -0.18       4333
20230224  21443052   27.2910   102.9560      2.970   1.8    0.00    0.00   0.17       4334
20230224  21513500   27.1610   102.7400      2.940   2.3    0.00    0.00   0.01       4335
20230224  22373716   26.8880   102.9400      9.150   2.0    0.00    0.00   0.03       4336
20230225    445770   27.1680   102.8710      1.750   2.9    0.00    0.00   0.35       4337
20230225   1200549   26.5830   103.0610      0.940   2.4    0.00    0.00   0.14       4338
20230225   1573788   26.9920   102.8460     16.860   4.1    0.00    0.00  -0.04       4339
20230225   2495700   26.8300   102.9140      1.080   0.9    0.00    0.00   0.06       4340
20230225   2595545   27.1080   102.9840      0.890   0.4    0.00    0.00   0.83       4341
20230225   3012437   26.8840   102.9540      1.130   3.0    0.00    0.00   0.06       4342
20230225   3023673   26.9270   103.1100      0.170   3.6    0.00    0.00  -0.12       4343
20230225   4135712   27.3120   102.9490     19.470   2.1    0.00    0.00   0.01       4344
20230225   4180466   26.7380   103.0190      0.730   2.6    0.00    0.00   0.05       4345
20230225   5124184   26.5610   103.0390      0.830   2.2    0.00    0.00   0.41       4346
20230225   5244067   27.2580   102.7550      0.000   3.5    0.00    0.00  -0.32       4347
20230225   5385842   27.1270   102.8820     24.220   4.1    0.00    0.00   0.04       4348
20230225   5472036   27.2120   102.8080     10.280   3.6    0.00    0.00   0.05       4349
20230225   6183517   27.1700   103.0370      0.760   3.5    0.00    0.00  -0.01       4350
20230225   6453655   27.0370   103.1970      1.360   3.1    0.00    0.00  -0.79       4351
20230225   8075533   27.1810   102.8270      5.750   2.9    0.00    0.00   0.00       4352
20230225   8181700   27.0650   102.6880      2.770   3.6    0.00    0.00  -0.03       4353
20230225   8591760   27.1820   102.8200      7.740   2.5    0.00    0.00  -0.01       4354
20230225   9072824   26.7850   102.5570      2.000   3.5    0.00    0.00   0.20       4355
20230225   9414209   26.9010   102.7680     13.890   3.5    0.00    0.00  -0.13       4356
20230225   9552494   26.8930   102.9240      1.260   3.0    0.00    0.00  -0.01       4357
20230225   9560643   27.1100   103.0670      1.650   3.1    0.00    0.00   0.06       4358
20230225  10032111   26.9220   102.8960      3.880   2.7    0.00    0.00  -0.01       4359
20230225  10160973   27.0260   102.8180     14.990   3.5    0.00    0.00  -0.04       4360
20230225  10541772   27.1910   102.8280      1.890   3.3    0.00    0.00   0.09       4361
20230225  11022169   26.6610   102.7960      1.420   2.8    0.00    0.00   0.26       4362
20230225  11231720   27.0410   102.8320      1.130   2.3    0.00    0.00   0.55       4363
20230225  11300428   27.3620   103.0570      2.150   3.5    0.00    0.00  -0.05       4364
20230225  11352300   26.6920   103.0470      0.590   3.0    0.00    0.00   0.29       4365
20230225  11431640   26.9870   103.0080      1.320   2.5    0.00    0.00  -0.02       4366
20230225  12053104   27.2180   102.8190     14.420   3.5    0.00    0.00  -0.00       4367
20230225  12171783   27.1950   102.8540      9.780   2.5    0.00    0.00  -0.01       4368
20230225  12220376   27.0990   102.8860      1.720   2.5    0.00    0.00   0.03       4369
20230225  12410904   27.2590   102.8470      2.020   2.5    0.00    0.00   0.22       4370
20230225  12521692   26.5500   102.9180      0.550   3.5    0.00    0.00  -0.70       4371
20230225  12530880   27.5090   102.7080      5.120   3.6    0.00    0.00   0.72       4372
20230225  12591839   27.2250   102.7860      2.040   3.1    0.00    0.00  -0.00       4373
20230225  13040167   27.2050   102.8090      9.940   3.5    0.00    0.00   0.17       4374
20230225  13135494   27.0810   102.8250      1.090   2.2    0.00    0.00  -0.40       4375
20230225  13141086   27.1370   103.2950      3.000   2.4    0.00    0.00   0.03       4376
20230225  13280965   27.2630   102.9240      7.170   3.1    0.00    0.00   0.18       4377
20230225  14211471   26.9780   102.8470     10.180   2.5    0.00    0.00   0.01       4378
20230225  14340698   26.7750   103.0470     31.000   3.2    0.00    0.00  -0.01       4379
20230225  14535312   27.2370   102.7540      0.000   3.1    0.00    0.00   0.02       4380
20230225  15370730   27.1060   103.1460     31.000   3.1    0.00    0.00  -0.11       4381
20230225  16042435   27.2160   102.7640      2.040   2.5    0.00    0.00   0.00       4382
20230225  16424176   27.1330   102.8830      5.650   3.2    0.00    0.00  -0.00       4383
20230225  16563685   26.8490   102.9250      1.220  -0.5    0.00    0.00   0.02       4384
20230225  17254648   26.6290   102.7940      2.000   1.4    0.00    0.00   0.21       4385
20230225  17280348   26.8510   102.9330     11.340   3.4    0.00    0.00  -0.01       4386
20230225  17334142   27.0100   102.8910      1.860   1.0    0.00    0.00  -0.02       4387
20230225  18221832   27.2510   102.8290      2.030   2.1    0.00    0.00   0.32       4388
20230225  18390684   26.8990   102.8440      0.000   1.9    0.00    0.00   0.02       4389
20230225  19111808   27.0730   102.7030      2.260   3.4    0.00    0.00   0.02       4390
20230225  19222472   27.0510   103.0470     23.530   2.1    0.00    0.00  -0.06       4391
20230225  19251716   26.9990   102.8020      2.280   1.7    0.00    0.00  -0.26       4392
20230225  19375528   26.9620   102.8650     18.710   3.0    0.00    0.00  -0.01       4393
20230225  19522086   26.9480   102.8270      0.780   1.9    0.00    0.00   0.03       4394
20230225  20030100   26.6370   103.7860      5.380   2.4    0.00    0.00  -0.01       4395
20230225  20083384   27.2110   102.8260     10.100   2.4    0.00    0.00   0.00       4396
20230225  20152204   27.0170   102.7320      3.720   1.5    0.00    0.00   0.08       4397
20230225  20254398   27.0820   102.9950      1.380   2.2    0.00    0.00  -0.08       4398
20230225  20353020   27.1090   102.6890      0.720   2.5    0.00    0.00  -0.30       4399
20230225  21134488   27.2970   103.1070      2.300   1.6    0.00    0.00   0.08       4400
20230225  21213200   27.1900   102.8620     11.580   2.2    0.00    0.00   0.01       4401
20230225  21474960   27.2280   102.7680      2.120   2.8    0.00    0.00   0.02       4402
20230225  22101980   26.5860   103.0400      1.330   2.3    0.00    0.00   0.39       4403
20230225  22191152   27.0210   102.8070      2.240   1.3    0.00    0.00   0.09       4404
20230225  22324128   26.9380   102.9280      0.890   1.0    0.00    0.00   0.03       4405
20230225  22484168   26.9280   102.9240      0.910   1.4    0.00    0.00  -0.09       4406
20230225  22591264   27.1260   102.9220      0.900   2.4    0.00    0.00   0.01       4407
20230226     53200   27.1630   102.8220      0.000   3.1    0.00    0.00  -0.15       4408
20230226    300813   26.8280   102.7380     31.000   3.0    0.00    0.00  -0.05       4409
20230226   1361885   27.3400   102.7930      0.750   4.7    0.00    0.00  -0.13       4410
20230226   2053874   27.2430   102.8190      1.280   3.0    0.00    0.00  -0.01       4411
20230226   2111520   27.4410   102.8770      2.310   3.6    0.00    0.00   0.17       4412
20230226   2230019   27.1970   102.8250      1.120   3.6    0.00    0.00   0.01       4413
20230226   2263606   26.8420   102.8810      1.360   2.8    0.00    0.00  -0.02       4414
20230226   2401308   27.2080   102.8590     14.520   5.0    0.00    0.00   0.01       4415
20230226   2434115   27.2080   102.8180      1.940   3.3    0.00    0.00   0.02       4416
20230226   2475438   26.5640   103.0510      0.870   2.1    0.00    0.00  -0.22       4417
20230226   2503372   27.0680   102.8470      0.000   3.4    0.00    0.00   0.02       4418
20230226   2503615   27.2110   102.8080     10.500   4.6    0.00    0.00   0.00       4419
20230226   2543397   27.2230   102.7900      2.640   3.8    0.00    0.00  -0.09       4420
20230226   3343693   26.9970   102.9750      0.000   3.1    0.00    0.00   0.02       4421
20230226   3564653   27.2210   102.7610      9.760   4.0    0.00    0.00   0.07       4422
20230226   4373073   27.1990   102.8040      1.940   3.2    0.00    0.00   0.17       4423
20230226   4504605   27.2170   102.8160      1.530   3.4    0.00    0.00   0.03       4424
20230226   4563648   26.9220   102.7880      0.980   0.8    0.00    0.00   0.00       4425
20230226   5333313   26.5970   102.9910      0.000   3.1    0.00    0.00  -0.04       4426
20230226   7102110   27.0360   102.7250      0.840   2.5    0.00    0.00   0.39       4427
20230226   7501386   27.2940   103.0690     28.660   3.4    0.00    0.00  -0.00       4428
20230226   7541377   26.8500   102.7510      1.360   2.3    0.00    0.00   0.03       4429
20230226   8341355   27.1080   102.9270      1.540   2.3    0.00    0.00  -0.02       4430
20230226   8513872   26.9560   103.0480      3.120   2.8    0.00    0.00  -0.38       4431
20230226   9022949   27.2280   102.7690      2.300   4.2    0.00    0.00  -0.03       4432
20230226  10034644   26.4910   103.1050      1.230   3.9    0.00    0.00   0.12       4433
20230226  10091208   26.7670   102.8060      1.930   2.0    0.00    0.00  -0.09       4434
20230226  10191739   27.1590   102.8810     10.500   2.7    0.00    0.00  -0.00       4435
20230226  10214477   27.3640   102.9860      1.910   2.3    0.00    0.00   0.05       4436
20230226  12222353   27.1530   102.9780      1.030   2.9    0.00    0.00   0.02       4437
20230226  13104161   27.0880   102.7520      1.750   3.1    0.00    0.00   0.13       4438
20230226  13385628   27.0200   102.8110     20.030   3.7    0.00    0.00  -0.04       4439
20230226  14170646   27.0060   102.8310     20.320   3.4    0.00    0.00  -0.04       4440
20230226  15134507   27.1400   102.8800      1.710   1.2    0.00    0.00   0.06       4441
20230226  15424741   26.8000   102.9760      0.000   2.5    0.00    0.00   0.06       4442
20230226  15562719   27.3220   102.9020     17.950   3.0    0.00    0.00   0.02       4443
20230226  15562878   26.4910   102.6410     22.970   2.3    0.00    0.00  -0.00       4444
20230226  16170172   26.8490   102.9580      8.090   2.8    0.00    0.00  -0.00       4445
20230226  16285980   27.1770   102.8680      1.800   2.1    0.00    0.00   0.13       4446
20230226  16490980   26.8650   103.1120      1.010   1.9    0.00    0.00  -0.29       4447
20230226  17073318   26.4960   103.1420      1.020   2.5    0.00    0.00   0.16       4448
20230226  17491122   26.7500   103.2750     31.000   2.8    0.00    0.00  -0.02       4449
20230226  18541092   26.4910   102.8560     31.000   2.4    0.00    0.00  -0.05       4450
20230226  19243104   26.6470   103.0920      0.740   3.1    0.00    0.00   0.25       4451
20230226  19402880   26.8540   102.9310     17.820   2.6    0.00    0.00   0.15       4452
20230226  19495988   26.7080   102.7690      2.050   0.5    0.00    0.00   0.99       4453
20230226  20305594   26.7620   103.0060     17.090   3.3    0.00    0.00   0.04       4454
20230226  22064492   27.1580   102.8600      1.800   2.3    0.00    0.00  -0.01       4455
20230226  22101296   26.6140   102.9550      1.260   1.8    0.00    0.00  -0.03       4456
20230226  22172866   27.0750   102.8310      6.750   2.7    0.00    0.00   0.00       4457
20230226  22365736   27.3580   102.9720     20.940   2.0    0.00    0.00   0.01       4458
20230226  22593388   27.0530   102.7180      1.320   3.3    0.00    0.00   0.30       4459
20230226  23350328   27.1920   102.9080      1.490   3.3    0.00    0.00   0.24       4460
20230226  23591480   27.2030   102.6970      0.460   3.7    0.00    0.00   0.37       4461
20230227      1653   27.0840   102.9580      1.650   3.1    0.00    0.00  -0.00       4462
20230227    174244   27.1220   102.9900      3.500   3.7    0.00    0.00  -0.01       4463
20230227   1334557   26.9130   102.9060      6.270   4.1    0.00    0.00   0.00       4464
20230227   2571644   27.5090   102.5860      1.570   3.5    0.00    0.00  -0.20       4465
20230227   3173208   27.0530   103.1230      5.850   3.9    0.00    0.00  -0.01       4466
20230227   3235066   27.0100   102.6620      0.610   3.3    0.00    0.00  -0.44       4467
20230227   3282455   27.0400   102.9660      1.360   3.1    0.00    0.00   0.04       4468
20230227   3285890   26.6400   102.9260      0.860   3.0    0.00    0.00   0.01       4469
20230227   5492743   27.0730   102.8120     15.370   4.4    0.00    0.00   0.05       4470
20230227   5565333   26.8740   102.9590     17.270   3.4    0.00    0.00   0.07       4471
20230227   6065956   27.0590   102.8350      1.460   2.5    0.00    0.00   0.16       4472
20230227   6252952   27.2060   102.7960      2.150   3.9    0.00    0.00   0.01       4473
20230227   8055734   27.1930   103.0760     12.230   3.1    0.00    0.00  -0.01       4474
20230227   9283358   27.0260   102.7750      0.750   4.8    0.00    0.00  -0.11       4475
20230227  10165654   26.9980   102.7780      0.460   3.3    0.00    0.00   0.01       4476
20230227  11450652   26.6380   102.9940      0.620   3.0    0.00    0.00  -0.07       4477
20230227  11593376   27.1340   102.8240     11.390   4.3    0.00    0.00  -0.02       4478
20230227  12174528   27.2080   103.0480      2.120   2.8    0.00    0.00   0.02       4479
20230227  14281554   27.1000   102.8630      0.000   3.1    0.00    0.00  -0.01       4480
20230227  14452536   27.2110   102.8710      1.880   2.1    0.00    0.00   0.00       4481
20230227  15121875   26.6830   103.1810     16.700   3.1    0.00    0.00   0.02       4482
20230227  15234660   27.2130   102.8510      1.680   2.0    0.00    0.00   0.19       4483
20230227  17234748   26.7590   102.8160      1.860   1.7    0.00    0.00   0.14       4484
20230227  17292920   26.9560   102.7830      1.470   2.3    0.00    0.00   0.02       4485
20230227  17450832   27.0090   102.9560      0.750   1.1    0.00    0.00   0.12       4486
20230227  18320426   27.0890   102.8910      4.710   2.6    0.00    0.00   0.01       4487
20230227  18362984   26.7460   103.0330      0.790   0.8    0.00    0.00   0.49       4488
20230227  18450976   27.1190   103.0910      1.700   2.5    0.00    0.00   0.06       4489
20230227  19183224   27.1490   103.0920      1.840   2.8    0.00    0.00  -0.02       4490
20230227  20253882   26.8260   102.9650     10.150   3.6    0.00    0.00   0.02       4491
20230227  21145648   26.7040   103.2100      0.010   2.4    0.00    0.00  -0.08       4492
20230227  22214940   27.1720   102.5760      0.270   2.6    0.00    0.00   0.10       4493
20230227  22342316   26.8490   103.0460      0.000   2.5    0.00    0.00  -0.03       4494
20230227  22375874   26.9780   102.9420      1.190   1.4    0.00    0.00   0.11       4495
20230227  22551734   27.3350   103.1770      0.000   2.7    0.00    0.00  -0.02       4496
20230227  23453224   26.6690   102.5380      6.690   3.3    0.00    0.00   0.07       4497
20230228     60950   27.3210   103.0600     24.030   3.7    0.00    0.00  -0.01       4498
20230228    323257   26.7800   102.8120      9.000   2.5    0.00    0.00  -0.03       4499
20230228   2060553   26.9380   102.8580     22.260   3.4    0.00    0.00  -0.06       4500
20230228   3462120   26.7030   102.8430      0.000   2.6    0.00    0.00  -0.02       4501
20230228   8235750   26.8320   102.8110      1.770   2.4    0.00    0.00   0.19       4502
20230228   8281616   26.9550   102.6940     31.000   2.8    0.00    0.00   0.05       4503
20230228   9011804   26.9060   102.9170      1.010   2.4    0.00    0.00   0.09       4504
20230228   9053409   27.0860   103.0160      0.920   2.9    0.00    0.00   0.04       4505
20230228   9195924   26.7300   102.7500      2.160   1.7    0.00    0.00   0.85       4506
20230228   9282151   26.7910   103.0460     10.200   3.8    0.00    0.00   0.02       4507
20230228   9415213   27.0000   102.8850      1.540   2.7    0.00    0.00   0.51       4508
20230228  10340536   26.9890   103.1460      1.950   2.9    0.00    0.00   0.20       4509
20230228  10345094   26.7920   102.9500     12.490   3.1    0.00    0.00   0.00       4510
20230228  11395803   26.9130   102.8550      1.460   1.8    0.00    0.00  -0.08       4511
20230228  12431307   26.7920   103.0980      1.490   1.6    0.00    0.00   0.42       4512
20230228  13134018   27.0570   102.9730     13.600   2.6    0.00    0.00  -0.04       4513
20230228  14384929   27.2500   103.0730     23.010   2.8    0.00    0.00  -0.00       4514
20230228  14514774   26.9260   102.9080      0.910   1.9    0.00    0.00   0.03       4515
20230228  15010014   26.9370   102.8420     12.590   4.4    0.00    0.00   0.01       4516
20230228  15110561   26.8820   102.9190     15.850   3.4    0.00    0.00   0.24       4517
20230228  15215985   27.0050   103.1090      0.560   3.0    0.00    0.00  -0.00       4518
20230228  15582298   27.0390   102.8950      1.200   2.7    0.00    0.00   0.05       4519
20230228  16052929   27.3090   103.1340     22.100   4.2    0.00    0.00   0.02       4520
20230228  17145992   26.7200   102.8110     16.100   3.2    0.00    0.00  -0.00       4521
20230228  17432840   27.5090   102.7830     31.000   3.3    0.00    0.00  -0.04       4522
20230228  17545604   26.9720   102.9280      1.200   1.4    0.00    0.00   0.14       4523
20230228  18131418   27.0380   102.6800      3.990   2.0    0.00    0.00   0.22       4524
20230228  18355396   27.4610   103.1530      2.230   3.2    0.00    0.00  -0.02       4525
20230228  18423408   26.7220   102.9910      9.800   2.2    0.00    0.00   0.01       4526
20230228  19364820   27.0070   102.8890     13.180   2.4    0.00    0.00   0.12       4527
20230228  20315440   26.9290   102.5570      0.250   2.8    0.00    0.00   0.24       4528
20230228  21240532   26.8540   102.9120     11.440   3.2    0.00    0.00   0.00       4529
20230228  21424588   26.6040   103.0000      9.440   3.9    0.00    0.00   0.01       4530
20230228  22135536   26.8510   102.8320      1.090   2.7    0.00    0.00   0.83       4531
20230228  22442154   27.0450   103.0490      1.140   2.5    0.00    0.00  -0.21       4532
20230228  22530708   27.3860   103.2150     31.000   2.5    0.00    0.00   0.17       4533
20230228  23450188   26.8090   102.8700      0.890   3.0    0.00    0.00  -0.10       4534
20230228  23565668   27.1430   103.3170      0.980   3.2    0.00    0.00  -0.07       4535
20230301   4025197   27.0650   103.1990      1.820   4.8    0.00    0.00  -0.15       4536
20230301   4363202   27.2090   103.0070      1.820   2.0    0.00    0.00   0.06       4537
20230301   5083754   26.9280   103.0850      1.260   2.9    0.00    0.00  -0.94       4538
20230301   5380068   26.9230   103.0070      0.920   2.8    0.00    0.00  -0.23       4539
20230301   5574183   26.9100   102.7940      3.420   3.5    0.00    0.00  -0.02       4540
20230301   8201909   26.8780   102.9190      8.250   2.2    0.00    0.00  -0.00       4541
20230301   8363055   26.9770   102.9090      0.000   2.0    0.00    0.00   0.00       4542
20230301  10120036   26.8220   102.9040      0.940   3.5    0.00    0.00  -0.04       4543
20230301  10140751   27.0350   102.7630     24.620   3.8    0.00    0.00   0.02       4544
20230301  10383099   26.8390   103.0520      3.270   3.9    0.00    0.00   0.05       4545
20230301  11122555   26.8420   103.0110     10.210   4.0    0.00    0.00   0.00       4546
20230301  11211228   26.8460   102.8870      0.000   3.3    0.00    0.00   0.14       4547
20230301  11245141   26.8040   103.0130      4.650   3.0    0.00    0.00   0.13       4548
20230301  11360833   26.8390   102.9640      2.460   4.1    0.00    0.00  -0.00       4549
20230301  11423015   26.9000   102.9300     18.710   3.5    0.00    0.00   0.04       4550
20230301  11572640   26.8630   102.9440     11.200   3.6    0.00    0.00  -0.01       4551
20230301  12480147   27.1080   102.8640      1.260   3.5    0.00    0.00   0.03       4552
20230301  13151323   26.9140   102.7790      1.450   2.2    0.00    0.00  -0.09       4553
20230301  13363740   26.7690   102.8810      1.560   1.6    0.00    0.00   0.05       4554
20230301  14052602   27.0100   102.7530      0.960   2.9    0.00    0.00   0.13       4555
20230301  14054269   27.1110   102.9270      7.200   2.5    0.00    0.00   0.00       4556
20230301  15232432   26.8400   102.9420      0.700   2.7    0.00    0.00   0.00       4557
20230301  15465692   26.9170   102.8330      1.650   2.3    0.00    0.00   0.01       4558
20230301  16141001   26.9320   102.8850     14.320   3.4    0.00    0.00   0.04       4559
20230301  16214830   26.8370   102.9580      6.880   2.7    0.00    0.00  -0.00       4560
20230301  16363752   26.9150   102.8290      0.000   1.0    0.00    0.00  -0.05       4561
20230301  17044292   27.0100   102.9280      1.480   2.3    0.00    0.00  -0.00       4562
20230301  18542720   27.2060   102.8050      6.800   3.0    0.00    0.00   0.00       4563
20230301  21121854   26.9390   102.8100      1.220   2.7    0.00    0.00   0.09       4564
20230301  21291836   26.8460   102.9580     13.810   3.0    0.00    0.00  -0.01       4565
20230301  23240170   27.4050   103.0420      2.080   2.8    0.00    0.00   0.09       4566
20230302    263787   27.0750   102.8010      1.340   1.1    0.00    0.00   0.56       4567
20230302    305008   26.9190   102.8180      6.500   2.5    0.00    0.00   0.00       4568
20230302   2544776   27.0580   102.7770      1.580   3.0    0.00    0.00   0.05       4569
20230302   3151620   27.1130   102.9190     11.240   2.6    0.00    0.00  -0.04       4570
20230302   4333896   27.0330   102.8190      1.600   2.8    0.00    0.00   0.27       4571
20230302   5021721   27.2310   102.8580      1.960   2.0    0.00    0.00   0.55       4572
20230302   5114033   26.5600   103.0050     12.360   3.3    0.00    0.00   0.01       4573
20230302   5282526   26.8460   102.8580      0.120   2.8    0.00    0.00   0.10       4574
20230302   8053580   26.6390   102.9560      0.260   2.7    0.00    0.00   0.15       4575
20230302   9483458   27.1430   102.8360     10.630   4.2    0.00    0.00  -0.04       4576
20230302  11031830   26.9770   102.8820      0.000   2.0    0.00    0.00   0.05       4577
20230302  11314264   27.1200   102.9090      5.880   3.7    0.00    0.00   0.07       4578
20230302  11354397   27.0010   102.7950      6.390   2.1    0.00    0.00   0.14       4579
20230302  12084638   27.1330   102.8270      3.420   3.7    0.00    0.00   0.00       4580
20230302  12112713   26.8350   102.9350      0.010   2.8    0.00    0.00   0.09       4581
20230302  13020805   27.0110   102.9150      0.900   2.5    0.00    0.00   0.02       4582
20230302  13205595   27.0870   102.9170      3.420   2.8    0.00    0.00   0.05       4583
20230302  13481146   26.5580   103.0610      0.900   3.2    0.00    0.00   0.31       4584
20230302  14465616   27.3390   102.8160      1.500   3.5    0.00    0.00   0.65       4585
20230302  15232716   27.1090   102.8630      1.240   2.8    0.00    0.00   0.04       4586
20230302  15373714   27.0140   103.0620      2.020   2.6    0.00    0.00   0.09       4587
20230302  15532400   26.9100   102.8080      1.500   2.5    0.00    0.00   0.01       4588
20230302  16213088   27.1120   102.9210     13.010   3.1    0.00    0.00   0.00       4589
20230302  16423192   27.4290   102.8590      2.210   2.8    0.00    0.00   0.10       4590
20230302  16504856   27.0120   102.8130      4.330   4.2    0.00    0.00  -0.04       4591
20230302  16541182   26.9610   102.8110     11.160   2.8    0.00    0.00  -0.06       4592
20230302  18090276   27.1320   102.8960      0.220   2.5    0.00    0.00  -0.06       4593
20230302  21251094   27.1060   102.6550      2.890   2.4    0.00    0.00  -0.09       4594
20230302  22115500   26.8440   102.9920      9.690   3.5    0.00    0.00  -0.00       4595
20230302  22252418   26.8570   102.9590     14.080   5.2    0.00    0.00   0.00       4596
20230302  22325952   26.8530   103.0190      7.140   2.6    0.00    0.00   0.01       4597
20230302  22402856   27.0380   102.5600      1.220   2.5    0.00    0.00   0.09       4598
20230302  22485516   26.8460   102.9720      7.500   3.7    0.00    0.00   0.02       4599
20230302  23370860   26.6560   102.9630      0.000   3.4    0.00    0.00   0.23       4600
20230303   1240836   26.8350   102.9280     13.190   3.3    0.00    0.00   0.00       4601
20230303   2502165   27.2780   102.8720      1.660   2.7    0.00    0.00   0.08       4602
20230303   3403755   26.8860   102.9330      0.790   2.8    0.00    0.00   0.42       4603
20230303   6392488   27.1220   102.9110      0.660   2.2    0.00    0.00  -0.06       4604
20230303   9331635   26.8150   102.9040      1.030   1.4    0.00    0.00  -0.33       4605
20230303   9401064   27.1080   102.8910      1.770   2.6    0.00    0.00   0.04       4606
20230303  10451352   26.7420   102.9750     19.050   4.7    0.00    0.00   0.00       4607
20230303  12100856   27.2820   102.4880      0.000   3.3    0.00    0.00  -0.14       4608
20230303  13112257   27.0160   102.7350      3.480   2.9    0.00    0.00  -0.04       4609
20230303  13263662   26.8540   102.8280      1.680   1.5    0.00    0.00   0.01       4610
20230303  13474806   26.8010   102.9860     13.170   3.9    0.00    0.00  -0.01       4611
20230303  13553426   26.8380   102.8790      8.770   2.8    0.00    0.00  -0.01       4612
20230303  17130356   27.1150   102.9030      0.000   2.5    0.00    0.00  -0.01       4613
20230303  18024600   27.3040   102.8970      1.370   1.9    0.00    0.00   0.27       4614
20230303  18351396   26.8410   102.9590     12.530   2.7    0.00    0.00  -0.20       4615
20230303  20480996   26.9540   102.8270     12.030   3.9    0.00    0.00   0.02       4616
20230304   1085562   26.9230   102.9240      1.090   2.8    0.00    0.00   0.24       4617
20230304   3010262   27.1230   102.8110      0.000   3.2    0.00    0.00   0.07       4618
20230304   4045387   27.2100   103.1750      1.490   3.5    0.00    0.00  -0.05       4619
20230304   4073165   26.9740   102.9890      4.520   3.8    0.00    0.00   0.05       4620
20230304   6081803   27.1970   103.0870      1.540   1.7    0.00    0.00  -0.15       4621
20230304   8552865   27.0870   103.3020      3.920   5.2    0.00    0.00   0.06       4622
20230304   9061298   27.1190   102.9010      8.700   4.5    0.00    0.00  -0.00       4623
20230304   9064063   27.1480   102.9120      1.670   2.3    0.00    0.00  -0.02       4624
20230304  10540744   27.0470   103.0120      1.470   2.3    0.00    0.00  -0.09       4625
20230304  12143472   27.3220   103.0420      9.780   3.4    0.00    0.00   0.00       4626
20230304  12542814   26.8940   103.0090      0.360   3.2    0.00    0.00  -0.00       4627
20230304  13164791   27.1310   103.0840      6.770   3.6    0.00    0.00  -0.03       4628
20230304  14185179   26.8700   102.8920      6.500   2.9    0.00    0.00  -0.04       4629
20230304  14363691   26.8210   102.8600      1.400   0.8    0.00    0.00  -0.00       4630
20230304  16032111   27.2100   102.8350     10.300   3.2    0.00    0.00  -0.00       4631
20230304  16244432   27.1130   102.9220      1.580   3.8    0.00    0.00   0.01       4632
20230304  16251607   27.0800   102.7800      0.000   4.0    0.00    0.00   0.00       4633
20230304  16451938   27.2140   102.7770      0.800   4.8    0.00    0.00   0.08       4634
20230304  17045312   27.1810   103.5550      7.060   4.8    0.00    0.00   0.03       4635
20230304  17050202   26.7740   103.0830      7.970   4.0    0.00    0.00  -0.01       4636
20230304  17134928   27.2170   102.8380      1.900   2.7    0.00    0.00   0.10       4637
20230304  17431912   27.2720   102.9510      2.210   1.4    0.00    0.00   0.10       4638
20230304  18020416   26.4910   103.0270     22.120   3.4    0.00    0.00   0.01       4639
20230304  20073598   27.1610   102.7710      1.650   2.9    0.00    0.00  -0.02       4640
20230304  20261432   27.1950   102.8420      8.960   3.4    0.00    0.00  -0.01       4641
20230304  20342608   26.5810   103.0280      0.720   1.7    0.00    0.00   0.04       4642
20230304  20374688   27.1890   102.9120      1.650   1.6    0.00    0.00   0.25       4643
20230304  21061808   27.1400   102.8360     12.770   3.0    0.00    0.00   0.01       4644
20230304  22232432   27.2150   102.7950      2.090   2.7    0.00    0.00  -0.01       4645
20230304  22342572   27.1170   102.8280      6.260   3.0    0.00    0.00  -0.00       4646
20230304  22581938   27.2370   102.7870      7.960   3.1    0.00    0.00   0.18       4647
20230305     80870   27.1380   102.8060     10.400   3.6    0.00    0.00  -0.01       4648
20230305   6251967   27.2250   102.9250      1.810   2.4    0.00    0.00   0.18       4649
20230305   7085198   26.9990   102.8360      6.750   3.3    0.00    0.00   0.01       4650
20230305   8401422   26.8380   102.9670      4.510   2.9    0.00    0.00   0.00       4651
20230305   9411614   27.0510   102.8880      1.280   2.8    0.00    0.00   0.18       4652
20230305  10532174   26.9970   102.8030      1.000   3.0    0.00    0.00   0.06       4653
20230305  12144477   27.0000   102.8010      1.320   2.7    0.00    0.00   0.20       4654
20230305  13240170   27.0430   103.1320      8.700   3.3    0.00    0.00  -0.05       4655
20230305  14070694   27.0520   103.1210      9.730   4.1    0.00    0.00   0.01       4656
20230305  15295731   26.8920   102.8450      2.100   2.8    0.00    0.00  -0.03       4657
20230305  15335960   27.0520   102.8530      1.390   2.3    0.00    0.00   0.12       4658
20230305  15550179   26.8540   102.9420     10.370   3.5    0.00    0.00   0.01       4659
20230305  16144298   26.9210   102.8440      0.000   2.5    0.00    0.00  -0.02       4660
20230305  16385373   27.1470   102.8030     14.090   3.4    0.00    0.00  -0.03       4661
20230305  16412239   27.2390   102.3590     31.000   3.2    0.00    0.00  -0.02       4662
20230305  17153684   27.0840   102.7980      1.390   2.8    0.00    0.00   0.01       4663
20230305  20174268   26.4950   102.6760      2.160   2.8    0.00    0.00  -0.26       4664
20230305  20443912   27.2120   103.0350      6.770   2.7    0.00    0.00  -0.01       4665
20230305  23084292   27.3460   102.9240     13.470   2.9    0.00    0.00   0.00       4666
20230305  23134160   27.0990   102.9000     10.960   4.2    0.00    0.00  -0.00       4667
20230305  23365036   27.1310   102.8110      3.370   3.5    0.00    0.00   0.02       4668
20230305  23541388   27.0460   102.8670      0.000   1.9    0.00    0.00  -0.02       4669
20230306   1071352   27.0380   102.7720      2.320   3.1    0.00    0.00   0.08       4670
20230306   1335537   26.9720   102.7170      0.740   2.3    0.00    0.00   0.13       4671
20230306   3171980   27.1970   102.8410      1.890   3.0    0.00    0.00   0.00       4672
20230306   3245986   26.8560   102.9580     11.840   3.1    0.00    0.00   0.01       4673
20230306   4355653   27.0320   103.0740      1.810   2.9    0.00    0.00  -0.02       4674
20230306   4564499   27.1410   103.1350     25.450   3.1    0.00    0.00   0.00       4675
20230306   5425610   27.0690   102.9550     17.120   3.3    0.00    0.00  -0.00       4676
20230306   5560118   27.1370   102.7500      3.830   2.3    0.00    0.00   0.09       4677
20230306   6040345   26.4910   103.5860      0.590   3.8    0.00    0.00  -0.20       4678
20230306   6400438   26.9190   102.8280      1.140   2.2    0.00    0.00   0.09       4679
20230306   7111611   27.1220   102.8670     16.150   4.4    0.00    0.00   0.03       4680
20230306   7203837   27.2310   102.8790      9.530   2.5    0.00    0.00   0.02       4681
20230306   7430039   27.1300   102.8670      9.470   2.5    0.00    0.00   0.00       4682
20230306   8103572   26.8460   102.6050     31.000   3.4    0.00    0.00   0.02       4683
20230306   9184050   26.9580   103.0110      0.000   2.8    0.00    0.00   0.43       4684
20230306  11413702   27.1330   102.8440      7.460   4.0    0.00    0.00  -0.03       4685
20230306  14355027   27.1410   102.8310      8.000   3.5    0.00    0.00  -0.05       4686
20230306  15131383   26.5180   102.7300      1.950   1.8    0.00    0.00   0.05       4687
20230306  16185484   27.0250   102.7240      2.630   2.8    0.00    0.00   0.00       4688
20230306  17071920   27.0730   102.8830      8.030   3.2    0.00    0.00  -0.03       4689
20230306  17431882   27.2310   102.9600      1.790   1.0    0.00    0.00  -0.04       4690
20230306  18032974   27.2710   103.0530      9.900   2.9    0.00    0.00  -0.03       4691
20230306  18152308   26.4910   103.1780      1.750   2.5    0.00    0.00   0.60       4692
20230306  18332106   27.0720   102.8450      0.180   3.4    0.00    0.00   0.01       4693
20230306  19113334   27.1370   102.8120      9.410   5.4    0.00    0.00  -0.03       4694
20230306  19332930   27.2510   102.7190      2.160   2.9    0.00    0.00   0.00       4695
20230306  20072098   26.8990   102.9770      0.670   3.0    0.00    0.00   0.01       4696
20230306  20115952   26.8370   102.8830      0.000   3.0    0.00    0.00   0.01       4697
20230306  20183204   26.4910   102.9720     31.000   3.4    0.00    0.00   0.09       4698
20230306  20484652   26.8580   102.9330     14.800   6.1    0.00    0.00  -0.03       4699
20230306  20524812   27.3150   102.8630     22.220   3.1    0.00    0.00  -0.02       4700
20230306  20544408   26.8600   102.9060      0.000   3.5    0.00    0.00  -0.00       4701
20230306  21043356   26.8350   102.9720      6.840   2.8    0.00    0.00  -0.00       4702
20230306  21121448   26.9950   102.8330      1.670   2.2    0.00    0.00   0.38       4703
20230306  21242080   26.8550   102.9080      0.000   2.7    0.00    0.00  -0.07       4704
20230306  21331388   26.8990   103.0180      6.440   3.0    0.00    0.00  -0.25       4705
20230306  21451872   26.8420   102.9230      0.000   2.7    0.00    0.00   0.00       4706
20230306  21503072   26.7960   102.8730      0.070   3.0    0.00    0.00  -0.01       4707
20230306  21532758   26.9270   102.8110      0.760   2.7    0.00    0.00  -0.04       4708
20230306  21580330   26.8390   102.9540     11.900   3.2    0.00    0.00   0.01       4709
20230306  22225472   26.8550   102.9380      9.420   3.4    0.00    0.00   0.01       4710
20230306  22234310   26.8520   102.7960      0.830   2.7    0.00    0.00   0.04       4711
20230306  22370058   26.8320   102.9700      8.880   3.8    0.00    0.00  -0.00       4712
20230306  23103488   26.8320   102.9880     15.040   3.3    0.00    0.00  -0.01       4713
20230306  23145444   26.8430   102.9530      9.690   2.9    0.00    0.00  -0.00       4714
20230306  23280884   26.8650   102.9760      2.010   3.1    0.00    0.00   0.06       4715
20230306  23323096   26.8560   102.9550     11.170   2.8    0.00    0.00   0.01       4716
20230306  23335470   26.8500   102.9370     13.390   4.2    0.00    0.00  -0.01       4717
20230306  23470120   26.8370   102.9730      8.010   2.9    0.00    0.00   0.00       4718
20230306  23512400   26.8540   102.9660     13.510   3.8    0.00    0.00   0.02       4719
20230307    142575   26.8600   102.9550     14.900   3.6    0.00    0.00  -0.02       4720
20230307    224400   26.8550   102.8660      1.420   3.0    0.00    0.00  -0.10       4721
20230307    354555   26.8420   102.9610     16.360   4.6    0.00    0.00  -0.03       4722
20230307    583492   27.0090   102.8940      1.530   2.8    0.00    0.00   0.07       4723
20230307   1171493   26.8350   102.8520     10.820   3.4    0.00    0.00  -0.03       4724
20230307   1220018   26.8690   102.8780      0.870   3.2    0.00    0.00  -0.07       4725
20230307   1241512   26.8690   102.8840      3.050   3.8    0.00    0.00  -0.03       4726
20230307   1315892   26.8440   102.9670     10.320   3.6    0.00    0.00  -0.00       4727
20230307   2243215   26.8430   102.9380      9.600   4.1    0.00    0.00   0.01       4728
20230307   2523605   26.8610   102.9230      3.450   3.2    0.00    0.00   0.05       4729
20230307   3213272   26.8520   102.9330      7.800   3.4    0.00    0.00  -0.01       4730
20230307   3413063   26.8410   103.0080     15.350   4.1    0.00    0.00  -0.02       4731
20230307   4075035   26.8340   102.9490      0.490   3.1    0.00    0.00  -0.02       4732
20230307   4184965   27.1550   103.1020      8.690   3.6    0.00    0.00  -0.00       4733
20230307   4370744   26.8590   102.9190      9.410   3.5    0.00    0.00  -0.01       4734
20230307   4410098   26.8560   102.9920     15.440   3.4    0.00    0.00  -0.04       4735
20230307   5161906   27.1210   102.8580      1.840   2.2    0.00    0.00   0.10       4736
20230307   5170013   26.8640   103.0300      0.960   2.7    0.00    0.00   0.04       4737
20230307   5322223   27.0390   102.7740     14.880   4.8    0.00    0.00  -0.02       4738
20230307   5483436   26.8500   102.9850     10.750   3.6    0.00    0.00  -0.02       4739
20230307   6425043   26.7870   103.0230      0.800   3.3    0.00    0.00  -0.17       4740
20230307   7035891   26.8550   102.9530     13.680   4.4    0.00    0.00  -0.02       4741
20230307   7162635   26.8480   102.9800     12.110   3.0    0.00    0.00  -0.02       4742
20230307   8044949   26.8570   102.9470     13.480   3.3    0.00    0.00   0.06       4743
20230307   8294779   26.8560   102.9400     12.520   3.6    0.00    0.00  -0.00       4744
20230307   9001061   26.8460   102.9420      7.120   3.3    0.00    0.00   0.00       4745
20230307   9214923   27.0750   102.9930      0.000   3.0    0.00    0.00   0.01       4746
20230307  11531543   26.8660   102.9240      0.860   2.7    0.00    0.00  -0.39       4747
20230307  12004113   26.6930   102.9900      0.610   2.9    0.00    0.00   0.03       4748
20230307  12050743   26.8260   102.9580     11.900   3.1    0.00    0.00   0.00       4749
20230307  12110240   26.8300   103.0480      1.250   2.7    0.00    0.00   0.12       4750
20230307  13384977   26.8100   103.0280      0.000   2.6    0.00    0.00  -0.01       4751
20230307  14061151   26.8530   102.8470      0.000   2.2    0.00    0.00   0.12       4752
20230307  14075845   26.8460   102.9420     13.500   3.7    0.00    0.00   0.00       4753
20230307  14124227   26.8260   102.9530     10.350   4.2    0.00    0.00   0.01       4754
20230307  14383715   26.8470   102.9390     10.960   4.4    0.00    0.00  -0.02       4755
20230307  14402899   26.8500   102.9560     13.360   5.1    0.00    0.00  -0.02       4756
20230307  14455236   26.8250   102.9780      3.930   3.4    0.00    0.00  -0.07       4757
20230307  14483164   26.8560   102.8890      0.000   3.3    0.00    0.00   0.02       4758
20230307  15165803   26.8430   102.9600     12.440   4.7    0.00    0.00   0.01       4759
20230307  15195714   26.8270   102.9660      1.480   3.6    0.00    0.00  -0.00       4760
20230307  17405608   26.9340   102.8890      1.010   2.1    0.00    0.00   0.20       4761
20230307  18494140   26.9560   102.8150     20.000   3.9    0.00    0.00   0.07       4762
20230307  18584760   26.6720   102.9860      1.010   2.4    0.00    0.00   0.03       4763
20230307  19014776   26.8590   102.9430     12.230   3.4    0.00    0.00   0.03       4764
20230307  19345780   26.8550   102.9640     10.340   3.5    0.00    0.00  -0.01       4765
20230307  19432916   26.9550   102.8210     13.800   2.8    0.00    0.00  -0.06       4766
20230307  19544976   27.0330   102.7630     16.780   2.9    0.00    0.00   0.02       4767
20230307  20340814   26.8990   102.8140      0.000   2.6    0.00    0.00  -0.01       4768
20230307  21135680   26.8500   102.9530     15.010   4.2    0.00    0.00  -0.01       4769
20230307  21213808   26.8470   102.9750     11.180   4.7    0.00    0.00   0.01       4770
20230307  21311584   26.8500   102.9640      6.330   3.3    0.00    0.00   0.01       4771
20230307  21354044   26.8580   102.5730     31.000   2.5    0.00    0.00  -0.05       4772
20230307  21370442   26.8580   102.9640      9.040   3.1    0.00    0.00   0.00       4773
20230307  21442974   26.8500   102.9520     16.070   4.6    0.00    0.00  -0.01       4774
20230307  21581132   26.8540   102.9330     11.150   3.5    0.00    0.00   0.00       4775
20230307  22121306   26.8510   102.9110      4.900   3.0    0.00    0.00   0.00       4776
20230307  22180844   26.8630   102.9420     10.030   2.5    0.00    0.00   0.00       4777
20230307  22331920   26.8650   102.9240     12.770   3.1    0.00    0.00   0.31       4778
20230307  22402890   27.0270   102.9560      1.350   2.1    0.00    0.00   0.02       4779
20230307  22434874   26.8330   102.9710      0.000   3.1    0.00    0.00  -0.00       4780
20230307  23165508   27.0670   103.0490      2.010   3.0    0.00    0.00   0.46       4781
20230307  23324904   26.9220   102.9320      9.440   3.0    0.00    0.00   0.01       4782
20230307  23343556   26.8820   103.0650      1.770   3.6    0.00    0.00   0.01       4783
20230307  23352452   26.8490   102.9790     12.160   3.5    0.00    0.00  -0.00       4784
20230308      2734   26.8560   102.9330     12.600   3.2    0.00    0.00   0.04       4785
20230308     72932   27.1270   102.8530     17.380   3.2    0.00    0.00  -0.08       4786
20230308    242315   26.8580   102.9490     18.500   3.5    0.00    0.00   0.06       4787
20230308    274852   26.8630   102.9160     19.470   3.5    0.00    0.00  -0.04       4788
20230308    571716   26.8680   102.9090     16.110   4.1    0.00    0.00  -0.12       4789
20230308   1065068   26.8270   102.9580      0.000   2.6    0.00    0.00  -0.00       4790
20230308   3025370   26.8440   102.9450     13.570   3.9    0.00    0.00   0.01       4791
20230308   3382444   26.8320   102.9580      2.640   3.5    0.00    0.00  -0.06       4792
20230308   4094364   26.8410   102.8760      1.260   4.0    0.00    0.00  -0.02       4793
20230308   4101381   26.8810   103.0090      1.320   3.6    0.00    0.00   0.00       4794
20230308   4542723   26.9180   102.9160     15.200   3.8    0.00    0.00  -0.10       4795
20230308   4573323   26.8480   103.0130     10.730   3.8    0.00    0.00  -0.01       4796
20230308   5355732   26.8460   102.9170     10.810   3.5    0.00    0.00  -0.04       4797
20230308   6011328   26.7210   102.9830      0.880   3.0    0.00    0.00  -0.03       4798
20230308   7163798   26.9100   102.8520      1.430   3.8    0.00    0.00  -0.05       4799
20230308   8343172   26.8560   102.9590     12.820   2.9    0.00    0.00  -0.00       4800
20230308   9544278   26.8320   102.9440      6.790   3.5    0.00    0.00  -0.01       4801
20230308  10420104   26.7930   102.9710      9.970   3.5    0.00    0.00   0.00       4802
20230308  10532037   26.9770   102.9280      1.260   1.2    0.00    0.00   0.50       4803
20230308  10572643   26.8470   102.9520     13.670   3.6    0.00    0.00  -0.02       4804
20230308  11011659   26.6110   103.0060      0.740   3.2    0.00    0.00   0.02       4805
20230308  11033655   27.1390   102.9230      1.530   2.7    0.00    0.00   0.02       4806
20230308  11160273   26.8350   102.9710     11.130   4.7    0.00    0.00  -0.04       4807
20230308  11320125   26.8450   102.9770     12.310   4.6    0.00    0.00  -0.01       4808
20230308  11364938   26.8660   102.9590     20.280   4.0    0.00    0.00   0.01       4809
20230308  11522098   26.8540   102.9560     13.800   3.7    0.00    0.00   0.00       4810
20230308  12160027   26.8430   102.9710     13.460   3.5    0.00    0.00  -0.02       4811
20230308  12285776   27.1270   102.8430     12.890   4.6    0.00    0.00  -0.02       4812
20230308  13043778   27.1010   102.8610      2.790   3.2    0.00    0.00  -0.04       4813
20230308  13142203   27.1560   102.9400      1.400   2.8    0.00    0.00   0.03       4814
20230308  13184304   26.8410   102.9200     10.840   4.4    0.00    0.00   0.01       4815
20230308  13215563   26.8430   103.0360      0.000   3.1    0.00    0.00  -0.02       4816
20230308  14113160   26.8600   102.9600      6.680   3.5    0.00    0.00  -0.00       4817
20230308  14144444   26.9440   102.6080      3.190   2.9    0.00    0.00   0.58       4818
20230308  14202416   26.8530   102.9540     12.760   3.3    0.00    0.00   0.01       4819
20230308  14273440   26.8530   102.9350     15.610   3.3    0.00    0.00  -0.01       4820
20230308  14334310   27.1090   102.8220      0.560   2.8    0.00    0.00  -0.01       4821
20230308  15291927   26.8490   102.9140     11.610   2.8    0.00    0.00  -0.01       4822
20230308  15312647   26.8700   102.9350     16.050   3.0    0.00    0.00  -0.01       4823
20230308  15463617   26.8590   102.8410      1.500   1.0    0.00    0.00   0.02       4824
20230308  15570803   26.8350   102.8890      1.850   2.1    0.00    0.00   0.02       4825
20230308  16154567   26.8530   102.9700     12.150   3.2    0.00    0.00  -0.00       4826
20230308  16293243   26.8150   102.8900      0.190   2.9    0.00    0.00  -0.02       4827
20230308  16433374   27.0620   102.9590      0.000   2.4    0.00    0.00  -0.13       4828
20230308  16470008   27.1340   102.8430      9.280   4.2    0.00    0.00  -0.00       4829
20230308  17044260   27.0850   102.6710      2.230   3.2    0.00    0.00   0.07       4830
20230308  17183980   26.8510   102.9270      9.410   3.2    0.00    0.00  -0.00       4831
20230308  17221512   27.1240   102.8670      1.910   3.6    0.00    0.00  -0.01       4832
20230308  17315276   26.8700   102.9130     12.180   3.1    0.00    0.00   0.02       4833
20230308  17333688   26.7570   103.0990      0.470   3.3    0.00    0.00  -0.00       4834
20230308  17404880   26.9120   102.8930     22.930   3.0    0.00    0.00  -0.02       4835
20230308  17473428   27.0330   102.7920      2.910   2.6    0.00    0.00   0.02       4836
20230308  17505088   26.8520   102.9200     16.870   4.7    0.00    0.00  -0.01       4837
20230308  18031588   26.7900   102.9130      0.760   2.9    0.00    0.00   0.22       4838
20230308  18071032   27.1460   102.8650     18.450   3.2    0.00    0.00  -0.05       4839
20230308  18133656   26.7920   102.9760     14.410   4.5    0.00    0.00   0.01       4840
20230308  18214732   26.9600   102.9630     25.730   3.0    0.00    0.00   0.02       4841
20230308  18280014   26.8180   102.9830      4.300   3.5    0.00    0.00   0.03       4842
20230308  18374484   26.8230   103.0010      1.560   2.7    0.00    0.00   0.01       4843
20230308  18452776   26.8470   102.9390     13.290   2.8    0.00    0.00   0.00       4844
20230308  18493088   26.8250   102.9680      4.700   3.0    0.00    0.00   0.00       4845
20230308  18521166   26.8760   102.8030      0.640   2.8    0.00    0.00  -0.01       4846
20230308  18572760   26.8350   102.9590      0.000   2.7    0.00    0.00  -0.00       4847
20230308  19042176   26.7900   102.9110      0.960   2.8    0.00    0.00   0.01       4848
20230308  19081862   26.9490   102.8140      3.320   2.2    0.00    0.00   0.00       4849
20230308  19125940   27.2670   103.0040      1.720   1.3    0.00    0.00  -0.04       4850
20230308  19330504   26.8490   102.9350      7.150   3.0    0.00    0.00   0.00       4851
20230308  19334856   26.6350   103.2510     31.000   2.9    0.00    0.00   0.01       4852
20230308  19414098   26.8480   102.9270     14.820   4.5    0.00    0.00   0.06       4853
20230308  19462274   26.8150   102.8910      5.900   2.3    0.00    0.00  -0.00       4854
20230308  19464488   27.1830   103.0560     31.000   3.6    0.00    0.00   0.01       4855
20230308  19581676   26.9530   102.8630     22.150   3.6    0.00    0.00   0.06       4856
20230308  19581980   26.6560   102.8530      1.740   3.8    0.00    0.00   0.14       4857
20230308  20225072   26.8420   102.8990      4.360   3.1    0.00    0.00  -0.01       4858
20230308  20541244   26.8630   102.8690      6.910   2.3    0.00    0.00  -0.00       4859
20230308  21041334   26.4960   102.8230     30.360   4.1    0.00    0.00  -0.01       4860
20230308  21091716   26.8360   102.9360      7.870   3.3    0.00    0.00  -0.01       4861
20230308  21462754   26.6640   102.6950      9.810   3.0    0.00    0.00   0.02       4862
20230308  22060388   26.8420   102.9420     11.180   2.9    0.00    0.00  -0.01       4863
20230308  22145504   26.8400   102.9170      5.890   2.5    0.00    0.00  -0.00       4864
20230308  22223116   26.8060   102.9760     21.410   3.0    0.00    0.00  -0.02       4865
20230308  22335856   26.8120   102.9690      8.950   2.5    0.00    0.00   0.00       4866
20230308  22372332   26.8530   102.9510     13.020   5.3    0.00    0.00  -0.00       4867
20230308  22440664   26.8630   102.9300     17.660   2.9    0.00    0.00   0.01       4868
20230308  22475672   26.8470   102.9520      8.090   3.4    0.00    0.00  -0.04       4869
20230308  22532008   26.8470   102.9670     10.890   4.4    0.00    0.00   0.01       4870
20230308  23011424   26.8620   102.9330     10.230   4.4    0.00    0.00   0.03       4871
20230308  23095422   26.8850   103.0000      0.330   2.6    0.00    0.00  -0.19       4872
20230308  23123048   26.8530   102.9610     11.820   3.6    0.00    0.00   0.01       4873
20230308  23135568   26.8500   102.9990      8.030   3.0    0.00    0.00   0.00       4874
20230308  23181068   26.8440   102.9340      8.460   3.7    0.00    0.00  -0.02       4875
20230308  23313016   26.8470   102.9300     11.430   3.5    0.00    0.00  -0.00       4876
20230308  23413672   26.8170   102.8500      0.000   3.2    0.00    0.00  -0.05       4877
20230308  23452332   26.8460   102.9780     12.640   3.4    0.00    0.00   0.00       4878
20230308  23464858   26.8440   102.9080     12.310   3.6    0.00    0.00  -0.02       4879
20230308  23553478   26.8520   102.8890      0.000   2.9    0.00    0.00   0.03       4880
20230309     81617   26.8580   102.9380      7.760   3.0    0.00    0.00  -0.00       4881
20230309    113301   26.8440   102.9820      9.490   3.5    0.00    0.00   0.00       4882
20230309    201434   26.8610   102.9220     11.100   4.0    0.00    0.00   0.08       4883
20230309    235001   26.8610   102.9350     18.520   4.0    0.00    0.00   0.01       4884
20230309    312048   26.8250   102.9250      0.410   2.9    0.00    0.00   0.06       4885
20230309    341740   26.8880   102.7790     12.010   2.9    0.00    0.00   0.05       4886
20230309    545087   26.8270   102.9400      0.580   2.8    0.00    0.00   0.05       4887
20230309   1012059   27.2020   103.1230      8.960   3.9    0.00    0.00   0.00       4888
20230309   1151376   26.8470   102.8980      6.350   3.7    0.00    0.00  -0.01       4889
20230309   1401496   26.8580   102.9300     10.170   3.8    0.00    0.00   0.00       4890
20230309   2271294   26.8450   102.9210      7.420   3.1    0.00    0.00  -0.01       4891
20230309   4031696   27.0780   102.9300      1.480   1.9    0.00    0.00   0.01       4892
20230309   5132270   26.8590   102.9580     11.800   5.9    0.00    0.00   0.00       4893
20230309   5384893   26.8460   102.9810     14.720   3.3    0.00    0.00   0.02       4894
20230309   6034202   26.8550   102.8470      0.000   3.1    0.00    0.00   0.07       4895
20230309   6113702   26.8220   103.0230      7.610   2.8    0.00    0.00  -0.01       4896
20230309   6150259   26.8820   102.8850      9.460   3.8    0.00    0.00   0.00       4897
20230309   6155728   26.8610   102.9690      9.530   3.5    0.00    0.00   0.00       4898
20230309   6185509   26.8780   102.8990     10.730   2.5    0.00    0.00  -0.18       4899
20230309   6320354   26.8480   102.9770      9.940   4.3    0.00    0.00  -0.00       4900
20230309   6384624   26.8210   102.9630     11.930   4.1    0.00    0.00   0.02       4901
20230309   6454888   26.8550   102.9580     11.100   4.0    0.00    0.00   0.00       4902
20230309   6465156   26.8660   102.9340     15.150   3.8    0.00    0.00   0.04       4903
20230309   6540825   26.8220   103.0070      0.000   3.4    0.00    0.00  -0.01       4904
20230309   7082546   26.8420   102.9550      6.020   3.1    0.00    0.00   0.00       4905
20230309   7124940   26.8220   102.9610      0.530   2.9    0.00    0.00  -0.02       4906
20230309   7132831   27.0820   102.8560      3.650   2.9    0.00    0.00   0.10       4907
20230309   7340834   26.8540   102.9940      1.090   3.7    0.00    0.00  -0.01       4908
20230309   7344085   26.8740   102.8680     19.000   4.3    0.00    0.00   0.03       4909
20230309   7454905   26.8580   102.9530     10.820   3.3    0.00    0.00  -0.00       4910
20230309   7502618   26.8630   102.9630     11.540   3.9    0.00    0.00   0.02       4911
20230309   8050863   26.8320   102.9480     12.180   4.8    0.00    0.00   0.12       4912
20230309   8072050   26.7680   102.9260      0.960   2.9    0.00    0.00  -0.06       4913
20230309   8521237   26.8460   102.9420      7.330   3.2    0.00    0.00   0.00       4914
20230309   8541588   26.9150   102.7960      4.960   2.3    0.00    0.00   0.02       4915
20230309   9003242   26.8550   102.9610     12.060   4.1    0.00    0.00   0.00       4916
20230309   9042102   26.8570   102.9590      9.380   3.5    0.00    0.00   0.00       4917
20230309   9171224   26.8440   102.9270      8.390   4.3    0.00    0.00   0.03       4918
20230309   9233677   26.9490   102.8180      2.320   2.7    0.00    0.00   0.09       4919
20230309   9245593   27.0900   102.6510      0.710   3.1    0.00    0.00   0.19       4920
20230309   9351239   26.8530   102.9140      0.000   2.7    0.00    0.00  -0.01       4921
20230309   9502103   26.8210   102.9510      0.230   3.1    0.00    0.00   0.03       4922
20230309  10142646   26.8210   102.9490      0.280   3.2    0.00    0.00  -0.17       4923
20230309  10232546   27.1910   103.2610      2.450   4.5    0.00    0.00   0.03       4924
20230309  10290407   26.7040   103.2260      0.000   3.1    0.00    0.00  -0.00       4925
20230309  10410713   27.1110   102.8550      9.810   4.5    0.00    0.00   0.06       4926
20230309  10511559   26.8610   103.0240     12.470   3.2    0.00    0.00   0.02       4927
20230309  10550996   26.8570   102.9540      7.720   2.9    0.00    0.00  -0.00       4928
20230309  11291865   26.8810   102.9680     15.850   3.4    0.00    0.00   0.07       4929
20230309  11304793   26.8620   102.9660     12.670   3.3    0.00    0.00  -0.02       4930
20230309  11404181   26.8700   102.8040      0.000   2.3    0.00    0.00  -0.01       4931
20230309  11485258   26.8220   102.9630      6.010   3.7    0.00    0.00  -0.01       4932
20230309  11514533   26.8870   102.9430      1.570   3.4    0.00    0.00  -0.01       4933
20230309  12071233   26.9570   102.7530      0.000   3.1    0.00    0.00  -0.09       4934
20230309  12130232   27.0360   102.7250      0.840   2.7    0.00    0.00   0.64       4935
20230309  12130419   26.8120   102.8280      1.560   3.8    0.00    0.00  -0.07       4936
20230309  12141958   27.1820   103.1240     11.150   4.0    0.00    0.00   0.01       4937
20230309  12223672   26.6000   103.1570      0.240   3.1    0.00    0.00   0.34       4938
20230309  12252926   26.8280   102.9530      0.420   3.2    0.00    0.00  -0.07       4939
20230309  12343109   26.8330   102.9480      0.000   3.2    0.00    0.00  -0.03       4940
20230309  12372301   26.8370   102.9550      0.000   3.2    0.00    0.00   0.00       4941
20230309  12405827   26.9800   102.7730     21.700   3.0    0.00    0.00   0.02       4942
20230309  13052473   26.8440   102.9010      0.000   2.9    0.00    0.00   0.01       4943
20230309  13203060   26.8370   103.0250      7.300   3.4    0.00    0.00   0.02       4944
20230309  13292114   26.8280   102.9560      4.070   2.4    0.00    0.00  -0.01       4945
20230309  13384780   26.8670   102.9380      0.450   2.7    0.00    0.00  -0.06       4946
20230309  14153431   26.8850   102.9720     22.440   3.5    0.00    0.00   0.01       4947
20230309  14211669   26.8380   102.9710     10.210   3.2    0.00    0.00   0.00       4948
20230309  14492264   26.9810   102.8830      1.440   2.3    0.00    0.00   0.72       4949
20230309  15333202   26.9500   102.7970      1.020   2.3    0.00    0.00   0.10       4950
20230309  15454813   26.8610   102.8520      0.740   2.2    0.00    0.00   0.05       4951
20230309  16320544   26.8510   102.9990      7.270   4.1    0.00    0.00  -0.02       4952
20230309  16365730   26.8300   103.0170      6.000   3.1    0.00    0.00   0.04       4953
20230309  17425734   27.1130   102.8730      2.630   2.4    0.00    0.00   0.03       4954
20230309  17473396   27.1050   102.8080      1.790   2.3    0.00    0.00   0.02       4955
20230309  17591070   26.8720   103.0500      3.020   2.3    0.00    0.00   0.59       4956
20230309  18494724   26.9080   102.8170      1.290   3.5    0.00    0.00  -0.31       4957
20230309  19091354   26.8510   102.8970     12.020   4.3    0.00    0.00   0.04       4958
20230309  19161962   26.8480   102.9270      9.690   2.8    0.00    0.00   0.00       4959
20230309  19175628   27.1360   102.9630      0.000   3.0    0.00    0.00   0.03       4960
20230309  19231768   26.9560   102.8450      0.830   1.8    0.00    0.00   0.37       4961
20230309  20035788   26.8580   102.9630     17.550   2.9    0.00    0.00  -0.00       4962
20230309  20123350   26.8600   102.9330     10.890   2.8    0.00    0.00  -0.04       4963
20230309  20164050   27.0360   102.7250      0.840   0.4    0.00    0.00   0.35       4964
20230309  20242456   26.8410   102.9250     18.150   5.8    0.00    0.00  -0.00       4965
20230309  20283418   26.8570   102.9430     14.120   3.9    0.00    0.00  -0.00       4966
20230309  20430552   26.8300   102.9460      8.170   3.9    0.00    0.00  -0.05       4967
20230309  20452688   26.8540   102.9390     16.620   3.4    0.00    0.00  -0.00       4968
20230309  20491018   26.8470   102.9360     11.140   3.5    0.00    0.00  -0.00       4969
20230309  20505580   26.8340   102.9510      0.990   2.8    0.00    0.00  -0.00       4970
20230309  20560000   26.8210   102.9740      9.350   2.7    0.00    0.00  -0.02       4971
20230309  20592652   26.8720   102.9680     15.910   3.3    0.00    0.00  -0.02       4972
20230309  21002600   26.9990   102.7130      0.480   2.7    0.00    0.00  -0.21       4973
20230309  21064972   26.8610   102.9440     13.320   5.2    0.00    0.00  -0.02       4974
20230309  21122880   26.8750   102.9070     18.570   3.3    0.00    0.00  -0.01       4975
20230309  21191096   26.8480   102.9630      4.770   2.7    0.00    0.00   0.00       4976
20230309  21211440   26.8810   102.8940      8.250   2.6    0.00    0.00   0.01       4977
20230309  21235380   26.8500   102.9780     17.390   3.0    0.00    0.00  -0.06       4978
20230309  21314586   26.8400   102.9560      0.750   2.6    0.00    0.00  -0.03       4979
20230309  21323370   27.1950   102.9200      1.510   2.5    0.00    0.00  -0.18       4980
20230309  21360536   26.8660   102.9440     13.970   3.9    0.00    0.00   0.01       4981
20230309  21404776   26.8680   102.9200     19.800   3.0    0.00    0.00   0.00       4982
20230309  21432164   26.9100   102.9400     12.130   3.0    0.00    0.00  -0.00       4983
20230309  21465972   26.8410   102.9780     12.520   2.8    0.00    0.00   0.00       4984
20230309  21472148   27.3390   102.8300     14.330   3.4    0.00    0.00  -0.00       4985
20230309  22005060   26.7720   102.6990      3.920   3.2    0.00    0.00   0.04       4986
20230309  22042560   26.8490   102.7390     11.060   2.9    0.00    0.00   0.00       4987
20230309  22214134   26.8710   102.9150     13.130   2.9    0.00    0.00   0.00       4988
20230309  22234632   26.8370   102.9410      0.710   2.4    0.00    0.00  -0.01       4989
20230309  22273596   26.8630   102.9270     12.730   3.4    0.00    0.00  -0.03       4990
20230309  22300712   26.9020   103.0350     14.440   2.9    0.00    0.00   0.00       4991
20230309  22483440   26.8660   102.9450     12.580   3.8    0.00    0.00  -0.03       4992
20230309  23124498   26.8990   102.8620      0.830   3.2    0.00    0.00   0.01       4993
20230309  23235704   26.8430   102.9380      6.600   3.0    0.00    0.00  -0.02       4994
20230309  23301536   26.9350   102.9870      1.350   4.0    0.00    0.00   0.14       4995
20230310    164582   26.8300   102.9380      0.740   2.9    0.00    0.00  -0.07       4996
20230310    204495   26.8580   102.9450     13.310   5.5    0.00    0.00  -0.04       4997
20230310    492693   26.9130   102.8570      2.180   2.6    0.00    0.00  -0.01       4998
20230310    501061   26.8510   102.9420     12.820   4.2    0.00    0.00  -0.01       4999
20230310   1321713   26.8530   102.9610     15.970   4.6    0.00    0.00  -0.02       5000
20230310   1583160   26.8530   102.9570     11.230   2.6    0.00    0.00   0.01       5001
20230310   2123930   26.9860   102.8270      3.200   3.4    0.00    0.00   0.03       5002
20230310   2150872   26.4910   102.9250      0.940   2.8    0.00    0.00  -0.11       5003
20230310   2511571   26.8630   102.9210      8.080   3.4    0.00    0.00   0.01       5004
20230310   2532480   26.9750   102.8110      3.410   3.2    0.00    0.00  -0.10       5005
20230310   3001787   26.9600   102.9390      1.190   2.1    0.00    0.00   0.48       5006
20230310   3172944   26.8420   102.9610      9.460   3.0    0.00    0.00   0.00       5007
20230310   3205831   26.8140   102.9690      0.460   3.2    0.00    0.00  -0.04       5008
20230310   3282281   26.8510   102.9830     15.560   3.7    0.00    0.00   0.00       5009
20230310   3575945   26.8630   102.9150     14.060   3.5    0.00    0.00   0.01       5010
20230310   5393377   26.8690   102.9510     11.100   2.9    0.00    0.00  -0.03       5011
20230310   6044925   26.9450   102.8340     10.740   2.8    0.00    0.00   0.00       5012
20230310   6312772   26.8520   103.0540      7.900   3.0    0.00    0.00   0.04       5013
20230310   6355260   26.8610   102.9530     11.070   3.3    0.00    0.00   0.01       5014
20230310   6365826   26.9530   102.8070      3.490   2.9    0.00    0.00   0.03       5015
20230310   6420505   26.4910   102.9370     31.000   3.1    0.00    0.00  -0.04       5016
20230310   7220494   26.8290   102.9490      0.640   2.7    0.00    0.00   0.01       5017
20230310   8055562   26.9250   103.1060     30.230   4.0    0.00    0.00  -0.05       5018
20230310   9225031   26.8490   103.0060      2.170   3.5    0.00    0.00   0.00       5019
20230310  10153581   27.1860   102.9120      2.160   2.6    0.00    0.00  -0.90       5020
20230310  10180227   26.8630   102.9020      8.550   2.9    0.00    0.00  -0.00       5021
20230310  11212355   26.8470   102.9770     10.220   3.4    0.00    0.00   0.00       5022
20230310  12191943   26.8540   102.9660     12.470   3.5    0.00    0.00   0.00       5023
20230310  13192206   26.8380   102.9760     11.510   4.1    0.00    0.00   0.02       5024
20230310  13351569   27.2070   102.9700      2.050   2.9    0.00    0.00   0.15       5025
20230310  13414107   27.1140   102.7590      2.060   3.4    0.00    0.00   0.26       5026
20230310  13443559   26.8530   102.8490      0.000   3.0    0.00    0.00  -0.01       5027
20230310  14081446   27.5090   104.0090     31.000   4.3    0.00    0.00   0.24       5028
20230310  14263578   26.8170   102.9150      1.810   2.4    0.00    0.00  -0.51       5029
20230310  14544044   26.8700   102.9050      7.480   2.6    0.00    0.00  -0.04       5030
20230310  15265248   26.8780   103.0440     18.240   3.2    0.00    0.00   0.03       5031
20230310  16132784   26.8570   102.9260     16.170   3.8    0.00    0.00  -0.04       5032
20230310  16251700   26.4910   103.0390     12.780   4.2    0.00    0.00  -0.08       5033
20230310  17034332   26.8590   102.8540      1.110   2.7    0.00    0.00  -0.12       5034
20230310  17482350   26.7360   103.0870      0.000   2.1    0.00    0.00   0.06       5035
20230310  18080404   27.0330   102.8830     13.130   4.8    0.00    0.00   0.01       5036
20230310  18241192   26.8330   103.0610     14.530   3.2    0.00    0.00  -0.01       5037
20230310  18341638   26.8470   102.9630      1.700   3.3    0.00    0.00   0.04       5038
20230310  18441240   26.8540   102.8910     10.450   2.9    0.00    0.00  -0.05       5039
20230310  18511158   27.0260   102.9490      2.990   3.8    0.00    0.00   0.00       5040
20230310  18524978   27.0300   102.8620     11.030   3.7    0.00    0.00   0.01       5041
20230310  18542666   27.0370   102.8670      8.660   3.8    0.00    0.00  -0.05       5042
20230310  18572284   27.0350   102.8680      9.550   3.7    0.00    0.00  -0.02       5043
20230310  19022356   27.0350   102.8610     10.270   3.3    0.00    0.00  -0.07       5044
20230310  19055644   27.0330   102.9050      9.650   3.2    0.00    0.00  -0.06       5045
20230310  19080592   27.0420   102.8460      9.610   3.1    0.00    0.00   0.07       5046
20230310  19212292   26.4910   103.3960      0.000   3.6    0.00    0.00   0.03       5047
20230310  19234286   27.0160   102.8820     12.390   2.3    0.00    0.00   0.00       5048
20230310  19425416   26.8620   102.9440      9.160   3.0    0.00    0.00  -0.00       5049
20230310  19435332   27.0580   102.8880      1.500   2.3    0.00    0.00  -0.01       5050
20230310  19482148   27.0360   102.8760     12.670   4.0    0.00    0.00  -0.02       5051
20230310  19553656   27.0240   102.8890      9.610   3.2    0.00    0.00  -0.01       5052
20230310  20025620   26.9750   103.0530      2.930   2.9    0.00    0.00   0.00       5053
20230310  20142184   26.8640   102.9440      9.620   3.4    0.00    0.00  -0.01       5054
20230310  20253790   27.0300   102.8630     10.680   3.9    0.00    0.00   0.00       5055
20230310  20285288   27.0260   102.8780     13.830   3.1    0.00    0.00  -0.02       5056
20230310  20422392   27.0380   102.8440      0.000   2.8    0.00    0.00   0.00       5057
20230310  20434546   27.0650   102.9980     14.390   3.6    0.00    0.00   0.05       5058
20230310  20544384   27.3420   102.8210     20.480   2.3    0.00    0.00   0.04       5059
20230310  20585652   27.0420   102.8690      0.000   2.7    0.00    0.00   0.01       5060
20230310  21011154   26.8530   102.9250      6.930   3.5    0.00    0.00  -0.03       5061
20230310  21185198   27.0660   102.8750      1.910   3.3    0.00    0.00  -0.04       5062
20230310  21192210   26.6870   103.0660      1.470   3.4    0.00    0.00  -0.43       5063
20230310  21250890   26.8450   102.9640      6.200   3.2    0.00    0.00  -0.00       5064
20230310  21375952   26.8420   102.9330     10.510   3.1    0.00    0.00  -0.01       5065
20230310  21423172   27.0120   102.7770      0.000   2.3    0.00    0.00  -0.12       5066
20230310  21472504   27.0510   102.8740      1.490   2.9    0.00    0.00   0.06       5067
20230310  21575032   26.7200   102.8270      1.800   2.1    0.00    0.00   0.14       5068
20230310  22043976   27.0930   102.7710     13.830   2.7    0.00    0.00  -0.00       5069
20230310  22150620   26.8500   102.9540      8.300   3.0    0.00    0.00  -0.01       5070
20230310  22204788   27.1280   102.8520     12.510   3.5    0.00    0.00  -0.01       5071
20230310  22470708   26.8610   102.9450     12.050   2.2    0.00    0.00   0.01       5072
20230310  22522944   27.1460   102.8300      1.870   2.6    0.00    0.00   0.00       5073
20230310  22545312   26.9190   102.8510      5.350   2.8    0.00    0.00   0.00       5074
20230310  22550896   27.0080   102.9440      1.260   2.8    0.00    0.00   0.01       5075
20230310  22572856   27.4020   102.9070      1.970   2.6    0.00    0.00   0.15       5076
20230310  23034752   26.8740   102.9250      0.780   2.6    0.00    0.00   0.11       5077
20230310  23035368   27.0950   102.8460     14.950   2.9    0.00    0.00  -0.06       5078
20230310  23160814   26.8570   102.9350      8.300   3.5    0.00    0.00   0.00       5079
20230310  23235564   26.8750   102.9650      9.550   3.3    0.00    0.00  -0.01       5080
20230310  23372544   26.8890   102.9350     11.770   2.8    0.00    0.00   0.01       5081
20230310  23555848   27.0230   102.9120      9.690   3.3    0.00    0.00   0.01       5082
20230311     82674   27.1120   102.8330      8.990   3.5    0.00    0.00  -0.02       5083
20230311   1540614   26.7810   102.8080      2.210   3.5    0.00    0.00   0.22       5084
20230311   3105421   26.8640   102.9460     11.720   2.8    0.00    0.00   0.00       5085
20230311   9415706   27.0930   103.2640     23.060   3.9    0.00    0.00   0.01       5086
20230311  13014427   26.8660   102.9210     15.740   3.3    0.00    0.00   0.04       5087
20230311  13414787   26.8520   102.9250      3.100   2.5    0.00    0.00   0.02       5088
20230311  13580300   27.2470   102.8750      1.970   1.8    0.00    0.00   0.02       5089
20230311  14055692   26.8860   102.9630     11.720   3.6    0.00    0.00   0.04       5090
20230311  14292143   26.9210   102.8060      9.900   2.3    0.00    0.00   0.14       5091
20230311  14413604   27.0980   102.8310     10.290   2.8    0.00    0.00   0.01       5092
20230311  17020488   27.2160   102.8420      1.370   2.4    0.00    0.00   0.11       5093
20230311  17351390   27.3320   103.0690     16.070   3.0    0.00    0.00  -0.01       5094
20230311  18255232   27.0940   103.0570      1.350   2.2    0.00    0.00  -0.04       5095
20230311  18521228   27.1360   102.9000      1.640   2.2    0.00    0.00  -0.01       5096
20230311  18524464   26.9910   102.9640     26.000   2.7    0.00    0.00  -0.01       5097
20230311  19031404   27.4940   102.7580      1.570   2.2    0.00    0.00  -0.04       5098
20230311  19170436   27.0050   102.8200      1.780   2.4    0.00    0.00  -0.12       5099
20230311  19235228   27.1480   102.7680      0.000   3.8    0.00    0.00   0.01       5100
20230311  19323648   26.9040   102.8970     17.490   2.6    0.00    0.00   0.01       5101
20230311  19381390   27.3170   103.1050      2.590   2.3    0.00    0.00  -0.14       5102
20230311  20103712   27.1330   102.8240      1.760   2.5    0.00    0.00   0.08       5103
20230311  20411072   26.8100   102.9790      0.320   2.6    0.00    0.00   0.04       5104
20230311  20454728   26.7780   102.8080      1.830   2.0    0.00    0.00   0.36       5105
20230311  21015936   26.8730   102.8820      8.910   2.7    0.00    0.00  -0.00       5106
20230311  21084066   26.9680   103.0290      3.970   2.7    0.00    0.00   0.01       5107
20230311  21121640   26.8900   103.0510     18.160   3.5    0.00    0.00  -0.04       5108
20230311  21133992   27.1980   102.8730      1.660   2.6    0.00    0.00   0.06       5109
20230311  22114164   26.9710   103.0220      1.420   2.5    0.00    0.00   0.26       5110
20230311  22144382   27.1820   102.7370      1.050   2.6    0.00    0.00  -0.07       5111
20230311  22425144   27.0000   102.8220      0.000   3.5    0.00    0.00  -0.03       5112
20230311  22572348   26.8630   103.1270      1.740   2.8    0.00    0.00   0.01       5113
20230311  23173734   27.1530   103.1250      0.470   4.2    0.00    0.00   0.01       5114
20230311  23302912   27.1850   103.1140     16.170   4.9    0.00    0.00  -0.02       5115
20230311  23352092   27.1650   102.9570      1.840   3.3    0.00    0.00   0.02       5116
20230311  23574930   26.9910   102.9160      1.580   2.4    0.00    0.00   0.03       5117
20230311  23575730   26.7870   102.9390      0.000   3.5    0.00    0.00   0.00       5118
20230312    260221   26.8410   102.9750      0.420   2.8    0.00    0.00  -0.01       5119
20230312    515440   27.0780   103.1770      1.310   3.0    0.00    0.00  -0.05       5120
20230312   1190022   26.8340   102.9380     13.260   4.1    0.00    0.00   0.01       5121
20230312   1223165   26.8350   102.9220      0.970   3.1    0.00    0.00   0.03       5122
20230312   2170334   27.1350   102.9700      1.720   2.8    0.00    0.00   0.00       5123
20230312   2442589   26.8510   103.0970      1.380   3.1    0.00    0.00   0.04       5124
20230312   3431610   26.8600   102.8410      1.620   0.8    0.00    0.00  -0.09       5125
20230312   3432915   27.1840   102.9010      1.860   2.8    0.00    0.00   0.10       5126
20230312   5242890   26.9500   102.8520      0.950   2.7    0.00    0.00  -0.04       5127
20230312   6465951   27.1340   102.8230      0.040   3.6    0.00    0.00   0.00       5128
20230312   6531915   27.2700   102.9680      1.930   1.4    0.00    0.00   0.40       5129
20230312   7134738   27.2230   102.9790      1.890   3.6    0.00    0.00   0.03       5130
20230312   7535057   26.4910   102.8110      0.000   3.5    0.00    0.00   0.07       5131
20230312   8121425   26.8510   102.9360      9.560   3.6    0.00    0.00   0.09       5132
20230312   8140590   27.1540   103.0700      1.470   2.9    0.00    0.00   0.01       5133
20230312   8370080   26.9920   102.7610      0.860   2.4    0.00    0.00   0.12       5134
20230312   9313851   27.0070   102.8150     16.430   3.5    0.00    0.00   0.12       5135
20230312   9452273   27.1220   102.8040      0.000   4.0    0.00    0.00  -0.01       5136
20230312  10583742   26.9200   102.9460     24.160   3.1    0.00    0.00   0.01       5137
20230312  11010732   26.7300   102.7920      1.910   3.2    0.00    0.00   0.18       5138
20230312  11121526   26.8820   103.0880      1.430   3.2    0.00    0.00  -0.01       5139
20230312  11454331   27.0770   102.3650     19.320   3.6    0.00    0.00   0.14       5140
20230312  11513990   26.6650   102.9980      0.000   3.4    0.00    0.00  -0.01       5141
20230312  12200910   27.0430   103.0540      1.690   3.2    0.00    0.00  -0.01       5142
20230312  13002452   26.6600   103.0000      6.870   2.7    0.00    0.00  -0.01       5143
20230312  13102837   26.5290   102.9420      1.210   2.8    0.00    0.00   0.15       5144
20230312  13521517   27.0490   102.7550      9.140   3.9    0.00    0.00  -0.00       5145
20230312  14244597   26.9940   102.8160     18.900   3.6    0.00    0.00  -0.09       5146
20230312  15003197   27.1100   102.8510      7.530   2.8    0.00    0.00   0.01       5147
20230312  15100538   26.8630   102.9050     13.310   3.3    0.00    0.00   0.02       5148
20230312  15255905   27.2260   102.9630     12.500   4.1    0.00    0.00   0.02       5149
20230312  15382233   27.0470   102.7810     14.750   3.2    0.00    0.00  -0.01       5150
20230312  15550017   26.6770   103.1520      1.270   3.2    0.00    0.00  -0.07       5151
20230312  16011941   26.8620   102.9360      9.810   2.5    0.00    0.00   0.00       5152
20230312  16360966   27.0260   102.7350      0.840   1.5    0.00    0.00  -0.11       5153
20230312  16364470   27.1040   102.7410      1.030   2.8    0.00    0.00  -0.04       5154
20230312  18244534   26.8540   102.8720      0.900   2.6    0.00    0.00   0.04       5155
20230312  18453010   27.1480   102.8250      1.920   2.4    0.00    0.00   0.03       5156
20230312  19092512   26.8600   102.9320     14.110   3.2    0.00    0.00  -0.00       5157
20230312  19233826   27.0090   102.8110      3.250   3.5    0.00    0.00  -0.05       5158
20230312  19583468   26.9470   102.9640     10.410   2.9    0.00    0.00   0.07       5159
20230312  20031838   27.0430   102.8930      1.470   1.7    0.00    0.00   0.01       5160
20230312  20164852   27.1310   102.8400      5.700   3.8    0.00    0.00  -0.01       5161
20230312  20305218   27.1310   102.8350      6.220   2.9    0.00    0.00  -0.01       5162
20230312  20490812   27.1400   102.8520      1.010   2.7    0.00    0.00   0.00       5163
20230312  20590292   27.1240   102.8510      4.050   3.1    0.00    0.00  -0.04       5164
20230312  21270656   26.9720   102.7800      4.190   3.0    0.00    0.00   0.02       5165
20230312  22395130   27.0830   102.9650     24.990   2.4    0.00    0.00  -0.52       5166
20230313   2174824   26.6800   103.0330      0.860   3.2    0.00    0.00  -0.00       5167
20230313  14030597   26.8360   102.9820      0.000   3.6    0.00    0.00  -0.01       5168
20230317  18072704   26.7940   102.9870      0.000   2.8    0.00    0.00   0.01       5169
