        3  26.915336  102.836100    11.946   -10147.1    -3839.3     5809.8    943.4   1185.3    842.0 2022  8 23 16 29 48.550  1.9   1
       21  26.860854  102.912419     8.196    -2568.0    -9875.9     2059.7   1518.9   1006.2   1053.1 2022  8 26  0 10 20.460  2.9   1
       30  26.699270  102.917334     7.095    -2081.8   -27779.9      958.2   1342.0   1559.1   1653.0 2022  8 26  7 53 47.970  2.8   1
       41  27.167365  102.593799     8.110   -34172.9    24086.2     1973.5   1306.9   1238.1   2037.7 2022  8 26 20  0 27.640  2.7   1
       51  26.779812  103.098983     4.776    15969.8   -18855.7    -1360.6    504.6    324.7    411.8 2022  8 28 13 14 55.710  2.4   1
      131  27.341412  102.839966    12.877    -9745.0    43371.1     6740.7   1024.4    959.9   1161.5 2022  9  2 16 43 50.880  3.8   1
      147  26.858018  103.132560    16.587    19300.5   -10190.2    10450.9   1268.1   1454.5   1357.1 2022  9  3 15 21 35.480  3.1   1
      218  27.100614  102.874235     6.397    -6354.4    16690.0      260.9   1176.6   1021.4   1252.2 2022  9  8 15 18 22.760  2.7   1
      223  26.706757  102.982699     6.532     4416.3   -26950.5      395.7   2805.4   1332.4   2224.1 2022  9  8 19 30  1.880  2.0   1
      267  26.926674  103.105680    12.267    16624.7    -2582.9     6131.0   1141.5   4013.8   1416.0 2022  9 12 16  2 16.000  2.5   1
      281  26.883604  103.169686    16.608    22985.6    -7355.3    10472.0   1045.3   1524.0   1409.4 2022  9 13  8 20 48.310  3.6   1
      309  27.163342  102.987614     2.327     4895.1    23640.5    -3808.9   1813.9    798.9   1493.1 2022  9 14 15 47 55.620  3.1   1
      334  26.989380  103.111450    13.161    17193.5     4365.0     7024.4    723.0    593.1   1516.1 2022  9 15 16  1 53.840  2.5   1
      347  26.863694  103.099780    19.017    16043.3    -9561.2    12880.5   1923.5   1806.4   1547.8 2022  9 16 15 14 30.520  2.9   1
      373  27.256138  102.873958     4.578    -6378.0    33922.5    -1558.1    660.6   1267.8    727.5 2022  9 18 10 47 32.100  3.0   1
      395  26.987598  102.808651    16.117   -12868.9     4167.5     9980.6   1237.9   1271.6   1147.3 2022  9 19 21 41 25.680  3.4   1
      420  26.810697  103.000960     4.793     6228.5   -15433.4    -1343.8    115.6    125.4    150.7 2022  9 21 20 26 55.320  2.2   1
      438  26.993632  102.996802     8.556     5810.5     4836.2     2419.4   1565.6   1577.1   1511.1 2022  9 24  1 23 23.490  3.1   1
      444  27.025004  102.790560     8.733   -14662.8     8312.3     2596.4    487.7    539.4    491.0 2022  9 24  7 41 55.320  2.6   1
      455  26.753355  102.997900    16.754     5926.0   -21787.1    10617.2    816.7    401.3    444.6 2022  9 25  1 31  2.400  3.1   1
      523  27.058236  102.934831     9.339     -341.4    11994.3     3202.4   2863.1    847.1   1200.4 2022  9 29 17 23 38.880  2.1   1
      524  26.968048  102.807943     4.219   -12940.7     2001.3    -1917.6    864.8   1184.8   1584.8 2022  9 29 18 31 37.720  2.7   1
      557  26.912616  102.855184    13.977    -8251.7    -4140.7     7840.9    763.6   1075.0    574.2 2022 10  2  2 39  6.470  2.6   1
      560  26.850049  102.897591    19.897    -4041.7   -11073.3    13760.7   2111.4   2054.8   1473.7 2022 10  2  6 10 39.130  3.0   1
      572  26.879572  103.070402     8.688    13124.5    -7802.0     2551.6    144.7    179.2    216.0 2022 10  2 21 50 13.720  1.9   1
      588  26.748826  102.919442     8.021    -1871.7   -22289.0     1884.2   1262.6   1089.9   1772.7 2022 10  4  8  8  1.580  2.3   1
      623  26.562543  103.059147     8.573    12023.2   -42929.8     2436.1   1183.1    720.1    722.7 2022 10  6 18 50 15.640  2.2   1
      625  26.957513  102.901221     5.264    -3679.3      834.1     -872.2    544.0    493.6    788.0 2022 10  6 19 54 51.240  1.9   1
      631  26.922768  102.883350    11.174    -5454.1    -3015.9     5037.9   1620.3   1817.6    959.4 2022 10  7  8 31 45.130  3.2   1
      672  26.822738  102.897021    10.677    -4098.7   -14099.5     4540.8   1172.6    888.3    876.7 2022 10 10  3 35  1.940  3.7   1
      732  26.868296  103.118278    18.130    17880.6    -9051.4    11993.8   1784.8   1780.2   1625.9 2022 10 14 10 37 11.450  2.2   1
      741  26.882979  103.129378    14.175    18982.0    -7424.5     8038.4   1143.9   3237.0   1416.4 2022 10 15  1  4 10.400  3.5   1
      779  27.068105  102.753752     4.570   -18313.1    13087.9    -1566.8    252.8    250.5    251.9 2022 10 17 22 37 48.240  2.6   1
      789  27.244834  102.993066     4.805     5433.9    32669.9    -1330.9    455.7    495.9    509.7 2022 10 18 16 41 47.000  1.7   1
      824  26.787085  103.055868     8.236    11685.5   -18049.8     2099.3    462.5    389.1    458.4 2022 10 20  3 33 31.120  3.0   1
      835  27.277521  102.985018     6.468     4634.9    36291.8      331.2    843.8   1258.9    857.9 2022 10 20 15 36 17.530  1.9   1
      839  26.735661  103.022835     9.696     8405.0   -23747.7     3559.2    548.7    692.9    539.3 2022 10 20 17 33 27.740  2.5   1
      856  26.789773  102.993498     6.351     5487.2   -17752.1      215.1    456.8    703.1    851.2 2022 10 22  4 14  5.820  2.5   1
      876  26.665214  102.971224    13.053     3276.3   -31553.4     6916.8    914.8    574.6    583.2 2022 10 23 20 56  3.260  2.5   1
      890  27.069434  103.136108     7.980    19634.2    13235.1     1843.9    707.7    635.9   1429.3 2022 10 24 17 41 37.760  3.5   1
      921  26.593620  103.078589     7.493    13954.8   -39486.3     1357.1    781.0    809.6    906.1 2022 10 29  4 17 17.520  2.3   1
      927  27.252026  102.974495     2.032     3592.4    33466.8    -4104.8    429.8    464.6    351.7 2022 10 29 16 37 59.780  2.9   1
      992  26.967666  103.069800     8.957    13059.6     1958.9     2820.7   3648.2    427.4   1001.9 2022 11  6  5 43 40.690  2.9   1
     1000  27.161766  103.040942    10.654    10185.2    23465.7     4517.7   5318.0   2998.0   2888.0 2022 11  7 14 44 27.860  3.0   1
     1037  27.023696  102.904565    15.206    -3345.8     8167.3     9069.3   2961.7   1570.8   1048.4 2022 11 21  1  6 48.740  4.6   1
     1056  27.124797  102.883154     6.840    -5468.8    19369.4      703.3    523.4    511.6   1093.1 2022 11 28 18 55 11.400  1.8   1
     1061  27.107220  102.819458     8.607   -11789.8    17422.1     2470.3   7610.2   8305.8   8284.6 2022 11 30 12 51 31.400  2.8   1
     1068  26.731399  103.091113     9.444    15191.2   -24220.0     3307.2    308.9    231.4    488.9 2022 12  4 21  3 17.040  1.6   1
     1104  26.870105  102.908700    10.097    -2937.8    -8851.1     3960.8    529.8    369.5    453.8 2023  1  1  1  2 48.170  2.7   1
     1108  26.870213  102.915869     9.547    -2225.3    -8839.1     3410.4   1340.3    717.5    659.3 2023  1  1  3 15  6.530  2.8   1
     1113  26.613544  102.991659    12.230     5308.6   -37278.8     6093.6    325.4    343.8    299.1 2023  1  1  5 59 15.820  2.3   1
     1138  26.979193  102.895321     4.330    -4264.3     3236.2    -1806.6    296.3    175.2    230.2 2023  1  1 14 39 51.220  0.3   1
     1148  26.917631  102.904451     8.265    -3358.6    -3584.9     2128.2    405.1    294.8    242.9 2023  1  1 17  9 12.760  2.5   1
     1150  26.930379  102.923641     7.701    -1452.7    -2172.5     1564.8    420.0    325.2    337.7 2023  1  1 17 54 31.060  2.5   1
     1157  27.293046  102.986523    14.362     4784.2    38011.9     8225.8    330.6    343.9    263.2 2023  1  1 19 49  5.560  3.5   1
     1158  27.046173  102.738745    14.700   -19804.7    10657.7     8563.5    783.7    828.2    728.4 2023  1  1 19 52 40.260  3.1   1
     1167  26.900285  102.926099    14.950    -1209.5    -5507.1     8813.7    768.2    596.1    563.6 2023  1  1 23 46  2.400  2.2   1
     1176  26.645357  102.876489    16.810    -6143.0   -33753.6    10673.4    203.1    256.1    211.2 2023  1  2  3 50 57.410  2.7   1
     1180  27.100382  102.919792     6.793    -1834.2    16664.3      656.4    939.0    588.2   1167.2 2023  1  2  7 38 34.340  3.9   1
     1190  26.484511  102.974821    14.287     3636.6   -51575.7     8151.0    694.4    629.9    670.5 2023  1  2 12 24  6.860  2.9   1
     1193  27.135474  103.126042    17.232    18629.9    20552.5    11095.6    976.8   1307.3   2088.9 2023  1  2 13 11 15.030  3.5   1
     1194  26.821096  102.941707    13.017      341.5   -14281.3     6880.8    341.8    319.3    375.3 2023  1  2 13 15 59.500  3.7   1
     1196  26.472561  102.976042    11.356     3757.9   -52900.0     5219.6    579.3    625.2    855.1 2023  1  2 13 51 42.270  3.6   1
     1198  26.992340  102.843896     5.635    -9369.7     4693.1     -501.8    300.9    448.2    563.4 2023  1  2 14 19 57.550  1.0   1
     1199  26.839480  102.927393    17.425    -1081.0   -12244.3    11289.0    687.5    517.3    444.0 2023  1  2 14 42 20.610  3.5   1
     1201  26.826817  102.941284    15.023      298.8   -13647.4     8887.1    565.8    545.3    435.4 2023  1  2 15 26 49.650  3.6   1
     1213  26.983628  102.899300     8.477    -3869.6     3727.7     2340.7    574.0    655.9    316.6 2023  1  2 20 38 12.040  2.4   1
     1214  26.979850  102.907552    20.509    -3050.1     3309.1    14372.5    323.6    374.4    399.5 2023  1  2 20 43 14.180  0.7   1
     1220  26.913796  102.944027    10.501      571.2    -4009.8     4365.1    526.7    619.9    692.4 2023  1  2 22 31 21.360  1.6   1
     1231  27.151267  102.844580     4.551    -9295.4    22302.5    -1585.6    743.4    784.5   1488.6 2023  1  3  3 32  1.810  4.9   1
     1233  27.102010  102.981445     8.051     4284.0    16844.8     1914.3    450.9    155.9    605.3 2023  1  3  3 48 43.310  3.1   1
     1248  27.125462  102.826400    12.797   -11100.2    19443.1     6660.1    467.0    284.4    474.1 2023  1  3 10 35 16.200  2.6   1
     1252  27.093011  102.897144    14.859    -4081.3    15847.6     8722.5    679.1    416.1    737.9 2023  1  3 12 47  7.960  3.2   1
     1266  27.178831  103.110701    15.326    17105.1    25356.7     9189.1    679.8    672.7    693.4 2023  1  3 16 18 35.630  3.5   1
     1270  27.111709  102.791602     1.324   -14554.1    17919.3    -4812.2    990.3    766.0   1201.5 2023  1  3 17  7 56.840  2.8   1
     1280  26.948940  102.995264     6.015     5659.2     -115.8     -121.6    418.4    362.8    662.6 2023  1  3 18 37 22.120  2.0   1
     1283  26.565619  103.027336    13.630     8858.4   -42588.9     7494.0    568.3    610.6    653.3 2023  1  3 19  7 30.080  3.1   1
     1304  27.111637  102.838843    12.674    -9866.6    17911.4     6537.5    547.8    325.8    389.2 2023  1  4  2 22 33.690  2.9   1
     1331  27.151251  102.869238     8.184    -6849.1    22300.8     2047.7    682.4    469.1    825.4 2023  1  4 14 29  2.600  2.2   1
     1334  26.703461  103.017057     3.644     7831.6   -27315.7    -2492.1   1059.6    620.0    858.4 2023  1  4 15 35 17.780  1.9   1
     1337  26.798476  102.959863    10.743     2145.3   -16787.6     4607.0    467.6    516.1    469.9 2023  1  4 16  0 43.930  1.9   1
     1338  26.979468  102.908610    22.546    -2945.0     3266.7    16409.9    459.5    486.9    315.8 2023  1  4 16 33 13.890  0.9   1
     1345  27.202677  102.870304    12.926    -6742.1    27998.8     6789.7    840.8    578.7    540.9 2023  1  4 18 10 21.920  2.2   1
     1347  26.858006  102.821273    10.759   -11622.8   -10191.7     4622.7    631.7    527.3    493.8 2023  1  4 18 46 41.840  3.5   1
     1350  26.850895  102.954736    14.056     1635.1   -10979.5     7919.7    315.1    248.2    288.5 2023  1  4 19 27 11.020  3.5   1
     1352  26.795636  102.928581    16.530     -962.8   -17102.4    10393.6   1216.7   1550.8   1218.1 2023  1  4 20  3 39.800  2.3   1
     1360  26.965139  102.928882     5.589     -932.2     1679.1     -547.6    509.9    377.5    639.4 2023  1  4 22 34  8.940  2.1   1
     1378  27.267456  102.972331     6.214     3376.8    35176.5       78.0   1010.8   1525.5    920.1 2023  1  5  8 54 25.770  1.9   1
     1386  26.905176  102.960327     7.492     2190.4    -4965.1     1355.6    517.6    757.3    374.4 2023  1  5 13 33 39.590  2.7   1
     1387  26.854810  102.952726     8.070     1435.5   -10545.7     1933.4    491.1    328.6    616.7 2023  1  5 13 36 43.040  3.8   1
     1394  27.174152  102.709749    14.094   -22670.1    24838.2     7957.4    420.7    536.9    545.8 2023  1  5 16 10 24.250  2.9   1
     1395  26.923201  102.909253     7.011    -2882.1    -2967.7      874.2    408.3    308.4    243.5 2023  1  5 16 58 37.710  3.2   1
     1402  26.813247  102.964160     9.655     2572.2   -15150.9     3518.7    480.3    489.8    405.7 2023  1  5 18 21 45.880  2.2   1
     1404  26.994338  102.805721     2.629   -13160.1     4914.4    -3507.3    368.4    395.1    581.5 2023  1  5 18 26 49.340  2.6   1
     1405  26.799746  102.973185    14.734     3469.1   -16647.0     8597.2    472.6    431.5    425.6 2023  1  5 18 48 23.160  3.0   1
     1406  26.975525  102.908976    19.351    -2908.7     2829.7    13214.8    212.2    337.3    542.4 2023  1  5 18 53 13.880  1.2   1
     1409  26.813676  102.969385     2.981     3091.6   -15103.6    -3155.6   1033.1    778.8   1871.4 2023  1  5 19  4  4.640  2.9   1
     1410  26.846438  102.946493     4.923      816.2   -11473.4    -1213.7    472.2    465.1    786.3 2023  1  5 19 19 20.860  2.6   1
     1411  26.922404  102.838330    10.773    -9925.4    -3056.0     4637.0    932.0   1227.7    870.4 2023  1  5 19 20 31.660  2.4   1
     1412  26.850663  102.942432     4.630      412.8   -11005.2    -1506.2    459.6    482.8   1181.2 2023  1  5 19 34 36.200  2.3   1
     1413  26.851304  102.919116    12.567    -1903.3   -10934.2     6430.6    555.5    403.2    362.3 2023  1  5 19 38 54.920  3.3   1
     1414  27.016276  102.913086    13.397    -2500.2     7345.2     7261.0    889.0    706.3    474.3 2023  1  5 19 41 40.220  2.8   1
     1417  26.851200  102.913045    13.969    -2506.0   -10945.6     7832.7    609.1    377.0    353.0 2023  1  5 19 57 22.800  2.6   1
     1424  27.002484  102.905851     6.196    -3219.1     5816.9       59.3    796.0    867.1    718.2 2023  1  5 21  2 21.260  3.1   1
     1425  26.829213  102.963298    14.514     2486.0   -13382.0     8377.6    484.1    403.1    426.2 2023  1  5 21  4 48.560  3.5   1
     1428  26.826383  102.967334    16.966     2887.6   -13695.4    10829.3    502.0    479.5    418.1 2023  1  5 21 57 36.580  5.6   1
     1431  26.833075  102.954948    10.920     1656.4   -12954.0     4783.5    298.3    230.4    356.9 2023  1  5 22  4  9.800  4.9   1
     1432  26.868854  102.862069     9.811    -7569.8    -8989.6     3674.4    780.1    684.5    760.6 2023  1  5 22  8 18.040  2.8   1
     1433  26.835844  102.944401    10.854      608.8   -12647.2     4717.6    406.0    365.8    384.9 2023  1  5 22 15 54.360  2.9   1
     1435  26.670852  102.999422    22.809     6079.7   -30928.8    16672.5    906.9   1045.2    255.9 2023  1  5 22 19 14.540  2.5   1
     1436  26.825596  102.955485    14.431     1710.4   -13782.8     8294.1    384.9    271.1    347.9 2023  1  5 22 21  5.480  5.6   1
     1439  26.854572  103.004102    14.635     6539.6   -10572.2     8499.1    728.2    647.5    731.1 2023  1  5 22 43 29.800  5.2   1
     1440  26.830198  102.961800    13.534     2337.1   -13272.7     7397.8    261.5    323.3    296.3 2023  1  5 22 45 17.520  4.8   1
     1441  26.837685  102.960522    12.317     2210.0   -12443.2     6180.6    264.4    212.4    279.7 2023  1  5 22 47 20.320  3.1   1
     1442  26.804828  102.914567    15.973    -2355.2   -16083.9     9836.2    959.9    699.5    626.8 2023  1  5 22 55 34.980  3.9   1
     1444  26.825500  102.968620    15.610     3015.0   -13793.2     9473.1    296.7    342.8    547.5 2023  1  5 23  2 29.760  3.2   1
     1445  26.835797  102.966805    12.153     2834.9   -12652.5     6016.2    305.3    265.4    373.1 2023  1  5 23  5 44.480  4.0   1
     1446  26.841705  102.951042    16.294     1268.4   -11997.8    10157.3    455.0    351.0    381.3 2023  1  5 23 11 18.480  3.4   1
     1448  26.818075  102.960189    14.645     2177.2   -14616.2     8508.7    296.7    266.2    310.6 2023  1  5 23 27 57.080  5.4   1
     1449  26.829921  102.929329     8.632     -888.9   -13303.5     2495.6    244.0    221.0    289.4 2023  1  5 23 33 36.320  3.2   1
     1450  26.816337  102.940934    15.656      264.6   -14808.6     9519.7    501.4    357.7    382.0 2023  1  5 23 38 26.920  3.7   1
     1451  26.842421  102.993791    17.144     5515.6   -11918.4    11007.8   1199.0    704.3    666.6 2023  1  6  0 11 42.800  3.5   1
     1461  26.841713  102.921037    11.592    -1712.1   -11996.9     5455.9   1345.2    559.6    635.6 2023  1  6  2  9 13.140  3.6   1
     1465  26.833799  102.961605    16.717     2318.0   -12873.8    10580.3    452.4    378.0    323.1 2023  1  6  2 50 22.410  5.9   1
     1466  26.812333  102.965869    11.356     2741.7   -15252.3     5219.7    639.2    804.0   1052.3 2023  1  6  2 56 23.490  3.5   1
     1467  26.836633  102.958309    12.099     1990.3   -12559.7     5962.6    321.5    274.9    274.5 2023  1  6  2 57  1.020  3.8   1
     1469  26.837882  102.952515    12.670     1415.0   -12421.3     6533.7    274.7    242.9    302.0 2023  1  6  3  0 59.270  3.6   1
     1470  26.828886  102.948812    13.151     1046.9   -13418.1     7014.5    265.3    229.2    321.9 2023  1  6  3 25  4.030  3.7   1
     1474  26.831748  102.952352    15.694     1399.1   -13100.9     9557.6    551.8    723.2    433.1 2023  1  6  3 41 32.280  3.4   1
     1478  26.818827  102.955949    15.960     1756.2   -14532.7     9823.6    870.0    560.5    599.6 2023  1  6  4 27  4.690  3.8   1
     1479  26.836560  102.960978    14.322     2256.1   -12567.8     8185.8    264.8    228.1    330.9 2023  1  6  4 27 46.330  3.9   1
     1480  26.826951  102.970605    13.425     3212.3   -13632.7     7288.6    286.0    310.1    342.3 2023  1  6  4 51 23.310  3.7   1
     1482  27.016892  103.058032    27.877    11888.3     7413.5    21740.7    937.2   1207.7    815.0 2023  1  6  5  4 13.620  3.5   1
     1489  26.810797  102.967334    11.846     2887.7   -15422.4     5709.4    345.6    534.9    414.4 2023  1  6  6  5 52.330  3.0   1
     1490  26.834424  102.957869    13.392     1946.8   -12804.5     7255.7    409.2    345.5    391.5 2023  1  6  6  8 33.500  3.0   1
     1491  26.844021  102.933447     8.155     -479.6   -11741.3     2018.1    256.2    220.9    281.4 2023  1  6  6 12 13.430  3.1   1
     1494  26.942832  102.844149    14.648    -9346.9     -792.6     8511.2    635.8    474.4    706.0 2023  1  6  7  0 26.850  3.4   1
     1496  26.834218  102.960522    13.674     2210.4   -12827.3     7537.5    263.2    240.0    338.3 2023  1  6  7 51  6.930  4.0   1
     1509  26.833695  102.982837    16.864     4427.7   -12885.3    10727.2    653.1    394.9    507.9 2023  1  6 11  5  1.410  3.2   1
     1510  26.972156  102.920158     8.381    -1798.4     2456.4     2244.1    395.8    466.8    365.3 2023  1  6 11 15 40.300  5.4   1
     1511  26.834304  102.962337    14.212     2390.7   -12817.9     8075.8    349.3    288.0    376.9 2023  1  6 11 24 59.760  3.7   1
     1520  26.833923  102.955322    14.372     1693.5   -12860.1     8235.6    408.6    346.1    386.5 2023  1  6 14 37 17.560  3.7   1
     1525  27.107186  102.790926    19.463   -14621.3    17418.1    13326.3    888.7    675.7    770.1 2023  1  6 15 51 55.290  3.3   1
     1529  27.098155  103.120402     2.224    18073.7    16417.5    -3912.6   1287.8    797.5   2978.3 2023  1  6 16  9 54.970  1.4   1
     1530  26.838035  102.943717    10.617      541.0   -12404.4     4480.6    730.3    480.1    628.6 2023  1  6 16 14 42.600  2.7   1
     1531  26.888438  102.934969     9.918     -327.8    -6819.7     3781.6    844.5   1173.3   1902.1 2023  1  6 16 35 36.810  2.5   1
     1538  26.791248  102.975293     8.059     3678.3   -17588.7     1922.3    272.5    428.7    567.6 2023  1  6 17  7 21.200  2.2   1
     1546  26.868648  102.882332     4.461    -5557.2    -9012.5    -1675.4    866.0    347.2    624.0 2023  1  6 18 53 36.500  2.2   1
     1548  26.981156  102.941976    11.820      367.4     3453.8     5683.5   1053.3    857.2    849.2 2023  1  6 19 28 33.340  2.8   1
     1551  26.825216  102.949219    13.249     1087.7   -13824.8     7112.9    303.9    285.6    358.1 2023  1  6 20 36  5.420  3.7   1
     1555  27.154976  102.840609     8.492    -9689.0    22713.6     2355.2    599.7    617.5    614.3 2023  1  6 21  7 33.880  4.9   1
     1558  26.829867  102.962939    13.175     2450.4   -13309.6     7038.8    295.2    282.5    310.8 2023  1  6 21 38 29.200  4.3   1
     1561  26.821804  102.968848    17.395     3037.4   -14203.0    11259.0    565.2    424.4    393.3 2023  1  6 22 13 55.780  4.5   1
     1566  26.822976  103.014526    13.592     7576.2   -14073.0     7455.2    841.6    667.5    710.2 2023  1  6 23 10 13.040  3.2   1
     1573  27.093441  102.979769     7.994     4117.8    15895.1     1858.1    462.8    156.5    789.5 2023  1  7  0 47 17.390  3.2   1
     1578  27.202433  102.838289     9.740    -9917.0    27971.9     3603.3    275.8    342.3    273.3 2023  1  7  2 53 57.070  2.2   1
     1584  26.939172  102.671338    12.433   -26508.0    -1198.2     6296.2    194.1    230.0    191.2 2023  1  7  5 10 35.680  2.9   1
     1587  26.808984  102.999878     2.326     6120.8   -15623.4    -3810.9    112.3    118.7    233.2 2023  1  7  6 59  0.730  3.5   1
     1598  26.842613  102.947298    15.149      896.7   -11897.1     9012.7    555.7    430.8    411.0 2023  1  7 11 38 45.550  3.3   1
     1603  27.304576  102.967611    15.159     2908.7    39289.4     9022.5    295.6    328.2    274.4 2023  1  7 14 10 41.150  2.8   1
     1607  26.963951  102.887826     8.565    -5008.7     1547.4     2428.7    632.6    506.2    379.2 2023  1  7 15 39 14.060  2.9   1
     1608  27.103522  102.865771    13.750    -7194.7    17012.2     7614.0    354.8    177.8    194.6 2023  1  7 15 40  8.830  4.2   1
     1611  26.840114  102.948698    14.319     1035.8   -12174.1     8182.9    319.2    318.6    367.1 2023  1  7 16 37 55.380  2.6   1
     1616  27.111953  102.822469     0.542   -11490.9    17946.3    -5593.9    349.2    565.4   1592.8 2023  1  7 18 24  7.060  2.5   1
     1620  26.814681  102.957528    12.493     1913.1   -14992.2     6356.2    340.6    418.8    366.5 2023  1  7 20 13  6.540  3.4   1
     1626  27.057151  102.674552     6.063   -26174.8    11874.3      -73.9    758.1   1110.8    723.0 2023  1  7 21 13 44.480  2.9   1
     1628  26.985763  102.993563    10.792     5489.7     3964.3     4655.1   1357.6   1310.9   1094.7 2023  1  7 22 20 54.920  2.8   1
     1635  26.988271  102.908651    10.446    -2940.9     4242.1     4310.1    776.5    533.5    480.0 2023  1  8  2 20 23.170  3.0   1
     1638  26.479256  102.909611    13.341    -2851.9   -52158.0     7204.9   1508.5   1333.9   1763.0 2023  1  8  2 44 31.880  3.3   1
     1643  26.788393  102.962866     9.080     2443.7   -17904.9     2943.9    344.5    444.2    749.2 2023  1  8  4 44 11.920  2.7   1
     1644  26.837651  102.946322    13.451      799.9   -12447.1     7314.9    277.1    268.7    364.7 2023  1  8  5 28 16.570  3.7   1
     1646  26.849925  102.870215    10.068    -6760.9   -11087.1     3931.7    983.1   1077.3   1042.7 2023  1  8  5 59 42.990  5.1   1
     1651  27.024721  102.885693     7.719    -5219.5     8280.9     1583.1   1049.7    941.2    969.0 2023  1  8  7  1 45.160  3.4   1
     1652  26.830467  102.968726    12.949     3025.8   -13243.1     6812.9    667.2    575.8    546.3 2023  1  8  7 43 55.900  3.2   1
     1653  26.836407  102.952189    14.129     1382.1   -12584.8     7992.3    260.8    247.2    302.1 2023  1  8  9 21  3.240  3.7   1
     1655  27.028916  102.794002    13.237   -14321.2     8745.7     7100.4    869.6    648.6    973.8 2023  1  8  9 44 14.220  3.2   1
     1657  27.131496  102.869873    12.861    -6786.3    20111.9     6725.0    719.5    404.8    515.0 2023  1  8 10 34 34.150  4.5   1
     1659  27.146541  102.771663    11.307   -16529.5    21778.9     5170.3   4558.5   5679.6   5973.0 2023  1  8 11  7 30.660  2.9   1
     1662  26.832237  102.948096    12.985      975.5   -13046.8     6848.4    273.2    196.6    386.0 2023  1  8 12 18 53.450  3.6   1
     1674  26.516528  103.019458    11.269     8076.6   -48028.2     5132.2    959.1    977.8   1608.2 2023  1  8 16 58 43.770  3.5   1
     1675  26.830827  102.951302    11.207     1294.3   -13203.1     5070.9    287.9    278.9    369.7 2023  1  8 17  5 43.960  3.1   1
     1678  26.683181  102.997184    13.965     5857.1   -29562.8     7828.7    493.3    300.4    407.6 2023  1  8 18  3 48.840  3.2   1
     1679  26.920508  102.971086    19.020     3258.9    -3266.3    12883.8    165.6    343.3    208.1 2023  1  8 18 10 39.480  2.5   1
     1688  26.827443  102.959375    14.233     2096.8   -13578.1     8096.1    306.3    317.3    355.1 2023  1  8 20 59 20.120  3.0   1
     1690  26.992712  102.903955    16.058    -3407.2     4734.1     9922.0   2594.7   1857.8   1602.1 2023  1  8 21 29 31.160  2.8   1
     1691  26.935028  102.860295    12.095    -7744.0    -1657.3     5958.4    617.6    512.5    493.4 2023  1  8 21 39 13.640  3.3   1
     1692  26.937390  102.869360    12.550    -6843.6    -1395.6     6413.4    589.8    449.0    403.2 2023  1  8 21 47 29.700  3.2   1
     1694  26.510718  102.994320    10.597     5575.8   -48672.1     4460.7    701.6    839.7   1081.7 2023  1  8 22 47 19.760  4.4   1
     1696  26.892700  102.926880    10.749    -1131.8    -6347.3     4612.4    366.1    340.4    422.0 2023  1  9  1  2 25.250  3.1   1
     1703  27.213277  103.012956    11.941     7407.6    29173.3     5804.8    559.9    471.4    546.7 2023  1  9  5 52  9.980  4.2   1
     1709  26.740653  102.966707    11.453     2826.1   -23194.6     5316.5   1096.9   1346.6   1304.5 2023  1  9  7  7 25.610  3.3   1
     1719  26.883787  102.942611     9.484      430.8    -7335.0     3348.0    546.7    353.2    424.2 2023  1  9 16  6 17.470  3.2   1
     1720  26.877352  102.943188    10.395      488.4    -8048.0     4259.1    414.3    323.8    390.3 2023  1  9 16 14 24.770  3.0   1
     1721  26.874821  102.942147     9.412      384.4    -8328.4     3275.1    394.2    334.6    350.4 2023  1  9 16 39 28.720  3.0   1
     1722  26.872361  102.959847    14.654     2142.9    -8601.1     8517.5    573.6    452.7   1046.4 2023  1  9 16 57 16.400  4.2   1
     1723  26.627555  103.029272    19.599     9049.0   -35726.1    13463.0   1438.5   1923.6   1560.5 2023  1  9 17 10 38.240  3.9   1
     1726  26.882196  103.024268    11.852     8541.5    -7511.4     5715.6    594.3    956.2    553.3 2023  1  9 18 14 29.100  2.3   1
     1727  26.883893  102.961141    10.753     2271.8    -7323.2     4617.1    466.3    399.1    476.5 2023  1  9 19  8 37.980  2.9   1
     1729  26.962069  102.913184     4.453    -2490.9     1338.9    -1683.8    688.1    491.5    753.5 2023  1  9 19 18 43.680  2.5   1
     1730  26.863393  102.950407     7.605     1205.0    -9594.6     1468.3    552.9    400.8    505.4 2023  1  9 19 27 32.440  2.9   1
     1731  26.936485  102.885295    11.154    -5261.0    -1495.8     5017.9    437.5    441.7    451.5 2023  1  9 19 36  8.060  2.9   1
     1732  26.877627  102.946948    10.490      861.7    -8017.6     4353.1    378.3    275.4    355.3 2023  1  9 20 35 17.380  4.9   1
     1733  26.883506  102.946110    10.725      778.6    -7366.0     4588.5    349.1    318.1    403.8 2023  1  9 20 39 20.860  3.4   1
     1734  26.876978  102.944897     8.716      658.1    -8089.6     2579.9    476.8    309.7    401.4 2023  1  9 21 45  5.440  3.0   1
     1737  26.884975  102.943522    10.698      521.4    -7203.4     4561.9    365.1    329.6    317.8 2023  1  9 22  7  4.500  3.6   1
     1738  26.882959  102.943848    11.821      553.5    -7426.8     5684.3    598.9    527.1    552.7 2023  1  9 22 12 25.440  3.7   1
     1742  27.036576  102.827922    11.240   -10953.9     9594.4     5103.6    650.9    724.9    598.3 2023  1  9 23 27  6.800  3.3   1
     1748  26.883490  102.941463    10.439      317.1    -7367.9     4302.2    375.6    375.5    374.5 2023  1 10  1 44 54.780  2.7   1
     1752  26.910164  102.938672     7.826       39.6    -4412.3     1689.4    553.1    647.1   1063.6 2023  1 10  4 13  0.530  2.8   1
     1757  27.111857  102.855078     9.828    -8255.5    17935.8     3691.8   2298.3   1980.9   3112.1 2023  1 10  6 47 57.870  3.4   1
     1760  27.022083  102.792187     3.803   -14501.3     7988.4    -2333.3    337.5    524.4    690.2 2023  1 10  7 20 18.320  3.0   1
     1765  26.986361  102.862402     7.927    -7532.6     4030.5     1790.2    425.3    296.6    434.4 2023  1 10  8 19 50.520  3.9   1
     1770  26.869979  102.924064     7.543    -1411.2    -8865.1     1406.8    640.1    561.9    556.7 2023  1 10  9 51  7.700  3.4   1
     1778  26.867674  102.949032    18.928     1068.4    -9120.5    12791.7   1010.6    697.8    563.3 2023  1 10 13 34 23.820  3.4   1
     1779  26.848346  102.926628    11.244    -1157.3   -11262.0     5107.1    551.9    437.1    504.5 2023  1 10 13 36 48.280  3.4   1
     1780  26.875718  102.937980     8.090      -29.1    -8229.1     1953.7    476.9    661.6    899.7 2023  1 10 14 22  2.390  2.8   1
     1781  26.827187  102.953589    11.312     1521.4   -13606.3     5176.0    451.3    382.4    403.3 2023  1 10 15  7 20.700  2.9   1
     1783  26.857259  102.925203    15.435    -1298.3   -10274.5     9298.6    440.6    398.5    351.9 2023  1 10 15 13 25.930  3.7   1
     1785  26.849646  102.934302    12.243     -394.4   -11117.9     6106.9    470.4    622.5    547.1 2023  1 10 16 19 19.210  2.9   1
     1790  26.973997  102.921330     6.025    -1682.2     2660.4     -111.8    392.6    332.0    387.9 2023  1 10 18 32 50.840  2.7   1
     1802  26.358105  103.042326    20.944    10359.2   -65581.8    14807.5    280.6    291.4    268.9 2023  1 10 21 28 35.140  3.3   1
     1805  27.119246  102.810677     9.021   -12660.6    18754.4     2884.3    656.9    417.5    648.3 2023  1 10 22 46 21.860  3.2   1
     1810  26.848311  102.936808    15.621     -145.2   -11265.9     9484.4    474.3    397.7    299.9 2023  1 11  0  7 17.780  3.6   1
     1812  26.953188  102.906396     8.917    -3165.3      354.9     2781.1    523.5    484.3    249.2 2023  1 11  0 36  5.800  2.7   1
     1820  26.841630  102.918978    11.140    -1917.1   -12006.1     5003.9    749.2    725.1    809.8 2023  1 11  4 17  3.990  2.8   1
     1823  27.110763  102.834196    14.356   -10327.2    17814.6     8219.6    377.4    224.1    278.6 2023  1 11  4 48 26.140  4.3   1
     1828  27.137461  102.809229    11.592   -12803.7    20772.7     5455.4   7939.2   7312.7   7605.8 2023  1 11  7 16 53.220  3.3   1
     1846  26.877570  102.933968    11.701     -427.5    -8023.9     5564.2    435.0    376.0    296.8 2023  1 11 12 40 18.140  3.3   1
     1847  27.102523  102.856820    13.092    -8082.6    16901.5     6955.6    376.6    190.4    296.1 2023  1 11 12 47 56.460  2.5   1
     1855  26.881091  102.940446    10.218      216.2    -7633.8     4082.0    424.9    352.1    320.1 2023  1 11 15 39  2.760  3.5   1
     1862  26.888357  102.941276     9.954      298.6    -6828.8     3817.5    477.6    467.6    281.5 2023  1 11 18 31 49.400  3.0   1
     1868  26.874257  102.949504    19.893     1115.9    -8390.8    13756.6   1193.7   1057.9    694.0 2023  1 11 20 35 25.940  2.9   1
     1878  27.027732  102.794515    17.577   -14270.1     8614.5    11440.5    666.2    566.8    560.9 2023  1 12  1 42  2.140  3.9   1
     1884  27.105082  102.871501    16.661    -6625.7    17185.0    10524.4    727.9    494.8    636.9 2023  1 12  6 25 51.630  6.0   1
     1885  27.116512  102.797925    14.685   -13926.3    18451.5     8549.1    448.4    263.0    340.2 2023  1 12  6 36 45.960  5.0   1
     1893  26.997180  102.906380     2.351    -3166.6     5229.2    -3785.1    810.6    873.0    663.5 2023  1 12  9 17 59.720  2.8   1
     1895  27.080074  102.921973    18.050    -1617.4    14414.2    11913.7   1125.1    825.0    767.6 2023  1 12  9 24 17.860  3.9   1
     1897  27.020593  102.859953     6.606    -7774.3     7823.5      469.5    406.1    917.4    686.2 2023  1 12  9 59 56.900  2.5   1
     1898  27.118105  102.809269    13.385   -12800.3    18628.2     7248.7    472.2    286.8    292.7 2023  1 12 11  0 25.500  4.2   1
     1912  27.095546  102.806942    18.534   -13032.7    16128.4    12397.7    809.1    546.1    677.1 2023  1 12 18 39  9.000  3.1   1
     1920  26.862665  103.008626     8.423     6988.9    -9675.3     2286.8    631.1    567.8    912.1 2023  1 12 20 14 58.940  2.5   1
     1923  27.115599  102.817074    13.484   -12026.0    18350.3     7347.2    403.0    235.1    399.4 2023  1 12 21 27 16.860  4.8   1
     1924  27.121696  102.816154    11.811   -12117.2    19026.0     5674.6    513.0    283.6    465.2 2023  1 12 22 30 23.240  3.9   1
     1925  26.894694  102.940177     6.301      189.4    -6126.5      164.4    575.8    719.2    448.1 2023  1 12 22 42 18.720  2.7   1
     1926  27.106067  102.821549    14.616   -11582.6    17294.3     8479.8    497.7    294.1    307.4 2023  1 12 22 45 29.160  3.7   1
     1928  27.098045  102.864404    13.532    -7330.4    16405.4     7395.2    503.9    262.3    276.2 2023  1 13  0  2  4.850  3.5   1
     1932  26.954433  102.802686    15.271   -13463.5      492.8     9134.7   1046.8    712.5    934.4 2023  1 13  1 21 27.390  3.5   1
     1934  27.105859  102.861296    12.191    -7638.3    17271.3     6054.4    290.2    225.6    264.9 2023  1 13  1 42 41.480  3.2   1
     1937  26.885822  102.827726     5.723   -10980.5    -7109.5     -413.7   2427.6    645.1   1544.1 2023  1 13  2 33 16.350  1.8   1
     1938  27.161534  103.070662    13.056    13134.0    23440.2     6919.3   1369.8   1141.8   1112.9 2023  1 13  2 33 38.280  3.0   1
     1941  26.828717  102.976416    10.961     3789.8   -13436.9     4824.5    349.6    234.5    359.8 2023  1 13  5 13  5.790  3.6   1
     1947  27.112311  102.823283    14.340   -11410.0    17986.1     8203.8    295.5    231.5    426.8 2023  1 13  9 37 46.380  2.8   1
     1948  27.110706  102.856006    14.349    -8163.6    17808.1     8212.1    290.0    211.1    160.7 2023  1 13  9 48 48.310  3.4   1
     1951  26.583189  103.068644     9.073    12966.4   -40642.0     2936.8    536.0    560.4    623.9 2023  1 13 10 14 16.080  2.4   1
     1957  27.114862  102.828914    10.329   -10851.2    18268.6     4193.0    356.8    206.4    362.6 2023  1 13 11 23 47.790  3.1   1
     1960  26.876408  103.072697     6.441    13352.5    -8152.7      304.6    184.1    327.3    336.2 2023  1 13 12  0 12.650  2.8   1
     1961  27.097119  102.896118    14.534    -4182.9    16302.7     8397.2    607.9    312.6    675.3 2023  1 13 12  4 18.040  2.8   1
     1962  27.120209  102.902230    10.109    -3576.3    18861.2     3972.2   1236.9    704.5    844.4 2023  1 13 12 33 23.730  4.1   1
     1965  27.105684  102.813257    12.910   -12405.8    17251.8     6774.0    296.0    236.5    323.0 2023  1 13 13 55 47.290  3.4   1
     1968  27.093923  102.909253    17.024    -2880.1    15948.5    10887.8    652.4    385.1    508.6 2023  1 13 14 55 59.380  2.5   1
     1975  27.120435  102.829622    12.225   -10780.9    18886.2     6088.4    913.4    593.6    512.8 2023  1 13 17 40 58.040  2.8   1
     1981  27.158592  103.130770     7.602    19097.5    23114.1     1465.2    609.6    670.4   1449.8 2023  1 13 18 35 34.340  3.6   1
     1983  27.099674  102.871338    13.159    -6642.0    16585.9     7023.0    435.2    232.0    312.9 2023  1 13 18 44 10.720  3.2   1
     1986  27.094383  102.953833     6.617     1544.5    15999.6      480.3    232.4    129.9    211.9 2023  1 13 20 24 47.360  2.4   1
     1987  27.123102  102.799007     8.633   -13818.8    19181.6     2497.0    663.4    569.4    733.1 2023  1 13 20 28 56.680  3.1   1
     1999  26.785130  102.975545    13.391     3704.1   -18266.4     7255.0    506.4    568.7    468.1 2023  1 14  2  9 10.410  3.6   1
     2002  26.785919  102.979777    15.023     4124.0   -18179.0     8886.7    546.7    576.1    453.9 2023  1 14  2 13 49.160  3.6   1
     2006  27.103703  102.841260    16.158    -9626.9    17032.4    10021.4    683.9    659.6   1118.3 2023  1 14  4 22 24.510  3.2   1
     2008  26.857676  102.855086     5.082    -8263.3   -10228.1    -1054.3    657.0    510.2    855.1 2023  1 14  5 22 43.770  2.9   1
     2014  26.879567  102.924626     9.064    -1355.7    -7802.4     2927.6    448.5    333.4    359.6 2023  1 14  8 57 20.990  2.8   1
     2026  26.973665  102.984757     8.388     4615.7     2623.7     2251.5    587.6    596.3    800.1 2023  1 14 13 17 19.210  2.6   1
     2031  26.860207  102.915918    12.189    -2221.0    -9947.7     6052.6    666.2    468.8    324.6 2023  1 14 14 35  3.700  3.0   1
     2032  26.875667  102.850171     9.369    -8751.0    -8234.7     3232.6   1356.7   1267.8   1315.0 2023  1 14 14 39 41.820  3.4   1
     2044  26.939264  102.905054     6.229    -3298.9    -1188.0       92.6    373.6    354.8    330.3 2023  1 14 16 43 43.950  2.8   1
     2045  26.939333  102.882064    10.686    -5582.0    -1180.4     4549.8    625.9    484.1    740.1 2023  1 14 17  1 56.200  2.9   1
     2051  27.030886  102.853809     3.681    -8384.3     8963.8    -2455.5   1613.0   1074.0   1582.3 2023  1 14 20 43 41.180  3.5   1
     2057  26.953847  102.920711     7.707    -1744.0      427.9     1570.3    402.1    383.3    411.4 2023  1 14 21 31 33.240  2.7   1
     2060  27.214083  102.858415     5.759    -7921.0    29262.7     -377.7    388.4    315.0    416.7 2023  1 14 21 48 47.400  1.9   1
     2063  27.104907  102.821151    10.563   -11622.2    17165.6     4426.6    575.1    339.0    490.0 2023  1 14 23 36 57.880  3.7   1
     2072  27.049441  102.676725     8.657   -25960.2    11019.9     2520.4    865.3   1539.6    672.9 2023  1 15  1 56 54.790  3.0   1
     2077  27.064889  103.138542    11.586    19876.2    12731.5     5449.9    605.0    791.4   1020.0 2023  1 15  3  5 26.790  3.6   1
     2079  26.859269  102.994482     7.026     5583.5   -10051.7      889.4   2315.0   1257.2   2448.3 2023  1 15  4  0 31.110  3.1   1
     2084  27.055916  102.989233     4.812     5057.8    11737.4    -1324.5    325.0    254.8    678.2 2023  1 15  5 40 13.010  2.7   1
     2105  26.747268  102.754281     1.769   -18286.9   -22461.7    -4367.6    371.2    177.6    204.0 2023  1 15 13 25 48.110  1.9   1
     2116  27.180241  102.995068     1.718     5633.9    25512.8    -4418.1   1829.9    797.6   1510.1 2023  1 15 16 30 19.120  2.8   1
     2119  27.109619  102.833268    13.820   -10419.8    17687.7     7683.4    408.2    241.6    350.4 2023  1 15 17 11  5.080  3.8   1
     2120  26.844108  102.917757     9.555    -2038.3   -11731.5     3418.1   1157.4    691.5    505.8 2023  1 15 17 24 37.540  2.8   1
     2121  26.895850  102.844718     6.856    -9292.1    -5998.4      719.3   1934.1   1805.5   2238.5 2023  1 15 17 27 46.360  2.8   1
     2124  26.638501  103.000391    10.475     6176.7   -34513.3     4338.8    338.9    170.5    563.1 2023  1 15 18 44 18.460  2.7   1
     2127  26.915995  102.955802    19.389     1740.8    -3766.3    13253.1    929.4    967.6    525.1 2023  1 15 19 40 19.120  3.1   1
     2145  26.846031  102.860295    10.258    -7746.5   -11518.6     4122.0   1197.8   1067.2    967.6 2023  1 15 23 22 58.340  2.6   1
     2149  26.893284  103.126571     7.460    18702.5    -6282.8     1323.3    256.8    478.0    384.5 2023  1 15 23 45 28.480  3.5   1
     2153  26.839506  102.953524    13.051     1515.0   -12241.4     6915.1    266.3    242.3    290.6 2023  1 16  2 13 26.450  3.6   1
     2158  27.045939  103.040519    30.519    10149.0    10631.9    24382.3    958.2   1178.7    814.2 2023  1 16  4 10 57.510  4.7   1
     2171  26.979376  102.988403     5.466     4977.0     3256.6     -670.2    952.3    510.7    804.5 2023  1 16  8 21 20.280  3.6   1
     2172  26.967362  102.972396     5.817     3388.3     1925.3     -319.6    912.3    502.8    619.2 2023  1 16  8 34  0.500  3.8   1
     2173  26.856647  102.944580    11.382      626.7   -10342.3     5245.7    503.6    350.5    372.7 2023  1 16  8 53 26.520  3.6   1
     2175  26.851404  102.968994    15.277     3052.0   -10923.0     9140.7    423.3    499.4    576.3 2023  1 16  8 58 50.730  3.3   1
     2180  26.843490  102.941317     4.577      302.1   -11800.1    -1559.8    475.5    489.3    691.6 2023  1 16 10 14 47.540  2.7   1
     2195  26.837366  102.983382    12.722     4481.1   -12478.5     6586.1    613.5    380.7    443.0 2023  1 16 16  3 18.920  3.4   1
     2198  26.974864  102.922811     8.232    -1534.8     2756.5     2095.1    389.6    417.0    377.1 2023  1 16 16 16 44.450  3.2   1
     2199  26.967336  102.938135     8.533      -13.8     1922.5     2396.9    413.2    431.2    344.2 2023  1 16 16 20  5.830  3.0   1
     2208  26.843907  102.912524    11.299    -2558.2   -11753.8     5162.9    820.0    783.6    688.3 2023  1 16 18 25 35.240  3.2   1
     2212  27.094830  102.895614    15.263    -4233.1    16049.3     9127.0   1281.8    755.8    720.0 2023  1 16 19  2 17.180  2.7   1
     2219  26.983895  102.819572     6.680   -11784.8     3757.1      543.8    594.2    631.6    734.9 2023  1 16 21  1 28.460  2.8   1
     2224  26.657300  102.908179    16.791    -2992.1   -32430.4    10654.7    214.1    202.4    161.5 2023  1 16 21 49 53.100  1.1   1
     2230  26.880566  103.045410     9.891    10641.9    -7691.8     3754.4    175.5    214.0    170.2 2023  1 16 23  4  7.160  2.5   1
     2231  26.580300  102.961174     7.865     2277.3   -40962.1     1728.2    436.8    570.5    913.1 2023  1 16 23 51 20.800  2.3   1
     2234  27.207060  102.842773     4.481    -9472.6    28484.5    -1655.1    398.4    291.1    344.9 2023  1 17  2  7 35.770  3.1   1
     2248  26.561910  103.068726    13.080    12975.8   -42999.7     6943.3    621.3    588.9    577.1 2023  1 17  7 15 21.930  4.3   1
     2255  27.190218  103.128532    15.091    18872.8    26618.4     8954.8    899.1   1617.1    833.3 2023  1 17  9 14 52.110  3.4   1
     2264  27.119242  102.823372     5.914   -11400.8    18754.2     -222.9   1035.9    603.0    944.8 2023  1 17 12 11 25.270  2.8   1
     2266  27.140019  102.873844     9.180    -6392.1    21056.2     3043.5    400.5    322.5    467.1 2023  1 17 12 36 10.780  3.7   1
     2269  27.117320  102.878621     5.831    -5918.7    18541.0     -305.2    742.3    450.4    868.3 2023  1 17 12 55 13.130  3.6   1
     2271  26.777985  103.118140     7.950    17874.2   -19058.2     1814.0    606.0    344.4    640.2 2023  1 17 13 44 12.520  1.0   1
     2275  27.090574  102.737166    11.736   -19957.6    15577.7     5600.0    967.3   1050.6   1275.6 2023  1 17 14 23 48.860  2.8   1
     2281  27.066229  103.045280    11.104    10620.5    12880.2     4967.6    605.6    337.9    695.1 2023  1 17 15 29  9.270  3.3   1
     2286  26.836127  102.942611     7.358      431.3   -12615.8     1221.6   1013.4    820.0   1073.8 2023  1 17 16  1 33.800  2.9   1
     2293  26.826188  102.968172     8.444     2970.8   -13717.1     2307.2    913.6    314.3   1028.2 2023  1 17 18 26 33.720  2.6   1
     2296  26.981628  103.103638    16.962    16418.2     3506.1    10825.5    747.2    668.5   1651.2 2023  1 17 19 11 52.580  3.0   1
     2298  26.889333  102.883325     7.057    -5458.1    -6720.4      920.7   1330.9    939.1    957.0 2023  1 17 19 20 34.640  2.7   1
     2302  27.078231  102.917228     8.061    -2088.5    14209.8     1924.4    889.0    540.5    770.0 2023  1 17 20 12 10.240  3.8   1
     2303  27.132487  102.823470     4.616   -11390.9    20221.6    -1520.6   1113.0    661.7   2060.0 2023  1 17 20 19  3.620  2.4   1
     2304  26.953123  102.909904     3.107    -2817.3      347.5    -3029.1    336.5    482.4    586.5 2023  1 17 20 37 19.900  1.9   1
     2305  27.040104  102.837061     7.410   -10046.3     9985.3     1274.0    874.5    805.1   1170.8 2023  1 17 20 43 35.940  3.1   1
     2306  26.905107  102.897257    10.217    -4073.6    -4972.6     4080.1    742.5    697.6    664.0 2023  1 17 20 57  4.440  2.7   1
     2311  27.077972  102.869743    12.904    -6800.8    14181.2     6767.3   1165.5    516.2   1017.7 2023  1 17 21 24 35.720  2.9   1
     2330  26.754181  103.036849    17.452     9796.7   -21695.7    11315.3    890.4    397.9    447.6 2023  1 18  2 58 19.520  3.0   1
     2348  26.998946  102.875562     6.130    -6226.0     5424.9       -6.8    647.7    475.0    437.8 2023  1 18  7 22 51.730  3.2   1
     2369  27.037193  103.040283    13.785    10125.6     9662.8     7648.3    889.7    745.6    968.1 2023  1 18 14 19 31.340  3.3   1
     2376  27.125621  102.970166    10.621     3164.8    19460.9     4485.3   1563.9    989.1   1147.8 2023  1 18 17 49 34.480  2.6   1
     2380  27.100387  102.889136     7.492    -4875.9    16664.8     1355.2   1062.7    639.8   1316.2 2023  1 18 19 33 20.760  3.7   1
     2385  27.033215  102.815259    12.140   -12210.3     9222.0     6004.1    542.0    524.3    495.9 2023  1 18 21 12 59.400  3.2   1
     2392  26.810811  102.990389     7.868     5178.5   -15420.9     1731.1    563.8    734.2   1254.8 2023  1 19  0  3 55.730  2.0   1
     2402  26.879480  103.127384     6.891    18784.6    -7812.3      755.0    455.7    541.7    403.0 2023  1 19  3 45  0.380  2.3   1
     2409  26.955562  102.989396     6.556     5076.2      618.0      419.8    389.7    614.6    405.9 2023  1 19  5 13 45.370  2.7   1
     2411  27.028363  102.812638    17.513   -12470.7     8684.4    11376.9    887.4    676.9    670.7 2023  1 19  6 10  5.170  3.6   1
     2416  26.897135  102.940975    23.602      268.6    -5855.9    17465.3    642.0    510.0    591.9 2023  1 19  9 27 46.410  3.5   1
     2417  26.965285  103.013932     9.911     7512.0     1695.2     3774.7    901.3    434.4    689.5 2023  1 19  9 28 27.870  4.3   1
     2420  27.120949  102.785921     4.251   -15117.2    18943.3    -1884.7    882.8    538.0   1341.8 2023  1 19  9 44 51.830  3.6   1
     2433  26.961011  102.902824     8.274    -3519.6     1221.5     2137.9    622.9    521.9    503.1 2023  1 19 15 25 10.090  3.6   1
     2440  26.992806  102.808089    11.976   -12924.4     4744.5     5839.6    544.0    510.5    542.6 2023  1 19 17 50  8.560  3.1   1
     2443  26.573556  103.042537    13.056    10370.6   -41709.4     6920.6    403.4    298.8    360.5 2023  1 19 18 37 36.240  3.7   1
     2447  26.860783  102.944824    11.804      650.7    -9883.9     5667.6    405.0    358.3    281.8 2023  1 19 22  6 22.960  3.6   1
     2451  26.859371  102.941423    10.835      312.7   -10040.5     4698.6    606.8    469.0    537.2 2023  1 19 22 42 21.840  3.2   1
     2453  26.932058  102.678027    12.217   -25844.2    -1986.4     6080.3    199.0    220.4    192.8 2023  1 19 23 53 15.560  1.7   1
     2454  27.275358  102.972209     4.761     3365.2    36052.1    -1374.9    829.4   1151.4    853.3 2023  1 20  1  0 26.460  2.1   1
     2456  26.836619  102.891064    14.124    -4689.9   -12561.4     7987.3   1181.1    942.0    456.2 2023  1 20  5 12 16.740  3.1   1
     2463  26.988715  102.812134    13.756   -12523.8     4291.2     7619.7    552.7    525.9    601.6 2023  1 20  8 24  0.370  3.4   1
     2465  26.978984  102.941943    13.514      364.1     3213.1     7377.9   3692.7   2157.7   3617.6 2023  1 20 11 54 14.840  3.6   1
     2473  26.992765  102.814266     6.963   -12311.7     4740.2      827.1    530.8    601.9    642.6 2023  1 20 16 10 14.250  2.5   1
     2476  26.937557  102.886165     8.028    -5174.9    -1377.1     1891.9    762.0    993.0    909.3 2023  1 20 16 16 38.180  3.5   1
     2478  26.661007  103.020402    22.928     8166.0   -32019.6    16791.2    907.1   1029.4    251.1 2023  1 20 16 38 23.100  3.6   1
     2480  26.912779  102.936759    13.271     -150.2    -4122.6     7134.2   1304.5    804.3    947.8 2023  1 20 16 55 36.370  2.9   1
     2487  26.977734  102.897616    20.828    -4036.5     3074.6    14692.0    621.4    371.9    545.2 2023  1 20 18 16 42.820  3.0   1
     2488  27.028422  102.785815    11.307   -15133.5     8690.9     5170.5   1025.4   1115.6    940.6 2023  1 20 18 41 40.800  3.3   1
     2489  26.991042  102.952246     2.638     1387.3     4549.1    -3498.3    738.3    678.2   1100.3 2023  1 20 18 54  6.520  2.6   1
     2490  27.113670  102.817635    14.206   -11970.9    18136.7     8069.5    456.3    278.3    445.6 2023  1 20 19  7 17.640  3.4   1
     2493  27.090574  102.918823    10.981    -1929.8    15577.5     4844.8   1450.0    744.2    637.3 2023  1 20 19 53 46.680  3.6   1
     2497  26.941376  102.885254     9.228    -5264.8     -953.9     3092.0    387.4    438.3    450.0 2023  1 20 20 25  2.480  2.8   1
     2498  26.672479  103.007666    16.940     6899.0   -30748.4    10803.2    643.8    741.1    757.8 2023  1 20 20 30 24.560  3.0   1
     2499  26.732906  102.897868    13.885    -4016.1   -24053.1     7749.1    154.6    312.6    274.1 2023  1 20 20 43 15.000  1.3   1
     2508  27.064223  102.786694    13.224   -15043.9    12657.8     7087.1    881.0   1034.7    920.9 2023  1 20 21 58 54.200  3.0   1
     2510  27.033832  102.810018    14.259   -12731.2     9290.5     8123.0    535.3    630.7    439.3 2023  1 20 22 18 27.080  4.1   1
     2528  26.744472  102.982511     7.230     4397.0   -22771.4     1093.4    674.5    729.9    676.8 2023  1 21 14 55 16.830  2.8   1
     2534  26.757751  103.066813    11.560    12774.3   -21300.1     5423.5   1886.2    245.2    348.0 2023  1 21 18 53 25.520  2.8   1
     2536  27.190784  102.996110     3.203     5736.7    26681.1    -2933.3   1211.2   1308.3   2227.3 2023  1 21 18 58 16.340  1.9   1
     2537  26.978184  102.798991    14.722   -13828.7     3124.5     8585.5    689.0    621.3    605.7 2023  1 21 19 43 34.100  3.3   1
     2543  26.981948  102.837516    14.665   -10004.0     3541.5     8528.3    709.1    556.8    559.6 2023  1 21 23 20 39.120  2.4   1
     2545  26.974477  102.759115    11.295   -17788.7     2713.8     5158.6   1301.7    853.8   1430.4 2023  1 21 23 34 46.280  3.4   1
     2557  27.019375  102.869857    10.442    -6791.8     7688.5     4305.9   1101.3    697.6    736.2 2023  1 22  4 54  9.810  3.5   1
     2561  26.860895  102.845296     7.615    -9235.8    -9871.5     1479.0    699.8    487.6    580.3 2023  1 22  5 44 11.220  2.9   1
     2570  27.105143  102.870280     9.848    -6747.3    17191.9     3711.4    812.9    483.0    596.7 2023  1 22 12 31 33.520  3.8   1
     2576  26.841050  102.907080    13.381    -3098.9   -12070.2     7244.8    622.1    343.6    461.8 2023  1 22 14 38 34.180  3.1   1
     2587  26.970176  103.004370    26.854     6562.8     2237.1    20717.7   2943.3   2504.6   1984.7 2023  1 22 18 20 47.680  2.6   1
     2590  27.128953  102.848348    11.497    -8922.2    19830.0     5361.1    788.4    499.4    663.9 2023  1 22 18 43 58.660  3.3   1
     2595  26.924803  102.933651    11.413     -458.7    -2790.3     5276.4    908.2    539.1    670.2 2023  1 22 20 25 59.880  2.7   1
     2597  27.082587  102.891602     7.887    -4631.7    14692.6     1750.3    815.6    337.3    683.6 2023  1 22 20 55 16.840  2.8   1
     2606  26.774585  103.068359     4.620    12927.1   -19434.9    -1516.1    458.5    337.1    615.6 2023  1 22 23 17 32.220  2.7   1
     2608  27.124355  102.793001    10.303   -14414.4    19320.5     4166.1    657.0    503.4    568.6 2023  1 22 23 57 49.340  3.1   1
     2620  27.014895  102.857845     4.106    -7984.0     7192.1    -2029.9   1120.6    842.2    955.3 2023  1 23  7 40  5.560  4.1   1
     2630  27.058934  103.129395     9.610    18969.1    12071.8     3473.9   1317.0   1236.3   3050.9 2023  1 23 13 50 46.020  3.2   1
     2633  26.836806  102.908968    12.961    -2911.5   -12540.7     6824.7    176.1     47.9    197.0 2023  1 23 14 57 49.090  3.2   1
     2634  27.121029  102.806868     1.408   -13038.7    18952.1    -4728.6   1475.9    735.7   2154.6 2023  1 23 15 42 11.250  2.8   1
     2649  26.869647  102.909440    17.167    -2864.2    -8901.7    11030.6    944.4    602.1    587.1 2023  1 23 20  7 57.060  3.1   1
     2654  27.103809  102.851050    15.200    -8655.0    17044.0     9064.0    368.1    275.7    312.1 2023  1 23 21 54 10.300  4.3   1
     2670  26.749754  103.035148     9.778     9627.8   -22186.3     3641.9    683.9    344.0    528.9 2023  1 24  3 45 58.170  2.8   1
     2671  27.175348  102.562793     8.998   -37247.8    24970.6     2861.3   1245.5   1272.7   2410.0 2023  1 24  3 51 25.320  2.8   1
     2674  27.113761  102.810596    11.398   -12669.2    18146.7     5261.3    413.8    282.0    324.2 2023  1 24  5 27  3.620  3.5   1
     2682  26.881342  102.872827     3.443    -6500.3    -7605.9    -2693.7   1144.9    808.9   1473.3 2023  1 24 10  7 40.410  2.4   1
     2697  26.990428  102.880477     8.404    -5738.3     4481.1     2267.7    484.7    498.1    433.4 2023  1 24 16 18 14.540  3.7   1
     2700  26.976884  102.924349     8.817    -1382.7     2980.3     2681.0    537.1    634.6    288.4 2023  1 24 17  6 42.280  4.3   1
     2702  26.832011  102.865194    21.351    -7260.5   -13071.9    15214.9   1108.5    898.0    753.5 2023  1 24 18 12 24.680  3.1   1
     2703  26.843272  102.932267    14.053     -596.3   -11824.1     7917.0    372.4    262.8    218.0 2023  1 24 18 28 40.720  5.3   1
     2705  26.844356  102.936580     9.911     -168.0   -11703.9     3774.7    520.3    394.0    402.1 2023  1 24 18 39  8.100  3.5   1
     2706  26.842930  102.941455    13.124      316.5   -11862.1     6987.9    425.5    223.8    308.3 2023  1 24 19  2 19.360  4.5   1
     2709  26.839014  102.927165     7.769    -1103.3   -12296.0     1632.5    681.1    468.2    913.0 2023  1 24 19 16 39.160  3.5   1
     2717  27.157904  102.735767    15.615   -20090.0    23037.8     9478.7    231.9    338.5    350.8 2023  1 24 23 32 46.820  3.7   1
     2720  26.494761  102.980241    10.899     4175.5   -50440.1     4763.0    471.8    470.2    647.1 2023  1 24 23 44 49.420  3.2   1
     2729  26.862594  102.921598    14.113    -1656.3    -9683.4     7976.6    526.4    452.4    471.8 2023  1 25  2 54 46.450  3.1   1
     2735  26.922809  102.927222     5.701    -1097.9    -3011.4     -435.0    511.6    351.3    411.2 2023  1 25  7  1 11.130  2.1   1
     2737  26.886556  102.953670     6.432     1529.3    -7028.2      295.9    523.3    501.8    857.2 2023  1 25  9 11 23.170  2.4   1
     2738  27.020868  102.855330     4.876    -8233.4     7853.9    -1260.1    286.0    420.9    416.9 2023  1 25  9 13 17.260  0.7   1
     2748  26.969511  102.915845     8.526    -2227.3     2163.5     2389.7    309.4    391.0    307.7 2023  1 25 12 51 58.640  3.5   1
     2751  26.974900  102.920068     9.082    -1807.6     2760.6     2945.8    264.0    326.8    296.8 2023  1 25 14  8 38.810  3.4   1
     2754  26.500633  102.992668    10.936     5412.1   -49789.4     4800.1    490.4    490.7    674.5 2023  1 25 14 54 48.050  3.8   1
     2756  26.949290  102.924463     7.035    -1371.2      -77.0      898.1    595.0    547.1    552.7 2023  1 25 15 29  8.450  3.3   1
     2757  27.006301  102.920003    10.337    -1813.8     6239.8     4200.9    949.6    740.7    461.3 2023  1 25 15 48 38.800  3.1   1
     2759  27.140523  102.813452     6.742   -12384.4    21112.1      605.2    478.8    602.8    720.4 2023  1 25 16 41 11.500  1.9   1
     2762  26.947646  102.817554    11.582   -11987.5     -259.3     5445.5   1049.8   1278.7   1110.9 2023  1 25 17 38 26.140  2.5   1
     2773  27.319924  102.961890    10.954     2341.4    40990.2     4817.9    191.2    328.0    291.4 2023  1 25 20  6 44.000  3.7   1
     2775  26.964345  103.016911    23.219     7808.4     1591.0    17082.5   2733.0   2470.8   2026.1 2023  1 25 20 13 25.860  4.3   1
     2780  26.502763  103.027848    16.327     8912.3   -49553.6    10190.2    586.3    379.1    353.2 2023  1 25 20 56 11.560  3.3   1
     2790  26.726760  103.008415    11.777     6971.9   -24734.0     5640.3    450.8    604.1    432.5 2023  1 25 22 18 21.720  4.1   1
     2804  26.735490  102.898201    13.643    -3983.1   -23766.8     7506.4    158.2    316.8    282.7 2023  1 25 23 33 14.880  3.5   1
     2812  26.991319  102.870833     7.647    -6695.4     4579.9     1510.8   1010.1    598.5   1057.4 2023  1 26  1 32 51.440  2.8   1
     2813  26.735968  102.991667    11.750     5307.0   -23713.8     5613.7    636.1    887.4    540.4 2023  1 26  2  7 33.290  3.4   1
     2823  26.980636  102.907031    19.276    -3101.7     3396.1    13139.2    205.6    298.6    530.9 2023  1 26  8 13 13.850  1.8   1
     2826  26.992228  102.819629    14.828   -11778.8     4680.7     8691.7    545.7    550.8    590.5 2023  1 26  8 57 51.390  3.5   1
     2829  26.924331  103.002490    13.455     6377.4    -2842.6     7318.4    661.9   2018.3    511.5 2023  1 26 10 15 33.030  3.2   1
     2838  27.379985  102.835913    13.105   -10145.1    47645.1     6968.6   1052.8    928.7   1233.8 2023  1 26 17 21 37.660  3.7   1
     2842  26.598338  103.058105    10.789    11917.3   -38963.5     4652.3    506.1    582.7    547.6 2023  1 26 18 20 19.960  3.3   1
     2844  27.111627  102.771305    12.042   -16568.0    17910.4     5905.2    696.0   1072.1   1141.1 2023  1 26 18 35 29.480  3.1   1
     2851  26.944128  102.923413     9.679    -1475.4     -648.9     3542.5    772.0    729.2    618.7 2023  1 26 20 34 54.440  2.6   1
     2852  26.880308  102.941146    21.869      285.1    -7720.5    15732.6    628.3    445.6    601.4 2023  1 26 20 41 46.000  2.9   1
     2868  26.866895  102.933862    11.889     -438.5    -9206.8     5752.2    624.9    452.9    360.9 2023  1 27  3  4  5.290  3.2   1
     2876  26.865507  102.966797    13.504     2833.5    -9360.4     7367.2    590.0    400.4    418.1 2023  1 27  6 13 52.750  3.3   1
     2877  26.687091  103.004305    14.004     6564.4   -29129.3     7867.5    542.2    303.2    430.6 2023  1 27  6 25 49.430  3.5   1
     2878  26.953335  102.977645     8.803     3909.7      371.1     2666.9    441.5    373.5    555.9 2023  1 27  7 22 12.700  2.3   1
     2889  26.990310  102.822078    13.162   -11536.3     4468.0     7025.3    552.5    485.6    521.6 2023  1 27 10 58 34.340  3.6   1
     2895  26.979134  102.899097     9.516    -3889.5     3229.6     3379.1    482.5    459.1    333.5 2023  1 27 12  9 22.740  3.3   1
     2898  26.977146  102.926774     8.910    -1141.6     3009.6     2774.1    350.8    410.9    303.0 2023  1 27 13 50 19.660  3.3   1
     2903  26.982033  102.789071    10.999   -14813.7     3551.0     4862.7    850.1    866.1   1029.4 2023  1 27 15 32  4.800  2.5   1
     2904  26.992421  102.832316    13.642   -10519.6     4702.0     7505.6    575.6    359.9    572.3 2023  1 27 15 33 31.920  3.2   1
     2908  27.282758  103.052653    15.104    11341.3    36872.1     8967.3   3225.1   2627.6   3407.8 2023  1 27 16  9  4.880  3.0   1
     2917  27.051562  102.754232     4.374   -18266.8    11255.0    -1762.9    240.0    306.7    238.1 2023  1 27 18 35 17.800  1.3   1
     2922  27.110492  102.854370     8.994    -8325.3    17784.6     2857.1    498.5    369.7    399.7 2023  1 27 20 21  5.380  3.1   1
     2925  26.986082  103.028687     6.893     8976.7     3999.6      756.2    494.6    725.0    769.0 2023  1 27 21 17 31.860  2.8   1
     2929  27.024457  102.767310    14.264   -16971.0     8251.6     8127.6    406.5    582.1    372.5 2023  1 27 23 50 57.520  3.2   1
     2931  27.213216  102.996346    10.260     5759.8    29166.6     4123.6    594.1    486.1    613.4 2023  1 28  0 29  4.370  2.9   1
     2933  27.000822  102.908049     2.986    -3000.7     5632.7    -3150.5    347.7    281.0    435.6 2023  1 28  0 47 21.230  1.8   1
     2936  26.825218  102.966488    14.455     2803.2   -13824.6     8318.7    277.7    249.9    358.7 2023  1 28  2  0 52.420  3.3   1
     2938  26.803890  102.943327    19.826      502.4   -16187.7    13689.9   1255.1   1612.6   1170.9 2023  1 28  2 39 18.540  2.6   1
     2944  27.032404  102.795052     7.472   -14216.3     9132.2     1335.2    551.2   1242.6    572.1 2023  1 28  4 30 22.120  2.3   1
     2956  26.882412  102.871981    10.363    -6585.1    -7487.4     4226.2    900.3    835.5    665.7 2023  1 28 10 40 14.790  2.7   1
     2958  26.975576  102.795711    15.102   -14154.9     2835.4     8965.3    745.9    610.7    759.5 2023  1 28 11 46 10.310  3.4   1
     2964  26.923051  102.902734     6.339    -3529.5    -2984.6      202.6    421.6    326.0    373.5 2023  1 28 12 13 23.580  3.3   1
     2966  27.200846  103.018473     7.194     7955.2    27796.0     1057.1   1227.3   1414.2   1331.2 2023  1 28 14 15 37.110  2.1   1
     2970  27.019061  102.829557    14.633   -10792.4     7653.7     8497.0    621.7    669.7    588.7 2023  1 28 16 10 17.490  3.4   1
     2975  27.006881  102.830591    13.079   -10689.8     6304.2     6943.1   1046.0    839.5    742.4 2023  1 28 17 16 52.620  2.7   1
     2982  26.933374  102.897510    10.178    -4048.4    -1840.6     4041.7    385.3    405.5    416.7 2023  1 28 19 57 32.200  3.4   1
     2983  26.827987  102.976750     8.034     3822.7   -13517.9     1897.6    679.5    494.3   1417.4 2023  1 28 20  3 15.040  1.2   1
     2984  27.087437  102.842106    12.489    -9543.6    15229.9     6353.0    875.9    561.1    888.3 2023  1 28 20 38 28.600  3.2   1
     2986  27.284206  103.029590    18.621     9054.0    37032.6    12485.1   3540.0   2632.9   3281.2 2023  1 28 21 11  2.480  2.6   1
     2995  26.940796  102.925651     9.183    -1253.1    -1018.3     3047.0    766.9    629.6    854.3 2023  1 29  1  1 38.610  3.2   1
     3021  26.990302  102.891146     9.005    -4678.5     4467.2     2869.0   2570.9   1678.5   7388.1 2023  1 29 13 31 25.670  2.2   1
     3022  26.717483  103.020117    11.227     8135.6   -25761.9     5090.9    667.2    875.5    543.7 2023  1 29 13 41  6.720  3.2   1
     3025  27.001656  102.783708    17.296   -15344.9     5725.2    11159.7   1088.0    818.6   1174.1 2023  1 29 15  3 13.780  0.8   1
     3026  27.016667  102.787541    18.136   -14963.4     7388.5    11999.6    737.9    654.2    640.0 2023  1 29 16 21 19.480  3.0   1
     3042  27.115672  102.751855     7.358   -18497.3    18358.4     1221.4   1297.5    701.5    844.8 2023  1 29 20 41  5.560  1.4   1
     3045  26.880046  102.965959    15.256     2749.8    -7749.6     9119.2    886.1    779.2    665.4 2023  1 29 22 13  6.640  3.5   1
     3047  26.863879  102.945483     8.771      715.9    -9540.8     2634.3    405.6    361.4    471.0 2023  1 29 22 51 44.600  3.2   1
     3048  26.839948  102.914250     6.842    -2387.1   -12192.5      705.9   1052.4    938.5    948.9 2023  1 29 22 58 39.740  3.2   1
     3049  27.265070  102.970272     0.772     3173.0    34912.1    -5364.9    415.9    444.1    350.5 2023  1 30  0  4 58.880  2.9   1
     3060  26.892112  102.937516    11.163      -74.9    -6412.6     5026.8    843.6    496.8    745.7 2023  1 30  7 18 55.250  3.1   1
     3068  26.868943  102.938330    14.434        5.3    -8979.7     8297.3    805.3    896.7    874.4 2023  1 30 10 44 55.510  3.2   1
     3070  27.156773  103.126896     8.979    18713.3    22912.5     2842.3    596.4    657.0   1377.2 2023  1 30 11  6 47.380  3.9   1
     3071  26.998360  102.916585     1.034    -2153.1     5360.0    -5102.8   2773.1   1696.4   7122.3 2023  1 30 11 30 15.280  2.7   1
     3073  26.838397  102.942822     9.898      452.2   -12364.3     3762.1    419.8    327.9    475.6 2023  1 30 12  1 48.770  3.0   1
     3077  26.855583  102.941317    15.292      302.1   -10460.2     9155.5    440.3    329.0    411.0 2023  1 30 12 26 51.580  3.5   1
     3095  26.949605  102.834782    14.902   -10276.7      -42.2     8765.6    474.9    461.5    693.7 2023  1 30 21 27  4.160  3.8   1
     3097  26.976870  102.881071    12.599    -5679.2     2978.9     6462.5   2044.7   1602.4   1309.6 2023  1 30 21 54 14.160  2.8   1
     3101  26.862608  102.957951     7.589     1955.0    -9681.7     1452.6    674.2    573.0    833.9 2023  1 30 23 34 55.420  2.2   1
     3113  27.154344  103.121598    13.375    18187.9    22643.5     7238.5    380.4    459.2    329.4 2023  1 31  7  0 35.670  3.4   1
     3123  26.732039  102.967611    14.763     2915.9   -24149.1     8626.4    806.6    529.9   2971.5 2023  1 31  9 18  8.250  2.7   1
     3136  26.624750  103.007178    12.198     6851.8   -36037.0     6061.5    225.6    199.9    214.3 2023  1 31 16 27 59.290  3.8   1
     3140  26.885695  102.924251     8.467    -1393.0    -7123.5     2330.4    471.0    391.8    420.4 2023  1 31 17  3 23.640  3.8   1
     3152  27.019987  102.946191     0.549      786.0     7756.4    -5587.6   1597.4   1384.0   2783.4 2023  1 31 19 52 21.760  2.3   1
     3153  26.929875  102.910791     8.574    -2728.9    -2228.3     2437.8    417.9    289.0    283.7 2023  1 31 20 31 50.780  2.5   1
     3156  26.963015  102.917912     9.710    -2021.8     1443.7     3573.7    467.5    477.4    389.9 2023  1 31 21 28 23.660  2.7   1
     3160  26.943502  102.914185    10.753    -2392.3     -718.3     4616.6    733.1    508.8    471.5 2023  1 31 22 18 58.560  2.6   1
     3161  26.927667  102.909806     7.087    -2827.3    -2472.9      951.1    521.9    352.9    354.8 2023  1 31 22 23 52.560  2.7   1
     3178  26.948537  102.898177     7.665    -3981.7     -160.5     1528.8    444.3    424.2    325.6 2023  2  1  8 53 40.230  3.3   1
     3183  27.127425  102.877970     4.412    -5983.6    19660.7    -1724.6    761.8    513.5   1091.7 2023  2  1 10 35 39.330  3.0   1
     3199  27.010671  102.806112     5.770   -13120.1     6724.2     -366.2    374.0    424.6    521.6 2023  2  1 19 32 33.220  2.8   1
     3205  26.995184  102.860091     5.918    -7761.7     5008.2     -218.9    649.4    457.8    418.5 2023  2  1 21 43 10.840  1.7   1
     3206  27.114453  102.805607     5.417   -13164.5    18223.5     -719.6    915.0    990.5   1793.1 2023  2  1 21 53 51.380  2.9   1
     3207  26.795066  102.996541    13.363     5790.0   -17165.5     7226.8   1408.3   2602.1   2803.1 2023  2  1 22 52 55.280  2.9   1
     3218  27.007397  102.936328     7.748     -192.7     6361.3     1611.7    843.9    838.9    696.4 2023  2  2  3 50 12.390  3.2   1
     3219  26.977869  102.953247     6.298     1486.6     3089.5      161.7    643.6    629.5    530.7 2023  2  2  4 41  3.020  2.7   1
     3225  26.969600  102.927059    10.368    -1113.4     2173.3     4231.6   1141.4    808.0    862.5 2023  2  2  8  2 15.020  2.7   1
     3243  26.842151  102.940723     9.668      243.0   -11948.4     3532.0    912.5    594.4    891.9 2023  2  2 14 48 48.610  2.8   1
     3256  27.105430  102.763647     6.777   -17328.7    17223.6      640.4   1019.7    723.9    819.2 2023  2  2 18 28 39.720  2.2   1
     3260  27.234475  102.999919    11.464     6113.6    31522.2     5327.9    515.2    343.8    424.3 2023  2  2 19 11 13.120  2.6   1
     3264  26.941484  102.917326    11.007    -2080.4     -942.2     4870.5   1091.3    630.8    540.9 2023  2  2 20 27  4.280  2.9   1
     3269  26.833305  102.943237     6.922      493.3   -12928.5      785.3    553.3    383.2    712.0 2023  2  2 21 52 48.160  2.3   1
     3270  26.654602  103.008382    10.697     6970.9   -32729.3     4560.9    426.9    323.3    692.5 2023  2  2 22  9 23.980  2.8   1
     3291  27.106677  102.843872     8.924    -9367.2    17361.8     2787.3    678.2    467.8    653.3 2023  2  3  9 59 32.770  3.5   1
     3294  27.142601  102.848022     7.865    -8954.6    21342.3     1728.6    723.1    668.4   1220.1 2023  2  3 12 41 11.350  3.3   1
     3336  27.163820  103.134538    11.426    19470.2    23693.4     5289.1    381.2    436.8    473.2 2023  2  4 10 29 17.550  4.6   1
     3356  26.972304  102.897437     0.794    -4054.9     2473.0    -5342.1   1073.3   1038.8   1492.0 2023  2  4 16 28 44.010  2.2   1
     3365  26.952496  102.944352     8.495      603.3      278.1     2358.2    470.1    609.7    479.3 2023  2  4 19 34  7.760  2.5   1
     3366  26.984430  102.892358    20.144    -4558.7     3816.4    14007.6    640.4    281.7    447.8 2023  2  4 20  3 14.540  1.6   1
     3367  26.850708  102.945166    14.028      685.1   -11000.2     7891.8    362.9    275.5    237.4 2023  2  4 20  7 36.480  2.5   1
     3368  26.734324  103.088167    11.231    14898.4   -23895.8     5094.1    331.0    248.4    438.1 2023  2  4 20 33 16.400 -0.2   1
     3372  27.020579  102.779744    13.306   -15736.5     7821.9     7169.7    832.9    871.2   1009.5 2023  2  4 21  1 48.160  4.1   1
     3373  26.982983  102.913770     5.122    -2433.1     3656.1    -1014.5    631.4    479.0    556.7 2023  2  4 21 12 48.680  2.8   1
     3378  27.082566  102.895215    10.453    -4273.0    14690.2     4316.7   1479.1    747.7    916.4 2023  2  4 22 14 28.720  2.8   1
     3392  26.490656  102.994743     9.709     5618.5   -50895.0     3573.1    453.0    477.7    477.3 2023  2  5 11 56 54.050  3.3   1
     3394  27.036239  102.909969     6.398    -2809.3     9557.1      261.5    872.4    721.4    885.9 2023  2  5 12 37 36.850  3.1   1
     3395  26.980436  102.764274    12.119   -17275.5     3374.0     5982.3    902.6    710.6   1037.1 2023  2  5 12 41 57.150  3.3   1
     3398  26.893066  102.955672     4.664     1727.9    -6306.7    -1471.9   1026.4    910.8   1358.0 2023  2  5 16 41 16.840  3.0   1
     3405  27.004244  102.877352    15.432    -6047.9     6011.8     9295.2   1779.1   1310.2   1315.4 2023  2  5 20 21 55.300  2.4   1
     3419  26.971442  102.920728     9.389    -1742.4     2377.3     3252.4    387.9    404.7    360.9 2023  2  6  1 12 27.600  4.9   1
     3421  26.990299  102.941016     5.622      272.5     4466.9     -514.8    537.7    505.6    601.1 2023  2  6  1 43 57.790  3.2   1
     3423  27.015645  102.934587     3.812     -365.8     7275.3    -2324.8    630.2    539.7    718.1 2023  2  6  2 11 43.840  2.9   1
     3425  26.498570  103.005119    15.863     6650.7   -50018.2     9727.0    578.9    338.6    383.2 2023  2  6  4 54  6.790  3.2   1
     3432  26.373836  103.045817    17.493    10706.2   -63838.8    11356.7    282.1    281.9    531.8 2023  2  6  7 42 54.830  4.0   1
     3434  26.968907  102.912948    10.216    -2514.8     2096.6     4079.8    488.7    492.9    353.8 2023  2  6  8 30 31.150  4.5   1
     3435  26.978379  102.961572    10.014     2312.9     3146.1     3877.4    962.2    831.2    926.2 2023  2  6  9 40 26.610  2.8   1
     3442  27.001514  102.920614    11.620    -1753.1     5709.4     5483.6   1239.7    943.0    733.0 2023  2  6 14  5 30.640  2.4   1
     3443  27.109121  103.198755    24.716    25847.3    17632.5    18579.4    594.1    372.2    613.5 2023  2  6 14 31 52.910  4.2   1
     3444  26.803920  102.938403     7.605       13.1   -16184.3     1468.4    775.0    821.3   1201.2 2023  2  6 14 37 34.240  2.8   1
     3446  26.828501  102.933691    11.608     -455.6   -13460.8     5471.3    185.4     63.2    208.3 2023  2  6 14 57  0.150  2.9   1
     3455  27.032454  102.866984     3.068    -7076.3     9137.7    -3068.3   2025.9   1384.0   2346.7 2023  2  6 17 13 53.640  2.4   1
     3460  26.987392  102.934294    11.490     -395.2     4144.8     5353.4    965.1    694.8    814.9 2023  2  6 18 26 56.100  3.3   1
     3470  27.128001  102.878963     6.638    -5884.7    19724.5      502.1    505.7    354.4    759.5 2023  2  6 22 10  4.780  2.6   1
     3494  26.953920  102.881405    10.889    -5646.6      436.1     4752.5   1226.9    926.1    417.1 2023  2  7 10 51 42.860  2.7   1
     3497  26.578398  103.056844    11.365    11793.4   -41173.0     5228.5    298.2    303.5    332.7 2023  2  7 12 22 33.570  3.9   1
     3498  26.581114  103.051099    10.096    11221.7   -40872.1     3959.8    400.7    280.1    376.0 2023  2  7 12 27 52.750  3.8   1
     3499  26.570917  103.054688    11.332    11579.3   -42001.8     5195.3    365.4    324.9    422.3 2023  2  7 12 51 49.860  3.6   1
     3500  26.579095  102.966553     4.925     2812.4   -41095.7    -1211.0    549.0    603.8   1129.9 2023  2  7 13  0  6.440  3.7   1
     3505  27.021840  102.802531    16.825   -13474.5     7961.7    10688.8    939.7    659.9    719.7 2023  2  7 14  0  9.910  3.1   1
     3506  26.974058  102.932796     5.827     -544.2     2667.3     -309.6    356.8    408.9    399.0 2023  2  7 14 24 46.020  2.7   1
     3514  27.031008  102.857039    13.237    -8063.9     8977.4     7101.0   1065.8    799.6    740.0 2023  2  7 17 12 44.440  3.0   1
     3517  26.739815  102.743278     3.331   -19380.8   -23287.4    -2805.4    367.7    306.7    450.9 2023  2  7 18  6 57.520  1.4   1
     3521  26.574491  103.053752    11.810    11485.8   -41605.8     5673.8    278.7    256.7    342.7 2023  2  7 18 46 48.700  4.0   1
     3522  26.960569  102.851237    11.913    -8642.5     1172.7     5776.2   2162.5   1302.3   1175.0 2023  2  7 19  4 59.200  2.8   1
     3524  26.965977  102.850594    13.787    -8705.8     1772.0     7650.6    993.8    810.1    641.2 2023  2  7 19 54 31.700  2.9   1
     3533  27.105719  102.849943    13.999    -8765.0    17255.8     7862.6    394.2    214.5    201.6 2023  2  7 22 51 25.800  4.0   1
     3536  26.905536  103.126180     6.546    18662.5    -4925.1      409.6    605.8    730.9   1127.5 2023  2  7 23  7  0.840  2.8   1
     3539  27.149361  102.835815     6.035   -10165.3    22091.4     -101.3    561.0    613.6    822.0 2023  2  7 23 17  1.760  3.1   1
     3556  26.926849  102.818742     6.533   -11870.2    -2563.6      396.2   1409.1   1139.1   1435.0 2023  2  8 11 37 32.140  3.3   1
     3561  27.124811  102.850822    12.610    -8676.7    19371.0     6473.7    487.2    256.6    410.8 2023  2  8 15 37 19.870  3.9   1
     3572  27.097941  102.861971     6.865    -7571.8    16393.8      729.1    827.9    537.5   1064.0 2023  2  8 20 57 35.540  3.1   1
     3581  27.225315  102.998429     4.191     5966.0    30507.2    -1945.9    466.9    462.8    549.1 2023  2  9  4  5 17.070  1.8   1
     3584  26.831224  102.949382    16.945     1103.3   -13159.3    10809.0    515.5    592.2    413.9 2023  2  9  5 18 18.600  3.7   1
     3597  26.951426  102.938680    10.682       40.7      159.7     4545.7    664.4    530.8    530.2 2023  2  9 13 58 42.220  2.9   1
     3603  26.924770  102.916732     9.051    -2139.1    -2794.0     2914.7    551.6    555.6    399.2 2023  2  9 17 12 51.860  1.9   1
     3613  27.090639  103.062248    13.904    12302.9    15584.8     7767.9   1675.3    801.6   3133.1 2023  2  9 20 13 19.700  4.7   1
     3623  26.937248  102.792855    11.489   -14440.7    -1411.4     5352.6   1493.6    848.2    845.5 2023  2  9 22 39 57.040  3.0   1
     3624  26.906714  102.942749    17.894      444.9    -4794.6    11757.2   1640.6   1612.8   1440.6 2023  2  9 23 37 29.840  2.8   1
     3641  26.822788  102.959774    13.250     2136.5   -14093.8     7113.1    369.7    429.2    436.6 2023  2 10  3 51 17.800  3.1   1
     3643  26.870730  102.939901     5.634      162.0    -8781.9     -502.8    507.1    636.6    892.7 2023  2 10  4 12 31.530  3.3   1
     3657  27.195174  102.820508    12.681   -11681.2    27167.5     6544.2   1048.6    643.0    619.5 2023  2 10 10 23 28.880  3.0   1
     3658  27.034052  102.763127    11.696   -17385.4     9314.6     5560.1    518.4    546.6    550.8 2023  2 10 11 42 25.830  3.6   1
     3661  26.963863  102.923617     7.594    -1455.5     1537.5     1457.8    378.2    350.4    346.3 2023  2 10 13 44 34.240  3.2   1
     3668  26.920797  102.859725     8.984    -7800.5    -3234.2     2847.5    404.2    373.6    222.0 2023  2 10 15 49  8.740  1.8   1
     3673  27.010404  102.887663     1.536    -5024.5     6694.5    -4600.1    638.1    719.9    714.9 2023  2 10 16 46 56.170  2.0   1
     3676  26.848584  102.942244     7.538      394.6   -11235.6     1401.8    499.7    722.9   1126.5 2023  2 10 18  5 36.080  2.7   1
     3677  26.978011  102.763175    13.365   -17384.7     3105.4     7228.2    693.1    822.4    737.0 2023  2 10 18 13 48.420  2.2   1
     3679  26.817647  102.965088    11.821     2664.5   -14663.4     5684.1    266.9    513.6    397.8 2023  2 10 18 51 51.000  2.9   1
     3681  26.816612  102.967122    15.848     2866.1   -14778.3     9711.7    332.7    319.9    416.4 2023  2 10 18 59 17.160  3.7   1
     3682  26.846871  103.007113    15.693     6838.9   -11425.3     9557.1    684.1    655.6    836.4 2023  2 10 20  1 54.320  2.5   1
     3689  26.815135  102.979663    14.464     4112.4   -14941.8     8327.4    367.0    510.1    447.3 2023  2 10 21 25 36.460  3.2   1
     3690  27.005874  102.889315     9.372    -4860.6     6192.6     3235.7    669.2    509.7    512.2 2023  2 10 21 35 25.200  3.2   1
     3691  26.734442  102.992391     9.103     5378.6   -23882.8     2966.4    638.1    700.1    532.2 2023  2 10 22  2 20.140  3.3   1
     3693  26.855831  102.868856     5.270    -6895.7   -10432.5     -866.2   1020.5    895.0   1117.5 2023  2 10 22 27 15.600  2.5   1
     3694  26.838491  102.961222    15.883     2279.9   -12354.0     9746.6    391.1    453.2    337.3 2023  2 10 22 52 55.800  3.0   1
     3696  26.818296  102.956738    12.054     1834.6   -14591.5     5917.3    277.5    411.7    372.1 2023  2 10 23 21 27.120  3.0   1
     3697  26.996798  102.807788     5.124   -12954.7     5187.0    -1012.6    392.4    518.4    562.6 2023  2 10 23 27 25.760  2.8   1
     3703  26.925049  102.891748     9.545    -4620.8    -2763.1     3408.5    367.2    429.0    462.7 2023  2 11  0 34 33.290  3.9   1
     3719  27.137046  102.731632    17.605   -20502.7    20726.9    11468.3    239.3    356.3    298.9 2023  2 11  8  1 17.770  2.8   1
     3721  27.127140  102.851823    10.980    -8577.5    19629.1     4843.9    389.9    296.2    468.7 2023  2 11  8 41  3.690  2.8   1
     3728  27.125989  103.156030    24.793    21606.5    19501.7    18656.6    488.3    661.9    502.4 2023  2 11 10 43  2.860  2.8   1
     3744  26.868443  102.937842     6.205      -42.7    -9035.1       68.2    425.1    505.9    938.5 2023  2 11 15  5 42.430  2.9   1
     3748  26.795292  102.966007     9.290     2755.9   -17140.6     3153.6    318.7    425.0    516.1 2023  2 11 16 32 54.340  2.5   1
     3767  26.538845  103.018717    16.433     8002.6   -45555.6    10296.7   1114.2   1202.2   1182.4 2023  2 11 21 41 16.760  3.5   1
     3784  26.998476  102.930094     4.521     -811.9     5372.8    -1615.2    521.0    463.8    528.9 2023  2 12  3  7  9.350  3.9   1
     3786  27.175647  102.832764     5.343   -10466.5    25003.9     -793.8    531.1    495.1    955.2 2023  2 12  3 32 54.620  4.6   1
     3787  27.000651  102.800277     4.395   -13700.1     5613.8    -1741.0    244.1    360.4    453.6 2023  2 12  3 34  5.200  4.2   1
     3788  26.845817  102.953304    13.006     1493.2   -11542.2     6870.0    616.8    434.1    351.3 2023  2 12  3 36 55.170  3.0   1
     3802  27.094326  102.848372    14.177    -8921.4    15993.3     8041.1    591.5    491.9    704.0 2023  2 12  7  2 15.470  3.4   1
     3819  26.814532  102.910132     9.543    -2796.3   -15008.6     3406.6   1407.2    944.5   1038.3 2023  2 12 11 30 20.660  2.3   1
     3824  26.671159  102.908415    14.840    -2968.7   -30894.9     8703.2    204.1    210.9    149.9 2023  2 12 14  3 46.340  2.6   1
     3829  26.912807  103.000928    19.369     6222.4    -4119.4    13232.2    216.8    254.0    212.6 2023  2 12 15 20  6.950  3.0   1
     3830  26.875427  102.932056    15.376     -617.5    -8261.4     9239.7    570.2    416.4    477.2 2023  2 12 15 24 31.290  3.6   1
     3834  26.955147  102.862297    13.959    -7544.5      572.0     7822.2    966.5    762.4    755.5 2023  2 12 16 51 25.630  2.9   1
     3835  26.833114  102.954313     3.783     1593.5   -12949.8    -2353.8    657.2    516.2   1123.5 2023  2 12 17  1 26.600  2.8   1
     3848  26.838796  102.899268    21.562    -3875.1   -12320.1    15425.8   1082.3    873.8    763.5 2023  2 12 19 47 48.120  3.0   1
     3849  26.956179  102.791007     5.903   -14623.0      686.1     -233.0   1199.3    727.4   1799.1 2023  2 12 20 14 10.780  2.4   1
     3868  26.874658  102.930542    12.650     -768.3    -8346.4     6514.0    624.3    574.8    407.7 2023  2 13  3 57 56.990  3.5   1
     3877  26.839913  102.988298    16.162     4969.6   -12196.4    10025.8    586.2    672.2    745.6 2023  2 13  6 58  8.040  3.1   1
     3886  26.495095  102.979484     9.204     4100.3   -50403.1     3067.9    318.0    313.3    360.4 2023  2 13 11 20 53.140  3.7   1
     3890  26.470492  102.975269    10.051     3681.6   -53129.2     3914.8    966.8    536.9    579.1 2023  2 13 12 44 44.880  3.3   1
     3913  27.106112  102.870117     9.180    -6763.2    17299.1     3043.6    860.2    431.4    638.4 2023  2 13 22 17 53.520  3.0   1
     3932  26.946155  103.044897     9.221    10588.2     -424.4     3084.3   3729.7    774.6    834.7 2023  2 14 11 57  2.330  2.5   1
     3936  27.088961  102.905054    17.327    -3296.9    15398.7    11190.2    715.4    413.7    567.4 2023  2 14 14 12 31.560  2.6   1
     3940  26.496116  102.955851     9.246     1749.2   -50290.0     3109.4    862.9    941.0   1271.1 2023  2 14 17 59 20.880  3.5   1
     3943  26.880507  102.965096    14.080     2664.5    -7698.3     7943.7    753.2    481.8    474.8 2023  2 14 21 11 56.760  3.0   1
     3948  27.110144  102.820557    14.013   -11680.6    17745.9     7876.4    615.5    331.8    359.4 2023  2 14 23  2 21.120  3.0   1
     3959  27.094859  102.825033    17.685   -11237.5    16052.4    11548.3    726.9    591.9   1018.5 2023  2 15  6 37 39.050  3.9   1
     3960  27.331179  102.964119    12.758     2562.2    42237.3     6621.3    228.4    329.1    288.2 2023  2 15  7 13 41.660  2.0   1
     3964  27.100004  102.838696    11.505    -9881.3    16622.3     5368.7    565.5    404.7    399.7 2023  2 15 10 22 17.840  3.4   1
     3970  27.113375  102.813184     9.789   -12412.0    18103.9     3652.5    449.2    327.2    379.0 2023  2 15 11 38  6.520  3.0   1
     3973  26.961692  102.910392     7.557    -2768.6     1297.1     1420.3    416.8    416.8    431.7 2023  2 15 14 54  0.720  2.3   1
     3976  27.107255  102.839339     8.107    -9817.5    17425.8     1970.6    468.7    312.6    570.8 2023  2 15 15 17 29.780  2.8   1
     3977  26.860555  102.957528    12.701     1912.6    -9909.1     6564.6   1192.8    604.4    674.2 2023  2 15 16  9 19.260  4.2   1
     3978  27.106256  102.851066     9.224    -8653.4    17315.1     3087.9    992.6    730.7    905.3 2023  2 15 16 28  5.090  2.4   1
     3981  26.511186  102.993465     7.501     5491.3   -48620.3     1364.7    614.3    463.8    771.2 2023  2 15 19 12 44.440  3.8   1
     3982  26.982912  102.797412     8.561   -13985.3     3648.3     2425.1    579.4    935.6    817.0 2023  2 15 19 18 16.120  4.0   1
     3983  26.840944  102.964632    16.758     2619.1   -12082.0    10621.3    630.4    362.5    356.6 2023  2 15 20 50 46.760  2.9   1
     4004  27.203125  102.831405    12.437   -10600.5    28048.4     6300.3    430.4    544.8    348.9 2023  2 16 15 18 47.110  2.6   1
     4005  27.136045  102.863143     6.898    -7454.4    20616.0      761.7    396.8    283.6    521.4 2023  2 16 15 51 51.340  2.9   1
     4007  27.044189  102.802954    13.258   -13431.1    10438.0     7121.1    916.8    902.1    817.8 2023  2 16 16 24  7.900  3.0   1
     4011  27.017285  102.947339    11.429      899.7     7456.9     5292.8   4427.9   3065.9   2450.0 2023  2 16 17 18 28.080  2.5   1
     4027  27.373383  102.905461    13.869    -3252.0    46913.4     7732.9    442.7    264.7    270.7 2023  2 17  2  5 10.840  3.4   1
     4041  26.951552  102.921322     7.173    -1683.0      173.6     1037.1    471.9    433.5    419.4 2023  2 17 13 22  2.790  2.8   1
     4046  26.883903  102.913721     8.762    -2438.7    -7322.1     2625.6    919.6    570.4    679.4 2023  2 17 17 38 55.160  2.8   1
     4047  26.849158  102.907308    11.958    -3076.6   -11171.9     5821.3    788.0    578.9    577.1 2023  2 17 17 44 19.540  2.7   1
     4048  26.852673  102.922876    19.037    -1529.8   -10782.5    12901.0    732.0    640.8    557.4 2023  2 17 17 50 30.180  2.9   1
     4058  26.829012  102.965072    13.469     2662.2   -13404.2     7332.6    305.9    245.3    312.1 2023  2 17 23  0 31.120  3.8   1
     4083  27.142594  102.864193    11.018    -7350.2    21341.7     4881.3    371.3    321.7    340.5 2023  2 18 11  9 37.300  4.4   1
     4084  26.837209  103.002987    14.250     6429.4   -12495.9     8113.5    623.7    751.1    972.5 2023  2 18 11 25  4.350  3.4   1
     4086  27.110697  102.852051     9.669    -8555.9    17807.3     3532.7   1985.5    899.9   1189.3 2023  2 18 12  7 46.150  3.2   1
     4089  27.004744  102.865104     7.157    -7263.5     6067.5     1020.9    326.3    326.2    333.4 2023  2 18 16  4  9.000  2.2   1
     4094  27.213603  102.787565    10.619   -14948.1    29209.4     4483.1    497.1    422.7    731.4 2023  2 18 17 38 21.640  3.3   1
     4109  27.011977  102.839608     1.692    -9794.8     6868.8    -4444.5    764.6    800.3   1163.5 2023  2 19  2 13 23.520  3.2   1
     4117  26.726412  102.957161     9.039     1877.0   -24772.5     2902.4    682.7    534.6   1984.6 2023  2 19  8 43 39.550  2.7   1
     4126  27.175224  102.843595    12.303    -9391.9    24956.9     6166.5    808.5    935.6    970.5 2023  2 19 16 51 35.070  3.0   1
     4131  27.066168  103.119800    13.457    18015.9    12873.2     7320.2    822.7    868.4   1000.1 2023  2 19 20 12 42.980  3.6   1
     4134  27.196358  103.126937     9.699    18714.1    27298.8     3562.2    447.5    940.5    586.8 2023  2 19 21 32 17.360  3.1   1
     4135  26.936454  102.896191     6.135    -4179.2    -1499.4       -1.7    836.0    681.6    969.7 2023  2 19 21 46 38.960  1.5   1
     4138  26.894735  102.928035     4.679    -1017.2    -6122.0    -1457.9    755.5    683.7   1272.3 2023  2 19 23 16 43.660  3.3   1
     4144  27.065275  102.994906     7.240     5620.6    12774.4     1103.9    273.7    368.7    535.8 2023  2 20  1 49 31.540  3.9   1
     4167  26.972968  102.990690    11.355     5204.2     2546.3     5218.6   2168.0   1374.8   1254.2 2023  2 20 15 17 25.900  3.1   1
     4179  27.299017  103.044116    13.220    10493.6    38673.7     7083.4   1909.1   1266.4    773.0 2023  2 21  2 12 17.240  2.9   1
     4187  27.187516  103.048999    11.990    10983.4    26319.1     5853.5   4013.6   3536.2   2739.4 2023  2 21  7 57 59.560  3.2   1
     4189  26.667790  103.026066    16.228     8728.6   -31268.0    10091.4    529.5    463.7    366.9 2023  2 21  8 52  8.020  4.0   1
     4191  27.125999  102.838713    12.954    -9878.8    19502.6     6818.0    491.5    276.3    357.6 2023  2 21 10 20 53.620  4.4   1
     4202  27.043577  103.150439    12.433    21059.6    10370.3     6296.6    734.0    786.4   1107.5 2023  2 21 14 40 45.690  3.3   1
     4208  27.104340  102.852612    14.533    -8500.3    17102.8     8396.4    388.4    215.6    345.0 2023  2 21 17 57 10.720  4.4   1
     4211  27.119897  102.843555     8.954    -9398.8    18826.7     2817.4    940.5    720.5    898.6 2023  2 21 18 55 10.460  2.6   1
     4212  26.692369  103.039030    15.847    10016.3   -28544.7     9710.8    492.5    448.3    403.0 2023  2 21 19 38 22.040  2.8   1
     4224  26.914484  102.909904     6.477    -2817.8    -3933.8      340.4    388.9    272.2    301.8 2023  2 21 23 18 40.080  4.2   1
     4226  27.121655  102.850854     6.658    -8674.2    19021.4      521.8    342.6    239.8    466.8 2023  2 21 23 53 52.720  4.6   1
     4230  26.922068  102.809635    10.403   -12775.6    -3093.4     4266.9   1450.9   1157.2   1326.4 2023  2 22  4 37  4.290  3.5   1
     4237  26.663637  102.999129    13.469     6050.7   -31728.2     7332.7    373.7    444.7    618.7 2023  2 22  7 42  7.120  3.2   1
     4255  27.120420  102.867725    14.258    -7000.3    18884.6     8121.4    389.6    209.4    333.3 2023  2 22 15 42 47.490  5.8   1
     4257  27.117527  102.843335     8.372    -9420.7    18564.0     2235.2    429.8    283.8    425.2 2023  2 22 16 22 50.940  3.6   1
     4263  27.081777  102.856266    15.235    -8138.8    14602.9     9098.2    651.4    480.6    614.6 2023  2 22 18 40 57.800  2.5   1
     4265  27.201400  102.813534    11.572   -12373.2    27857.3     5435.9    365.0    340.7    388.7 2023  2 22 19 25 30.120  3.7   1
     4267  26.888711  102.915576    14.717    -2254.1    -6789.4     8580.6    710.0    426.9    483.0 2023  2 22 19 45 21.380  3.1   1
     4268  26.884186  102.916724    12.585    -2140.1    -7290.8     6449.0    541.4    394.7    362.7 2023  2 22 19 47 48.020  2.6   1
     4273  27.210044  102.822127    11.932   -11520.1    28815.2     5795.5    581.9    462.0    598.2 2023  2 22 23 31 42.920  3.7   1
     4289  26.820994  102.891496    10.241    -4647.2   -14292.5     4104.6   1275.7    739.0    992.9 2023  2 23 11 33 42.170  3.2   1
     4302  26.985461  102.783439     8.299   -15372.6     3930.9     2163.0    505.4    347.1    895.4 2023  2 23 18 57 43.640  2.1   1
     4310  26.787313  102.951904     9.273     1354.7   -18024.6     3136.4    395.3    578.9    769.1 2023  2 24  1 32 18.140  3.5   1
     4311  27.215188  102.777653     6.941   -15930.9    29385.1      804.4    544.0    428.1    724.8 2023  2 24  1 42  1.350  3.7   1
     4315  26.963521  102.893677     7.684    -4428.0     1499.7     1548.0    395.5    448.3    310.4 2023  2 24  5 13 31.620  3.6   1
     4331  27.054917  103.110254    14.951    17069.7    11626.6     8814.7    919.6   1089.6   1088.8 2023  2 24 19 32 57.420  3.3   1
     4332  27.098486  103.100806    12.874    16128.6    16454.1     6737.8   1036.7   1191.6   1273.2 2023  2 24 20  1 25.400  2.9   1
     4336  26.898317  102.954199     9.418     1582.2    -5725.0     3281.4    411.6    388.5    295.6 2023  2 24 22 37 37.160  2.0   1
     4339  26.985775  102.829793    16.710   -10770.6     3965.4    10573.5    920.2    710.3    739.5 2023  2 25  1 57 37.880  4.1   1
     4345  26.734509  103.022371     2.015     8359.0   -23875.4    -4121.0    696.7    726.3    800.9 2023  2 25  4 18  4.660  2.6   1
     4349  27.206622  102.799243    10.199   -13790.0    28435.9     4062.4    297.1    355.6    363.4 2023  2 25  5 47 20.360  3.6   1
     4352  27.176676  102.810872     1.820   -12637.9    25117.8    -4316.2    605.9    818.7   2672.9 2023  2 25  8  7 55.330  2.9   1
     4354  27.175503  102.805151     6.406   -13205.7    24987.9      269.8    534.2    547.2   1069.5 2023  2 25  8 59 17.600  2.5   1
     4359  26.920030  102.922949     7.129    -1521.7    -3319.3      992.2    412.2    337.3    423.9 2023  2 25 10  3 21.110  2.7   1
     4360  27.010052  102.846248    16.912    -9135.9     6655.6    10775.6   1986.4   1164.8   1278.0 2023  2 25 10 16  9.730  3.5   1
     4367  27.240399  102.774080    12.007   -16282.9    32178.7     5870.5    644.4    938.3    601.2 2023  2 25 12  5 31.040  3.5   1
     4368  27.197640  102.848421    11.036    -8912.6    27440.8     4899.1    391.9    491.9    370.1 2023  2 25 12 17 17.830  2.5   1
     4374  27.219023  102.766707     4.379   -17016.4    29809.9    -1757.5    673.0    592.4    970.4 2023  2 25 13  4  1.670  3.5   1
     4378  26.979490  102.842708    10.166    -9488.4     3269.1     4029.3    662.6    438.7    459.4 2023  2 25 14 21 14.710  2.5   1
     4383  27.127555  102.890975     7.341    -4692.8    19675.1     1204.2    488.1    365.9    784.9 2023  2 25 16 42 41.760  3.2   1
     4386  26.854340  102.951571     9.962     1321.2   -10597.9     3825.2    366.0    278.4    391.7 2023  2 25 17 28  3.480  3.4   1
     4396  27.221529  102.792228     8.161   -14484.6    30087.7     2024.8    411.8    667.8    625.4 2023  2 25 20  8 33.840  2.4   1
     4401  27.202844  102.832902    11.542   -10451.5    28017.3     5405.9    314.2    453.0    378.7 2023  2 25 21 21 32.000  2.2   1
     4415  27.185579  102.893457    12.148    -4445.5    26104.3     6011.6    943.3    578.5    590.3 2023  2 26  2 40 13.080  5.0   1
     4419  27.210581  102.793075    11.345   -14401.4    28874.6     5208.2    392.2    376.8    426.3 2023  2 26  2 50 36.150  4.6   1
     4420  27.207729  102.794230     8.738   -14287.4    28558.8     2602.0    518.1    596.9    817.0 2023  2 26  2 54 33.970  3.8   1
     4435  27.155680  102.883089    12.498    -5474.5    22791.6     6362.0    733.8    428.8    739.4 2023  2 26 10 19 17.390  2.7   1
     4440  26.982434  102.895793    23.075    -4217.9     3595.2    16938.4    627.1    516.8    860.3 2023  2 26 14 17  6.460  3.4   1
     4445  26.849013  102.969653     8.094     3117.6   -11188.1     1957.2    325.4    215.5    482.6 2023  2 26 16 17  1.720  2.8   1
     4454  26.771450  102.995752    12.591     5712.3   -19782.3     6454.4    700.7    928.5    544.8 2023  2 26 20 30 55.940  3.3   1
     4457  27.061108  102.850203     4.908    -8740.7    12312.7    -1228.5    942.9    756.9   1214.7 2023  2 26 22 17 28.660  2.7   1
     4464  26.923104  102.924642     8.032    -1353.8    -2978.6     1895.9    386.3    329.4    317.3 2023  2 27  1 33 45.570  4.1   1
     4466  27.037870  103.146802     8.882    20699.1     9737.8     2745.8    659.5    608.6   1248.7 2023  2 27  3 17 32.080  3.9   1
     4470  27.074487  102.753076    11.365   -18380.2    13795.1     5228.3    970.3   1053.6   1257.3 2023  2 27  5 49 27.430  4.4   1
     4471  26.869092  102.948861    14.251     1051.4    -8963.2     8114.5    692.5    528.0    718.2 2023  2 27  5 56 53.330  3.4   1
     4474  27.183671  103.103223    10.898    16362.3    25893.0     4761.6    606.2    692.2    589.4 2023  2 27  8  5 57.340  3.1   1
     4478  27.130605  102.850716    10.579    -8687.5    20013.0     4442.9    457.0    388.9    609.6 2023  2 27 11 59 33.760  4.3   1
     4487  27.088617  102.859660     8.089    -7801.2    15360.8     1953.0   1329.3    600.7    760.9 2023  2 27 18 32  4.260  2.6   1
     4491  26.826194  102.971403     9.983     3291.6   -13716.3     3846.5    406.3    268.3    375.1 2023  2 27 20 25 38.820  3.6   1
     4510  26.792403  102.961369    12.990     2295.0   -17460.7     6853.3    768.5    705.7    611.6 2023  2 28 10 34 50.940  3.1   1
     4517  26.876514  102.925488    15.261    -1269.8    -8140.9     9124.6    738.3    419.8    451.3 2023  2 28 15 11  5.610  3.4   1
     4526  26.751786  103.009416    10.193     7070.2   -21961.0     4056.5    538.1    689.4    455.6 2023  2 28 18 42 34.080  2.2   1
     4527  26.997349  102.867920    19.107    -6984.8     5248.0    12970.5   1405.0   1147.6   1906.9 2023  2 28 19 36 48.200  2.4   1
     4529  26.861603  102.908032    11.445    -3004.1    -9793.0     5308.8    677.0    420.8    496.7 2023  2 28 21 24  5.320  3.2   1
     4530  26.625637  103.015373    12.119     7666.6   -35938.6     5982.3    279.0    258.1    308.0 2023  2 28 21 42 45.880  3.9   1
     4540  26.938448  102.765658     7.002   -17141.6    -1278.4      865.3    777.8   1395.6   1227.6 2023  3  1  5 57 41.830  3.5   1
     4541  26.866813  102.907007     4.832    -3105.5    -9215.7    -1304.6   1293.9   1338.7    986.7 2023  3  1  8 20 19.090  2.2   1
     4546  26.844047  103.023291    10.053     8446.2   -11738.3     3916.6    429.8    416.9    563.5 2023  3  1 11 12 25.550  4.0   1
     4549  26.843730  102.973022     7.038     3452.0   -11773.4      902.1    525.8    443.4    860.8 2023  3  1 11 36  8.330  4.1   1
     4550  26.903556  102.919482    17.667    -1866.6    -5144.6    11530.7   1063.1    760.9    622.7 2023  3  1 11 42 30.150  3.5   1
     4551  26.863568  102.943075    11.558      477.1    -9575.4     5422.1    421.8    295.6    268.1 2023  3  1 11 57 26.400  3.6   1
     4556  27.105884  102.954842     7.629     1644.3    17274.0     1492.1    849.8    520.6   1209.3 2023  3  1 14  5 42.690  2.5   1
     4560  26.841701  102.970337     7.231     3185.0   -11998.1     1095.0    310.9    219.1    515.6 2023  3  1 16 21 48.300  2.7   1
     4563  27.208394  102.779085     3.571   -15788.9    28632.4    -2565.8    627.6    564.8   1907.3 2023  3  1 18 54 27.200  3.0   1
     4565  26.850791  102.957340    12.819     1894.1   -10991.1     6682.8    306.5    245.1    238.9 2023  3  1 21 29 18.360  3.0   1
     4568  26.956158  102.810010    10.821   -12735.9      683.9     4684.4    298.2    363.0    324.9 2023  3  2  0 30 50.080  2.5   1
     4570  27.111251  102.970223     3.853     3170.4    17868.6    -2283.2   1473.7   1316.7   2046.2 2023  3  2  3 15 16.200  2.6   1
     4576  27.134151  102.880119    11.258    -5769.7    20406.0     5121.1    434.7    299.8    321.3 2023  3  2  9 48 34.580  4.2   1
     4578  27.122506  102.905786     6.256    -3223.8    19115.6      119.5    707.0    387.5    834.1 2023  3  2 11 31 42.640  3.7   1
     4589  27.126186  102.897323    14.684    -4063.1    19523.4     8547.1   1416.0    881.4    722.3 2023  3  2 16 21 30.880  3.1   1
     4591  27.006643  102.792049     4.407   -14516.5     6277.8    -1729.7    284.1    414.9    565.6 2023  3  2 16 50 48.560  4.2   1
     4592  26.996254  102.779500     5.594   -15762.5     5126.8     -542.8   1139.7   2494.9   1806.5 2023  3  2 16 54 11.820  2.8   1
     4595  26.835162  103.009253     5.072     7051.5   -12722.6    -1064.9    499.7    417.8   1095.3 2023  3  2 22 11 55.000  3.5   1
     4596  26.859688  102.960514    13.742     2209.8   -10005.3     7605.9    411.0    258.9    288.8 2023  3  2 22 25 24.180  5.2   1
     4597  26.855208  103.029142     6.846     9026.8   -10501.5      710.2    448.2    493.9    705.6 2023  3  2 22 32 59.520  2.6   1
     4599  26.850466  102.976538     7.864     3801.0   -11027.1     1728.6    365.2    236.2    503.8 2023  3  2 22 48 55.160  3.7   1
     4601  26.839408  102.927759    14.051    -1044.7   -12252.2     7914.5    425.7    308.9    356.4 2023  3  3  1 24  8.360  3.3   1
     4606  27.095974  102.916374     7.390    -2173.5    16175.8     1253.1   1139.1   1037.3   1223.6 2023  3  3  9 40 10.640  2.6   1
     4611  26.793498  102.989266    12.958     5067.0   -17339.3     6821.6    527.3    510.1    602.4 2023  3  3 13 47 48.060  3.9   1
     4612  26.823757  102.889274     8.571    -4868.5   -13986.4     2434.5   1273.2    839.2    917.5 2023  3  3 13 55 34.260  2.8   1
     4615  26.829364  102.962459    11.613     2403.3   -13365.2     5476.9    381.2    283.3    361.6 2023  3  3 18 35 13.960  2.7   1
     4616  26.943579  102.813753     9.034   -12365.3     -709.8     2897.2    867.1    775.3    862.8 2023  3  3 20 48  9.960  3.9   1
     4620  26.944808  103.003027     5.975     6430.3     -573.7     -161.5    376.3    577.2    455.4 2023  3  4  4  7 31.650  3.8   1
     4623  27.115592  102.892000     1.344    -4591.3    18349.7    -4792.2    885.9    573.3   1554.2 2023  3  4  9  6 12.980  4.5   1
     4625  27.056360  102.971606     7.910     3308.7    11786.5     1773.4    509.5    537.9    853.0 2023  3  4 10 54  7.440  2.3   1
     4627  26.905343  102.979997     5.895     4143.9    -4946.5     -241.4    402.0    609.9    415.4 2023  3  4 12 54 28.140  3.2   1
     4629  26.854403  102.944434     8.978      611.8   -10590.8     2842.0    561.6    379.2    602.5 2023  3  4 14 18 51.790  2.9   1
     4631  27.195138  102.821712     9.203   -11561.9    27163.5     3066.3    349.4    469.3    452.9 2023  3  4 16  3 21.110  3.2   1
     4641  27.184479  102.842391     8.277    -9511.0    25982.4     2140.1    537.9    561.3    645.7 2023  3  4 20 26 14.320  3.4   1
     4644  27.140802  102.809269    14.254   -12799.2    21143.0     8117.4    620.7    367.6    534.3 2023  3  4 21  6 18.080  3.0   1
     4645  27.213354  102.783521     8.254   -15349.3    29181.9     2117.5    599.8    589.4    896.3 2023  3  4 22 23 24.320  2.7   1
     4646  27.112809  102.857056     8.290    -8058.9    18041.3     2153.5    632.6    363.2    561.6 2023  3  4 22 34 25.720  3.0   1
     4647  27.216465  102.807275    12.042   -12992.9    29526.7     5905.8    482.1    383.2    464.5 2023  3  4 22 58 19.380  3.1   1
     4648  27.132560  102.790365     9.398   -14675.4    20229.7     3262.0    551.9    539.1    614.1 2023  3  5  0  8  8.700  3.6   1
     4650  26.975130  102.819482     4.062   -11794.4     2786.2    -2074.5    676.2    761.6    895.8 2023  3  5  7  8 51.980  3.3   1
     4651  26.858077  102.945223     8.671      690.2   -10183.8     2534.4    477.2    418.8    554.3 2023  3  5  8 40 14.220  2.9   1
     4654  26.980056  102.864364     4.582    -7338.0     3331.8    -1554.3    634.8    323.3    363.6 2023  3  5 12 14 44.770  2.7   1
     4655  27.043717  103.147192    14.162    20736.9    10385.8     8025.6    795.4    985.2   1105.4 2023  3  5 13 24  1.700  3.3   1
     4656  27.052661  103.124227    11.083    18456.4    11376.7     4946.1    669.8    746.4    769.2 2023  3  5 14  7  6.940  4.1   1
     4659  26.856960  102.954395    11.324     1601.3   -10307.6     5187.6    281.7    207.1    289.0 2023  3  5 15 55  1.790  3.5   1
     4660  26.931191  102.868490    11.452    -6930.2    -2082.5     5315.8    455.6    450.0    391.5 2023  3  5 16 14 42.980  2.5   1
     4661  27.136686  102.790210    16.216   -14690.3    20686.8    10079.4    663.5    380.1    541.9 2023  3  5 16 38 53.730  3.4   1
     4666  27.341919  102.912272    12.606    -2577.3    43427.2     6469.2    433.4    281.4    261.3 2023  3  5 23  8 42.920  2.9   1
     4667  27.108580  102.906087    12.685    -3193.9    17572.6     6548.3    872.5    604.5    662.3 2023  3  5 23 13 41.600  4.2   1
     4672  27.195245  102.827205     1.283   -11017.1    27175.5    -4853.5    696.8    966.8   2036.7 2023  3  6  3 17 19.800  3.0   1
     4673  26.863411  102.957324    12.577     1892.7    -9592.8     6440.8    340.7    296.7    281.4 2023  3  6  3 24 59.860  3.1   1
     4675  27.121136  103.178581    26.542    23844.3    18963.9    20405.1    400.3    404.3    405.7 2023  3  6  4 56 44.990  3.1   1
     4680  27.128308  102.818856    14.009   -11848.7    19758.7     7872.9    461.8    264.7    428.6 2023  3  6  7 11 16.110  4.4   1
     4682  27.130086  102.851432     9.950    -8616.1    19955.6     3813.9    473.8    322.8    390.3 2023  3  6  7 43  0.390  2.5   1
     4685  27.121891  102.858390     9.246    -7926.1    19047.5     3109.4    632.8    347.4    628.0 2023  3  6 11 41 37.020  4.0   1
     4686  27.124876  102.867546     7.619    -7018.1    19378.4     1482.3    369.4    243.1    560.0 2023  3  6 14 35 50.270  3.5   1
     4689  27.061454  102.875033    10.558    -6276.9    12350.9     4421.9   1970.4    842.6   1188.4 2023  3  6 17  7 19.200  3.2   1
     4694  27.126339  102.837614    13.983    -9987.6    19540.4     7846.1    620.2    429.5    506.6 2023  3  6 19 11 33.340  5.4   1
     4696  26.916357  102.957292     7.428     1888.9    -3726.0     1291.5    458.4    484.2    376.9 2023  3  6 20  7 20.980  3.0   1
     4699  26.852962  102.953304    14.516     1492.9   -10750.4     8379.8    642.1    423.5    460.2 2023  3  6 20 48 46.520  6.1   1
     4701  26.876750  102.901652     7.998    -3637.5    -8114.8     1861.2   1159.8    533.8   1121.7 2023  3  6 20 54 44.080  3.5   1
     4702  26.838869  102.988118     7.387     4951.7   -12312.0     1251.1    335.8    321.2    583.1 2023  3  6 21  4 33.560  2.8   1
     4703  26.966357  102.687565     3.872   -24893.2     1814.0    -2264.1   4189.6    862.2   1564.7 2023  3  6 21 12 14.480  2.2   1
     4706  26.855548  102.908138     7.585    -2993.6   -10464.0     1448.9   1094.3    573.2   1308.4 2023  3  6 21 45 18.720  2.7   1
     4709  26.844838  102.977124    11.914     3859.7   -11650.6     5777.1    534.9    314.2    432.1 2023  3  6 21 58  3.300  3.2   1
     4710  26.858677  102.943693    10.471      538.2   -10117.2     4334.7    331.9    240.2    329.0 2023  3  6 22 22 54.720  3.4   1
     4713  26.832123  102.974764    15.926     3625.5   -13059.6     9789.8    480.9    505.9    363.9 2023  3  6 23 10 34.880  3.3   1
     4714  26.840991  102.974862     8.399     3634.9   -12076.8     2262.2    348.2    255.5    506.2 2023  3  6 23 14 54.440  2.9   1
     4716  26.863043  102.957918    12.058     1951.6    -9633.4     5922.0    316.3    270.2    200.6 2023  3  6 23 32 30.960  2.8   1
     4717  26.843351  102.909701    12.937    -2838.7   -11815.3     6800.7    855.2    358.5    365.2 2023  3  6 23 33 54.700  4.2   1
     4718  26.839211  102.992196     7.486     5356.7   -12274.1     1349.4    343.4    336.5    667.5 2023  3  6 23 47  1.200  2.9   1
     4719  26.859560  102.967806    14.070     2933.8   -10019.5     7933.4    357.8    278.2    243.2 2023  3  6 23 51 24.000  3.8   1
     4720  26.851296  102.930721    14.977     -750.1   -10935.1     8840.3    693.5    381.3    314.5 2023  3  7  0 14 25.750  3.6   1
     4724  26.829319  102.872469     8.469    -6537.9   -13370.3     2333.0   1302.8    960.7   1142.2 2023  3  7  1 17 14.930  3.4   1
     4726  26.866471  102.866707     3.395    -7108.9    -9253.7    -2741.8    733.9    504.0    843.5 2023  3  7  1 24 15.120  3.8   1
     4727  26.856781  102.967391    11.837     2892.8   -10327.3     5700.5    388.9    365.4    429.3 2023  3  7  1 31 58.920  3.6   1
     4728  26.846364  102.960897    11.626     2247.4   -11481.5     5489.6    354.7    248.0    422.3 2023  3  7  2 24 32.150  4.1   1
     4730  26.850861  102.948120     7.911      978.1   -10983.3     1774.6    255.0    237.5    432.7 2023  3  7  3 21 32.720  3.4   1
     4731  26.853975  102.996769    14.013     5811.0   -10638.3     7876.4    410.9    454.3    565.2 2023  3  7  3 41 30.630  4.1   1
     4732  26.844257  102.982414     7.997     4385.0   -11715.1     1860.3    292.6    272.2    723.3 2023  3  7  4  7 50.350  3.1   1
     4733  27.149607  103.123519    10.996    18378.2    22118.7     4859.8    275.7    419.5    379.2 2023  3  7  4 18 49.650  3.6   1
     4734  26.862811  102.927474    10.784    -1072.5    -9659.2     4647.7    462.2    311.4    391.1 2023  3  7  4 37  7.440  3.5   1
     4735  26.861462  103.002433    12.296     6373.3    -9808.6     6160.1    615.2    557.2    558.6 2023  3  7  4 41  0.980  3.4   1
     4738  27.036206  102.765788    13.534   -17120.8     9553.5     7397.4    362.2    562.4    252.4 2023  3  7  5 32 22.230  4.8   1
     4739  26.855754  102.972087     9.706     3358.8   -10441.2     3569.2    308.6    297.7    377.4 2023  3  7  5 48 34.360  3.6   1
     4741  26.859080  102.963965    13.716     2551.8   -10072.6     7579.9    320.2    280.9    304.1 2023  3  7  7  3 58.910  4.4   1
     4742  26.825865  103.013802    11.981     7504.0   -13753.0     5844.6    926.9    852.3    623.6 2023  3  7  7 16 26.350  3.0   1
     4743  26.844236  102.963843    10.099     2540.5   -11717.3     3962.7    416.6    296.4    409.1 2023  3  7  8  4 49.490  3.3   1
     4744  26.860978  102.937256    13.220     -100.9    -9862.4     7083.4    405.6    280.3    268.9 2023  3  7  8 29 47.790  3.6   1
     4745  26.848112  102.959220     7.502     2080.9   -11287.8     1365.3    276.2    225.9    524.2 2023  3  7  9  0 10.610  3.3   1
     4746  27.104905  102.947664     6.664      932.0    17165.5      527.7    103.3    108.1    178.1 2023  3  7  9 21 49.230  3.0   1
     4749  26.824980  102.922176    11.257    -1599.6   -13851.1     5120.7   1468.6    586.3    653.5 2023  3  7 12  5  7.430  3.1   1
     4753  26.847799  102.946143    14.027      781.9   -11322.5     7890.3    424.3    286.9    266.4 2023  3  7 14  7 58.450  3.7   1
     4754  26.848954  102.922583    10.125    -1559.0   -11194.6     3988.5    828.3    552.6    650.4 2023  3  7 14 12 42.270  4.2   1
     4755  26.854415  102.951107    11.464     1274.7   -10589.5     5327.8    414.4    257.8    375.7 2023  3  7 14 38 37.150  4.4   1
     4756  26.846733  102.974577    13.463     3606.9   -11440.8     7326.2    409.9    320.0    348.9 2023  3  7 14 40 28.990  5.1   1
     4757  26.840391  102.948494     7.414     1015.5   -12143.3     1277.9    513.5    436.1    823.5 2023  3  7 14 45 52.360  3.4   1
     4759  26.842662  102.973454    11.591     3495.1   -11891.8     5454.2    501.8    289.8    359.2 2023  3  7 15 16 58.030  4.7   1
     4764  26.853739  102.977816    11.378     3928.3   -10664.5     5242.0    394.1    284.4    292.8 2023  3  7 19  1 47.760  3.4   1
     4765  26.857487  102.972331    10.771     3382.9   -10249.2     4634.7    320.8    258.5    248.6 2023  3  7 19 34 57.800  3.5   1
     4769  26.851223  102.965763    14.799     2731.1   -10943.2     8663.1    442.7    379.1    479.6 2023  3  7 21 13 56.800  4.2   1
     4770  26.851512  102.986336    10.832     4774.4   -10911.3     4695.3    378.8    251.2    278.7 2023  3  7 21 21 38.080  4.7   1
     4771  26.854047  102.972664     7.267     3416.8   -10630.3     1130.5    289.4    193.9    482.9 2023  3  7 21 31 15.840  3.3   1
     4773  26.858453  102.972518     7.771     3401.7   -10142.1     1634.6    356.0    220.6    485.8 2023  3  7 21 37  4.420  3.1   1
     4774  26.851186  102.962394    15.565     2396.6   -10947.2     9428.5    417.7    405.2    410.2 2023  3  7 21 44 29.740  4.6   1
     4775  26.856274  102.941496    10.662      320.1   -10383.5     4525.2    354.6    276.7    438.1 2023  3  7 21 58 11.320  3.5   1
     4776  26.843221  102.942082     8.592      378.5   -11829.8     2455.4    538.4    365.6    614.7 2023  3  7 22 12 13.060  3.0   1
     4777  26.870860  102.941431    11.402      313.4    -8767.3     5265.8    370.7    313.9    291.6 2023  3  7 22 18  8.440  2.5   1
     4778  26.861556  102.938249     8.913       -2.4    -9798.4     2776.4    651.1    457.6    521.4 2023  3  7 22 33 19.200  3.1   1
     4780  26.848767  102.981209     7.441     4265.0   -11215.2     1305.2    243.0    220.7    672.8 2023  3  7 22 43 48.740  3.1   1
     4782  26.928451  102.938224     9.174       -5.1    -2386.1     3037.5    538.1    447.0    529.1 2023  3  7 23 32 49.040  3.0   1
     4784  26.851192  102.988900    12.557     5029.6   -10946.5     6420.2    279.8    258.9    197.9 2023  3  7 23 35 24.520  3.5   1
     4785  26.871944  102.970337    15.420     3184.6    -8647.3     9283.6    729.3    467.4    655.9 2023  3  8  0  0 27.340  3.2   1
     4786  27.134731  102.843701    10.961    -9383.3    20470.3     4825.1    877.5    493.3    909.4 2023  3  8  0  7 29.320  3.2   1
     4787  26.866488  102.920418    15.391    -1773.3    -9251.8     9254.7    791.9    461.8    609.3 2023  3  8  0 24 23.150  3.5   1
     4788  26.861015  102.952987    15.034     1461.7    -9858.3     8897.9    532.2    366.8    402.8 2023  3  8  0 27 48.520  3.5   1
     4789  26.851221  102.930802    14.419     -742.1   -10943.4     8282.7   1372.2    855.0    880.6 2023  3  8  0 57 17.160  4.1   1
     4790  26.843825  102.971004    10.834     3251.5   -11762.9     4697.1    478.4    352.7    732.5 2023  3  8  1  6 50.680  2.6   1
     4791  26.848562  102.970671    12.325     3218.8   -11238.1     6188.7    443.3    364.8    349.0 2023  3  8  3  2 53.700  3.9   1
     4792  26.841270  102.944531     7.610      621.8   -12046.0     1473.6    654.3    573.5    999.9 2023  3  8  3 38 24.440  3.5   1
     4793  26.846779  102.936776     7.752     -148.4   -11435.4     1615.1    534.9    354.6    496.7 2023  3  8  4  9 43.640  4.0   1
     4795  26.867918  102.948910    14.898     1056.6    -9093.4     8762.1   1033.8    782.2    831.9 2023  3  8  4 54 27.230  3.8   1
     4796  26.854152  102.991707    11.427     5308.2   -10618.7     5290.3    471.2    304.4    408.9 2023  3  8  4 57 33.230  3.8   1
     4797  26.847599  102.944979    11.503      666.0   -11344.7     5366.7    645.2    393.8    536.3 2023  3  8  5 35 57.320  3.5   1
     4800  26.866001  102.957869    13.237     1946.2    -9305.7     7101.0    315.0    306.5    294.2 2023  3  8  8 34 31.720  2.9   1
     4801  26.836558  102.965389     4.982     2694.2   -12568.2    -1154.6    517.6    581.9    689.3 2023  3  8  9 54 42.780  3.5   1
     4804  26.860048  102.963232    14.073     2479.2    -9965.4     7937.0    410.2    304.4    304.0 2023  3  8 10 57 26.430  3.6   1
     4807  26.844047  102.980371    11.113     4182.6   -11738.3     4976.8    345.5    241.2    257.1 2023  3  8 11 16  2.730  4.7   1
     4808  26.848676  102.996631    11.368     5797.3   -11225.4     5231.7    544.9    283.2    292.1 2023  3  8 11 32  1.250  4.6   1
     4809  26.877830  102.995101    20.726     5645.0    -7995.1    14589.9    792.5    536.8    819.5 2023  3  8 11 36 49.380  4.0   1
     4810  26.863977  102.971232    16.110     3273.8    -9530.1     9973.6    572.4    382.5    376.0 2023  3  8 11 52 20.980  3.7   1
     4811  26.852559  102.983691    14.351     4512.2   -10795.1     8214.8    350.8    376.9    419.1 2023  3  8 12 16  0.270  3.5   1
     4812  27.119279  102.871175    12.875    -6657.7    18758.1     6738.3    417.3    230.4    393.4 2023  3  8 12 28 57.760  4.6   1
     4815  26.843073  102.921956     8.520    -1621.4   -11846.3     2383.3    784.2    488.1    585.2 2023  3  8 13 18 43.040  4.4   1
     4817  26.856276  102.977791     8.555     3925.8   -10383.3     2418.8    346.9    259.0    507.8 2023  3  8 14 11 31.600  3.5   1
     4819  26.863802  102.940641    13.893      234.9    -9549.5     7756.2    367.5    323.1    298.1 2023  3  8 14 20 24.160  3.3   1
     4820  26.866439  102.941260    16.456      296.6    -9257.1    10319.4    452.4    380.5    379.1 2023  3  8 14 27 34.400  3.3   1
     4822  26.860567  102.915576    13.274    -2254.8    -9907.9     7138.1    678.5    501.8    416.4 2023  3  8 15 29 19.270  2.8   1
     4823  26.889555  102.928882    17.887     -933.1    -6695.8    11750.2    664.8    667.8    585.6 2023  3  8 15 31 26.470  3.0   1
     4825  26.868953  102.907568     5.488    -3050.4    -8978.6     -647.9    353.1    345.7    476.5 2023  3  8 15 57  8.030  2.1   1
     4826  26.862594  102.995068    13.062     5641.9    -9683.4     6925.7    353.9    304.6    317.7 2023  3  8 16 15 45.670  3.2   1
     4829  27.130094  102.837118    10.487   -10036.9    19956.6     4350.5    263.4    279.1    271.0 2023  3  8 16 47  0.080  4.2   1
     4831  26.851333  102.935571     8.803     -268.5   -10931.1     2666.3    416.9    333.6    363.3 2023  3  8 17 18 39.800  3.2   1
     4833  26.856797  102.948364    14.003     1002.2   -10325.4     7866.2    795.6    624.1    536.4 2023  3  8 17 31 52.760  3.1   1
     4835  26.934819  102.968254    21.036     2977.5    -1680.5    14899.3    885.8    915.1    492.0 2023  3  8 17 40 48.800  3.0   1
     4837  26.850399  102.956079    14.188     1769.0   -11034.5     8051.1    885.6    353.4    494.1 2023  3  8 17 50 50.880  4.7   1
     4840  26.794397  102.988468    14.548     4987.9   -17239.6     8411.4    574.3    495.3    592.1 2023  3  8 18 13 36.560  4.5   1
     4842  26.839777  102.973071     9.267     3456.9   -12211.4     3130.2    746.9    649.4   1116.2 2023  3  8 18 28  0.140  3.5   1
     4844  26.856464  102.939624    14.549      133.8   -10362.5     8413.1    386.3    260.4    232.4 2023  3  8 18 45 27.760  2.8   1
     4845  26.834172  102.960913     5.945     2249.2   -12832.6     -191.7    505.4    318.5    722.6 2023  3  8 18 49 30.880  3.0   1
     4847  26.852409  102.980648     9.611     4209.6   -10811.9     3474.3    308.4    268.4    722.7 2023  3  8 18 57 27.600  2.7   1
     4849  26.955013  102.852629    12.600    -8504.6      557.1     6463.8    632.8    493.9    428.2 2023  3  8 19  8 18.620  2.2   1
     4851  26.849310  102.943001     7.751      469.8   -11155.2     1614.5    346.5    266.0    496.6 2023  3  8 19 33  5.040  3.0   1
     4853  26.869869  102.884172    17.248    -5373.8    -8877.1    11111.5   1115.5    772.6    565.5 2023  3  8 19 41 40.980  4.5   1
     4858  26.837889  102.908773     3.873    -2930.7   -12420.7    -2263.1    919.4    744.9   1539.2 2023  3  8 20 22 50.720  3.1   1
     4859  26.861469  102.890234     7.264    -4771.7    -9808.0     1127.3    870.6    596.6    771.9 2023  3  8 20 54 12.440  2.3   1
     4861  26.841508  102.959196     7.237     2079.0   -12019.6     1100.8    331.8    282.2    542.0 2023  3  8 21  9 17.160  3.3   1
     4863  26.851119  102.952856    10.580     1449.0   -10954.8     4443.3    336.4    201.5    453.0 2023  3  8 22  6  3.880  2.9   1
     4864  26.828886  102.927417     4.706    -1078.6   -13418.3    -1429.9   1015.1    781.2   1336.4 2023  3  8 22 14 55.040  2.5   1
     4865  26.812109  103.001180    17.399     6250.2   -15277.1    11262.4    932.0   1399.4   1067.9 2023  3  8 22 22 31.160  3.0   1
     4866  26.863495  103.001335     7.339     6263.9    -9583.3     1202.3    604.4    669.8   1071.4 2023  3  8 22 33 58.560  2.5   1
     4867  26.857662  102.978475    14.032     3993.6   -10229.7     7895.9    397.3    332.1    368.9 2023  3  8 22 37 23.320  5.3   1
     4868  26.861399  102.982869    15.383     4429.9    -9815.6     9246.9    688.8    980.7    989.1 2023  3  8 22 44  6.640  2.9   1
     4869  26.844381  102.973503     9.439     3500.1   -11701.4     3302.1    363.4    320.6    530.6 2023  3  8 22 47 56.720  3.4   1
     4870  26.847970  102.962207    10.811     2377.4   -11303.7     4674.6    244.9    214.4    263.3 2023  3  8 22 53 20.080  4.4   1
     4871  26.862085  102.961475    11.545     2304.4    -9739.6     5409.0    557.8    412.2    388.8 2023  3  8 23  1 14.240  4.4   1
     4873  26.857227  102.969678    10.040     3119.4   -10277.9     3903.5    385.4    332.9    367.2 2023  3  8 23 12 30.480  3.6   1
     4874  26.853477  103.029053     7.712     9018.5   -10693.4     1575.2    465.1    350.2    782.4 2023  3  8 23 13 55.680  3.0   1
     4875  26.848690  102.948519     9.711     1017.6   -11224.0     3574.4    317.3    324.1    405.5 2023  3  8 23 18 10.680  3.7   1
     4876  26.848476  102.931738    11.318     -649.1   -11247.5     5181.4    549.2    375.6    433.8 2023  3  8 23 31 30.160  3.5   1
     4878  26.857882  102.989884    15.183     5126.8   -10205.3     9046.8    407.0    449.7    447.7 2023  3  8 23 45 23.320  3.4   1
     4879  26.840141  102.935604    10.850     -265.1   -12171.1     4714.0    476.6    339.8    328.7 2023  3  8 23 46 48.580  3.6   1
     4881  26.862203  102.941829     8.392      353.6    -9726.5     2255.3    343.8    266.9    431.1 2023  3  9  0  8 16.170  3.0   1
     4882  26.844124  103.000602     9.895     6192.3   -11729.6     3759.1    342.2    284.4    333.9 2023  3  9  0 11 33.010  3.5   1
     4883  26.855072  102.937004    11.319     -125.8   -10516.7     5183.1    801.6    567.6    496.9 2023  3  9  0 20 14.340  4.0   1
     4884  26.863251  102.950049    18.036     1169.6    -9610.6    11899.6    639.9    467.8    457.1 2023  3  9  0 23 50.010  4.0   1
     4888  27.205900  103.132381    11.375    19253.1    28355.9     5238.9    452.1    936.4    362.2 2023  3  9  1  1 20.590  3.9   1
     4889  26.846737  102.889209     3.126    -4874.1   -11440.2    -3010.8    932.6    759.2   1640.0 2023  3  9  1 15 13.760  3.7   1
     4890  26.856289  102.932894    11.975     -534.0   -10381.9     5838.2    591.3    398.1    448.2 2023  3  9  1 40 14.960  3.8   1
     4891  26.832281  102.932544     6.184     -569.1   -13042.0       47.5   1011.0    729.3   1581.1 2023  3  9  2 27 12.940  3.1   1
     4893  26.856687  102.970646    10.529     3216.2   -10337.8     4392.9    394.0    268.5    298.4 2023  3  9  5 13 22.700  5.9   1
     4894  26.854240  102.973763    13.792     3525.9   -10608.8     7655.9    404.7    363.8    511.8 2023  3  9  5 38 48.930  3.3   1
     4897  26.875134  102.913761    12.231    -2434.6    -8293.7     6094.9    681.1    472.2    543.6 2023  3  9  6 15  2.590  3.8   1
     4898  26.865446  102.973877     8.415     3536.7    -9367.2     2278.8    375.9    244.2    409.8 2023  3  9  6 15 57.280  3.5   1
     4900  26.853483  102.976896    10.509     3836.9   -10692.7     4372.3    276.6    272.4    215.2 2023  3  9  6 32  3.540  4.3   1
     4901  26.838448  102.986108     8.393     4752.6   -12358.7     2256.4    659.4    473.4    600.1 2023  3  9  6 38 46.240  4.1   1
     4902  26.856429  102.972274    10.726     3377.3   -10366.4     4589.6    358.6    278.1    303.1 2023  3  9  6 45 48.880  4.0   1
     4903  26.861493  102.958358    10.784     1995.1    -9805.3     4647.5    462.3    258.6    397.7 2023  3  9  6 46 51.560  3.8   1
     4905  26.845642  102.954142     5.343     1576.7   -11561.5     -792.9    455.2    459.4    940.6 2023  3  9  7  8 25.460  3.1   1
     4908  26.884662  102.978971     6.260     4042.2    -7238.1      123.5    634.2    748.3    619.6 2023  3  9  7 34  8.340  3.7   1
     4910  26.861922  102.963493    11.441     2505.0    -9757.7     5304.6    340.8    255.3    265.9 2023  3  9  7 45 49.050  3.3   1
     4911  26.858478  102.985775    10.431     4718.5   -10139.3     4294.6    388.9    288.3    376.5 2023  3  9  7 50 26.180  3.9   1
     4912  26.843380  102.988778    11.476     5017.6   -11812.2     5339.8    550.8    304.1    464.2 2023  3  9  8  5  8.630  4.8   1
     4914  26.849384  102.946126     7.072      780.2   -11147.1      935.6    296.4    235.5    527.7 2023  3  9  8 52 12.370  3.2   1
     4915  26.912549  102.827075    12.314   -11043.7    -4148.1     6177.2   2766.8   1294.9   1191.0 2023  3  9  8 54 15.880  2.3   1
     4916  26.853847  102.981307    11.310     4275.4   -10652.4     5173.2    345.1    266.5    324.5 2023  3  9  9  0 32.420  4.1   1
     4917  26.852702  102.978247     7.923     3970.8   -10779.4     1786.9    340.6    261.7    464.7 2023  3  9  9  4 21.020  3.5   1
     4918  26.854203  102.935905    10.462     -235.1   -10612.9     4326.1    494.0    285.7    437.8 2023  3  9  9 17 12.240  4.3   1
     4922  26.841412  102.964811     6.776     2636.6   -12030.1      639.2    537.0    449.6    562.4 2023  3  9  9 50 21.030  3.1   1
     4923  26.851493  102.938647     6.692       37.3   -10913.2      555.2    729.7    513.4    589.4 2023  3  9 10 14 26.460  3.2   1
     4926  27.118136  102.850008    11.327    -8757.8    18631.4     5191.1    441.3    307.7    353.4 2023  3  9 10 41  7.130  4.5   1
     4928  26.854069  102.959237     6.396     2082.5   -10627.8      259.6    317.7    269.8    591.9 2023  3  9 10 55  9.960  2.9   1
     4929  26.868909  102.961149    13.747     2272.5    -8983.6     7610.8    483.9    422.8    555.9 2023  3  9 11 29 18.650  3.4   1
     4930  26.858836  102.988542    10.487     4993.8   -10099.7     4350.9    412.3    331.7    407.6 2023  3  9 11 30 47.930  3.3   1
     4932  26.831002  102.973779    10.636     3527.5   -13183.7     4499.6    618.7    531.7    834.5 2023  3  9 11 48 52.580  3.7   1
     4937  27.175419  103.107015    13.499    16739.7    24978.5     7363.0    646.3    594.7    605.9 2023  3  9 12 14 19.580  4.0   1
     4941  26.849259  102.970785     6.834     3229.6   -11160.7      697.2    262.9    307.9    664.4 2023  3  9 12 37 23.010  3.2   1
     4944  26.870951  102.998462    12.939     5978.5    -8757.3     6802.4    866.0    521.4    503.5 2023  3  9 13 20 30.600  3.4   1
     4947  26.871344  102.984945    17.912     4636.3    -8713.8    11775.9    765.5    516.8    918.4 2023  3  9 14 15 34.310  3.5   1
     4948  26.840131  102.991284    10.989     5266.7   -12172.3     4852.6    300.1    186.5    260.0 2023  3  9 14 21 16.690  3.2   1
     4952  26.845158  102.995605     7.874     5695.4   -11615.2     1737.3    433.6    394.6    877.2 2023  3  9 16 32  5.440  4.1   1
     4953  26.835258  103.032414     2.791     9352.7   -12712.1    -3345.2   1365.0   1245.6   1814.8 2023  3  9 16 36 57.300  3.1   1
     4958  26.868132  102.860238    10.574    -7752.0    -9069.7     4437.1   1242.0   1114.9   1348.7 2023  3  9 19  9 13.540  4.3   1
     4959  26.849874  102.927344    11.143    -1085.9   -11092.7     5006.2    453.1    323.3    323.1 2023  3  9 19 16 19.620  2.8   1
     4962  26.852222  102.940592    16.531      230.4   -10832.5    10394.4    525.8    381.2    471.9 2023  3  9 20  3 57.880  2.9   1
     4963  26.853611  102.947599    11.333      926.2   -10678.5     5196.2    557.8    352.4    411.1 2023  3  9 20 12 33.500  2.8   1
     4965  26.821834  102.951644    15.664     1328.5   -14199.5     9528.0   1093.2    790.8    851.0 2023  3  9 20 24 24.560  5.8   1
     4966  26.858474  102.943294    13.749      498.6   -10139.8     7612.9    414.4    284.6    260.6 2023  3  9 20 28 34.180  3.9   1
     4967  26.839380  102.984587    11.693     4601.5   -12255.5     5556.6    415.8    456.3    643.0 2023  3  9 20 43  5.520  3.9   1
     4968  26.849530  102.973429    11.724     3492.4   -11130.8     5587.3    792.6    359.8    593.0 2023  3  9 20 45 26.880  3.4   1
     4969  26.849927  102.952848    10.603     1447.9   -11086.8     4466.9    377.5    225.0    451.5 2023  3  9 20 49 10.180  3.5   1
     4971  26.829476  102.967790     7.863     2932.7   -13352.9     1726.9    801.1    668.2   1638.2 2023  3  9 20 56  0.000  2.7   1
     4972  26.858582  102.946956    12.979      862.7   -10127.9     6842.9    817.9    355.4    571.5 2023  3  9 20 59 26.520  3.3   1
     4974  26.864266  102.965560    13.236     2710.6    -9497.9     7099.9    358.0    314.6    431.3 2023  3  9 21  6 49.720  5.2   1
     4975  26.871942  102.934993    14.703     -325.9    -8647.4     8566.7    552.8    348.6    547.3 2023  3  9 21 12 28.800  3.3   1
     4977  26.891154  102.879850     8.796    -5802.8    -6518.6     2659.9    764.9    577.3    806.2 2023  3  9 21 21 14.400  2.6   1
     4978  26.852116  102.988859    13.444     5025.0   -10844.2     7307.2    630.9    477.6    779.8 2023  3  9 21 23 53.800  3.0   1
     4981  26.851955  102.957389    11.137     1899.0   -10862.2     5000.4    411.4    292.7    392.2 2023  3  9 21 36  5.360  3.9   1
     4982  26.856329  102.946061    14.380      774.0   -10377.3     8244.0    612.3    466.6    392.1 2023  3  9 21 40 47.760  3.0   1
     4983  26.873324  102.958040     7.105     1963.4    -8494.3      968.2    827.6    420.7    832.7 2023  3  9 21 43 21.640  3.0   1
     4984  26.846120  102.993180    10.317     5454.5   -11508.6     4180.7    555.7    359.3    667.2 2023  3  9 21 46 59.720  2.8   1
     4988  26.877911  102.909277    12.241    -2880.3    -7986.1     6104.6    564.8    400.9    351.5 2023  3  9 22 21 41.340  2.9   1
     4990  26.855001  102.924870    11.023    -1331.3   -10524.7     4887.0    519.2    420.6    389.9 2023  3  9 22 27 35.960  3.4   1
     4992  26.861397  102.955330    10.921     1694.8    -9815.8     4784.2    436.2    326.8    326.2 2023  3  9 22 48 34.400  3.8   1
     4994  26.854964  102.978996    11.718     4045.5   -10528.7     5581.7    434.4    504.7    741.0 2023  3  9 23 23 57.040  3.0   1
     4997  26.861989  102.961507    12.699     2307.7    -9750.2     6562.1    341.8    232.2    300.5 2023  3 10  0 20 44.950  5.5   1
     4998  26.892375  102.874300     5.166    -6353.9    -6383.4     -970.5   2247.3   1823.8   2458.6 2023  3 10  0 49 26.930  2.6   1
     4999  26.853886  102.951196    11.556     1283.9   -10648.1     5419.9    275.9    216.3    277.7 2023  3 10  0 50 10.610  4.2   1
     5000  26.851642  102.976742    14.772     3821.5   -10896.8     8636.0    395.2    467.3    465.9 2023  3 10  1 32 17.130  4.6   1
     5001  26.859544  102.966447    12.298     2798.9   -10021.1     6162.0    311.8    292.6    257.1 2023  3 10  1 58 31.600  2.6   1
     5002  26.940147  102.853866     7.891    -8381.9    -1090.2     1755.0    374.1    310.5    567.6 2023  3 10  2 12 39.300  3.4   1
     5004  26.868079  102.906624     9.183    -3144.0    -9075.6     3046.5   1015.8    743.9    407.9 2023  3 10  2 51 15.710  3.4   1
     5005  26.946639  102.838688     9.812    -9889.0     -370.8     3675.2    303.1    311.6    382.3 2023  3 10  2 53 24.800  3.2   1
     5007  26.841960  102.976115     9.420     3759.2   -11969.6     3283.7    269.6    240.1    398.0 2023  3 10  3 17 29.440  3.0   1
     5009  26.848183  103.011841    14.757     7308.8   -11280.1     8620.3    717.7    572.7    653.7 2023  3 10  3 28 22.810  3.7   1
     5010  26.848484  102.947607    10.389      927.0   -11246.7     4252.9    374.1    322.7    556.2 2023  3 10  3 57 59.450  3.5   1
     5011  26.868317  102.930916    11.821     -730.8    -9049.1     5684.9    369.7    301.2    321.3 2023  3 10  5 39 33.770  2.9   1
     5012  26.953725  102.809530    11.172   -12784.2      414.4     5036.1    844.2    715.8    661.0 2023  3 10  6  4 49.250  2.8   1
     5014  26.867301  102.953564    11.864     1519.0    -9161.7     5727.4    344.9    320.6    246.8 2023  3 10  6 35 52.600  3.3   1
     5015  26.975470  102.802222     9.437   -13508.1     2823.6     3301.0    632.8    469.1    733.6 2023  3 10  6 36 58.260  2.9   1
     5021  26.859141  102.913192     8.700    -2491.8   -10065.9     2563.3    610.0    423.7    453.8 2023  3 10 10 18  2.270  2.9   1
     5022  26.847498  102.993905    10.526     5526.8   -11356.1     4389.4    321.7    263.0    309.9 2023  3 10 11 21 23.550  3.4   1
     5023  26.859682  102.968815    13.905     3034.0   -10005.9     7768.2    275.6    295.8    214.2 2023  3 10 12 19 19.430  3.5   1
     5024  26.840456  102.979663    13.422     4112.0   -12136.1     7285.6    554.4    342.3    538.3 2023  3 10 13 19 22.060  4.1   1
     5030  26.863971  102.960498    10.688     2207.4    -9530.6     4551.8   1291.3    974.8   1153.0 2023  3 10 14 54 40.440  2.6   1
     5032  26.848757  102.934546    13.902     -370.5   -11216.4     7765.9   1315.8    528.5    598.7 2023  3 10 16 13 27.840  3.8   1
     5036  27.033667  102.899829    11.218    -3816.2     9272.0     5082.0    389.1    245.7    373.3 2023  3 10 18  8  4.040  4.8   1
     5039  26.841679  102.906576     8.728    -3148.8   -12000.7     2591.7    784.0    496.2    769.8 2023  3 10 18 44 12.400  2.9   1
     5041  27.023460  102.896444    11.716    -4151.9     8141.1     5579.1    450.6    307.3    372.7 2023  3 10 18 52 49.780  3.7   1
     5042  27.036171  102.888737     7.635    -4916.7     9549.6     1498.5    619.0    459.8    484.2 2023  3 10 18 54 26.660  3.8   1
     5043  27.035616  102.901554     9.268    -3644.9     9488.1     3131.3    553.1    469.7    325.5 2023  3 10 18 57 22.840  3.7   1
     5044  27.029065  102.882096    10.426    -5576.3     8762.1     4289.3    470.7    348.1    385.1 2023  3 10 19  2 23.560  3.3   1
     5045  27.028251  102.899382     9.442    -3861.0     8672.0     3305.8    598.1    444.0    405.0 2023  3 10 19  5 56.440  3.2   1
     5046  27.035817  102.908374     7.754    -2967.7     9510.3     1617.3    696.9    460.5    413.5 2023  3 10 19  8  5.920  3.1   1
     5048  27.015892  102.899870    11.608    -3812.2     7302.5     5471.1    551.3    527.0    475.2 2023  3 10 19 23 42.860  2.3   1
     5049  26.868353  102.946761    10.326      842.8    -9045.0     4189.2    408.9    326.5    415.2 2023  3 10 19 42 54.160  3.0   1
     5051  27.030414  102.886523    12.444    -5137.0     8911.5     6307.2    497.0    311.7    404.1 2023  3 10 19 48 21.480  4.0   1
     5052  27.025409  102.902783     9.048    -3522.6     8357.1     2912.0    632.9    332.3    458.3 2023  3 10 19 55 36.560  3.2   1
     5053  26.976703  103.020833     8.543     8196.9     2960.3     2406.9    514.0    759.1    693.6 2023  3 10 20  2 56.200  2.9   1
     5054  26.855672  102.968945     7.761     3046.8   -10450.1     1624.4    559.9    373.4    646.6 2023  3 10 20 14 21.840  3.4   1
     5055  27.027700  102.897803    10.060    -4016.9     8610.8     3924.1    567.8    268.4    329.8 2023  3 10 20 25 37.900  3.9   1
     5056  27.019912  102.885612    14.419    -5227.4     7748.0     8282.3    802.8    494.6    551.7 2023  3 10 20 28 52.880  3.1   1
     5061  26.856417  102.967619     8.529     2915.1   -10367.8     2392.5    420.6    347.1    554.0 2023  3 10 21  1 11.540  3.5   1
     5064  26.849571  102.970418     6.156     3193.4   -11126.3       19.9    266.5    275.7    609.6 2023  3 10 21 25  8.900  3.2   1
     5065  26.846018  102.943652     9.428      534.7   -11519.8     3291.7    347.9    245.7    376.8 2023  3 10 21 37 59.520  3.1   1
     5066  27.037183  102.801188     8.952   -13607.1     9661.5     2815.2    377.3    433.6    340.4 2023  3 10 21 42 31.720  2.3   1
     5070  26.853099  102.968506     8.456     3003.4   -10735.3     2320.0    329.4    223.9    519.9 2023  3 10 22 15  6.200  3.0   1
     5071  27.120671  102.851685    13.680    -8591.5    18912.4     7543.4    448.8    260.6    315.1 2023  3 10 22 20 47.880  3.5   1
     5072  26.868447  102.938835    12.903       55.6    -9034.7     6767.0    348.6    245.7    238.0 2023  3 10 22 47  7.080  2.2   1
     5074  26.912931  102.855811     8.097    -8189.8    -4105.7     1960.9    517.5    254.0    467.2 2023  3 10 22 54 53.120  2.8   1
     5078  27.084314  102.877287    12.241    -6052.7    14883.8     6104.6    651.0    426.9    458.9 2023  3 10 23  3 53.680  2.9   1
     5079  26.857322  102.950513     5.679     1216.2   -10267.4     -457.4    366.8    214.9    703.9 2023  3 10 23 16  8.140  3.5   1
     5080  26.867853  102.970313     9.131     3182.6    -9100.6     2994.9    395.1    407.4    441.3 2023  3 10 23 23 55.640  3.3   1
     5082  27.029392  102.926904     7.617    -1128.7     8798.5     1481.1    798.2    781.0    768.9 2023  3 10 23 55 58.480  3.3   1
     5083  27.106246  102.827026    10.132   -11039.2    17314.1     3995.7    451.3    276.7    314.6 2023  3 11  0  8 26.740  3.5   1
     5085  26.865299  102.935889    10.504     -236.6    -9383.4     4367.3    732.2    531.7    737.9 2023  3 11  3 10 54.210  2.8   1
     5087  26.859526  102.948096    13.264      975.8   -10023.3     7127.1    896.9    384.6    572.6 2023  3 11 13  1 44.270  3.3   1
     5088  26.863816  102.918319     8.902    -1982.2    -9547.8     2765.7    560.1    495.0    673.9 2023  3 11 13 41 47.870  2.5   1
     5090  26.901213  102.950789    11.024     1242.7    -5404.2     4887.3    690.8    611.5    781.0 2023  3 11 14  5 56.920  3.6   1
     5091  26.948100  102.771452     7.129   -16565.2     -209.0      993.1    698.0   1294.0   1069.2 2023  3 11 14 29 21.430  2.3   1
     5092  27.098602  102.818555     9.613   -11879.9    16467.1     3476.6    479.2    295.4    393.6 2023  3 11 14 41 36.040  2.8   1
     5106  26.873879  102.878434     8.107    -5944.1    -8432.9     1970.9    736.6    537.0    881.1 2023  3 11 21  1 59.360  2.7   1
     5108  26.857585  103.018083    15.386     7928.5   -10238.3     9249.7    892.7    902.3   1105.2 2023  3 11 21 12 16.400  3.5   1
     5115  27.160787  103.125382    11.844    18562.4    23357.3     5707.6    338.0    396.3    398.4 2023  3 11 23 30 29.120  4.9   1
     5121  26.838700  102.941292    13.311      300.3   -12330.8     7174.9    411.3    277.6    267.8 2023  3 12  1 19  0.220  4.1   1
     5132  26.848405  102.957056     9.988     1866.2   -11255.4     3852.0    443.7    284.3    387.9 2023  3 12  8 12 14.250  3.6   1
     5142  27.052950  103.040910    10.064    10186.9    11408.8     3927.9    616.6    349.0    715.4 2023  3 12 12 20  9.100  3.2   1
     5143  26.666793  103.008716    13.055     7003.3   -31378.5     6918.6    422.8    498.8    626.9 2023  3 12 13  0 24.520  2.7   1
     5145  27.046299  102.726245    10.923   -21045.5    10671.7     4786.9    902.7    887.0   1562.9 2023  3 12 13 52 15.170  3.9   1
     5147  27.102134  102.912590    11.285    -2548.6    16858.5     5148.2   2292.2   1017.4   1134.4 2023  3 12 15  0 31.970  2.8   1
     5148  26.876322  102.893628    14.503    -4434.8    -8162.0     8367.1    785.5    489.5    542.8 2023  3 12 15 10  5.380  3.3   1
     5150  27.021320  102.797965    17.942   -13927.8     7904.0    11805.8    518.4    519.5    427.6 2023  3 12 15 38 22.330  3.2   1
     5152  26.865090  102.931421     9.189     -680.5    -9406.7     3053.1    446.9    343.9    335.1 2023  3 12 16  1 19.410  2.5   1
     5157  26.870603  102.921712    14.100    -1644.8    -8795.7     7963.5    781.0    528.6    478.0 2023  3 12 19  9 25.120  3.2   1
     5158  27.003542  102.793229     4.435   -14399.0     5934.1    -1701.2    370.3    387.3    809.7 2023  3 12 19 23 38.260  3.5   1
     5161  27.129309  102.844222     6.261    -9331.8    19869.4      124.5    438.0    316.1    683.7 2023  3 12 20 16 48.520  3.8   1
     5162  27.131309  102.835303     7.762   -10216.4    20091.1     1626.0    405.9    298.5    652.7 2023  3 12 20 30 52.180  2.9   1
     5164  27.119810  102.856795     5.686    -8084.5    18817.1     -450.0    568.9    408.8   1042.1 2023  3 12 20 59  2.920  3.1   1
     5165  26.937815  102.813338     3.964   -12406.2    -1348.5    -2172.0    974.7   1107.6   1588.8 2023  3 12 21 27  6.560  3.0   1
