        3  26.914358  102.835400    12.002   -10216.5    -3947.7     5865.3    693.5    866.9    619.8 2022  8 23 16 29 48.550  1.9   1
       21  26.872575  102.947795     8.371      945.4    -8577.2     2234.3   1916.7   1180.3   1164.3 2022  8 26  0 10 20.460  2.9   1
       41  27.166693  102.594645     7.869   -34089.7    24011.7     1732.8   2107.7   1993.8   3585.0 2022  8 26 20  0 27.640  2.7   1
       51  26.779407  103.100065     4.728    16078.0   -18900.6    -1408.5    355.6    229.7    238.7 2022  8 28 13 14 55.710  2.4   1
      147  26.854348  103.138452    16.987    19885.7   -10597.0    10850.2   1188.4    838.6   1232.1 2022  9  3 15 21 35.480  3.1   1
      218  27.104858  102.875244     6.280    -6254.6    17160.2      143.8   1538.3   1188.9   1690.3 2022  9  8 15 18 22.760  2.7   1
      309  27.163381  102.987305     2.328     4864.4    23644.7    -3808.6    872.2    378.6    711.6 2022  9 14 15 47 55.620  3.1   1
      347  26.863694  103.099780    19.017    16043.3    -9561.3    12880.5   1452.2   1363.8   1168.6 2022  9 16 15 14 30.520  2.9   1
      420  26.810610  103.001042     4.787     6236.6   -15443.1    -1349.6    232.7    179.9    289.1 2022  9 21 20 26 55.320  2.2   1
      438  27.001335  102.978304     7.336     3974.3     5689.7     1199.1   1840.9   1610.7   1569.1 2022  9 24  1 23 23.490  3.1   1
      444  27.025047  102.791105     8.809   -14608.5     8316.9     2672.5    819.7    862.0    808.1 2022  9 24  7 41 55.320  2.6   1
      455  26.752765  102.999854    16.640     6120.1   -21852.6    10504.0    520.3    297.3    375.6 2022  9 25  1 31  2.400  3.1   1
      523  27.055929  102.971566     9.524     3304.7    11738.6     3388.0   3742.8   1043.3   1113.1 2022  9 29 17 23 38.880  2.1   1
      557  26.915409  102.853158    14.095    -8453.2    -3831.0     7958.8    739.6    977.7    541.2 2022 10  2  2 39  6.470  2.6   1
      572  26.879716  103.070280     8.659    13112.3    -7786.1     2522.8    192.3    258.8    256.5 2022 10  2 21 50 13.720  1.9   1
      623  26.564158  103.056087     8.126    11718.9   -42750.7     1990.0   1467.3    910.6    980.2 2022 10  6 18 50 15.640  2.2   1
      625  26.957461  102.902653     0.024    -3537.0      828.3    -6112.1    581.8    622.6   3504.3 2022 10  6 19 54 51.240  1.9   1
      672  26.822841  102.895768    10.732    -4223.3   -14088.0     4596.0    824.9    402.8    551.2 2022 10 10  3 35  1.940  3.7   1
      732  26.868296  103.118278    18.130    17880.7    -9051.3    11993.9   1347.5   1344.1   1227.5 2022 10 14 10 37 11.450  2.2   1
      741  26.885586  103.123340    13.648    18382.4    -7135.8     7511.8   1179.6    796.5   1194.9 2022 10 15  1  4 10.400  3.5   1
      779  27.067926  102.753849     4.556   -18303.6    13068.0    -1580.2    103.9    151.9    126.2 2022 10 17 22 37 48.240  2.6   1
      789  27.243951  102.991512     4.762     5279.7    32572.1    -1374.4    419.8    332.3    230.7 2022 10 18 16 41 47.000  1.7   1
      835  27.277531  102.985018     6.468     4635.3    36292.8      331.6    374.7    558.9    380.9 2022 10 20 15 36 17.530  1.9   1
      839  26.735099  103.021297     9.812     8252.1   -23810.1     3675.1    581.6    821.6    600.6 2022 10 20 17 33 27.740  2.5   1
      856  26.791532  102.994263     6.106     5563.4   -17557.1      -30.9    367.7    588.3    660.6 2022 10 22  4 14  5.820  2.5   1
      876  26.664016  102.970304    13.061     3184.9   -31686.2     6924.4    854.1    533.1    539.3 2022 10 23 20 56  3.260  2.5   1
      890  27.069975  103.134106     6.860    19435.8    13295.2      723.5   2399.1   3399.9   4320.3 2022 10 24 17 41 37.760  3.5   1
      921  26.596661  103.073755     6.937    13474.0   -39149.3      801.0    978.1   1173.6   1234.0 2022 10 29  4 17 17.520  2.3   1
      927  27.250956  102.975399     1.984     3681.9    33348.4    -4151.9    327.0    377.1    238.3 2022 10 29 16 37 59.780  2.9   1
     1000  27.160175  103.045076    10.819    10595.6    23289.5     4682.4   4347.3   2848.5   2753.9 2022 11  7 14 44 27.860  3.0   1
     1037  27.019010  102.923820    14.625    -1434.9     7648.2     8488.4   1473.0    798.7    725.4 2022 11 21  1  6 48.740  4.6   1
     1056  27.124534  102.880998     7.130    -5683.1    19340.3      993.3    771.6    555.7   1314.3 2022 11 28 18 55 11.400  1.8   1
     1068  26.731547  103.090999     9.562    15180.3   -24203.6     3425.2    168.0    185.8    470.7 2022 12  4 21  3 17.040  1.6   1
     1104  26.870331  102.906681    10.020    -3138.2    -8826.1     3883.8    616.4    393.7    477.3 2023  1  1  1  2 48.170  2.7   1
     1113  26.613735  102.992464    12.168     5389.3   -37257.5     6032.0    275.2    204.0    235.3 2023  1  1  5 59 15.820  2.3   1
     1138  26.979193  102.895337     4.331    -4263.0     3236.3    -1805.8     80.6     47.9     61.9 2023  1  1 14 39 51.220  0.3   1
     1148  26.917655  102.904045     8.250    -3399.4    -3582.3     2113.2    310.9    294.8    207.7 2023  1  1 17  9 12.760  2.5   1
     1150  26.929954  102.922567     7.608    -1560.0    -2219.5     1471.5    322.0    292.3    331.0 2023  1  1 17 54 31.060  2.5   1
     1157  27.292566  102.986320    14.337     4763.7    37958.8     8200.2    210.6    249.8    197.4 2023  1  1 19 49  5.560  3.5   1
     1158  27.040273  102.738102    14.771   -19868.7    10004.0     8634.3    584.5   1411.5    647.9 2023  1  1 19 52 40.260  3.1   1
     1167  26.902765  102.926042    15.240    -1214.6    -5232.3     9103.7    927.6    679.6    615.3 2023  1  1 23 46  2.400  2.2   1
     1176  26.645331  102.876497    16.810    -6142.6   -33756.6    10673.5     52.5     88.3     48.7 2023  1  2  3 50 57.410  2.7   1
     1180  27.101375  102.916732     5.761    -2137.9    16774.3     -375.3   1548.6    908.0   1253.5 2023  1  2  7 38 34.340  3.9   1
     1190  26.485453  102.975228    14.193     3677.4   -51471.3     8056.2    590.9    570.3    524.1 2023  1  2 12 24  6.860  2.9   1
     1194  26.821273  102.941585    13.066      329.5   -14261.8     6930.0    333.2    281.5    285.3 2023  1  2 13 15 59.500  3.7   1
     1196  26.472396  102.975179    11.031     3672.6   -52918.3     4894.6    430.9    447.3    672.0 2023  1  2 13 51 42.270  3.6   1
     1198  26.992434  102.843970     5.683    -9362.2     4703.4     -453.8    124.6    197.0    245.8 2023  1  2 14 19 57.550  1.0   1
     1199  26.841274  102.926302    17.531    -1189.0   -12045.5    11394.9    616.7    667.8    441.1 2023  1  2 14 42 20.610  3.5   1
     1201  26.826534  102.941268    15.139      297.9   -13678.7     9002.9    700.5    699.3    570.8 2023  1  2 15 26 49.650  3.6   1
     1213  26.984786  102.897640     8.484    -4034.1     3856.0     2348.1    580.7    508.6    261.7 2023  1  2 20 38 12.040  2.4   1
     1214  26.980587  102.907088    20.388    -3096.5     3390.6    14252.0    234.8    317.0    360.9 2023  1  2 20 43 14.180  0.7   1
     1220  26.913381  102.945809    10.592      748.7    -4055.8     4455.2    636.4    602.2    659.0 2023  1  2 22 31 21.360  1.6   1
     1233  27.102018  102.981266     8.019     4266.0    16845.6     1882.4    246.1     79.6    341.0 2023  1  3  3 48 43.310  3.1   1
     1248  27.125814  102.825708    12.735   -11169.2    19482.2     6598.1    424.7    244.5    339.9 2023  1  3 10 35 16.200  2.6   1
     1252  27.092533  102.899382    14.434    -3859.7    15794.7     8297.2    557.6    277.8    646.2 2023  1  3 12 47  7.960  3.2   1
     1266  27.178577  103.118848    14.593    17912.8    25328.4     8456.2   1075.2    552.6    886.6 2023  1  3 16 18 35.630  3.5   1
     1270  27.120756  102.779549     0.348   -15749.2    18921.8    -5788.2   1241.3   1148.9   1320.8 2023  1  3 17  7 56.840  2.8   1
     1280  26.948838  102.994189     5.708     5552.5     -127.1     -427.9    611.2    793.1    922.0 2023  1  3 18 37 22.120  2.0   1
     1283  26.567039  103.026310    13.384     8757.0   -42431.5     7247.5    562.4    663.1    690.9 2023  1  3 19  7 30.080  3.1   1
     1304  27.112740  102.835938    12.511   -10154.7    18033.7     6374.1    498.0    330.1    436.6 2023  1  4  2 22 33.690  2.9   1
     1331  27.151874  102.868905     8.348    -6882.3    22369.8     2212.1    482.6    524.5    700.8 2023  1  4 14 29  2.600  2.2   1
     1334  26.703186  103.017879     3.701     7913.6   -27346.0    -2435.6   1476.1    897.7   1225.1 2023  1  4 15 35 17.780  1.9   1
     1337  26.796112  102.961117    10.719     2270.0   -17049.7     4582.3    508.7    537.7    458.1 2023  1  4 16  0 43.930  1.9   1
     1338  26.980200  102.908097    22.536    -2996.0     3347.9    16399.4    247.0    343.6    156.6 2023  1  4 16 33 13.890  0.9   1
     1345  27.202132  102.878841    12.974    -5894.9    27938.5     6837.6    934.0    735.6    485.6 2023  1  4 18 10 21.920  2.2   1
     1347  26.859607  102.826855    10.508   -11068.3   -10014.2     4371.4 146530.0  82896.1  98635.3 2023  1  4 18 46 41.840  3.5   1
     1350  26.850962  102.954533    14.090     1615.3   -10972.2     7953.9    296.5    259.3    254.1 2023  1  4 19 27 11.020  3.5   1
     1352  26.795107  102.928223    16.494     -998.5   -17160.9    10357.9    411.6    527.2    411.9 2023  1  4 20  3 39.800  2.3   1
     1360  26.964579  102.928646     5.752     -955.9     1617.0     -384.1    422.5    377.4    447.6 2023  1  4 22 34  8.940  2.1   1
     1378  27.268199  102.971631     6.243     3307.9    35258.9      106.5    309.3    413.1    250.7 2023  1  5  8 54 25.770  1.9   1
     1386  26.905823  102.960010     7.476     2159.1    -4893.4     1339.7    859.8   1301.1    613.7 2023  1  5 13 33 39.590  2.7   1
     1387  26.854598  102.953158     8.074     1478.9   -10569.2     1937.4    325.2    255.4    454.2 2023  1  5 13 36 43.040  3.8   1
     1394  27.174284  102.708740    14.265   -22769.5    24852.9     8129.1    368.6    301.2    493.1 2023  1  5 16 10 24.250  2.9   1
     1395  26.923120  102.908854     6.970    -2921.7    -2976.8      833.5    258.5    291.4    290.9 2023  1  5 16 58 37.710  3.2   1
     1402  26.814632  102.966268     9.720     2781.3   -14997.6     3583.6    504.4    474.3    395.0 2023  1  5 18 21 45.880  2.2   1
     1404  26.993170  102.805216     2.558   -13209.5     4785.0    -3578.6    407.7    378.9    747.6 2023  1  5 18 26 49.340  2.6   1
     1405  26.798997  102.972949    14.749     3445.7   -16730.0     8613.0    545.2    686.4    462.8 2023  1  5 18 48 23.160  3.0   1
     1406  26.975328  102.908944    19.554    -2912.2     2807.9    13417.9    165.1    326.1    520.6 2023  1  5 18 53 13.880  1.2   1
     1410  26.847129  102.946769     4.551      844.4   -11396.8    -1585.8    471.3    413.5    737.2 2023  1  5 19 19 20.860  2.6   1
     1411  26.922266  102.838241    10.781    -9934.1    -3071.4     4644.6    679.6    901.9    634.0 2023  1  5 19 20 31.660  2.4   1
     1412  26.850647  102.943075     4.581      477.0   -11006.9    -1555.3    421.1    469.7    886.6 2023  1  5 19 34 36.200  2.3   1
     1413  26.851619  102.917879    12.522    -2025.9   -10899.1     6385.4    487.8    357.0    349.3 2023  1  5 19 38 54.920  3.3   1
     1414  27.013796  102.913534    13.304    -2455.8     7070.3     7167.2   1006.5    946.0    558.8 2023  1  5 19 41 40.220  2.8   1
     1417  26.851740  102.910872    14.038    -2721.7   -10885.9     7901.2    575.6    338.4    326.1 2023  1  5 19 57 22.800  2.6   1
     1424  27.004449  102.909709     6.299    -2836.1     6034.8      162.8    900.3    711.4    643.3 2023  1  5 21  2 21.260  3.1   1
     1425  26.828835  102.962817    14.466     2438.2   -13423.9     8329.9    405.4    344.0    387.1 2023  1  5 21  4 48.560  3.5   1
     1428  26.827374  102.968978    16.939     3050.6   -13585.7    10802.7    624.4    502.3    468.4 2023  1  5 21 57 36.580  5.6   1
     1431  26.833179  102.955037    10.926     1665.8   -12942.4     4789.8    299.8    213.1    320.7 2023  1  5 22  4  9.800  4.9   1
     1432  26.872410  102.860400    10.610    -7735.5    -8595.7     4473.6    552.2    824.3    968.6 2023  1  5 22  8 18.040  2.8   1
     1433  26.836194  102.943831    10.952      552.5   -12608.5     4815.4    501.7    363.7    368.8 2023  1  5 22 15 54.360  2.9   1
     1435  26.670705  102.999276    22.810     6065.0   -30945.1    16673.6    242.2    272.5     58.5 2023  1  5 22 19 14.540  2.5   1
     1436  26.825401  102.955469    14.377     1708.7   -13804.2     8240.3    334.5    253.7    305.9 2023  1  5 22 21  5.480  5.6   1
     1439  26.855015  103.003540    14.823     6483.2   -10522.9     8687.0    753.9    541.1    667.2 2023  1  5 22 43 29.800  5.2   1
     1440  26.829806  102.961662    13.550     2323.7   -13316.2     7413.5    227.2    247.8    215.0 2023  1  5 22 45 17.520  4.8   1
     1441  26.837691  102.960352    12.348     2193.2   -12442.4     6211.4    264.4    177.3    227.7 2023  1  5 22 47 20.320  3.1   1
     1442  26.804055  102.912638    15.968    -2546.8   -16169.5     9831.1    961.9    736.2    701.7 2023  1  5 22 55 34.980  3.9   1
     1444  26.825907  102.968595    15.834     3012.6   -13748.1     9697.5    374.9    365.0    449.5 2023  1  5 23  2 29.760  3.2   1
     1445  26.835427  102.966748    12.082     2828.6   -12693.5     5945.3    325.8    243.4    317.3 2023  1  5 23  5 44.480  4.0   1
     1446  26.842023  102.951530    16.408     1317.3   -11962.7    10271.3    604.4    402.6    439.3 2023  1  5 23 11 18.480  3.4   1
     1448  26.818044  102.960132    14.694     2172.1   -14619.6     8557.5    264.0    279.1    239.6 2023  1  5 23 27 57.080  5.4   1
     1449  26.829905  102.929215     8.670     -899.7   -13305.2     2534.0    151.8    116.2    215.0 2023  1  5 23 33 36.320  3.2   1
     1450  26.815735  102.939396    15.702      111.5   -14875.4     9565.9    551.2    429.5    434.5 2023  1  5 23 38 26.920  3.7   1
     1451  26.841866  103.010173    16.967     7142.6   -11980.0    10830.9   1845.9   1199.9   1249.5 2023  1  6  0 11 42.800  3.5   1
     1461  26.844094  102.919385    11.695    -1876.1   -11733.1     5558.7    863.4    554.3    583.2 2023  1  6  2  9 13.140  3.6   1
     1465  26.833818  102.962028    16.814     2359.7   -12871.7    10678.1    441.2    418.9    345.1 2023  1  6  2 50 22.410  5.9   1
     1466  26.811031  102.965991    10.898     2753.8   -15396.6     4762.1    741.6    968.6    929.5 2023  1  6  2 56 23.490  3.5   1
     1467  26.836599  102.958268    12.100     1986.5   -12563.7     5963.2    248.3    206.7    217.9 2023  1  6  2 57  1.020  3.8   1
     1469  26.837858  102.952376    12.666     1401.5   -12424.0     6529.7    262.2    226.0    273.6 2023  1  6  3  0 59.270  3.6   1
     1470  26.828811  102.948730    13.175     1038.8   -13426.6     7038.1    263.7    255.1    262.7 2023  1  6  3 25  4.030  3.7   1
     1474  26.827443  102.953874    15.721     1550.2   -13578.0     9584.8    723.7    918.6    508.9 2023  1  6  3 41 32.280  3.4   1
     1478  26.816919  102.954980    16.056     1659.9   -14744.1     9919.5    839.7    463.8    617.3 2023  1  6  4 27  4.690  3.8   1
     1479  26.837099  102.960547    14.233     2212.8   -12508.0     8096.4    374.5    424.6    430.5 2023  1  6  4 27 46.330  3.9   1
     1480  26.827053  102.970931    13.511     3244.7   -13621.3     7374.5    304.5    280.8    330.6 2023  1  6  4 51 23.310  3.7   1
     1489  26.810482  102.967391    11.886     2893.4   -15457.4     5749.4    372.9    558.4    382.2 2023  1  6  6  5 52.330  3.0   1
     1490  26.834760  102.958797    13.510     2039.0   -12767.3     7373.8    449.7    323.9    393.7 2023  1  6  6  8 33.500  3.0   1
     1491  26.844006  102.933537     8.116     -470.8   -11742.8     1979.8    150.8    109.4    214.8 2023  1  6  6 12 13.430  3.1   1
     1494  26.942948  102.846379    14.790    -9125.4     -779.8     8654.0    656.1    399.3    465.1 2023  1  6  7  0 26.850  3.4   1
     1496  26.834231  102.960409    13.757     2199.4   -12825.9     7620.1    262.6    257.6    295.1 2023  1  6  7 51  6.930  4.0   1
     1509  26.834288  102.983130    16.880     4456.7   -12819.8    10743.8    458.6    533.0    423.3 2023  1  6 11  5  1.410  3.2   1
     1510  26.970683  102.919808     8.362    -1833.5     2293.4     2226.0    419.1    488.0    337.4 2023  1  6 11 15 40.300  5.4   1
     1511  26.834353  102.961987    14.284     2355.8   -12812.5     8148.1    289.5    220.2    361.3 2023  1  6 11 24 59.760  3.7   1
     1520  26.833523  102.955241    14.294     1685.7   -12904.5     8157.2    294.1    279.3    334.1 2023  1  6 14 37 17.560  3.7   1
     1525  27.105847  102.786914    19.216   -15019.5    17269.8    13079.8   1057.2   1090.3    843.6 2023  1  6 15 51 55.290  3.3   1
     1530  26.838243  102.941740    10.384      344.7   -12381.5     4247.9    722.6    540.1    608.9 2023  1  6 16 14 42.600  2.7   1
     1531  26.887356  102.940861     8.932      256.8    -6939.6     2795.8   2386.1   3797.8   4662.2 2023  1  6 16 35 36.810  2.5   1
     1538  26.790906  102.975309     7.896     3680.1   -17626.5     1759.8    274.8    409.8    608.2 2023  1  6 17  7 21.200  2.2   1
     1546  26.868630  102.882943     4.478    -5496.3    -9014.5    -1658.6    536.6    229.8    441.6 2023  1  6 18 53 36.500  2.2   1
     1548  26.979163  102.938908    11.854       62.7     3232.8     5717.2    843.6    557.4    716.9 2023  1  6 19 28 33.340  2.8   1
     1551  26.825149  102.949080    13.228     1073.9   -13832.3     7091.5    275.2    253.0    302.0 2023  1  6 20 36  5.420  3.7   1
     1555  27.155760  102.838452     8.320    -9902.9    22800.3     2183.9    901.2    874.1    915.6 2023  1  6 21  7 33.880  4.9   1
     1558  26.829836  102.962793    13.250     2436.3   -13312.9     7113.8    255.5    247.4    270.3 2023  1  6 21 38 29.200  4.3   1
     1561  26.821391  102.968994    17.418     3052.6   -14248.7    11281.8    628.0    421.5    391.0 2023  1  6 22 13 55.780  4.5   1
     1566  26.822194  103.018066    13.455     7928.1   -14159.7     7318.8   1255.7   1184.4    998.9 2023  1  6 23 10 13.040  3.2   1
     1573  27.093429  102.979948     8.037     4136.0    15894.0     1900.3    247.9     85.3    387.6 2023  1  7  0 47 17.390  3.2   1
     1578  27.203406  102.839006     9.670    -9845.8    28079.6     3533.3    373.0    459.0    370.1 2023  1  7  2 53 57.070  2.2   1
     1584  26.939162  102.671338    12.433   -26507.4    -1199.2     6296.6    393.0    441.3    426.5 2023  1  7  5 10 35.680  2.9   1
     1587  26.809064  102.999797     2.348     6113.0   -15614.5    -3788.0    227.5    173.8    314.4 2023  1  7  6 59  0.730  3.5   1
     1598  26.842251  102.947445    15.127      911.4   -11937.4     8990.5    521.1    458.6    406.8 2023  1  7 11 38 45.550  3.3   1
     1603  27.305031  102.967350    15.193     2883.0    39340.0     9056.4    175.2    244.4    218.7 2023  1  7 14 10 41.150  2.8   1
     1607  26.962606  102.886515     8.403    -5139.3     1398.3     2267.1    767.5    421.9    529.0 2023  1  7 15 39 14.060  2.9   1
     1608  27.103267  102.866699    13.765    -7102.2    16984.1     7629.0    360.7    207.9    164.5 2023  1  7 15 40  8.830  4.2   1
     1611  26.840011  102.948551    14.324     1021.0   -12185.5     8187.9    239.5    244.8    325.4 2023  1  7 16 37 55.380  2.6   1
     1620  26.814303  102.957666    12.552     1926.5   -15034.0     6415.2    263.4    352.5    318.8 2023  1  7 20 13  6.540  3.4   1
     1626  27.057172  102.674544     6.063   -26175.8    11876.4      -73.0    382.1    558.6    364.5 2023  1  7 21 13 44.480  2.9   1
     1628  26.986351  102.991545    10.521     5289.3     4029.4     4384.5   1028.5   1065.9    848.9 2023  1  7 22 20 54.920  2.8   1
     1635  26.989337  102.911426    10.419    -2665.6     4360.2     4283.1    658.4    506.0    450.5 2023  1  8  2 20 23.170  3.0   1
     1643  26.788615  102.963753     9.594     2531.9   -17880.3     3457.1    445.5    529.0    839.8 2023  1  8  4 44 11.920  2.7   1
     1644  26.837551  102.946110    13.394      778.4   -12458.2     7257.1    288.6    308.0    309.7 2023  1  8  5 28 16.570  3.7   1
     1646  26.869491  102.848950    10.323    -8872.5    -8919.1     4186.2   2184.2   2324.2   1512.5 2023  1  8  5 59 42.990  5.1   1
     1651  27.025496  102.884188     7.449    -5368.5     8366.7     1312.8    647.0    657.7    754.4 2023  1  8  7  1 45.160  3.4   1
     1652  26.829594  102.968156    12.726     2968.8   -13339.8     6589.4    597.1    567.4    512.7 2023  1  8  7 43 55.900  3.2   1
     1653  26.836273  102.951969    14.174     1360.4   -12599.6     8037.9    264.6    218.2    222.8 2023  1  8  9 21  3.240  3.7   1
     1655  27.030888  102.793628    13.358   -14357.7     8964.3     7221.7    919.4    906.8    638.8 2023  1  8  9 44 14.220  3.2   1
     1657  27.130823  102.871257    12.881    -6649.5    20037.2     6744.8    667.6    397.7    484.6 2023  1  8 10 34 34.150  4.5   1
     1659  27.146798  102.771021    11.416   -16594.0    21807.4     5280.1    285.8    230.3    365.4 2023  1  8 11  7 30.660  2.9   1
     1662  26.832241  102.947388    12.892      905.5   -13046.3     6756.1    261.6    211.7    348.8 2023  1  8 12 18 53.450  3.6   1
     1674  26.524349  103.021566    11.345     8285.9   -47161.7     5208.9    754.5    996.2   1114.4 2023  1  8 16 58 43.770  3.5   1
     1675  26.830440  102.951050    11.154     1269.7   -13246.0     5017.8    299.0    263.5    330.4 2023  1  8 17  5 43.960  3.1   1
     1678  26.682829  102.996053    13.900     5744.4   -29601.7     7763.7    431.3    256.2    387.7 2023  1  8 18  3 48.840  3.2   1
     1679  26.921191  102.971257    19.046     3275.7    -3190.6    12910.0    142.2    302.5    177.4 2023  1  8 18 10 39.480  2.5   1
     1688  26.827273  102.959269    14.238     2085.7   -13596.9     8101.8    340.0    327.0    274.3 2023  1  8 20 59 20.120  3.0   1
     1690  26.996425  102.907414    16.305    -3063.8     5145.7    10168.6   2026.4   1710.6   1657.2 2023  1  8 21 29 31.160  2.8   1
     1691  26.935040  102.858382    12.083    -7933.7    -1656.1     5947.1    468.6    394.9    316.1 2023  1  8 21 39 13.640  3.3   1
     1692  26.936452  102.868864    12.545    -6892.6    -1499.7     6408.4    502.4    396.2    284.2 2023  1  8 21 47 29.700  3.2   1
     1694  26.509170  102.994784    10.775     5622.6   -48843.7     4638.6    450.5    529.8    677.7 2023  1  8 22 47 19.760  4.4   1
     1696  26.893199  102.927238    10.845    -1096.0    -6292.1     4708.9    374.0    344.0    439.8 2023  1  9  1  2 25.250  3.1   1
     1703  27.213070  103.016121    12.167     7721.7    29150.4     6030.7    769.9    520.5    616.3 2023  1  9  5 52  9.980  4.2   1
     1709  26.741364  102.966585    10.789     2814.3   -23116.0     4653.0    981.2   1124.2   1245.8 2023  1  9  7  7 25.610  3.3   1
     1719  26.884052  102.942855     9.506      454.8    -7305.8     3369.9    435.7    340.0    410.8 2023  1  9 16  6 17.470  3.2   1
     1720  26.878029  102.943514    10.517      520.8    -7973.0     4381.1    416.9    356.5    409.3 2023  1  9 16 14 24.770  3.0   1
     1721  26.874790  102.942171     9.384      387.2    -8331.8     3248.1    413.2    325.5    287.5 2023  1  9 16 39 28.720  3.0   1
     1722  26.873444  102.959823    14.701     2140.9    -8481.1     8564.7    536.2    555.1    708.6 2023  1  9 16 57 16.400  4.2   1
     1727  26.883850  102.960156    10.569     2173.2    -7328.0     4432.8    470.0    356.7    431.4 2023  1  9 19  8 37.980  2.9   1
     1729  26.964315  102.916528     4.495    -2158.9     1587.8    -1641.7    756.9    481.1    677.0 2023  1  9 19 18 43.680  2.5   1
     1730  26.863562  102.951050     7.722     1269.4    -9576.0     1585.9    384.0    276.9    464.1 2023  1  9 19 27 32.440  2.9   1
     1731  26.937392  102.884139    11.196    -5375.4    -1395.3     5060.1    465.5    477.2    420.3 2023  1  9 19 36  8.060  2.9   1
     1732  26.877869  102.947518    10.406      918.7    -7990.8     4269.4    359.6    293.0    335.0 2023  1  9 20 35 17.380  4.9   1
     1733  26.884019  102.946354    10.770      802.5    -7309.3     4633.6    357.0    310.9    379.8 2023  1  9 20 39 20.860  3.4   1
     1734  26.877083  102.945085     8.715      676.3    -8077.9     2578.8    367.7    281.3    399.6 2023  1  9 21 45  5.440  3.0   1
     1737  26.885232  102.943840    10.699      553.1    -7175.0     4562.8    371.7    307.9    286.8 2023  1  9 22  7  4.500  3.6   1
     1738  26.884159  102.945207    11.881      688.4    -7293.8     5744.4    488.7    481.6    496.0 2023  1  9 22 12 25.440  3.7   1
     1742  27.038336  102.828320    11.006   -10913.9     9789.5     4869.7    506.2    538.4    584.2 2023  1  9 23 27  6.800  3.3   1
     1748  26.883643  102.941960    10.478      365.8    -7351.1     4341.6    384.5    311.4    355.2 2023  1 10  1 44 54.780  2.7   1
     1752  26.909688  102.940812     7.401      252.0    -4465.0     1264.2    508.3    576.8    932.9 2023  1 10  4 13  0.530  2.8   1
     1760  27.023783  102.791520     3.462   -14568.0     8176.9    -2674.0    346.3    514.6    911.7 2023  1 10  7 20 18.320  3.0   1
     1765  26.985958  102.862199     7.907    -7552.8     3985.9     1770.8    260.0    335.9    201.1 2023  1 10  8 19 50.520  3.9   1
     1770  26.869975  102.922266     7.510    -1590.0    -8865.3     1373.6    546.8    435.3    407.0 2023  1 10  9 51  7.700  3.4   1
     1778  26.871118  102.956071    19.200     1767.5    -8738.8    13063.9   1190.3    781.9    589.6 2023  1 10 13 34 23.820  3.4   1
     1779  26.849251  102.923926    11.301    -1425.6   -11161.7     5164.6    558.0    460.0    446.4 2023  1 10 13 36 48.280  3.4   1
     1780  26.879710  102.936841     8.433     -142.5    -7786.8     2296.6    619.1    707.2    759.4 2023  1 10 14 22  2.390  2.8   1
     1781  26.827020  102.952059    11.337     1369.4   -13624.8     5200.4    624.4    403.6    544.3 2023  1 10 15  7 20.700  2.9   1
     1783  26.857284  102.923763    15.451    -1441.3   -10271.7     9314.7    614.5    413.9    334.9 2023  1 10 15 13 25.930  3.7   1
     1785  26.849644  102.933325    12.228     -491.7   -11118.2     6092.0    446.7    452.0    382.1 2023  1 10 16 19 19.210  2.9   1
     1790  26.973368  102.921639     5.954    -1651.4     2590.9     -182.3    426.1    279.4    391.5 2023  1 10 18 32 50.840  2.7   1
     1802  26.358616  103.042350    20.919    10361.4   -65525.4    14782.9    199.6    268.5    231.4 2023  1 10 21 28 35.140  3.3   1
     1805  27.119676  102.811556     8.665   -12573.2    18802.0     2528.4    737.5    421.8    871.1 2023  1 10 22 46 21.860  3.2   1
     1810  26.847898  102.935946    15.658     -231.6   -11311.5     9522.0    535.8    393.7    312.9 2023  1 11  0  7 17.780  3.6   1
     1812  26.953013  102.905965     8.892    -3208.4      335.5     2755.2    743.6    445.7    289.0 2023  1 11  0 36  5.800  2.7   1
     1823  27.110874  102.833529    14.380   -10393.6    17827.0     8243.5    366.0    270.1    244.1 2023  1 11  4 48 26.140  4.3   1
     1828  27.137311  102.809489    11.479   -12777.5    20756.2     5342.1    219.9    218.6    370.3 2023  1 11  7 16 53.220  3.3   1
     1846  26.877759  102.934684    11.640     -356.4    -8003.0     5503.7    485.6    407.9    281.2 2023  1 11 12 40 18.140  3.3   1
     1847  27.102460  102.857284    13.157    -8037.0    16894.5     7020.4    339.8    217.8    284.7 2023  1 11 12 47 56.460  2.5   1
     1855  26.881551  102.940771    10.260      248.4    -7582.8     4123.5    388.2    290.3    311.8 2023  1 11 15 39  2.760  3.5   1
     1862  26.889103  102.942627     9.883      432.4    -6746.0     3746.4    429.6    414.9    286.0 2023  1 11 18 31 49.400  3.0   1
     1868  26.876278  102.955900    19.911     1750.7    -8167.1    13774.9   1315.1   1042.6    759.4 2023  1 11 20 35 25.940  2.9   1
     1878  27.028099  102.795117    17.664   -14210.4     8655.2    11527.2    483.2    498.8    384.7 2023  1 12  1 42  2.140  3.9   1
     1884  27.104234  102.871883    16.570    -6587.8    17091.2    10433.7    719.1    463.8    518.6 2023  1 12  6 25 51.630  6.0   1
     1885  27.116105  102.798755    14.778   -13844.3    18406.6     8641.2    425.3    310.6    367.7 2023  1 12  6 36 45.960  5.0   1
     1893  26.991168  102.910986     2.625    -2709.2     4563.2    -3510.9    976.6   1012.3   1052.7 2023  1 12  9 17 59.720  2.8   1
     1895  27.080695  102.924015    17.948    -1415.3    14482.9    11812.0    833.0    586.0    444.1 2023  1 12  9 24 17.860  3.9   1
     1897  27.028560  102.858813     6.310    -7887.3     8706.2      173.8    344.6    963.2    557.6 2023  1 12  9 59 56.900  2.5   1
     1898  27.117495  102.811108    13.408   -12617.9    18560.4     7272.1    462.4    297.8    345.4 2023  1 12 11  0 25.500  4.2   1
     1912  27.092855  102.805062    18.779   -13219.4    15830.3    12642.8    951.5    846.7    754.8 2023  1 12 18 39  9.000  3.1   1
     1920  26.862425  103.011043     8.708     7228.5    -9702.0     2572.1    642.4    511.4    795.0 2023  1 12 20 14 58.940  2.5   1
     1923  27.115662  102.816610    13.514   -12072.2    18357.3     7377.7    379.3    208.0    277.1 2023  1 12 21 27 16.860  4.8   1
     1924  27.121938  102.815625    11.677   -12169.3    19052.8     5541.1    447.0    236.5    391.9 2023  1 12 22 30 23.240  3.9   1
     1926  27.105509  102.823966    14.683   -11342.5    17232.5     8546.9    519.1    396.2    313.4 2023  1 12 22 45 29.160  3.7   1
     1928  27.097382  102.866911    13.579    -7081.5    16331.9     7442.5    541.7    289.6    275.0 2023  1 13  0  2  4.850  3.5   1
     1932  26.957579  102.803646    15.964   -13367.6      841.3     9827.2   1217.3    693.2   1143.7 2023  1 13  1 21 27.390  3.5   1
     1934  27.105990  102.860929    12.229    -7674.5    17285.7     6092.4    336.6    252.5    272.1 2023  1 13  1 42 41.480  3.2   1
     1941  26.828581  102.976562    10.964     3803.9   -13452.0     4827.4    372.8    260.4    387.2 2023  1 13  5 13  5.790  3.6   1
     1947  27.112484  102.822762    14.188   -11462.1    18005.2     8051.5    269.0    292.5    437.7 2023  1 13  9 37 46.380  2.8   1
     1948  27.111137  102.855119    14.345    -8250.9    17855.9     8208.5    378.0    319.8    249.9 2023  1 13  9 48 48.310  3.4   1
     1951  26.584871  103.067179     8.415    12821.0   -40455.5     2278.2    695.2    766.1    906.2 2023  1 13 10 14 16.080  2.4   1
     1957  27.115045  102.828499    10.371   -10892.5    18289.0     4234.9    308.3    240.6    290.1 2023  1 13 11 23 47.790  3.1   1
     1960  26.875907  103.072876     6.499    13370.3    -8208.0      362.1    205.5    362.0    369.2 2023  1 13 12  0 12.650  2.8   1
     1961  27.097463  102.894963    14.766    -4298.2    16340.8     8629.2    407.6    323.1    594.3 2023  1 13 12  4 18.040  2.8   1
     1962  27.123236  102.896883    10.316    -4106.6    19196.5     4179.7   1363.1    763.8    955.8 2023  1 13 12 33 23.730  4.1   1
     1965  27.105754  102.812891    12.829   -12441.7    17259.5     6693.1    262.6    251.8    338.5 2023  1 13 13 55 47.290  3.4   1
     1968  27.093528  102.909391    16.993    -2866.0    15904.8    10856.8    478.1    293.1    434.9 2023  1 13 14 55 59.380  2.5   1
     1975  27.122217  102.824202    12.133   -11318.5    19083.7     5996.6    851.0    507.7    430.9 2023  1 13 17 40 58.040  2.8   1
     1981  27.159530  103.129541     7.544    18975.5    23217.9     1407.8    755.2    564.1   2272.2 2023  1 13 18 35 34.340  3.6   1
     1983  27.099660  102.871118    13.188    -6664.2    16584.4     7051.6    374.1    260.7    261.6 2023  1 13 18 44 10.720  3.2   1
     1986  27.094413  102.953727     6.622     1533.9    16002.9      485.8    231.7    124.8    189.9 2023  1 13 20 24 47.360  2.4   1
     1987  27.122510  102.803402     8.696   -13382.1    19116.1     2559.5    641.8    456.4    684.3 2023  1 13 20 28 56.680  3.1   1
     1999  26.784597  102.975659    13.469     3715.0   -18325.5     7333.1    482.0    481.0    508.3 2023  1 14  2  9 10.410  3.6   1
     2002  26.786110  102.979354    15.051     4081.8   -18157.7     8914.7    508.3    528.8    520.1 2023  1 14  2 13 49.160  3.6   1
     2006  27.100460  102.844295    16.200    -9326.0    16672.9    10063.8    639.0    602.6    614.6 2023  1 14  4 22 24.510  3.2   1
     2008  26.857615  102.855339     5.480    -8238.9   -10235.0     -656.3    406.1    234.9    768.8 2023  1 14  5 22 43.770  2.9   1
     2014  26.879862  102.923397     9.002    -1477.9    -7769.9     2865.9    422.6    259.8    311.0 2023  1 14  8 57 20.990  2.8   1
     2026  26.972880  102.983927     8.214     4532.8     2536.7     2077.8    315.1    324.4    456.3 2023  1 14 13 17 19.210  2.6   1
     2031  26.863062  102.908268    12.232    -2980.5    -9631.3     6096.0    791.8    546.0    511.0 2023  1 14 14 35  3.700  3.0   1
     2032  26.897156  102.828068     9.058   -10945.5    -5853.8     2921.5   4345.5   3022.2   3732.5 2023  1 14 14 39 41.820  3.4   1
     2044  26.939327  102.905013     6.264    -3302.9    -1181.1      127.7    361.9    333.6    356.8 2023  1 14 16 43 43.950  2.8   1
     2045  26.939327  102.882227    10.683    -5565.8    -1181.0     4547.1    247.8    211.4    323.4 2023  1 14 17  1 56.200  2.9   1
     2051  27.029386  102.856038     3.173    -8162.6     8797.8    -2963.2    792.6    535.8    826.3 2023  1 14 20 43 41.180  3.5   1
     2057  26.953200  102.920337     7.677    -1780.9      356.2     1540.3    397.8    363.5    345.9 2023  1 14 21 31 33.240  2.7   1
     2060  27.213601  102.859521     5.638    -7810.9    29209.2     -498.5    362.8    267.8    377.3 2023  1 14 21 48 47.400  1.9   1
     2063  27.104590  102.823128    10.742   -11426.3    17130.6     4605.8    524.4    357.2    407.3 2023  1 14 23 36 57.880  3.7   1
     2072  27.049404  102.676733     8.656   -25958.9    11015.8     2519.6    436.2    782.6    339.0 2023  1 15  1 56 54.790  3.0   1
     2077  27.066646  103.140112    11.452    20032.3    12926.3     5315.4    677.9    615.1   1232.8 2023  1 15  3  5 26.790  3.6   1
     2079  26.858708  102.993742     6.680     5510.3   -10113.9      543.3    642.4    387.8    847.5 2023  1 15  4  0 31.110  3.1   1
     2084  27.056305  102.990007     5.086     5135.1    11780.4    -1050.5    689.2    687.8    932.3 2023  1 15  5 40 13.010  2.7   1
     2105  26.747095  102.753483     1.789   -18365.6   -22480.9    -4347.7    316.3    157.5    160.8 2023  1 15 13 25 48.110  1.9   1
     2116  27.180200  102.995858     1.714     5712.2    25508.4    -4422.9    896.4    377.9    720.4 2023  1 15 16 30 19.120  2.8   1
     2119  27.109646  102.833219    13.729   -10424.5    17690.7     7592.3    419.4    261.5    324.6 2023  1 15 17 11  5.080  3.8   1
     2120  26.850352  102.924609     9.886    -1357.6   -11039.8     3749.6   1059.2    984.7    888.5 2023  1 15 17 24 37.540  2.8   1
     2121  26.895927  102.844800     6.844    -9284.2    -5989.9      707.7   4777.7   4858.0   5732.1 2023  1 15 17 27 46.360  2.8   1
     2124  26.638436  102.999740    10.258     6111.7   -34520.6     4121.7    294.2    124.8    537.4 2023  1 15 18 44 18.460  2.7   1
     2127  26.915973  102.955811    19.389     1741.3    -3768.6    13252.7    318.8    327.9    180.6 2023  1 15 19 40 19.120  3.1   1
     2145  26.821969  102.867147     9.443    -7066.7   -14184.7     3306.5   1683.3   1931.1   1525.9 2023  1 15 23 22 58.340  2.6   1
     2149  26.894342  103.125529     7.396    18598.7    -6165.4     1259.3    386.0    592.2    543.1 2023  1 15 23 45 28.480  3.5   1
     2153  26.839528  102.953507    13.064     1513.4   -12239.0     6927.9    234.3    198.3    238.9 2023  1 16  2 13 26.450  3.6   1
     2171  26.979757  102.991260     5.285     5261.2     3298.8     -851.2   1026.2    593.3    955.1 2023  1 16  8 21 20.280  3.6   1
     2172  26.968241  102.975692     5.731     3715.2     2022.7     -405.5    970.3    595.1    627.4 2023  1 16  8 34  0.500  3.8   1
     2173  26.856085  102.945996    11.323      766.8   -10404.4     5186.5    491.8    310.4    387.5 2023  1 16  8 53 26.520  3.6   1
     2175  26.850181  102.970581    14.861     3209.3   -11058.6     8724.3    600.7    409.2    560.1 2023  1 16  8 58 50.730  3.3   1
     2180  26.844137  102.941854     4.463      356.1   -11728.3    -1673.2    489.6    504.4    952.1 2023  1 16 10 14 47.540  2.7   1
     2195  26.837069  102.983309    12.719     4474.5   -12511.5     6582.6    730.1    435.5    440.8 2023  1 16 16  3 18.920  3.4   1
     2198  26.973600  102.922225     8.132    -1593.2     2616.5     1995.1    289.8    368.8    331.8 2023  1 16 16 16 44.450  3.2   1
     2199  26.967033  102.937769     8.568      -50.1     1888.8     2431.7    354.3    359.4    276.0 2023  1 16 16 20  5.830  3.0   1
     2208  26.844670  102.912378    11.603    -2572.4   -11669.4     5466.9    853.7    800.6    791.8 2023  1 16 18 25 35.240  3.2   1
     2212  27.095776  102.892074    15.204    -4584.6    16154.0     9067.7    986.0    569.2    512.3 2023  1 16 19  2 17.180  2.7   1
     2219  26.983126  102.817920     6.576   -11949.6     3672.0      439.5    461.4    398.6    546.5 2023  1 16 21  1 28.460  2.8   1
     2224  26.657300  102.908179    16.791    -2992.4   -32430.5    10654.7     45.1     58.2     47.3 2023  1 16 21 49 53.100  1.1   1
     2230  26.880644  103.045321     9.902    10633.3    -7683.2     3765.6    147.5    184.0    169.2 2023  1 16 23  4  7.160  2.5   1
     2231  26.580247  102.957902     7.922     1952.7   -40968.0     1785.4    713.0    679.5    601.9 2023  1 16 23 51 20.800  2.3   1
     2234  27.207505  102.841797     4.464    -9569.0    28533.8    -1672.0    339.7    258.4    213.3 2023  1 17  2  7 35.770  3.1   1
     2248  26.561194  103.068652    13.133    12968.9   -43079.3     6996.7    515.9    595.0    617.8 2023  1 17  7 15 21.930  4.3   1
     2264  27.120390  102.817822     5.524   -11951.3    18881.1     -612.8   1008.9    462.2   1127.2 2023  1 17 12 11 25.270  2.8   1
     2266  27.140082  102.874080     9.021    -6368.6    21063.3     2884.6    370.9    309.9    458.0 2023  1 17 12 36 10.780  3.7   1
     2269  27.118024  102.876326     5.296    -6146.5    18619.0     -839.9    655.4    390.0    902.4 2023  1 17 12 55 13.130  3.6   1
     2271  26.778505  103.120312     8.222    18089.9   -19000.4     2085.8    502.8    260.2    562.2 2023  1 17 13 44 12.520  1.0   1
     2275  27.091435  102.737809    11.630   -19893.1    15673.0     5494.1    839.1    907.1   1112.0 2023  1 17 14 23 48.860  2.8   1
     2281  27.066278  103.044637    11.173    10556.8    12885.6     5037.1    328.6    107.7    353.5 2023  1 17 15 29  9.270  3.3   1
     2293  26.826072  102.969189     8.306     3071.7   -13729.9     2169.9    517.4    223.2    647.4 2023  1 17 18 26 33.720  2.6   1
     2298  26.893943  102.890999     6.934    -4695.1    -6209.7      797.7   1325.5    980.5   1121.4 2023  1 17 19 20 34.640  2.7   1
     2302  27.078786  102.913086     7.819    -2499.3    14271.3     1682.6   1317.1    748.8    843.7 2023  1 17 20 12 10.240  3.8   1
     2303  27.131305  102.827384     4.933   -11002.1    20090.7    -1203.2    956.2    471.4   1086.4 2023  1 17 20 19  3.620  2.4   1
     2304  26.952382  102.910465     3.125    -2760.9      265.5    -3011.4    611.7    562.8    657.1 2023  1 17 20 37 19.900  1.9   1
     2305  27.034776  102.831852     8.308   -10563.8     9395.0     2171.9   4273.4   3890.0   4271.5 2023  1 17 20 43 35.940  3.1   1
     2306  26.907882  102.898682    10.205    -3931.8    -4665.2     4068.2    599.5    685.4    610.0 2023  1 17 20 57  4.440  2.7   1
     2311  27.078457  102.866105    13.248    -7161.8    14234.8     7112.1    927.0    395.8    897.1 2023  1 17 21 24 35.720  2.9   1
     2330  26.754795  103.040837    17.567    10193.2   -21627.7    11431.0    698.8    302.5    379.8 2023  1 18  2 58 19.520  3.0   1
     2348  26.998781  102.876001     6.133    -6182.6     5406.6       -3.5    327.4    160.6    186.0 2023  1 18  7 22 51.730  3.2   1
     2380  27.099229  102.896802     6.527    -4115.1    16536.5      390.4   1185.4    672.9   1278.2 2023  1 18 19 33 20.760  3.7   1
     2385  27.033752  102.813997    12.154   -12335.7     9281.6     6017.5    484.5    468.4    439.5 2023  1 18 21 12 59.400  3.2   1
     2392  26.810744  102.989746     7.163     5114.0   -15428.2     1026.4    500.5    623.5   1314.7 2023  1 19  0  3 55.730  2.0   1
     2402  26.880770  103.127677     7.037    18813.2    -7669.3      900.7    495.9    757.5    561.3 2023  1 19  3 45  0.380  2.3   1
     2409  26.953628  102.990120     6.616     5148.2      403.6      479.8    312.6    512.9    290.4 2023  1 19  5 13 45.370  2.7   1
     2411  27.028764  102.816650    17.771   -12073.2     8728.9    11635.0    719.6    549.5    519.6 2023  1 19  6 10  5.170  3.6   1
     2416  26.898871  102.943473    23.835      516.4    -5663.7    17698.9    535.7    477.5    550.8 2023  1 19  9 27 46.410  3.5   1
     2417  26.966032  103.014844    10.094     7603.2     1777.9     3957.7    330.5    316.1    468.6 2023  1 19  9 28 27.870  4.3   1
     2420  27.111652  102.798796     3.654   -13840.3    17912.9    -2481.0   1283.3   1165.3   1096.0 2023  1 19  9 44 51.830  3.6   1
     2433  26.959129  102.901774     8.069    -3623.8     1013.0     1932.8    503.4    431.9    569.1 2023  1 19 15 25 10.090  3.6   1
     2440  26.994340  102.802686    11.686   -13461.4     4914.5     5549.8    664.8    439.7    716.4 2023  1 19 17 50  8.560  3.1   1
     2443  26.573431  103.042456    13.114    10362.2   -41723.1     6978.7    379.9    353.5    448.6 2023  1 19 18 37 36.240  3.7   1
     2447  26.860107  102.945589    11.798      726.4    -9958.6     5661.5    348.3    274.2    295.0 2023  1 19 22  6 22.960  3.6   1
     2451  26.859226  102.939250    10.786       96.6   -10056.4     4649.3    748.4    397.9    564.7 2023  1 19 22 42 21.840  3.2   1
     2453  26.932068  102.678019    12.216   -25844.9    -1985.5     6079.9    392.5    430.7    432.0 2023  1 19 23 53 15.560  1.7   1
     2454  27.275350  102.972209     4.761     3364.8    36051.3    -1375.4    368.3    511.3    378.9 2023  1 20  1  0 26.460  2.1   1
     2456  26.836399  102.888997    14.201    -4895.9   -12585.7     8065.0    829.0    562.0    434.4 2023  1 20  5 12 16.740  3.1   1
     2463  26.988904  102.812785    13.808   -12458.7     4312.3     7671.5    523.0    476.3    622.0 2023  1 20  8 24  0.370  3.4   1
     2473  26.992495  102.813021     6.897   -12435.3     4710.2      761.0    529.4    426.5    515.6 2023  1 20 16 10 14.250  2.5   1
     2476  26.936700  102.887052     7.908    -5086.3    -1472.0     1772.0    887.4    795.7    606.9 2023  1 20 16 16 38.180  3.5   1
     2478  26.661151  103.020557    22.926     8180.7   -32003.6    16790.1    242.1    270.1     60.9 2023  1 20 16 38 23.100  3.6   1
     2480  26.913466  102.928369    12.929     -983.7    -4046.4     6792.2   1156.0    664.7    766.7 2023  1 20 16 55 36.370  2.9   1
     2487  26.978125  102.898804    20.788    -3918.6     3117.8    14651.5    382.5    231.6    271.9 2023  1 20 18 16 42.820  3.0   1
     2488  27.029254  102.785018    11.238   -15212.9     8783.1     5101.8    669.0    657.7    588.5 2023  1 20 18 41 40.800  3.3   1
     2489  26.989945  102.951188     2.376     1282.4     4427.7    -3760.6    811.1    769.7    894.6 2023  1 20 18 54  6.520  2.6   1
     2490  27.113704  102.817253    14.301   -12008.8    18140.4     8164.4    461.7    263.3    378.9 2023  1 20 19  7 17.640  3.4   1
     2493  27.089626  102.919775    10.970    -1835.7    15472.5     4833.2   1189.3    676.9    653.7 2023  1 20 19 53 46.680  3.6   1
     2497  26.941677  102.884326     9.142    -5357.3     -920.5     3006.0    423.6    434.8    452.6 2023  1 20 20 25  2.480  2.8   1
     2498  26.674288  103.009416    17.123     7073.0   -30548.0    10986.5    619.4    692.6    746.1 2023  1 20 20 30 24.560  3.0   1
     2499  26.733415  102.897917    13.840    -4010.8   -23996.6     7703.6     86.3    252.5    232.3 2023  1 20 20 43 15.000  1.3   1
     2508  27.065281  102.786768    12.969   -15036.8    12775.0     6832.3    605.9    759.7    756.7 2023  1 20 21 58 54.200  3.0   1
     2510  27.033449  102.810628    14.252   -12670.7     9248.0     8115.5    625.1    459.3    535.3 2023  1 20 22 18 27.080  4.1   1
     2528  26.743776  102.981844     7.129     4330.1   -22848.6      992.7    491.0    601.3    487.1 2023  1 21 14 55 16.830  2.8   1
     2534  26.757222  103.058789    11.442    11977.6   -21358.6     5305.2   1880.5    509.4    724.7 2023  1 21 18 53 25.520  2.8   1
     2537  26.977993  102.799618    14.821   -13766.7     3103.3     8684.5    630.8    430.1    720.8 2023  1 21 19 43 34.100  3.3   1
     2543  26.981521  102.840373    14.745    -9720.2     3494.2     8608.3    614.0    407.0    554.5 2023  1 21 23 20 39.120  2.4   1
     2557  27.022174  102.872510     9.991    -6528.0     7998.7     3854.4    834.1    599.2    800.3 2023  1 22  4 54  9.810  3.5   1
     2561  26.859497  102.835270     8.034   -10232.1   -10026.3     1897.8 196415.5  77430.7 127338.1 2023  1 22  5 44 11.220  2.9   1
     2570  27.104281  102.872721     9.776    -6505.0    17096.2     3639.3    811.3    567.3    660.2 2023  1 22 12 31 33.520  3.8   1
     2576  26.841113  102.906543    13.182    -3152.2   -12063.4     7045.4    615.4    420.0    435.9 2023  1 22 14 38 34.180  3.1   1
     2587  26.966166  103.011108    27.757     7232.2     1792.8    21620.6  31264.1  26611.5  21601.9 2023  1 22 18 20 47.680  2.6   1
     2590  27.128349  102.852808    11.878    -8480.0    19763.0     5741.2    956.9    991.5    623.5 2023  1 22 18 43 58.660  3.3   1
     2595  26.924249  102.927409    11.295    -1079.0    -2851.6     5158.8    974.4    636.9    723.2 2023  1 22 20 25 59.880  2.7   1
     2597  27.084467  102.871696     8.729    -6607.0    14900.7     2592.7   1317.5    674.7   1088.6 2023  1 22 20 55 16.840  2.8   1
     2608  27.124359  102.790739    10.288   -14639.1    19321.0     4151.6    595.2    468.5    528.2 2023  1 22 23 57 49.340  3.1   1
     2620  27.016482  102.858032     4.033    -7965.8     7368.0    -2103.5    621.9    460.3    602.3 2023  1 23  7 40  5.560  4.1   1
     2630  27.059709  103.130037     9.936    19033.2    12157.6     3799.6    689.0    730.4   1561.8 2023  1 23 13 50 46.020  3.2   1
     2633  26.836798  102.908773    12.936    -2931.1   -12541.4     6799.9    151.3     31.3    169.9 2023  1 23 14 57 49.090  3.2   1
     2649  26.875462  102.901180    17.405    -3684.7    -8257.4    11268.7   1056.9    880.3    715.2 2023  1 23 20  7 57.060  3.1   1
     2654  27.103660  102.851872    15.198    -8573.8    17027.5     9061.7    466.1    342.3    338.2 2023  1 23 21 54 10.300  4.3   1
     2670  26.749632  103.034399     9.727     9553.7   -22199.8     3590.5    799.8    646.5    705.4 2023  1 24  3 45 58.170  2.8   1
     2671  27.176074  102.562012     9.220   -37325.0    25051.2     3083.2   2030.6   2073.9   3441.9 2023  1 24  3 51 25.320  2.8   1
     2674  27.113739  102.810156    11.407   -12712.5    18144.2     5270.7    370.9    332.5    305.0 2023  1 24  5 27  3.620  3.5   1
     2682  26.881691  102.872388     3.217    -6544.1    -7567.3    -2919.6    527.6    336.8   1145.8 2023  1 24 10  7 40.410  2.4   1
     2697  26.990609  102.878418     8.537    -5942.4     4501.2     2400.7    685.0    460.2    466.5 2023  1 24 16 18 14.540  3.7   1
     2700  26.975846  102.924154     8.807    -1401.5     2865.4     2671.1    386.1    467.9    226.0 2023  1 24 17  6 42.280  4.3   1
     2702  26.833746  102.864339    20.928    -7345.6   -12879.6    14792.0    920.1    637.8    744.7 2023  1 24 18 12 24.680  3.1   1
     2703  26.843361  102.931763    14.014     -646.6   -11814.4     7877.1    393.1    214.7    228.3 2023  1 24 18 28 40.720  5.3   1
     2705  26.844576  102.936141     9.961     -211.5   -11679.7     3825.1    505.4    382.2    331.3 2023  1 24 18 39  8.100  3.5   1
     2706  26.843160  102.940894    13.199      260.3   -11836.6     7063.1    476.0    197.0    338.5 2023  1 24 19  2 19.360  4.5   1
     2709  26.837956  102.926196     7.842    -1199.7   -12413.3     1705.6    496.5    396.2    559.5 2023  1 24 19 16 39.160  3.5   1
     2717  27.157843  102.735661    15.635   -20101.0    23031.1     9498.5    159.3    192.5    252.7 2023  1 24 23 32 46.820  3.7   1
     2720  26.494271  102.980290    10.872     4180.7   -50494.5     4735.8    323.8    315.0    485.5 2023  1 24 23 44 49.420  3.2   1
     2729  26.863867  102.920549    14.284    -1760.5    -9542.1     8147.6    602.9    563.4    540.1 2023  1 25  2 54 46.450  3.1   1
     2735  26.923529  102.927588     5.720    -1061.0    -2931.5     -416.6    311.4    346.6    279.1 2023  1 25  7  1 11.130  2.1   1
     2737  26.887431  102.953223     6.694     1485.0    -6931.3      557.8    544.8    702.5   1307.5 2023  1 25  9 11 23.170  2.4   1
     2738  27.020589  102.855314     4.841    -8235.1     7823.0    -1295.2    140.4    186.1    208.2 2023  1 25  9 13 17.260  0.7   1
     2748  26.969112  102.915991     8.524    -2212.0     2119.2     2387.9    256.1    336.8    260.7 2023  1 25 12 51 58.640  3.5   1
     2751  26.974379  102.920182     9.118    -1796.1     2702.8     2981.6    319.8    347.6    239.6 2023  1 25 14  8 38.810  3.4   1
     2754  26.501723  102.993498    11.053     5494.3   -49668.8     4916.2    338.3    349.1    448.8 2023  1 25 14 54 48.050  3.8   1
     2756  26.947378  102.922884     6.752    -1527.8     -289.1      615.9    541.7    450.8    502.1 2023  1 25 15 29  8.450  3.3   1
     2757  27.005560  102.921159    10.434    -1699.0     6157.7     4298.0    712.9    595.6    484.7 2023  1 25 15 48 38.800  3.1   1
     2759  27.140403  102.814128     6.707   -12317.3    21098.8      570.9    401.9    339.8    769.3 2023  1 25 16 41 11.500  1.9   1
     2762  26.945850  102.819548    11.352   -11789.7     -458.4     5215.5    508.6    732.4    601.6 2023  1 25 17 38 26.140  2.5   1
     2773  27.319371  102.961605    10.906     2313.0    40928.9     4769.5   1168.0    923.3    802.9 2023  1 25 20  6 44.000  3.7   1
     2775  26.968966  103.009326    22.237     7054.8     2103.1    16100.5  29387.8  26189.8  22093.5 2023  1 25 20 13 25.860  4.3   1
     2780  26.502273  103.028866    16.333     9013.5   -49607.9    10197.0    673.8    495.3    412.0 2023  1 25 20 56 11.560  3.3   1
     2790  26.724353  103.008740    11.650     7004.0   -25000.6     5513.4    363.0    663.3    425.1 2023  1 25 22 18 21.720  4.1   1
     2804  26.734975  102.898136    13.690    -3989.7   -23823.8     7553.9     94.3    253.4    237.3 2023  1 25 23 33 14.880  3.5   1
     2812  26.992023  102.867692     7.641    -7007.6     4657.7     1504.7    924.8    535.5    897.2 2023  1 26  1 32 51.440  2.8   1
     2813  26.737286  102.990861    11.863     5226.4   -23567.7     5726.5    526.2    810.1    494.7 2023  1 26  2  7 33.290  3.4   1
     2823  26.979852  102.907235    19.556    -3081.9     3309.3    13419.7    153.1    274.5    509.9 2023  1 26  8 13 13.850  1.8   1
     2826  26.992326  102.821200    14.952   -11623.3     4691.4     8815.8    471.1    477.3    589.9 2023  1 26  8 57 51.390  3.5   1
     2842  26.598560  103.059863    11.001    12092.4   -38938.9     4864.7    553.1    381.5    546.6 2023  1 26 18 20 19.960  3.3   1
     2844  27.110354  102.772933    12.562   -16406.5    17769.1     6425.5    705.0   1135.1   1125.7 2023  1 26 18 35 29.480  3.1   1
     2851  26.944525  102.923429     9.705    -1473.9     -605.1     3568.4    601.5    675.9    557.0 2023  1 26 20 34 54.440  2.6   1
     2852  26.879240  102.938623    21.629       34.8    -7838.9    15492.1    538.0    369.1    559.0 2023  1 26 20 41 46.000  2.9   1
     2868  26.866134  102.935693    11.817     -256.1    -9291.0     5680.7    487.3    371.9    331.2 2023  1 27  3  4  5.290  3.2   1
     2876  26.864931  102.968717    13.443     3024.2    -9424.4     7307.0    588.5    360.7    405.8 2023  1 27  6 13 52.750  3.3   1
     2877  26.686749  103.002897    13.934     6424.7   -29167.3     7797.7    424.6    253.3    400.2 2023  1 27  6 25 49.430  3.5   1
     2878  26.953699  102.978857     8.992     4029.9      411.3     2855.5    669.9    796.5    750.9 2023  1 27  7 22 12.700  2.3   1
     2889  26.989966  102.826025    13.298   -11143.8     4429.8     7161.9    660.2    431.2    559.7 2023  1 27 10 58 34.340  3.6   1
     2895  26.978878  102.900618     9.411    -3738.5     3201.3     3274.8    511.7    401.4    442.9 2023  1 27 12  9 22.740  3.3   1
     2898  26.976636  102.927067     8.918    -1112.3     2953.0     2781.9    270.8    341.7    192.5 2023  1 27 13 50 19.660  3.3   1
     2903  26.980147  102.782479    10.203   -15468.0     3342.0     4066.7   1071.1    778.0   1256.1 2023  1 27 15 32  4.800  2.5   1
     2904  26.992517  102.833350    13.667   -10416.8     4712.5     7531.0    499.6    416.7    558.9 2023  1 27 15 33 31.920  3.2   1
     2917  27.051841  102.754159     4.385   -18274.6    11285.7    -1751.4     93.8    188.1    117.4 2023  1 27 18 35 17.800  1.3   1
     2922  27.111357  102.852995     8.757    -8461.7    17880.4     2620.2    529.9    346.4    484.0 2023  1 27 20 21  5.380  3.1   1
     2925  26.986416  103.028630     6.896     8971.2     4036.4      759.5    793.0   1105.1   1249.2 2023  1 27 21 17 31.860  2.8   1
     2929  27.026329  102.765951    14.238   -17105.8     8458.9     8101.8    432.4    576.7    464.1 2023  1 27 23 50 57.520  3.2   1
     2931  27.213123  102.994222     9.923     5548.9    29156.3     3786.4    830.3    525.6    672.8 2023  1 28  0 29  4.370  2.9   1
     2933  27.000828  102.908065     2.988    -2999.2     5633.5    -3148.1     88.4     67.4    108.9 2023  1 28  0 47 21.230  1.8   1
     2936  26.825000  102.966398    14.520     2794.0   -13848.8     8383.8    273.7    237.8    286.1 2023  1 28  2  0 52.420  3.3   1
     2938  26.804451  102.943709    19.859      540.4   -16125.5    13723.1    424.8    543.6    396.7 2023  1 28  2 39 18.540  2.6   1
     2944  27.050205  102.793896     7.352   -14329.9    11104.7     1215.2    914.4   3810.2    939.9 2023  1 28  4 30 22.120  2.3   1
     2956  26.880324  102.870760    10.423    -6706.1    -7718.6     4287.0    682.6    756.7    508.4 2023  1 28 10 40 14.790  2.7   1
     2958  26.976009  102.794271    15.098   -14297.6     2883.4     8961.9    653.1    367.8    719.1 2023  1 28 11 46 10.310  3.4   1
     2964  26.923116  102.902629     6.372    -3539.6    -2977.2      235.6    329.8    335.5    430.8 2023  1 28 12 13 23.580  3.3   1
     2970  27.018744  102.835645    14.901   -10188.1     7618.6     8765.0    810.9    421.6    564.1 2023  1 28 16 10 17.490  3.4   1
     2975  27.004187  102.847355    13.443    -9025.7     6005.6     7306.2   1117.4    662.3    810.7 2023  1 28 17 16 52.620  2.7   1
     2982  26.933724  102.897030    10.200    -4096.1    -1801.8     4063.9    424.7    386.1    390.5 2023  1 28 19 57 32.200  3.4   1
     2983  26.828129  102.976058     8.201     3753.8   -13502.1     2064.3    433.0    232.3    708.4 2023  1 28 20  3 15.040  1.2   1
     2984  27.087986  102.852344    12.147    -8527.5    15290.9     6010.3   1107.6    590.4   1036.7 2023  1 28 20 38 28.600  3.2   1
     2995  26.938932  102.921004     8.860    -1715.2    -1224.8     2723.5    877.2    644.2    843.3 2023  1 29  1  1 38.610  3.2   1
     3022  26.716976  103.022127    11.302     8334.9   -25818.1     5165.8    485.0    707.4    429.1 2023  1 29 13 41  6.720  3.2   1
     3025  27.001626  102.783317    17.339   -15383.7     5721.9    11202.6   1495.7    740.6   1468.0 2023  1 29 15  3 13.780  0.8   1
     3026  27.015420  102.790454    18.128   -14674.4     7250.3    11992.0    545.8    506.7    420.2 2023  1 29 16 21 19.480  3.0   1
     3042  27.115788  102.752287     7.376   -18454.6    18371.3     1240.0    501.7    275.7    331.3 2023  1 29 20 41  5.560  1.4   1
     3045  26.878748  102.968400    15.185     2992.1    -7893.4     9048.7    795.7    620.8    672.8 2023  1 29 22 13  6.640  3.5   1
     3047  26.863670  102.945581     8.731      726.2    -9564.0     2594.7    401.7    302.5    503.1 2023  1 29 22 51 44.600  3.2   1
     3049  27.266024  102.969409     0.757     3087.6    35018.0    -5379.7    319.4    356.0    171.6 2023  1 30  0  4 58.880  2.9   1
     3060  26.891628  102.933350    10.653     -488.9    -6466.3     4516.3    776.8    450.8    692.2 2023  1 30  7 18 55.250  3.1   1
     3068  26.870968  102.936849    14.845     -141.6    -8755.4     8709.1    986.0    846.1    712.0 2023  1 30 10 44 55.510  3.2   1
     3070  27.155929  103.128735     7.354    18895.6    22819.0     1217.2    811.9    569.8   1955.2 2023  1 30 11  6 47.380  3.9   1
     3073  26.838220  102.942342     9.947      404.4   -12383.9     3810.7    437.8    335.0    378.5 2023  1 30 12  1 48.770  3.0   1
     3077  26.855536  102.940975    15.037      268.8   -10465.4     8900.4    462.0    349.4    470.8 2023  1 30 12 26 51.580  3.5   1
     3095  26.949463  102.834749    14.784   -10280.1      -57.9     8647.2    622.4    421.1    504.3 2023  1 30 21 27  4.160  3.8   1
     3097  26.976147  102.883341    12.387    -5453.7     2898.7     6251.0   2249.7   2116.7   1691.0 2023  1 30 21 54 14.160  2.8   1
     3101  26.864860  102.956047     7.997     1765.5    -9432.1     1860.4    877.9    708.0    891.6 2023  1 30 23 34 55.420  2.2   1
     3113  27.156189  103.120841    13.474    18112.1    22847.9     7337.4    351.5    678.0    343.3 2023  1 31  7  0 35.670  3.4   1
     3136  26.624754  103.007129    12.215     6846.7   -36036.7     6078.7    134.7    109.0    197.8 2023  1 31 16 27 59.290  3.8   1
     3140  26.885917  102.924308     8.481    -1386.9    -7098.9     2344.6    426.6    354.6    266.2 2023  1 31 17  3 23.640  3.8   1
     3153  26.929775  102.910116     8.535    -2796.1    -2239.5     2398.9    328.5    280.1    229.4 2023  1 31 20 31 50.780  2.5   1
     3156  26.963487  102.918888     9.768    -1925.0     1496.0     3631.4    405.8    465.0    381.3 2023  1 31 21 28 23.660  2.7   1
     3160  26.944110  102.913550    10.794    -2455.3     -651.0     4658.1    488.6    485.9    461.0 2023  1 31 22 18 58.560  2.6   1
     3161  26.928404  102.911540     7.314    -2654.7    -2391.4     1177.9    432.8    345.2    485.0 2023  1 31 22 23 52.560  2.7   1
     3178  26.948258  102.897616     7.595    -4037.5     -191.3     1458.6    537.3    450.5    311.3 2023  2  1  8 53 40.230  3.3   1
     3183  27.127271  102.878320     4.109    -5948.5    19643.7    -2027.7    636.1    509.1   1184.9 2023  2  1 10 35 39.330  3.0   1
     3199  27.012215  102.805518     5.954   -13179.2     6895.3     -182.7    409.4    420.2    602.5 2023  2  1 19 32 33.220  2.8   1
     3205  26.995068  102.860295     5.928    -7741.5     4995.2     -208.3    248.8    140.9    226.4 2023  2  1 21 43 10.840  1.7   1
     3206  27.114596  102.807959     5.414   -12930.9    18239.2     -722.7    618.2    446.9   1017.2 2023  2  1 21 53 51.380  2.9   1
     3218  27.006370  102.936882     7.636     -138.5     6247.6     1499.5    528.0    489.9    401.8 2023  2  2  3 50 12.390  3.2   1
     3219  26.976113  102.951392     6.172     1302.7     2895.0       35.2    675.0    638.0    604.4 2023  2  2  4 41  3.020  2.7   1
     3225  26.968772  102.924129    10.028    -1404.2     2081.6     3891.9    879.7    553.6    743.8 2023  2  2  8  2 15.020  2.7   1
     3243  26.841077  102.941178     9.129      288.9   -12067.4     2992.9    780.6    609.0    875.4 2023  2  2 14 48 48.610  2.8   1
     3256  27.105306  102.763371     6.759   -17356.1    17209.9      622.8    401.8    283.7    321.4 2023  2  2 18 28 39.720  2.2   1
     3260  27.235264  102.998494    11.581     5972.4    31609.5     5444.6    670.1    378.2    435.5 2023  2  2 19 11 13.120  2.6   1
     3264  26.947530  102.899186    10.677    -3881.5     -272.0     4540.2   1269.4    792.7    737.8 2023  2  2 20 27  4.280  2.9   1
     3269  26.832906  102.943571     6.737      526.0   -12972.7      600.3    425.2    321.1    574.4 2023  2  2 21 52 48.160  2.3   1
     3270  26.654333  103.009644    11.011     7096.4   -32759.0     4874.7    356.4    225.7    582.9 2023  2  2 22  9 23.980  2.8   1
     3291  27.106683  102.843538     8.860    -9400.6    17362.4     2723.2    570.9    399.4    535.2 2023  2  3  9 59 32.770  3.5   1
     3294  27.142015  102.849129     7.358    -8844.8    21277.3     1222.0    411.7    458.0    887.0 2023  2  3 12 41 11.350  3.3   1
     3336  27.163165  103.133447    11.461    19362.3    23620.9     5324.4    310.4    385.8    408.3 2023  2  4 10 29 17.550  4.6   1
     3365  26.952358  102.944238     8.541      592.3      262.8     2404.8    362.5    469.9    383.0 2023  2  4 19 34  7.760  2.5   1
     3366  26.984391  102.894588    20.069    -4337.1     3812.3    13932.1    550.8    181.4    306.0 2023  2  4 20  3 14.540  1.6   1
     3367  26.850844  102.944979    13.956      666.4   -10985.2     7820.1    395.3    290.1    270.6 2023  2  4 20  7 36.480  2.5   1
     3368  26.734143  103.088371    11.134    14918.5   -23916.0     4997.7    212.9    204.0    426.1 2023  2  4 20 33 16.400 -0.2   1
     3372  27.019126  102.776213    12.473   -16087.5     7661.1     6337.1   1330.9    849.6   1428.2 2023  2  4 21  1 48.160  4.1   1
     3373  26.984607  102.915397     5.390    -2271.5     3836.1     -746.3    585.9    456.0    500.6 2023  2  4 21 12 48.680  2.8   1
     3378  27.080745  102.902083     9.787    -3591.7    14488.5     3651.0   1396.9    719.9   1158.6 2023  2  4 22 14 28.720  2.8   1
     3392  26.492192  102.993742     9.578     5519.4   -50724.9     3442.0    348.8    450.7    444.1 2023  2  5 11 56 54.050  3.3   1
     3394  27.033775  102.908553     5.821    -2949.7     9284.0     -315.0    774.8    769.0    807.2 2023  2  5 12 37 36.850  3.1   1
     3395  26.978566  102.760994    12.094   -17601.1     3166.8     5957.7    816.3    684.2    955.4 2023  2  5 12 41 57.150  3.3   1
     3398  26.894655  102.953475     4.241     1509.8    -6130.9    -1895.8   2441.9   2092.5   3191.6 2023  2  5 16 41 16.840  3.0   1
     3405  27.000844  102.879598    15.170    -5824.8     5635.2     9033.6   2413.3   1657.9   1741.4 2023  2  5 20 21 55.300  2.4   1
     3419  26.971330  102.921069     9.460    -1708.1     2365.1     3323.4    298.0    348.4    290.5 2023  2  6  1 12 27.600  4.9   1
     3421  26.990112  102.940812     5.472      252.1     4446.0     -664.0    498.0    502.4    475.3 2023  2  6  1 43 57.790  3.2   1
     3423  27.017214  102.935824     3.440     -243.5     7449.0    -2696.3    563.1    448.2    636.9 2023  2  6  2 11 43.840  2.9   1
     3425  26.499032  103.004338    15.857     6573.3   -49966.9     9720.3    642.0    481.3    424.2 2023  2  6  4 54  6.790  3.2   1
     3432  26.373368  103.045809    17.402    10705.3   -63890.6    11266.0    201.2    259.2    369.3 2023  2  6  7 42 54.830  4.0   1
     3434  26.968703  102.913371    10.241    -2472.2     2074.0     4104.3    333.4    390.6    285.2 2023  2  6  8 30 31.150  4.5   1
     3435  26.980039  102.961108    10.746     2267.1     3329.9     4609.8    921.4    902.0    994.1 2023  2  6  9 40 26.610  2.8   1
     3442  27.006175  102.930143    11.932     -806.9     6226.0     5795.2   1078.1    873.5    870.9 2023  2  6 14  5 30.640  2.4   1
     3443  27.109611  103.201799    25.038    26149.3    17686.8    18901.7    835.0    422.8    868.9 2023  2  6 14 31 52.910  4.2   1
     3444  26.803672  102.939299     7.816      102.0   -16212.0     1679.9    915.3    971.4   1222.6 2023  2  6 14 37 34.240  2.8   1
     3446  26.828481  102.933911    11.635     -433.6   -13463.0     5498.9    160.0     50.8    179.4 2023  2  6 14 57  0.150  2.9   1
     3460  26.985099  102.943376    11.172      506.5     3890.7     5035.6   1318.7   1043.0    941.9 2023  2  6 18 26 56.100  3.3   1
     3470  27.127856  102.879329     6.385    -5848.4    19708.5      249.1    323.6    248.5    720.7 2023  2  6 22 10  4.780  2.6   1
     3494  26.942344  102.867879    10.243    -6990.2     -846.8     4106.4   1871.6   1342.7    990.3 2023  2  7 10 51 42.860  2.7   1
     3497  26.578538  103.057007    11.450    11809.0   -41157.4     5313.4    345.4    275.9    410.8 2023  2  7 12 22 33.570  3.9   1
     3498  26.581254  103.050627    10.017    11174.9   -40856.4     3880.4    454.6    325.7    477.6 2023  2  7 12 27 52.750  3.8   1
     3499  26.570449  103.054989    11.484    11608.8   -42053.6     5347.6    339.9    302.8    456.1 2023  2  7 12 51 49.860  3.6   1
     3500  26.579858  102.968368     5.478     2993.0   -41011.1     -658.5    478.7    524.6   1188.5 2023  2  7 13  0  6.440  3.7   1
     3505  27.022892  102.799487    16.774   -13776.5     8078.3    10637.1    618.5    498.7    430.7 2023  2  7 14  0  9.910  3.1   1
     3506  26.974318  102.933488     5.712     -475.3     2696.1     -424.3    465.0    463.0    482.7 2023  2  7 14 24 46.020  2.7   1
     3514  27.028514  102.864388    13.115    -7334.3     8701.0     6978.2   1168.3    944.1    863.7 2023  2  7 17 12 44.440  3.0   1
     3517  26.740267  102.744059     3.211   -19302.8   -23237.3    -2925.6    314.8    252.9    390.8 2023  2  7 18  6 57.520  1.4   1
     3521  26.574255  103.053727    11.908    11483.7   -41631.9     5771.6    305.0    256.9    428.2 2023  2  7 18 46 48.700  4.0   1
     3524  26.964565  102.852897    13.707    -8477.5     1615.4     7570.1   1009.7    661.7    650.6 2023  2  7 19 54 31.700  2.9   1
     3533  27.105485  102.850838    13.990    -8676.4    17229.7     7853.8    344.2    237.2    204.1 2023  2  7 22 51 25.800  4.0   1
     3536  26.902631  103.128581     6.920    18901.0    -5247.1      784.1    650.0    935.2   1023.2 2023  2  7 23  7  0.840  2.8   1
     3539  27.149502  102.834123     5.437   -10332.8    22106.9     -699.4    496.8    370.7    845.9 2023  2  7 23 17  1.760  3.1   1
     3561  27.124618  102.851367    12.566    -8623.3    19349.6     6429.7    464.7    245.1    391.4 2023  2  8 15 37 19.870  3.9   1
     3572  27.098855  102.860295     6.513    -7738.0    16495.0      376.6    652.8    529.8    843.9 2023  2  8 20 57 35.540  3.1   1
     3581  27.225964  102.999992     4.206     6121.1    30579.1    -1930.4    420.9    284.5    160.7 2023  2  9  4  5 17.070  1.8   1
     3584  26.831527  102.949048    17.081     1070.7   -13125.6    10944.5    662.0    676.6    389.3 2023  2  9  5 18 18.600  3.7   1
     3597  26.951062  102.937248    10.732     -101.8      119.2     4595.8    530.2    568.9    537.2 2023  2  9 13 58 42.220  2.9   1
     3603  26.926404  102.918099     8.929    -2003.6    -2612.9     2792.6    488.2    510.5    398.8 2023  2  9 17 12 51.860  1.9   1
     3623  26.936951  102.792367    11.494   -14489.2    -1444.4     5357.9    388.8    370.1    296.1 2023  2  9 22 39 57.040  3.0   1
     3641  26.823175  102.959749    13.362     2133.7   -14050.9     7225.8    321.9    340.0    409.3 2023  2 10  3 51 17.800  3.1   1
     3643  26.870327  102.940161     5.249      187.5    -8826.3     -887.4    525.5    537.6   1092.7 2023  2 10  4 12 31.530  3.3   1
     3657  27.193304  102.830420    12.764   -10698.1    26960.3     6627.5   1026.9    584.9    616.6 2023  2 10 10 23 28.880  3.0   1
     3658  27.032939  102.764412    11.937   -17258.0     9191.4     5800.2    467.2    570.9    533.4 2023  2 10 11 42 25.830  3.6   1
     3661  26.963003  102.923462     7.558    -1471.0     1442.3     1421.9    305.5    334.3    250.1 2023  2 10 13 44 34.240  3.2   1
     3668  26.920758  102.859774     8.972    -7796.0    -3238.6     2835.2     88.6     94.0    137.6 2023  2 10 15 49  8.740  1.8   1
     3673  27.012524  102.886637     1.446    -5126.1     6929.4    -4690.5    943.6    746.0   1076.8 2023  2 10 16 46 56.170  2.0   1
     3676  26.847363  102.941447     7.358      315.3   -11370.8     1221.3    464.7    528.1   1061.3 2023  2 10 18  5 36.080  2.7   1
     3677  26.976078  102.760384    13.489   -17661.9     2891.2     7352.5    608.0    773.1    607.4 2023  2 10 18 13 48.420  2.2   1
     3679  26.818038  102.964893    11.837     2644.5   -14620.2     5701.0    242.3    440.7    350.6 2023  2 10 18 51 51.000  2.9   1
     3681  26.816455  102.967025    15.974     2856.7   -14795.4     9837.9    378.7    335.9    369.1 2023  2 10 18 59 17.160  3.7   1
     3682  26.849251  103.009326    15.385     7058.4   -11161.7     9249.1    782.7    970.1    961.3 2023  2 10 20  1 54.320  2.5   1
     3689  26.814337  102.979614    14.439     4107.8   -15030.3     8303.0    384.4    475.6    407.8 2023  2 10 21 25 36.460  3.2   1
     3690  27.005768  102.887972     9.633    -4993.3     6180.8     3496.3    633.9    606.7    609.4 2023  2 10 21 35 25.200  3.2   1
     3691  26.734292  102.991667     9.036     5306.8   -23899.5     2899.8    434.8    622.0    359.6 2023  2 10 22  2 20.140  3.3   1
     3694  26.839893  102.960767    15.975     2234.8   -12198.6     9838.4    480.0    522.7    451.0 2023  2 10 22 52 55.800  3.0   1
     3696  26.818477  102.956632    12.098     1823.9   -14571.5     5961.8    256.4    360.2    318.1 2023  2 10 23 21 27.120  3.0   1
     3697  26.997648  102.806396     5.057   -13092.1     5281.2    -1078.9    366.4    445.1    628.2 2023  2 10 23 27 25.760  2.8   1
     3703  26.924733  102.890885     9.372    -4706.0    -2798.1     3235.2    418.1    359.2    439.3 2023  2 11  0 34 33.290  3.9   1
     3719  27.137138  102.731787    17.583   -20486.9    20736.9    11447.0    166.9    199.6    217.5 2023  2 11  8  1 17.770  2.8   1
     3721  27.126929  102.853101    11.137    -8451.2    19605.7     5001.1    414.6    249.2    514.2 2023  2 11  8 41  3.690  2.8   1
     3728  27.124500  103.155135    24.699    21517.5    19336.6    18562.3   1032.4   1405.6   1062.7 2023  2 11 10 43  2.860  2.8   1
     3744  26.868500  102.938192     6.087       -7.8    -9029.0      -48.9    454.6    573.8   1079.7 2023  2 11 15  5 42.430  2.9   1
     3748  26.795431  102.965617     9.109     2716.9   -17125.2     2973.0    388.8    541.0    567.8 2023  2 11 16 32 54.340  2.5   1
     3784  26.999874  102.931502     4.376     -672.3     5527.6    -1760.1    487.8    430.4    448.5 2023  2 12  3  7  9.350  3.9   1
     3786  27.173503  102.834855     5.265   -10259.2    24766.2     -871.8    565.3    686.7    749.5 2023  2 12  3 32 54.620  4.6   1
     3787  27.001103  102.800342     4.494   -13693.3     5663.9    -1641.9    267.8    383.0    710.5 2023  2 12  3 34  5.200  4.2   1
     3788  26.845760  102.953280    13.043     1491.0   -11548.4     6906.9    364.9    330.6    323.5 2023  2 12  3 36 55.170  3.0   1
     3802  27.095748  102.844116    13.737    -9343.8    16150.7     7600.9    756.3    570.1    771.9 2023  2 12  7  2 15.470  3.4   1
     3819  26.814779  102.931738    10.671     -649.0   -14981.2     4534.9   2203.7   1402.4   1475.8 2023  2 12 11 30 20.660  2.3   1
     3824  26.671159  102.908415    14.840    -2968.4   -30894.7     8703.2     42.9     60.0     43.9 2023  2 12 14  3 46.340  2.6   1
     3829  26.912494  103.000643    19.341     6194.2    -4154.1    13205.0    184.3    205.1    181.2 2023  2 12 15 20  6.950  3.0   1
     3830  26.875039  102.931055    15.414     -717.1    -8304.3     9277.7    510.4    352.3    383.5 2023  2 12 15 24 31.290  3.6   1
     3834  26.957644  102.858944    14.386    -7876.8      848.6     8250.1   1003.9    786.9    751.5 2023  2 12 16 51 25.630  2.9   1
     3835  26.833030  102.948299     2.263      996.1   -12959.0    -3872.9    801.3    619.3   1560.5 2023  2 12 17  1 26.600  2.8   1
     3848  26.837311  102.904142    21.987    -3390.7   -12484.7    15850.7    916.1    632.9    748.9 2023  2 12 19 47 48.120  3.0   1
     3849  26.956018  102.789624     5.077   -14760.2      668.4    -1059.8   2280.9   2019.9   4422.9 2023  2 12 20 14 10.780  2.4   1
     3868  26.874082  102.930623    12.490     -759.6    -8410.3     6353.9    575.6    528.4    373.0 2023  2 13  3 57 56.990  3.5   1
     3877  26.838306  102.986898    15.911     4830.4   -12374.4     9774.3    861.6    870.9    848.1 2023  2 13  6 58  8.040  3.1   1
     3886  26.494912  102.979484     9.221     4100.1   -50423.3     3084.3    226.5    338.5    397.9 2023  2 13 11 20 53.140  3.7   1
     3890  26.471130  102.976188    10.061     3773.2   -53058.4     3924.3    630.8    351.2    301.7 2023  2 13 12 44 44.880  3.3   1
     3913  27.106871  102.874430     9.018    -6335.4    17383.1     2881.5   1083.3    582.2    700.6 2023  2 13 22 17 53.520  3.0   1
     3936  27.088698  102.904956    17.538    -3306.4    15369.7    11401.8    657.9    377.4    447.3 2023  2 14 14 12 31.560  2.6   1
     3940  26.494999  102.955037     9.097     1667.8   -50413.7     2961.0    618.9    589.8   1024.7 2023  2 14 17 59 20.880  3.5   1
     3943  26.880381  102.967668    14.217     2919.9    -7712.3     8080.7    599.5    455.5    579.4 2023  2 14 21 11 56.760  3.0   1
     3948  27.110311  102.819849    14.010   -11751.0    17764.3     7873.2    622.0    455.3    388.6 2023  2 14 23  2 21.120  3.0   1
     3959  27.091809  102.826896    17.734   -11052.5    15714.5    11597.9    895.0    765.9    828.2 2023  2 15  6 37 39.050  3.9   1
     3960  27.331732  102.964567    12.805     2606.3    42298.5     6668.7   1252.7    921.8    796.2 2023  2 15  7 13 41.660  2.0   1
     3964  27.099715  102.839388    11.596    -9813.1    16590.5     5459.3    493.6    386.2    366.7 2023  2 15 10 22 17.840  3.4   1
     3970  27.113458  102.813346     9.683   -12396.5    18113.1     3547.0    393.7    326.6    355.8 2023  2 15 11 38  6.520  3.0   1
     3973  26.961981  102.910645     7.696    -2743.5     1329.2     1559.4    475.7    485.4    416.2 2023  2 15 14 54  0.720  2.3   1
     3976  27.107456  102.838908     8.029    -9860.0    17448.3     1893.1    370.4    330.1    483.3 2023  2 15 15 17 29.780  2.8   1
     3977  26.858116  102.962850    12.438     2441.6   -10179.4     6301.6   1019.7    833.4    654.4 2023  2 15 16  9 19.260  4.2   1
     3978  27.107583  102.846826     8.861    -9074.3    17462.2     2724.7    788.8    523.0    717.4 2023  2 15 16 28  5.090  2.4   1
     3981  26.511308  102.993335     7.499     5478.2   -48606.8     1362.5    246.5    423.8    482.2 2023  2 15 19 12 44.440  3.8   1
     3982  26.982558  102.796395     8.622   -14086.0     3609.1     2485.3    638.6    643.9    706.5 2023  2 15 19 18 16.120  4.0   1
     3983  26.839738  102.964958    16.629     2651.0   -12215.7    10493.0    553.8    530.3    391.3 2023  2 15 20 50 46.760  2.9   1
     4004  27.200020  102.830892    12.302   -10650.9    27704.5     6165.6    546.9    699.1    502.2 2023  2 16 15 18 47.110  2.6   1
     4005  27.136342  102.862581     6.795    -7510.3    20648.9      658.2    368.7    326.3    477.8 2023  2 16 15 51 51.340  2.9   1
     4007  27.043193  102.801742    13.462   -13552.0    10327.6     7325.7    617.9    703.9    649.6 2023  2 16 16 24  7.900  3.0   1
     4027  27.373527  102.905298    13.886    -3268.1    46929.5     7749.7   2561.2   1812.0   1829.7 2023  2 17  2  5 10.840  3.4   1
     4041  26.951807  102.921427     7.297    -1672.3      201.9     1160.2    554.0    428.4    422.7 2023  2 17 13 22  2.790  2.8   1
     4046  26.883750  102.915690     8.983    -2242.8    -7339.0     2846.2    841.4    565.6    534.3 2023  2 17 17 38 55.160  2.8   1
     4047  26.847607  102.900578    11.867    -3745.1   -11343.9     5730.8    828.7    486.9    470.9 2023  2 17 17 44 19.540  2.7   1
     4048  26.855241  102.919360    19.065    -1878.5   -10498.0    12928.3    905.5    895.4    492.6 2023  2 17 17 50 30.180  2.9   1
     4058  26.828951  102.964958    13.526     2651.0   -13411.0     7389.1    295.1    222.0    265.2 2023  2 17 23  0 31.120  3.8   1
     4083  27.142556  102.864657    11.038    -7303.6    21337.3     4901.6    343.7    269.7    251.9 2023  2 18 11  9 37.300  4.4   1
     4084  26.845654  103.004793    13.461     6608.8   -11560.2     7324.9    818.3    950.2   1087.1 2023  2 18 11 25  4.350  3.4   1
     4086  27.109011  102.848763     9.965    -8881.7    17620.4     3828.3   1348.4    717.3    825.0 2023  2 18 12  7 46.150  3.2   1
     4089  27.004358  102.864941     7.164    -7280.2     6024.6     1027.9    247.5    326.3    216.2 2023  2 18 16  4  9.000  2.2   1
     4094  27.214766  102.785197    10.400   -15182.2    29338.5     4263.6    574.9    402.9    743.0 2023  2 18 17 38 21.640  3.3   1
     4109  27.011452  102.839071     1.450    -9848.2     6810.6    -4686.5    466.4    476.4    718.3 2023  2 19  2 13 23.520  3.2   1
     4126  27.176994  102.848779    13.043    -8877.5    25153.1     6906.3   1194.9   1331.4   1028.8 2023  2 19 16 51 35.070  3.0   1
     4131  27.065961  103.119849    13.155    18021.4    12850.3     7018.9    484.1    595.6    726.7 2023  2 19 20 12 42.980  3.6   1
     4134  27.197734  103.128190     9.616    18838.0    27451.1     3479.3    360.3    795.8    538.0 2023  2 19 21 32 17.360  3.1   1
     4135  26.938293  102.899585     6.062    -3842.1    -1295.6      -74.2    910.2    680.4    578.3 2023  2 19 21 46 38.960  1.5   1
     4138  26.892710  102.924015     5.309    -1416.0    -6346.4     -827.8   1807.6   1504.1   2538.8 2023  2 19 23 16 43.660  3.3   1
     4144  27.064138  102.995540     7.568     5684.0    12648.4     1431.9    724.0    696.6   1165.8 2023  2 20  1 49 31.540  3.9   1
     4167  26.965889  102.996558    11.655     5787.1     1762.3     5519.1   1067.7   1596.1    817.1 2023  2 20 15 17 25.900  3.1   1
     4187  27.189754  103.045605    11.848    10646.5    26567.1     5712.1   3938.9   3379.6   2552.6 2023  2 21  7 57 59.560  3.2   1
     4189  26.666632  103.025065    16.353     8628.8   -31396.3    10216.8    712.1    622.5    497.4 2023  2 21  8 52  8.020  4.0   1
     4191  27.126542  102.836849    12.943   -10063.5    19562.9     6806.7    461.7    250.3    265.9 2023  2 21 10 20 53.620  4.4   1
     4202  27.042224  103.152165    11.785    21230.5    10220.2     5648.8    672.8    472.5   1289.4 2023  2 21 14 40 45.690  3.3   1
     4208  27.104169  102.852563    14.614    -8505.5    17083.9     8478.0    416.4    266.6    300.9 2023  2 21 17 57 10.720  4.4   1
     4211  27.122955  102.846981     9.075    -9058.5    19165.5     2938.3    908.6    709.6   1066.2 2023  2 21 18 55 10.460  2.6   1
     4212  26.693274  103.039673    15.695    10079.9   -28444.4     9558.1    653.3    591.8    555.8 2023  2 21 19 38 22.040  2.8   1
     4224  26.914480  102.910075     6.499    -2800.3    -3934.1      362.6    303.5    295.7    267.8 2023  2 21 23 18 40.080  4.2   1
     4226  27.121763  102.850667     6.540    -8692.8    19033.3      404.0    318.7    231.5    432.8 2023  2 21 23 53 52.720  4.6   1
     4230  26.921098  102.815145    10.535   -12228.0    -3200.9     4398.3   1948.1    937.7   1211.0 2023  2 22  4 37  4.290  3.5   1
     4237  26.664219  102.999365    13.554     6074.2   -31663.6     7417.4    321.7    363.9    593.0 2023  2 22  7 42  7.120  3.2   1
     4255  27.120268  102.868400    14.193    -6933.2    18867.6     8056.4    388.5    253.2    328.7 2023  2 22 15 42 47.490  5.8   1
     4257  27.117670  102.843620     8.288    -9392.2    18579.8     2151.7    340.3    299.0    363.9 2023  2 22 16 22 50.940  3.6   1
     4263  27.081905  102.854460    15.311    -8317.4    14617.1     9174.5    687.2    661.3    574.8 2023  2 22 18 40 57.800  2.5   1
     4265  27.200527  102.814038    11.547   -12323.2    27760.6     5410.6    393.6    471.5    409.3 2023  2 22 19 25 30.120  3.7   1
     4267  26.888936  102.916520    14.737    -2160.9    -6764.5     8601.1    888.8    621.4    473.7 2023  2 22 19 45 21.380  3.1   1
     4268  26.884263  102.917505    12.541    -2062.7    -7282.3     6405.1    793.0    468.4    429.0 2023  2 22 19 47 48.020  2.6   1
     4273  27.209397  102.821224    11.687   -11609.7    28743.4     5550.2    600.0    493.6    574.0 2023  2 22 23 31 42.920  3.7   1
     4289  26.821267  102.889787    10.327    -4817.4   -14262.5     4190.4    829.1    359.3    642.8 2023  2 23 11 33 42.170  3.2   1
     4302  26.986039  102.782707     8.160   -15445.2     3994.7     2023.2    552.7    423.3    945.9 2023  2 23 18 57 43.640  2.1   1
     4310  26.786814  102.951188     8.774     1283.7   -18079.8     2638.0    524.9    395.7    743.3 2023  2 24  1 32 18.140  3.5   1
     4311  27.216323  102.774430     6.765   -16250.7    29510.9      628.1    550.4    494.0    608.6 2023  2 24  1 42  1.350  3.7   1
     4315  26.963251  102.893376     7.666    -4458.0     1469.8     1529.9    594.8    402.2    413.3 2023  2 24  5 13 31.620  3.6   1
     4331  27.055570  103.107845    15.017    16830.5    11699.0     8880.4    577.2    655.9    693.5 2023  2 24 19 32 57.420  3.3   1
     4336  26.899638  102.954321     9.401     1593.7    -5578.8     3264.3    420.8    450.9    370.1 2023  2 24 22 37 37.160  2.0   1
     4339  26.985368  102.833309    16.859   -10421.5     3920.5    10722.2    654.7    602.7    579.0 2023  2 25  1 57 37.880  4.1   1
     4345  26.734880  103.021997     1.965     8321.5   -23834.4    -4171.7    998.9   1044.0   1160.9 2023  2 25  4 18  4.660  2.6   1
     4349  27.206464  102.799268    10.189   -13787.5    28418.3     4052.2    320.0    433.1    300.9 2023  2 25  5 47 20.360  3.6   1
     4352  27.176066  102.811247     2.049   -12601.3    25050.4    -4086.9    908.0   1199.2   2552.4 2023  2 25  8  7 55.330  2.9   1
     4354  27.175498  102.804020     6.811   -13317.7    24987.4      674.9    511.6    871.8   1005.2 2023  2 25  8 59 17.600  2.5   1
     4359  26.919769  102.921851     7.015    -1630.8    -3348.1      878.5    486.0    310.0    424.7 2023  2 25 10  3 21.110  2.7   1
     4360  27.010087  102.854525    17.052    -8313.7     6659.5    10915.9   1534.0    593.9   1013.5 2023  2 25 10 16  9.730  3.5   1
     4367  27.240810  102.771623    11.873   -16527.0    32224.1     5737.0    830.9   1074.0    964.1 2023  2 25 12  5 31.040  3.5   1
     4368  27.198629  102.850521    11.095    -8704.0    27550.2     4958.6    466.6    626.0    422.2 2023  2 25 12 17 17.830  2.5   1
     4374  27.219771  102.764380     4.267   -17246.7    29893.0    -1869.1    531.1    357.3    605.1 2023  2 25 13  4  1.670  3.5   1
     4378  26.978886  102.842578    10.157    -9501.0     3202.3     4020.2    351.8    365.5    259.6 2023  2 25 14 21 14.710  2.5   1
     4383  27.127673  102.890348     7.432    -4754.8    19688.2     1296.1    409.6    281.0    846.7 2023  2 25 16 42 41.760  3.2   1
     4386  26.853571  102.953239     9.766     1486.8   -10683.1     3629.5    433.0    349.1    463.2 2023  2 25 17 28  3.480  3.4   1
     4396  27.221706  102.790902     7.811   -14616.4    30107.2     1674.3    502.2    879.3    868.2 2023  2 25 20  8 33.840  2.4   1
     4401  27.204281  102.832544    11.610   -10486.9    28176.4     5474.0    403.2    537.5    405.9 2023  2 25 21 21 32.000  2.2   1
     4415  27.184668  102.904093    12.050    -3390.5    26003.4     5913.2   1100.9    702.2    814.6 2023  2 26  2 40 13.080  5.0   1
     4419  27.211595  102.791846    11.260   -14523.2    28986.9     5123.4    394.1    400.0    401.9 2023  2 26  2 50 36.150  4.6   1
     4420  27.207428  102.795524     9.061   -14158.7    28525.2     2924.9    511.6    458.6    677.8 2023  2 26  2 54 33.970  3.8   1
     4435  27.157129  102.883602    12.741    -5423.7    22952.1     6604.2    770.9    523.9    695.4 2023  2 26 10 19 17.390  2.7   1
     4445  26.849044  102.970239     8.138     3175.9   -11184.6     2002.1    306.1    180.9    426.3 2023  2 26 16 17  1.720  2.8   1
     4454  26.768337  102.997721    12.649     5908.1   -20127.1     6512.5    761.7    835.8    632.8 2023  2 26 20 30 55.940  3.3   1
     4457  27.062722  102.854378     4.443    -8326.7    12491.4    -1693.5   4408.3   3386.3   4908.6 2023  2 26 22 17 28.660  2.7   1
     4464  26.923010  102.923592     7.960    -1457.7    -2988.9     1824.0    318.9    288.4    295.9 2023  2 27  1 33 45.570  4.1   1
     4466  27.038676  103.144922     8.183    20512.0     9827.1     2046.3    906.3   1590.8   1726.0 2023  2 27  3 17 32.080  3.9   1
     4470  27.073444  102.752393    11.471   -18447.7    13679.4     5334.4    839.0    920.6   1081.2 2023  2 27  5 49 27.430  4.4   1
     4471  26.868089  102.947233    13.979      890.3    -9074.5     7842.9    604.7    430.1    632.0 2023  2 27  5 56 53.330  3.4   1
     4474  27.189612  103.104907    11.234    16529.2    26551.3     5097.4    508.4    941.1    792.5 2023  2 27  8  5 57.340  3.1   1
     4478  27.131508  102.849764    10.199    -8781.5    20113.3     4062.2    475.6    376.2    639.0 2023  2 27 11 59 33.760  4.3   1
     4487  27.091144  102.836743     7.726   -10075.5    15640.6     1590.1   1733.8    877.8   1904.7 2023  2 27 18 32  4.260  2.6   1
     4491  26.826117  102.969971     9.870     3149.6   -13725.0     3733.4    448.3    324.5    510.1 2023  2 27 20 25 38.820  3.6   1
     4510  26.788475  102.966235    12.656     2778.5   -17895.8     6519.2    900.2    723.5    764.3 2023  2 28 10 34 50.940  3.1   1
     4517  26.876876  102.924186    15.336    -1399.2    -8100.8     9199.6    615.1    440.3    350.8 2023  2 28 15 11  5.610  3.4   1
     4526  26.753430  103.009505    10.234     7079.2   -21778.8     4097.7    537.0    747.7    569.0 2023  2 28 18 42 34.080  2.2   1
     4529  26.862823  102.901937    11.332    -3609.9    -9657.8     5196.0    724.1    405.6    590.1 2023  2 28 21 24  5.320  3.2   1
     4530  26.625718  103.015397    12.147     7669.4   -35929.8     6010.1    164.2    134.9    233.2 2023  2 28 21 42 45.880  3.9   1
     4540  26.938121  102.765796     7.032   -17127.4    -1314.6      895.4    625.9   1073.2   1072.5 2023  3  1  5 57 41.830  3.5   1
     4546  26.844200  103.022420    10.151     8359.3   -11721.4     4014.2    462.5    379.8    532.2 2023  3  1 11 12 25.550  4.0   1
     4549  26.843323  102.973836     7.120     3533.1   -11818.5      983.8    530.0    417.1    712.1 2023  3  1 11 36  8.330  4.1   1
     4550  26.902452  102.920125    17.358    -1802.1    -5267.0    11221.3    609.2    577.7    562.8 2023  3  1 11 42 30.150  3.5   1
     4551  26.863529  102.943807    11.637      549.8    -9579.6     5500.3    437.7    283.9    286.2 2023  3  1 11 57 26.400  3.6   1
     4556  27.105455  102.956844     6.617     1842.6    17226.3      480.6   2045.9    823.1   2702.7 2023  3  1 14  5 42.690  2.5   1
     4560  26.841742  102.971012     7.284     3252.2   -11993.8     1147.2    307.5    226.8    473.2 2023  3  1 16 21 48.300  2.7   1
     4563  27.208175  102.779622     3.430   -15735.8    28608.1    -2706.0    393.7    361.7    804.1 2023  3  1 18 54 27.200  3.0   1
     4565  26.850818  102.956852    12.826     1845.4   -10988.1     6689.5    271.8    205.7    245.2 2023  3  1 21 29 18.360  3.0   1
     4568  26.956838  102.809945    10.869   -12742.8      759.3     4732.4    412.7    401.4    463.5 2023  3  2  0 30 50.080  2.5   1
     4576  27.134275  102.880257    11.320    -5755.9    20419.8     5183.6    391.8    293.8    326.1 2023  3  2  9 48 34.580  4.2   1
     4578  27.122300  102.905583     5.863    -3243.6    19092.8     -273.9    573.7    330.4    949.1 2023  3  2 11 31 42.640  3.7   1
     4589  27.127380  102.893913    14.681    -4401.1    19655.8     8545.0    903.2    619.9    633.8 2023  3  2 16 21 30.880  3.1   1
     4591  27.006913  102.792529     4.542   -14468.5     6307.8    -1594.7    263.0    400.2    729.2 2023  3  2 16 50 48.560  4.2   1
     4595  26.835679  103.008634     5.369     6990.1   -12665.5     -767.7    580.7    557.3   1513.5 2023  3  2 22 11 55.000  3.5   1
     4596  26.859892  102.959814    13.771     2139.9    -9982.7     7634.8    386.7    255.3    291.2 2023  3  2 22 25 24.180  5.2   1
     4597  26.855096  103.027417     6.929     8855.2   -10513.9      793.8    448.2    396.5    545.1 2023  3  2 22 32 59.520  2.6   1
     4599  26.850826  102.976172     7.922     3765.1   -10987.2     1786.8    322.8    215.8    401.1 2023  3  2 22 48 55.160  3.7   1
     4601  26.839791  102.926489    14.122    -1170.5   -12209.9     7985.2    410.8    303.2    324.9 2023  3  3  1 24  8.360  3.3   1
     4611  26.793239  102.991357    12.648     5274.6   -17368.0     6511.6    481.2    466.8    557.5 2023  3  3 13 47 48.060  3.9   1
     4612  26.822485  102.883032     7.789    -5488.6   -14127.3     1652.9   1564.0    948.5   1415.0 2023  3  3 13 55 34.260  2.8   1
     4615  26.828994  102.962321    11.558     2389.1   -13406.3     5421.9    304.6    252.5    343.4 2023  3  3 18 35 13.960  2.7   1
     4616  26.942161  102.813949     8.829   -12345.4     -867.0     2692.2    331.7    517.1    546.2 2023  3  3 20 48  9.960  3.9   1
     4620  26.946529  103.002360     5.875     6364.1     -383.1     -261.8    299.1    485.9    367.0 2023  3  4  4  7 31.650  3.8   1
     4625  27.058191  102.969824     7.339     3131.5    11989.4     1202.8    785.9    717.4   1106.0 2023  3  4 10 54  7.440  2.3   1
     4627  26.905151  102.980119     5.910     4156.2    -4967.7     -226.8    665.7   1014.3    685.9 2023  3  4 12 54 28.140  3.2   1
     4629  26.854447  102.943140     8.936      483.3   -10585.9     2799.8    562.9    392.1    552.3 2023  3  4 14 18 51.790  2.9   1
     4631  27.194112  102.822428     9.113   -11490.9    27049.9     2976.5    466.3    558.4    565.1 2023  3  4 16  3 21.110  3.2   1
     4641  27.181458  102.845353     7.953    -9217.2    25647.7     1816.7    723.3    739.8    874.9 2023  3  4 20 26 14.320  3.4   1
     4644  27.141117  102.806999    14.425   -13024.7    21177.8     8288.7    616.3    489.8    597.7 2023  3  4 21  6 18.080  3.0   1
     4645  27.212856  102.784253     8.027   -15276.4    29126.7     1890.6    469.6    357.6    813.6 2023  3  4 22 23 24.320  2.7   1
     4646  27.112913  102.854867     8.121    -8276.3    18052.8     1984.8    613.9    351.8    437.1 2023  3  4 22 34 25.720  3.0   1
     4647  27.215771  102.809538    12.141   -12768.0    29449.8     6005.0    467.2    384.7    456.1 2023  3  4 22 58 19.380  3.1   1
     4648  27.131730  102.789250     9.732   -14786.3    20137.7     3595.4    528.1    431.7    802.7 2023  3  5  0  8  8.700  3.6   1
     4650  26.975415  102.817741     4.018   -11967.1     2817.7    -2118.4    487.5    544.2    740.6 2023  3  5  7  8 51.980  3.3   1
     4651  26.858339  102.943001     8.599      469.4   -10154.6     2463.0    534.7    366.2    480.7 2023  3  5  8 40 14.220  2.9   1
     4654  26.980048  102.864347     4.580    -7340.0     3330.9    -1556.6    167.2     81.3     90.6 2023  3  5 12 14 44.770  2.7   1
     4655  27.043148  103.145565    14.196    20575.5    10322.6     8059.2    493.7    454.4    615.6 2023  3  5 13 24  1.700  3.3   1
     4656  27.053050  103.122070    10.846    18242.6    11419.8     4709.6    757.1    753.1   1060.0 2023  3  5 14  7  6.940  4.1   1
     4659  26.856883  102.954118    11.374     1574.0   -10316.0     5238.0    342.2    216.2    298.2 2023  3  5 15 55  1.790  3.5   1
     4660  26.931773  102.868213    11.525    -6957.3    -2018.0     5389.1    202.0    297.5    317.6 2023  3  5 16 14 42.980  2.5   1
     4661  27.135899  102.789412    16.472   -14769.4    20599.6    10336.0    635.0    481.1    628.9 2023  3  5 16 38 53.730  3.4   1
     4666  27.341754  102.912394    12.590    -2565.0    43409.0     6453.7   2419.0   1920.6   1751.7 2023  3  5 23  8 42.920  2.9   1
     4667  27.107678  102.908651    12.710    -2939.5    17472.8     6573.5    691.7    472.0    614.2 2023  3  5 23 13 41.600  4.2   1
     4672  27.196143  102.826864     0.919   -11050.7    27274.8    -5217.5    892.8   1266.5   2787.7 2023  3  6  3 17 19.800  3.0   1
     4673  26.863070  102.957357    12.527     1895.9    -9630.6     6390.2    310.6    264.3    258.3 2023  3  6  3 24 59.860  3.1   1
     4675  27.121354  103.177401    26.419    23727.4    18988.1    20282.2    927.2    968.8    923.3 2023  3  6  4 56 44.990  3.1   1
     4680  27.128579  102.817529    14.067   -11980.1    19788.5     7930.4    429.6    218.5    320.2 2023  3  6  7 11 16.110  4.4   1
     4682  27.129797  102.852555    10.015    -8504.7    19923.6     3878.6    515.1    354.3    450.9 2023  3  6  7 43  0.390  2.5   1
     4685  27.121285  102.861361     9.590    -7631.7    18980.3     3453.1    677.7    406.8    620.2 2023  3  6 11 41 37.020  4.0   1
     4686  27.125008  102.867513     7.561    -7020.8    19393.0     1425.0    352.8    295.9    498.5 2023  3  6 14 35 50.270  3.5   1
     4689  27.048704  102.913639     9.905    -2445.0    10938.3     3768.2   2395.2   1369.0   1921.3 2023  3  6 17  7 19.200  3.2   1
     4694  27.125838  102.839616    14.194    -9789.0    19484.9     8057.4    624.8    877.5    577.2 2023  3  6 19 11 33.340  5.4   1
     4696  26.916315  102.957340     7.431     1893.4    -3730.9     1294.5    756.1    806.2    610.2 2023  3  6 20  7 20.980  3.0   1
     4699  26.852559  102.953052    14.524     1467.9   -10795.2     8387.4    592.5    457.6    288.4 2023  3  6 20 48 46.520  6.1   1
     4701  26.877372  102.904118     7.709    -3392.3    -8045.8     1573.0   1086.2    437.7   1105.5 2023  3  6 20 54 44.080  3.5   1
     4702  26.840074  102.988029     7.725     4943.3   -12178.6     1588.4    344.9    359.6    626.6 2023  3  6 21  4 33.560  2.8   1
     4706  26.855953  102.910449     7.303    -2763.8   -10419.0     1166.5   1090.7    556.3   1275.9 2023  3  6 21 45 18.720  2.7   1
     4709  26.844269  102.978703    11.897     4016.2   -11713.8     5760.6    514.2    341.9    394.5 2023  3  6 21 58  3.300  3.2   1
     4710  26.858675  102.943205    10.544      489.9   -10117.5     4407.9    311.9    224.3    311.9 2023  3  6 22 22 54.720  3.4   1
     4713  26.832019  102.971370    15.969     3288.5   -13071.0     9833.0    620.7    634.0    375.0 2023  3  6 23 10 34.880  3.3   1
     4714  26.841036  102.974601     8.342     3609.2   -12072.0     2205.3    331.0    215.5    431.3 2023  3  6 23 14 54.440  2.9   1
     4716  26.862750  102.958228    12.026     1982.4    -9665.9     5889.6    299.9    241.1    224.1 2023  3  6 23 32 30.960  2.8   1
     4717  26.842914  102.905778    13.014    -3228.7   -11863.9     6877.1    694.9    368.9    364.5 2023  3  6 23 33 54.700  4.2   1
     4718  26.839620  102.991667     7.519     5304.3   -12228.8     1382.7    397.5    357.3    628.5 2023  3  6 23 47  1.200  2.9   1
     4719  26.859745  102.966691    14.062     2822.8    -9999.0     7926.0    323.7    256.8    233.8 2023  3  6 23 51 24.000  3.8   1
     4720  26.851524  102.928385    14.933     -981.9   -10909.9     8796.7    692.0    314.0    368.1 2023  3  7  0 14 25.750  3.6   1
     4724  26.836591  102.866927     8.905    -7088.5   -12564.4     2769.0   1445.1   1109.8    980.7 2023  3  7  1 17 14.930  3.4   1
     4726  26.866060  102.867342     3.214    -7046.0    -9299.1    -2922.0    642.8    434.6    850.8 2023  3  7  1 24 15.120  3.8   1
     4727  26.857794  102.967253    12.052     2878.5   -10215.1     5915.8    483.4    355.1    472.5 2023  3  7  1 31 58.920  3.6   1
     4728  26.846464  102.959863    11.719     2144.6   -11470.5     5582.8    388.7    255.0    394.2 2023  3  7  2 24 32.150  4.1   1
     4730  26.850920  102.947843     7.957      950.9   -10976.9     1820.4    286.4    181.9    393.7 2023  3  7  3 21 32.720  3.4   1
     4731  26.855037  102.996427    14.134     5777.3   -10520.6     7997.4    609.6    490.2    565.1 2023  3  7  3 41 30.630  4.1   1
     4732  26.844096  102.981836     7.916     4327.6   -11732.8     1779.8    339.1    287.1    490.7 2023  3  7  4  7 50.350  3.1   1
     4733  27.149420  103.123193    11.035    18346.6    22097.8     4898.6    284.9    533.1    345.6 2023  3  7  4 18 49.650  3.6   1
     4734  26.863149  102.926278    10.862    -1191.3    -9621.7     4726.1    451.5    288.9    338.4 2023  3  7  4 37  7.440  3.5   1
     4735  26.862388  103.004232    12.415     6551.9    -9706.1     6278.8    567.8    682.6    681.9 2023  3  7  4 41  0.980  3.4   1
     4738  27.036625  102.765666    13.485   -17133.0     9599.9     7348.3    259.0    483.4    289.9 2023  3  7  5 32 22.230  4.8   1
     4739  26.855357  102.972396     9.657     3389.8   -10485.2     3520.2    294.5    273.5    315.5 2023  3  7  5 48 34.360  3.6   1
     4741  26.859342  102.963273    13.763     2483.3   -10043.6     7626.1    301.9    288.6    334.9 2023  3  7  7  3 58.910  4.4   1
     4742  26.831278  103.019458    12.334     8065.7   -13153.1     6197.1   1268.7   1093.1    903.5 2023  3  7  7 16 26.350  3.0   1
     4743  26.843866  102.964616     9.994     2617.2   -11758.4     3857.9    430.1    332.3    388.2 2023  3  7  8  4 49.490  3.3   1
     4744  26.860313  102.938411    13.196       13.6    -9936.0     7059.8    419.4    304.5    284.5 2023  3  7  8 29 47.790  3.6   1
     4745  26.848234  102.959033     7.486     2062.0   -11274.3     1350.1    276.6    239.5    436.2 2023  3  7  9  0 10.610  3.3   1
     4746  27.104887  102.947664     6.668      932.2    17163.4      531.7     55.1     98.1    114.7 2023  3  7  9 21 49.230  3.0   1
     4749  26.822585  102.928573    10.665     -963.6   -14116.3     4528.2   1521.5    846.6   1010.1 2023  3  7 12  5  7.430  3.1   1
     4753  26.848059  102.944832    14.045      651.9   -11293.7     7908.4    422.5    292.5    284.4 2023  3  7 14  7 58.450  3.7   1
     4754  26.850633  102.919157    10.185    -1898.9   -11008.5     4049.1    849.2    560.2    608.3 2023  3  7 14 12 42.270  4.2   1
     4755  26.854059  102.950667    11.380     1231.4   -10628.9     5244.1    441.8    242.3    399.8 2023  3  7 14 38 37.150  4.4   1
     4756  26.846596  102.974650    13.421     3613.4   -11455.9     7284.6    316.4    278.3    293.5 2023  3  7 14 40 28.990  5.1   1
     4757  26.842525  102.947982     7.943      964.9   -11906.9     1806.4    695.8    550.9    932.3 2023  3  7 14 45 52.360  3.4   1
     4759  26.842381  102.973649    11.514     3514.7   -11923.0     5377.7    470.0    271.8    329.6 2023  3  7 15 16 58.030  4.7   1
     4764  26.853369  102.979492    11.418     4095.0   -10705.3     5281.4    391.7    310.1    341.8 2023  3  7 19  1 47.760  3.4   1
     4765  26.857414  102.972331    10.761     3383.6   -10257.1     4624.5    292.5    263.0    248.5 2023  3  7 19 34 57.800  3.5   1
     4769  26.851644  102.965088    14.876     2664.1   -10896.5     8740.0    321.8    316.7    354.7 2023  3  7 21 13 56.800  4.2   1
     4770  26.851489  102.985506    10.876     4692.3   -10913.7     4739.6    355.6    265.4    268.2 2023  3  7 21 21 38.080  4.7   1
     4771  26.854095  102.972957     7.296     3445.5   -10625.0     1160.0    270.8    185.6    381.8 2023  3  7 21 31 15.840  3.3   1
     4773  26.858541  102.972363     7.768     3386.1   -10132.4     1631.5    348.4    210.5    364.1 2023  3  7 21 37  4.420  3.1   1
     4774  26.851156  102.961621    15.511     2319.3   -10950.6     9374.4    386.0    373.7    367.0 2023  3  7 21 44 29.740  4.6   1
     4775  26.856508  102.940291    10.859      200.3   -10357.6     4722.9    337.1    250.5    464.2 2023  3  7 21 58 11.320  3.5   1
     4776  26.843288  102.941471     8.612      317.5   -11822.5     2475.6    436.1    338.7    496.4 2023  3  7 22 12 13.060  3.0   1
     4777  26.871075  102.940983    11.471      269.0    -8743.4     5334.2    374.1    257.4    259.3 2023  3  7 22 18  8.440  2.5   1
     4778  26.860626  102.939103     9.005       82.6    -9901.4     2868.3    554.6    376.9    411.6 2023  3  7 22 33 19.200  3.1   1
     4780  26.848737  102.980998     7.382     4244.5   -11218.8     1246.8    277.3    219.0    447.9 2023  3  7 22 43 48.740  3.1   1
     4782  26.928103  102.939502     9.131      121.7    -2424.6     2995.0    647.6    437.2    552.1 2023  3  7 23 32 49.040  3.0   1
     4784  26.850893  102.989282    12.567     5067.0   -10979.8     6430.8    272.2    282.0    234.4 2023  3  7 23 35 24.520  3.5   1
     4785  26.872898  102.972445    15.743     3394.6    -8541.5     9606.2    752.9    510.7    679.9 2023  3  8  0  0 27.340  3.2   1
     4786  27.132808  102.857161    10.068    -8047.5    20257.2     3932.0   1297.9    576.3   1174.4 2023  3  8  0  7 29.320  3.2   1
     4787  26.866624  102.916455    15.118    -2167.5    -9236.7     8981.9   1039.8    637.1    716.1 2023  3  8  0 24 23.150  3.5   1
     4788  26.861237  102.954329    15.132     1595.2    -9833.6     8996.0    591.8    495.3    469.3 2023  3  8  0 27 48.520  3.5   1
     4789  26.854901  102.930037    14.683     -818.3   -10535.5     8546.6   1116.6    679.6    652.3 2023  3  8  0 57 17.160  4.1   1
     4790  26.844364  102.970972    10.850     3248.2   -11703.1     4713.2    349.7    331.0    520.4 2023  3  8  1  6 50.680  2.6   1
     4791  26.848580  102.970890    12.259     3240.6   -11236.1     6122.9    334.2    333.9    310.0 2023  3  8  3  2 53.700  3.9   1
     4792  26.841475  102.942904     7.632      459.7   -12023.2     1495.7    616.0    580.9    874.7 2023  3  8  3 38 24.440  3.5   1
     4795  26.868994  102.941325    15.493      303.2    -8974.1     9356.5   1321.1    769.7   1099.6 2023  3  8  4 54 27.230  3.8   1
     4796  26.854171  102.989437    11.397     5082.6   -10616.7     5260.5    448.9    302.1    390.8 2023  3  8  4 57 33.230  3.8   1
     4797  26.847628  102.946582    11.693      825.1   -11341.5     5556.7    645.8    390.7    488.7 2023  3  8  5 35 57.320  3.5   1
     4800  26.866107  102.957389    13.209     1899.3    -9293.9     7072.8    284.9    262.8    237.8 2023  3  8  8 34 31.720  2.9   1
     4801  26.836684  102.966113     4.887     2766.0   -12554.1    -1249.3    566.7    436.5    629.9 2023  3  8  9 54 42.780  3.5   1
     4804  26.860109  102.962939    14.058     2450.0    -9958.6     7921.3    336.6    267.1    288.2 2023  3  8 10 57 26.430  3.6   1
     4807  26.844413  102.979728    11.190     4118.6   -11697.7     5053.5    334.3    260.4    292.7 2023  3  8 11 16  2.730  4.7   1
     4808  26.848295  102.998226    11.314     5955.8   -11267.6     5177.8    560.6    281.3    294.6 2023  3  8 11 32  1.250  4.6   1
     4809  26.879034  102.997550    21.000     5888.3    -7861.6    14863.7    594.7    416.7    784.4 2023  3  8 11 36 49.380  4.0   1
     4810  26.864490  102.970394    16.206     3190.8    -9473.2    10069.9    414.1    348.5    384.8 2023  3  8 11 52 20.980  3.7   1
     4811  26.852604  102.983634    14.358     4506.0   -10790.1     8222.0    358.6    495.8    348.4 2023  3  8 12 16  0.270  3.5   1
     4812  27.119132  102.871916    12.753    -6584.2    18741.8     6616.3    409.4    297.2    379.7 2023  3  8 12 28 57.760  4.6   1
     4815  26.843722  102.921191     8.459    -1696.8   -11774.4     2322.7    733.7    382.2    742.3 2023  3  8 13 18 43.040  4.4   1
     4817  26.856268  102.978215     8.584     3967.5   -10384.1     2447.6    294.4    210.5    389.5 2023  3  8 14 11 31.600  3.5   1
     4819  26.863727  102.940186    13.877      190.0    -9557.7     7741.1    383.8    289.0    301.0 2023  3  8 14 20 24.160  3.3   1
     4820  26.865702  102.941292    16.381      299.9    -9338.9    10245.0    506.9    466.7    386.7 2023  3  8 14 27 34.400  3.3   1
     4822  26.860685  102.915202    13.236    -2292.0    -9894.8     7099.7    780.7    594.7    628.4 2023  3  8 15 29 19.270  2.8   1
     4823  26.891294  102.929964    18.155     -825.1    -6503.1    12018.5    611.8    452.9    621.7 2023  3  8 15 31 26.470  3.0   1
     4826  26.862301  102.996257    13.021     5760.0    -9715.7     6884.1    389.0    381.2    351.5 2023  3  8 16 15 45.670  3.2   1
     4829  27.130225  102.837093    10.484   -10039.1    19970.9     4347.3    228.3    244.3    276.5 2023  3  8 16 47  0.080  4.2   1
     4831  26.851363  102.934888     8.805     -336.3   -10927.6     2668.8    400.6    290.9    352.8 2023  3  8 17 18 39.800  3.2   1
     4833  26.855430  102.951375    14.122     1301.5   -10477.0     7985.9   1147.8    942.2    614.7 2023  3  8 17 31 52.760  3.1   1
     4835  26.934865  102.968254    21.036     2977.2    -1675.4    14899.6    303.8    292.9    169.2 2023  3  8 17 40 48.800  3.0   1
     4837  26.850928  102.958415    14.277     2000.6   -10975.9     8141.1    712.5    527.4    510.9 2023  3  8 17 50 50.880  4.7   1
     4840  26.793803  102.990535    14.411     5193.2   -17305.6     8274.1    517.1    470.0    556.9 2023  3  8 18 13 36.560  4.5   1
     4842  26.843052  102.959530     9.752     2111.8   -11848.5     3615.9   1117.9    773.2   1056.9 2023  3  8 18 28  0.140  3.5   1
     4844  26.856283  102.939250    14.569       96.6   -10382.5     8432.7    446.5    370.1    273.5 2023  3  8 18 45 27.760  2.8   1
     4845  26.833457  102.962118     5.933     2369.3   -12911.6     -202.9    440.2    365.9    681.8 2023  3  8 18 49 30.880  3.0   1
     4847  26.852472  102.980526     9.531     4197.7   -10804.7     3394.7    246.9    266.6    510.3 2023  3  8 18 57 27.600  2.7   1
     4849  26.954165  102.852995    12.517    -8468.1      463.1     6380.6    257.0    315.9    283.5 2023  3  8 19  8 18.620  2.2   1
     4851  26.849345  102.942871     7.794      457.1   -11151.2     1657.1    313.7    247.2    417.4 2023  3  8 19 33  5.040  3.0   1
     4853  26.875315  102.871680    17.157    -6615.2    -8273.8    11020.3   1478.7    983.1    784.0 2023  3  8 19 41 40.980  4.5   1
     4858  26.834845  102.904850     3.215    -3320.4   -12757.8    -2921.9    956.3    793.4   1482.4 2023  3  8 20 22 50.720  3.1   1
     4859  26.860923  102.892830     7.643    -4514.0    -9868.4     1506.7    849.3    537.1    894.6 2023  3  8 20 54 12.440  2.3   1
     4861  26.841695  102.958618     7.249     2021.3   -11998.8     1112.4    319.0    285.5    494.6 2023  3  8 21  9 17.160  3.3   1
     4863  26.851202  102.951717    10.447     1335.7   -10945.5     4310.6    357.1    210.8    494.6 2023  3  8 22  6  3.880  2.9   1
     4864  26.830092  102.925675     3.567    -1251.4   -13284.6    -2568.9    957.1    658.1   1242.5 2023  3  8 22 14 55.040  2.5   1
     4865  26.810720  103.004110    16.911     6541.7   -15430.9    10774.1    939.6   1111.8   1147.2 2023  3  8 22 22 31.160  3.0   1
     4866  26.866217  102.998926     7.391     6025.1    -9281.7     1254.4    920.5    959.4   1212.4 2023  3  8 22 33 58.560  2.5   1
     4867  26.857802  102.978605    14.125     4006.6   -10214.1     7988.3    301.0    309.5    377.4 2023  3  8 22 37 23.320  5.3   1
     4868  26.862624  102.984644    15.585     4606.6    -9679.8     9448.7    758.8    793.4    916.7 2023  3  8 22 44  6.640  2.9   1
     4869  26.844452  102.973853     9.374     3535.0   -11693.4     3237.6    250.4    179.2    435.8 2023  3  8 22 47 56.720  3.4   1
     4870  26.847904  102.962044    10.754     2361.9   -11311.0     4617.6    241.0    220.2    287.0 2023  3  8 22 53 20.080  4.4   1
     4871  26.860606  102.964355    11.480     2590.8    -9903.4     5343.1    525.4    389.3    410.3 2023  3  8 23  1 14.240  4.4   1
     4873  26.856614  102.969482     9.886     3100.0   -10345.9     3750.1    355.2    337.5    382.7 2023  3  8 23 12 30.480  3.6   1
     4874  26.853135  103.029240     7.760     9036.5   -10731.4     1623.1    478.7    322.6    572.9 2023  3  8 23 13 55.680  3.0   1
     4875  26.848863  102.948063     9.768      972.8   -11204.7     3632.0    297.2    316.4    342.8 2023  3  8 23 18 10.680  3.7   1
     4876  26.847961  102.932104    11.236     -613.0   -11304.5     5099.8    428.0    321.7    368.6 2023  3  8 23 31 30.160  3.5   1
     4878  26.857928  102.991007    15.190     5238.6   -10200.1     9053.8    456.3    530.9    434.4 2023  3  8 23 45 23.320  3.4   1
     4879  26.839553  102.936532    10.716     -173.4   -12236.2     4579.9    456.1    337.6    399.5 2023  3  8 23 46 48.580  3.6   1
     4881  26.862830  102.940723     8.486      243.4    -9657.1     2349.3    419.7    306.9    433.9 2023  3  9  0  8 16.170  3.0   1
     4882  26.844226  103.000146     9.925     6146.4   -11718.4     3789.0    304.3    289.2    334.8 2023  3  9  0 11 33.010  3.5   1
     4883  26.852840  102.940560    11.233      226.9   -10763.9     5096.3    730.4    505.7    464.7 2023  3  9  0 20 14.340  4.0   1
     4884  26.862907  102.948389    18.003     1004.6    -9648.6    11866.6    689.3    460.4    377.0 2023  3  9  0 23 50.010  4.0   1
     4888  27.207338  103.131372    11.388    19153.0    28515.3     5252.0    414.3    790.9    288.0 2023  3  9  1  1 20.590  3.9   1
     4889  26.844314  102.886475     2.217    -5146.1   -11708.8    -3919.4   1275.2    778.2   2678.1 2023  3  9  1 15 13.760  3.7   1
     4890  26.856049  102.933423    12.063     -482.1   -10408.4     5926.3    536.9    329.1    411.4 2023  3  9  1 40 14.960  3.8   1
     4891  26.834153  102.933569     5.510     -466.9   -12834.5     -626.8   1044.3    714.1   1077.2 2023  3  9  2 27 12.940  3.1   1
     4893  26.856390  102.970605    10.461     3211.8   -10370.6     4324.9    354.8    257.2    317.0 2023  3  9  5 13 22.700  5.9   1
     4894  26.854169  102.972713    13.703     3421.1   -10616.7     7566.5    427.2    508.4    462.0 2023  3  9  5 38 48.930  3.3   1
     4897  26.876009  102.913607    12.305    -2450.4    -8196.8     6168.2    614.0    355.3    499.7 2023  3  9  6 15  2.590  3.8   1
     4898  26.865302  102.974300     8.408     3578.9    -9383.3     2271.5    332.5    248.4    368.2 2023  3  9  6 15 57.280  3.5   1
     4900  26.853619  102.976465    10.539     3794.1   -10677.6     4403.0    295.2    241.5    258.1 2023  3  9  6 32  3.540  4.3   1
     4901  26.838588  102.984448     8.280     4587.2   -12343.2     2143.6    840.0    648.3    962.4 2023  3  9  6 38 46.240  4.1   1
     4902  26.856305  102.972583    10.708     3408.5   -10380.2     4571.4    328.7    278.2    303.0 2023  3  9  6 45 48.880  4.0   1
     4903  26.860960  102.959318    10.750     2090.4    -9864.4     4614.0    412.8    292.7    365.2 2023  3  9  6 46 51.560  3.8   1
     4905  26.845563  102.954159     5.223     1578.4   -11570.3     -913.5    420.0    398.0    759.2 2023  3  9  7  8 25.460  3.1   1
     4908  26.885297  102.978914     6.249     4037.0    -7167.7      112.9    583.4    371.7    548.8 2023  3  9  7 34  8.340  3.7   1
     4910  26.861804  102.963590    11.461     2515.3    -9770.8     5324.7    330.1    244.9    285.4 2023  3  9  7 45 49.050  3.3   1
     4911  26.858046  102.986605    10.369     4801.6   -10187.2     4232.9    358.1    289.6    369.7 2023  3  9  7 50 26.180  3.9   1
     4912  26.842959  102.989648    11.297     5103.8   -11858.9     5160.5    582.8    340.2    428.3 2023  3  9  8  5  8.630  4.8   1
     4914  26.849514  102.945272     7.072      695.3   -11132.5      935.5    296.9    211.0    472.3 2023  3  9  8 52 12.370  3.2   1
     4915  26.914968  102.823535    11.869   -11394.7    -3880.1     5732.6   2267.2   1115.7   1366.1 2023  3  9  8 54 15.880  2.3   1
     4916  26.853471  102.981812    11.244     4324.9   -10694.1     5107.3    333.2    267.8    334.6 2023  3  9  9  0 32.420  4.1   1
     4917  26.852557  102.978752     7.904     4021.0   -10795.3     1767.5    330.6    219.0    398.0 2023  3  9  9  4 21.020  3.5   1
     4918  26.854165  102.934839    10.496     -341.4   -10617.2     4359.4    382.4    268.9    294.4 2023  3  9  9 17 12.240  4.3   1
     4922  26.841748  102.964250     6.782     2581.0   -11993.0      645.6    472.8    365.4    414.3 2023  3  9  9 50 21.030  3.1   1
     4923  26.852559  102.935254     6.690     -299.6   -10795.1      553.5    841.6    505.1    511.1 2023  3  9 10 14 26.460  3.2   1
     4926  27.118077  102.849211    11.405    -8836.9    18625.0     5268.1    395.6    274.7    404.9 2023  3  9 10 41  7.130  4.5   1
     4928  26.853888  102.959806     6.368     2138.8   -10647.9      232.0    272.5    254.7    543.2 2023  3  9 10 55  9.960  2.9   1
     4929  26.867729  102.960376    13.439     2195.9    -9114.2     7302.7    448.6    365.3    524.4 2023  3  9 11 29 18.650  3.4   1
     4930  26.858209  102.989526    10.333     5091.7   -10169.1     4196.2    394.2    320.3    419.3 2023  3  9 11 30 47.930  3.3   1
     4932  26.830294  102.979614    10.440     4107.7   -13262.3     4304.0    991.9    632.4    835.3 2023  3  9 11 48 52.580  3.7   1
     4937  27.175358  103.105583    13.253    16596.8    24971.8     7116.7    563.0    484.7    660.9 2023  3  9 12 14 19.580  4.0   1
     4941  26.849314  102.971680     6.831     3318.6   -11154.7      694.9    318.1    208.3    456.9 2023  3  9 12 37 23.010  3.2   1
     4944  26.871488  102.993783    13.052     5513.7    -8697.7     6915.1    843.5    645.3    457.6 2023  3  9 13 20 30.600  3.4   1
     4947  26.870544  102.982845    17.724     4427.9    -8802.3    11587.2    578.3    383.9    856.7 2023  3  9 14 15 34.310  3.5   1
     4948  26.840220  102.991170    11.031     5255.4   -12162.4     4894.5    290.8    226.1    271.7 2023  3  9 14 21 16.690  3.2   1
     4952  26.845717  102.995215     7.984     5656.5   -11553.3     1848.0    404.6    343.2    545.9 2023  3  9 16 32  5.440  4.1   1
     4958  26.866652  102.857674     9.604    -8006.0    -9233.6     3467.6    951.0    779.0    969.6 2023  3  9 19  9 13.540  4.3   1
     4959  26.849813  102.927018    11.181    -1118.0   -11099.3     5044.8    392.4    283.6    316.8 2023  3  9 19 16 19.620  2.8   1
     4962  26.854081  102.941895    16.549      359.7   -10626.4    10412.5    658.6    460.5    423.5 2023  3  9 20  3 57.880  2.9   1
     4963  26.853298  102.948307    11.412      996.5   -10713.3     5275.9    559.0    357.5    401.7 2023  3  9 20 12 33.500  2.8   1
     4965  26.816081  102.949772    14.953     1142.4   -14836.9     8816.6   1214.1    908.8    978.3 2023  3  9 20 24 24.560  5.8   1
     4966  26.858704  102.942269    13.804      397.3   -10114.4     7668.0    465.9    362.1    322.0 2023  3  9 20 28 34.180  3.9   1
     4967  26.840330  102.986230    11.784     4764.2   -12150.1     5647.7    634.0    507.7    647.8 2023  3  9 20 43  5.520  3.9   1
     4968  26.848918  102.974308    11.850     3579.7   -11198.5     5713.6    682.3    375.1    576.8 2023  3  9 20 45 26.880  3.4   1
     4969  26.850118  102.951603    10.793     1323.9   -11065.5     4657.0    379.3    239.1    465.2 2023  3  9 20 49 10.180  3.5   1
     4971  26.829466  102.967871     7.258     2940.8   -13353.9     1121.1    680.6    544.8   1033.3 2023  3  9 20 56  0.000  2.7   1
     4972  26.857971  102.942871    12.922      456.7   -10195.4     6785.7    925.7    378.5    590.6 2023  3  9 20 59 26.520  3.3   1
     4974  26.864535  102.964950    13.290     2649.8    -9468.3     7153.4    517.3    354.1    464.6 2023  3  9 21  6 49.720  5.2   1
     4975  26.871025  102.936735    14.393     -152.5    -8749.0     8257.1    506.4    361.5    509.1 2023  3  9 21 12 28.800  3.3   1
     4977  26.890039  102.879606     8.649    -5827.5    -6642.2     2512.9    756.7    536.8    678.5 2023  3  9 21 21 14.400  2.6   1
     4978  26.849851  102.989266    12.832     5065.7   -11095.2     6695.3    612.8    583.9    779.3 2023  3  9 21 23 53.800  3.0   1
     4981  26.851383  102.958464    10.991     2005.4   -10925.4     4854.2    361.9    316.0    385.8 2023  3  9 21 36  5.360  3.9   1
     4982  26.855827  102.951457    14.042     1309.4   -10433.0     7905.6    783.7    591.8    526.1 2023  3  9 21 40 47.760  3.0   1
     4983  26.872026  102.960327     7.443     2190.7    -8638.2     1306.1   2647.0   2108.5   3254.3 2023  3  9 21 43 21.640  3.0   1
     4984  26.845276  102.996346     9.715     5768.8   -11602.1     3578.6    604.3    439.4    841.1 2023  3  9 21 46 59.720  2.8   1
     4988  26.878654  102.906982    12.435    -3108.2    -7903.8     6299.1    859.8    458.6    494.4 2023  3  9 22 21 41.340  2.9   1
     4990  26.854281  102.924593    11.019    -1359.0   -10604.5     4882.3    431.5    322.2    326.2 2023  3  9 22 27 35.960  3.4   1
     4992  26.861367  102.955811    10.938     1742.4    -9819.3     4802.0    396.6    228.3    282.8 2023  3  9 22 48 34.400  3.8   1
     4994  26.855756  102.979582    12.050     4103.6   -10441.0     5913.7    766.6    629.5    695.2 2023  3  9 23 23 57.040  3.0   1
     4997  26.861837  102.961882    12.744     2345.4    -9767.2     6607.2    457.4    287.9    358.9 2023  3 10  0 20 44.950  5.5   1
     4998  26.892175  102.873950     5.217    -6388.6    -6405.5     -919.3   5404.2   4310.6   6568.1 2023  3 10  0 49 26.930  2.6   1
     4999  26.853780  102.951164    11.525     1280.5   -10659.8     5389.0    288.9    219.1    270.3 2023  3 10  0 50 10.610  4.2   1
     5000  26.852600  102.976595    14.879     3806.6   -10790.6     8743.0    402.7    452.4    407.0 2023  3 10  1 32 17.130  4.6   1
     5001  26.859401  102.966756    12.296     2829.4   -10037.0     6159.2    283.0    287.3    274.6 2023  3 10  1 58 31.600  2.6   1
     5002  26.940104  102.853955     7.867    -8373.1    -1094.9     1730.3    167.9    121.8    267.2 2023  3 10  2 12 39.300  3.4   1
     5004  26.869554  102.902726     9.162    -3530.9    -8912.0     3026.1   1112.3    793.2    374.6 2023  3 10  2 51 15.710  3.4   1
     5005  26.946710  102.838688     9.809    -9889.1     -363.0     3672.4    142.2    122.0    256.0 2023  3 10  2 53 24.800  3.2   1
     5007  26.842183  102.975968     9.425     3745.2   -11944.7     3288.8    302.6    233.6    383.3 2023  3 10  3 17 29.440  3.0   1
     5009  26.850081  103.014250    14.912     7548.0   -11069.6     8775.9    738.4    595.1    639.1 2023  3 10  3 28 22.810  3.7   1
     5010  26.847567  102.947575    10.126      924.3   -11348.3     3989.1    448.7    376.5    558.3 2023  3 10  3 57 59.450  3.5   1
     5011  26.868219  102.931128    11.770     -710.1    -9059.9     5633.5    379.3    283.6    286.5 2023  3 10  5 39 33.770  2.9   1
     5012  26.955723  102.806746    11.421   -13059.9      635.6     5284.2    645.8    588.9    603.3 2023  3 10  6  4 49.250  2.8   1
     5014  26.867155  102.953589    11.852     1521.6    -9177.9     5715.9    342.1    265.2    256.6 2023  3 10  6 35 52.600  3.3   1
     5015  26.974599  102.803149     9.477   -13416.6     2727.3     3341.1    614.1    480.9    682.8 2023  3 10  6 36 58.260  2.9   1
     5021  26.859165  102.912272     8.656    -2582.8   -10063.1     2520.0    631.7    457.8    493.0 2023  3 10 10 18  2.270  2.9   1
     5022  26.847502  102.993636    10.537     5500.3   -11355.5     4400.2    275.8    272.5    292.1 2023  3 10 11 21 23.550  3.4   1
     5023  26.859589  102.968929    13.899     3045.7   -10016.3     7762.7    258.2    246.1    230.6 2023  3 10 12 19 19.430  3.5   1
     5024  26.839591  102.981478    13.590     4292.0   -12232.0     7453.4    603.1    380.1    534.1 2023  3 10 13 19 22.060  4.1   1
     5030  26.868337  102.955119    11.353     1673.3    -9046.8     5217.1   1510.2   1108.9   1116.2 2023  3 10 14 54 40.440  2.6   1
     5032  26.847530  102.932406    13.879     -582.5   -11352.4     7742.2   1061.4    725.5    543.1 2023  3 10 16 13 27.840  3.8   1
     5036  27.033630  102.899854    11.224    -3813.9     9268.0     5088.0    465.0    266.2    322.1 2023  3 10 18  8  4.040  4.8   1
     5039  26.844049  102.903646     9.221    -3439.9   -11738.0     3084.9    739.7    561.7    734.6 2023  3 10 18 44 12.400  2.9   1
     5041  27.023855  102.897738    11.666    -4024.1     8184.9     5529.5    544.9    310.9    360.6 2023  3 10 18 52 49.780  3.7   1
     5042  27.037026  102.888932     7.389    -4897.4     9644.2     1252.8    564.8    313.5    531.3 2023  3 10 18 54 26.660  3.8   1
     5043  27.035915  102.901554     9.251    -3645.0     9521.1     3114.4    493.7    264.0    275.0 2023  3 10 18 57 22.840  3.7   1
     5044  27.028546  102.883472    10.483    -5440.0     8704.7     4347.0    512.2    370.0    374.9 2023  3 10 19  2 23.560  3.3   1
     5045  27.028097  102.898934     9.428    -3905.3     8654.8     3291.2    423.2    266.5    312.8 2023  3 10 19  5 56.440  3.2   1
     5046  27.035940  102.908561     7.668    -2949.3     9523.9     1531.4    541.5    322.3    385.5 2023  3 10 19  8  5.920  3.1   1
     5048  27.016614  102.900212    11.454    -3778.3     7382.5     5318.0    619.6    491.5    489.4 2023  3 10 19 23 42.860  2.3   1
     5049  26.869253  102.945589    10.511      726.9    -8945.4     4374.7    454.1    315.4    411.7 2023  3 10 19 42 54.160  3.0   1
     5051  27.030568  102.885116    12.371    -5276.5     8928.7     6235.0    550.6    302.9    398.5 2023  3 10 19 48 21.480  4.0   1
     5052  27.025555  102.902840     9.043    -3517.5     8373.4     2906.7    432.2    246.5    315.5 2023  3 10 19 55 36.560  3.2   1
     5053  26.976261  103.020890     8.540     8203.0     2911.3     2403.6    821.8   1131.7   1125.0 2023  3 10 20  2 56.200  2.9   1
     5054  26.855463  102.971126     7.820     3263.7   -10473.3     1683.9    543.9    379.9    686.9 2023  3 10 20 14 21.840  3.4   1
     5055  27.027820  102.897965    10.049    -4001.3     8624.2     3913.0    414.0    237.2    317.7 2023  3 10 20 25 37.900  3.9   1
     5056  27.020017  102.882267    14.578    -5559.4     7759.7     8441.4   1092.3    654.9    720.5 2023  3 10 20 28 52.880  3.1   1
     5061  26.856569  102.968254     8.662     2977.9   -10350.8     2525.6    384.5    354.4    484.8 2023  3 10 21  1 11.540  3.5   1
     5064  26.849738  102.970736     6.222     3225.2   -11107.9       85.4    331.8    248.2    503.8 2023  3 10 21 25  8.900  3.2   1
     5065  26.846214  102.942961     9.388      465.3   -11498.3     3251.2    377.4    256.1    419.7 2023  3 10 21 37 59.520  3.1   1
     5066  27.036440  102.801595     8.941   -13567.0     9579.3     2804.8    570.5    352.7    602.1 2023  3 10 21 42 31.720  2.3   1
     5070  26.853208  102.968962     8.530     3048.3   -10723.3     2393.3    299.0    156.3    398.4 2023  3 10 22 15  6.200  3.0   1
     5071  27.120512  102.852287    13.676    -8531.7    18894.8     7539.6    385.1    257.2    272.1 2023  3 10 22 20 47.880  3.5   1
     5072  26.867934  102.939925    12.875      164.2    -9091.4     6738.2    355.5    266.1    255.0 2023  3 10 22 47  7.080  2.2   1
     5074  26.912929  102.855819     8.095    -8188.9    -4106.0     1958.8     72.8     70.2     71.0 2023  3 10 22 54 53.120  2.8   1
     5078  27.084237  102.876465    12.240    -6134.2    14875.4     6103.2    555.3    364.4    395.1 2023  3 10 23  3 53.680  2.9   1
     5079  26.857233  102.951009     5.655     1265.6   -10277.3     -481.0    334.5    200.4    521.1 2023  3 10 23 16  8.140  3.5   1
     5080  26.865676  102.969246     9.118     3076.5    -9341.9     2981.5    439.3    476.0    488.8 2023  3 10 23 23 55.640  3.3   1
     5082  27.028377  102.927165     7.889    -1102.3     8686.1     1752.3    622.2    404.1    592.5 2023  3 10 23 55 58.480  3.3   1
     5083  27.106205  102.828019    10.108   -10940.3    17309.6     3971.6    407.0    285.1    248.3 2023  3 11  0  8 26.740  3.5   1
     5085  26.862551  102.936678     9.842     -158.2    -9688.1     3705.9    782.9    556.1    868.6 2023  3 11  3 10 54.210  2.8   1
     5087  26.858866  102.949674    13.133     1132.5   -10096.3     6996.9    727.4    472.3    479.1 2023  3 11 13  1 44.270  3.3   1
     5088  26.864242  102.919132     8.857    -1901.2    -9500.6     2720.4    551.8    475.7    519.9 2023  3 11 13 41 47.870  2.5   1
     5090  26.902035  102.947624    11.013      928.5    -5313.1     4876.5    709.4    547.3    669.6 2023  3 11 14  5 56.920  3.6   1
     5091  26.948649  102.771313     7.108   -16579.4     -148.2      971.9    626.3   1181.9    996.1 2023  3 11 14 29 21.430  2.3   1
     5092  27.098543  102.819686     9.600   -11767.8    16460.5     3463.4    438.6    292.0    306.6 2023  3 11 14 41 36.040  2.8   1
     5106  26.873244  102.879590     8.225    -5829.1    -8503.2     2088.2    711.3    422.6    611.0 2023  3 11 21  1 59.360  2.7   1
     5108  26.857324  103.019198    15.344     8039.1   -10267.1     9207.7    686.2    847.1    993.4 2023  3 11 21 12 16.400  3.5   1
     5115  27.160207  103.126074    11.679    18630.9    23293.0     5543.1    342.0    382.9    417.8 2023  3 11 23 30 29.120  4.9   1
     5121  26.838818  102.940348    13.336      205.9   -12317.5     7199.6    417.4    255.7    247.0 2023  3 12  1 19  0.220  4.1   1
     5132  26.847935  102.957528     9.901     1913.2   -11307.5     3764.6    409.3    278.7    384.6 2023  3 12  8 12 14.250  3.6   1
     5142  27.052893  103.041659     9.993    10261.2    11402.5     3856.3    344.9    116.7    365.7 2023  3 12 12 20  9.100  3.2   1
     5143  26.668056  103.010229    13.340     7153.8   -31238.6     7203.3    397.0    461.0    596.2 2023  3 12 13  0 24.520  2.7   1
     5148  26.875975  102.894995    14.445    -4298.7    -8200.5     8309.0    960.2    668.6    505.0 2023  3 12 15 10  5.380  3.3   1
     5150  27.019139  102.797575    17.754   -13967.0     7662.3    11617.4    478.4    471.6    449.1 2023  3 12 15 38 22.330  3.2   1
     5152  26.865129  102.930477     9.199     -774.3    -9402.3     3062.4    350.5    250.7    261.0 2023  3 12 16  1 19.410  2.5   1
     5157  26.870496  102.922087    14.141    -1607.6    -8807.8     8004.4    415.0    412.1    381.3 2023  3 12 19  9 25.120  3.2   1
     5158  27.002083  102.794523     4.698   -14270.8     5772.5    -1438.3    386.0    502.9    742.4 2023  3 12 19 23 38.260  3.5   1
     5161  27.129557  102.843612     6.170    -9392.0    19897.1       33.4    337.5    254.3    569.2 2023  3 12 20 16 48.520  3.8   1
     5162  27.131388  102.834359     7.964   -10310.4    20099.9     1827.8    361.4    292.8    607.7 2023  3 12 20 30 52.180  2.9   1
     5164  27.120276  102.856209     4.975    -8142.5    18868.6    -1161.5    500.9    324.8    990.0 2023  3 12 20 59  2.920  3.1   1
     5165  26.935232  102.818384     3.542   -11905.3    -1634.8    -2594.2   2208.3   1885.3   4351.4 2023  3 12 21 27  6.560  3.0   1
