        2  26.918384  102.894653    11.929    -4331.7    -3501.6     5793.1   2131.0   1899.9   1845.9 2022  8 23 15 13 44.310  2.5   1
        3  26.916679  102.837052    11.871   -10053.0    -3690.4     5734.9   1347.6   1487.7   1010.1 2022  8 23 16 29 48.550  1.9   1
        4  27.212282  102.903231     2.929    -3475.4    29063.2    -3207.8   2610.3   2946.7   3273.6 2022  8 24  0  4  1.570  2.7   1
       10  26.865792  102.792936    30.152   -14437.2    -9329.0    24015.2   3007.8   2604.5   3603.0 2022  8 25  5 42 34.720  3.1   1
       21  26.864903  102.895467     9.702    -4251.8    -9427.5     3565.9   2249.0   1235.9   1563.5 2022  8 26  0 10 20.460  2.9   1
       27  27.159861  103.025415     4.333     8645.5    23254.8    -1803.3   2176.6   1955.2   3526.0 2022  8 26  4 53 50.400  2.2   1
       30  26.718347  102.932780     4.818     -546.0   -25666.2    -1318.6   1853.4   2576.3   2530.1 2022  8 26  7 53 47.970  2.8   1
       33  27.108191  103.228182     7.929    28767.5    17529.7     1792.7   2628.8   3310.3   4264.9 2022  8 26 11 33 19.160  3.3   1
       37  26.997945  102.904777    16.644    -3325.5     5314.0    10507.3   1906.1   1570.7   1438.2 2022  8 26 15 55  6.860  2.2   1
       38  26.900134  102.939046    10.150       76.9    -5523.7     4014.0   2863.4   2605.7   4199.0 2022  8 26 17 46 10.540  2.0   1
       41  27.173043  102.586759     9.585   -34870.4    24715.3     3448.4   2266.2   2246.4   2965.7 2022  8 26 20  0 27.640  2.7   1
       51  26.783173  103.099862     5.167    16057.0   -18483.2     -969.2   2400.4   2030.1   2653.7 2022  8 28 13 14 55.710  2.4   1
       53  27.327917  102.992228     2.587     5349.2    41875.8    -3549.3   1543.3   2089.3   3031.7 2022  8 28 13 35 16.260  2.2   1
       58  27.167244  103.012052     4.912     7318.9    24072.8    -1224.7   3644.2   2006.0   5257.8 2022  8 29  4 27 23.500  2.1   1
       59  27.300456  103.038932    19.410     9979.8    38833.0    13273.7   3306.7   2861.4   1681.5 2022  8 29  6 47 31.420  3.6   1
       64  26.896830  102.735832    14.917   -20107.2    -5889.9     8781.0   1560.6   1465.0   2190.1 2022  8 29 15 51  8.780  2.8   1
       71  27.083341  102.853988     4.371    -8364.6    14776.1    -1765.4   1484.0   1528.6   3257.1 2022  8 29 19 57 47.120  2.7   1
       73  27.099963  102.906323     1.182    -3170.7    16617.9    -4954.6   1142.5   1641.0   4856.3 2022  8 30  4 26 34.420  1.5   1
       89  26.912937  102.792562     6.162   -14471.6    -4105.1       25.7   1271.6   1737.3   2242.4 2022  8 31  7  3 37.080  3.6   1
       90  27.213405  102.949626     6.683     1126.2    29187.6      546.7   1933.1   2162.1   2226.7 2022  8 31  7 11  2.020  3.3   1
       91  26.668874  103.257406    40.652    31728.6   -31147.9    34515.3   3452.8   4485.5   3169.6 2022  8 31 10 53 13.050  2.7   1
       93  26.938662  102.788387    26.209   -14884.4    -1254.8    20072.5   3220.0   2131.8   2364.1 2022  8 31 15 26 58.290  2.7   1
       98  26.805446  103.219539     9.113    27946.9   -16015.3     2976.4   1570.9   2273.6   1827.4 2022  8 31 19 14 47.980  2.3   1
       99  26.633032  103.043604    11.764    10473.9   -35119.2     5627.1   3747.3   2146.7   3010.6 2022  8 31 19 21 43.200  1.9   1
      103  27.150344  102.863485     8.330    -7419.8    22200.3     2193.8   3073.9   2380.5   4904.5 2022  9  1  2 23 47.100  3.0   1
      110  26.751656  102.982056    13.424     4351.7   -21975.4     7287.5   2280.7   1778.4    998.8 2022  9  1 14 13 43.450  2.6   1
      122  26.995101  102.888794    38.740    -4912.4     4998.9    32603.8   3336.7   2868.0   2139.7 2022  9  2  6 12 33.880  3.3   1
      123  26.507495  102.778605     3.768   -15885.2   -49029.2    -2368.1   2112.7   2894.5   3761.2 2022  9  2  7  0 50.150  2.7   1
      125  26.649146  103.037313    29.414     9847.8   -33333.9    23277.1   2768.3   1943.1   1463.1 2022  9  2 11 23 57.250  2.9   1
      126  27.075063  102.699325    24.497   -23714.1    13858.8    18360.2   2775.8   1543.5   2546.0 2022  9  2 12  7  5.920  3.6   1
      127  27.046232  102.828711    16.760   -10874.9    10664.5    10623.8   1506.5   1385.3   1559.5 2022  9  2 12 56 18.870  3.2   1
      131  27.355137  102.834188    14.089   -10317.1    44891.7     7952.1   2861.1   2347.9   2918.2 2022  9  2 16 43 50.880  3.8   1
      132  26.933976  102.806665    38.335   -13069.2    -1773.9    32198.4   2429.9   1797.8  24951.1 2022  9  2 16 49 23.410  3.5   1
      144  26.732326  103.262240    42.427    32200.0   -24117.3    36291.0   2798.3   3468.4   2468.2 2022  9  3  9 16  5.250  3.6   1
      146  26.917236  102.856893    22.119    -8081.9    -3628.7    15982.4   2011.9   1850.6   1318.9 2022  9  3 15 14 17.430  2.9   1
      147  26.866010  103.118327    15.681    17885.4    -9304.9     9544.4   2893.3   2455.0   3096.5 2022  9  3 15 21 35.480  3.1   1
      157  27.258584  102.873201    39.038    -6452.5    34193.4    32902.0   2660.2   2005.0   2226.9 2022  9  4  3 45 26.740  3.8   1
      159  26.519625  102.990894     0.149     5235.0   -47685.1    -5987.0   1508.9   2024.4   3730.5 2022  9  4  6 31  7.150  3.1   1
      161  27.265647  103.046696     8.859    10751.0    34976.0     2722.4   2204.2   3388.8  13666.7 2022  9  4  8 20 56.670  3.1   1
      162  27.292222  103.055705     3.099    11643.6    37920.8    -3037.4   2063.1   3857.1   3232.5 2022  9  4  8 50 12.620  2.8   1
      175  26.923230  103.114722    32.460    17523.5    -2964.7    26323.5   1904.7   1768.4   1045.8 2022  9  5 10 13  5.590  2.5   1
      177  27.420754  103.061743    13.058    12234.8    52162.4     6921.3   3386.5   2420.3   5874.6 2022  9  5 15 13 44.570  2.2   1
      196  27.304921  103.053923    29.545    11466.3    39327.8    23408.6   2039.9   2675.4   1282.6 2022  9  6 23 41 15.440  2.9   1
      197  27.324032  103.116504     4.273    17669.3    41445.2    -1863.4   1968.9   2046.7   2902.1 2022  9  7  0 40 13.210  4.2   1
      201  27.136131  103.078768    12.451    13939.9    20625.3     6315.1   2040.0   1095.0   1831.2 2022  9  7  6 26 59.330  2.9   1
      203  26.722921  102.991927     3.299     5333.2   -25159.5    -2836.9   2116.7   1383.5   3397.7 2022  9  7 12 55 18.100  2.7   1
      216  27.135988  103.429964    36.593    48784.4    20609.6    30456.8   1992.5   2344.3   2053.1 2022  9  8 13 38 13.970  3.1   1
      217  26.948969  102.786743    16.800   -15046.9     -112.6    10663.6   1610.8   1495.6   1541.5 2022  9  8 14 45 37.570  2.2   1
      218  27.076835  102.864893     6.503    -7282.7    14055.2      366.3   1627.2   1210.9   1898.9 2022  9  8 15 18 22.760  2.7   1
      220  26.436599  102.992326    17.781     5379.4   -56884.7    11644.9   2960.6   1749.9   1448.8 2022  9  8 15 41 42.610  2.8   1
      222  26.863352  102.762427    11.940   -17468.3    -9599.3     5803.9   2137.9   2171.4   2716.9 2022  9  8 17 34 28.040  3.0   1
      223  26.714846  102.990576     2.453     5199.2   -26054.2    -3683.2   2969.7   1983.0   4002.8 2022  9  8 19 30  1.880  2.0   1
      225  27.395632  102.897648    16.671    -4025.7    49378.7    10534.4   4220.1   1424.1   2469.7 2022  9  8 22 24  2.400  3.1   1
      237  27.159613  103.096395    12.843    15686.7    23227.4     6706.9   3406.1   2935.4   4252.5 2022  9 10  7 23 56.920  3.2   1
      250  26.967450  102.966528    15.956     2805.2     1935.0     9819.6   4712.9   5190.7   6205.9 2022  9 11  7 27 53.480  3.2   1
      255  26.882896  103.004004     6.134     6529.3    -7433.7       -2.7   1440.3   1300.0   1661.3 2022  9 11 19 18 35.380  2.0   1
      260  27.319849  103.161768    31.517    22156.7    40981.7    25380.9   3103.8   2692.8   2664.9 2022  9 12  8 47 31.400  3.4   1
      261  27.033655  102.662622    12.533   -27361.8     9270.6     6396.2   2768.3   3262.4   4210.5 2022  9 12 11 40 13.070  2.8   1
      262  26.586247  103.040951    31.715    10211.9   -40303.3    25578.8   3514.0   2478.4   1667.9 2022  9 12 11 43 50.160  3.3   1
      263  26.905489  102.899438    13.303    -3857.0    -4930.5     7166.2   2524.4   2044.7   2337.1 2022  9 12 14  2 34.620  3.1   1
      266  26.961094  102.856022     3.762    -8166.9     1230.9    -2374.0   1734.6   1657.2   2366.8 2022  9 12 15 20 33.940  2.3   1
      267  26.886446  103.111751    13.182    17231.4    -7040.4     7045.5   1399.9   2655.8   1921.9 2022  9 12 16  2 16.000  2.5   1
      271  26.821006  102.992114     9.283     5349.5   -14291.2     3146.9   1960.3   2531.3   1758.6 2022  9 12 18 53 45.840  1.8   1
      281  26.904163  103.148470    14.529    20876.5    -5077.2     8392.4   1616.0   1690.1   2302.0 2022  9 13  8 20 48.310  3.6   1
      291  26.853038  103.047681    18.507    10868.7   -10742.2    12371.0   2501.1   3121.4   1983.5 2022  9 13 20 33 39.680  1.4   1
      295  27.264602  102.893921     3.218    -4397.8    34860.2    -2918.2   2052.6   3299.9   3149.8 2022  9 14  0 20  8.350  3.3   1
      309  27.163080  102.994051     2.730     5533.5    23611.4    -3406.7   3546.8   1248.5   3250.0 2022  9 14 15 47 55.620  3.1   1
      313  26.908889  103.071427    20.633    13224.6    -4553.6    14496.2   3063.1   1506.3   2309.4 2022  9 14 21 53 11.260  1.4   1
      314  26.808130  103.131429     3.982    19192.2   -15717.9    -2154.4   2236.8   2698.2   2232.3 2022  9 14 22 24 46.880  1.7   1
      316  26.986627  103.238761    32.120    29833.7     4059.9    25983.8   2424.1   1916.4   2270.5 2022  9 15  2 11 57.940  3.5   1
      318  27.065489  103.046663    12.740    10757.6    12798.0     6603.8   2364.1   3176.0   2178.9 2022  9 15  3  5 22.120  2.4   1
      327  26.924933  103.038574     1.975     9960.9    -2775.9    -4161.8   1903.3   2506.3   3315.7 2022  9 15 10 33 15.360  2.1   1
      334  26.982918  103.119727    15.554    18015.2     3648.9     9417.4   1543.9   1600.4   1978.6 2022  9 15 16  1 53.840  2.5   1
      341  26.931559  102.971956    10.594     3345.3    -2041.7     4457.8   1623.4   2053.9   2655.1 2022  9 16  5  3 54.060  2.4   1
      343  27.012836  102.794287     3.130   -14293.6     6963.9    -3006.6   2212.6   1912.9   3601.5 2022  9 16  8 45 59.600  2.6   1
      344  26.824679  103.028866     3.575     9001.0   -13884.3    -2561.6   2293.4   2421.5   3928.1 2022  9 16  9 54 21.950  3.2   1
      347  26.861936  103.097542    18.875    15821.3    -9756.1    12738.7   1848.4   2151.5   1470.8 2022  9 16 15 14 30.520  2.9   1
      348  27.278723  103.037948    38.022     9883.2    36425.0    31885.6   3047.2   2499.1   2875.1 2022  9 16 15 32  0.300  3.0   1
      351  26.775539  102.832780    26.604   -10483.1   -19329.1    20467.8   2535.0   1629.2   1799.0 2022  9 16 19 50 22.680  2.8   1
      357  26.985756  102.681340     1.718   -25509.0     3963.4    -4418.6   1482.4   2531.8   3829.1 2022  9 17  9 41 33.230  4.1   1
      373  27.224554  102.860506     6.150    -7712.8    30423.0       13.3   3864.7   2885.0   3886.0 2022  9 18 10 47 32.100  3.0   1
      378  27.027234  102.935905    13.783     -235.4     8559.2     7646.8   2727.4   2385.7   2627.1 2022  9 18 18 53 14.400  1.1   1
      385  27.402484  102.877832    35.548    -5989.7    50138.1    29411.7   4540.2   1755.8   1881.4 2022  9 19 11 51 36.930  3.2   1
      387  27.121889  102.735970    24.209   -20073.0    19047.5    18072.9   1881.1   1733.7   1525.4 2022  9 19 13 39 22.880  2.9   1
      391  26.741012  103.078573     4.462    13944.0   -23154.8    -1674.5   2072.3   1518.8   2578.3 2022  9 19 20 44 16.160  2.0   1
      395  27.006818  102.838428    14.285    -9911.9     6297.1     8148.8   1517.6   1098.4   1646.1 2022  9 19 21 41 25.680  3.4   1
      411  27.314644  102.865609     8.322    -7203.6    40405.1     2185.6   1965.7   1579.5   2295.5 2022  9 20 22  3 51.180  2.2   1
      417  27.126060  102.993709     1.076     5500.9    19509.4    -5060.6   4872.1   1948.6   4043.2 2022  9 21  7 48 12.380  2.8   1
      418  27.087579  103.081209    27.381    14184.5    15245.7    21244.9   4650.7   2362.4   3472.2 2022  9 21 13 26 32.540  2.2   1
      420  26.812054  103.005168     4.648     6646.6   -15283.1    -1488.6   1460.1   1042.2   1830.2 2022  9 21 20 26 55.320  2.2   1
      433  26.602995  103.031519    29.127     9273.6   -38447.6    22990.1   2174.1   2730.5   2308.3 2022  9 23 11 52 29.660  3.1   1
      438  26.995628  102.979728     8.845     4115.4     5057.3     2708.7   2136.7   1914.8   1587.6 2022  9 24  1 23 23.490  3.1   1
      439  27.291146  103.012321     5.408     7341.7    37801.4     -728.3   1325.3   1856.6   1871.1 2022  9 24  1 45 33.660  2.9   1
      443  26.506850  102.649308    22.082   -28749.3   -49100.7    15945.4   2902.9   3070.6   3778.8 2022  9 24  5 43 26.670  3.6   1
      444  27.023004  102.786108     8.723   -15105.0     8090.6     2586.4   2503.4   1987.8   2270.6 2022  9 24  7 41 55.320  2.6   1
      455  26.751821  102.998185    17.446     5954.7   -21957.3    11309.3   2019.6   1491.4   1429.8 2022  9 25  1 31  2.400  3.1   1
      457  26.856260  103.015340     1.428     7655.5   -10385.0    -4708.7   4266.1   2572.8   3621.0 2022  9 25  9 13 17.580  2.1   1
      458  26.804156  103.067928    34.526    12882.7   -16158.3    28389.4   4316.1   1591.9   1320.6 2022  9 25 14 27  6.740  2.8   1
      468  26.848610  102.850382     9.882    -8731.0   -11232.8     3745.8   4857.6   3399.5   5687.5 2022  9 26 10 53 11.270  1.8   1
      474  27.174607  103.153451    19.108    21345.6    24888.7    12971.3   2432.5   2404.9  10593.1 2022  9 26 22  8 38.160  2.4   1
      478  26.604238  103.166439     7.991    22690.8   -38309.7     1854.2   1938.0   2473.3   2774.7 2022  9 27  0 14 59.990  2.7   1
      484  26.606087  102.889917    15.414    -4809.0   -38105.0     9278.1   1653.4   1537.4   2284.1 2022  9 27 12 57 34.810  2.6   1
      486  26.862372  103.262297    11.304    32187.6    -9707.8     5167.2   2867.7   2494.2   2658.9 2022  9 27 14  4 56.110  2.5   1
      499  27.196891  103.010596    11.162     7173.4    27357.8     5025.9   2885.4   2138.0   2329.6 2022  9 28 10 37 37.360  2.9   1
      501  27.326231  102.867171     8.092    -7048.8    41688.9     1955.5   2661.0   2196.6   3496.2 2022  9 28 11 41 58.410  2.9   1
      520  27.146263  102.600968     7.920   -33464.8    21748.0     1783.3   1663.4   1953.3   4210.6 2022  9 29 14 11 26.150  3.3   1
      523  27.058502  102.905705     9.906    -3232.3    12023.8     3770.0   2822.1   1133.4   2437.8 2022  9 29 17 23 38.880  2.1   1
      524  26.987722  102.794507     1.782   -14273.4     4181.4    -4354.7   1997.4   2006.9   2838.9 2022  9 29 18 31 37.720  2.7   1
      525  27.015206  102.865951     4.206    -7179.7     7226.5    -1929.9   2446.4   1981.2   6150.6 2022  9 29 19 13 43.660  2.0   1
      528  26.840289  102.938005     6.080      -26.4   -12154.8      -56.1   5233.5   2934.0   9010.0 2022  9 29 22  6 38.880  1.7   1
      530  27.201638  102.888989    12.459    -4888.2    27883.6     6322.5   1204.5   1041.5   1386.6 2022  9 29 23 52 18.280  3.0   1
      537  26.928589  102.864868     9.273    -7289.8    -2370.8     3137.1   1543.1   1340.0   1512.5 2022  9 30 10 42  7.580  3.3   1
      539  26.957678  102.856820    11.759    -8087.7      852.2     5622.2   1949.6   2493.7   1923.4 2022  9 30 15  4 17.540  2.1   1
      545  26.658691  103.098551    24.544    15935.9   -32276.3    18407.4   3361.4   2289.7   1414.8 2022  9 30 21 40  5.720  3.3   1
      546  27.191945  103.114453     4.728    17475.5    26809.8    -1408.6   2462.7   2426.7   3851.8 2022  9 30 23 37 44.520  3.8   1
      551  26.851510  103.016138    38.051     7735.0   -10911.3    31914.3   2015.4   1840.6   2614.0 2022 10  1  9 13 10.740  2.2   1
      553  27.218113  102.979541    13.478     4092.9    29709.2     7341.7   2187.3   2414.8   1517.5 2022 10  1 11  5 14.150  2.8   1
      556  27.333704  102.817000    24.787   -12021.9    42516.9    18650.5   2552.6   2693.8   1578.6 2022 10  1 17 41 19.680  2.9   1
      557  26.930778  102.847412    14.435    -9023.1    -2128.3     8298.5   2732.6   1583.4   1758.9 2022 10  2  2 39  6.470  2.6   1
      560  26.867942  102.876676    20.972    -6119.0    -9090.7    14835.7   1944.5   1633.6   1126.7 2022 10  2  6 10 39.130  3.0   1
      564  26.842255  103.032300     6.490     9341.5   -11936.9      353.2   2221.9   2354.5   2234.7 2022 10  2 13 29 28.700  2.2   1
      572  26.877622  103.070955     8.907    13179.3    -8018.1     2770.7   1928.1   2291.3   2423.7 2022 10  2 21 50 13.720  1.9   1
      576  26.707037  102.686702    29.616   -25007.1   -26919.3    23479.8   3656.6   2044.8   3492.0 2022 10  3  4 16 29.080  3.1   1
      579  27.004987  102.776668     9.069   -16043.1     6094.2     2932.4   2290.1   1950.6   2816.0 2022 10  3 22 21  8.080  2.6   1
      586  26.955731  102.817847    21.287   -11957.9      636.6    15150.7   2586.8   2435.1   1886.5 2022 10  4  7 25 50.510  3.1   1
      587  26.920060  103.099504     3.905    16012.1    -3315.9    -2231.8   1843.7   1854.8   2967.7 2022 10  4  7 27  3.710  3.3   1
      588  26.748142  102.933268     5.692     -497.8   -22364.7     -444.5   1743.3   2185.4   3052.5 2022 10  4  8  8  1.580  2.3   1
      593  27.102769  103.041341    12.972    10227.5    16928.8     6835.7   2334.9   2098.8   2621.2 2022 10  4 17  7 26.000  2.4   1
      606  27.191467  102.857894    17.325    -7973.1    26756.9    11188.5   2020.9   2053.8   1746.4 2022 10  5  8 48 50.950  3.4   1
      608  27.217474  103.084448    11.949    14498.3    29638.5     5812.6   1424.6   2264.8   1625.0 2022 10  5 20 23 44.000  2.2   1
      617  26.597477  102.925041    12.563    -1315.6   -39058.9     6426.9   3246.4   1593.6   1789.7 2022 10  6 12 33 57.590  2.9   1
      619  26.573216  102.948592     2.833     1026.2   -41747.2    -3303.5   1847.6   2082.6   3059.5 2022 10  6 13 38  1.910  2.9   1
      623  26.559568  103.064966     9.167    12601.7   -43259.3     3031.1   2991.2   1626.5   1808.8 2022 10  6 18 50 15.640  2.2   1
      624  26.946047  102.991333     3.259     5268.9     -436.4    -2877.6   1566.9   2329.9   2840.3 2022 10  6 19 23 17.160  0.7   1
      625  26.948775  102.903638     6.037    -3439.0     -134.1      -99.4   1917.4   1546.7   2623.9 2022 10  6 19 54 51.240  1.9   1
      631  26.951249  102.898364    10.648    -3963.0      139.9     4511.2   2584.9   1109.7   1422.3 2022 10  7  8 31 45.130  3.2   1
      632  27.028137  103.025570    10.108     8665.7     8659.5     3971.8   2376.7   1614.0   4485.2 2022 10  7 10  0 30.910  3.1   1
      638  26.890841  103.079329    13.752    14010.5    -6553.4     7615.5   3134.1   2589.9   2813.1 2022 10  7 17 33 52.460  2.9   1
      645  27.000153  102.913810    10.397    -2428.3     5558.6     4260.9   3906.9   3915.7   2583.7 2022 10  8 14 54 26.920  2.5   1
      655  27.170384  103.026131     7.843     8715.8    24420.6     1707.3   2961.5   1801.5   2080.3 2022 10  9  1 55 24.090  2.7   1
      664  27.111212  102.613289     7.395   -32247.3    17864.3     1258.4   2843.2   3617.7   4392.1 2022 10  9 12 43 34.610  2.8   1
      667  26.722469  103.181340     7.403    24160.1   -25209.4     1266.3   1619.2   1738.3   2229.6 2022 10  9 19 40 11.900  2.7   1
      669  26.798301  102.813224    56.693   -12425.2   -16807.1    50556.9   1627.6    949.2    622.8 2022 10  9 21 24  3.840  2.2   1
      672  26.811621  102.920337    11.319    -1781.7   -15331.1     5182.6   1102.6    932.9    827.8 2022 10 10  3 35  1.940  3.7   1
      700  26.988426  102.844784    13.589    -9281.6     4259.2     7452.5   3052.9   3079.7   1645.9 2022 10 12  3 33 49.700  2.7   1
      704  27.169828  102.911133    33.688    -2692.1    24359.2    27552.1   3329.6   2031.3   2960.9 2022 10 12 11 28  8.650  3.4   1
      711  26.951955  102.652832     9.553   -28343.9      218.3     3416.2   1964.3   1990.7   3505.9 2022 10 12 20 24  8.640  1.7   1
      712  27.227991  102.573730    20.562   -36154.6    30803.7    14425.7   3023.5   2859.7   4221.5 2022 10 12 23  7 53.400  3.5   1
      716  26.677177  103.004940     6.853     6627.9   -30227.9      716.2   1825.7   1692.6   2172.3 2022 10 13  7 53 44.320  2.8   1
      719  26.703868  103.023372    19.677     8459.0   -27270.5    13540.4   2510.9   2087.5   1894.1 2022 10 13 14 37 58.700  2.6   1
      720  27.026762  103.010083     5.457     7128.4     8507.1     -679.3   2766.8   1779.2   3116.4 2022 10 13 15 10 42.300  1.9   1
      728  27.325163  103.070142     4.188    13072.6    41570.6    -1948.4   1066.1   1497.2   2355.5 2022 10 14  4  4 36.310  3.0   1
      730  26.829059  103.027197    10.156     8834.7   -13398.9     4019.3   2094.2   2288.8   2011.6 2022 10 14  6 42 28.000  3.0   1
      731  27.138025  102.673901     6.106   -26230.5    20835.3      -30.5   2783.0   1752.6   3079.5 2022 10 14  8 54 11.830  3.3   1
      732  26.869995  103.120182    18.288    18069.7    -8863.2    12151.6   2772.7   2770.2   2175.1 2022 10 14 10 37 11.450  2.2   1
      733  26.980658  103.001066     9.959     6234.6     3398.6     3822.8   2023.6   3465.5   1789.4 2022 10 14 13 28 27.810  3.3   1
      735  27.244647  103.064201     8.731    12488.2    32649.2     2594.4   2654.1   3081.9   2275.2 2022 10 14 18 51 53.760  2.7   1
      737  27.063607  103.028735    28.028     8978.3    12589.6    21891.7   2248.9   1295.8   1423.8 2022 10 14 19 10 30.480  3.0   1
      740  27.068549  102.759660     2.837   -17727.0    13137.1    -3299.2   1750.3   1459.0   2591.7 2022 10 15  0 31  2.400  2.9   1
      741  26.892822  103.127376    13.835    18782.8    -6333.9     7699.0   2124.2   1639.9   2711.1 2022 10 15  1  4 10.400  3.5   1
      743  26.738452  102.878825    35.245    -5908.9   -23438.6    29108.1   1602.6   1419.4   1285.5 2022 10 15  2 14 48.560  3.1   1
      747  26.758816  103.072697    17.623    13359.5   -21182.1    11486.2   2684.9   1591.4   1953.8 2022 10 15  3 44 27.520  3.0   1
      749  26.866526  102.734969    11.226   -20195.4    -9247.6     5089.6   1515.8   1742.6   2176.5 2022 10 15  4 56 47.550  3.2   1
      753  27.000187  102.841309    14.732    -9626.4     5562.3     8595.5   2606.5   1384.9   1744.1 2022 10 15 18 41 18.120  2.7   1
      759  26.867633  103.179834     9.417    23995.5    -9124.8     3280.3   1683.5   1662.2   1636.1 2022 10 16  3  9  9.820  2.0   1
      779  27.071086  102.750106     4.720   -18675.1    13418.2    -1416.9   3501.7   3033.4   2142.0 2022 10 17 22 37 48.240  2.6   1
      783  27.302315  102.798649     3.679   -13843.4    39038.9    -2457.1   2580.5   1945.1  11546.3 2022 10 18  3 14 52.300  3.0   1
      789  27.248580  102.991113     4.960     5239.9    33085.1    -1176.8   1807.7   2365.3   2102.5 2022 10 18 16 41 47.000  1.7   1
      792  26.602462  103.105835    10.975    16663.8   -38506.6     4838.5   2312.8   1904.4   1590.3 2022 10 18 22 34 15.560  2.8   1
      796  27.170945  103.025610     9.721     8664.4    24482.9     3584.5   3505.6   2490.9   4975.1 2022 10 19  4 15 45.470  2.2   1
      810  27.081163  103.218522    10.595    27812.6    14534.7     4458.7   1670.8   1410.9   2483.2 2022 10 19 14 43 37.970  2.8   1
      811  26.543846  103.033358    12.951     9458.3   -45001.4     6814.5   3664.2   2740.9   3595.9 2022 10 19 14 46 46.080  3.0   1
      824  26.788088  103.058276     7.930    11924.9   -17938.8     1793.9   1346.2   1138.7   1804.3 2022 10 20  3 33 31.120  3.0   1
      827  26.717090  103.074292    15.429    13520.7   -25805.6     9292.5   1815.2   1178.0   1096.8 2022 10 20  7 26 55.510  3.2   1
      830  27.202311  102.967424    23.213     2891.4    27958.4    17076.8  12703.1   2231.1   3686.0 2022 10 20 13 25 39.390  3.0   1
      835  27.276640  102.985457     6.520     4678.7    36194.2      383.7   1589.5   2594.2   2687.6 2022 10 20 15 36 17.530  1.9   1
      836  26.950812  102.715796    21.930   -22091.7       91.6    15793.9   1858.7   1868.7   1808.7 2022 10 20 15 45 38.020  3.1   1
      839  26.734088  103.027165     9.408     8835.0   -23922.1     3271.4   1586.7   1546.5   1631.0 2022 10 20 17 33 27.740  2.5   1
      856  26.780654  102.987012     8.369     4843.1   -18762.5     2232.7   1249.2   1558.7   1207.9 2022 10 22  4 14  5.820  2.5   1
      873  26.956494  103.210645    22.448    27045.7      721.1    16311.3   1994.5   1485.7   1345.4 2022 10 23 16  4  4.640  3.0   1
      876  26.666280  102.973250    12.995     3477.6   -31435.3     6858.5   1488.7   1377.6   1155.3 2022 10 23 20 56  3.260  2.5   1
      878  27.180428  102.993416     5.631     5470.0    25533.7     -505.7   2201.1   2234.6   2517.6 2022 10 24  1 23 36.490  2.8   1
      885  26.576031  103.165568    15.802    22607.0   -41435.2     9666.1   3644.3   2565.9   3752.9 2022 10 24  6 17  9.900  3.1   1
      890  27.061025  103.134831     8.079    19508.1    12303.5     1942.2   1554.4   1667.2   3182.1 2022 10 24 17 41 37.760  3.5   1
      892  26.773991  103.080363    18.092    14120.0   -19500.7    11955.8   3345.8   3539.7   2199.0 2022 10 24 20 11 42.160  1.9   1
      906  27.151351  103.059416    14.779    12018.4    22311.9     8642.9   1549.7   1146.1   1930.7 2022 10 27 10 21  4.120  3.4   1
      907  26.734939  102.859432    31.747    -7835.9   -23827.8    25610.1   3878.1   3912.6   3353.6 2022 10 27 22 51  0.380  2.7   1
      913  27.250726  102.837419     4.946   -10001.8    33322.8    -1190.0   2023.1   1596.5   1960.3 2022 10 28 12 53 48.030  1.6   1
      914  26.602828  103.121533    11.924    18225.3   -38466.0     5787.6   2577.9   2187.2   1507.0 2022 10 28 14 45 24.480  2.8   1
      921  26.586377  103.079647     8.281    14060.6   -40288.9     2144.7   1888.0   1465.4   1503.4 2022 10 29  4 17 17.520  2.3   1
      922  26.847282  102.657194    61.853   -27923.4   -11379.9    55717.1   2480.9   2429.0   1266.7 2022 10 29  4 38 30.110  2.6   1
      927  27.256490  102.965698     2.808     2719.9    33961.5    -3328.3   4072.2   2413.1   1716.9 2022 10 29 16 37 59.780  2.9   1
      928  27.304348  102.715535     6.655   -22082.8    39264.2      519.1   2331.7   1746.8   3018.6 2022 10 29 17 42 14.940  2.0   1
      937  27.179319  102.838428     3.601    -9904.7    25410.7    -2535.0   2457.0   2870.6   3602.2 2022 10 30  5  3 16.220  2.2   1
      946  27.264594  102.830273    21.006   -10709.2    34859.3    14869.2   1366.0   2497.7    969.7 2022 10 30 21  5 22.240  3.3   1
      949  27.050309  103.079460    34.667    14013.7    11116.1    28531.1   2758.2   1798.7   2774.4 2022 10 30 23 23 13.360  1.7   1
      959  26.915540  102.826408     8.439   -11110.0    -3816.7     2303.1   1316.0   2238.0   1889.1 2022 11  1  0 13 34.950  2.8   1
      965  26.781539  103.045418    36.351    10647.4   -18664.4    30214.7   2080.0   1634.4   2663.0 2022 11  1 13 44  8.820  2.7   1
      970  26.940356  103.092782    52.776    15343.1    -1067.0    46640.0   3869.1   2175.4   3791.7 2022 11  2 10 35 22.420  4.0   1
      978  26.639762  102.986076    15.906     4753.2   -34373.7     9770.1   2934.3   1617.3   2009.3 2022 11  4  3 13 41.100  3.8   1
      986  26.829653  103.147388    19.085    20776.1   -13333.1    12948.3   1824.3   2146.1   1991.2 2022 11  4 22 37 24.840  1.9   1
      987  27.171466  102.952588     8.235     1420.4    24540.5     2099.1   2764.5   3193.4   7380.4 2022 11  5  0 53 17.830  1.7   1
      992  26.968752  103.019417     9.291     8056.7     2079.3     3154.7   2518.0   2676.7   3118.0 2022 11  6  5 43 40.690  2.9   1
      995  26.645473  103.192928    13.003    25321.1   -33740.8     6866.8   1672.7   2810.5   1919.5 2022 11  6 20 57 32.020  2.9   1
      996  26.831185  103.251945     3.836    31163.8   -13163.5    -2300.9   1988.2   2252.8   3040.9 2022 11  6 22  7 16.520  2.2   1
      999  26.863649  103.162630    16.324    22287.0    -9566.2    10187.7   2200.7   2057.3   2035.5 2022 11  7 14 25 26.790  3.1   1
     1000  27.165796  103.026571    10.240     8759.3    23912.4     4103.3   2566.7   1776.4   2588.6 2022 11  7 14 44 27.860  3.0   1
     1002  27.158586  102.729891     4.685   -20673.6    23113.4    -1451.0   3206.3   2222.1   3642.5 2022 11  7 19 27 23.480  3.0   1
     1004  27.165188  102.909220    11.978    -2882.4    23845.0     5841.2    932.8   1034.6   1335.5 2022 11  8  0  7 44.050  2.8   1
     1008  26.742727  102.871802    25.084    -6606.2   -22965.0    18948.0   1795.3   1394.0    979.2 2022 11  8  9 49 50.740  2.1   1
     1009  27.352976  103.151685    27.137    21154.1    44652.4    21000.7   1984.8   2714.3   1035.8 2022 11  8 12  8 54.570  3.6   1
     1011  26.898039  102.869409     5.530    -6840.0    -5756.0     -606.8   2559.2   2104.0   2329.0 2022 11  8 16 46  5.690  2.4   1
     1016  26.542523  103.108984     4.673    16981.9   -45148.0    -1463.2   1984.6   2175.8   3198.8 2022 11  9  5 41  9.940  2.7   1
     1022  26.377018  103.111353     1.775    17229.9   -63486.3    -4361.4   3341.7   2226.9   4364.3 2022 11 11 10 43 49.670  3.9   1
     1026  26.899784  102.729948    19.868   -20690.8    -5562.4    13731.4   2725.3   2105.2   3321.8 2022 11 12 20 41 58.900  3.3   1
     1027  26.681525  103.003092    40.197     6444.2   -29746.2    34060.1   2600.6   1805.7   3018.4 2022 11 13 20  6 52.360  3.3   1
     1028  26.920703  102.835262     7.901   -10229.9    -3244.6     1764.4   2022.0   1725.0   2421.2 2022 11 14  8 57 37.060  3.0   1
     1037  27.041571  102.903711    15.994    -3430.5    10147.8     9857.3   1378.6    945.1   1089.3 2022 11 21  1  6 48.740  4.6   1
     1042  26.554120  103.151489    17.275    21209.0   -43863.0    11138.2   3657.3   3482.0   3133.2 2022 11 22 21 25 32.480  2.7   1
     1056  27.123596  102.889705     5.941    -4818.7    19236.6     -195.1   1096.3    926.2   1918.7 2022 11 28 18 55 11.400  1.8   1
     1058  27.049738  103.054565     2.006    11542.9    11052.8    -4130.9   1880.3   1176.2   2296.2 2022 11 29 21 55  4.020  3.0   1
     1060  26.564471  102.987622     2.087     4908.3   -42715.9    -4049.5   1565.6   2088.6   2566.5 2022 11 30 11 24 24.900  2.5   1
     1061  27.105839  102.818579    12.158   -11877.4    17269.1     6021.3   2566.0   2476.9   5969.2 2022 11 30 12 51 31.400  2.8   1
     1068  26.734644  103.092293     9.027    15308.5   -23860.6     2890.7   3113.4   2000.2   2276.3 2022 12  4 21  3 17.040  1.6   1
     1073  26.792716  102.787354    14.670   -14996.4   -17425.8     8533.5   1621.0   2021.3   3067.6 2022 12  7 23 17 55.060  3.4   1
     1092  26.809993  103.261776     7.930    32143.6   -15511.6     1793.9   1766.8   2019.5   2242.6 2022 12 11 11 51 30.270  3.1   1
     1104  26.869104  102.914754    10.140    -2335.8    -8962.0     4003.6   1128.3    849.6    889.9 2023  1  1  1  2 48.170  2.7   1
     1106  26.935181  102.696322    21.172   -24026.8    -1640.4    15036.0   1784.8   1606.6   1776.2 2023  1  1  2 33 26.890  3.0   1
     1108  26.881655  102.937297     8.359      -97.0    -7571.3     2222.6   5049.9   1966.3   1517.4 2023  1  1  3 15  6.530  2.8   1
     1113  26.617041  102.990641    12.533     5207.7   -36891.1     6396.1   1191.4   1318.4    976.7 2023  1  1  5 59 15.820  2.3   1
     1129  26.901270  102.939445    30.733      116.6    -5397.8    24597.0   1884.8   1748.4    978.2 2023  1  1 11 56  6.240  2.9   1
     1131  26.888159  102.645386    28.944   -29091.6    -6850.7    22807.9   3697.2   2897.3   2548.5 2023  1  1 12 28 35.040  3.2   1
     1138  26.978949  102.891146     4.079    -4678.9     3209.1    -2057.7   2266.7   1551.3   1757.0 2023  1  1 14 39 51.220  0.3   1
     1140  27.142830  102.920939     8.365    -1719.8    21367.6     2228.1   4084.3   1635.6   3001.3 2023  1  1 15 21 35.450  1.8   1
     1145  27.317755  102.964388     5.484     2588.9    40749.9     -652.5   2833.0   2269.7   2363.0 2023  1  1 16 27  1.690  2.5   1
     1146  26.351436  102.684749    11.282   -25240.1   -66320.9     5145.4   3540.7   3707.7   5888.0 2023  1  1 16 29 49.210  1.8   1
     1148  26.917204  102.910042     8.244    -2803.8    -3632.3     2107.6   1111.6    914.9    879.7 2023  1  1 17  9 12.760  2.5   1
     1150  26.930577  102.926107     7.864    -1208.4    -2150.6     1727.5    953.3    735.4    731.2 2023  1  1 17 54 31.060  2.5   1
     1154  26.745331  103.390405    29.254    44936.2   -22676.3    23117.9   2601.3   3109.2   1499.9 2023  1  1 18 52 18.640  2.7   1
     1157  27.298140  102.991764    14.315     5303.7    38576.5     8178.9   1488.5   1876.8   1523.0 2023  1  1 19 49  5.560  3.5   1
     1158  27.050425  102.735164    13.541   -20160.0    11129.0     7405.1   1379.8   1460.6   1658.9 2023  1  1 19 52 40.260  3.1   1
     1164  27.174316  102.711418    43.849   -22504.5    24856.4    37713.0   2795.7   1791.3   2241.9 2023  1  1 22 32 12.200  2.4   1
     1167  26.895634  102.937248    13.953     -101.7    -6022.3     7816.2   1191.1    729.6    769.5 2023  1  1 23 46  2.400  2.2   1
     1174  27.100110  102.951253    11.568     1288.0    16634.2     5431.1   2615.9   1846.0   1908.8 2023  1  2  3  4 43.010  2.9   1
     1176  26.648928  102.876644    16.718    -6127.6   -33357.9    10581.5   2121.8   1798.1   1952.0 2023  1  2  3 50 57.410  2.7   1
     1180  27.099046  102.924821     6.641    -1334.9    16516.3      505.1   1782.3   1045.4   1654.7 2023  1  2  7 38 34.340  3.9   1
     1181  26.961525  102.891341     5.229    -4660.0     1278.6     -907.3   2114.0   2228.6   2379.1 2023  1  2  8 41 56.500  2.5   1
     1184  26.983083  103.049634     9.270    11056.5     3667.3     3133.5    926.3   1861.6   2374.4 2023  1  2  9 54  6.500  3.1   1
     1185  26.530015  102.953467    12.278     1511.6   -46533.8     6141.9   1178.5   1448.6   1076.5 2023  1  2 10 17  2.450  4.1   1
     1188  27.025881  102.926978    13.916    -1121.5     8409.4     7780.0   5191.3   7915.2   4803.2 2023  1  2 11 33 27.780  3.1   1
     1190  26.489421  102.989233    15.991     5070.8   -51031.8     9854.3   1447.8   1568.5   1419.5 2023  1  2 12 24  6.860  2.9   1
     1191  27.123006  102.955469     3.670     1706.1    19171.2    -2466.8   1531.5    966.8   2802.4 2023  1  2 12 34 34.610  3.0   1
     1193  27.117391  103.121981    13.387    18228.5    18548.9     7250.9   1372.7    999.2   1764.7 2023  1  2 13 11 15.030  3.5   1
     1194  26.820040  102.941821    12.833      352.5   -14398.3     6696.1    733.7    670.8    771.0 2023  1  2 13 15 59.500  3.7   1
     1196  26.473216  102.981877    12.375     4339.0   -52827.3     6238.8   1262.8   1501.1   1283.2 2023  1  2 13 51 42.270  3.6   1
     1198  26.993195  102.842839     5.127    -9474.4     4787.6    -1009.6   1621.1   2014.4   3160.8 2023  1  2 14 19 57.550  1.0   1
     1199  26.838894  102.923617    17.499    -1456.1   -12309.4    11362.4    859.1    698.1    652.1 2023  1  2 14 42 20.610  3.5   1
     1200  27.403861  102.669840     8.003   -26601.5    50290.5     1866.9   2190.6   2159.9   4333.7 2023  1  2 14 57 37.110  2.6   1
     1201  26.829378  102.939543    14.849      126.0   -13363.6     8712.3    740.5    754.1    680.3 2023  1  2 15 26 49.650  3.6   1
     1205  27.096722  102.914347    17.268    -2374.4    16258.8    11131.4   2665.4   2010.9   2253.5 2023  1  2 16 59  0.680  2.6   1
     1207  26.617969  103.002563    20.599     6393.0   -36788.3    14462.6   1330.9   2300.1   1508.0 2023  1  2 18 17 20.500  2.1   1
     1213  26.984037  102.900968     8.593    -3704.1     3772.9     2456.5   1052.8   1291.4   1007.5 2023  1  2 20 38 12.040  2.4   1
     1214  26.977181  102.907699    20.833    -3035.7     3013.2    14697.0   1770.0   1201.6   1264.0 2023  1  2 20 43 14.180  0.7   1
     1220  26.921385  102.944434    10.064      612.0    -3169.0     3927.3    854.0    872.2    724.6 2023  1  2 22 31 21.360  1.6   1
     1223  26.542023  103.089738    23.507    15067.4   -45203.4    17370.3   2393.3   1454.0   1345.7 2023  1  3  0 24 48.340  2.6   1
     1231  27.150326  102.848332     6.457    -8923.5    22198.1      320.1   1570.8   1036.2   2194.3 2023  1  3  3 32  1.810  4.9   1
     1232  26.651963  102.969043     8.138     3059.7   -33021.8     2001.5   1446.4   1837.9   1975.1 2023  1  3  3 44 20.830  2.5   1
     1233  27.105119  102.990609     8.121     5193.4    17189.1     1984.8   2443.1   1604.5   3848.3 2023  1  3  3 48 43.310  3.1   1
     1236  26.930664  103.143628    28.987    20393.2    -2140.9    22850.9   2441.4   1797.6   2532.6 2023  1  3  5  0 32.020  3.4   1
     1248  27.121712  102.832104    13.318   -10534.8    19027.8     7181.5   1619.4   1058.1   1255.2 2023  1  3 10 35 16.200  2.6   1
     1249  26.860350  102.910173     0.781    -2791.2    -9931.8    -5355.3   3105.6   2584.1   5113.4 2023  1  3 11 42 43.620  2.3   1
     1252  27.089512  102.874186    16.632    -6360.0    15459.8    10495.1   4547.7   2809.4   2131.1 2023  1  3 12 47  7.960  3.2   1
     1258  26.451457  102.859017    29.275    -7887.4   -55238.4    23138.5   2407.3   2392.8   2426.2 2023  1  3 13 53 37.410  2.4   1
     1259  27.232050  102.819425    15.657   -11787.0    31253.3     9521.0   1265.1   1446.8   1356.9 2023  1  3 15  4 15.740  1.9   1
     1266  27.183403  103.090454    15.535    15095.8    25863.2     9398.3   2504.4   1601.5   2068.4 2023  1  3 16 18 35.630  3.5   1
     1270  27.108600  102.799845     1.750   -13736.0    17574.8    -4385.9   1547.8   1742.9   3061.6 2023  1  3 17  7 56.840  2.8   1
     1271  26.941685  102.881340    21.669    -5653.9     -919.7    15532.9   2685.7   2403.6   1422.7 2023  1  3 17 12 40.700  2.0   1
     1275  27.247231  103.560010    29.829    61656.8    32935.6    23692.4   2088.9   3837.7   2450.3 2023  1  3 17 52 38.920  2.9   1
     1280  26.949717  103.000708     7.383     6199.8      -29.7     1246.2   1898.3   1922.6   2392.2 2023  1  3 18 37 22.120  2.0   1
     1283  26.563753  103.028776    14.330     9002.4   -42795.5     8193.9   1122.0   1293.8   1051.8 2023  1  3 19  7 30.080  3.1   1
     1294  27.120030  102.529443    10.293   -40565.9    18841.3     4156.2   3385.4   3077.1   5011.6 2023  1  3 21 18 10.200  2.4   1
     1298  26.960844  103.328695    20.445    38766.3     1203.0    14308.6   1289.0   1650.9   1934.0 2023  1  3 22  8 53.840  3.2   1
     1299  26.545648  103.047420     6.028    10857.5   -44801.7     -108.9   1773.0   1721.9   1559.9 2023  1  3 22 12 14.160  3.2   1
     1301  27.063033  102.745785    28.170   -19104.7    12525.9    22034.1   2388.9   1521.3   1531.0 2023  1  3 23 15 54.560  3.6   1
     1303  27.393304  102.865275    11.450    -7234.6    49120.8     5313.6   2164.7   1390.3   1720.3 2023  1  4  2 10 41.950  3.5   1
     1304  27.107916  102.848307    13.098    -8927.5    17499.0     6961.6   1832.6   1080.3   1100.0 2023  1  4  2 22 33.690  2.9   1
     1309  26.632812  103.075496    18.392    13645.4   -35143.7    12255.2   3001.6   2795.4   2062.6 2023  1  4  4 20 50.570  2.1   1
     1314  26.834263  102.868441    14.053    -6938.2   -12822.3     7916.6   2658.6   5733.5   4993.2 2023  1  4  6 20 24.050  2.6   1
     1318  26.969497  102.922835    20.194    -1533.1     2161.9    14057.8   3072.0   3293.9   2642.0 2023  1  4  9  3 14.180  0.9   1
     1319  26.839972  103.002848    28.026     6415.1   -12189.8    21889.8   1748.9   1416.5   1250.8 2023  1  4  9 30 28.960  3.7   1
     1320  26.960986  102.706315    12.449   -23032.4     1218.9     6312.2   1712.8   1972.6   1782.3 2023  1  4  9 46 54.060  2.9   1
     1327  27.075887  102.721134    18.538   -21549.6    13950.2    12402.0   1656.9   1278.4   1663.9 2023  1  4 12 15 51.310  2.8   1
     1329  26.890053  102.973592    14.848     3508.4    -6640.6     8711.1   3062.8   1506.5   1486.2 2023  1  4 12 40 27.430  2.5   1
     1331  27.151154  102.866178     7.765    -7152.6    22290.0     1628.1   1052.5    805.7   1349.2 2023  1  4 14 29  2.600  2.2   1
     1334  26.705418  103.008732     3.196     7004.0   -27098.8    -2940.3   2049.7   1434.8   2042.7 2023  1  4 15 35 17.780  1.9   1
     1337  26.805373  102.955599    10.304     1721.5   -16023.4     4168.0    859.0   1002.4   1071.0 2023  1  4 16  0 43.930  1.9   1
     1338  26.979266  102.913883    22.684    -2421.2     3244.3    16547.7   1644.3   1491.1   1147.8 2023  1  4 16 33 13.890  0.9   1
     1343  26.946547  103.188338    39.650    24831.2     -380.9    33513.5   4045.4   2397.8   4100.2 2023  1  4 17 33 10.120  1.9   1
     1345  27.198966  102.873437    12.816    -6430.8    27587.7     6679.5   1209.3   1146.1    961.7 2023  1  4 18 10 21.920  2.2   1
     1346  27.173621  102.809139    13.196   -12810.1    24779.4     7059.7   1209.4    867.7   1746.7 2023  1  4 18 32 45.360  5.0   1
     1347  26.859812  102.830802    10.314   -10676.1    -9991.4     4178.0   2124.1   1214.5   1826.7 2023  1  4 18 46 41.840  3.5   1
     1350  26.850116  102.954362    13.909     1598.3   -11065.9     7772.9    625.8    652.7    661.4 2023  1  4 19 27 11.020  3.5   1
     1351  26.527838  103.286263    37.305    34618.6   -46775.1    31168.2   2481.4   1908.5   2009.8 2023  1  4 20  2 23.160  3.1   1
     1352  26.800854  102.930396    16.628     -782.9   -16524.2    10491.2   1022.6    894.2    935.3 2023  1  4 20  3 39.800  2.3   1
     1353  26.853192  102.973462     4.730     3495.9   -10725.1    -1406.8   2484.3   2761.8   3548.4 2023  1  4 20 12 38.840  1.5   1
     1354  26.827836  103.192635    22.054    25271.4   -13534.4    15917.2   2063.3   2066.0   1936.8 2023  1  4 20 15 26.820  3.0   1
     1360  26.967647  102.929907     5.008     -830.8     1956.9    -1128.6   1124.1    863.1   1316.7 2023  1  4 22 34  8.940  2.1   1
     1362  26.584290  102.935701    31.375     -256.1   -40520.0    25238.7   1803.2   1670.0   1638.6 2023  1  4 22 58 12.480  3.6   1
     1366  27.091461  102.972453    10.724     3391.9    15675.8     4587.3   1668.3    824.3   1540.7 2023  1  5  2 34 39.060  3.3   1
     1367  27.066561  102.691414    21.095   -24500.6    12916.8    14958.8   2296.7   3479.9   1986.0 2023  1  5  2 57 46.840  2.4   1
     1378  27.255320  102.979736     6.057     4111.5    33831.8      -79.0   2350.2   2723.7   2094.2 2023  1  5  8 54 25.770  1.9   1
     1385  27.210577  102.925488    28.520    -1267.9    28874.2    22383.9   2836.1   2452.6   1302.3 2023  1  5 11 23 38.460  3.3   1
     1386  26.901125  102.962638     7.615     2419.7    -5413.9     1478.6   2082.7   2436.2   2361.0 2023  1  5 13 33 39.590  2.7   1
     1387  26.853933  102.951481     8.251     1311.8   -10643.0     2114.2   1031.2    861.7   1229.8 2023  1  5 13 36 43.040  3.8   1
     1388  27.290609  103.111702    21.717    17195.7    37741.8    15580.5   4012.2   1914.7   1767.3 2023  1  5 14  9 48.720  2.1   1
     1389  26.993215  102.719645    20.866   -21705.6     4789.9    14729.4   3752.9   2869.1   2277.1 2023  1  5 14 14 32.310  2.5   1
     1391  26.995752  102.941219     0.974      292.5     5071.1    -5162.5   2375.1   2287.5   3169.8 2023  1  5 15  6 46.440  2.4   1
     1394  27.177942  102.713590    13.589   -22288.3    25258.1     7452.3   1691.4   1360.1   2526.6 2023  1  5 16 10 24.250  2.9   1
     1395  26.922760  102.909701     7.082    -2837.2    -3016.6      945.8    976.1    776.5    821.1 2023  1  5 16 58 37.710  3.2   1
     1398  27.339199  103.015698    17.791     7675.4    43125.9    11654.3   1799.2   1530.9   1840.5 2023  1  5 17 38 29.560  4.0   1
     1399  26.844423  102.914022    34.147    -2409.6   -11696.6    28010.6   1440.6   1527.4   2211.8 2023  1  5 17 49 51.840  1.6   1
     1402  26.804767  102.957414     9.039     1901.8   -16090.7     2902.6   1311.3   1775.8   1823.8 2023  1  5 18 21 45.880  2.2   1
     1404  26.995178  102.808146     3.459   -12918.8     5007.5    -2677.7   1020.5    929.0   1388.6 2023  1  5 18 26 49.340  2.6   1
     1405  26.798265  102.973828    14.158     3533.3   -16811.2     8021.2    764.9    817.8    783.2 2023  1  5 18 48 23.160  3.0   1
     1406  26.975299  102.908301    18.864    -2976.2     2804.8    12727.7   1129.8    995.7   1315.7 2023  1  5 18 53 13.880  1.2   1
     1407  27.001243  103.028971    13.735     9004.0     5679.5     7598.7   1714.3   2040.4   2431.4 2023  1  5 18 57 42.640  2.6   1
     1409  26.815599  102.960636     7.733     2221.9   -14890.5     1596.7    689.5    657.7    969.6 2023  1  5 19  4  4.640  2.9   1
     1410  26.847072  102.947729     4.684      939.5   -11403.0    -1452.6   1316.6   1629.1   2636.2 2023  1  5 19 19 20.860  2.6   1
     1411  26.915887  102.836702    11.003   -10087.6    -3778.2     4866.2   1801.6   1449.6   1324.3 2023  1  5 19 20 31.660  2.4   1
     1412  26.852148  102.943441     5.960      513.5   -10840.6     -175.9   1311.4    999.1   2558.4 2023  1  5 19 34 36.200  2.3   1
     1413  26.848869  102.924349    12.652    -1383.6   -11203.9     6515.5    825.0    704.7    772.4 2023  1  5 19 38 54.920  3.3   1
     1414  27.027279  102.907039    13.517    -3100.5     8564.2     7380.3   1760.7   1169.7    983.9 2023  1  5 19 41 40.220  2.8   1
     1415  26.866504  102.835392    13.965   -10219.5    -9250.0     7828.6   1425.2   1211.6   1381.1 2023  1  5 19 43 26.120  3.0   1
     1417  26.849548  102.921330    13.800    -1682.9   -11128.6     7663.8    945.1    712.9    705.1 2023  1  5 19 57 22.800  2.6   1
     1424  27.004301  102.907699     6.659    -3035.3     6018.2      522.6   1090.6    977.2    926.0 2023  1  5 21  2 21.260  3.1   1
     1425  26.831193  102.967399    14.562     2893.8   -13162.4     8425.8    886.7    845.1    875.3 2023  1  5 21  4 48.560  3.5   1
     1428  26.826125  102.965112    17.128     2666.4   -13724.1    10991.9    766.6    783.0    943.1 2023  1  5 21 57 36.580  5.6   1
     1431  26.832530  102.955542    11.177     1715.8   -13014.5     5040.4    653.0    698.9    736.0 2023  1  5 22  4  9.800  4.9   1
     1432  26.866335  102.861003     9.639    -7676.0    -9268.6     3502.2    945.6   1151.2   1698.4 2023  1  5 22  8 18.040  2.8   1
     1433  26.835740  102.943254    10.572      495.0   -12658.8     4435.8    803.9    779.0    877.7 2023  1  5 22 15 54.360  2.9   1
     1434  27.082117  102.886646    36.541    -5123.9    14640.5    30404.5   2676.5   1575.8   1155.2 2023  1  5 22 19 13.560  4.1   1
     1435  26.660710  103.000659    22.784     6202.8   -32052.5    16647.7   1727.1   1663.4   1551.3 2023  1  5 22 19 14.540  2.5   1
     1436  26.828359  102.957772    14.633     1937.1   -13476.6     8496.4    868.3    761.2    796.6 2023  1  5 22 21  5.480  5.6   1
     1437  26.836405  102.968359    13.728     2989.3   -12585.1     7592.1   1311.0    866.6   1365.7 2023  1  5 22 27 45.960  4.0   1
     1439  26.860417  103.014632    14.123     7585.6    -9924.4     7986.5   1275.1   1147.5   1087.4 2023  1  5 22 43 29.800  5.2   1
     1440  26.830853  102.961914    13.584     2349.0   -13200.2     7447.3    662.7    675.4    701.7 2023  1  5 22 45 17.520  4.8   1
     1441  26.836855  102.960962    12.270     2254.1   -12535.2     6133.4    770.0    643.3    662.2 2023  1  5 22 47 20.320  3.1   1
     1442  26.807151  102.921680    15.933    -1649.0   -15826.5     9796.4   2422.1   1605.7   1118.4 2023  1  5 22 55 34.980  3.9   1
     1444  26.824036  102.967204    14.826     2874.5   -13955.6     8689.9    657.9    728.5    808.6 2023  1  5 23  2 29.760  3.2   1
     1445  26.837317  102.965202    12.447     2674.9   -12484.1     6310.8    646.8    668.7    666.2 2023  1  5 23  5 44.480  4.0   1
     1446  26.841917  102.948918    16.202     1057.5   -11974.4    10065.8    901.2    735.6    799.3 2023  1  5 23 11 18.480  3.4   1
     1447  26.720677  102.996712    10.887     5808.7   -25408.1     4750.7   3882.6   2874.0   3817.9 2023  1  5 23 25 50.960  1.9   1
     1448  26.819641  102.960311    14.323     2189.9   -14442.5     8186.3    730.5    747.1   1642.9 2023  1  5 23 27 57.080  5.4   1
     1449  26.827793  102.928670     8.019     -954.0   -13539.1     1882.8   2008.0   1562.6   2122.5 2023  1  5 23 33 36.320  3.2   1
     1450  26.816817  102.941911    15.392      361.6   -14755.3     9255.2    806.4    735.6    831.5 2023  1  5 23 38 26.920  3.7   1
     1451  26.838493  102.970654    17.324     3217.1   -12353.8    11187.5   1023.8    886.7    881.5 2023  1  6  0 11 42.800  3.5   1
     1455  26.569415  103.023185    45.847     8445.9   -42168.2    39710.7   1772.0   1771.0   1591.5 2023  1  6  0 56 25.170  2.8   1
     1457  26.382526  102.984456    20.694     4597.3   -62876.0    14557.9   1927.1   1727.0   1287.4 2023  1  6  1 10 23.390  3.8   1
     1461  26.837685  102.913892    10.833    -2421.9   -12443.2     4696.1    913.2    738.7   1049.6 2023  1  6  2  9 13.140  3.6   1
     1465  26.834395  102.960539    16.560     2212.1   -12807.8    10423.7    779.2    751.1    862.4 2023  1  6  2 50 22.410  5.9   1
     1466  26.819684  102.965047    11.498     2660.4   -14437.8     5361.9   1386.9   1964.5   2021.6 2023  1  6  2 56 23.490  3.5   1
     1467  26.838389  102.958122    12.115     1971.8   -12365.2     5978.9    663.9    699.8    754.2 2023  1  6  2 57  1.020  3.8   1
     1468  26.923735  102.656901    16.668   -27942.8    -2908.8    10531.6   1860.1   2411.0   2466.7 2023  1  6  2 58 46.510  3.6   1
     1469  26.836698  102.953540    12.619     1516.8   -12552.6     6482.1    649.3    678.6    646.8 2023  1  6  3  0 59.270  3.6   1
     1470  26.830046  102.949121    13.075     1077.4   -13289.7     6938.3    668.1    640.6    741.7 2023  1  6  3 25  4.030  3.7   1
     1473  26.651011  102.760270    19.902   -17698.5   -33127.1    13766.0   2002.1   1922.7   2279.5 2023  1  6  3 38  3.330  3.7   1
     1474  26.838971  102.949447    15.581     1109.8   -12300.8     9444.9    760.9    854.5   1692.4 2023  1  6  3 41 32.280  3.4   1
     1478  26.829346  102.958252    15.637     1984.6   -13367.2     9500.3   1393.4    890.8    983.2 2023  1  6  4 27  4.690  3.8   1
     1479  26.837785  102.960669    14.059     2225.3   -12432.2     7922.7    842.2   1204.6   1169.6 2023  1  6  4 27 46.330  3.9   1
     1480  26.826208  102.968848    13.282     3037.4   -13714.8     7145.1    711.3    759.6    621.5 2023  1  6  4 51 23.310  3.7   1
     1481  26.425767  103.027311    14.350     8861.3   -58084.8     8213.4   1410.7   1679.7   1265.7 2023  1  6  4 53 43.510  3.3   1
     1482  27.032212  103.058716    29.114    11955.7     9111.0    22977.8   2213.2   1433.7   1388.6 2023  1  6  5  4 13.620  3.5   1
     1489  26.811395  102.967554    11.826     2908.9   -15356.1     5689.6    730.2    901.3    853.8 2023  1  6  6  5 52.330  3.0   1
     1490  26.835073  102.949821    13.081     1147.5   -12732.7     6944.4    872.8    786.2    908.5 2023  1  6  6  8 33.500  3.0   1
     1491  26.846649  102.934839     8.614     -341.5   -11450.0     2477.3   1695.1   1678.4   2155.3 2023  1  6  6 12 13.430  3.1   1
     1494  26.939677  102.837744    13.788    -9982.5    -1142.2     7652.0   1112.6   1042.5   1307.4 2023  1  6  7  0 26.850  3.4   1
     1496  26.833024  102.960726    13.393     2230.6   -12959.7     7256.8    677.8    755.2    852.2 2023  1  6  7 51  6.930  4.0   1
     1498  27.376788  103.015063     4.961     7610.9    47290.9    -1175.6   2211.7   1685.5   3236.9 2023  1  6  8 23 59.510  3.4   1
     1500  26.785258  103.195744    14.015    25585.1   -18252.3     7878.8   1827.2   2480.4   1726.5 2023  1  6  8 56 51.730  2.6   1
     1501  27.033883  103.141593    18.977    20182.2     9295.9    12840.6   3165.9   2608.9   6989.9 2023  1  6  9  8 30.110  3.1   1
     1509  26.832560  102.985563    17.104     4698.5   -13011.0    10967.4    881.8    879.8    869.9 2023  1  6 11  5  1.410  3.2   1
     1510  26.978965  102.922811     8.243    -1535.4     3210.9     2106.4   1170.5   1041.0   1029.5 2023  1  6 11 15 40.300  5.4   1
     1511  26.832477  102.964339    13.906     2589.9   -13020.2     7769.2    692.6    718.0    702.8 2023  1  6 11 24 59.760  3.7   1
     1516  26.827627  102.918628    19.192    -1951.6   -13557.7    13055.3   1112.9    917.8   1159.0 2023  1  6 12 54 52.290  3.0   1
     1519  26.816180  102.958903     4.358     2049.3   -14826.0    -1778.6   1734.5   1634.1   4025.4 2023  1  6 13 50 16.640  3.4   1
     1520  26.839921  102.952165    14.937     1380.4   -12195.4     8800.2    796.0    735.6   1157.4 2023  1  6 14 37 17.560  3.7   1
     1525  27.108154  102.811987    20.115   -12531.5    17525.4    13978.3   1789.9    877.1   1679.1 2023  1  6 15 51 55.290  3.3   1
     1529  27.094840  103.110661     4.359    17107.2    16050.2    -1777.0   2679.5   2675.6   5457.7 2023  1  6 16  9 54.970  1.4   1
     1530  26.839628  102.945858    11.435      753.9   -12227.8     5298.2   1086.0    802.6   1037.2 2023  1  6 16 14 42.600  2.7   1
     1531  26.883173  102.934806     3.847     -344.0    -7403.1    -2289.7   1707.4   2305.3   4104.9 2023  1  6 16 35 36.810  2.5   1
     1532  27.093549  103.086914    36.731    14750.5    15907.1    30594.2   2842.7   2140.8   2253.2 2023  1  6 16 38 49.130  1.9   1
     1534  26.508396  103.004378     7.057     6576.5   -48929.4      920.2   1047.3   1541.3   1143.4 2023  1  6 16 48 36.090  3.5   1
     1538  26.791640  102.974919     8.904     3641.4   -17545.0     2767.9   1279.8   2076.9   2414.7 2023  1  6 17  7 21.200  2.2   1
     1546  26.866571  102.859440     3.182    -7830.8    -9242.5    -2954.4   3501.1   1869.3   3369.6 2023  1  6 18 53 36.500  2.2   1
     1548  26.991020  102.898193    11.627    -3978.9     4546.7     5490.9   1546.9   1087.9   1310.7 2023  1  6 19 28 33.340  2.8   1
     1549  27.057538  102.929582     0.806     -862.5    11917.1    -5330.3   6427.1   3226.1   5232.3 2023  1  6 19 36 35.120  1.4   1
     1551  26.825820  102.949569    13.319     1122.3   -13758.0     7182.1    745.4    712.2    746.1 2023  1  6 20 36  5.420  3.7   1
     1555  27.152193  102.840218     7.478    -9728.4    22405.0     1342.0   1708.7    881.9   2236.0 2023  1  6 21  7 33.880  4.9   1
     1556  26.919834  102.951514    12.234     1314.7    -3340.8     6097.2   2013.1   1506.4   1723.3 2023  1  6 21 11 25.420  2.5   1
     1558  26.831104  102.963135    12.980     2470.1   -13172.5     6843.8    767.4    709.0    653.5 2023  1  6 21 38 29.200  4.3   1
     1559  27.051125  102.987720    10.506     4907.7    11206.4     4369.6   4021.7   1760.0   3432.6 2023  1  6 21 58 12.060  2.7   1
     1561  26.823385  102.967521    17.048     2906.1   -14027.7    10911.5   1007.0    733.3    909.2 2023  1  6 22 13 55.780  4.5   1
     1563  26.361174  103.343685    24.836    40360.7   -65241.9    18699.9   2591.3   3208.2   3784.7 2023  1  6 22 35 50.260  3.4   1
     1566  26.827352  103.013184    13.796     7442.3   -13588.1     7659.7   1360.0   1275.1   1115.7 2023  1  6 23 10 13.040  3.2   1
     1573  27.090354  102.968896     6.529     3038.7    15553.1      392.1   2327.5   1848.2   3234.5 2023  1  7  0 47 17.390  3.2   1
     1578  27.202096  102.838086     9.760    -9937.5    27934.5     3623.2   1372.6   1157.7   1250.2 2023  1  7  2 53 57.070  2.2   1
     1584  26.941392  102.669360    12.358   -26704.1     -952.2     6221.9   2056.9   2415.6   1530.4 2023  1  7  5 10 35.680  2.9   1
     1587  26.807821  103.001115     1.974     6243.9   -15752.2    -4162.0   1263.4   1271.1   2452.8 2023  1  7  6 59  0.730  3.5   1
     1590  27.061715  102.923356    25.557    -1480.3    12379.9    19420.9   7439.2   4001.0   2676.0 2023  1  7  7 30 50.280  2.3   1
     1597  26.839107  102.923250    25.741    -1492.2   -12285.6    19604.6   1908.1   1687.3   3416.8 2023  1  7 11 13 16.360  1.4   1
     1598  26.845962  102.944344    15.403      603.1   -11526.2     9266.7    860.9    724.1    769.2 2023  1  7 11 38 45.550  3.3   1
     1603  27.297300  102.971289    15.191     3273.3    38483.4     9055.0   1735.9   1500.8   1165.6 2023  1  7 14 10 41.150  2.8   1
     1604  27.277309  102.904045    16.122    -3393.7    36268.2     9985.3   1564.2   2033.7   1153.1 2023  1  7 15 10 53.790  1.8   1
     1607  26.967470  102.890617     8.677    -4731.6     1937.4     2541.1   1197.0    850.3    928.8 2023  1  7 15 39 14.060  2.9   1
     1608  27.104266  102.862272    13.664    -7541.6    17094.7     7527.8   1294.7    747.1    956.2 2023  1  7 15 40  8.830  4.2   1
     1611  26.838751  102.949105    14.321     1076.5   -12325.2     8184.5    656.1    733.3    595.8 2023  1  7 16 37 55.380  2.6   1
     1612  26.824127  103.250187    30.980    30989.8   -13945.4    24843.3  10614.5   6241.9   1721.6 2023  1  7 17  8 26.540  2.1   1
     1614  26.893095  102.982235     5.843     4366.1    -6303.6     -293.2    887.9    961.6   1000.3 2023  1  7 17 17 23.380  2.4   1
     1616  27.109776  102.821680     1.381   -11569.4    17705.2    -4755.0   1899.5   2123.8   4254.7 2023  1  7 18 24  7.060  2.5   1
     1620  26.816231  102.955981    12.246     1759.1   -14820.5     6109.9    770.2    743.4    664.4 2023  1  7 20 13  6.540  3.4   1
     1626  27.058742  102.673665     6.143   -26262.4    12050.6        6.2   2533.0   3290.0   3812.9 2023  1  7 21 13 44.480  2.9   1
     1628  26.971220  102.965910     9.896     2743.8     2352.7     3759.9   1494.5   1066.1   1160.7 2023  1  7 22 20 54.920  2.8   1
     1634  26.731303  102.974235    23.250     3574.8   -24230.7    17113.3   2910.4   2258.7   2508.5 2023  1  8  1 33 16.530  1.6   1
     1635  26.988354  102.908000    10.560    -3006.0     4251.4     4424.0   1008.6    927.3    878.3 2023  1  8  2 20 23.170  3.0   1
     1638  26.491958  102.934106     8.427     -414.2   -50750.8     2290.7   1286.3   1438.8   1956.9 2023  1  8  2 44 31.880  3.3   1
     1641  26.737714  102.852116    12.117    -8563.4   -23520.4     5980.8   1971.8   1710.2   2010.9 2023  1  8  4 26  9.320  3.1   1
     1642  26.811987  102.920256    16.987    -1790.1   -15290.7    10850.8   1794.2   1703.3   1577.6 2023  1  8  4 29 56.750  2.5   1
     1643  26.788184  102.960742     7.439     2232.8   -17928.2     1302.3   1303.7   1496.9   2833.6 2023  1  8  4 44 11.920  2.7   1
     1644  26.836969  102.947632    13.714      929.7   -12522.6     7577.2    640.3    657.6    840.4 2023  1  8  5 28 16.570  3.7   1
     1646  26.836753  102.890959     8.965    -4700.6   -12546.5     2828.2    952.2    727.0   1527.6 2023  1  8  5 59 42.990  5.1   1
     1648  26.760303  102.906087    14.992    -3199.0   -21017.4     8855.7   1094.8   1240.0   1339.2 2023  1  8  6 30 28.370  2.9   1
     1651  27.009288  102.918742     7.692    -1938.6     6570.7     1555.3   1594.0   1272.5   1128.8 2023  1  8  7  1 45.160  3.4   1
     1652  26.836259  102.967725    13.782     2926.1   -12601.3     7645.3    916.9    971.5   1443.7 2023  1  8  7 43 55.900  3.2   1
     1653  26.835980  102.953101    13.978     1473.4   -12632.2     7841.8    673.7    712.5    697.8 2023  1  8  9 21  3.240  3.7   1
     1654  27.446810  102.950415    27.185     1202.8    55049.4    21049.1   7428.8   2309.3   2043.7 2023  1  8  9 30 30.330  3.3   1
     1655  27.028927  102.798120    13.424   -13912.1     8746.8     7287.4   1214.5   1125.5   1372.9 2023  1  8  9 44 14.220  3.2   1
     1656  26.856903  102.892196     9.300    -4577.1   -10313.8     3163.9   2274.2   1724.5   1924.9 2023  1  8 10 17 33.540  3.0   1
     1657  27.131498  102.870101    13.119    -6763.9    20112.1     6982.5   1232.2    701.0   1104.6 2023  1  8 10 34 34.150  4.5   1
     1659  27.140147  102.773267     9.627   -16371.6    21070.4     3490.4   1982.0   1839.1   1960.2 2023  1  8 11  7 30.660  2.9   1
     1662  26.832735  102.950326    13.237     1197.3   -12991.8     7100.3    641.4    640.5    777.7 2023  1  8 12 18 53.450  3.6   1
     1664  26.607172  103.247770     5.642    30779.2   -37984.7     -494.8   2261.1   2864.9   3355.6 2023  1  8 13  4 11.910  2.2   1
     1665  27.074760  102.818791    19.770   -11858.4    13825.3    13633.8   3837.5   2953.8   2283.5 2023  1  8 13 31 36.480  3.7   1
     1670  26.868705  102.918628     1.121    -1951.1    -9006.1    -5015.2   4328.8   2331.3   5397.6 2023  1  8 16 10 24.950  2.6   1
     1674  26.503963  103.016748    10.915     7807.3   -49420.5     4779.1   1005.1   1443.2   1295.2 2023  1  8 16 58 43.770  3.5   1
     1675  26.832310  102.951880    11.334     1352.1   -13038.7     5197.3    664.9    603.8    594.9 2023  1  8 17  5 43.960  3.1   1
     1676  27.157239  102.974536     5.361     3597.9    22964.3     -775.7   4346.1   1867.1   2768.5 2023  1  8 17 41 21.880  2.9   1
     1678  26.684841  103.000553    13.960     6191.9   -29378.8     7824.0    937.2   1213.7   1276.7 2023  1  8 18  3 48.840  3.2   1
     1679  26.917950  102.969507    18.851     3101.6    -3549.6    12715.0   1043.3   1033.5   1096.2 2023  1  8 18 10 39.480  2.5   1
     1682  26.858722  102.927222    32.394    -1097.6   -10112.2    26257.4   2177.9   2033.5   2225.1 2023  1  8 18 53 14.080  1.6   1
     1688  26.826965  102.960042    14.269     2163.2   -13631.0     8132.7    745.6    876.3   1486.8 2023  1  8 20 59 20.120  3.0   1
     1690  26.988021  102.880127    15.370    -5772.9     4214.5     9233.8   1466.8    921.6   1255.2 2023  1  8 21 29 31.160  2.8   1
     1691  26.935097  102.857015    12.213    -8069.1    -1649.8     6076.7   1113.0    812.5   1090.3 2023  1  8 21 39 13.640  3.3   1
     1692  26.940833  102.869832    13.222    -6796.3    -1014.1     7085.6   1000.0    957.7    939.8 2023  1  8 21 47 29.700  3.2   1
     1694  26.518325  102.992236    10.038     5368.4   -47829.1     3902.0   1684.7   1679.3   2360.1 2023  1  8 22 47 19.760  4.4   1
     1696  26.889907  102.924447    10.258    -1373.2    -6657.0     4122.1    948.8    944.3    882.1 2023  1  9  1  2 25.250  3.1   1
     1700  26.546167  103.151172    28.233    21178.0   -44744.3    22096.7   1444.1   1795.9   1598.5 2023  1  9  4 33 32.050  4.0   1
     1703  27.213198  103.009277    11.171     7042.5    29164.5     5034.2   2503.5   2133.3   1979.3 2023  1  9  5 52  9.980  4.2   1
     1708  26.972756  102.579663    10.196   -35605.9     2523.1     4060.1   2553.0   2666.0   4346.6 2023  1  9  7  0 50.600  3.6   1
     1709  26.723612  102.971029    12.879     3255.9   -25082.8     6742.6   1147.9   1197.7   1399.9 2023  1  9  7  7 25.610  3.3   1
     1710  26.556285  103.083000     9.768    14396.2   -43623.1     3631.3   3196.8   2519.6   2860.8 2023  1  9  7 20 13.850  4.1   1
     1712  27.148352  103.269824    11.122    32893.8    21979.5     4985.4   1863.4   1664.2   5002.6 2023  1  9  9 18 53.240  4.3   1
     1717  27.110128  102.936589     5.986     -167.2    17744.1     -150.8   3686.4   1411.6   3020.5 2023  1  9 15 16  1.350  3.2   1
     1719  26.883673  102.937931     9.570      -34.1    -7347.6     3433.1   1097.6   1055.3   1256.8 2023  1  9 16  6 17.470  3.2   1
     1720  26.876475  102.944181    10.196      587.3    -8145.1     4059.9    844.0    725.4    696.2 2023  1  9 16 14 24.770  3.0   1
     1721  26.876567  102.943823     9.559      551.0    -8135.0     3422.4    859.1    846.5    830.3 2023  1  9 16 39 28.720  3.0   1
     1722  26.867969  102.956860    15.201     1846.1    -9087.8     9064.9    844.0    787.8   1222.6 2023  1  9 16 57 16.400  4.2   1
     1723  26.652885  103.018669    20.929     7993.5   -32919.4    14792.9   2282.1   2960.0   1959.1 2023  1  9 17 10 38.240  3.9   1
     1725  26.382556  103.014535    26.966     7591.3   -62872.7    20829.7   2139.1   1478.0   1338.6 2023  1  9 18  8 50.720  4.4   1
     1726  26.890243  103.021102    11.580     8226.8    -6619.6     5443.7    948.1   1174.6    792.3 2023  1  9 18 14 29.100  2.3   1
     1727  26.885417  102.963346    10.874     2490.8    -7154.4     4737.7    900.5    707.1    881.9 2023  1  9 19  8 37.980  2.9   1
     1728  26.915190  102.949943    12.906     1159.1    -3855.4     6769.5   1829.3   1078.6   1272.1 2023  1  9 19 14  0.800  2.3   1
     1729  26.964628  102.906909     3.519    -3114.1     1622.5    -2617.7   1136.6   1226.3   1567.1 2023  1  9 19 18 43.680  2.5   1
     1730  26.863279  102.941024     7.326      273.4    -9607.4     1189.1   1249.0   1089.8   1322.6 2023  1  9 19 27 32.440  2.9   1
     1731  26.937860  102.872721    10.000    -6509.4    -1343.6     3864.1    874.3    758.6    773.9 2023  1  9 19 36  8.060  2.9   1
     1732  26.875675  102.946476    10.781      815.2    -8233.7     4644.6    893.2    735.9    680.9 2023  1  9 20 35 17.380  4.9   1
     1733  26.881368  102.945426    10.562      710.8    -7602.9     4426.0   1026.2    777.1    764.3 2023  1  9 20 39 20.860  3.4   1
     1734  26.876390  102.943213     8.814      490.6    -8154.6     2677.7   1184.1    943.7    893.7 2023  1  9 21 45  5.440  3.0   1
     1736  26.471183  102.993172     6.948     5463.0   -53052.5      811.2   1262.1   1527.3   1606.3 2023  1  9 21 58 22.960  2.5   1
     1737  26.883734  102.942326    10.670      402.9    -7340.8     4533.7    914.3    800.3    783.4 2023  1  9 22  7  4.500  3.6   1
     1738  26.881781  102.941618    11.810      331.9    -7557.4     5673.1    824.1    726.3    704.8 2023  1  9 22 12 25.440  3.7   1
     1741  26.581000  102.792236    10.747   -14525.0   -40884.5     4610.3   1587.6   2525.7   2343.3 2023  1  9 23 13 34.340  3.6   1
     1742  27.028520  102.829036    11.852   -10843.4     8701.7     5715.8   1101.4   1044.3   1107.6 2023  1  9 23 27  6.800  3.3   1
     1743  26.600559  102.677157    40.254   -25968.6   -38717.3    34118.1   3014.9   3459.0   2063.2 2023  1 10  0  1  6.610  2.5   1
     1744  26.567837  102.739136    18.501   -19807.4   -42343.2    12364.1   3157.1   2335.8   1839.0 2023  1 10  1  8 19.670  2.8   1
     1748  26.882092  102.941829    10.133      353.5    -7522.9     3996.1   1098.1    796.7    904.2 2023  1 10  1 44 54.780  2.7   1
     1752  26.912252  102.937093     9.002     -117.1    -4181.0     2865.6   1321.5   1115.9   1559.3 2023  1 10  4 13  0.530  2.8   1
     1754  27.350749  102.837126    15.931   -10026.1    44405.6     9794.8   2060.2   1460.0   1732.4 2023  1 10  5 10 41.510  2.8   1
     1756  26.865629  102.815894    23.481   -12156.3    -9346.9    17344.2   1806.5   1048.0    744.7 2023  1 10  5 52 45.990  3.1   1
     1757  27.109741  102.858521     8.533    -7913.6    17701.4     2396.3   1687.6   1305.1   2030.7 2023  1 10  6 47 57.870  3.4   1
     1759  26.961525  102.725277     6.806   -21149.3     1278.7      670.1   2536.8   3362.5   3943.4 2023  1 10  7 15 53.240  2.7   1
     1760  27.010524  102.792733     5.153   -14448.5     6707.8     -983.8    971.3   1490.9   1389.9 2023  1 10  7 20 18.320  3.0   1
     1765  26.983407  102.860848     8.398    -7686.9     3703.1     2261.6   1328.1   1011.8    999.2 2023  1 10  8 19 50.520  3.9   1
     1770  26.871092  102.926440     7.593    -1175.4    -8741.8     1456.5    944.2    839.6    893.3 2023  1 10  9 51  7.700  3.4   1
     1778  26.865794  102.926847    18.102    -1134.7    -9328.6    11965.2   1236.4   1067.6    845.9 2023  1 10 13 34 23.820  3.4   1
     1779  26.847072  102.932153    11.176     -608.3   -11403.0     5039.6    896.9    798.6    924.2 2023  1 10 13 36 48.280  3.4   1
     1780  26.867625  102.944800     7.021      648.5    -9125.9      884.7   1300.2   1189.0   1450.0 2023  1 10 14 22  2.390  2.8   1
     1781  26.826174  102.957292    11.430     1889.4   -13718.7     5293.3    858.2    730.6    912.8 2023  1 10 15  7 20.700  2.9   1
     1783  26.856252  102.928149    15.155    -1005.9   -10386.0     9018.9    850.8    676.8    790.6 2023  1 10 15 13 25.930  3.7   1
     1785  26.849780  102.934147    13.459     -410.2   -11103.1     7322.6    831.1    811.8    937.8 2023  1 10 16 19 19.210  2.9   1
     1787  27.346474  102.898039    10.106    -3988.0    43931.9     3969.2   2125.9   1898.6   2045.4 2023  1 10 17  1 31.000  2.0   1
     1789  26.864215  103.014893    18.792     7611.3    -9503.5    12655.8   5679.9   3336.4   3986.2 2023  1 10 18 13 13.560  0.6   1
     1790  26.977568  102.923413     6.216    -1475.8     3056.1       79.3    916.5    668.5    889.2 2023  1 10 18 32 50.840  2.7   1
     1795  27.008934  102.810205    11.498   -12714.1     6531.6     5361.5   2807.3   1527.9   3579.6 2023  1 10 20 13 13.680  0.7   1
     1802  26.355379  103.038656    20.969     9993.9   -65884.0    14832.7   1848.6   2659.1   1391.9 2023  1 10 21 28 35.140  3.3   1
     1803  27.174544  102.807666    10.947   -12956.1    24881.6     4810.8   2303.1   1360.4   1825.1 2023  1 10 21 55 53.060  3.0   1
     1805  27.120534  102.800692     8.301   -13651.6    18897.3     2164.9   1086.9    697.6   1482.2 2023  1 10 22 46 21.860  3.2   1
     1807  27.356226  102.795011    12.101   -14200.0    45012.5     5964.5   2008.8   3802.8   4562.0 2023  1 10 23 13 39.160  3.8   1
     1809  26.705186  102.671883     7.961   -26480.7   -27124.5     1824.9   2420.0   3682.4   3510.8 2023  1 10 23 56  1.040  1.9   1
     1810  26.849854  102.936271    15.617     -198.6   -11094.9     9480.2    995.4    745.8    659.6 2023  1 11  0  7 17.780  3.6   1
     1812  26.952075  102.902726     8.672    -3529.6      231.5     2535.2   1075.1    777.4    874.1 2023  1 11  0 36  5.800  2.7   1
     1817  27.315979  102.895361    18.528    -4254.3    40553.0    12391.8   2136.1   1833.4   1701.4 2023  1 11  3  3 58.590  3.4   1
     1820  26.855402  102.935262    13.000     -299.0   -10480.2     6863.4   1330.2   1384.5   1636.5 2023  1 11  4 17  3.990  2.8   1
     1821  27.113495  103.158512    16.096    21853.5    18117.3     9959.8   1495.5   1345.6   2409.9 2023  1 11  4 20 43.270  3.9   1
     1823  27.111855  102.834912    14.370   -10256.2    17935.6     8233.7   1226.9    673.9   1264.1 2023  1 11  4 48 26.140  4.3   1
     1828  27.130872  102.804500    10.555   -13272.8    20042.5     4418.7   1783.0   1730.8   2673.0 2023  1 11  7 16 53.220  3.3   1
     1833  27.152409  102.698055    29.684   -23832.0    22429.0    23547.7   1779.7   1798.3   1596.5 2023  1 11 10 17 52.360  3.2   1
     1836  26.765706  102.839095    32.129    -9856.2   -20418.7    25992.6   1981.6   6651.7   1369.6 2023  1 11 10 36 27.390  2.7   1
     1837  27.263062  103.132406    29.317    19250.3    34689.6    23180.4   3411.8   3342.9   3859.0 2023  1 11 10 53 24.830  3.1   1
     1845  26.998617  102.897437     9.196    -4054.4     5388.4     3059.8   2101.9   1473.9   1764.8 2023  1 11 12 38 42.830  1.7   1
     1846  26.881081  102.934684    11.913     -356.1    -7634.7     5776.5    760.9    795.6    925.8 2023  1 11 12 40 18.140  3.3   1
     1847  27.104344  102.853621    12.902    -8400.0    17103.2     6765.2   1313.3    834.4   1074.6 2023  1 11 12 47 56.460  2.5   1
     1851  26.889693  103.100789    15.234    16142.4    -6680.6     9097.6   1887.2   2038.7   2021.0 2023  1 11 14 30 33.100  2.7   1
     1855  26.879081  102.938257    10.079       -1.8    -7856.3     3942.3   1186.8    829.1    834.4 2023  1 11 15 39  2.760  3.5   1
     1856  26.500529  102.942847    29.561      454.7   -49801.0    23424.4   2031.9   1759.2   1526.4 2023  1 11 16 39  8.350  2.6   1
     1862  26.883651  102.931470    10.088     -676.1    -7350.1     3951.3    984.1    880.2    818.1 2023  1 11 18 31 49.400  3.0   1
     1868  26.871889  102.946696    19.709      836.5    -8653.3    13572.7   1075.1    930.3    785.6 2023  1 11 20 35 25.940  2.9   1
     1874  27.293229  102.923381     7.224    -1476.3    38032.2     1088.0   2315.4   2476.4   3013.9 2023  1 11 23 41 30.080  1.5   1
     1878  27.025834  102.793758    17.306   -14345.6     8404.1    11170.1   1087.2   1019.2   1298.7 2023  1 12  1 42  2.140  3.9   1
     1880  27.085933  103.048568    10.746    10945.7    15063.3     4609.2   2800.6   2998.1   4059.2 2023  1 12  2 48 34.720  3.3   1
     1884  27.107259  102.858252    16.655    -7940.7    17426.4    10518.9   1329.6    718.7   1212.6 2023  1 12  6 25 51.630  6.0   1
     1885  27.117470  102.796045    14.599   -14112.7    18557.6     8462.9   1139.2    732.0   1191.6 2023  1 12  6 36 45.960  5.0   1
     1886  27.121183  102.816829     5.754   -12050.1    18969.2     -382.4   1232.1   1084.6   1950.3 2023  1 12  6 54  8.120  3.2   1
     1891  26.683905  103.216235     9.593    27633.7   -29482.3     3456.7   4131.9   2723.9   4424.4 2023  1 12  9  0 32.700  2.7   1
     1892  26.481315  102.891683     6.538    -4636.0   -51930.0      401.4   1734.8   1735.3   2931.2 2023  1 12  9  8 39.320  3.4   1
     1893  27.007996  102.896737     1.873    -4123.1     6427.6    -4263.7   1222.9   1144.7   1273.5 2023  1 12  9 17 59.720  2.8   1
     1895  27.082369  102.924382    18.062    -1378.8    14668.4    11925.9   1698.1    864.4   1207.9 2023  1 12  9 24 17.860  3.9   1
     1896  27.057082  103.071672    18.011    13240.2    11866.6    11874.8   3155.7   2712.5   3528.9 2023  1 12  9 50 19.320  3.6   1
     1897  27.002578  102.864754     7.868    -7298.8     5827.3     1731.6   2471.7   1861.9   3475.5 2023  1 12  9 59 56.900  2.5   1
     1898  27.118835  102.804924    13.482   -13231.8    18709.0     7345.9   1075.6    714.8   1163.0 2023  1 12 11  0 25.500  4.2   1
     1910  26.677169  103.200423     0.910    26062.4   -30228.9    -5226.5   2520.7   2053.5   4028.7 2023  1 12 18 13 54.760  2.7   1
     1912  27.099325  102.812874    17.615   -12443.4    16547.1    11478.3   1735.1    959.8   1474.0 2023  1 12 18 39  9.000  3.1   1
     1918  26.941949  102.776644     5.508   -16050.3     -890.5     -628.8   2008.8   1622.1   2486.1 2023  1 12 19 47 23.600  2.7   1
     1920  26.858777  103.000464     7.226     6178.0   -10106.1     1089.1    793.1    845.0    971.3 2023  1 12 20 14 58.940  2.5   1
     1921  27.260451  103.259578    45.152    31861.5    34400.4    39016.0   2223.4   1854.2   1549.9 2023  1 12 20 23 46.400  3.3   1
     1923  27.116608  102.817586    13.342   -11975.3    18462.1     7205.8   1164.3    725.2   1186.9 2023  1 12 21 27 16.860  4.8   1
     1924  27.122135  102.813949    12.046   -12336.3    19074.5     5909.9   1400.4    735.3   1430.7 2023  1 12 22 30 23.240  3.9   1
     1925  26.883303  102.934489     6.908     -376.0    -7388.6      771.8   1906.2   1584.4   2109.7 2023  1 12 22 42 18.720  2.7   1
     1926  27.107890  102.813916    14.446   -12340.0    17496.3     8309.4   1131.6    797.3   1061.5 2023  1 12 22 45 29.160  3.7   1
     1927  27.049418  103.088029    11.914    14864.4    11017.4     5777.3   1965.8   1728.1   3522.9 2023  1 12 23 40  4.880  3.0   1
     1928  27.100417  102.856755    13.350    -8089.7    16668.3     7213.8   1125.1    633.3    993.8 2023  1 13  0  2  4.850  3.5   1
     1932  26.953591  102.805225    15.156   -13211.7      399.5     9020.1   1038.7   1179.0   1070.3 2023  1 13  1 21 27.390  3.5   1
     1934  27.106396  102.861255    12.078    -7642.4    17330.7     5942.1   1258.7    757.5    942.0 2023  1 13  1 42 41.480  3.2   1
     1937  26.872257  102.910571     5.783    -2751.6    -8612.4     -353.4   2683.5   2560.1   4613.3 2023  1 13  2 33 16.350  1.8   1
     1938  27.186806  103.086051     9.256    14658.7    26240.4     3119.9   1327.2   1981.7   2056.3 2023  1 13  2 33 38.280  3.0   1
     1939  26.632330  103.102913    14.828    16371.7   -35197.2     8691.6   2876.9   1999.9   2214.2 2023  1 13  3 49  3.850  2.5   1
     1940  26.480465  102.758447    13.571   -17893.0   -52024.1     7434.7   2058.3   2525.7   2561.1 2023  1 13  4 23 54.520  3.0   1
     1941  26.829582  102.976709    10.929     3818.9   -13341.0     4792.5    752.4    715.3    828.8 2023  1 13  5 13  5.790  3.6   1
     1944  27.174538  103.158740    12.537    21870.8    24880.9     6400.8   2655.4   2211.9   2661.6 2023  1 13  7 14 30.280  3.2   1
     1946  27.047868  103.314022    22.610    37295.7    10845.6    16473.8   1118.2   1550.4   1208.6 2023  1 13  7 37 45.540  4.0   1
     1947  27.109605  102.826074    15.058   -11133.7    17686.2     8921.9   1039.7    721.5   1184.9 2023  1 13  9 37 46.380  2.8   1
     1948  27.110736  102.857585    14.291    -8006.6    17811.5     8154.6   1135.1    781.2    922.0 2023  1 13  9 48 48.310  3.4   1
     1951  26.581525  103.066911    10.047    12794.1   -40826.4     3910.6   1665.9   1480.9   1334.9 2023  1 13 10 14 16.080  2.4   1
     1957  27.115963  102.830591    10.121   -10685.3    18390.6     3984.7   1005.0    550.1   1132.5 2023  1 13 11 23 47.790  3.1   1
     1959  27.112858  102.841488     4.806    -9603.8    18046.6    -1330.2    773.7    617.8   1094.6 2023  1 13 11 56 17.150  3.2   1
     1960  26.876206  103.072778     6.462    13360.4    -8174.9      326.0   1568.1   1510.7   1686.4 2023  1 13 12  0 12.650  2.8   1
     1961  27.097042  102.894401    14.073    -4353.9    16294.2     7936.6   1557.7   1118.3   1259.9 2023  1 13 12  4 18.040  2.8   1
     1962  27.123376  102.894580    10.209    -4335.0    19212.1     4072.7   1286.7    756.9   1160.5 2023  1 13 12 33 23.730  4.1   1
     1965  27.104004  102.815365    13.159   -12196.2    17065.6     7022.7   1052.0    740.8   1171.0 2023  1 13 13 55 47.290  3.4   1
     1968  27.093223  102.908634    17.169    -2941.6    15871.0    11032.4   1813.5   1026.2   1121.4 2023  1 13 14 55 59.380  2.5   1
     1969  26.574402  102.939372    10.443      109.0   -41615.6     4306.5   2144.0   2372.5   2443.4 2023  1 13 15  1  1.130  3.0   1
     1970  26.748676  102.998218    19.082     5957.4   -22305.6    12945.4   2678.3   3457.9   2630.8 2023  1 13 15 36 38.950  3.8   1
     1972  27.100098  103.254688     1.854    31399.3    16632.8    -4282.3   1426.2   1820.1   2512.1 2023  1 13 16  4 20.420  2.9   1
     1975  27.115076  102.844930    12.106    -9262.0    18292.3     5969.2   1031.4    749.4   1068.2 2023  1 13 17 40 58.040  2.8   1
     1977  27.486428  103.027083    30.280     8798.2    59439.1    24143.2   2771.3   1601.2   1413.9 2023  1 13 18  3  8.720  3.1   1
     1979  27.091960  103.020565    21.767     8166.2    15731.0    15630.6   1644.1   1897.4   1326.4 2023  1 13 18 15 54.260  1.7   1
     1981  27.157692  103.127799     5.247    18802.6    23014.4     -889.7   1965.7   1996.7   3496.1 2023  1 13 18 35 34.340  3.6   1
     1983  27.098169  102.873730    13.038    -6404.9    16419.2     6901.9   1214.4    675.5    903.4 2023  1 13 18 44 10.720  3.2   1
     1986  27.093982  102.954443     6.998     1604.8    15955.1      862.0   1528.6   1387.1   3628.9 2023  1 13 20 24 47.360  2.4   1
     1987  27.124963  102.789543     6.304   -14757.1    19387.9      167.9   1184.8    777.9   1658.7 2023  1 13 20 28 56.680  3.1   1
     1995  27.239490  103.024618     5.033     8563.1    32077.7    -1103.3   1853.6   2193.2   2049.9 2023  1 13 23 58 19.000  2.0   1
     1999  26.786792  102.975586    12.916     3707.7   -18082.4     6780.1    844.6    903.7    987.4 2023  1 14  2  9 10.410  3.6   1
     2001  26.727755  103.031258    16.594     9242.2   -24623.7    10457.6    959.7   1529.8   1106.3 2023  1 14  2 11 22.390  3.5   1
     2002  26.782477  102.982520    14.956     4396.9   -18560.4     8820.1    852.2   1041.9    926.6 2023  1 14  2 13 49.160  3.6   1
     2006  27.098173  102.853076    16.953    -8454.8    16419.6    10816.6   1487.8   1087.3   1230.7 2023  1 14  4 22 24.510  3.2   1
     2008  26.857867  102.854574     4.890    -8314.8   -10207.0    -1246.8   2005.9   1091.2   3596.9 2023  1 14  5 22 43.770  2.9   1
     2014  26.878564  102.930672     9.298     -754.7    -7913.6     3161.7    716.5    687.8    813.5 2023  1 14  8 57 20.990  2.8   1
     2016  26.733038  102.787590     8.032   -14976.8   -24038.3     1896.0   2330.9   2730.5   2074.3 2023  1 14  9 26 46.190  2.7   1
     2017  26.964063  103.074683     2.497    13544.6     1559.8    -3639.1   1418.5   2110.8   3112.4 2023  1 14  9 52  5.450  3.3   1
     2026  26.982847  102.990991     9.661     5233.8     3641.0     3524.8   1433.9   1023.9   1517.1 2023  1 14 13 17 19.210  2.6   1
     2030  27.092153  102.960840   355.502     2239.6    15752.5   349365.8   4172.8   1849.6  37904.7 2023  1 14 14  8 42.590  3.6   1
     2031  26.858380  102.924259    12.215    -1391.9   -10150.1     6079.1   1004.7    851.5    907.5 2023  1 14 14 35  3.700  3.0   1
     2032  26.849628  102.887533     8.029    -5040.4   -11120.0     1892.6    871.0    787.6   1372.6 2023  1 14 14 39 41.820  3.4   1
     2044  26.938741  102.905306     6.281    -3274.1    -1246.0      144.5    895.2    695.9    856.9 2023  1 14 16 43 43.950  2.8   1
     2045  26.939425  102.871118    10.790    -6669.1    -1170.1     4653.7   2322.7   1903.7   2044.9 2023  1 14 17  1 56.200  2.9   1
     2047  27.166071  103.189128    14.093    24885.6    23942.7     7957.1   2230.1   2851.3   4305.7 2023  1 14 17 18  1.000  2.6   1
     2051  27.031659  102.871606     4.385    -6617.4     9049.5    -1751.8   2223.0   1566.4   1986.9 2023  1 14 20 43 41.180  3.5   1
     2057  26.955280  102.918888     7.794    -1924.8      586.5     1657.2    892.0    676.6    821.0 2023  1 14 21 31 33.240  2.7   1
     2060  27.216960  102.862500     5.145    -7515.2    29581.3     -990.9   1774.6   1830.3   2010.6 2023  1 14 21 48 47.400  1.9   1
     2063  27.106348  102.817179     9.946   -12016.2    17325.4     3809.4   1052.8    752.8   1236.6 2023  1 14 23 36 57.880  3.7   1
     2066  26.790344  102.977287    28.736     3876.5   -17688.7    22599.3   1942.3   1279.6   1247.4 2023  1 15  1 14 27.300  3.0   1
     2067  26.774699  102.787590    13.218   -14974.0   -19422.3     7081.5   2147.6   2950.0   1934.2 2023  1 15  1 23 56.700  2.5   1
     2072  27.042712  102.677881     8.589   -25846.0    10274.2     2452.7   1876.9   2730.4   2356.0 2023  1 15  1 56 54.790  3.0   1
     2076  26.623279  102.838615    24.827    -9909.9   -36200.0    18690.3   2693.6   2187.9   1885.4 2023  1 15  2 20 18.550  3.4   1
     2077  27.066939  103.122738    14.024    18307.7    12958.8     7887.6   1525.3   1389.4   2551.7 2023  1 15  3  5 26.790  3.6   1
     2078  26.930664  103.040373    50.834    10139.5    -2140.9    44697.9   3625.5   2155.4   1763.5 2023  1 15  3 53  9.460  2.6   1
     2079  26.858671  103.000545     7.260     6186.2   -10117.9     1123.3   4305.2   2333.0   3765.2 2023  1 15  4  0 31.110  3.1   1
     2080  26.794989  102.859408     8.499    -7836.7   -17174.0     2362.4   5647.0   2941.8   3324.6 2023  1 15  4  4 10.860  3.1   1
     2083  26.879895  103.164909    15.667    22511.4    -7766.3     9530.3   1906.0   1926.0   1730.7 2023  1 15  5 32 14.670  3.1   1
     2084  27.053121  102.986613     4.567     4797.9    11427.6    -1569.4   1886.7   1703.2   3301.1 2023  1 15  5 40 13.010  2.7   1
     2085  26.961279  103.028825    10.357     8990.9     1251.3     4221.1   1125.2   1441.3   1393.4 2023  1 15  5 52  9.340  2.7   1
     2091  27.610217  102.913411    21.731    -2461.7    73155.4    15594.2   3376.4   2827.6   3459.8 2023  1 15  8 20 55.270  3.9   1
     2093  26.674644  103.120361    10.950    18103.3   -30508.5     4813.9   1969.0   1621.3   1972.7 2023  1 15  8 44 35.800  2.4   1
     2105  26.748533  102.758748     1.758   -17842.2   -22321.4    -4378.3   3092.0   1616.8   2121.0 2023  1 15 13 25 48.110  1.9   1
     2114  27.107784  103.148706     8.993    20881.2    17484.4     2857.0   1490.7   1248.6   2151.0 2023  1 15 16  5 58.880  3.7   1
     2116  27.177692  103.012215     3.794     7335.2    25230.5    -2342.8   3838.9   1363.0   3326.8 2023  1 15 16 30 19.120  2.8   1
     2118  26.601270  103.125049    13.090    18574.9   -38638.6     6954.0   1361.6   1646.6   1567.5 2023  1 15 16 52 10.380  1.9   1
     2119  27.108173  102.835189    14.213   -10229.0    17527.6     8076.3   1327.5    692.7   1259.0 2023  1 15 17 11  5.080  3.8   1
     2120  26.840979  102.910571     9.617    -2752.5   -12078.1     3481.0   1372.0   1065.4   1098.5 2023  1 15 17 24 37.540  2.8   1
     2121  26.897060  102.857056     6.482    -8066.3    -5864.3      345.6   1602.8   1309.5   1557.7 2023  1 15 17 27 46.360  2.8   1
     2124  26.639077  103.003947    11.132     6530.2   -34449.6     4995.1   1529.8   1403.8   1558.0 2023  1 15 18 44 18.460  2.7   1
     2127  26.939610  102.956665    19.650     1826.6    -1149.7    13514.1   1427.4   1464.4    704.0 2023  1 15 19 40 19.120  3.1   1
     2134  26.842853  102.885173    10.084    -5275.3   -11870.7     3947.7   3026.8   1530.4   3052.0 2023  1 15 20 43 16.800  0.8   1
     2137  26.902234  103.226799     4.408    28656.3    -5291.0    -1728.4   1959.0   1766.7   1897.6 2023  1 15 21 51 18.920  2.8   1
     2142  27.044379  103.583081    33.726    64001.9    10459.0    27589.8   2387.7   2284.0   2556.0 2023  1 15 22 18 33.540  3.8   1
     2143  27.119977  102.925431    13.718    -1274.1    18835.4     7581.8   4930.2   3289.8   3555.1 2023  1 15 22 30 14.240  2.7   1
     2145  26.856940  102.861735    10.299    -7603.5   -10309.7     4162.9   1410.7   1272.0   1104.8 2023  1 15 23 22 58.340  2.6   1
     2148  27.019198  102.985465    33.538     4684.9     7668.9    27401.5   2740.2   1419.1   1105.9 2023  1 15 23 39 53.180  2.8   1
     2149  26.892080  103.129175     7.928    18961.5    -6416.2     1791.8   1298.5   1528.4   2117.1 2023  1 15 23 45 28.480  3.5   1
     2153  26.837606  102.952897    12.978     1453.1   -12452.1     6841.1    615.2    646.1    622.2 2023  1 16  2 13 26.450  3.6   1
     2154  26.833679  103.320329     0.901    37957.0   -12887.0    -5234.9   1604.1   2622.5   2367.4 2023  1 16  2 27  4.180  2.9   1
     2155  27.109664  102.789624     3.073   -14750.4    17692.8    -3063.7   1415.2    875.4   1813.2 2023  1 16  2 44 33.220  3.1   1
     2157  27.154506  102.896590    10.462    -4135.3    22661.4     4325.6   3677.6   2671.9   6648.7 2023  1 16  3 47 40.300  3.3   1
     2158  27.030273  103.044108    29.313    10505.6     8896.0    23176.2   1938.7   1320.6   1102.7 2023  1 16  4 10 57.510  4.7   1
     2163  26.968547  102.838062     6.067    -9949.9     2056.6      -69.1   1525.0   1548.2   1704.8 2023  1 16  5  6 14.980  2.7   1
     2171  26.974500  102.979980     6.073     4140.7     2716.3      -63.6   1030.9   1135.9    976.3 2023  1 16  8 21 20.280  3.6   1
     2172  26.969145  102.967017     5.709     2853.7     2122.8     -427.6   1092.0   1128.7   1186.6 2023  1 16  8 34  0.500  3.8   1
     2173  26.859239  102.939119    11.696       84.3   -10055.0     5559.7    856.7    708.8    645.3 2023  1 16  8 53 26.520  3.6   1
     2175  26.859049  102.967619    16.466     2914.9   -10075.9    10329.4    902.4    772.6    817.3 2023  1 16  8 58 50.730  3.3   1
     2178  26.890153  103.018188    11.964     7937.5    -6629.7     5827.6   2865.6   2662.0   2038.2 2023  1 16  9 41 12.860  3.0   1
     2180  26.845300  102.942554     5.592      425.6   -11599.4     -544.7   1539.7   1277.5   1569.8 2023  1 16 10 14 47.540  2.7   1
     2187  27.042588  103.236751     2.434    29626.8    10260.6    -3702.8   1635.1   1896.2   2435.3 2023  1 16 13  2 13.650  3.2   1
     2194  27.275682  102.821948    33.316   -11534.5    36088.0    27179.7   2474.1   1822.4   1948.4 2023  1 16 15 26  9.820  2.4   1
     2195  26.836648  102.984465    12.846     4588.7   -12558.1     6710.0    963.2    705.2    726.9 2023  1 16 16  3 18.920  3.4   1
     2196  26.967794  102.909448    16.993    -2861.9     1973.1    10857.0   3884.6   4115.8   3834.7 2023  1 16 16 10  8.970  2.5   1
     2198  26.978611  102.925277     8.614    -1290.3     3171.9     2477.1    865.9    905.0    900.8 2023  1 16 16 16 44.450  3.2   1
     2199  26.967247  102.937020     8.432     -124.4     1912.6     2295.8   1117.5    844.3    959.8 2023  1 16 16 20  5.830  3.0   1
     2206  27.094657  103.279061    13.832    33818.4    16030.1     7695.4   1698.7   1711.4   2337.5 2023  1 16 17 24 34.440  3.5   1
     2207  27.050734  102.782137     9.932   -15497.1    11163.1     3795.3   2922.6   7585.0   3465.8 2023  1 16 17 43 45.000  2.1   1
     2208  26.837154  102.912671     9.913    -2543.4   -12502.0     3776.4   1722.6   1207.4   1579.1 2023  1 16 18 25 35.240  3.2   1
     2209  26.970990  102.866724    11.389    -7104.4     2327.4     5252.4   2218.8   1896.6   1976.6 2023  1 16 18 30 57.880  1.8   1
     2212  27.092660  102.903345    15.283    -3466.1    15808.6     9146.7   1323.1    676.2   1131.0 2023  1 16 19  2 17.180  2.7   1
     2215  26.468667  102.990828     6.489     5229.9   -53331.5      352.8   1581.9   1352.7   2665.0 2023  1 16 19 35 29.480  2.0   1
     2218  27.087160  103.327873     3.816    38663.4    15199.4    -2320.7   1536.5   2951.0   2151.4 2023  1 16 20  4 27.280  3.7   1
     2219  26.981608  102.820760     6.555   -11667.2     3503.9      419.0   1016.8   1197.3   1472.5 2023  1 16 21  1 28.460  2.8   1
     2224  26.657141  102.911995    16.860    -2612.8   -32447.9    10723.5   1517.4   1911.3   1755.6 2023  1 16 21 49 53.100  1.1   1
     2227  26.576902  102.568091    14.135   -36818.7   -41338.5     7998.9   4194.3   4659.9   6828.0 2023  1 16 22 30 13.560  2.2   1
     2229  26.607436  103.107039     7.361    16783.8   -37955.5     1224.3   2293.6   2236.5   2126.1 2023  1 16 22 46 57.800  1.9   1
     2230  26.883972  103.043514     9.354    10453.5    -7314.4     3217.9   1663.3   1368.9   2273.0 2023  1 16 23  4  7.160  2.5   1
     2231  26.592222  102.962524     6.667     2411.8   -39641.2      530.7   1923.0   2418.5   2882.4 2023  1 16 23 51 20.800  2.3   1
     2234  27.210504  102.846533     3.485    -9099.2    28866.1    -2651.7   1930.2   1632.7   2750.5 2023  1 17  2  7 35.770  3.1   1
     2236  27.084713  103.183089    13.015    24295.2    14928.2     6879.0   1743.4   1260.8   1880.3 2023  1 17  2 35 57.360  3.8   1
     2247  27.041557  102.986442    25.728     4781.2    10146.2    19591.5   1573.6   2233.3   1485.8 2023  1 17  5 46 52.500  2.2   1
     2248  26.567428  103.067432    13.558    12846.9   -42388.5     7421.8   1302.7   1513.5   1335.9 2023  1 17  7 15 21.930  4.3   1
     2255  27.197219  103.111678    13.861    17200.1    27394.1     7725.0   3412.5   2028.9   2726.4 2023  1 17  9 14 52.110  3.4   1
     2259  26.911957  103.069417    11.827    13024.7    -4213.6     5691.1   1656.6   2171.6   1619.2 2023  1 17 10  7  6.440  2.6   1
     2261  26.975002  103.146257    20.996    20650.1     2771.8    14859.8   1557.4   1326.0   2161.0 2023  1 17 11 15 17.050  3.2   1
     2263  27.121859  103.066252    19.409    12698.7    19044.1    13273.1   2391.6   2737.6   1946.3 2023  1 17 11 41 37.350  2.9   1
     2264  27.122951  102.810775     2.851   -12650.5    19165.1    -3285.0   1685.7   1309.9   2271.2 2023  1 17 12 11 25.270  2.8   1
     2266  27.139752  102.871346     9.582    -6640.6    21026.5     3445.2    978.1    724.8   1348.1 2023  1 17 12 36 10.780  3.7   1
     2269  27.113367  102.889380     5.465    -4851.3    18103.1     -671.0   1323.2    887.1   3459.6 2023  1 17 12 55 13.130  3.6   1
     2271  26.774369  103.107902     7.195    16857.3   -19458.7     1059.0   3026.3   1904.2   2581.3 2023  1 17 13 44 12.520  1.0   1
     2272  27.143359  103.061336     0.150    12209.3    21426.4    -5986.3   2096.9   1716.5   3248.4 2023  1 17 14  3 40.640  3.0   1
     2275  27.087431  102.734749    12.127   -20197.6    15229.3     5990.4   1673.5   1173.3   2304.0 2023  1 17 14 23 48.860  2.8   1
     2281  27.063776  103.052254    11.007    11312.7    12608.3     4870.4   1706.1   1910.2   5363.6 2023  1 17 15 29  9.270  3.3   1
     2284  27.308773  102.848820    23.248    -8868.3    39754.5    17111.7   2390.3   2374.7   1417.4 2023  1 17 15 49 45.030  3.8   1
     2285  26.895369  102.752669    14.831   -18434.6    -6051.7     8694.4   1052.6   1952.7   1573.6 2023  1 17 15 49 45.630  4.6   1
     2286  26.836621  102.954655     8.847     1627.5   -12561.2     2710.5    793.9    743.3   1141.7 2023  1 17 16  1 33.800  2.9   1
     2287  27.050842  102.870858     7.092    -6691.0    11175.2      955.8   4025.8   1277.4   2102.7 2023  1 17 16 55 13.260  2.1   1
     2288  27.152720  102.702547    24.782   -23386.9    22463.4    18646.1   2606.7   1770.8   2635.5 2023  1 17 17 40 49.280  3.0   1
     2289  27.212771  102.817660     2.378   -11962.7    29117.3    -3758.4   1653.2   1907.6   4701.9 2023  1 17 17 41 23.980  3.0   1
     2293  26.818907  102.972803    11.387     3430.4   -14523.9     5250.5   2595.1   1511.6   2454.9 2023  1 17 18 26 33.720  2.6   1
     2296  26.988011  103.094287    14.921    15489.7     4213.2     8784.2   1798.5   1274.7   1569.9 2023  1 17 19 11 52.580  3.0   1
     2298  26.882768  102.877734     7.029    -6012.9    -7448.0      892.1   1895.2   1187.6   1784.1 2023  1 17 19 20 34.640  2.7   1
     2301  27.082021  102.826676     2.017   -11075.1    14629.9    -4119.0   1771.1   2325.5   3367.0 2023  1 17 20  8  1.560  2.9   1
     2302  27.079995  102.906616     9.321    -3141.7    14405.4     3185.0   1245.9    612.2   1028.3 2023  1 17 20 12 10.240  3.8   1
     2303  27.131514  102.816138     2.516   -12118.6    20113.9    -3620.9    980.2    779.6   2354.1 2023  1 17 20 19  3.620  2.4   1
     2304  26.950946  102.909595     4.378    -2847.4      106.5    -1758.1   2083.4   2036.8   2034.9 2023  1 17 20 37 19.900  1.9   1
     2305  27.044680  102.849097     7.401    -8851.3    10492.5     1264.5   1200.1    870.6   1169.4 2023  1 17 20 43 35.940  3.1   1
     2306  26.896891  102.903931    10.283    -3411.2    -5883.0     4146.6   1391.7    942.0   1343.6 2023  1 17 20 57  4.440  2.7   1
     2311  27.078941  102.880054    12.066    -5777.6    14288.5     5929.3   1586.2    896.7   1675.0 2023  1 17 21 24 35.720  2.9   1
     2312  27.056561  102.975903     6.948     3735.1    11808.9      811.3   1398.1    945.0   2319.9 2023  1 17 21 56 35.680  3.1   1
     2315  27.073787  102.660384    10.978   -27579.2    13717.6     4841.2   2281.1   3430.1   3420.5 2023  1 17 23 24 12.560  2.4   1
     2322  27.193642  102.666300    27.211   -26977.3    26997.7    21074.5   4705.8   4117.9   3523.0 2023  1 18  0 12 18.530  4.5   1
     2326  27.056984  102.855477    14.959    -8217.6    11855.8     8822.3   1515.7   1842.3   1587.3 2023  1 18  1 13 25.750  3.3   1
     2327  26.806850  103.029671    29.616     9081.4   -15859.8    23480.0   1541.9   1211.9   1559.6 2023  1 18  1 23 41.130  3.2   1
     2328  27.288129  103.011304     1.440     7241.2    37467.2    -4696.0   1992.5   2508.2   2577.7 2023  1 18  2 17 51.990  2.3   1
     2330  26.760740  103.020573    16.474     8178.8   -20969.0    10338.0   1290.8   1551.2   1262.1 2023  1 18  2 58 19.520  3.0   1
     2346  26.788837  102.865503    31.747    -7230.9   -17855.8    25610.2   1748.4   1201.0    971.2 2023  1 18  6 46 59.320  2.6   1
     2347  26.693351  103.167163    18.930    22754.1   -28435.7    12793.2   2236.2   1943.3   2123.3 2023  1 18  7 15 29.410  2.8   1
     2348  27.006616  102.860400     5.923    -7730.5     6274.9     -213.7   2125.6   1345.5   1449.2 2023  1 18  7 22 51.730  3.2   1
     2351  26.505955  102.942611     1.303      431.4   -49199.8    -4833.8   1877.3   1586.6   3151.3 2023  1 18  8 32  4.740  3.3   1
     2358  26.975881  102.955859    17.670     1746.2     2869.4    11533.4   1734.5   1125.6   1336.9 2023  1 18 11 48 27.580  3.0   1
     2362  27.075008  103.054338    16.397    11518.5    13852.7    10261.1   2066.2   1751.6   2875.5 2023  1 18 13  5 53.640  3.1   1
     2363  27.122933  103.403402    11.537    46151.7    19163.0     5401.0   2423.9   1808.5   4292.6 2023  1 18 13 20 34.460  3.3   1
     2364  27.149347  103.435286    21.554    49309.6    22089.8    15417.7   2558.3   1869.9   2673.4 2023  1 18 13 49 14.610  3.5   1
     2369  27.045400  103.025757    12.279     8683.7    10572.0     6142.2   2092.8   1498.4   1916.3 2023  1 18 14 19 31.340  3.3   1
     2373  26.998639  102.837256     3.869   -10029.0     5390.9    -2267.0   2682.8   1873.6   3151.7 2023  1 18 16 34 25.770  2.7   1
     2375  26.940127  102.934595     9.165     -365.3    -1092.3     3029.0   2337.3   1519.5   2045.6 2023  1 18 17 22 49.960  2.3   1
     2376  27.120683  102.952474     9.912     1409.4    18913.8     3776.3   3068.9    849.2   1233.4 2023  1 18 17 49 34.480  2.6   1
     2377  26.830377  103.055282     4.691    11625.3   -13253.0    -1445.3    789.9   1278.8   1675.7 2023  1 18 17 54  8.640  2.4   1
     2380  27.103994  102.885522     6.794    -5234.8    17064.5      657.2   1326.7    854.2   1349.6 2023  1 18 19 33 20.760  3.7   1
     2385  27.031854  102.817472    12.113   -11990.8     9071.3     5976.8   1139.3    912.0   1135.0 2023  1 18 21 12 59.400  3.2   1
     2389  26.781317  102.788859    50.904   -14847.5   -18688.9    44767.8   8279.0   8632.8   5865.6 2023  1 18 23 25 24.140  2.4   1
     2392  26.813316  102.988851     6.820     5025.6   -15143.4      683.4   1395.5   1678.7   2625.6 2023  1 19  0  3 55.730  2.0   1
     2401  26.722194  103.142106    15.039    20260.3   -25239.9     8903.0   3287.5   2078.8   1960.5 2023  1 19  2 40 30.360  2.7   1
     2402  26.879014  103.123063     6.375    18354.9    -7863.9      238.5   1374.3   1222.2   1668.1 2023  1 19  3 45  0.380  2.3   1
     2404  27.120475  102.841121     8.902    -9640.0    18890.6     2765.8   1389.7    923.6   1449.6 2023  1 19  3 59 42.160  3.2   1
     2406  27.003809  103.048771    22.517    10970.0     5963.8    16381.1   1811.3   2393.9   1262.3 2023  1 19  4 12  8.720  3.6   1
     2408  26.782487  103.000488     8.468     6182.4   -18559.2     2332.0   3076.3   2228.1   2946.3 2023  1 19  5  8 52.100  2.7   1
     2409  26.963281  102.984041     5.985     4544.2     1473.1     -151.5   2140.1   2289.9   2778.3 2023  1 19  5 13 45.370  2.7   1
     2411  27.025212  102.801001    17.037   -13626.6     8335.2    10900.9   1606.0   1391.8   1466.7 2023  1 19  6 10  5.170  3.6   1
     2416  26.890039  102.922795    23.224    -1537.1    -6642.2    17087.3   1811.5   1638.5    999.0 2023  1 19  9 27 46.410  3.5   1
     2417  26.965999  103.009619    10.423     7083.7     1774.4     4286.6    958.3   1172.4   1192.3 2023  1 19  9 28 27.870  4.3   1
     2420  27.122414  102.786304     3.444   -15079.3    19105.6    -2691.2   1257.0   1191.7   2533.4 2023  1 19  9 44 51.830  3.6   1
     2422  26.957104  103.103687    16.883    16424.7      788.7    10746.1   2500.7   3369.8   3294.3 2023  1 19 11  0 29.410  2.9   1
     2423  27.075193  102.810750     2.716   -12655.5    13873.3    -3420.1   2555.1   2462.6   4437.3 2023  1 19 11  7 47.160  2.8   1
     2428  27.158354  102.808944    19.525   -12830.2    23087.6    13388.7   1497.7   1139.2   1434.1 2023  1 19 13 53 27.420  2.1   1
     2432  26.865092  103.246606     5.748    30628.3    -9406.5     -388.2   1297.4   2147.2   2062.0 2023  1 19 14 55 50.830  2.6   1
     2433  26.971810  102.906128     8.768    -3191.3     2418.2     2631.2   1536.7   1517.0   1519.8 2023  1 19 15 25 10.090  3.6   1
     2435  27.081409  103.083130    15.734    14375.6    14562.0     9597.3   2600.3   2214.7   5925.1 2023  1 19 16 57 47.290  2.6   1
     2440  26.987667  102.809033    12.056   -12831.4     4175.2     5919.5   1045.5    948.1   1188.3 2023  1 19 17 50  8.560  3.1   1
     2443  26.573008  103.042269    12.954    10343.4   -41770.0     6818.3   1052.7   1383.9   1265.3 2023  1 19 18 37 36.240  3.7   1
     2447  26.863466  102.943628    11.796      531.7    -9586.6     5659.3   1026.9    812.6    743.2 2023  1 19 22  6 22.960  3.6   1
     2451  26.863944  102.937500    11.895      -76.8    -9533.5     5758.5    779.5    720.2    793.7 2023  1 19 22 42 21.840  3.2   1
     2453  26.930214  102.680330    12.283   -25615.3    -2190.6     6146.6   1589.7   2197.0   2413.7 2023  1 19 23 53 15.560  1.7   1
     2454  27.274445  102.971696     4.708     3314.3    35950.8    -1428.9   1647.0   3064.2   2211.4 2023  1 20  1  0 26.460  2.1   1
     2456  26.839854  102.909668    14.080    -2842.0   -12202.9     7943.6    963.1    879.7    692.3 2023  1 20  5 12 16.740  3.1   1
     2459  26.896547  103.128035    15.508    18848.0    -5921.0     9371.6   2962.4   1667.3   2734.5 2023  1 20  6 33 12.660  2.1   1
     2463  26.992527  102.811670    14.045   -12569.2     4713.7     7908.3   1066.8   1180.4   1116.3 2023  1 20  8 24  0.370  3.4   1
     2464  26.824811  102.907674    25.353    -3040.1   -13869.8    19216.2   1978.6   1106.1    971.2 2023  1 20 11 15 59.630  2.9   1
     2465  26.955391  102.875488    15.729    -6234.5      599.0     9592.1   2923.9   1674.9   1783.3 2023  1 20 11 54 14.840  3.6   1
     2468  27.047030  102.837492     7.295   -10002.9    10752.7     1158.5    884.1    931.0   1292.4 2023  1 20 14 49 58.820  3.6   1
     2472  26.831775  103.146118    13.076    20649.5   -13098.1     6939.7   1544.3   1725.5   1604.2 2023  1 20 16  8 14.920  2.7   1
     2473  26.993447  102.816976     7.086   -12042.3     4815.5      949.3    878.8   1385.5   1062.2 2023  1 20 16 10 14.250  2.5   1
     2476  26.943028  102.886800     8.449    -5111.1     -771.0     2312.7   1980.0   1429.0   2107.5 2023  1 20 16 16 38.180  3.5   1
     2478  26.641781  103.022298    22.318     8354.8   -34150.0    16182.0   1974.1   3463.2   2642.9 2023  1 20 16 38 23.100  3.6   1
     2480  26.917688  102.943815    14.224      550.1    -3578.7     8087.8   1056.8    833.6   1006.4 2023  1 20 16 55 36.370  2.9   1
     2482  26.998873  102.959408    15.908     2098.6     5416.9     9771.8   1175.4   1512.7   1111.2 2023  1 20 17 47 26.860  2.4   1
     2487  26.977840  102.898730    21.906    -3925.7     3086.3    15769.7   3153.8   1946.9   1489.1 2023  1 20 18 16 42.820  3.0   1
     2488  27.051678  102.800602     9.995   -13664.1    11267.8     3858.7    990.8    797.3   1353.2 2023  1 20 18 41 40.800  3.3   1
     2489  26.993748  102.951782     3.665     1340.8     4849.0    -2471.8   2215.6   1833.4   1816.9 2023  1 20 18 54  6.520  2.6   1
     2490  27.113908  102.818815    13.915   -11853.7    18163.1     7778.9   1733.0   1067.7   1556.6 2023  1 20 19  7 17.640  3.4   1
     2491  26.737059  102.971720    22.806     3324.0   -23593.0    16669.3   1076.2   1852.7   1367.6 2023  1 20 19 16  7.020  2.7   1
     2493  27.095632  102.906616    11.177    -3141.2    16137.9     5041.0   1495.6    789.5   1534.3 2023  1 20 19 53 46.680  3.6   1
     2494  27.324412  102.679264    11.689   -25677.0    41487.5     5552.8   1576.0   1523.5   2047.9 2023  1 20 20 12 32.940  3.6   1
     2497  26.939384  102.891130    10.022    -4681.2    -1174.8     3885.6   1051.5    968.4   1186.0 2023  1 20 20 25  2.480  2.8   1
     2498  26.655337  102.992798    16.933     5421.6   -32648.0    10796.1   1161.2   1345.3   1374.8 2023  1 20 20 30 24.560  3.0   1
     2499  26.728682  102.899373    13.993    -3866.1   -24521.1     7856.2   1336.4   1688.0   1411.2 2023  1 20 20 43 15.000  1.3   1
     2505  26.894482  102.888957    12.724    -4898.7    -6149.9     6588.0   3640.6   2247.5   2358.8 2023  1 20 21 35 46.120  1.7   1
     2508  27.052327  102.786589    14.017   -15055.7    11339.8     7881.0   1839.1   1449.9   1797.9 2023  1 20 21 58 54.200  3.0   1
     2510  27.036997  102.804085    13.964   -13319.8     9641.1     7827.2   1089.8   1264.6   1230.6 2023  1 20 22 18 27.080  4.1   1
     2520  27.124597  102.601090     8.437   -33456.2    19347.4     2300.7   1783.0   2095.1   3160.0 2023  1 21 10 12 32.950  3.2   1
     2522  26.979580  102.764339    19.388   -17269.0     3279.1    13251.5   3136.3   1290.2   2266.3 2023  1 21 12 43 51.950  1.9   1
     2528  26.756028  102.985677     7.728     4711.1   -21491.0     1592.0   1055.4   1684.9   1031.5 2023  1 21 14 55 16.830  2.8   1
     2529  26.722819  103.251880    35.281    31172.1   -25170.7    29144.7   2351.5   2531.3   1715.5 2023  1 21 15 38 42.750  1.5   1
     2534  26.758152  103.054557    11.649    11556.9   -21255.7     5513.0   1898.1   1545.9   1710.5 2023  1 21 18 53 25.520  2.8   1
     2536  27.202051  103.010425     3.365     7157.0    27929.5    -2771.6   2622.4   1896.8   2400.9 2023  1 21 18 58 16.340  1.9   1
     2537  26.983344  102.797176    14.599   -14008.6     3696.2     8462.4   1257.7   1196.0   1381.4 2023  1 21 19 43 34.100  3.3   1
     2543  26.985423  102.826188    14.506   -11128.3     3926.4     8369.9   1137.1   1042.2   1065.8 2023  1 21 23 20 39.120  2.4   1
     2544  27.100446  102.833504    10.513   -10397.0    16671.4     4376.3   1824.1   1663.3   2229.1 2023  1 21 23 20 59.640  2.4   1
     2545  26.962537  102.802848    14.764   -13447.0     1390.6     8627.1   1464.1   1240.3   1069.0 2023  1 21 23 34 46.280  3.4   1
     2548  26.884395  102.781038     6.933   -15617.7    -7267.6      796.2   1987.9   1288.1   2270.3 2023  1 22  1 13 32.120  2.5   1
     2551  27.311466  103.161678     2.222    22148.4    40053.1    -3914.1   2067.2   2484.5   2300.9 2023  1 22  2 11 12.740  3.2   1
     2557  27.011835  102.855355    11.873    -8231.4     6853.0     5737.0   1336.6    926.6   1160.3 2023  1 22  4 54  9.810  3.5   1
     2561  26.858842  102.835295     8.337   -10229.4   -10099.0     2200.6   2118.2   1969.4   3671.5 2023  1 22  5 44 11.220  2.9   1
     2570  27.110468  102.860579     9.792    -7709.5    17781.7     3655.6   1328.4    727.7   1211.0 2023  1 22 12 31 33.520  3.8   1
     2573  27.192523  103.104655    21.037    16504.3    26873.7    14900.5   2393.1   1831.2   1642.2 2023  1 22 14  3 24.140  3.2   1
     2576  26.842843  102.905208    14.156    -3284.9   -11871.8     8020.0   1093.4    811.2    727.9 2023  1 22 14 38 34.180  3.1   1
     2580  26.467710  102.353890    33.046   -58151.0   -53437.3    26909.6   1318.3   1335.2   1500.9 2023  1 22 15  3 10.600  2.2   1
     2587  26.976038  103.003573    26.398     6483.1     2886.7    20261.7   2151.0   1869.6   1712.7 2023  1 22 18 20 47.680  2.6   1
     2589  26.540230  103.186776    22.188    24720.5   -45402.0    16051.6   1956.3   2594.3   1641.1 2023  1 22 18 41 17.800  3.1   1
     2590  27.129222  102.847111    11.317    -9044.9    19859.8     5180.9   1344.2    804.9   1020.5 2023  1 22 18 43 58.660  3.3   1
     2591  26.987433  102.698299     6.781   -23825.2     4149.2      644.7   2190.1   2422.2   3860.2 2023  1 22 18 50 39.680  1.4   1
     2595  26.924902  102.931331    11.525     -689.2    -2779.4     5388.8   1111.9    830.8    839.8 2023  1 22 20 25 59.880  2.7   1
     2597  27.081567  102.900326     7.565    -3765.8    14579.6     1428.5   1486.4    743.6   1385.6 2023  1 22 20 55 16.840  2.8   1
     2598  26.737919  103.123901     9.830    18450.2   -23497.7     3693.4   2876.1   1429.9   2040.7 2023  1 22 21  8 14.360  2.2   1
     2601  27.124255  103.077018    15.317    13766.4    19309.6     9180.1   2612.1   1959.0   2590.3 2023  1 22 21 52 39.360  2.6   1
     2606  26.773523  103.066032     4.794    12696.2   -19552.5    -1342.5   2455.4   1569.3   3193.0 2023  1 22 23 17 32.220  2.7   1
     2608  27.123134  102.798283    10.179   -13890.3    19185.4     4042.1   1112.9    734.7   1333.0 2023  1 22 23 57 49.340  3.1   1
     2619  27.199148  102.993066     6.346     5434.9    27607.8      209.4   1868.0   1855.9   1824.9 2023  1 23  6 43 30.470  2.6   1
     2620  27.007570  102.861051     4.603    -7666.2     6380.5    -1533.8   1786.4   1143.4   1510.3 2023  1 23  7 40  5.560  4.1   1
     2622  27.110411  102.849870    11.509    -8771.9    17775.5     5372.8   1721.7   1456.8   1898.6 2023  1 23  8 31 48.760  3.2   1
     2625  26.662602  102.814697    24.184   -12286.2   -31842.8    18047.3   4253.5   2739.5   5701.0 2023  1 23 11  3 15.640  1.5   1
     2630  27.057302  103.142977    15.864    20317.4    11890.8     9728.1   1591.5   1307.6   2498.7 2023  1 23 13 50 46.020  3.2   1
     2632  27.036005  103.085531    19.145    14616.8     9531.1    13009.0   2011.6   1544.4   1994.3 2023  1 23 14 27 18.740  3.2   1
     2633  26.836702  102.909912    13.100    -2817.2   -12552.2     6963.8   1647.4   1384.8   1467.5 2023  1 23 14 57 49.090  3.2   1
     2634  27.120687  102.822591     0.380   -11478.7    18914.1    -5756.7   1745.3   1236.8   3507.7 2023  1 23 15 42 11.250  2.8   1
     2640  27.127842  102.848926     8.651    -8864.8    19706.9     2515.0   1618.4   1031.4   2445.4 2023  1 23 16 38 59.790  3.6   1
     2643  26.494729  103.059383    26.482    12049.8   -50443.7    20345.5   2221.4   2395.3   1672.1 2023  1 23 17 43 23.540  3.0   1
     2649  26.863389  102.925260    17.081    -1292.4    -9595.1    10944.1   1000.3    804.7    694.5 2023  1 23 20  7 57.060  3.1   1
     2654  27.105009  102.845117    14.756    -9243.8    17176.9     8619.7   1103.0    619.4   1019.5 2023  1 23 21 54 10.300  4.3   1
     2664  27.025736  103.073340    12.193    13407.3     8393.3     6057.0   1541.9   2717.1   1735.2 2023  1 24  0 59 36.160  2.8   1
     2670  26.749406  103.035734     9.753     9686.3   -22224.8     3616.4   1702.9   1763.0   1373.8 2023  1 24  3 45 58.170  2.8   1
     2671  27.169600  102.568937     6.319   -36639.1    24334.0      182.4   2035.6   2217.2   4178.9 2023  1 24  3 51 25.320  2.8   1
     2672  27.048480  103.052254     3.265    11312.9    10913.5    -2871.3   1866.7   1520.9   2886.4 2023  1 24  3 57  8.160  2.7   1
     2673  26.933895  102.922591    17.195    -1557.5    -1783.0    11058.8   1451.1   1115.5   1722.2 2023  1 24  4 15 24.140  2.9   1
     2674  27.113662  102.811523    11.482   -12577.0    18135.8     5345.4   1005.5    718.9   1267.4 2023  1 24  5 27  3.620  3.5   1
     2678  27.039421  102.858211    16.758    -7946.7     9909.7    10621.5   2229.6   1315.9   2026.8 2023  1 24  8 18 32.420  2.7   1
     2680  27.084831  103.081885     2.904    14252.2    14941.1    -3232.6   1704.5   1917.9   3104.8 2023  1 24  9 50  5.610  2.8   1
     2682  26.877403  102.879744     3.251    -5813.5    -8042.4    -2885.2   1457.0   1193.0   1771.6 2023  1 24 10  7 40.410  2.4   1
     2686  26.724760  103.041504    13.224    10260.7   -24955.6     7088.0    989.1   1260.4   1119.7 2023  1 24 11 11 23.350  3.1   1
     2687  27.105027  103.045630    13.764    10653.3    17178.9     7627.6   3039.9   3287.5   3711.8 2023  1 24 11 20 41.600  3.1   1
     2689  26.712469  102.840129    14.226    -9755.6   -26317.5     8089.5   6176.6   1739.5   2322.3 2023  1 24 12 44  6.130  3.4   1
     2693  27.265141  103.248022    29.144    30715.1    34920.0    23007.9   1987.2   2733.2   1875.2 2023  1 24 13 44 22.140  3.4   1
     2695  26.845658  102.831787     7.735   -10579.2   -11559.7     1599.1   2496.3   1395.4   2813.9 2023  1 24 14 40 41.650  3.2   1
     2696  26.925407  103.098047    30.393    15867.5    -2723.4    24256.5   2057.5   1267.3   1652.2 2023  1 24 14 53 11.210  1.1   1
     2697  26.988434  102.882113     8.356    -5575.8     4260.2     2219.3   1128.5    850.9    937.4 2023  1 24 16 18 14.540  3.7   1
     2699  26.647599  102.926660    12.565    -1154.4   -33505.2     6428.8   2177.5   2415.3   2440.7 2023  1 24 16 53 16.460  3.5   1
     2700  26.980098  102.934945     8.772     -330.3     3336.5     2635.3   1299.8   1226.5   1079.1 2023  1 24 17  6 42.280  4.3   1
     2702  26.843272  102.883016    21.861    -5489.7   -11824.2    15724.8   1428.0   1224.2    876.4 2023  1 24 18 12 24.680  3.1   1
     2703  26.842944  102.934172    14.139     -407.8   -11860.5     8002.6    746.8    644.1    612.9 2023  1 24 18 28 40.720  5.3   1
     2705  26.845559  102.936312    10.206     -194.7   -11570.7     4069.4   1297.9    995.0   1098.8 2023  1 24 18 39  8.100  3.5   1
     2706  26.842421  102.943408    12.952      509.8   -11918.4     6815.6    851.4    650.0    660.6 2023  1 24 19  2 19.360  4.5   1
     2708  26.762929  102.966829    33.934     2838.1   -20726.4    27797.7   1307.9   1278.9   1051.9 2023  1 24 19  9 49.140 -0.4   1
     2709  26.840175  102.934741     7.733     -351.1   -12167.4     1596.2   2129.9   1861.5   3004.8 2023  1 24 19 16 39.160  3.5   1
     2711  26.888875  102.877091    11.255    -6076.8    -6771.1     5118.8   3137.8   2485.2   1846.8 2023  1 24 20 15  2.840  2.1   1
     2713  26.531862  103.044865    22.072    10603.5   -46329.2    15935.2   1768.7   1867.5   1162.4 2023  1 24 21 41 54.200  2.4   1
     2717  27.158110  102.735669    15.655   -20100.2    23060.6     9518.8   1087.2    938.2   1599.6 2023  1 24 23 32 46.820  3.7   1
     2718  26.810327  102.783089    13.517   -15419.1   -15474.6     7380.9   1384.1   1907.0   1838.5 2023  1 24 23 32 49.920  3.5   1
     2720  26.498867  102.978988    10.985     4050.6   -49985.1     4849.0   1121.1   1408.0   1449.4 2023  1 24 23 44 49.420  3.2   1
     2725  27.230998  102.631982    11.730   -30376.7    31136.9     5593.9   1866.2   2143.3   3143.9 2023  1 25  1  1 45.630  3.6   1
     2726  26.958555  102.820801     6.543   -11664.2      949.6      406.4   1371.5   1992.4   2804.9 2023  1 25  2  1 48.020  1.4   1
     2727  27.016840  102.802409     7.789   -13486.9     7407.7     1652.3   1379.0   1622.4   1625.6 2023  1 25  2 29 32.970  3.4   1
     2729  26.860215  102.918612    13.536    -1953.5    -9946.7     7399.5   1007.9    754.7    607.6 2023  1 25  2 54 46.450  3.1   1
     2735  26.920178  102.921590     5.543    -1656.8    -3302.8     -593.8   1008.1   1008.4    893.1 2023  1 25  7  1 11.130  2.1   1
     2737  26.887728  102.954932     6.284     1655.0    -6898.3      148.0   1131.7   1050.2   2294.7 2023  1 25  9 11 23.170  2.4   1
     2738  27.023069  102.854167     5.235    -8348.8     8097.9     -901.1   2226.4   2259.0   2801.1 2023  1 25  9 13 17.260  0.7   1
     2746  27.282833  103.092407     3.225    15283.1    36880.4    -2911.7   2052.5   2798.3   4020.7 2023  1 25 12 37  2.990  3.5   1
     2748  26.969086  102.915918     8.540    -2219.8     2116.4     2404.0    908.3    815.1    953.7 2023  1 25 12 51 58.640  3.5   1
     2749  26.537113  102.987118    10.337     4859.2   -45747.3     4200.1   1463.6   1863.7   1650.8 2023  1 25 13 56 19.520  3.0   1
     2751  26.973476  102.919287     8.809    -1885.2     2602.9     2672.5    942.3    759.4    841.1 2023  1 25 14  8 38.810  3.4   1
     2754  26.498147  102.989006    10.230     5047.6   -50065.0     4093.9   1098.0   1449.2   1632.3 2023  1 25 14 54 48.050  3.8   1
     2755  26.973781  102.937549     3.040      -71.8     2636.7    -3096.3   1655.0   1418.1   1803.5 2023  1 25 15  6 20.620  3.3   1
     2756  26.959947  102.934644     7.981     -360.1     1103.7     1844.9   1022.3    788.8   1007.3 2023  1 25 15 29  8.450  3.3   1
     2757  27.007365  102.917896     9.877    -2023.0     6357.7     3740.2   1151.9    877.2    842.6 2023  1 25 15 48 38.800  3.1   1
     2758  26.849536  102.855379     2.992    -8234.6   -11130.1    -3143.9   2075.7   1332.7   3125.7 2023  1 25 16 14 14.070  0.8   1
     2759  27.140934  102.810628     7.239   -12664.5    21157.7     1102.7    899.5    685.3   1448.4 2023  1 25 16 41 11.500  1.9   1
     2762  26.958335  102.805745    13.068   -13159.5      925.2     6931.8   1147.0   1176.1   1632.0 2023  1 25 17 38 26.140  2.5   1
     2769  26.923092  103.004541    25.604     6580.8    -2980.0    19467.7   1959.1   2271.6   1958.1 2023  1 25 19  6 32.980  2.0   1
     2771  26.836092  102.872274     0.837    -6556.6   -12619.8    -5299.4   1902.0   1334.1   3700.0 2023  1 25 19 33 16.700  0.8   1
     2772  27.119450  103.271273     1.950    33042.1    18777.0    -4186.8   3554.2   2307.0   5709.7 2023  1 25 20  4  7.580  2.6   1
     2773  27.322725  102.961556    11.199     2307.8    41300.6     5062.5   1412.4   1420.1   1433.2 2023  1 25 20  6 44.000  3.7   1
     2774  26.762032  102.953101    34.942     1473.7   -20825.7    28805.8   1489.7   1962.7   2946.0 2023  1 25 20  9 53.960 -0.3   1
     2775  26.957117  103.018791    23.707     7994.9      790.2    17570.3   1782.7   1875.8   1279.3 2023  1 25 20 13 25.860  4.3   1
     2776  27.175800  103.088501     3.164    14902.8    25020.7    -2972.2   2514.1   2219.6   4069.7 2023  1 25 20 21 23.800  3.2   1
     2777  27.071187  102.907568    19.727    -3047.5    13429.4    13590.7   1594.5   1195.4   1294.6 2023  1 25 20 32 35.540  3.4   1
     2778  27.030518  103.738444    44.571    79428.0     8923.2    38434.3   3609.1   3596.7   4512.2 2023  1 25 20 46 22.960  0.2   1
     2779  27.295154  103.048169    24.025    10895.8    38245.5    17888.6   3370.2   2257.0   2034.6 2023  1 25 20 52 31.320  3.5   1
     2780  26.501941  103.028971    16.359     9023.8   -49644.4    10222.6   1034.6   1544.3   1170.8 2023  1 25 20 56 11.560  3.3   1
     2783  27.033057  103.101457    34.062    16198.3     9204.5    27925.1   3179.7   3215.0   2185.7 2023  1 25 21  6 55.080  2.8   1
     2785  26.966636  102.792131    39.224   -14510.5     1844.8    33087.7   2700.5   3947.9   2058.6 2023  1 25 21 33 47.900  3.9   1
     2786  27.264939  102.881445    14.194    -5635.3    34897.8     8057.8   1724.3   2083.3   1241.2 2023  1 25 21 45 11.720  2.0   1
     2790  26.726780  103.006535    12.021     6784.7   -24731.8     5884.8   1017.4   1120.2   1266.0 2023  1 25 22 18 21.720  4.1   1
     2794  27.411922  102.923877    15.554    -1426.6    51183.7     9417.8   2528.0   2691.5   1798.5 2023  1 25 22 32 56.280  2.5   1
     2795  27.425342  102.791895    57.986   -14504.6    52670.7    51849.7   7553.4   5203.4   4177.0 2023  1 25 22 41 11.660  3.3   1
     2796  27.326385  102.982544    45.552     4388.9    41706.1    39415.3   6434.7   3569.5   1549.0 2023  1 25 22 55 54.200  3.0   1
     2799  27.229464  102.900309     9.763    -3764.8    30966.8     3626.3   1185.2   1220.1   1471.2 2023  1 25 23 12 57.200  2.8   1
     2804  26.740869  102.895589    13.576    -4242.7   -23170.6     7439.3   1067.7   1344.8   1365.7 2023  1 25 23 33 14.880  3.5   1
     2805  27.380532  102.876221    15.124    -6150.3    47705.5     8988.1   2105.8   1756.2   1916.6 2023  1 25 23 33 41.920  4.4   1
     2806  26.887862  102.926261    14.551    -1193.0    -6883.4     8414.1   2242.2   2550.1   2131.5 2023  1 26  0 23 53.620  2.5   1
     2808  26.962785  102.828760     3.016   -10874.2     1418.1    -3120.1   1341.7   2904.5   2947.7 2023  1 26  1  3 17.230  1.9   1
     2810  27.385541  102.844727     4.671    -9271.5    48260.6    -1465.6   1554.3   1438.5   3310.8 2023  1 26  1 14 37.110  3.1   1
     2812  26.978404  102.870768     8.307    -6702.4     3148.8     2170.5   1892.5   1601.0   1446.5 2023  1 26  1 32 51.440  2.8   1
     2813  26.728890  102.997127    11.472     5849.7   -24497.9     5335.9   1104.1   1488.5   1074.5 2023  1 26  2  7 33.290  3.4   1
     2816  26.846816  102.809066     7.520   -12835.6   -11431.4     1383.4   1944.5   1158.1   2335.7 2023  1 26  3 42 17.800  3.0   1
     2823  26.982347  102.907072    18.373    -3097.4     3585.7    12236.6   1432.0   1147.0   1298.1 2023  1 26  8 13 13.850  1.8   1
     2826  26.990908  102.816512    14.542   -12088.9     4534.2     8405.2   1080.8   1226.9   1090.3 2023  1 26  8 57 51.390  3.5   1
     2827  27.161334  102.808643     5.485   -12860.5    23418.0     -651.3   2024.1   3017.0   5393.4 2023  1 26  9  1 50.390  4.0   1
     2829  26.902191  103.006405    13.690     6766.9    -5295.7     7553.7   1242.1   1655.9    831.5 2023  1 26 10 15 33.030  3.2   1
     2830  27.160728  102.951286     1.066     1290.6    23350.8    -5070.6   3959.1   1653.1   2866.3 2023  1 26 10 57 59.800  2.8   1
     2831  27.440059  103.070565    14.729    13108.0    54301.6     8592.2   1807.7   1076.6   1293.7 2023  1 26 11  7 16.930  4.2   1
     2832  27.438605  103.099227    12.705    15947.9    54140.3     6568.7   1704.4   1337.3   1804.4 2023  1 26 12 17 52.050  4.0   1
     2834  27.473372  103.115755     3.560    17582.8    57992.7    -2576.7   5976.4   3889.3   6942.5 2023  1 26 16  3 30.150  3.9   1
     2836  27.138281  103.038940     4.058     9988.3    20863.7    -2078.6   2126.4   1731.0   3281.9 2023  1 26 16 54 26.770  3.3   1
     2838  27.367529  102.841390    11.654    -9603.1    46265.0     5517.4   2279.2   2088.6   4084.9 2023  1 26 17 21 37.660  3.7   1
     2842  26.598547  103.064762    10.419    12580.0   -38940.2     4282.3   1278.7   1484.5   1209.3 2023  1 26 18 20 19.960  3.3   1
     2844  27.117169  102.765641     9.888   -17129.4    18524.4     3751.4   1080.8    893.9   1576.7 2023  1 26 18 35 29.480  3.1   1
     2845  27.013645  102.836637    24.163   -10089.7     7053.7    18026.8   4033.5   3364.1   1708.7 2023  1 26 19  0 30.240  2.5   1
     2847  27.216768  103.321761    12.891    38035.2    29560.1     6754.1   1386.0   1807.6   3563.2 2023  1 26 20  4 23.880  5.6   1
     2848  26.712563  103.061751    30.325    12273.9   -26307.1    24188.9   1648.7   2235.5   1425.4 2023  1 26 20 10  7.120  3.4   1
     2851  26.940572  102.903613    10.003    -3442.1    -1043.0     3866.2   1942.7   1667.2   1315.7 2023  1 26 20 34 54.440  2.6   1
     2852  26.887189  102.955583    22.237     1718.9    -6958.1    16100.7   1213.2   1113.2    992.6 2023  1 26 20 41 46.000  2.9   1
     2853  26.743864  102.956283    11.653     1789.7   -22838.9     5516.9   1825.3   3432.0   2359.6 2023  1 26 20 53 58.640  1.7   1
     2858  27.075653  102.929370    10.965     -883.9    13924.2     4829.0   4640.3   3241.9   3297.9 2023  1 26 23 12 37.340  2.8   1
     2859  27.210331  102.508040    27.434   -42673.0    28847.0    21298.1   2446.5   2734.6   2608.7 2023  1 26 23 33 45.900  2.9   1
     2866  27.189948  102.803621    15.973   -13356.9    26588.3     9836.4   2736.5   2885.3   2309.6 2023  1 27  2 48 38.850  3.4   1
     2868  26.872689  102.924162    12.044    -1401.5    -8564.8     5907.6   1074.6    773.9    630.0 2023  1 27  3  4  5.290  3.2   1
     2870  26.923409  103.094914     2.249    15555.9    -2944.7    -3887.1   3645.9   1539.8   2705.4 2023  1 27  4 50  4.880  3.2   1
     2872  27.047278  103.069092    17.943    12984.3    10780.2    11806.3   2915.4   2775.8   3297.9 2023  1 27  5 30 43.640  3.4   1
     2876  26.868656  102.950960    13.738     1260.0    -9011.5     7601.2    922.7    678.1    666.9 2023  1 27  6 13 52.750  3.3   1
     2877  26.691254  103.021851    14.429     8308.4   -28668.3     8292.6   1582.2   1306.7   1332.1 2023  1 27  6 25 49.430  3.5   1
     2878  26.952022  102.971769     7.810     3325.7      225.5     1673.8   1964.4   2373.3   2638.0 2023  1 27  7 22 12.700  2.3   1
     2883  26.849695  102.858936    15.377    -7881.9   -11112.5     9240.5   2103.9   1106.0   1259.5 2023  1 27  8 51 46.310  3.2   1
     2889  26.989016  102.820752    12.654   -11667.6     4324.5     6517.9   1275.1    764.4   1182.3 2023  1 27 10 58 34.340  3.6   1
     2892  27.006340  103.059375    11.942    12022.2     6244.2     5806.1   1375.5   1186.2   1710.1 2023  1 27 11 10  5.580  3.3   1
     2895  26.978963  102.895435     9.554    -4253.6     3210.8     3418.0   1032.2    929.2    924.8 2023  1 27 12  9 22.740  3.3   1
     2898  26.977926  102.925448     8.801    -1273.5     3095.8     2664.1    859.3    806.5    830.0 2023  1 27 13 50 19.660  3.3   1
     2899  26.957908  102.924634    14.295    -1354.6      877.8     8158.8   2502.2   1488.0   4142.2 2023  1 27 14  5  8.470  2.4   1
     2900  26.957412  103.042952    29.016    10394.4      822.8    22879.3   3205.2   1719.2   1348.1 2023  1 27 14 24 47.620  2.7   1
     2901  27.119749  102.711434    17.060   -22507.9    18810.3    10924.0   1152.2   1502.2   1682.1 2023  1 27 15 19 12.700  2.3   1
     2903  26.993250  102.805534    12.309   -13178.1     4793.7     6172.8   1164.1    863.5   1027.5 2023  1 27 15 32  4.800  2.5   1
     2904  26.991345  102.830859    13.757   -10663.9     4582.6     7620.2    980.7    993.1   1124.2 2023  1 27 15 33 31.920  3.2   1
     2906  26.659019  102.984749     7.234     4621.2   -32239.9     1097.5   2272.6   1686.4   3727.4 2023  1 27 15 52 39.090  2.9   1
     2907  27.198887  102.919824    22.001    -1830.2    27578.8    15865.1   7080.6   5272.3   3101.9 2023  1 27 16  0 57.920  2.8   1
     2908  27.271303  103.042212    16.608    10306.3    35602.7    10471.5   3264.3   1757.2   2395.0 2023  1 27 16  9  4.880  3.0   1
     2917  27.043998  102.756836     4.251   -18009.1    10416.8    -1885.0   2110.5   2572.2   2635.2 2023  1 27 18 35 17.800  1.3   1
     2918  27.166754  102.633805    12.291   -30204.5    24018.5     6154.8   2197.5   2051.0   2676.0 2023  1 27 18 37 16.940  2.2   1
     2919  27.017220  102.698039    13.569   -23848.2     7449.7     7432.1   2057.4   2020.0   2355.2 2023  1 27 19  4  7.400  3.0   1
     2922  27.108763  102.860522     9.543    -7715.6    17592.9     3406.4    913.4    624.1    960.4 2023  1 27 20 21  5.380  3.1   1
     2925  26.976632  103.030176     6.861     9124.4     2952.4      724.6   2121.4   2413.2   4199.3 2023  1 27 21 17 31.860  2.8   1
     2927  26.807845  103.138224     6.366    19867.1   -15749.6      229.3   2616.9   2283.3   3954.2 2023  1 27 22 16 43.840  2.1   1
     2929  27.022569  102.774406    13.931   -16266.9     8042.3     7794.4   1608.8   1640.2   1390.6 2023  1 27 23 50 57.520  3.2   1
     2931  27.213627  102.995150    11.425     5641.4    29212.2     5288.6   2741.9   1832.1   2168.1 2023  1 28  0 29  4.370  2.9   1
     2933  26.997876  102.906730     2.599    -3131.8     5306.5    -3537.4   1209.7   1826.5   1416.5 2023  1 28  0 47 21.230  1.8   1
     2936  26.825146  102.966829    14.310     2836.9   -13832.5     8173.5    637.8    701.6    780.2 2023  1 28  2  0 52.420  3.3   1
     2937  27.118243  103.045605     4.781    10649.8    18643.5    -1355.7   3428.3   2045.7   3116.1 2023  1 28  2 23 35.820  3.4   1
     2938  26.801518  102.941732    19.689      343.9   -16450.8    13552.2    836.7    892.2    675.7 2023  1 28  2 39 18.540  2.6   1
     2941  27.164235  103.238444    20.966    29778.9    23739.5    14829.8   2241.9   2136.4   1419.9 2023  1 28  3  0 38.340  3.7   1
     2942  27.200547  103.196338    24.342    25597.5    27762.8    18205.9   2614.8   1656.0   3183.9 2023  1 28  3 31 45.120  2.8   1
     2944  27.015621  102.799683     7.964   -13758.0     7272.5     1827.9   1896.3   1668.1   2335.5 2023  1 28  4 30 22.120  2.3   1
     2945  27.307259  102.859025    17.527    -7857.0    39586.8    11390.2   2615.1   2693.7   2216.4 2023  1 28  4 48 33.100  3.1   1
     2956  26.892952  102.870858    10.454    -6696.2    -6319.5     4318.0   1897.6   1972.0   1244.5 2023  1 28 10 40 14.790  2.7   1
     2958  26.972457  102.796859    14.367   -14041.1     2489.8     8230.2   1159.4   1552.4   1193.6 2023  1 28 11 46 10.310  3.4   1
     2959  27.255328  103.000863    19.249     6206.6    33832.7    13113.1   3694.8   2290.3   2045.7 2023  1 28 11 52 12.810  3.4   1
     2964  26.923460  102.899951     6.344    -3806.1    -2939.1      207.3    864.3    684.4    933.8 2023  1 28 12 13 23.580  3.3   1
     2966  27.194810  103.003540     3.134     6473.8    27127.1    -3002.4   2901.3   2047.3   3265.8 2023  1 28 14 15 37.110  2.1   1
     2970  27.014140  102.823690    14.972   -11375.0     7108.4     8835.7    965.1   1043.6   1103.1 2023  1 28 16 10 17.490  3.4   1
     2973  27.245363  103.111743     3.147    17203.2    32728.5    -2989.4   2611.7   2763.1   4231.6 2023  1 28 17  1 40.880  2.2   1
     2975  27.014095  102.807878    12.314   -12944.9     7103.5     6177.7   1127.3   1180.3   1220.9 2023  1 28 17 16 52.620  2.7   1
     2979  27.062901  103.312109    44.274    37103.1    12511.2    38137.2   1521.3   2097.6  12625.5 2023  1 28 19 24  6.920  3.8   1
     2982  26.931734  102.897021     9.911    -4096.5    -2022.3     3774.2    912.2    763.0    890.9 2023  1 28 19 57 32.200  3.4   1
     2983  26.823185  103.002230     9.402     6354.4   -14049.9     3265.4   2605.9   1786.4   2594.1 2023  1 28 20  3 15.040  1.2   1
     2984  27.084878  102.843994    13.286    -9356.1    14946.4     7149.2   1395.4    922.0   1275.0 2023  1 28 20 38 28.600  3.2   1
     2985  26.876969  103.146240    13.469    20657.7    -8090.3     7332.1   2774.3   2079.3   2763.3 2023  1 28 21  4 15.840  1.8   1
     2986  27.293650  103.037142    16.679     9802.5    38079.0    10543.0   1887.6   1502.8   1671.3 2023  1 28 21 11  2.480  2.6   1
     2987  26.879978  102.856388    21.265    -8133.5    -7756.9    15128.6   2829.2   1817.2   1994.9 2023  1 28 21 28 22.960  2.2   1
     2989  26.973842  102.908236    15.562    -2982.7     2643.5     9425.2   1517.5   1689.2   1291.3 2023  1 28 21 59 37.140  3.2   1
     2990  27.387518  102.768083    24.288   -16866.9    48479.8    18151.4   2101.8   2308.6  11343.4 2023  1 28 22  0  5.560  3.3   1
     2995  26.950287  102.934587     9.873     -366.4       33.4     3736.3   1042.3   1191.4   1630.6 2023  1 29  1  1 38.610  3.2   1
     2996  27.106081  102.865780     9.833    -7193.3    17295.8     3697.1   3796.8   2157.8   2764.7 2023  1 29  1  4 43.680  3.8   1
     2998  26.682045  102.943498    41.360      519.7   -29688.6    35223.3   1895.9   2213.5   2422.2 2023  1 29  1  9 49.050  2.5   1
     3002  26.813745  103.115259     8.452    17584.8   -15095.7     2316.1   4364.2   2536.9   7533.7 2023  1 29  3  4  5.630  3.2   1
     3003  27.109774  103.093717    19.924    15425.0    17705.0    13787.9   1525.6   1168.0   1200.9 2023  1 29  5 21 27.670  3.7   1
     3010  27.154486  102.869596    15.790    -6813.4    22659.1     9653.3   2274.5   1719.7   1991.3 2023  1 29  9 12 25.110  3.0   1
     3014  27.047422  102.874561    18.654    -6323.5    10796.3    12517.1   1649.5   1088.0   1470.5 2023  1 29 11 19 28.060  4.0   1
     3016  27.291229  102.898071    19.492    -3986.0    37810.7    13355.6   1857.7   1476.8    835.3 2023  1 29 11 55 33.760  3.1   1
     3018  26.990468  103.048096    11.058    10903.6     4485.5     4921.1   3089.1   3699.4   6803.1 2023  1 29 12 37 13.500  2.6   1
     3021  26.984745  102.917961     4.878    -2016.7     3851.5    -1257.9   2188.6   1780.7   2139.2 2023  1 29 13 31 25.670  2.2   1
     3022  26.716549  103.014209    11.007     7547.7   -25865.4     4870.6   1342.8   1410.6   1244.6 2023  1 29 13 41  6.720  3.2   1
     3025  27.006584  102.797420    16.977   -13982.9     6271.1    10840.8   3080.0   1607.4   3874.9 2023  1 29 15  3 13.780  0.8   1
     3026  27.022329  102.778345    17.118   -15875.8     8015.8    10981.1   1238.7   1395.3   1381.7 2023  1 29 16 21 19.480  3.0   1
     3027  27.206653  102.712174    14.679   -22426.1    28439.3     8542.4   3327.2   2165.2   3724.7 2023  1 29 16 21 43.620  1.9   1
     3028  26.593034  103.121029    16.982    18175.9   -39551.3    10845.3   1117.9   1544.3   1119.5 2023  1 29 16 38 20.180  3.1   1
     3031  26.433441  103.002173     9.573     6359.8   -57234.6     3436.3   1438.0   1459.9   1699.2 2023  1 29 18 18 40.860  2.7   1
     3039  27.190865  103.157902     8.175    21786.1    26690.1     2038.9   1506.9   2450.8   4048.1 2023  1 29 20 13 29.160  2.8   1
     3042  27.115299  102.750431     7.298   -18639.3    18317.2     1161.5   3661.5   2197.0   3040.7 2023  1 29 20 41  5.560  1.4   1
     3045  26.884568  102.938420    15.082       14.3    -7248.5     8945.7    929.3    840.6    802.8 2023  1 29 22 13  6.640  3.5   1
     3047  26.863977  102.948039     8.771      970.4    -9529.9     2635.0   1115.5    942.8   1084.2 2023  1 29 22 51 44.600  3.2   1
     3048  26.853670  102.938200     6.671       -7.0   -10672.0      534.6   1142.5   1236.4   1183.7 2023  1 29 22 58 39.740  3.2   1
     3049  27.258057  102.982137     0.198     4349.9    34135.0    -5938.7   1634.4   2344.4   3119.2 2023  1 30  0  4 58.880  2.9   1
     3053  27.368695  103.108024    12.093    16825.4    46394.2     5956.4   1787.3   3648.2   4636.5 2023  1 30  3  8 16.940  3.1   1
     3056  26.389547  102.865601    16.915    -7233.8   -62098.1    10778.8   3007.0   3386.8   3190.5 2023  1 30  4  8  2.650  3.0   1
     3060  26.900480  102.966097    11.923     2763.6    -5485.3     5786.9   1079.9    920.3    927.9 2023  1 30  7 18 55.250  3.1   1
     3068  26.857096  102.941659    12.881      336.1   -10292.3     6745.0   1104.5   1003.4    929.2 2023  1 30 10 44 55.510  3.2   1
     3069  26.774272  103.038062     2.785     9916.6   -19469.5    -3351.9   1664.8   1852.5   1816.5 2023  1 30 10 52 18.940  2.7   1
     3070  27.157625  103.129956     7.371    19016.6    23007.0     1234.9   1741.1   2103.9   4038.2 2023  1 30 11  6 47.380  3.9   1
     3071  27.003890  102.894100     4.717    -4385.3     5972.8    -1419.5   2306.1   1683.8   3294.9 2023  1 30 11 30 15.280  2.7   1
     3073  26.836947  102.944214     9.658      590.3   -12525.0     3522.0    711.5    696.0    718.9 2023  1 30 12  1 48.770  3.0   1
     3077  26.856370  102.941341    15.868      305.1   -10372.9     9731.4    744.6    720.9    719.3 2023  1 30 12 26 51.580  3.5   1
     3078  26.912472  102.945101    12.037      678.0    -4156.6     5900.6   1459.1   1975.9   1606.3 2023  1 30 12 30 57.860  2.9   1
     3080  26.829360  102.636808    36.110   -29950.7   -13365.6    29973.6   2652.9   3737.5   2442.0 2023  1 30 13  9 19.720  3.1   1
     3084  26.866182  103.001115    23.156     6242.1    -9285.7    17019.3   1842.1   1981.4   1659.1 2023  1 30 13 55  3.130  2.5   1
     3088  26.965029  103.140845     4.163    20114.2     1666.9    -1973.5   2376.0   1983.5   6435.6 2023  1 30 14 57 18.630  2.2   1
     3092  26.940517  103.018351    12.695     7951.9    -1049.2     6559.0   1785.7   2569.0   1573.1 2023  1 30 19  2 49.420  2.7   1
     3095  26.949127  102.835539    15.179   -10201.1      -95.2     9043.0   1093.6    857.0   1117.1 2023  1 30 21 27  4.160  3.8   1
     3097  26.985940  102.864982    12.726    -7276.3     3983.9     6589.5   1069.1    860.6    987.3 2023  1 30 21 54 14.160  2.8   1
     3101  26.859149  102.961694     6.814     2326.7   -10065.0      677.5   1429.8   1279.3   1788.2 2023  1 30 23 34 55.420  2.2   1
     3102  26.451862  102.996533    15.133     5798.1   -55193.5     8996.1   1064.3   1382.0    830.1 2023  1 30 23 54 50.600  3.8   1
     3103  26.453605  102.825448    29.535   -11227.9   -55000.3    23398.8   2666.1   2306.0   1880.9 2023  1 30 23 57  8.280  3.0   1
     3104  27.271202  102.611198     4.163   -32432.1    35591.5    -1973.3   2492.2   2366.9   3843.0 2023  1 31  0 13 59.110  3.0   1
     3105  26.687417  103.144466     6.257    20498.7   -29093.4      120.5   1848.1   1292.5   2865.9 2023  1 31  0 40 34.940  3.0   1
     3109  26.650987  103.145858     2.249    20640.3   -33129.9    -3887.6   2044.2   1840.9   2988.0 2023  1 31  2 39  1.250  3.3   1
     3111  26.726257  102.966431    17.381     2798.9   -24789.7    11244.5   1170.9   1314.9   1202.4 2023  1 31  4 35 54.090  2.4   1
     3112  27.233492  102.925928     4.427    -1224.2    31413.2    -1709.1   2899.5   1363.2   2497.8 2023  1 31  4 42 30.280  2.4   1
     3113  27.153013  103.112256    13.435    17260.8    22496.0     7299.1   1825.7   1303.4   1532.8 2023  1 31  7  0 35.670  3.4   1
     3116  27.266799  102.869702     6.660    -6799.6    35103.7      523.4   1478.3   2331.0   1834.8 2023  1 31  7 39 44.420  2.5   1
     3123  26.727702  102.962394     7.174     2397.7   -24629.7     1037.2   2052.3   1774.2   3919.6 2023  1 31  9 18  8.250  2.7   1
     3124  26.859621  102.899666    39.477    -3835.2   -10012.6    33340.9   2234.6   2037.1   2002.7 2023  1 31  9 47  7.120  3.1   1
     3130  27.235006  103.140470     2.902    20052.8    31580.9    -3234.3   2339.4   2163.2   3676.8 2023  1 31 11 58 12.950  3.3   1
     3136  26.625602  103.008757    12.091     7009.2   -35942.5     5954.3   1170.8   1229.0   1331.5 2023  1 31 16 27 59.290  3.8   1
     3140  26.883405  102.922176     8.247    -1598.7    -7377.4     2110.1   1084.2    789.5    912.0 2023  1 31 17  3 23.640  3.8   1
     3141  27.008824  102.925439    13.236    -1274.3     6519.4     7099.2   5441.4   5259.6   3245.1 2023  1 31 17 15 58.240  2.4   1
     3146  27.249465  102.982642    14.526     4400.0    33183.1     8389.6   2095.5   1730.3   1739.4 2023  1 31 19  3 35.840  3.5   1
     3151  26.996362  102.770597    18.064   -16646.9     5138.6    11927.7   1425.3   1316.6   1396.7 2023  1 31 19 46 29.480  1.8   1
     3152  27.024249  102.942822     1.873      451.6     8228.7    -4263.1   1050.6    965.3   1517.8 2023  1 31 19 52 21.760  2.3   1
     3153  26.929659  102.913102     8.595    -2499.6    -2252.3     2458.5   1107.4    784.7    785.7 2023  1 31 20 31 50.780  2.5   1
     3155  26.849438  102.815723     9.799   -12174.8   -11140.9     3662.2   2235.6   1296.2   2438.6 2023  1 31 20 59 14.080  0.7   1
     3156  26.963365  102.913957     9.695    -2414.4     1482.4     3558.3    865.7    723.4    865.8 2023  1 31 21 28 23.660  2.7   1
     3160  26.945038  102.911995    10.944    -2609.8     -548.2     4807.2   1169.8   1031.6    964.0 2023  1 31 22 18 58.560  2.6   1
     3161  26.927124  102.900838     6.663    -3717.8    -2533.1      526.7    784.4    803.7    979.3 2023  1 31 22 23 52.560  2.7   1
     3175  27.046082  103.176237    17.388    23619.7    10647.7    11252.0   1542.0   1761.3   2251.0 2023  2  1  7 40 48.000  3.9   1
     3178  26.948700  102.902222     8.018    -3580.2     -142.5     1881.6    841.1    838.7    957.8 2023  2  1  8 53 40.230  3.3   1
     3183  27.127614  102.874902     5.467    -6287.8    19681.8     -668.9   1533.1   1173.9   2025.4 2023  2  1 10 35 39.330  3.0   1
     3197  27.022878  102.798071    23.313   -13917.5     8076.6    17176.1   4620.8   2393.8   3043.8 2023  2  1 16 36 59.180  2.3   1
     3198  26.705001  103.067961     7.445    12892.0   -27144.9     1308.2   2283.9   1842.2   3144.9 2023  2  1 18 41 17.000  1.5   1
     3199  27.008944  102.807349     5.337   -12997.6     6532.7     -799.1   1317.8   1120.7   1483.9 2023  2  1 19 32 33.220  2.8   1
     3204  27.308624  102.964038    19.873     2554.6    39738.0    13736.2   2198.6   1877.7   1647.1 2023  2  1 21 43  9.300  2.3   1
     3205  26.994466  102.869995     5.531    -6778.9     4928.6     -605.7   1635.7   1304.4   1656.3 2023  2  1 21 43 10.840  1.7   1
     3206  27.113088  102.811678     6.379   -12561.6    18072.2      242.8    968.5    705.8   1384.5 2023  2  1 21 53 51.380  2.9   1
     3207  26.804708  102.993099    13.251     5448.0   -16097.2     7114.8   1268.9   2030.9   1783.5 2023  2  1 22 52 55.280  2.9   1
     3211  27.087596  103.533813    40.321    59100.8    15247.4    34184.9   1976.3   2355.8   3228.0 2023  2  2  1 14 38.300  4.6   1
     3214  27.319399  102.704183    16.472   -23207.5    40931.9    10335.2   1632.2   1827.9   2153.0 2023  2  2  2 17 57.960  3.0   1
     3218  27.003363  102.937028     8.894     -123.7     5914.3     2757.4   1200.8    965.1    799.0 2023  2  2  3 50 12.390  3.2   1
     3219  26.975926  102.953369     6.791     1498.8     2874.2      654.9   1096.7   1184.6   1062.7 2023  2  2  4 41  3.020  2.7   1
     3225  26.959458  102.898185    11.474    -3980.4     1049.7     5337.2   1501.1    966.8    935.3 2023  2  2  8  2 15.020  2.7   1
     3226  26.876715  102.999528    10.823     6084.1    -8118.5     4686.6   4517.3   2749.6   4434.7 2023  2  2  8 21 14.930  2.3   1
     3231  26.625954  102.992350    40.991     5377.2   -35903.5    34855.0   2142.3   2434.6   2050.7 2023  2  2 11 55  1.030  3.4   1
     3234  27.181061  103.141748    14.932    20184.6    25603.7     8796.1   2249.7   2063.3   2026.1 2023  2  2 12 38 10.580  4.0   1
     3239  26.820081  102.807104    17.089   -13032.1   -14393.7    10953.1   1471.5   1127.3   1545.6 2023  2  2 14  7 31.990  3.3   1
     3243  26.854077  102.931242    11.810     -698.3   -10626.9     5673.8   1783.2   1253.9   1259.4 2023  2  2 14 48 48.610  2.8   1
     3245  27.158724  103.305884     5.746    36469.6    23128.7     -390.8   1366.5   1656.5   2374.7 2023  2  2 15  8 25.040  5.5   1
     3246  27.196672  103.331934    16.323    39047.5    27333.5    10187.1   1942.2   1620.9   3149.3 2023  2  2 15 14 28.990  3.2   1
     3249  27.082389  103.103589    14.495    16406.0    14670.7     8358.9   1665.5    936.1   1849.4 2023  2  2 16  7 47.120  2.2   1
     3250  26.811493  103.084212     9.540    14500.8   -15345.4     3403.5   2032.9   1776.6   2267.4 2023  2  2 16 18 11.310  2.7   1
     3253  26.961749  102.852271     8.677    -8539.6     1303.3     2540.7   3388.3   2310.2   2665.8 2023  2  2 16 39  2.540  3.0   1
     3255  26.925635  102.773682    17.389   -16345.2    -2698.2    11252.9   1520.5   1211.2   1113.5 2023  2  2 18 24 29.920  1.7   1
     3256  27.105827  102.764518     6.833   -17241.6    17267.6      696.6   2565.3   2140.5   2819.2 2023  2  2 18 28 39.720  2.2   1
     3259  26.958606  102.843978    11.352    -9363.4      955.2     5215.8   1758.0   1105.5   1155.2 2023  2  2 19  9  8.220  2.8   1
     3260  27.233099  103.004061    10.910     6524.8    31369.7     4773.9   2213.6   2354.5   2170.6 2023  2  2 19 11 13.120  2.6   1
     3261  27.018331  103.189600    21.508    24948.7     7572.8    15371.3   1958.7   1864.4   1859.0 2023  2  2 19 22 39.340  2.7   1
     3264  26.933931  102.937345    11.307      -91.8    -1779.0     5170.8   1152.5    879.4    803.4 2023  2  2 20 27  4.280  2.9   1
     3266  26.392342  103.104281    19.410    16524.4   -61788.3    13274.0   7437.7   2772.5   4908.0 2023  2  2 20 44 36.740  2.4   1
     3269  26.831626  102.947323     7.249      899.3   -13114.6     1112.3   1321.6   1130.3   1912.6 2023  2  2 21 52 48.160  2.3   1
     3270  26.657861  102.999910     9.468     6128.4   -32368.3     3331.8    975.8   1411.4   1477.6 2023  2  2 22  9 23.980  2.8   1
     3283  27.002513  102.681437    23.122   -25497.3     5820.2    16985.8   3143.9   1815.5   3127.3 2023  2  3  6 48  0.210  3.8   1
     3286  26.330900  102.945378    24.684      707.2   -68596.4    18547.5   1770.1   2036.1   1816.4 2023  2  3  7 43 51.490  4.4   1
     3291  27.105436  102.845866     9.106    -9169.3    17224.4     2969.6   1183.4    766.6   1132.0 2023  2  3  9 59 32.770  3.5   1
     3294  27.141425  102.842407     9.301    -9511.7    21211.9     3164.4    692.7   1390.9   1217.7 2023  2  3 12 41 11.350  3.3   1
     3301  27.006498  103.291146    27.458    35030.9     6261.8    21321.4   1806.6   2349.7   1513.3 2023  2  3 18 15 11.560  2.9   1
     3307  27.049471  103.144352    26.960    20454.3    11023.3    20823.7   1701.8   1589.6   1274.3 2023  2  3 19 51 56.720  3.0   1
     3310  27.013706  102.773551    11.161   -16352.3     7060.5     5024.7   1288.2   1782.7   1392.0 2023  2  3 20 44 11.440  1.8   1
     3311  27.119515  102.885368     1.060    -5249.5    18784.3    -5076.8   1014.0    820.9   2879.4 2023  2  3 21 18 48.160  2.4   1
     3313  27.133368  102.823625    30.579   -11375.0    20319.1    24442.4   2531.4   1395.6   1219.6 2023  2  3 22 15  8.140  1.6   1
     3321  26.745017  102.967586    16.388     2913.1   -22711.0    10252.1   2536.5   2855.2   3501.4 2023  2  4  3 36 57.350  3.7   1
     3324  26.767002  103.007397    20.150     6869.9   -20275.0    14013.7   3011.3   2299.7   2622.3 2023  2  4  4 50 31.870  3.3   1
     3329  26.817607  102.702083     9.089   -23467.1   -14667.9     2952.4   1477.3   1729.5   1620.6 2023  2  4  6 34 26.240  2.7   1
     3336  27.164323  103.140397    10.983    20052.1    23749.0     4846.9   1331.6   1223.9   1677.2 2023  2  4 10 29 17.550  4.6   1
     3344  27.058112  102.748649    27.101   -18820.8    11980.7    20964.5   2973.1   2825.1   1564.2 2023  2  4 12 56 23.680  2.4   1
     3345  27.165243  102.793766    19.874   -14336.1    23850.9    13737.9   2105.8   1042.4   1633.6 2023  2  4 13  5 48.250  2.0   1
     3346  27.321159  102.922184    13.599    -1594.7    41126.9     7463.0   2389.8   1683.8   1862.6 2023  2  4 13 27 54.810  1.7   1
     3347  27.150718  103.215967     5.776    27550.4    22241.7     -359.9   3837.9   2754.0   5621.3 2023  2  4 13 48 25.880  3.9   1
     3356  26.977230  102.905322     0.499    -3271.7     3018.8    -5637.3   1468.9   1771.3   2507.2 2023  2  4 16 28 44.010  2.2   1
     3365  26.954814  102.942334     8.282      403.0      534.9     2145.2   1025.9   1363.2    929.0 2023  2  4 19 34  7.760  2.5   1
     3366  26.983470  102.878646    20.617    -5920.2     3710.0    14480.2   2843.3   2173.1   1433.3 2023  2  4 20  3 14.540  1.6   1
     3367  26.849660  102.945622    14.099      730.2   -11116.4     7962.2    699.1    720.3    689.3 2023  2  4 20  7 36.480  2.5   1
     3368  26.730837  103.086328    11.494    14715.7   -24282.3     5357.9   3113.0   1864.2   2170.2 2023  2  4 20 33 16.400 -0.2   1
     3372  27.025238  102.790112    16.527   -14707.6     8338.1    10391.1   1839.8   1058.8   2088.1 2023  2  4 21  1 48.160  4.1   1
     3373  26.979419  102.913509     4.329    -2458.5     3261.2    -1807.2   1545.3   1142.0   1212.6 2023  2  4 21 12 48.680  2.8   1
     3378  27.082489  102.894417    10.643    -4352.5    14681.7     4506.9   1526.4    820.4   1090.3 2023  2  4 22 14 28.720  2.8   1
     3386  26.506856  103.023014     4.845     8430.8   -49100.0    -1290.9   1549.7   1519.3   1407.5 2023  2  5  6 55 19.300  2.5   1
     3391  27.057074  102.766040    16.882   -17094.2    11865.6    10745.8   2261.2   2141.5   3071.4 2023  2  5 10  8 55.650  2.3   1
     3392  26.484220  103.004671    10.132     6606.7   -51608.0     3995.2   1689.0   1648.1   2006.7 2023  2  5 11 56 54.050  3.3   1
     3393  27.136348  103.113957     1.889    17430.9    20649.4    -4247.7   3826.0   3318.9   6606.8 2023  2  5 12  4 38.300  1.9   1
     3394  27.040837  102.914868     7.684    -2323.6    10066.6     1547.5   1479.9   1050.7   1096.4 2023  2  5 12 37 36.850  3.1   1
     3395  26.984831  102.769141    12.242   -16791.7     3860.9     6105.6   1134.5   1208.9   1295.6 2023  2  5 12 41 57.150  3.3   1
     3398  26.895785  102.957666     7.651     1925.9    -6005.7     1514.2    767.8    752.0    966.5 2023  2  5 16 41 16.840  3.0   1
     3404  26.612758  102.820858     1.425   -11676.1   -37365.8    -4711.6   1619.4   2004.1   3206.1 2023  2  5 19 53 51.640  2.7   1
     3405  27.008592  102.858521    16.454    -7917.6     6493.8    10317.8   1943.3   1358.3   1561.3 2023  2  5 20 21 55.300  2.4   1
     3407  26.975018  103.120508    11.964    18093.6     2773.7     5827.2   1452.8   1985.4   1663.1 2023  2  5 20 50 57.760  2.9   1
     3408  26.850092  103.032853     4.292     9395.9   -11068.5    -1844.5   1831.7   2485.4   3497.6 2023  2  5 20 54 15.600  2.3   1
     3417  27.008704  102.870426    21.473    -6735.1     6506.0    15336.5   1247.7   1118.6   1496.3 2023  2  6  1  3 11.860  1.8   1
     3419  26.969830  102.917334     9.118    -2078.7     2198.8     2981.5    833.1    820.3    888.5 2023  2  6  1 12 27.600  4.9   1
     3421  26.991113  102.940601     5.930      231.3     4557.0     -206.7   1032.2    877.5    852.4 2023  2  6  1 43 57.790  3.2   1
     3423  27.006923  102.928174     5.201    -1002.8     6308.8     -935.9   1126.8    811.3   1261.6 2023  2  6  2 11 43.840  2.9   1
     3425  26.494883  102.993693    14.990     5513.9   -50426.6     8853.7   1082.4   1470.6   1239.8 2023  2  6  4 54  6.790  3.2   1
     3426  26.878489  102.830534    15.230   -10701.7    -7922.0     9093.9   1322.1   1166.5   1259.5 2023  2  6  5 20 41.670  2.9   1
     3429  26.947825  103.154134    33.695    21435.1     -239.3    27558.5   2926.5   1578.5   1322.7 2023  2  6  6 55 21.740  3.2   1
     3432  26.376447  103.049512    18.319    11073.8   -63549.6    12182.7   1697.4   1709.1   1988.3 2023  2  6  7 42 54.830  4.0   1
     3434  26.969777  102.910872    10.306    -2720.4     2192.9     4169.9   1131.1    904.3   1003.9 2023  2  6  8 30 31.150  4.5   1
     3435  26.973177  102.951815     9.608     1344.8     2569.7     3471.3    986.5    821.5    945.0 2023  2  6  9 40 26.610  2.8   1
     3442  26.986212  102.928589    11.040     -961.8     4014.0     4904.0   1265.6   1169.1   1179.2 2023  2  6 14  5 30.640  2.4   1
     3443  27.108459  103.184497    23.192    24432.6    17559.3    17055.6   1110.4   1217.9   1625.8 2023  2  6 14 31 52.910  4.2   1
     3444  26.806539  102.934578     7.279     -367.3   -15894.2     1142.2   1404.3   1443.0   2375.3 2023  2  6 14 37 34.240  2.8   1
     3446  26.828752  102.932576    11.451     -566.2   -13433.1     5314.5   1618.1   1564.9   1686.0 2023  2  6 14 57  0.150  2.9   1
     3449  26.792031  102.783276     5.957   -15401.7   -17501.9     -179.5   2371.8   1985.5   2494.7 2023  2  6 15  2 10.700  2.4   1
     3455  27.020825  102.840535     5.951    -9702.0     7849.2     -185.7   2393.8   1513.9   2529.2 2023  2  6 17 13 53.640  2.4   1
     3460  26.994796  102.945125    11.649      680.7     4965.0     5513.0   1187.0    928.7    929.7 2023  2  6 18 26 56.100  3.3   1
     3467  26.981942  102.844987    20.200    -9262.1     3540.7    14063.3   1455.4   1823.5   1624.8 2023  2  6 21 10 17.240  2.8   1
     3470  27.130414  102.872469     7.308    -6528.7    19991.9     1171.3    872.2    679.3   1164.0 2023  2  6 22 10  4.780  2.6   1
     3473  26.861261  102.712858    17.945   -22392.2    -9831.0    11808.6   1332.4   1585.5   1378.8 2023  2  6 23 11  6.960  3.1   1
     3478  26.719749  102.910425    11.503    -2767.7   -25510.8     5367.1   1563.2   1133.7   1687.4 2023  2  7  0 34 55.370  2.5   1
     3479  27.108895  103.130021     0.552    19027.2    17607.6    -5584.4   1782.2   1526.0   3662.5 2023  2  7  1 23 37.160  4.2   1
     3480  27.029376  103.291659    14.714    35078.8     8796.6     8577.6   1514.0   1248.1   2874.3 2023  2  7  1 48  4.770  4.9   1
     3493  26.697386  103.009359    12.709     7066.7   -27988.9     6572.9   1624.4   1558.6   1724.2 2023  2  7  9 25  0.280  2.5   1
     3494  26.967875  102.896403    10.631    -4157.3     1982.2     4494.2   1141.0    959.0   1152.2 2023  2  7 10 51 42.860  2.7   1
     3497  26.576882  103.058748    11.376    11982.7   -41340.9     5239.1   1298.1   1352.4   1230.9 2023  2  7 12 22 33.570  3.9   1
     3498  26.579873  103.052327     9.974    11343.8   -41009.6     3837.8   1285.6   1360.4   1364.4 2023  2  7 12 27 52.750  3.8   1
     3499  26.572174  103.051969    10.807    11308.4   -41862.6     4670.3   1209.7   1355.5   1236.9 2023  2  7 12 51 49.860  3.6   1
     3500  26.568056  102.967920     6.738     2948.4   -42318.9      601.7   1481.7   2259.0   2067.6 2023  2  7 13  0  6.440  3.7   1
     3503  26.667082  103.153125    24.214    21361.3   -31346.4    18077.5   2118.1   2391.5   1872.4 2023  2  7 13 48 39.930  3.2   1
     3505  27.022007  102.825358    17.576   -11208.8     7980.2    11439.8   1596.4   1151.6   1251.2 2023  2  7 14  0  9.910  3.1   1
     3506  26.970174  102.927336     6.123    -1086.0     2237.0      -13.6    880.7    942.7    863.2 2023  2  7 14 24 46.020  2.7   1
     3507  26.866130  103.054606     4.087    11555.9    -9291.4    -2049.1   1700.1   2426.6   3257.0 2023  2  7 14 28 58.760  2.5   1
     3514  27.032680  102.843595    13.931    -9398.1     9162.7     7795.0   1247.4    851.7   1074.7 2023  2  7 17 12 44.440  3.0   1
     3515  27.074367  102.814087    10.273   -12325.0    13781.9     4136.2   1485.8   1694.0   1600.6 2023  2  7 17 42 19.220  2.7   1
     3517  26.736169  102.738997     3.901   -19806.3   -23691.5    -2235.9   2283.0   2254.4   2978.4 2023  2  7 18  6 57.520  1.4   1
     3521  26.575022  103.052523    11.575    11363.7   -41547.0     5438.2   1200.2   1306.3   1156.1 2023  2  7 18 46 48.700  4.0   1
     3522  26.967725  102.827995    11.443   -10949.3     1965.6     5306.5   1030.0    786.6   1037.5 2023  2  7 19  4 59.200  2.8   1
     3524  26.977578  102.828662    13.705   -10882.8     3057.2     7568.4   1188.4    926.3    965.8 2023  2  7 19 54 31.700  2.9   1
     3526  26.895546  102.920483     5.172    -1766.9    -6031.9     -964.7   3612.2   2588.4   3338.5 2023  2  7 20 51 58.100  2.3   1
     3530  26.872941  102.862793    30.837    -7498.0    -8536.7    24700.8   2144.0   1580.9   1226.1 2023  2  7 22 10 15.520  3.0   1
     3533  27.105534  102.850456    14.089    -8714.6    17235.2     7952.6   1126.2    706.4    962.1 2023  2  7 22 51 25.800  4.0   1
     3534  26.777155  102.816829    18.016   -12068.8   -19150.2    11879.2  15078.5   8183.4   4965.8 2023  2  7 22 54 11.560  2.1   1
     3535  26.560771  102.981437     3.438     4293.5   -43126.0    -2698.2    896.4   1744.0   1968.2 2023  2  7 23  6 45.840  3.1   1
     3536  26.912815  103.131982     9.545    19238.2    -4118.6     3408.8   1369.7   1489.3   2522.0 2023  2  7 23  7  0.840  2.8   1
     3539  27.148136  102.841089     6.692    -9641.5    21955.7      556.0   1087.7    718.2   1654.1 2023  2  7 23 17  1.760  3.1   1
     3546  27.196613  102.742358     7.836   -19432.7    27326.9     1699.7   1834.3   1509.8   2604.0 2023  2  8  4 40 22.700  3.3   1
     3556  26.925625  102.794604     6.118   -14267.6    -2699.3      -18.6   1402.6   1519.6   2207.2 2023  2  8 11 37 32.140  3.3   1
     3558  26.997799  102.907430    10.767    -3062.1     5297.7     4631.1   6159.4   4080.7   4942.0 2023  2  8 12  8 20.810  3.0   1
     3559  26.939189  102.753198    10.987   -18378.9    -1196.3     4850.5   1393.2   1433.2   2047.0 2023  2  8 14 25 53.970  2.9   1
     3560  27.214246  102.698674    19.130   -23764.6    29280.8    12993.5   1341.0   1966.8   1507.1 2023  2  8 14 55 10.530  3.0   1
     3561  27.125863  102.845719    12.813    -9183.2    19487.6     6676.9   1270.2    967.0   1224.5 2023  2  8 15 37 19.870  3.9   1
     3562  27.111165  102.926904     4.602    -1128.3    17859.1    -1534.1   2276.5   2304.3   4387.7 2023  2  8 15 41 55.900  2.4   1
     3565  26.835622  102.631470     4.168   -30480.9   -12671.8    -1968.7   2864.5   2747.5   4524.7 2023  2  8 17 43 21.000  2.9   1
     3566  26.750657  103.121908    14.523    18250.7   -22086.1     8386.2   1555.1   1563.9   1081.5 2023  2  8 18  5  8.560  2.4   1
     3567  27.170229  103.149707     7.265    20974.5    24403.5     1128.3   2521.4   1846.6   3107.9 2023  2  8 18 26 14.220  3.0   1
     3572  27.097622  102.859465     7.001    -7820.5    16358.5      864.2    807.2    631.4   1210.7 2023  2  8 20 57 35.540  3.1   1
     3573  27.198140  103.656209    34.381    71212.2    27496.3    28245.0   2081.5   2760.3   3193.6 2023  2  8 21  5 12.980  4.2   1
     3574  26.994539  102.921468    14.678    -1668.0     4936.6     8541.8   2888.0   1189.2   1682.5 2023  2  8 23 33 29.860  3.2   1
     3578  27.306122  102.937402    10.427      -86.1    39460.7     4291.1   2033.7   2262.9   1719.6 2023  2  9  0 42 45.450  2.1   1
     3581  27.226556  102.993083     3.044     5436.0    30644.8    -3092.7   2158.5   2277.5   3676.1 2023  2  9  4  5 17.070  1.8   1
     3584  26.829641  102.949976    16.542     1163.0   -13334.5    10405.4    694.8    697.4    890.9 2023  2  9  5 18 18.600  3.7   1
     3586  26.472599  103.151676    23.043    21235.1   -52895.6    16907.1   3281.0   1989.5   2436.2 2023  2  9  9 11 45.640  4.1   1
     3588  27.164561  102.907251     4.387    -3077.5    23775.4    -1749.6   3099.4   3431.3   4080.9 2023  2  9 10 16 18.210  3.8   1
     3589  27.061072  102.952604    17.632     1422.3    12308.7    11495.5   1329.1   2112.8   2254.5 2023  2  9 10 31 57.000  3.0   1
     3597  26.949756  102.936629    10.236     -163.1      -25.6     4099.6   1192.7    789.4    867.0 2023  2  9 13 58 42.220  2.9   1
     3599  26.978247  102.807894    12.559   -12944.7     3131.5     6422.2   1902.3   1428.4   1500.8 2023  2  9 15 25 30.750  2.4   1
     3603  26.918164  102.908927     9.101    -2914.3    -3525.9     2965.1   1028.2   1126.1    788.7 2023  2  9 17 12 51.860  1.9   1
     3605  26.973989  102.745630     7.535   -19127.3     2659.6     1398.6   1462.5   2433.4   2292.0 2023  2  9 17 50 12.280  2.9   1
     3610  26.900834  103.093270    22.987    15394.5    -5446.1    16850.3   7121.9   3264.3   3654.5 2023  2  9 19 42  9.060  2.3   1
     3611  27.364427  102.994076    12.278     5531.0    45921.1     6141.2   2605.1   1621.2   2000.3 2023  2  9 19 51 51.100  3.0   1
     3613  27.095050  103.089567     1.990    15013.8    16073.6    -4146.3   1944.8   1541.5   2557.3 2023  2  9 20 13 19.700  4.7   1
     3614  27.069464  102.709977    14.704   -22658.0    13238.6     8567.3    923.7   1187.5   2035.2 2023  2  9 20 22 26.860  4.2   1
     3615  26.928499  102.981519    12.742     4294.3    -2380.8     6605.3   2548.0   2269.7   2522.4 2023  2  9 20 44 56.560  2.9   1
     3616  27.553735  103.264266     1.072    32284.4    66897.1    -5064.3   4420.7   3960.1   6140.2 2023  2  9 20 45  4.760  1.9   1
     3617  26.668730  102.949162    12.872     1082.8   -31164.0     6735.3   1107.2   1847.6   1206.2 2023  2  9 20 50 45.960  1.9   1
     3619  27.083105  103.062142    13.098    12293.1    14749.9     6961.5   1680.2   1204.6   1693.5 2023  2  9 21 52 15.780  3.4   1
     3621  26.980607  102.913045     4.491    -2504.7     3393.0    -1645.8   2564.2   1444.7   1586.6 2023  2  9 22 14 15.300  2.2   1
     3623  26.951701  102.853866    11.705    -8381.6      190.1     5568.6   1836.9   1271.7   1549.0 2023  2  9 22 39 57.040  3.0   1
     3624  26.895003  102.947738    16.288      939.8    -6092.2    10152.0    826.0   1112.1    804.8 2023  2  9 23 37 29.840  2.8   1
     3636  26.583704  102.662231    30.879   -27454.9   -40585.1    24742.2   2758.7   3710.1   2211.6 2023  2 10  2 35 52.370  3.8   1
     3641  26.819598  102.958870    13.224     2046.7   -14447.3     7087.8   1122.7   1081.7    773.5 2023  2 10  3 51 17.800  3.1   1
     3643  26.869348  102.942660     5.738      436.1    -8934.9     -398.6   1719.5   1203.8   1994.6 2023  2 10  4 12 31.530  3.3   1
     3645  26.745785  102.825692    15.314   -11188.9   -22626.0     9177.2   1327.8   1594.5   1309.1 2023  2 10  4 24 55.790  3.2   1
     3650  27.102511  102.789209    12.182   -14792.3    16900.2     6045.1   3143.4   3009.6   2294.4 2023  2 10  8 31 13.530  2.7   1
     3654  26.926705  102.896452     3.633    -4153.4    -2579.6    -2503.3   1240.2    937.9   1229.6 2023  2 10 10  6 43.890  3.3   1
     3657  27.189771  102.787427    12.371   -14963.4    26568.8     6234.6   2548.3   1698.6   4101.6 2023  2 10 10 23 28.880  3.0   1
     3658  27.037120  102.759318    11.144   -17763.1     9654.7     5007.3   1012.4   1183.3   1329.3 2023  2 10 11 42 25.830  3.6   1
     3659  26.663076  102.852140    14.582    -8563.4   -31790.3     8445.9   2118.4   1843.8   1620.9 2023  2 10 13 28 25.100  3.2   1
     3661  26.966836  102.924121     7.690    -1405.0     1867.1     1553.6    776.9    779.8    896.2 2023  2 10 13 44 34.240  3.2   1
     3664  27.038829  102.708211    26.479   -22835.8     9843.9    20343.1   2748.9   1713.2   2372.7 2023  2 10 14 24  6.670  2.5   1
     3668  26.919141  102.858464     8.917    -7926.1    -3417.7     2780.3   1932.0   1732.9   2177.2 2023  2 10 15 49  8.740  1.8   1
     3673  26.997805  102.894580     2.370    -4337.5     5298.4    -3766.3   1417.7   1752.1   1531.7 2023  2 10 16 46 56.170  2.0   1
     3676  26.854016  102.943717     8.069      541.1   -10633.6     1933.0   1558.3   1661.6   2267.7 2023  2 10 18  5 36.080  2.7   1
     3677  26.982813  102.769271    13.070   -16779.6     3637.2     6934.1   1085.2   1172.5   1204.9 2023  2 10 18 13 48.420  2.2   1
     3679  26.815623  102.965812    11.814     2736.1   -14887.8     5677.6    646.3    880.8    820.5 2023  2 10 18 51 51.000  2.9   1
     3681  26.816860  102.967619    15.374     2915.6   -14750.8     9237.4    720.6    747.4    922.3 2023  2 10 18 59 17.160  3.7   1
     3682  26.852110  103.002596    16.410     6390.0   -10844.8    10273.5    865.2   1057.3   1055.3 2023  2 10 20  1 54.320  2.5   1
     3683  27.032672  102.998210    15.910     5949.8     9161.8     9774.1   2154.1   1804.6   3378.9 2023  2 10 20  3 14.280  0.7   1
     3685  27.181032  103.186255    24.690    24599.0    25600.6    18554.0   2728.8   2959.8   2530.3 2023  2 10 20 13 49.880  2.6   1
     3689  26.819006  102.979451    14.442     4091.4   -14512.8     8305.1    647.2    754.2    813.0 2023  2 10 21 25 36.460  3.2   1
     3690  27.001803  102.889746     9.367    -4817.9     5741.4     3230.1   1152.4    882.0    941.1 2023  2 10 21 35 25.200  3.2   1
     3691  26.745882  102.992896     9.332     5428.8   -22615.1     3195.8   1130.3   1585.5   1089.9 2023  2 10 22  2 20.140  3.3   1
     3692  26.709552  102.983097     7.701     4455.6   -26640.8     1565.0    877.7   1028.2   1172.9 2023  2 10 22 13 22.860  2.7   1
     3693  26.862256  102.878377     4.092    -5950.2    -9720.7    -2044.3   1119.9    913.1   1458.4 2023  2 10 22 27 15.600  2.5   1
     3694  26.827822  102.963680    15.390     2524.5   -13536.1     9253.8   1051.7   1347.4   1286.6 2023  2 10 22 52 55.800  3.0   1
     3695  27.024377  102.663973    16.732   -27229.1     8242.7    10595.9   2711.1   2158.5   3107.5 2023  2 10 23 10 21.920  3.1   1
     3696  26.816018  102.957560    12.016     1916.7   -14844.1     5879.9    675.2    717.7    795.2 2023  2 10 23 21 27.120  3.0   1
     3697  26.998966  102.811759     5.487   -12559.9     5427.3     -649.2    989.4   1327.1   1313.1 2023  2 10 23 27 25.760  2.8   1
     3699  26.554972  103.111165     3.400    17197.5   -43768.6    -2736.8   2944.2   2592.6   3079.6 2023  2 10 23 50 20.420  2.4   1
     3700  27.123649  102.923324    21.741    -1483.3    19242.4    15604.3   1717.5    943.7    809.3 2023  2 11  0  0 47.700  3.3   1
     3703  26.925012  102.895589    10.078    -4239.0    -2767.0     3942.0    919.8    853.1    826.1 2023  2 11  0 34 33.290  3.9   1
     3705  26.947904  103.168237     6.910    22835.3     -230.7      773.3   3063.7   3438.3   4573.4 2023  2 11  2 18  8.280  2.5   1
     3708  27.190066  102.921061     9.715    -1706.9    26601.6     3578.6    983.5   1057.8   1658.7 2023  2 11  3 43 41.480  3.2   1
     3713  26.902252  103.013184    11.268     7439.8    -5289.0     5131.6   2974.0   3419.6   3669.6 2023  2 11  6 24 40.760  2.2   1
     3715  27.043331  103.412996     3.265    47120.4    10342.8    -2871.7   1680.6   2407.9   2362.5 2023  2 11  6 54  0.990  3.9   1
     3716  27.326453  102.625138    20.035   -31042.4    41713.6    13898.4   1896.4   2701.7   4389.8 2023  2 11  7  5 44.440  3.5   1
     3717  27.214663  102.983960     7.956     4531.0    29327.0     1820.1   1988.4   2340.4   3012.9 2023  2 11  7 12 46.630  2.4   1
     3719  27.130662  102.728621    17.752   -20801.3    20019.3    11615.4   1270.1    990.2   1760.5 2023  2 11  8  1 17.770  2.8   1
     3721  27.128591  102.846704    10.714    -9085.4    19790.0     4578.1    871.3    651.8    894.0 2023  2 11  8 41  3.690  2.8   1
     3722  26.967019  102.648869    20.389   -28735.0     1887.2    14252.6   2137.3   2050.1   2496.9 2023  2 11  9  1 48.320  3.8   1
     3728  27.128707  103.157690    24.967    21770.6    19802.7    18830.3   1151.0   1258.3   1333.8 2023  2 11 10 43  2.860  2.8   1
     3729  26.848971  102.708390     2.865   -22837.3   -11192.7    -3271.2   1702.5   1299.9   3308.4 2023  2 11 10 57 56.570  2.7   1
     3742  26.783797  103.120662    20.853    18124.5   -18414.1    14716.2   1865.7   1704.9   1247.4 2023  2 11 13 57 47.070  2.6   1
     3744  26.871773  102.939282     6.896      100.1    -8666.2      759.3   1310.7    771.4   1751.0 2023  2 11 15  5 42.430  2.9   1
     3748  26.794010  102.967017     9.034     2856.2   -17282.4     2897.7   1448.6   1527.3   2248.1 2023  2 11 16 32 54.340  2.5   1
     3750  27.047375  102.893530     7.120    -4441.2    10791.0      983.5   2167.2   1343.1   2384.6 2023  2 11 16 48  8.620  2.1   1
     3753  27.167987  103.621012    47.696    67730.6    24155.1    41559.3   2957.8   4174.3   3351.9 2023  2 11 17 20 36.940  3.7   1
     3763  26.682576  102.978589     9.975     4007.7   -29629.7     3838.3   1067.3   1528.5   1870.4 2023  2 11 20 27 25.080  2.6   1
     3764  27.218134  103.019971    20.279     8103.1    29711.4    14142.6   4289.9   7156.9   4830.0 2023  2 11 21  4 18.760  2.6   1
     3767  26.545426  103.019548    16.020     8085.1   -44826.3     9883.7   1767.0   1752.1   1499.2 2023  2 11 21 41 16.760  3.5   1
     3778  26.635726  102.985522    12.806     4698.3   -34820.8     6669.9   1979.1   2723.3   2120.7 2023  2 12  0 40 41.680  2.6   1
     3784  26.991945  102.922420     5.043    -1573.9     4649.1    -1093.5    946.2    874.8   1158.4 2023  2 12  3  7  9.350  3.9   1
     3785  27.030298  103.198454    10.144    25826.3     8898.7     4007.9   1517.0   1626.8   2409.6 2023  2 12  3 21 49.170  3.6   1
     3786  27.180310  102.831160     6.904   -10625.8    25520.5      767.3   1117.0    944.0   2074.4 2023  2 12  3 32 54.620  4.6   1
     3787  27.000090  102.800138     4.216   -13714.0     5551.7    -1920.1    962.0   1198.4   1704.2 2023  2 12  3 34  5.200  4.2   1
     3788  26.848749  102.946761    12.950      843.6   -11217.4     6813.2    874.5    737.5    687.3 2023  2 12  3 36 55.170  3.0   1
     3790  27.001827  102.792065    24.574   -14515.4     5744.2    18437.7   2086.2   1328.3   1793.0 2023  2 12  3 46 34.860  2.1   1
     3796  27.144010  102.979256    12.252     4066.4    21498.4     6115.5   3112.1   2138.4   5097.1 2023  2 12  5  7 32.040  2.7   1
     3797  27.092472  102.951888    24.663     1351.4    15787.8    18526.7   2178.8   1442.8   2222.5 2023  2 12  5 37 32.460  2.7   1
     3802  27.092407  102.846842    15.291    -9073.5    15780.6     9154.6   1269.3   1161.8   1367.2 2023  2 12  7  2 15.470  3.4   1
     3803  26.753129  103.012459    22.495     7372.8   -21812.1    16359.0   2299.8   2824.4   2630.4 2023  2 12  7  4 59.880  3.3   1
     3805  26.653172  102.860815     2.796    -7701.3   -32887.7    -3340.4   2280.2   2044.1   3474.5 2023  2 12  7 28 30.560  2.9   1
     3809  26.861505  102.569539    18.883   -36629.0    -9804.0    12746.7   4928.6   6232.5   7386.2 2023  2 12  8  7 10.040  3.2   1
     3811  27.127252  103.099642     8.775    16011.6    19641.6     2638.2   3453.8   3081.9   3640.0 2023  2 12  9 24 42.700  1.7   1
     3818  26.940513  102.786401     4.246   -15081.0    -1049.6    -1890.8   1797.6   1962.4   2695.5 2023  2 12 11 20 54.740  2.8   1
     3819  26.821676  102.883805     8.477    -5411.7   -14217.1     2340.3   1448.1   1032.7   1493.9 2023  2 12 11 30 20.660  2.3   1
     3824  26.671179  102.904972    14.778    -3310.4   -30892.6     8642.0   1304.9   1840.8   1218.0 2023  2 12 14  3 46.340  2.6   1
     3829  26.913885  103.003174    19.544     6445.5    -4000.1    13407.2   1144.6   1596.1   1457.9 2023  2 12 15 20  6.950  3.0   1
     3830  26.874001  102.934692    14.896     -356.0    -8419.4     8759.9    931.4    713.2    631.7 2023  2 12 15 24 31.290  3.6   1
     3834  26.953955  102.880461    13.066    -5740.4      439.8     6929.5   2053.0   1321.2   1115.6 2023  2 12 16 51 25.630  2.9   1
     3835  26.836407  102.955029     6.610     1664.7   -12584.7      474.1   1256.7   1096.8   2004.1 2023  2 12 17  1 26.600  2.8   1
     3841  26.958331  103.093465     5.278    15410.2      924.7     -858.3   1691.1   1489.5   2766.6 2023  2 12 18 20 17.200  2.9   1
     3848  26.825574  102.879134    20.994    -5875.8   -13785.1    14857.8   1071.6    925.1   1075.5 2023  2 12 19 47 48.120  3.0   1
     3849  26.952484  102.787980     5.360   -14923.4      276.9     -775.9   1794.9   2186.5   4209.4 2023  2 12 20 14 10.780  2.4   1
     3851  27.131537  103.149113    18.264    20919.5    20116.4    12127.5   1089.6   1115.7   1388.4 2023  2 12 20 45 24.600  3.6   1
     3856  26.589209  103.028084    63.692     8932.5   -39974.9    57555.2   8292.6   4547.1   3437.8 2023  2 12 23 18 38.760  3.1   1
     3858  26.627863  103.083781    12.145    14468.9   -35692.0     6008.7   1138.3   1409.4   1184.1 2023  2 12 23 47  4.320  3.6   1
     3860  26.483272  103.096370     5.274    15730.8   -51713.1     -861.9   2274.6   1567.7   2205.5 2023  2 13  1 13 59.280  3.0   1
     3868  26.879421  102.927002    13.254    -1119.2    -7818.7     7117.6    928.1    904.1    781.7 2023  2 13  3 57 56.990  3.5   1
     3869  27.052187  102.685270    12.255   -25111.3    11324.2     6118.4   2159.9   3253.2   3064.5 2023  2 13  4  8 58.450  3.3   1
     3873  27.012596  102.717074    10.116   -21959.0     6937.3     3979.9   2206.2   1460.4   3214.9 2023  2 13  6 34 32.170  2.8   1
     3877  26.842582  102.998568    16.013     5990.4   -11900.7     9876.4   1133.7   1013.6    861.8 2023  2 13  6 58  8.040  3.1   1
     3880  27.290243  102.896623     7.118    -4129.8    37701.4      981.8   1582.5   2308.5   2560.1 2023  2 13  8 44  9.760  3.4   1
     3884  27.143172  102.791235    14.807   -14588.5    21405.6     8670.7   2239.3   1298.2   2278.8 2023  2 13 10 36 54.440  2.8   1
     3886  26.494316  102.981095     9.197     4260.7   -50489.5     3060.6   1348.1   1352.7   1671.4 2023  2 13 11 20 53.140  3.7   1
     3890  26.468669  102.971720    10.202     3327.9   -53331.2     4065.9   2504.3   2018.0   2830.1 2023  2 13 12 44 44.880  3.3   1
     3892  26.860301  103.120760     1.074    18127.6    -9937.3    -5062.2   2092.1   2411.6   3669.9 2023  2 13 14 14 17.890  2.1   1
     3893  26.587974  102.918929    26.663    -1924.0   -40111.9    20526.3   1674.3   1636.3   1370.7 2023  2 13 14 35 47.320  3.2   1
     3894  26.937362  103.049504    12.273    11045.7    -1398.9     6136.3   2838.2   2804.3   2979.8 2023  2 13 14 40 28.050  2.4   1
     3897  26.889410  103.257446     1.394    31701.6    -6711.9    -4742.1   1940.8   2567.5   4045.5 2023  2 13 15  2 33.870  2.4   1
     3906  26.823246  102.735482     5.725   -20148.1   -14043.1     -411.5   2019.6   1560.2   2999.6 2023  2 13 19 30 15.820  1.4   1
     3913  27.105522  102.884359     9.210    -5349.6    17233.8     3073.4   1324.7    656.2    982.0 2023  2 13 22 17 53.520  3.0   1
     3932  26.944291  102.905111    10.397    -3293.3     -630.9     4260.1   2262.2   1831.9   1000.5 2023  2 14 11 57  2.330  2.5   1
     3934  27.158004  103.058789     9.264    11956.0    23049.0     3127.9   2401.4   2669.4   2960.6 2023  2 14 13 23 47.720  2.4   1
     3936  27.092360  102.896883    16.796    -4107.3    15775.6    10659.8   1761.0   1007.3   1345.6 2023  2 14 14 12 31.560  2.6   1
     3939  27.248163  103.074365    22.963    13496.0    33038.9    16826.5   2038.9   3058.5   1350.0 2023  2 14 17 31 36.040  3.0   1
     3940  26.502411  102.964119    10.570     2571.8   -49592.4     4433.9   1504.1   1898.9   1923.5 2023  2 14 17 59 20.880  3.5   1
     3943  26.879972  102.957625    13.592     1922.5    -7757.6     7455.4    777.2    664.8    736.4 2023  2 14 21 11 56.760  3.0   1
     3945  26.704806  102.817074    17.614   -12047.7   -27166.6    11477.4   1151.6   2506.0   1563.3 2023  2 14 22 33 58.840  3.5   1
     3946  26.659161  102.937020     6.283     -124.3   -32224.2      146.9   2235.1   2041.9   3623.6 2023  2 14 22 54 14.600  2.7   1
     3948  27.108533  102.824683    14.118   -11271.5    17567.5     7981.2   1120.4    667.7   1062.1 2023  2 14 23  2 21.120  3.0   1
     3954  26.963094  102.929948    13.201     -827.0     1452.3     7064.6   3211.9   1943.8   2350.5 2023  2 15  2 44 14.520  3.0   1
     3958  27.138416  102.871753     4.634    -6600.2    20878.6    -1502.7   1378.0   1010.5   1819.2 2023  2 15  5 48 57.830  3.6   1
     3959  27.097133  102.828035    17.002   -10939.7    16304.2    10865.4   1071.0    807.4   1244.3 2023  2 15  6 37 39.050  3.9   1
     3960  27.328339  102.964087    12.519     2559.3    41922.4     6383.0   1529.1   1340.9   1167.5 2023  2 15  7 13 41.660  2.0   1
     3964  27.101274  102.833976    11.376   -10349.7    16763.2     5239.8   1035.6    730.0   1105.0 2023  2 15 10 22 17.840  3.4   1
     3970  27.112860  102.813924    10.115   -12339.2    18047.0     3978.9    973.1    641.6   1257.8 2023  2 15 11 38  6.520  3.0   1
     3973  26.963399  102.910815     7.149    -2726.7     1486.3     1012.4    970.9    962.1    854.4 2023  2 15 14 54  0.720  2.3   1
     3976  27.106803  102.840820     8.419    -9670.4    17375.7     2282.8    820.2    735.4   1156.3 2023  2 15 15 17 29.780  2.8   1
     3977  26.863293  102.937671    12.817      -59.4    -9605.8     6681.1    842.6    681.0    725.7 2023  2 15 16  9 19.260  4.2   1
     3978  27.106138  102.857536     5.463    -8012.0    17302.0     -673.1   1271.6    766.6   1781.1 2023  2 15 16 28  5.090  2.4   1
     3979  26.806783  103.254753    25.859    31446.0   -15867.2    19722.3   2447.9   2182.3   1975.7 2023  2 15 16 34 48.890  2.9   1
     3981  26.509505  102.998226     7.154     5964.8   -48806.4     1017.7   2095.2   1627.5   2196.2 2023  2 15 19 12 44.440  3.8   1
     3982  26.986558  102.788542     8.682   -14865.9     4052.4     2545.4    952.2    875.3   1266.9 2023  2 15 19 18 16.120  4.0   1
     3983  26.841799  102.964412    16.977     2597.1   -11987.3    10840.9   1050.9    767.8    818.8 2023  2 15 20 50 46.760  2.9   1
     3991  26.599823  102.907300    11.723    -3080.1   -38798.9     5586.5   4627.6   1985.4   6125.0 2023  2 16  3 38 27.700  3.5   1
     3995  26.803141  102.941585    25.335      329.0   -16270.8    19198.9   4570.6   3538.0   1909.4 2023  2 16  8 43 16.710  2.0   1
     3996  26.778227  102.961776    22.147     2335.6   -19031.4    16010.5   4900.2   2843.5   2698.6 2023  2 16  9 59 23.210  3.3   1
     4003  26.969165  102.897249    28.214    -4073.5     2125.2    22077.9   2239.4   1462.8    988.4 2023  2 16 15  4 14.150  3.3   1
     4004  27.206342  102.835653    12.174   -10178.9    28404.8     6037.8   1347.3    987.6   1180.6 2023  2 16 15 18 47.110  2.6   1
     4005  27.135549  102.864071     6.479    -7362.1    20561.0      342.4   1056.1    638.1   1224.6 2023  2 16 15 51 51.340  2.9   1
     4007  27.041398  102.802466    12.717   -13480.1    10128.8     6580.4   1237.6   1016.4   1362.7 2023  2 16 16 24  7.900  3.0   1
     4011  27.013456  102.960319    12.176     2188.4     7032.6     6039.5   1338.2   1171.1   1023.2 2023  2 16 17 18 28.080  2.5   1
     4016  27.023315  102.699048    41.729   -23747.1     8125.2    35593.0   5645.8   3382.6   1995.9 2023  2 16 18 47 56.800  2.5   1
     4024  27.113452  102.813118    11.523   -12418.5    18112.5     5386.4   2610.6   1756.1   3029.2 2023  2 17  0 14 51.630  3.4   1
     4027  27.366091  102.898136    14.849    -3977.9    46105.5     8712.6   1455.4   1821.9   1872.6 2023  2 17  2  5 10.840  3.4   1
     4028  26.931901  102.857495    10.426    -8021.5    -2003.7     4289.2   1474.9   1364.0   1651.0 2023  2 17  2  5 13.360  3.0   1
     4037  26.780670  103.187378     8.962    24754.4   -18760.6     2825.3   1318.9   1659.1   4276.1 2023  2 17  9 58 48.950  4.2   1
     4041  26.950334  102.914160     6.954    -2394.8       38.5      817.8    989.2    823.1    883.6 2023  2 17 13 22  2.790  2.8   1
     4046  26.885583  102.908911     8.269    -2916.6    -7135.9     2132.4   1444.5    976.0   1046.2 2023  2 17 17 38 55.160  2.8   1
     4047  26.861823  102.901929    13.552    -3610.2    -9768.6     7415.5    915.1    765.5   1014.1 2023  2 17 17 44 19.540  2.7   1
     4048  26.854700  102.928369    18.920     -983.6   -10557.9    12784.0   1030.2    742.4    751.9 2023  2 17 17 50 30.180  2.9   1
     4052  27.116193  102.861271     2.096    -7640.9    18416.2    -4040.8   2598.5   1596.7   3016.4 2023  2 17 22  3 44.000  3.0   1
     4053  27.165487  102.887931     2.625    -4993.9    23878.1    -3511.7    974.3    973.6   1386.3 2023  2 17 22 11  1.380  2.3   1
     4058  26.830072  102.966536    13.240     2807.8   -13286.7     7103.6    819.6    658.2    633.8 2023  2 17 23  0 31.120  3.8   1
     4059  27.130986  103.184635     0.758    24444.2    20055.1    -5378.5   1728.1   1877.0   2541.0 2023  2 18  0 57 15.640  4.3   1
     4066  27.264722  102.900879     9.474    -3707.7    34873.7     3337.4   1398.9   1528.5   1144.9 2023  2 18  5 47 29.680  2.8   1
     4070  27.086340  102.675480    27.810   -26079.7    15108.4    21673.4   3698.9   1485.7   2258.9 2023  2 18  6 23 13.990  2.5   1
     4073  26.651740  103.202246    29.537    26246.9   -33046.4    23400.6   4572.5   8466.5   3064.8 2023  2 18  7  7 59.650  3.0   1
     4083  27.142181  102.864990    10.985    -7271.1    21295.8     4848.8    956.9    706.9   1020.8 2023  2 18 11  9 37.300  4.4   1
     4084  26.831657  103.013200    16.532     7443.6   -13111.2    10395.3    850.6    952.3    985.2 2023  2 18 11 25  4.350  3.4   1
     4086  27.109379  102.870573     9.504    -6717.9    17661.2     3367.2   3302.7   1491.8   2123.9 2023  2 18 12  7 46.150  3.2   1
     4087  26.603025  102.726994    29.506   -21012.0   -38444.0    23369.9   2857.4   2621.6   2132.8 2023  2 18 13 43 24.480  3.2   1
     4088  27.136995  103.006812    10.885     6800.4    20721.2     4749.1   2944.9   2359.0   2505.3 2023  2 18 14 31 26.180  2.7   1
     4089  27.006801  102.864282     7.296    -7345.5     6295.3     1159.5   1636.7   1036.9   1602.6 2023  2 18 16  4  9.000  2.2   1
     4094  27.214764  102.775521     9.602   -16142.1    29338.1     3465.7   1326.5   1652.5   3201.6 2023  2 18 17 38 21.640  3.3   1
     4095  27.062148  102.723145     6.203   -21351.9    12427.9       66.7   1366.2   1337.4   1918.4 2023  2 18 18  7 22.560  2.7   1
     4096  27.041750  102.687093    26.469   -24931.7    10167.7    20332.7   2088.1   1729.6   1990.6 2023  2 18 18 10 57.640  3.2   1
     4104  26.746897  102.803646    11.706   -13380.6   -22502.6     5569.2   2360.7   3390.1   7000.0 2023  2 18 21 33 18.400  2.2   1
     4109  27.013422  102.851994     2.231    -8564.8     7028.9    -3905.0   2154.2   1588.2   2193.0 2023  2 19  2 13 23.520  3.2   1
     4110  27.351381  103.063729     8.058    12435.6    44475.7     1921.3   1916.9   1212.3   1720.3 2023  2 19  2 53 39.520  2.2   1
     4112  26.526174  103.087931    14.119    14888.6   -46959.5     7983.0   3181.5   2511.7   2481.3 2023  2 19  4 19 14.990  2.4   1
     4113  27.038664  103.153353     2.204    21349.2     9825.8    -3932.6   2360.0   1600.4   5663.7 2023  2 19  4 45 28.730  3.4   1
     4117  26.729893  102.962614     4.533     2419.4   -24386.9    -1603.3   3253.1   2470.6   1487.9 2023  2 19  8 43 39.550  2.7   1
     4125  27.155924  102.532853    20.820   -40221.7    22818.6    14683.5   1922.9   2676.3   3515.8 2023  2 19 15 52 13.700  3.1   1
     4126  27.175112  102.836035    11.001   -10142.0    24944.6     4864.4   1111.6    695.6   1287.5 2023  2 19 16 51 35.070  3.0   1
     4129  27.170707  102.804492    16.036   -13271.1    24456.6     9899.4   2869.8   2059.2   2536.0 2023  2 19 19 35 46.600  2.6   1
     4131  27.062443  103.124276    13.786    18460.7    12460.6     7649.5   1200.8   1203.0   1628.8 2023  2 19 20 12 42.980  3.6   1
     4134  27.193264  103.121419     9.829    18166.8    26955.8     3692.6   1319.3   1507.4   1495.1 2023  2 19 21 32 17.360  3.1   1
     4135  26.941331  102.889860     6.713    -4807.5     -958.9      577.0   1532.2   1227.1   1546.2 2023  2 19 21 46 38.960  1.5   1
     4138  26.901013  102.940853     7.919      256.5    -5426.3     1783.0   1261.6   1021.0   1553.5 2023  2 19 23 16 43.660  3.3   1
     4144  27.067757  102.995158     6.809     5645.4    13049.5      673.1   1151.2   1541.9   2585.9 2023  2 20  1 49 31.540  3.9   1
     4145  27.196726  102.959937     4.639     2148.6    27339.5    -1497.6   1852.1   1680.8   2152.6 2023  2 20  2 42 49.690  2.0   1
     4147  27.169560  102.947030    17.816      868.9    24329.3    11679.4   7659.4   3916.8   3068.4 2023  2 20  3 17 29.960  2.6   1
     4149  27.501471  102.580957    57.694   -35394.4    61106.1    51557.6   5684.4   5094.8   4495.7 2023  2 20  4 45 38.990  3.2   1
     4154  26.714653  102.998560    18.450     5992.5   -26075.5    12314.0   1133.4   1506.7   1041.1 2023  2 20  7 13 59.890  3.2   1
     4156  27.018412  102.590275    31.821   -34545.3     7581.9    25684.5   2258.9   4368.3   2231.6 2023  2 20  9  5 16.860  3.3   1
     4162  26.915387  103.085319    13.426    14603.8    -3833.6     7289.8   1756.6   3096.8   1691.2 2023  2 20 11 14 14.280  2.6   1
     4167  26.987311  102.979403    11.671     4083.6     4135.7     5534.5   3559.4   1658.4   1945.4 2023  2 20 15 17 25.900  3.1   1
     4173  27.173110  103.013892    13.536     7501.4    24722.7     7400.6   1949.1   1828.5   1504.2 2023  2 20 20 14 38.560  2.1   1
     4175  26.965631  103.366333     5.508    42502.7     1733.5     -627.9   2425.2   2095.6   3419.0 2023  2 20 21 40 46.400  3.5   1
     4176  27.150246  102.844548     3.368    -9299.0    22189.4    -2768.1   1973.7   2068.4   3447.1 2023  2 20 23 10 21.480  2.7   1
     4177  27.235413  102.968831    39.855     3030.4    31626.0    33718.9   2485.2   2226.5   1961.8 2023  2 21  0 49 27.000  2.6   1
     4179  27.297972  103.009481    13.091     7060.4    38557.7     6954.8   1440.9   1449.1   1042.6 2023  2 21  2 12 17.240  2.9   1
     4183  26.976912  102.948047    20.895      970.1     2983.5    14759.1   2504.1   2674.9   1473.2 2023  2 21  5 15  0.580  3.1   1
     4187  27.179431  103.042228    12.673    10312.4    25423.1     6536.7   1595.3   1829.4   1844.7 2023  2 21  7 57 59.560  3.2   1
     4189  26.668799  103.030591    16.047     9178.0   -31156.2     9911.1   1251.8   1232.2   1490.5 2023  2 21  8 52  8.020  4.0   1
     4191  27.123730  102.848722    13.048    -8885.7    19251.3     6912.0   1305.9    843.1   1362.3 2023  2 21 10 20 53.620  4.4   1
     4192  26.849365  103.089339    34.241    15007.1   -11149.0    28104.9   2126.2   1574.4   1606.8 2023  2 21 10 23 53.200  3.2   1
     4197  26.893020  103.004102    21.960     6538.0    -6311.9    15823.5   1950.1   1529.1   1808.8 2023  2 21 12 14 27.270  3.6   1
     4200  26.496942  103.039795    11.195    10101.1   -50198.3     5058.4   1742.5   2027.6   2174.9 2023  2 21 14 12  5.390  3.0   1
     4202  27.051569  103.143245    15.222    20344.5    11255.6     9085.6   1204.6   1340.4   1620.6 2023  2 21 14 40 45.690  3.3   1
     4204  26.815102  102.971118     9.383     3263.8   -14945.5     3246.4   2409.4   1839.7   2640.8 2023  2 21 15 16 32.970  4.1   1
     4208  27.105035  102.854468    14.216    -8316.5    17179.9     8079.9   1238.5    660.5    972.7 2023  2 21 17 57 10.720  4.4   1
     4211  27.101969  102.817367     9.843   -11998.1    16840.2     3706.4   1848.2   1201.5   1785.2 2023  2 21 18 55 10.460  2.6   1
     4212  26.686965  103.036670    15.792     9782.1   -29143.4     9655.3   1096.1   1207.3   1390.8 2023  2 21 19 38 22.040  2.8   1
     4213  27.026314  102.791406    11.066   -14578.9     8457.4     4929.2   5505.4   2559.8   2193.6 2023  2 21 19 39  8.040  2.5   1
     4216  26.874091  102.896143     4.030    -4185.0    -8409.3    -2106.0   1992.6   1464.2   2501.6 2023  2 21 21 14 39.040  1.9   1
     4217  27.043457  102.931551    18.008     -667.2    10356.8    11871.3   2303.4   1807.1   1790.9 2023  2 21 21 28  1.920  2.3   1
     4224  26.912504  102.912272     6.469    -2582.6    -4153.1      332.2   1024.0    932.6    969.5 2023  2 21 23 18 40.080  4.2   1
     4226  27.121124  102.853141     6.924    -8447.4    18962.6      787.3    955.6    604.6   1072.8 2023  2 21 23 53 52.720  4.6   1
     4230  26.921092  102.810824     8.571   -12657.4    -3201.6     2435.0   1346.6   1310.7   1527.5 2023  2 22  4 37  4.290  3.5   1
     4231  26.512040  102.978939     2.880     4046.1   -48525.5    -3256.1   5423.3   2513.2   5387.6 2023  2 22  4 44 59.660  2.3   1
     4234  27.151249  103.297502    22.876    35639.7    22300.6    16739.3   3647.4   2094.5   4218.6 2023  2 22  6 11 45.440  3.3   1
     4235  26.797487  102.780469     3.893   -15679.9   -16897.1    -2243.0   3005.7   1609.4   3532.8 2023  2 22  6 25 40.830  2.7   1
     4237  26.661580  102.997803    13.644     5918.9   -31956.0     7507.2   1227.3   1316.3   1651.3 2023  2 22  7 42  7.120  3.2   1
     4246  26.675456  102.895036    22.118    -4299.0   -30418.8    15981.4   8029.7   3718.6   3659.9 2023  2 22 12 25 46.160  3.0   1
     4248  27.249422  102.811841    18.127   -12538.0    33178.3    11990.3   2203.2   1822.1   1948.8 2023  2 22 13 15  7.400  2.7   1
     4252  26.882406  102.746029    11.471   -19095.4    -7488.1     5334.4   1850.6   1543.8   2285.0 2023  2 22 14 35 16.880  2.3   1
     4255  27.119550  102.864933    14.679    -7277.0    18788.0     8542.7   1133.8    762.9   1163.7 2023  2 22 15 42 47.490  5.8   1
     4257  27.117000  102.844914     8.540    -9263.4    18505.6     2403.2    978.1    604.1   1092.2 2023  2 22 16 22 50.940  3.6   1
     4259  26.895333  102.840527     4.871    -9708.1    -6055.7    -1265.0   2666.4   2032.5   3255.3 2023  2 22 17  4 13.900  1.1   1
     4263  27.077757  102.869629    14.737    -6812.3    14157.3     8600.9   1627.4   1005.4   1326.1 2023  2 22 18 40 57.800  2.5   1
     4265  27.202694  102.813314    11.551   -12394.6    28000.8     5414.5   1044.5    666.7   1189.3 2023  2 22 19 25 30.120  3.7   1
     4267  26.886200  102.913550    14.705    -2456.0    -7067.7     8568.7   1006.7    806.4    658.7 2023  2 22 19 45 21.380  3.1   1
     4268  26.882603  102.919084    12.666    -1906.5    -7466.3     6529.1   1038.8    755.7    606.7 2023  2 22 19 47 48.020  2.6   1
     4270  26.935095  103.012370    34.261     7358.1    -1649.8    28124.3   1676.4   1898.3   1114.4 2023  2 22 20  1 15.380  3.3   1
     4273  27.213619  102.820980    12.437   -11633.7    29211.2     6300.9   1448.4   1183.1   1653.9 2023  2 22 23 31 42.920  3.7   1
     4275  27.160270  103.058154     7.588    11892.8    23300.1     1451.1   2797.7   2032.8   3438.6 2023  2 22 23 54 10.280  3.0   1
     4278  27.144076  102.814673    27.757   -12263.1    21505.7    21620.3   4062.1   3833.8   2382.5 2023  2 23  5 10 28.110  3.1   1
     4286  26.872227  102.673584    20.428   -26292.6    -8615.8    14291.7   3266.8   3240.1   2383.5 2023  2 23  9 55 34.130  2.6   1
     4289  26.818353  102.913550     9.012    -2456.4   -14585.2     2875.9   1173.8    854.7   1337.6 2023  2 23 11 33 42.170  3.2   1
     4290  27.129203  103.121468     5.373    18176.5    19857.8     -763.5   2407.4   2477.6   4605.9 2023  2 23 13 12 20.870  3.3   1
     4293  26.631386  103.272542     9.008    33239.2   -35301.7     2871.7   2392.0   2668.1   3887.2 2023  2 23 14 31 31.300  3.0   1
     4295  27.223405  102.996200    13.184     5745.2    30295.5     7047.7   1608.9   1153.0   1653.7 2023  2 23 15 42  2.220  2.7   1
     4301  27.249257  102.777441    16.184   -15949.5    33160.1    10047.5   1691.9   1553.4   1342.8 2023  2 23 17 47 25.960  2.2   1
     4302  26.981122  102.785067     8.531   -15211.4     3450.0     2395.1   1186.0   1504.6   1495.2 2023  2 23 18 57 43.640  2.1   1
     4305  26.984983  102.878166     7.333    -5967.6     3877.8     1197.0   2545.0   1928.3   2704.8 2023  2 23 20 53 17.400  1.4   1
     4306  27.219914  102.878263     4.882    -5951.8    29908.8    -1254.2   1786.3   1810.2   1983.8 2023  2 23 21 54 52.260  1.8   1
     4310  26.791829  102.955558    10.602     1717.7   -17524.1     4465.7    798.9    847.9    725.5 2023  2 24  1 32 18.140  3.5   1
     4311  27.214815  102.779346     5.967   -15762.6    29343.8     -169.3   1055.4   1311.5   2394.7 2023  2 24  1 42  1.350  3.7   1
     4313  26.811442  103.138582    23.309    19902.5   -15351.0    17172.4   1803.7   1699.2   2106.3 2023  2 24  3  8  4.130  3.2   1
     4315  26.961401  102.889925     7.324    -4800.6     1264.8     1187.3    911.9    653.4    912.4 2023  2 24  5 13 31.620  3.6   1
     4319  27.142393  102.895907     5.088    -4203.8    21319.2    -1048.1   2030.4   1241.1   3089.4 2023  2 24  9 52 30.710  2.7   1
     4322  26.576976  103.045036     1.671    10618.3   -41330.4    -4465.0   3562.8   1756.5   2680.5 2023  2 24 12 38 47.950  3.1   1
     4323  27.060032  102.830908    16.543   -10656.3    12193.5    10406.4   2616.0   1539.2   1238.1 2023  2 24 13 14 46.580  2.9   1
     4331  27.051357  103.117961    14.188    17834.8    11232.1     8051.2   1204.4   1434.7   2330.9 2023  2 24 19 32 57.420  3.3   1
     4332  27.114547  103.106348    13.448    16677.6    18233.8     7311.3   1562.6   1421.0   1645.7 2023  2 24 20  1 25.400  2.9   1
     4335  27.099231  102.779378    12.898   -15767.8    16536.8     6761.7   3587.8   3118.3   4083.9 2023  2 24 21 51 35.000  2.3   1
     4336  26.898010  102.955615     9.541     1722.4    -5759.1     3404.7    926.7    967.0    831.2 2023  2 24 22 37 37.160  2.0   1
     4339  26.987307  102.827759    16.564   -10972.3     4135.4    10427.6   1170.9   1206.3   1072.4 2023  2 25  1 57 37.880  4.1   1
     4344  27.328898  102.941024    17.655      272.6    41984.4    11518.6   1549.5   1245.4   1323.0 2023  2 25  4 13 57.120  2.1   1
     4345  26.731734  103.025244     2.380     8644.2   -24182.8    -3756.0   1273.7   1320.1   1431.1 2023  2 25  4 18  4.660  2.6   1
     4348  27.182426  102.853621    23.438    -8397.4    25755.0    17301.3   2235.3   1894.3   2024.3 2023  2 25  5 38 58.420  4.1   1
     4349  27.205900  102.798576    10.111   -13856.0    28356.0     3974.8    991.4    807.3   1251.2 2023  2 25  5 47 20.360  3.6   1
     4352  27.178729  102.811572     3.501   -12568.7    25345.3    -2635.8    847.4   1053.8   2600.8 2023  2 25  8  7 55.330  2.9   1
     4354  27.172249  102.808634     5.485   -12860.6    24627.3     -651.5    868.0    694.9   1838.5 2023  2 25  8 59 17.600  2.5   1
     4356  26.916467  102.710441     6.987   -22626.7    -3713.9      850.7   1196.5   1227.2   2302.8 2023  2 25  9 41 42.090  3.5   1
     4358  27.123787  102.953320     3.475     1493.0    19257.6    -2661.6   2462.1   1306.7   3529.2 2023  2 25  9 56  6.430  3.1   1
     4359  26.921377  102.922876     7.192    -1529.3    -3170.0     1055.9   1480.1   1191.2   1288.7 2023  2 25 10  3 21.110  2.7   1
     4360  27.004814  102.833228    17.421   -10428.0     6075.2    11284.9   1637.6    900.5   1251.0 2023  2 25 10 16  9.730  3.5   1
     4367  27.223875  102.785213    12.517   -15180.6    30347.6     6380.9   1124.4   1013.0   1257.7 2023  2 25 12  5 31.040  3.5   1
     4368  27.199699  102.843840    10.975    -9367.1    27668.8     4838.5   1038.3    824.7   1063.4 2023  2 25 12 17 17.830  2.5   1
     4373  27.222219  102.752238     1.891   -18451.2    30164.2    -4245.8   1261.7   1512.8   2043.6 2023  2 25 12 59 18.390  3.1   1
     4374  27.217212  102.776522     7.348   -16042.9    29609.3     1211.7    998.5   1262.6   1941.5 2023  2 25 13  4  1.670  3.5   1
     4377  27.368418  102.869832     9.329    -6783.2    46363.4     3192.9   1973.3   1910.6   2448.5 2023  2 25 13 28  9.650  3.1   1
     4378  26.986078  102.844279     9.888    -9332.3     3999.0     3752.0   1151.7    939.4    966.7 2023  2 25 14 21 14.710  2.5   1
     4379  26.803788  103.047729    28.774    10876.0   -16199.0    22637.1   3874.1   2124.2   2645.2 2023  2 25 14 34  6.980  3.2   1
     4380  27.240118  102.735596    10.490   -20100.4    32147.5     4353.4   1932.2   2000.5   2081.4 2023  2 25 14 53 53.120  3.1   1
     4381  27.101064  103.153874    36.196    21394.8    16739.9    30059.6   1240.8   1263.9   1007.5 2023  2 25 15 37  7.300  3.1   1
     4383  27.127787  102.890983     5.674    -4692.1    19700.8     -462.9   1208.9    782.1   1543.3 2023  2 25 16 42 41.760  3.2   1
     4386  26.855992  102.950122    10.385     1176.7   -10414.8     4248.2    825.7    704.0    774.4 2023  2 25 17 28  3.480  3.4   1
     4391  27.026536  103.057373    25.837    11822.7     8482.0    19700.8   1639.5   1539.7   1003.5 2023  2 25 19 22 24.720  2.1   1
     4393  26.937917  102.957951    15.004     1953.9    -1337.2     8867.6   2451.5   1435.0   1958.4 2023  2 25 19 37 55.280  3.0   1
     4396  27.216461  102.797323     9.130   -13980.2    29526.1     2993.9    977.9    814.9   1350.8 2023  2 25 20  8 33.840  2.4   1
     4400  27.267133  103.125781     5.484    18593.5    35140.7     -652.8   1756.9   3027.1   3646.7 2023  2 25 21 13 44.880  1.6   1
     4401  27.203168  102.833447    11.641   -10397.3    28053.3     5504.7    990.1    728.6   1158.1 2023  2 25 21 21 32.000  2.2   1
     4408  27.164327  103.092578    18.971    15307.7    23749.5    12834.6   4920.5   3892.7   6666.1 2023  2 26  0  5 32.000  3.1   1
     4415  27.188936  102.874951    12.341    -6281.3    26476.3     6204.2   1493.9   1056.3   1163.2 2023  2 26  2 40 13.080  5.0   1
     4419  27.207200  102.797314    11.421   -13981.2    28500.0     5284.4    972.7    698.1   1217.6 2023  2 26  2 50 36.150  4.6   1
     4420  27.206761  102.794010     6.299   -14308.8    28451.3      162.9   1227.4   1656.3   2455.6 2023  2 26  2 54 33.970  3.8   1
     4422  27.210461  102.827710    16.830   -10966.3    28861.4    10693.4   1803.2   1214.2   1684.2 2023  2 26  3 56 46.530  4.0   1
     4428  27.267369  103.012939    30.126     7404.2    35166.9    23989.5   2687.9   2409.7   1119.1 2023  2 26  7 50 13.860  3.4   1
     4434  26.744065  102.812077     7.012   -12542.2   -22816.5      875.6   2904.3   2471.5   2272.2 2023  2 26 10  9 12.080  2.0   1
     4435  27.156175  102.874854    11.219    -6291.5    22846.2     5082.2   1098.7    723.2    957.3 2023  2 26 10 19 17.390  2.7   1
     4439  26.998669  102.841715    21.567    -9586.3     5394.4    15431.0   1588.7   1241.2   1280.9 2023  2 26 13 38 56.280  3.7   1
     4440  26.984359  102.886613    21.772    -5129.2     3808.7    15635.5   1605.2    929.1   1119.2 2023  2 26 14 17  6.460  3.4   1
     4443  27.351117  102.790275     8.887   -14670.0    44446.4     2750.6   1747.7   1635.4   2307.9 2023  2 26 15 56 27.190  3.0   1
     4444  26.520329  102.639958    25.216   -29678.0   -47607.1    19079.9   3166.6   2653.1   2982.0 2023  2 26 15 56 28.780  2.3   1
     4445  26.848596  102.966976     7.890     2851.7   -11234.2     1753.1    754.6    689.1   1101.3 2023  2 26 16 17  1.720  2.8   1
     4452  26.930770  102.782194    13.112   -15499.9    -2129.2     6975.2   2158.2   1003.1   2519.4 2023  2 26 19 40 28.800  2.6   1
     4454  26.766056  103.007316    13.478     6861.4   -20379.9     7341.8   1403.1   1297.9   1699.2 2023  2 26 20 30 55.940  3.3   1
     4457  27.061717  102.833293     8.695   -10419.5    12380.2     2558.4    992.6    834.9   1000.5 2023  2 26 22 17 28.660  2.7   1
     4458  27.365615  102.967025    19.756     2849.4    46052.9    13619.6   1554.6   1285.0   1290.0 2023  2 26 22 36 57.360  2.0   1
     4462  27.064775  102.993066    12.905     5438.3    12719.0     6768.3   1521.2   2597.1   1671.3 2023  2 27  0  0 16.530  3.1   1
     4463  27.101778  103.054419     1.894    11525.7    16819.0    -4242.2   2364.9   1775.9   4058.1 2023  2 27  0 17 42.440  3.7   1
     4464  26.922009  102.929500     8.085     -871.3    -3099.8     1948.5   1314.4    977.0   1000.5 2023  2 27  1 33 45.570  4.1   1
     4466  27.036979  103.147363     9.736    20754.4     9639.2     3599.8   1326.1   1374.2   2190.0 2023  2 27  3 17 32.080  3.9   1
     4470  27.077838  102.755737    10.938   -18115.4    14166.3     4801.4    972.5    950.4   1496.9 2023  2 27  5 49 27.430  4.4   1
     4471  26.872571  102.954069    14.600     1568.7    -8577.8     8463.2    903.3    772.9    773.4 2023  2 27  5 56 53.330  3.4   1
     4474  27.199386  103.108301    11.214    16865.4    27634.1     5077.8   1547.3   1673.1   1801.2 2023  2 27  8  5 57.340  3.1   1
     4478  27.127161  102.851497    11.371    -8610.1    19631.5     5234.2   1105.4    743.7   1014.2 2023  2 27 11 59 33.760  4.3   1
     4482  26.756854  103.165959    20.074    22627.8   -21399.4    13937.3   2987.1   4071.8   2502.5 2023  2 27 15 12 18.750  3.1   1
     4485  26.944971  102.874089     2.595    -6373.7     -555.7    -3541.0   2700.4   1911.6   2273.1 2023  2 27 17 29 29.200  2.3   1
     4487  27.084617  102.907202     6.978    -3083.6    14917.6      841.6   1811.3    924.9   1294.4 2023  2 27 18 32  4.260  2.6   1
     4491  26.825618  102.975789     9.986     3727.7   -13780.1     3849.7    882.1    719.6   1336.3 2023  2 27 20 25 38.820  3.6   1
     4496  27.232314  103.144189    16.931    20421.7    31282.8    10794.7   2073.1   4152.8   2231.3 2023  2 27 22 55 17.340  2.7   1
     4498  27.314319  103.176652    18.540    23633.0    40369.1    12403.7   1763.2   1832.0   1839.5 2023  2 28  0  6  9.500  3.7   1
     4499  26.746254  102.801286    11.137   -13614.9   -22574.0     5000.7   1551.3   2372.6   1459.2 2023  2 28  0 32 32.570  2.5   1
     4500  26.881472  103.001294    23.150     6259.7    -7591.6    17013.3   3397.2   2538.7   1279.1 2023  2 28  2  6  5.530  3.4   1
     4503  26.991193  102.706624    33.803   -22998.1     4565.9    27666.9   2866.4   3363.5   2685.8 2023  2 28  8 28 16.160  2.8   1
     4507  26.800749  103.077271    18.831    13811.3   -16535.8    12694.6   1037.0   1610.2   1971.4 2023  2 28  9 28 21.510  3.8   1
     4509  26.974491  103.129191    10.149    18956.2     2715.3     4013.0   3878.0   2779.9   5608.9 2023  2 28 10 34  5.360  2.9   1
     4510  26.795357  102.953410    13.283     1504.2   -17133.3     7146.2    879.3    759.0    935.6 2023  2 28 10 34 50.940  3.1   1
     4512  26.845205  102.968864    18.689     3039.4   -11610.1    12552.1   4764.0   2845.6   2775.2 2023  2 28 12 43 13.070  1.6   1
     4513  27.044596  102.913753     1.716    -2433.4    10483.0    -4420.1   2488.8    929.3   2621.7 2023  2 28 13 13 40.180  2.6   1
     4514  27.240859  103.092749    21.573    15320.1    32229.6    15436.6   1731.7   1757.7   1295.2 2023  2 28 14 38 49.290  2.8   1
     4516  26.959444  102.848454    17.050    -8918.4     1048.1    10913.9   1737.6   1685.8   1980.7 2023  2 28 15  1  0.140  4.4   1
     4517  26.873358  102.936410    15.064     -184.8    -8490.5     8927.2   1146.8    755.0   1069.3 2023  2 28 15 11  5.610  3.4   1
     4518  27.104742  103.027702    39.758     8874.4    17147.5    33621.6   6501.0   3693.9   2358.7 2023  2 28 15 21 59.850  3.0   1
     4520  27.246173  103.138159    15.112    19822.2    32818.3     8975.6   2225.2   2096.1   2154.9 2023  2 28 16  5 29.290  4.2   1
     4521  26.641577  102.755452    18.008   -18178.1   -34172.4    11871.9   1504.8   2470.0   1729.8 2023  2 28 17 14 59.920  3.2   1
     4524  27.023686  102.690739     8.280   -24572.1     8166.1     2144.1   2575.5   2607.0   4640.7 2023  2 28 18 13 14.180  2.0   1
     4526  26.747176  103.009294     9.786     7058.2   -22471.9     3650.1   1868.1   1387.8   1210.1 2023  2 28 18 42 34.080  2.2   1
     4527  26.998263  102.825041    13.674   -11241.4     5349.2     7537.8   1279.9    948.3   1458.0 2023  2 28 19 36 48.200  2.4   1
     4528  27.112748  102.598674    26.495   -33697.6    18034.5    20358.5   4127.7   4502.8   4854.7 2023  2 28 20 31 54.400  2.8   1
     4529  26.858942  102.919865    11.532    -1828.6   -10087.8     5396.0    790.1    704.5    863.1 2023  2 28 21 24  5.320  3.2   1
     4530  26.623627  103.011743    11.828     7306.3   -36161.4     5691.9   1181.9   1272.3   1453.8 2023  2 28 21 42 45.880  3.9   1
     4532  27.033077  102.935547    20.737     -270.3     9206.8    14601.0   2396.9   1770.5   1687.0 2023  2 28 22 44 21.540  2.5   1
     4540  26.934434  102.757861     7.818   -17916.2    -1723.1     1681.7   1485.5   1573.9   3014.0 2023  3  1  5 57 41.830  3.5   1
     4541  26.873714  102.890381     5.501    -4757.6    -8451.2     -635.7   1298.4    804.3   1513.0 2023  3  1  8 20 19.090  2.2   1
     4544  27.088263  102.729272    26.041   -20741.2    15321.5    19904.1   2081.0   1932.6   1767.4 2023  3  1 10 14  7.510  3.8   1
     4545  27.214038  103.073486    61.558    13411.1    29257.7    55421.2   6723.1   5162.1   3368.5 2023  3  1 10 38 30.990  3.9   1
     4546  26.841003  103.026929    10.102     8807.5   -12075.4     3965.3    821.7    925.2   1353.7 2023  3  1 11 12 25.550  4.0   1
     4548  26.803286  102.921631     4.398    -1653.7   -16254.8    -1738.9   3512.0   1257.1   3103.1 2023  3  1 11 24 51.410  3.0   1
     4549  26.843376  102.974284     6.363     3577.9   -11812.6      226.2   1836.6   1374.8   2233.9 2023  3  1 11 36  8.330  4.1   1
     4550  26.914683  102.926685    18.285    -1150.6    -3911.7    12148.6   1540.5   1204.8   1075.2 2023  3  1 11 42 30.150  3.5   1
     4551  26.862679  102.942269    11.327      397.0    -9673.8     5190.2    773.4    691.8    564.4 2023  3  1 11 57 26.400  3.6   1
     4556  27.110657  102.926839     8.784    -1134.7    17802.8     2647.5   1638.6    902.1   1177.9 2023  3  1 14  5 42.690  2.5   1
     4559  26.955778  102.817529     7.501   -11989.1      641.7     1365.0   1542.1   1031.5   2135.8 2023  3  1 16 14 10.010  3.4   1
     4560  26.840723  102.968376     6.922     2990.3   -12106.7      785.1    916.9    781.0   1306.5 2023  3  1 16 21 48.300  2.7   1
     4563  27.208669  102.777889     4.877   -15907.6    28662.8    -1259.4    979.1   1109.9   1438.1 2023  3  1 18 54 27.200  3.0   1
     4565  26.850610  102.958797    12.830     2039.3   -11011.1     6693.8    722.5    649.2    713.4 2023  3  1 21 29 18.360  3.0   1
     4568  26.953963  102.811499    10.566   -12588.5      440.7     4429.5   1418.7   1416.1   1301.7 2023  3  2  0 30 50.080  2.5   1
     4570  27.100295  102.956152    11.111     1774.1    16654.6     4974.4   1680.1   1024.4   1342.9 2023  3  2  3 15 16.200  2.6   1
     4573  26.551074  102.926001    11.102    -1220.9   -44200.5     4965.7   1529.9   1546.9   1279.4 2023  3  2  5 11 40.330  3.3   1
     4574  26.794159  102.926945    48.226    -1125.6   -17266.1    42089.1   2285.1   2045.5   1304.9 2023  3  2  5 28 25.260  2.8   1
     4576  27.132534  102.879338    11.022    -5847.3    20226.8     4885.4   1056.8    703.1   1010.5 2023  3  2  9 48 34.580  4.2   1
     4577  27.037372  103.232015     3.067    29157.0     9682.5    -3069.2   3196.6   3584.0   5134.0 2023  3  2 11  3 18.300  2.0   1
     4578  27.122968  102.907544     6.595    -3049.2    19166.9      458.8   1325.8    775.1   1621.2 2023  3  2 11 31 42.640  3.7   1
     4579  27.004295  102.715413     5.591   -22124.5     6017.5     -545.0   3949.9   2466.6   5198.7 2023  3  2 11 35 43.970  2.1   1
     4588  26.929572  102.801652     5.685   -13567.7    -2262.0     -451.0   1420.3   1520.3   2170.5 2023  3  2 15 53 24.000  2.5   1
     4589  27.109471  102.934660    14.631     -358.7    17671.3     8494.6   1352.6    771.8    893.3 2023  3  2 16 21 30.880  3.1   1
     4591  27.008099  102.790389     3.789   -14681.4     6439.1    -2347.7   1109.7   1165.0   1663.1 2023  3  2 16 50 48.560  4.2   1
     4592  26.960962  102.792375     7.155   -14486.5     1216.3     1019.1    880.8   1017.4   1594.2 2023  3  2 16 54 11.820  2.8   1
     4595  26.838743  103.007332     7.366     6860.9   -12326.0     1230.0    631.7    689.2    895.2 2023  3  2 22 11 55.000  3.5   1
     4596  26.859159  102.964225    13.700     2578.5   -10063.7     7563.7    813.5    675.6    633.9 2023  3  2 22 25 24.180  5.2   1
     4597  26.860461  103.034831     7.433     9592.0    -9919.5     1298.0   1338.8   1232.0   1664.9 2023  3  2 22 32 59.520  2.6   1
     4599  26.848484  102.978206     7.549     3967.3   -11246.7     1413.3    843.0    761.8   1088.4 2023  3  2 22 48 55.160  3.7   1
     4601  26.838682  102.927677    13.912    -1052.8   -12332.7     7775.5    908.5    703.4    570.7 2023  3  3  1 24  8.360  3.3   1
     4606  27.100348  102.917334     6.235    -2077.5    16660.6       98.2   2423.0   1306.0   2071.2 2023  3  3  9 40 10.640  2.6   1
     4607  26.745603  102.971232    19.118     3275.7   -22646.1    12981.7   1449.4   1131.3   1021.3 2023  3  3 10 45 13.520  4.7   1
     4611  26.799089  102.983887    14.042     4532.7   -16719.8     7905.4   1315.6    905.7   1010.4 2023  3  3 13 47 48.060  3.9   1
     4612  26.829761  102.892806    10.185    -4517.4   -13321.4     4048.5   1578.5   1103.1   1501.6 2023  3  3 13 55 34.260  2.8   1
     4613  27.111269  102.896802    11.156    -4115.2    17870.7     5019.7   2978.5   1678.3   1748.2 2023  3  3 17 13  3.560  2.5   1
     4615  26.830929  102.962378    11.857     2394.7   -13192.0     5720.5    773.1    671.4    648.9 2023  3  3 18 35 13.960  2.7   1
     4616  26.958997  102.810555     9.851   -12682.1      998.4     3714.8   1097.4   1149.7   1287.3 2023  3  3 20 48  9.960  3.9   1
     4620  26.936584  103.008146     6.620     6938.6    -1484.9      483.3   1409.9   1782.1   1926.2 2023  3  4  4  7 31.650  3.8   1
     4622  27.107703  103.301465    19.179    36039.8    17475.5    13043.0   1654.1   1998.9   2651.6 2023  3  4  8 55 28.650  5.2   1
     4623  27.117183  102.896338     5.746    -4161.2    18525.8     -390.7   1207.3    644.4   1301.3 2023  3  4  9  6 12.980  4.5   1
     4625  27.056020  102.977165     9.040     3860.5    11748.8     2903.8   2724.4   1720.1   3978.9 2023  3  4 10 54  7.440  2.3   1
     4626  27.277885  103.059025    11.990    11972.8    36332.1     5853.8   1651.5   1890.9   1827.0 2023  3  4 12 14 34.720  3.4   1
     4627  26.906871  102.979036     5.783     4048.8    -4777.2     -353.2   1928.1   2515.2   2411.8 2023  3  4 12 54 28.140  3.2   1
     4628  27.126162  103.091219     4.089    15175.3    19520.8    -2047.6   1304.4   1461.8   3725.3 2023  3  4 13 16 47.910  3.6   1
     4629  26.856169  102.949316     9.660     1096.8   -10395.1     3523.6   1449.9    941.8   1083.6 2023  3  4 14 18 51.790  2.9   1
     4631  27.196267  102.822201     9.339   -11513.2    27288.5     3203.1    965.0    797.6   1407.0 2023  3  4 16  3 21.110  3.2   1
     4636  26.780682  103.139152    19.731    19961.5   -18759.3    13594.9   3052.3   2531.1   2350.5 2023  3  4 17  5  2.020  4.0   1
     4639  26.372504  103.019564    24.727     8092.4   -63986.6    18590.1   1743.4   1623.5   1591.0 2023  3  4 18  2  4.160  3.4   1
     4641  27.189659  102.838623     8.909    -9884.5    26556.4     2772.3    984.7    774.8   1277.1 2023  3  4 20 26 14.320  3.4   1
     4644  27.138993  102.815926    14.044   -12138.5    20942.5     7907.9   1035.3    866.2   1083.1 2023  3  4 21  6 18.080  3.0   1
     4645  27.213401  102.787939     9.768   -14910.6    29187.1     3631.6   1933.4   1738.9   3039.1 2023  3  4 22 23 24.320  2.7   1
     4646  27.112413  102.863859     8.831    -7384.0    17997.2     2694.3   1183.3    630.6    966.7 2023  3  4 22 34 25.720  3.0   1
     4647  27.215771  102.800301    11.721   -13684.3    29449.7     5584.8   1142.6   1031.1   1536.9 2023  3  4 22 58 19.380  3.1   1
     4648  27.132135  102.789901     9.930   -14721.2    20182.6     3793.2    973.7    727.4   1493.9 2023  3  5  0  8  8.700  3.6   1
     4650  26.977012  102.825057     5.103   -11240.8     2994.6    -1033.0    927.9   1289.3   1590.8 2023  3  5  7  8 51.980  3.3   1
     4651  26.858075  102.952124     9.087     1375.7   -10183.9     2950.6   1719.9   1639.6   1832.9 2023  3  5  8 40 14.220  2.9   1
     4654  26.980750  102.874430     4.844    -6338.7     3408.8    -1292.0   3578.5   2202.4   1788.3 2023  3  5 12 14 44.770  2.7   1
     4655  27.046379  103.153857    13.502    21398.5    10680.6     7366.0   1214.2   1378.9   1487.9 2023  3  5 13 24  1.700  3.3   1
     4656  27.048391  103.128621    11.651    18893.0    10903.6     5514.1    975.9   1089.9   1346.0 2023  3  5 14  7  6.940  4.1   1
     4659  26.857214  102.955868    11.131     1748.0   -10279.2     4994.9    849.7    739.9    720.5 2023  3  5 15 55  1.790  3.5   1
     4660  26.929350  102.871655    10.995    -6616.0    -2286.5     4858.4   1646.1   1376.0   1631.0 2023  3  5 16 14 42.980  2.5   1
     4661  27.137103  102.795557    15.549   -14160.0    20733.2     9412.5    925.9    869.5   1166.1 2023  3  5 16 38 53.730  3.4   1
     4665  27.264663  103.128735     9.806    18886.6    34867.1     3669.6   1560.9   4047.2   1947.9 2023  3  5 20 44 39.120  2.7   1
     4666  27.342407  102.905542    12.633    -3244.7    43481.3     6496.3   1388.6   1148.0   1050.9 2023  3  5 23  8 42.920  2.9   1
     4667  27.108940  102.901432    12.687    -3655.7    17612.6     6550.5   1402.7    821.4   1096.2 2023  3  5 23 13 41.600  4.2   1
     4668  27.127732  102.843726     6.863    -9381.1    19694.9      726.4   1464.0   1107.3   2258.1 2023  3  5 23 36 50.360  3.5   1
     4669  27.056519  102.867179     5.425    -7056.1    11804.0     -711.9   2757.3   1380.0   1806.5 2023  3  5 23 54 13.880  1.9   1
     4670  27.054490  102.773877     6.390   -16316.6    11579.4      253.6   1958.4   2343.8   3084.4 2023  3  6  1  7 13.520  3.1   1
     4672  27.194360  102.822892     1.995   -11445.0    27077.3    -4141.3   1132.2   1379.4   2342.7 2023  3  6  3 17 19.800  3.0   1
     4673  26.863997  102.957650    12.697     1924.7    -9527.8     6560.1    830.8    745.9    474.9 2023  3  6  3 24 59.860  3.1   1
     4674  26.997194  103.069539    13.461    13032.1     5230.9     7324.2   1058.4   3382.0   8188.2 2023  3  6  4 35 56.530  2.9   1
     4675  27.119788  103.179948    26.685    23980.2    18814.6    20548.8   1759.2   1403.1   1511.7 2023  3  6  4 56 44.990  3.1   1
     4676  27.058071  103.036133     4.132     9712.8    11976.1    -2004.5   1737.1   1203.9   3481.1 2023  3  6  5 42 56.100  3.3   1
     4677  27.180330  102.667269    20.287   -26882.8    25522.9    14150.8   3129.4   2430.2   2419.8 2023  3  6  5 56  1.180  2.3   1
     4680  27.129116  102.822445    13.819   -11493.0    19848.1     7683.0   1239.6    629.1   1301.2 2023  3  6  7 11 16.110  4.4   1
     4681  27.212708  102.850008     5.814    -8754.7    29110.3     -322.9   1014.1   1170.6   1273.8 2023  3  6  7 20 38.370  2.5   1
     4682  27.131657  102.848128     9.835    -8943.8    20129.6     3698.2    921.9    858.8   1064.0 2023  3  6  7 43  0.390  2.5   1
     4685  27.124866  102.851530     8.215    -8606.9    19377.1     2078.9   1033.8    651.3   1404.8 2023  3  6 11 41 37.020  4.0   1
     4686  27.124644  102.869230     7.835    -6850.9    19352.7     1699.1   1071.7    593.5   1129.7 2023  3  6 14 35 50.270  3.5   1
     4687  26.581095  102.818888    27.920   -11873.7   -40874.0    21783.8   2282.0   2487.7   1779.9 2023  3  6 15 13 13.830  1.8   1
     4689  27.067952  102.869393     9.437    -6836.1    13071.0     3300.9   1400.4    819.5    985.8 2023  3  6 17  7 19.200  3.2   1
     4691  27.292116  103.115649    18.461    17586.9    37908.9    12325.1   2057.6   3090.9   2572.0 2023  3  6 18  3 29.740  2.9   1
     4694  27.127582  102.834595    13.492   -10287.0    19678.1     7356.1   1158.2    776.3    946.1 2023  3  6 19 11 33.340  5.4   1
     4696  26.916109  102.957503     7.440     1909.7    -3753.7     1303.4   2684.7   2831.4   2380.8 2023  3  6 20  7 20.980  3.0   1
     4698  26.521476  102.967432    30.515     2900.9   -47480.0    24379.0   3156.6   1599.4   1329.9 2023  3  6 20 18 32.040  3.4   1
     4699  26.855389  102.951815    14.431     1345.1   -10481.6     8294.4    942.1    765.3    622.5 2023  3  6 20 48 46.520  6.1   1
     4700  27.143040  102.974154    13.391     3559.8    21391.0     7254.7   2503.5   2696.5   3212.3 2023  3  6 20 52 48.120  3.1   1
     4701  26.876668  102.912191     9.053    -2591.1    -8123.9     2916.6   2926.0   1980.1   2203.7 2023  3  6 20 54 44.080  3.5   1
     4702  26.837339  102.988436     7.031     4983.4   -12481.5      894.7    938.8    893.9   1480.6 2023  3  6 21  4 33.560  2.8   1
     4703  26.981714  102.810205     5.727   -12714.9     3515.6     -409.6   1285.4   1296.0   1775.0 2023  3  6 21 12 14.480  2.2   1
     4706  26.855339  102.909570     8.007    -2851.5   -10487.2     1870.9   3453.0   2067.3   3020.4 2023  3  6 21 45 18.720  2.7   1
     4709  26.847089  102.971077    12.020     3259.2   -11401.4     5883.4    776.4    667.4    575.8 2023  3  6 21 58  3.300  3.2   1
     4710  26.858954  102.945353    10.203      703.0   -10086.6     4066.9    803.0    680.0    849.6 2023  3  6 22 22 54.720  3.4   1
     4712  26.825169  103.011898     0.890     7314.8   -13830.0    -5246.0   1230.6   1092.8   2162.6 2023  3  6 22 37  0.580  3.8   1
     4713  26.833466  102.981079    15.662     4252.6   -12910.8     9526.1    914.1    951.7    880.5 2023  3  6 23 10 34.880  3.3   1
     4714  26.840955  102.975464     8.693     3694.6   -12080.9     2557.0    747.2    698.9    926.5 2023  3  6 23 14 54.440  2.9   1
     4716  26.863635  102.957227    12.157     1883.0    -9567.8     6020.4    802.6    741.4    455.7 2023  3  6 23 32 30.960  2.8   1
     4717  26.844895  102.927035    12.962    -1116.5   -11644.2     6825.9    918.9    708.1    575.3 2023  3  6 23 33 54.700  4.2   1
     4718  26.839724  102.992399     7.655     5377.5   -12217.3     1518.1    701.9    894.1   1360.3 2023  3  6 23 47  1.200  2.9   1
     4719  26.859121  102.971012    14.125     3252.0   -10068.1     7988.4    904.0    744.3    907.2 2023  3  6 23 51 24.000  3.8   1
     4720  26.850004  102.939982    14.781      169.5   -11078.1     8644.8    903.5    799.8    863.1 2023  3  7  0 14 25.750  3.6   1
     4721  26.835516  102.944320     9.520      600.3   -12683.5     3383.2   3399.4   2456.4   1648.3 2023  3  7  0 22 44.000  3.0   1
     4722  26.831169  102.961483    20.736     2306.0   -13165.3    14600.0    872.0    771.8    986.8 2023  3  7  0 35 45.550  4.6   1
     4724  26.818817  102.883919     9.083    -5400.4   -14533.9     2946.8   1776.8   1321.6   1772.5 2023  3  7  1 17 14.930  3.4   1
     4726  26.869014  102.867611     3.689    -7019.1    -8971.7    -2447.0   1613.4   1163.6   2112.2 2023  3  7  1 24 15.120  3.8   1
     4727  26.856311  102.963810    11.532     2536.7   -10379.5     5395.8    707.6    738.0    819.4 2023  3  7  1 31 58.920  3.6   1
     4728  26.845699  102.964640    11.308     2619.8   -11555.1     5171.2    889.1    739.8    797.1 2023  3  7  2 24 32.150  4.1   1
     4729  26.856712  102.958276    12.187     1987.1   -10335.1     6050.2   1780.2   1739.9   2182.4 2023  3  7  2 52 36.050  3.2   1
     4730  26.849955  102.948462     7.794     1012.1   -11083.7     1657.2    881.1    726.0   1114.8 2023  3  7  3 21 32.720  3.4   1
     4731  26.847687  103.000090    13.744     6141.2   -11334.9     7607.7    864.4    949.5    804.1 2023  3  7  3 41 30.630  4.1   1
     4732  26.844786  102.983675     8.267     4510.4   -11656.5     2131.0   1420.5   1228.6   2155.8 2023  3  7  4  7 50.350  3.1   1
     4733  27.151611  103.124186    10.833    18444.3    22340.6     4697.0   1280.2   1803.9   1522.1 2023  3  7  4 18 49.650  3.6   1
     4734  26.861292  102.935710    10.461     -254.9    -9827.5     4324.6   1097.7    775.8    912.1 2023  3  7  4 37  7.440  3.5   1
     4735  26.856661  102.991520    11.986     5289.8   -10340.5     5849.2    987.8    910.9   1036.0 2023  3  7  4 41  0.980  3.4   1
     4738  27.031285  102.761678    13.804   -17529.4     9008.1     7667.8   2030.6   1359.7   1936.0 2023  3  7  5 32 22.230  4.8   1
     4739  26.856407  102.968774    10.182     3029.9   -10368.8     4045.2    781.2    650.6    585.3 2023  3  7  5 48 34.360  3.6   1
     4741  26.857589  102.966764    13.560     2830.0   -10237.9     7423.5    807.2    676.2    592.1 2023  3  7  7  3 58.910  4.4   1
     4742  26.823116  102.992716    11.970     5409.3   -14057.5     5833.5    856.1    846.4    624.0 2023  3  7  7 16 26.350  3.0   1
     4743  26.844714  102.965422    10.281     2697.0   -11664.3     4144.9    868.0    690.7    775.7 2023  3  7  8  4 49.490  3.3   1
     4744  26.861473  102.935107    13.213     -314.4    -9807.4     7076.7    825.0    636.1    529.9 2023  3  7  8 29 47.790  3.6   1
     4745  26.848285  102.960701     7.776     2228.4   -11268.7     1639.5    747.8    717.0   1288.5 2023  3  7  9  0 10.610  3.3   1
     4746  27.105229  102.947510     6.195      916.3    17201.3       58.2   2368.7   1609.8   3431.2 2023  3  7  9 21 49.230  3.0   1
     4748  26.622150  103.075472    23.020    13643.1   -36325.1    16884.0   4003.8   2594.3   1365.7 2023  3  7 12  0 41.130  2.9   1
     4749  26.828898  102.947485    11.789      915.0   -13416.9     5652.7   1476.1    838.5    634.6 2023  3  7 12  5  7.430  3.1   1
     4753  26.847451  102.950285    13.971     1193.1   -11361.1     7834.5    812.8    737.1    677.5 2023  3  7 14  7 58.450  3.7   1
     4754  26.842247  102.939274     9.950       99.8   -11937.7     3813.5   1044.1    729.1   1223.9 2023  3  7 14 12 42.270  4.2   1
     4755  26.855625  102.951579    11.608     1321.8   -10455.4     5472.0    951.4    763.2    847.3 2023  3  7 14 38 37.150  4.4   1
     4756  26.847520  102.974211    13.682     3570.4   -11353.4     7545.7    803.5    707.8    623.6 2023  3  7 14 40 28.990  5.1   1
     4757  26.834129  102.953263     5.799     1489.4   -12837.3     -337.1   1461.6    987.4   2718.1 2023  3  7 14 45 52.360  3.4   1
     4759  26.843146  102.974487    11.786     3598.1   -11838.1     5649.6    687.4    636.0    533.3 2023  3  7 15 16 58.030  4.7   1
     4760  26.850435  102.945809     4.809      748.4   -11030.5    -1327.4   2273.3   1563.4   4031.8 2023  3  7 15 19 57.140  3.6   1
     4762  26.985661  102.790861    21.671   -14635.5     3952.9    15535.4   1496.2   1304.0   1376.6 2023  3  7 18 49 41.400  3.9   1
     4764  26.854496  102.972697    11.376     3419.5   -10580.5     5240.0    804.2    717.0    602.2 2023  3  7 19  1 47.760  3.4   1
     4765  26.857489  102.972689    10.806     3418.5   -10248.8     4669.6    786.9    728.9    589.9 2023  3  7 19 34 57.800  3.5   1
     4766  26.931073  102.908447    18.815    -2962.0    -2095.5    12679.1   1957.3   1217.4   1336.4 2023  3  7 19 43 29.160  2.8   1
     4767  26.894814  102.752262    12.334   -18475.2    -6113.1     6197.5   1868.0   3918.6   3093.6 2023  3  7 19 54 49.760  2.9   1
     4769  26.850511  102.970776    14.431     3229.0   -11022.2     8294.3   1243.5    821.7   1337.6 2023  3  7 21 13 56.800  4.2   1
     4770  26.849154  102.991439    10.406     5281.9   -11172.5     4269.3    677.6    686.4    663.8 2023  3  7 21 21 38.080  4.7   1
     4771  26.852861  102.972201     6.998     3370.7   -10761.8      861.2    720.9    712.0   1202.3 2023  3  7 21 31 15.840  3.3   1
     4773  26.858095  102.972257     7.830     3375.7   -10181.8     1693.9    823.2    746.4    863.4 2023  3  7 21 37  4.420  3.1   1
     4774  26.850580  102.967041    15.221     2857.9   -11014.3     9084.6   1029.1    833.5    975.0 2023  3  7 21 44 29.740  4.6   1
     4775  26.856514  102.945467    10.259      714.3   -10356.8     4122.7    790.9    697.4    796.4 2023  3  7 21 58 11.320  3.5   1
     4776  26.842645  102.945190     8.527      686.8   -11893.6     2390.9   1128.0    925.5   1353.7 2023  3  7 22 12 13.060  3.0   1
     4777  26.870054  102.942082    11.196      378.1    -8856.7     5060.0    882.6    714.5    757.0 2023  3  7 22 18  8.440  2.5   1
     4778  26.860805  102.938940     8.851       66.4    -9881.5     2714.5    777.1    661.2    696.3 2023  3  7 22 33 19.200  3.1   1
     4780  26.846682  102.982064     7.602     4350.2   -11446.3     1466.8   1481.1   1457.9   2062.0 2023  3  7 22 43 48.740  3.1   1
     4782  26.927751  102.937573     9.128      -69.9    -2463.6     2991.1   1125.1    911.4    847.3 2023  3  7 23 32 49.040  3.0   1
     4784  26.851007  102.986890    12.543     4829.8   -10967.2     6406.6    645.1    715.2    465.8 2023  3  7 23 35 24.520  3.5   1
     4785  26.867761  102.960457    14.855     2203.7    -9110.7     8718.4   1008.9    857.9   1081.3 2023  3  8  0  0 27.340  3.2   1
     4786  27.135468  102.830607    12.037   -10682.1    20551.8     5900.5   1176.8    823.2   1475.3 2023  3  8  0  7 29.320  3.2   1
     4787  26.865432  102.941479    16.005      318.7    -9368.7     9868.5   1115.5    754.2    951.5 2023  3  8  0 24 23.150  3.5   1
     4788  26.859167  102.950024    14.479     1167.6   -10063.0     8342.8    995.4    792.5    808.5 2023  3  8  0 27 48.520  3.5   1
     4789  26.850718  102.914323    14.565    -2379.2   -10999.2     8428.6   1112.0    796.3    907.4 2023  3  8  0 57 17.160  4.1   1
     4790  26.839024  102.969824    10.620     3134.8   -12294.9     4484.1   1960.1   1310.0   1507.9 2023  3  8  1  6 50.680  2.6   1
     4791  26.847900  102.968384    12.608     2991.3   -11311.2     6471.8    766.1    721.0    596.8 2023  3  8  3  2 53.700  3.9   1
     4792  26.840063  102.946086     7.259      776.0   -12179.7     1123.1   1449.5   1163.3   2094.9 2023  3  8  3 38 24.440  3.5   1
     4793  26.849923  102.930632     7.128     -759.1   -11087.3      991.9   3663.3   2078.5   2920.2 2023  3  8  4  9 43.640  4.0   1
     4795  26.860797  102.962614    13.784     2418.2    -9882.3     7647.6   1278.4   1346.2    707.6 2023  3  8  4 54 27.230  3.8   1
     4796  26.852622  102.998690    11.457     6001.8   -10788.1     5320.8    890.0    805.8    928.4 2023  3  8  4 57 33.230  3.8   1
     4797  26.843927  102.942594    10.400      429.3   -11751.6     4263.7   1061.2    712.2   1123.7 2023  3  8  5 35 57.320  3.5   1
     4798  26.680691  103.161157    60.892    22158.6   -29838.7    54755.5  12634.8  11703.1   5436.0 2023  3  8  6  1 13.280  3.0   1
     4800  26.864728  102.959473    13.283     2105.6    -9446.9     7146.6    914.9    889.8    555.0 2023  3  8  8 34 31.720  2.9   1
     4801  26.834031  102.963460     4.810     2502.4   -12848.2    -1326.0    855.3    870.9   2028.8 2023  3  8  9 54 42.780  3.5   1
     4802  26.781317  103.008765     6.796     7004.7   -18689.0      659.1   1184.2    969.3   1844.3 2023  3  8 10 42  1.040  3.5   1
     4804  26.859855  102.963916    14.217     2547.1    -9986.8     8080.6    751.7    672.4    654.3 2023  3  8 10 57 26.430  3.6   1
     4807  26.842273  102.983187    10.949     4461.8   -11934.8     4812.5    578.1    632.5    599.8 2023  3  8 11 16  2.730  4.7   1
     4808  26.849624  102.991390    11.509     5276.5   -11120.4     5372.6    774.3    670.7    850.5 2023  3  8 11 32  1.250  4.6   1
     4809  26.870744  102.981698    19.294     4313.8    -8780.3    13158.0   1147.2    985.8    909.1 2023  3  8 11 36 49.380  4.0   1
     4810  26.859491  102.972933    15.554     3442.8   -10027.1     9418.1    782.2    757.5   1059.4 2023  3  8 11 52 20.980  3.7   1
     4811  26.852702  102.983073    14.222     4450.3   -10779.3     8085.3    634.2    712.0    870.4 2023  3  8 12 16  0.270  3.5   1
     4812  27.118439  102.869889    13.290    -6785.7    18665.1     7153.7   1067.6    670.8    964.4 2023  3  8 12 28 57.760  4.6   1
     4815  26.846218  102.912061     8.555    -2604.1   -11497.8     2418.6    948.3    781.7   1035.9 2023  3  8 13 18 43.040  4.4   1
     4816  26.799888  103.108643    13.877    16928.9   -16631.2     7741.0   2377.7   3379.1   3415.3 2023  3  8 13 21 55.630  3.1   1
     4817  26.855599  102.975073     8.343     3655.5   -10458.3     2206.9    841.8    874.2   1223.0 2023  3  8 14 11 31.600  3.5   1
     4819  26.863906  102.942944    13.912      464.4    -9537.8     7775.3    763.7    633.9    606.0 2023  3  8 14 20 24.160  3.3   1
     4820  26.864882  102.948568    16.416     1022.9    -9429.7    10279.7    907.5    741.4    669.7 2023  3  8 14 27 34.400  3.3   1
     4822  26.857682  102.919377    13.176    -1877.2   -10227.4     7040.1    901.8    719.4    939.9 2023  3  8 15 29 19.270  2.8   1
     4823  26.888552  102.933089    17.419     -514.6    -6807.1    11282.4    853.1    803.1    668.1 2023  3  8 15 31 26.470  3.0   1
     4825  26.865507  102.911816     6.200    -2627.9    -9360.4       64.1   3522.4   1419.2   2749.0 2023  3  8 15 57  8.030  2.1   1
     4826  26.862130  102.991626    13.155     5299.7    -9734.7     7019.0    766.3    708.3    587.3 2023  3  8 16 15 45.670  3.2   1
     4829  27.129675  102.838208    10.498    -9928.3    19910.0     4361.2    974.7    667.4   1142.3 2023  3  8 16 47  0.080  4.2   1
     4831  26.851288  102.939437     8.830      115.4   -10936.0     2694.0    883.0    689.3    957.3 2023  3  8 17 18 39.800  3.2   1
     4833  26.853660  102.949080    13.093     1073.9   -10673.0     6956.8    888.1    740.4    919.1 2023  3  8 17 31 52.760  3.1   1
     4835  26.915979  102.976107    21.158     3757.7    -3768.0    15021.2   1520.3   1787.3    963.8 2023  3  8 17 40 48.800  3.0   1
     4836  27.032251  102.806307     4.024   -13099.7     9115.1    -2112.5   1913.1   1336.7   6833.2 2023  3  8 17 47 34.280  2.6   1
     4837  26.852307  102.939697    14.251      141.7   -10823.1     8115.0    995.0    720.9    663.8 2023  3  8 17 50 50.880  4.7   1
     4839  27.153780  102.840283    18.414    -9721.2    22580.9    12277.9   2207.0   1628.2   1757.3 2023  3  8 18  7 10.320  3.2   1
     4840  26.799550  102.980143    15.078     4160.2   -16668.6     8941.5   1229.3    866.4   1070.3 2023  3  8 18 13 36.560  4.5   1
     4841  26.924121  102.919360    17.514    -1878.1    -2865.9    11377.4   2232.6   2423.9   2334.3 2023  3  8 18 21 47.320  3.0   1
     4842  26.831838  102.970410     6.444     3193.2   -13091.2      307.2   1644.6    989.2   1872.6 2023  3  8 18 28  0.140  3.5   1
     4844  26.856726  102.940405    14.518      212.0   -10333.5     8381.3    847.4    672.4    705.0 2023  3  8 18 45 27.760  2.8   1
     4845  26.831773  102.961629     5.259     2320.7   -13098.3     -877.1   1375.2   1159.2   2237.8 2023  3  8 18 49 30.880  3.0   1
     4846  26.857389  102.868034    16.148    -6977.6   -10259.9    10012.1   2266.2   1674.3   2048.8 2023  3  8 18 52 11.660  2.8   1
     4847  26.852022  102.980119     9.996     4156.9   -10854.7     3859.4   1539.6   1301.0   1281.5 2023  3  8 18 57 27.600  2.7   1
     4849  26.958606  102.847795    13.082    -8984.4      955.1     6945.3   1908.4   1513.1   1546.2 2023  3  8 19  8 18.620  2.2   1
     4851  26.849182  102.941455     7.758      315.8   -11169.4     1621.3    921.6    852.4   1269.1 2023  3  8 19 33  5.040  3.0   1
     4852  26.283777  103.453019    17.891    51262.2   -73817.7    11754.6   6501.0   2477.7   6717.6 2023  3  8 19 33 48.560  2.9   1
     4853  26.863247  102.912557    16.723    -2554.4    -9610.9    10586.6   1157.8    721.4    734.8 2023  3  8 19 41 40.980  4.5   1
     4855  27.205062  102.983211    35.472     4457.5    28263.1    29335.7   2658.9   1975.1   1220.5 2023  3  8 19 46 44.880  3.6   1
     4856  26.950629  102.880884    22.762    -5698.5       71.3    16625.9   2406.8   1307.8   1163.2 2023  3  8 19 58 16.760  3.6   1
     4858  26.837205  102.918262     4.672    -1987.8   -12496.3    -1464.8   1378.0   1264.2   2444.7 2023  3  8 20 22 50.720  3.1   1
     4859  26.862197  102.890535     6.677    -4741.8    -9727.3      540.8   1139.5    800.4   1212.1 2023  3  8 20 54 12.440  2.3   1
     4860  26.534436  102.809131    27.432   -12846.9   -46043.9    21295.8   2033.0   1693.0   1498.3 2023  3  8 21  4 13.340  4.1   1
     4861  26.838125  102.961589     7.398     2316.3   -12394.6     1261.5    816.7    735.4   1381.2 2023  3  8 21  9 17.160  3.3   1
     4862  26.667242  102.681152    11.064   -25563.8   -31328.8     4927.8   2221.5   4959.9   3301.9 2023  3  8 21 46 27.540  3.0   1
     4863  26.851115  102.955225    10.976     1683.7   -10955.1     4839.2    806.4    752.2    690.5 2023  3  8 22  6  3.880  2.9   1
     4864  26.835148  102.923958     4.305    -1422.3   -12724.3    -1831.7   1240.8   1041.8   3213.4 2023  3  8 22 14 55.040  2.5   1
     4865  26.809229  102.987142    19.234     4855.3   -15596.2    13097.6   1329.1    859.3   1010.6 2023  3  8 22 22 31.160  3.0   1
     4866  26.855737  103.008822     7.756     7008.6   -10443.0     1619.6   1765.6   1744.3   1396.9 2023  3  8 22 33 58.560  2.5   1
     4867  26.857190  102.974219    13.880     3570.7   -10282.0     7743.3    817.2    675.5    552.8 2023  3  8 22 37 23.320  5.3   1
     4868  26.862056  102.985994    16.000     4740.4    -9742.9     9863.2   1817.3   1384.6   1734.0 2023  3  8 22 44  6.640  2.9   1
     4869  26.844212  102.974569     9.816     3605.7   -11720.1     3679.4    632.3    708.1   1057.1 2023  3  8 22 47 56.720  3.4   1
     4870  26.848232  102.963200    10.856     2476.5   -11274.7     4719.4    665.9    647.3    608.0 2023  3  8 22 53 20.080  4.4   1
     4871  26.867476  102.952075    11.455     1370.9    -9142.2     5318.8    908.1    770.9    694.5 2023  3  8 23  1 14.240  4.4   1
     4873  26.858238  102.970280    10.562     3179.6   -10165.9     4425.3   1061.6    660.5    709.5 2023  3  8 23 12 30.480  3.6   1
     4874  26.853186  103.026790     7.398     8793.8   -10725.7     1261.1    847.6    942.4   1499.9 2023  3  8 23 13 55.680  3.0   1
     4875  26.847709  102.950334     9.671     1197.9   -11332.6     3534.5    981.1    849.9   1154.6 2023  3  8 23 18 10.680  3.7   1
     4876  26.849788  102.931388    11.574     -684.3   -11102.0     5437.9   1112.0    769.6    799.1 2023  3  8 23 31 30.160  3.5   1
     4878  26.857918  102.986735    15.165     4814.1   -10201.4     9028.9    804.9    738.1    790.6 2023  3  8 23 45 23.320  3.4   1
     4879  26.839827  102.932430    11.309     -580.2   -12205.9     5172.5    912.3    723.5    886.5 2023  3  8 23 46 48.580  3.6   1
     4881  26.860402  102.944930     8.284      661.4    -9926.1     2147.4    733.1    741.6    971.6 2023  3  9  0  8 16.170  3.0   1
     4882  26.844651  103.001676     9.727     6298.9   -11671.2     3590.7    655.9    720.3    911.6 2023  3  9  0 11 33.010  3.5   1
     4883  26.865578  102.918123    11.207    -2001.4    -9352.5     5070.7   1283.6    874.7    920.2 2023  3  9  0 20 14.340  4.0   1
     4884  26.864417  102.954777    17.701     1639.6    -9481.3    11564.8    887.3    788.2    630.5 2023  3  9  0 23 50.010  4.0   1
     4886  26.894952  102.762354    18.283   -17472.9    -6097.9    12146.6   2360.6   1331.3   1781.5 2023  3  9  0 34 17.400  2.9   1
     4888  27.195860  103.136572    11.518    19669.4    27243.5     5381.2   1535.8   1682.9   1607.5 2023  3  9  1  1 20.590  3.9   1
     4889  26.852024  102.891512     5.495    -4645.6   -10854.3     -641.3   1334.3    787.5   1459.5 2023  3  9  1 15 13.760  3.7   1
     4890  26.858807  102.929932    11.645     -828.7   -10102.9     5508.5    914.3    750.2    833.2 2023  3  9  1 40 14.960  3.8   1
     4891  26.839160  102.933480     6.938     -476.0   -12279.7      801.8   1325.0   1048.9   1826.6 2023  3  9  2 27 12.940  3.1   1
     4893  26.856698  102.973413    10.599     3491.1   -10336.5     4462.8    826.0    765.2    538.7 2023  3  9  5 13 22.700  5.9   1
     4894  26.852283  102.976587    13.696     3806.1   -10825.7     7559.9    812.9    780.9    884.4 2023  3  9  5 38 48.930  3.3   1
     4896  26.828400  103.059603     2.754    12054.7   -13472.1    -3381.9   1088.1   1460.7   4460.6 2023  3  9  6 11 37.020  2.8   1
     4897  26.872489  102.918742    11.652    -1940.1    -8586.9     5515.3   2076.8   1359.5   1440.1 2023  3  9  6 15  2.590  3.8   1
     4898  26.867037  102.973665     8.471     3515.8    -9190.9     2335.0    926.9    896.0   1027.6 2023  3  9  6 15 57.280  3.5   1
     4900  26.852667  102.978060    10.384     3952.4   -10783.1     4247.9    785.5    723.3    738.3 2023  3  9  6 32  3.540  4.3   1
     4901  26.835258  102.984269     9.072     4569.5   -12712.2     2935.3   2058.2   1602.2   2492.3 2023  3  9  6 38 46.240  4.1   1
     4902  26.856561  102.971590    10.761     3309.7   -10351.7     4624.6    832.8    748.7    506.9 2023  3  9  6 45 48.880  4.0   1
     4903  26.862455  102.959058    10.813     2064.7    -9698.6     4676.2    874.3    691.0    900.4 2023  3  9  6 46 51.560  3.8   1
     4905  26.843850  102.953979     5.123     1560.4   -11760.2    -1013.7    842.9    877.5   1804.5 2023  3  9  7  8 25.460  3.1   1
     4908  26.882605  102.978092     6.133     3955.0    -7465.9       -3.3   1570.7   2202.1   1742.4 2023  3  9  7 34  8.340  3.7   1
     4909  26.879091  102.917936    18.259    -2019.9    -7855.2    12123.0   1443.0    961.2    824.5 2023  3  9  7 34 40.850  4.3   1
     4910  26.861788  102.962712    11.357     2427.4    -9772.5     5220.7    790.5    725.8    526.4 2023  3  9  7 45 49.050  3.3   1
     4911  26.859408  102.982389    10.496     4382.3   -10036.2     4359.6    842.1    784.1    593.2 2023  3  9  7 50 26.180  3.9   1
     4912  26.843903  102.977376    12.220     3884.9   -11754.3     6083.7    804.8    783.3    741.3 2023  3  9  8  5  8.630  4.8   1
     4914  26.848897  102.946305     7.201      797.7   -11200.9     1064.6    823.2    784.4   1206.9 2023  3  9  8 52 12.370  3.2   1
     4915  26.902608  102.825293     6.277   -11221.4    -5249.5      140.3   4348.5   2156.7   2147.9 2023  3  9  8 54 15.880  2.3   1
     4916  26.855027  102.980184    11.474     4163.7   -10521.6     5337.5    813.1    719.1    539.0 2023  3  9  9  0 32.420  4.1   1
     4917  26.854529  102.976514     8.154     3798.7   -10576.9     2018.0    955.2    871.6    826.5 2023  3  9  9  4 21.020  3.5   1
     4918  26.852460  102.942562    10.631      425.7   -10806.1     4494.3   1088.4    842.8   1137.6 2023  3  9  9 17 12.240  4.3   1
     4922  26.842871  102.964974     6.417     2652.5   -11868.7      280.6   1712.6   1260.2   1556.3 2023  3  9  9 50 21.030  3.1   1
     4923  26.851351  102.952238     6.218     1387.5   -10929.1       81.6   1628.4   1214.9   1324.5 2023  3  9 10 14 26.460  3.2   1
     4924  27.169149  103.281405     1.886    34040.0    24284.0    -4250.0   1626.6   3153.5   3567.3 2023  3  9 10 23 25.460  4.5   1
     4926  27.117159  102.856445    11.265    -8119.8    18523.2     5128.4   1050.5    609.6    996.8 2023  3  9 10 41  7.130  4.5   1
     4927  26.865297  102.931925    13.921     -630.2    -9383.6     7784.2   2324.4    933.1   1282.1 2023  3  9 10 51 15.590  3.2   1
     4928  26.854354  102.957894     6.491     1949.1   -10596.3      354.2    842.3    756.6   1028.5 2023  3  9 10 55  9.960  2.9   1
     4929  26.874131  102.965422    14.503     2696.7    -8404.8     8366.3    759.9    745.2    621.1 2023  3  9 11 29 18.650  3.4   1
     4930  26.862004  102.984969    10.846     4638.6    -9748.6     4709.6    793.1    755.4    692.7 2023  3  9 11 30 47.930  3.3   1
     4931  26.856930  102.820264    17.685   -11722.9   -10310.9    11549.0   2632.2   1462.7   1832.5 2023  3  9 11 40 41.810  2.3   1
     4932  26.827688  102.973730     9.986     3522.9   -13550.9     3849.8   1095.9    985.3   1342.0 2023  3  9 11 48 52.580  3.7   1
     4936  26.826945  102.800163     9.383   -13721.8   -13633.3     3246.7   2597.1   1845.2   6026.8 2023  3  9 12 13  4.190  3.8   1
     4937  27.181592  103.114469    14.279    17478.1    25662.6     8142.6   1365.4   1600.5   1459.3 2023  3  9 12 14 19.580  4.0   1
     4941  26.850633  102.969434     7.232     3095.3   -11008.7     1095.8   1591.9   1424.1   2469.4 2023  3  9 12 37 23.010  3.2   1
     4942  26.976794  102.731014    21.063   -20578.2     2970.5    14926.4   1536.1   2598.9   1459.9 2023  3  9 12 40 58.270  3.0   1
     4944  26.868431  103.010099    12.249     7135.2    -9036.6     6113.1   1308.2    949.2   1189.9 2023  3  9 13 20 30.600  3.4   1
     4947  26.885828  102.995630    19.077     5696.8    -7108.9    12941.1   1277.4   1130.5   1300.9 2023  3  9 14 15 34.310  3.5   1
     4948  26.840999  102.990877    10.864     5226.0   -12076.0     4727.8    760.8    721.4    794.5 2023  3  9 14 21 16.690  3.2   1
     4950  26.767417  103.093913    24.438    15467.6   -20229.1    18301.5   2006.0   6975.8   2106.3 2023  3  9 15 33 32.020  2.3   1
     4951  26.865389  102.848885    13.494    -8879.4    -9373.5     7357.2   2582.6   1824.5   1892.7 2023  3  9 15 45 48.130  2.2   1
     4952  26.846796  102.997876     8.200     5921.0   -11433.7     2063.9    736.7    704.3   1094.7 2023  3  9 16 32  5.440  4.1   1
     4953  26.834776  103.020898     4.203     8208.6   -12765.5    -1932.9   1055.9    985.2   2465.9 2023  3  9 16 36 57.300  3.1   1
     4954  26.975545  103.026335    28.331     8743.8     2832.0    22194.9   1959.3   3817.8   1157.2 2023  3  9 17 42 57.340  2.4   1
     4958  26.859973  102.882764    12.116    -5513.9    -9973.5     5979.5   1192.7    856.3   1023.4 2023  3  9 19  9 13.540  4.3   1
     4959  26.848834  102.931348    11.027     -688.2   -11207.9     4890.7    891.9    683.4    864.7 2023  3  9 19 16 19.620  2.8   1
     4962  26.848678  102.943921    16.098      561.2   -11225.2     9961.7   1314.7    864.9    908.0 2023  3  9 20  3 57.880  2.9   1
     4963  26.855261  102.946134    11.219      780.8   -10495.7     5082.9    835.5    733.2    802.9 2023  3  9 20 12 33.500  2.8   1
     4965  26.831580  102.941610    16.598      331.6   -13119.7    10461.6    858.2    745.1    827.6 2023  3  9 20 24 24.560  5.8   1
     4966  26.856976  102.948006    13.638      967.0   -10305.6     7501.2    838.0    699.8    591.5 2023  3  9 20 28 34.180  3.9   1
     4967  26.837187  102.981128    11.508     4257.3   -12498.4     5371.1   1064.9    911.8   1909.3 2023  3  9 20 43  5.520  3.9   1
     4968  26.855843  102.975488    11.691     3696.6   -10431.2     5555.0    792.5    714.9   1120.1 2023  3  9 20 45 26.880  3.4   1
     4969  26.849123  102.955200    10.138     1681.6   -11175.8     4002.1    860.9    707.9    891.2 2023  3  9 20 49 10.180  3.5   1
     4971  26.829026  102.975431     6.719     3692.0   -13402.7      582.9    839.7    784.8   1309.1 2023  3  9 20 56  0.000  2.7   1
     4972  26.858889  102.955526    13.191     1714.1   -10093.7     7054.3    730.6    806.7    719.9 2023  3  9 20 59 26.520  3.3   1
     4974  26.863824  102.965755    13.224     2730.2    -9547.0     7087.2    746.0    667.2    528.0 2023  3  9 21  6 49.720  5.2   1
     4975  26.871307  102.934546    14.857     -369.9    -8717.8     8721.0   1039.3    826.3   1346.4 2023  3  9 21 12 28.800  3.3   1
     4977  26.884438  102.886507     8.214    -5141.6    -7262.9     2077.9   1274.9    904.6    949.3 2023  3  9 21 21 14.400  2.6   1
     4978  26.852816  102.981242    14.547     4268.3   -10766.8     8411.1    730.8    735.9    866.8 2023  3  9 21 23 53.800  3.0   1
     4981  26.856523  102.951823    11.756     1346.4   -10356.0     5619.2    752.3    675.3    653.7 2023  3  9 21 36  5.360  3.9   1
     4982  26.857768  102.926522    14.889    -1167.4   -10218.0     8752.4   1379.1    883.3   1011.3 2023  3  9 21 40 47.760  3.0   1
     4983  26.877858  102.952547     7.452     1417.5    -7991.9     1315.9    966.2    871.5    981.2 2023  3  9 21 43 21.640  3.0   1
     4984  26.847420  102.984489    11.368     4591.0   -11364.4     5231.4    615.0    685.3    680.2 2023  3  9 21 46 59.720  2.8   1
     4985  27.344670  102.812044    12.802   -12512.6    43732.0     6665.3   1552.7   1351.5   1479.0 2023  3  9 21 47 21.480  3.4   1
     4987  26.849432  102.685352     9.595   -25125.9   -11141.5     3458.1   2667.4   1722.1   2997.0 2023  3  9 22  4 25.600  2.9   1
     4988  26.878646  102.907430    12.555    -3063.7    -7904.7     6418.3   1010.2    693.5    714.2 2023  3  9 22 21 41.340  2.9   1
     4990  26.857918  102.932340    11.100     -589.3   -10201.4     4963.6   1248.4    815.7    906.1 2023  3  9 22 27 35.960  3.4   1
     4991  26.925368  103.057430    13.768    11833.8    -2727.7     7632.1   1181.5   1799.2   1293.3 2023  3  9 22 30  7.120  2.9   1
     4992  26.861582  102.953117    10.845     1474.9    -9795.4     4708.6    759.7    667.1    669.3 2023  3  9 22 48 34.400  3.8   1
     4993  26.925037  102.889152    14.422    -4878.3    -2764.4     8286.1   2444.4   1639.8   1541.2 2023  3  9 23 12 44.980  3.2   1
     4994  26.848682  102.974186    10.326     3567.4   -11224.7     4190.1   1196.1    854.7   1309.2 2023  3  9 23 23 57.040  3.0   1
     4997  26.861292  102.960555    12.515     2213.1    -9827.5     6378.9    822.0    641.3    565.6 2023  3 10  0 20 44.950  5.5   1
     4998  26.900671  102.882080     6.976    -5581.2    -5464.1      839.6   2378.0   1355.6   2481.2 2023  3 10  0 49 26.930  2.6   1
     4999  26.853843  102.951831    11.692     1346.5   -10652.8     5555.5    802.0    645.2    578.6 2023  3 10  0 50 10.610  4.2   1
     5000  26.851866  102.978141    14.551     3960.4   -10872.0     8414.9    903.9    866.8   1579.3 2023  3 10  1 32 17.130  4.6   1
     5001  26.859625  102.965788    12.259     2733.3   -10012.3     6122.2    789.3    735.6    516.7 2023  3 10  1 58 31.600  2.6   1
     5002  26.945886  102.853499     8.721    -8418.0     -454.2     2584.6   3842.2   2632.3   3169.4 2023  3 10  2 12 39.300  3.4   1
     5003  26.463967  102.867537     1.379    -7038.9   -53852.2    -4757.8   1460.0   1611.5   2182.4 2023  3 10  2 15  8.720  2.8   1
     5004  26.865334  102.916406     9.105    -2172.2    -9379.7     2969.1   1190.2    866.7   1012.5 2023  3 10  2 51 15.710  3.4   1
     5005  26.944649  102.839160    10.158    -9842.3     -591.4     4021.9   3237.3   2230.7   3093.0 2023  3 10  2 53 24.800  3.2   1
     5007  26.842478  102.976221     9.494     3770.0   -11912.2     3358.0    731.3    702.9    907.3 2023  3 10  3 17 29.440  3.0   1
     5009  26.844035  103.003483    14.382     6478.6   -11739.7     8245.2   1082.7    987.1   1328.2 2023  3 10  3 28 22.810  3.7   1
     5010  26.850574  102.949023    11.260     1068.1   -11015.0     5123.7   1017.3    719.9    793.9 2023  3 10  3 57 59.450  3.5   1
     5011  26.868571  102.934294    11.841     -395.1    -9020.9     5704.6    821.1    745.1    630.0 2023  3 10  5 39 33.770  2.9   1
     5012  26.944043  102.822616    10.078   -11485.4     -658.4     3941.5   1232.8   1278.8   1209.3 2023  3 10  6  4 49.250  2.8   1
     5014  26.867267  102.953963    11.882     1558.5    -9165.5     5745.7    770.5    738.0    472.8 2023  3 10  6 35 52.600  3.3   1
     5015  26.980501  102.800098     9.277   -13719.0     3381.1     3140.3   1433.5   1419.3   1513.1 2023  3 10  6 36 58.260  2.9   1
     5016  26.449329  103.030509    32.566     9179.3   -55474.2    26430.0   3092.4   2263.0   1614.5 2023  3 10  6 42  5.050  3.1   1
     5018  26.965928  103.119263    28.964    17970.7     1766.6    22827.3   1881.2   1815.1   1759.6 2023  3 10  8  5 55.620  4.0   1
     5019  26.832475  102.980566     1.328     4202.0   -13020.4    -4808.6   2276.0   1519.0   2412.5 2023  3 10  9 22 50.310  3.5   1
     5021  26.860878  102.913232     8.565    -2487.7    -9873.3     2428.2   1096.8    793.6   1112.8 2023  3 10 10 18  2.270  2.9   1
     5022  26.848665  102.994368    10.489     5572.7   -11226.5     4353.0    785.3    943.2    750.8 2023  3 10 11 21 23.550  3.4   1
     5023  26.859489  102.967106    13.916     2863.8   -10027.2     7779.8    746.7    729.1    580.8 2023  3 10 12 19 19.430  3.5   1
     5024  26.840753  102.974650    12.910     3613.7   -12103.3     6773.9    585.7    641.5    802.7 2023  3 10 13 19 22.060  4.1   1
     5030  26.854201  102.967025     8.710     2855.9   -10613.2     2573.4   1083.5    923.1   1147.7 2023  3 10 14 54 40.440  2.6   1
     5031  26.880951  102.994165    20.380     5551.9    -7649.1    14243.2   2498.9   1424.4   1287.7 2023  3 10 15 26 52.480  3.2   1
     5032  26.851093  102.940332    14.997      204.5   -10957.5     8860.2   1083.8    861.5   1888.8 2023  3 10 16 13 27.840  3.8   1
     5033  26.546100  103.039185    15.324    10038.3   -44751.6     9187.5   1993.7   1895.4   1564.7 2023  3 10 16 25 17.000  4.2   1
     5036  27.031346  102.899227    11.323    -3876.0     9014.8     5186.3   1133.2    686.9    975.9 2023  3 10 18  8  4.040  4.8   1
     5037  26.852260  103.051758    14.878    11273.6   -10828.3     8741.9   1288.6   1287.8   1102.5 2023  3 10 18 24 11.920  3.2   1
     5039  26.846230  102.900505     9.363    -3752.1   -11496.4     3227.0   1351.3    864.3   1283.3 2023  3 10 18 44 12.400  2.9   1
     5040  27.044816  102.952360     6.839     1397.9    10507.5      702.2   2580.7   2476.7   3101.9 2023  3 10 18 51 11.580  3.8   1
     5041  27.022817  102.890470    11.864    -4745.3     8070.0     5727.9   1651.0    904.2    988.3 2023  3 10 18 52 49.780  3.7   1
     5042  27.035372  102.888558     8.224    -4935.0     9461.0     2087.4   1318.7    804.4    991.0 2023  3 10 18 54 26.660  3.8   1
     5043  27.032292  102.890584     9.506    -4733.7     9119.6     3370.1   1189.3    716.5    939.8 2023  3 10 18 57 22.840  3.7   1
     5044  27.030257  102.886279    10.307    -5160.8     8894.2     4170.6   1154.1    791.7    996.6 2023  3 10 19  2 23.560  3.3   1
     5045  27.030957  102.908236     9.087    -2981.4     8971.8     2950.5   1419.2    823.0   1139.3 2023  3 10 19  5 56.440  3.2   1
     5046  27.040592  102.906966     7.682    -3107.8    10039.6     1545.8   1146.2    997.5   1624.1 2023  3 10 19  8  5.920  3.1   1
     5048  27.010486  102.894678    12.150    -4328.1     6703.6     6013.2   1319.0   1041.7    895.4 2023  3 10 19 23 42.860  2.3   1
     5049  26.865851  102.948714     9.933     1037.3    -9322.4     3796.1    924.9    721.6    805.5 2023  3 10 19 42 54.160  3.0   1
     5050  27.042999  102.885645    11.955    -5223.5    10306.2     5818.8   2412.9   2206.7   1396.8 2023  3 10 19 43 53.320  2.3   1
     5051  27.028434  102.884204    12.659    -5367.2     8692.4     6523.0   1543.4    878.7    953.1 2023  3 10 19 48 21.480  4.0   1
     5052  27.028029  102.901099     8.601    -3690.0     8647.3     2464.5   1129.6    731.6    934.1 2023  3 10 19 55 36.560  3.2   1
     5053  26.982902  103.024674     9.237     8577.9     3647.1     3100.8   1462.5   1999.7   1688.6 2023  3 10 20  2 56.200  2.9   1
     5054  26.857585  102.958944     7.621     2053.1   -10238.2     1485.0    824.9    743.6    939.1 2023  3 10 20 14 21.840  3.4   1
     5055  27.028428  102.895915    10.062    -4204.8     8691.5     3925.5   1171.8    781.1   1018.1 2023  3 10 20 25 37.900  3.9   1
     5056  27.014358  102.882674    15.079    -5519.7     7132.5     8942.5   1542.4   1056.9   1089.4 2023  3 10 20 28 52.880  3.1   1
     5057  27.018923  102.827002     8.568   -11045.9     7638.5     2431.9   2931.8   1981.2   2194.0 2023  3 10 20 42 23.920  2.8   1
     5058  27.093689  102.968612    12.709     3011.0    15922.7     6572.2   1715.2   1044.1   1556.6 2023  3 10 20 43 45.460  3.6   1
     5059  27.311214  102.804688    10.444   -13244.0    40025.0     4307.9   2248.4   2729.0   2224.1 2023  3 10 20 54 43.840  2.3   1
     5060  27.032707  102.863713    13.126    -7401.4     9165.7     6989.4   3213.8   2386.6   2281.3 2023  3 10 20 58 56.520  2.7   1
     5061  26.854673  102.964225     8.703     2578.0   -10561.0     2567.1   1224.9    835.0   1099.4 2023  3 10 21  1 11.540  3.5   1
     5064  26.848881  102.969914     6.204     3143.3   -11202.8       67.5    933.5    889.9   1951.5 2023  3 10 21 25  8.900  3.2   1
     5065  26.845194  102.947852     9.506      951.7   -11611.1     3369.1    930.0    688.3    978.9 2023  3 10 21 37 59.520  3.1   1
     5066  27.036538  102.804940     9.355   -13234.8     9590.3     3218.8   2522.3   2009.8   3078.6 2023  3 10 21 42 31.720  2.3   1
     5069  27.082300  102.786564    13.646   -15055.6    14660.7     7510.0   1649.4   1170.6   1593.8 2023  3 10 22  4 39.760  2.7   1
     5070  26.852616  102.965739     8.201     2728.9   -10788.8     2064.5    722.0    711.2    900.0 2023  3 10 22 15  6.200  3.0   1
     5071  27.119720  102.853084    13.565    -8453.0    18807.0     7428.8   1105.0    702.6    981.2 2023  3 10 22 20 47.880  3.5   1
     5072  26.868414  102.937443    12.906      -82.1    -9038.4     6769.5    785.6    663.3    485.2 2023  3 10 22 47  7.080  2.2   1
     5074  26.916156  102.860433     7.816    -7730.4    -3748.4     1679.1   1941.6   1324.0   2009.8 2023  3 10 22 54 53.120  2.8   1
     5078  27.085537  102.868652    12.541    -6909.1    15019.4     6404.1   1184.4    770.5   1177.8 2023  3 10 23  3 53.680  2.9   1
     5079  26.857216  102.949813     5.818     1146.0   -10279.1     -318.1    689.4    712.8   1377.6 2023  3 10 23 16  8.140  3.5   1
     5080  26.869865  102.967643     9.316     2917.7    -8877.7     3179.9    738.3    741.7    816.8 2023  3 10 23 23 55.640  3.3   1
     5081  26.920235  102.863949    11.136    -7381.0    -3296.4     4999.9    914.2    703.0    879.9 2023  3 10 23 37 25.440  2.8   1
     5082  27.024300  102.925317     7.434    -1286.1     8234.2     1297.7   1157.2   1184.7    946.1 2023  3 10 23 55 58.480  3.3   1
     5083  27.106602  102.822933    10.173   -11445.5    17353.4     4037.1    968.2    709.1   1099.9 2023  3 11  0  8 26.740  3.5   1
     5085  26.870953  102.933610    11.591     -462.9    -8757.0     5455.0    918.3    697.6    605.7 2023  3 11  3 10 54.210  2.8   1
     5086  27.060453  103.213647    24.401    27331.1    12240.0    18264.2   1794.6   1776.7   1940.9 2023  3 11  9 41 57.060  3.9   1
     5087  26.861719  102.942912    13.958      460.6    -9780.2     7821.5    856.1    694.0   1027.2 2023  3 11 13  1 44.270  3.3   1
     5088  26.862097  102.903988     8.603    -3405.9    -9738.3     2467.1   2007.6   1409.2   2036.9 2023  3 11 13 41 47.870  2.5   1
     5090  26.898391  102.956453    10.897     1806.0    -5716.8     4761.0    843.5    723.9    710.3 2023  3 11 14  5 56.920  3.6   1
     5091  26.933695  102.776823     7.908   -16032.7    -1804.9     1772.0   1319.9   1794.8   1712.6 2023  3 11 14 29 21.430  2.3   1
     5092  27.098751  102.816593     9.802   -12074.4    16483.5     3665.2    948.9    929.7   1351.2 2023  3 11 14 41 36.040  2.8   1
     5094  27.157670  103.130794     7.033    19099.5    23011.9      897.1   3376.1   3323.2   4922.8 2023  3 11 17 35 13.900  3.0   1
     5097  27.036351  102.935596    28.789     -265.5     9569.5    22652.8   2864.7   2147.9   1826.9 2023  3 11 18 52 44.640  2.7   1
     5101  26.958268  102.851546    18.151    -8611.3      917.6    12014.5   1649.0   1294.7   1207.7 2023  3 11 19 32 36.480  2.6   1
     5102  27.223354  103.114339     8.512    17462.2    30290.0     2375.5   1656.0   3808.2   2562.6 2023  3 11 19 38 13.900  2.3   1
     5106  26.875859  102.870760     8.052    -6706.2    -8213.5     1915.4   1497.4    978.3   1988.0 2023  3 11 21  1 59.360  2.7   1
     5108  26.866752  103.016333    16.523     7754.4    -9222.4    10386.3   1041.3   1044.4   1484.7 2023  3 11 21 12 16.400  3.5   1
     5109  27.206093  102.864966     8.799    -7271.0    28377.3     2662.5   1259.1   1809.8   1862.8 2023  3 11 21 13 39.920  2.6   1
     5114  27.200533  103.057601    30.664    11836.5    27761.3    24527.2   2817.1   2798.6   2004.0 2023  3 11 23 17 37.340  4.2   1
     5115  27.160952  103.123551    12.280    18380.5    23375.6     6143.8   1245.1   1228.5   1350.6 2023  3 11 23 30 29.120  4.9   1
     5121  26.838324  102.942480    13.037      418.2   -12372.5     6900.2    734.9    670.7    531.8 2023  3 12  1 19  0.220  4.1   1
     5132  26.851717  102.952450    10.176     1408.6   -10888.4     4039.6   1129.8    856.8    847.7 2023  3 12  8 12 14.250  3.6   1
     5135  26.979614  102.885189    16.599    -5270.6     3282.9    10462.9   2484.4   1295.4   1328.5 2023  3 12  9 31 38.510  3.5   1
     5137  26.940668  102.950212    22.734     1185.2    -1032.4    16598.0   1656.3   1391.1   1004.9 2023  3 12 10 58 37.420  3.1   1
     5142  27.054972  103.031641     8.905     9267.4    11632.8     2768.7   1974.3   1665.2   2898.6 2023  3 12 12 20  9.100  3.2   1
     5143  26.664366  103.002848    12.144     6420.5   -31647.5     6008.0   1649.9   1667.5   1605.1 2023  3 12 13  0 24.520  2.7   1
     5145  27.049158  102.733130    12.494   -20361.7    10988.6     6357.6   1666.2   1625.7   1999.9 2023  3 12 13 52 15.170  3.9   1
     5146  26.955202  102.925871    24.266    -1231.9      578.0    18129.8   1802.5   1122.0   1075.6 2023  3 12 14 24 45.970  3.6   1
     5147  27.108348  102.880599    10.701    -5722.8    17547.0     4564.3   1421.1    651.5   1244.8 2023  3 12 15  0 31.970  2.8   1
     5148  26.878282  102.891610    14.754    -4635.5    -7945.0     8617.5    852.9    751.0    649.0 2023  3 12 15 10  5.380  3.3   1
     5149  27.245561  102.949251    13.158     1088.5    32750.5     7022.0   1885.2   1505.7   1264.3 2023  3 12 15 25 59.050  4.1   1
     5150  27.030068  102.799569    17.982   -13768.6     8873.3    11845.4   1499.2   1341.1   1340.4 2023  3 12 15 38 22.330  3.2   1
     5152  26.864830  102.934465     9.143     -377.9    -9435.6     3006.6    765.4    701.4    846.6 2023  3 12 16  1 19.410  2.5   1
     5157  26.871395  102.916618    13.951    -2150.8    -8708.1     7814.4    851.6    638.7    665.7 2023  3 12 19  9 25.120  3.2   1
     5158  27.005426  102.790259     3.036   -14694.1     6142.9    -3100.3   1187.4   1222.6   2341.1 2023  3 12 19 23 38.260  3.5   1
     5159  26.906042  102.874536    15.442    -6330.5    -4869.1     9305.2   2978.0   1488.1   1264.5 2023  3 12 19 58 34.680  2.9   1
     5161  27.128520  102.845492     6.531    -9205.7    19781.9      394.2   1122.2    722.7   1167.2 2023  3 12 20 16 48.520  3.8   1
     5162  27.131191  102.834269     7.257   -10319.4    20077.9     1120.3   1074.1    677.6   1255.4 2023  3 12 20 30 52.180  2.9   1
     5164  27.118689  102.858813     4.511    -7884.8    18692.9    -1625.1   1132.2    864.4   1112.6 2023  3 12 20 59  2.920  3.1   1
     5165  26.944851  102.813916     4.492   -12348.5     -568.9    -1644.5   1678.4   1341.8   3341.4 2023  3 12 21 27  6.560  3.0   1
     5166  27.082782  103.026424    23.864     8748.1    14714.2    17727.7   1484.4   1106.0    846.9 2023  3 12 22 39 51.300  2.4   1
