        2  26.957418  102.961442    10.260     2300.9      823.5     4123.7   3418.3   3208.0   4190.1 2022  8 23 15 13 44.310  2.5   1
        3  26.919840  102.842863    11.526    -9475.6    -3340.2     5389.8   1835.5   2406.3   1624.0 2022  8 23 16 29 48.550  1.9   1
        4  27.207139  102.891479     4.401    -4641.6    28493.2    -1735.5   2323.4   3004.1   3267.3 2022  8 24  0  4  1.570  2.7   1
       10  26.887718  102.830046    17.193   -10749.6    -6899.5    11056.4   3165.9   2392.0   2891.2 2022  8 25  5 42 34.720  3.1   1
       17  26.845791  102.854736     0.360    -8298.9   -11545.2    -5776.7   2349.9   2009.5   4634.4 2022  8 25 20 32 57.960  3.0   1
       18  26.514246  103.207308     1.932    26765.4   -48281.1    -4204.3   2805.2   3691.4   5742.0 2022  8 25 20 33 33.180  2.7   1
       21  26.860919  102.888680    11.074    -4926.7    -9868.7     4937.7   2355.8   1890.0   2087.9 2022  8 26  0 10 20.460  2.9   1
       27  27.164317  103.014404     4.816     7553.0    23748.3    -1320.1   2349.2   2511.2   5402.4 2022  8 26  4 53 50.400  2.2   1
       30  26.724974  102.941268     2.842      297.5   -24931.9    -3294.1   3767.3   2331.0   5246.5 2022  8 26  7 53 47.970  2.8   1
       33  27.123865  103.191260     9.601    25102.4    19266.1     3464.7   2307.4   3166.0   3599.0 2022  8 26 11 33 19.160  3.3   1
       34  27.186682  103.074251     7.555    13488.1    26226.5     1418.9   2794.8   3181.4   5087.4 2022  8 26 11 45 18.180  2.6   1
       35  27.262651  103.037004     2.247     9790.2    34644.0    -3889.8   2217.5   3100.2   3156.5 2022  8 26 13 22 17.520  3.2   1
       37  26.967395  102.865104    13.021    -7265.1     1929.1     6884.9   2504.9   3286.3   2973.4 2022  8 26 15 55  6.860  2.2   1
       38  26.905365  103.065633    23.297    12649.0    -4944.1    17160.3   4947.4   2643.4   6375.5 2022  8 26 17 46 10.540  2.0   1
       41  27.127903  102.552865    10.389   -38240.6    19713.8     4252.8   2477.7   4545.5   3296.2 2022  8 26 20  0 27.640  2.7   1
       51  26.774410  103.120011     9.259    18060.6   -19454.3     3123.1   3771.6   1917.9   5546.5 2022  8 28 13 14 55.710  2.4   1
       52  26.881374  103.108838     4.549    16941.7    -7602.3    -1587.5   2361.7   2377.9   4498.4 2022  8 28 13 20 35.710  3.0   1
       53  27.284947  102.981006     6.246     4236.7    37114.6      109.2   1685.6   2424.4   3066.2 2022  8 28 13 35 16.260  2.2   1
       58  27.159324  103.119246     2.644    17954.2    23195.3    -3492.7   7872.4   1933.3   3680.5 2022  8 29  4 27 23.500  2.1   1
       59  27.307314  103.159310    18.409    21914.4    39592.9    12273.0   4019.3   4257.5   5334.7 2022  8 29  6 47 31.420  3.6   1
       64  26.912878  102.805762    15.892   -13160.3    -4111.5     9755.6   3357.8   3168.5   2950.6 2022  8 29 15 51  8.780  2.8   1
       70  27.068593  103.164274     5.222    22429.9    13142.1     -914.7   2417.0   1987.5   4312.5 2022  8 29 19 27 47.800  2.8   1
       71  27.065442  102.885132    11.584    -5274.2    12792.8     5448.0   3047.0   2318.6   2237.4 2022  8 29 19 57 47.120  2.7   1
       73  27.081954  102.907414     9.762    -3062.7    14622.5     3625.8   3463.0   2721.1   9815.7 2022  8 30  4 26 34.420  1.5   1
       79  26.671615  102.820679     6.214   -11691.2   -30844.2       77.2   3346.0   2294.9   5082.9 2022  8 30 15 26 52.470  3.2   1
       89  26.916231  102.797729     9.635   -13958.0    -3740.0     3498.8   2482.7   3243.6   3322.4 2022  8 31  7  3 37.080  3.6   1
       90  27.222734  102.942448     5.671      414.4    30221.2     -465.2   2447.4   2909.3   4313.6 2022  8 31  7 11  2.020  3.3   1
       91  26.565041  103.233553    40.334    29370.2   -42653.0    34197.2   4798.1   3739.9   7516.1 2022  8 31 10 53 13.050  2.7   1
       93  26.961692  102.894800    24.588    -4316.3     1297.1    18451.7   3507.5   3338.3   3398.3 2022  8 31 15 26 58.290  2.7   1
       98  26.811049  103.206340     7.177    26635.1   -15394.5     1040.8   2269.4   4357.8   3606.7 2022  8 31 19 14 47.980  2.3   1
       99  26.676585  103.011475    10.176     7277.4   -30293.5     4039.9   2828.4   2488.2   2157.5 2022  8 31 19 21 43.200  1.9   1
      101  26.932135  103.045907     0.429    10688.9    -1977.8    -5707.1   2588.2   3569.1   6107.4 2022  8 31 22 44 36.880  3.3   1
      103  27.177525  102.813639    10.994   -12363.4    25212.0     4857.2   3023.5   2555.2   4506.6 2022  9  1  2 23 47.100  3.0   1
      110  26.729702  102.926652    10.701    -1155.5   -24408.1     4564.1   2793.8   2180.5   2487.5 2022  9  1 14 13 43.450  2.6   1
      122  26.948515  103.084855    33.889    14555.2     -163.0    27752.9   6121.6   2927.4   2348.8 2022  9  2  6 12 33.880  3.3   1
      123  26.504889  102.831055     5.663   -10667.4   -49318.0     -473.2   3734.3   2683.3   4519.3 2022  9  2  7  0 50.150  2.7   1
      125  26.636348  103.069141    28.927    13012.7   -34751.9    22790.6   3641.4   2473.9   2811.9 2022  9  2 11 23 57.250  2.9   1
      126  27.054142  102.764079    22.833   -17289.3    11540.7    16696.2   4403.9   2370.7   1858.2 2022  9  2 12  7  5.920  3.6   1
      127  27.045339  102.863688    18.846    -7402.8    10565.3    12709.6   3810.4   2175.9   1594.9 2022  9  2 12 56 18.870  3.2   1
      129  27.268089  102.690348     0.937   -24584.2    35246.8    -5199.1   4331.9   2582.8   4287.1 2022  9  2 13 36 51.980  3.3   1
      131  27.344287  102.845166     9.782    -9229.6    43689.6     3646.0   3295.4   4597.8   6449.3 2022  9  2 16 43 50.880  3.8   1
      132  26.928841  102.805282    11.053   -13207.0    -2342.9     4917.0   3490.0   3396.5   6551.8 2022  9  2 16 49 23.410  3.5   1
      134  26.559078  103.067692     3.179    12873.3   -43313.6    -2957.7   4729.7   2688.8   5255.5 2022  9  2 17 47 13.280  1.9   1
      135  27.035073  103.130973     2.679    19128.0     9427.9    -3457.8   3323.0   4009.0   3897.2 2022  9  2 20 12 18.120  2.3   1
      136  27.026514  103.076237     4.637    13694.7     8479.4    -1499.1   2730.8   2692.5   4916.9 2022  9  2 20 33 28.560  3.1   1
      137  27.101642  103.055949     7.060    11677.5    16804.0      924.1   3308.9   2313.9   4432.7 2022  9  2 21 23 14.520  1.0   1
      144  26.574127  103.295671    18.904    35547.3   -41646.1    12767.8   8562.8   3954.6   5822.7 2022  9  3  9 16  5.250  3.6   1
      145  26.948751  103.181974     2.135    24199.1     -136.9    -4001.1   2896.3   2345.6   3820.0 2022  9  3 13  3 45.790  1.9   1
      146  26.923558  102.895801    22.155    -4217.9    -2928.2    16019.0   6326.8   2820.9   1376.0 2022  9  3 15 14 17.430  2.9   1
      147  26.893315  103.154289     8.861    21455.1    -6279.4     2724.7   2123.6   2244.3   5779.5 2022  9  3 15 21 35.480  3.1   1
      157  27.221926  102.929175    33.998     -902.3    30131.8    27861.2   3498.6   2999.2   3201.1 2022  9  4  3 45 26.740  3.8   1
      159  26.558482  103.005265     0.895     6664.0   -43379.7    -5241.2   2018.4   2508.5   2879.7 2022  9  4  6 31  7.150  3.1   1
      161  27.255619  103.043433     1.994    10428.2    33865.1    -4142.9   1496.5   3167.6   2464.3 2022  9  4  8 20 56.670  3.1   1
      162  27.301634  103.099121     9.352    15947.3    38963.6     3215.6   3767.5   4034.4   7129.8 2022  9  4  8 50 12.620  2.8   1
      172  27.133643  103.171395     3.047    23129.9    20349.6    -3089.8   2261.1   3577.4   6258.1 2022  9  4 21 26 53.620  3.1   1
      175  26.922176  103.087451    32.153    14815.0    -3081.4    26016.2   3341.9   2770.6   1834.2 2022  9  5 10 13  5.590  2.5   1
      176  27.398120  102.965373     0.141     2685.9    49654.5    -5995.4   5389.4   2671.4   4962.0 2022  9  5 13 54 25.380  3.0   1
      177  27.427525  103.006917     7.241     6801.9    52912.5     1104.7   4591.2   2568.0   4072.0 2022  9  5 15 13 44.570  2.2   1
      196  27.272125  103.040023    29.632    10089.7    35693.9    23495.6   3030.9   3882.6   2344.0 2022  9  6 23 41 15.440  2.9   1
      197  27.347496  103.126676    12.353    18675.3    44045.1     6216.6   7045.6   2853.8   3615.6 2022  9  7  0 40 13.210  4.2   1
      201  27.135451  103.080461    11.702    14107.7    20550.0     5566.0   1988.3   1530.7   1789.8 2022  9  7  6 26 59.330  2.9   1
      203  26.724139  102.995532     1.204     5691.7   -25024.3    -4932.3   2562.5   1828.4   3706.2 2022  9  7 12 55 18.100  2.7   1
      215  26.484965  103.230632     1.173    29090.2   -51525.4    -4963.1   1982.8   2591.2   5293.0 2022  9  8 11 54 23.430  3.0   1
      216  27.127950  103.412150    34.350    47019.1    19718.8    28213.5   2297.8   2902.0   2645.7 2022  9  8 13 38 13.970  3.1   1
      217  26.973735  102.821932    16.531   -11551.1     2631.3    10394.9   2711.4   1931.8   2515.4 2022  9  8 14 45 37.570  2.2   1
      218  27.084878  102.893595     1.799    -4434.0    14946.5    -4337.8   2958.1   1690.3   4510.9 2022  9  8 15 18 22.760  2.7   1
      219  27.013059  102.950057     6.259     1169.9     6988.7      122.8   3001.0   1989.8   5171.5 2022  9  8 15 23 49.580  2.6   1
      220  26.456445  103.037720    17.926     9896.5   -54685.6    11789.9   5273.2   2931.9   2336.2 2022  9  8 15 41 42.610  2.8   1
      222  26.886587  102.799772    16.350   -13757.0    -7024.9    10213.8   2715.4   2712.2   2689.5 2022  9  8 17 34 28.040  3.0   1
      223  26.718899  103.029883     6.121     9105.8   -25605.1      -15.0   4753.8   2245.9   5804.7 2022  9  8 19 30  1.880  2.0   1
      224  27.119427  103.074268    12.476    13494.2    18774.6     6340.0   2337.9   1887.2   3695.7 2022  9  8 21 26 34.680  1.4   1
      225  27.383691  103.064022    20.810    12462.5    48055.7    14674.0   3241.4   4302.8   4814.9 2022  9  8 22 24  2.400  3.1   1
      237  27.174721  103.114526    14.584    17484.2    24901.2     8448.0   3883.4   2184.3   6626.3 2022  9 10  7 23 56.920  3.2   1
      240  26.645693  103.009106    40.060     7043.1   -33716.4    33923.7   3741.4   2090.6   8619.6 2022  9 10 11 41  3.830  2.2   1
      242  26.716750  102.830257     5.143   -10736.8   -25843.2     -993.7   2757.5   2306.1   9050.9 2022  9 10 15 12 23.010  2.2   1
      250  26.937893  102.991756     7.277     5310.8    -1339.9     1140.2   4048.7   2543.5   7425.4 2022  9 11  7 27 53.480  3.2   1
      255  26.871071  102.987744    10.177     4914.0    -8744.0     4040.1   1896.2   1735.2   2354.0 2022  9 11 19 18 35.380  2.0   1
      257  27.031730  103.021045     2.047     8216.2     9057.6    -4089.5   2948.4   1887.4   4023.3 2022  9 12  0 14 51.300  2.7   1
      260  27.271460  103.188794    27.501    24841.4    35620.1    21364.6   2298.0   3355.5   2044.0 2022  9 12  8 47 31.400  3.4   1
      261  27.053605  102.661125    18.248   -27508.4    11481.3    12111.3   2842.1   3694.8   5205.2 2022  9 12 11 40 13.070  2.8   1
      262  26.535303  102.956055    29.976     1768.8   -45948.0    23839.2   3983.9   3018.9   2352.7 2022  9 12 11 43 50.160  3.3   1
      263  26.992145  102.918937    20.247    -1919.7     4671.4    14110.1   1996.7   2149.8   6189.4 2022  9 12 14  2 34.620  3.1   1
      266  26.961692  102.876017     5.423    -6181.8     1297.2     -713.7   3076.6   2208.1   2217.9 2022  9 12 15 20 33.940  2.3   1
      267  26.876078  103.124837    14.621    18531.8    -8189.1     8485.1   2185.8   2615.5   6816.5 2022  9 12 16  2 16.000  2.5   1
      271  26.822764  103.026945     4.199     8810.3   -14096.6    -1937.9   2165.7   2983.0   5360.6 2022  9 12 18 53 45.840  1.8   1
      272  27.001483  103.074528    20.767    13526.7     5706.0    14631.0   3977.2   2332.3   5625.9 2022  9 12 19  3 14.960  0.6   1
      281  26.922207  103.129810    12.539    19022.1    -3077.9     6403.1   2509.2   2167.6   4398.9 2022  9 13  8 20 48.310  3.6   1
      282  26.557231  103.002466     7.738     6385.4   -43518.4     1601.5   3521.1   4918.5   8032.6 2022  9 13  8 44  2.790  3.3   1
      291  26.764998  103.007121    21.795     6842.3   -20497.2    15658.4   3912.2   4100.0   8319.0 2022  9 13 20 33 39.680  1.4   1
      295  27.266014  102.911092     7.861    -2695.5    35016.6     1724.2   2127.8   2627.8   3627.0 2022  9 14  0 20  8.350  3.3   1
      309  27.160883  103.000594     4.430     6182.7    23367.8    -1706.0   3971.2   1543.3   4396.6 2022  9 14 15 47 55.620  3.1   1
      313  26.907526  102.944954    29.755      663.4    -4704.8    23618.7   5842.5   2438.0   4124.3 2022  9 14 21 53 11.260  1.4   1
      314  26.812992  103.164771     5.605    22504.8   -15179.3     -531.8   3518.0   3873.4   5551.8 2022  9 14 22 24 46.880  1.7   1
      316  26.978094  103.218018    34.113    27775.1     3114.4    27977.0   3314.4   2514.5   2752.6 2022  9 15  2 11 57.940  3.5   1
      318  27.046283  102.989233     7.262     5058.2    10669.9     1125.5   3449.3   2756.1   7932.6 2022  9 15  3  5 22.120  2.4   1
      319  27.229812  102.882194     1.072    -5561.7    31005.4    -5064.8   2946.7   1877.4   2436.1 2022  9 15  3 18  1.620  3.0   1
      325  26.557605  103.076107     1.744    13710.5   -43476.9    -4392.8   3467.3   2502.6   3861.8 2022  9 15  9 35 18.800  2.4   1
      327  26.928782  103.041984    17.140    10299.3    -2349.5    11004.0   2751.3   3568.3   8260.3 2022  9 15 10 33 15.360  2.1   1
      332  26.613664  102.915991     1.013    -2216.1   -37265.4    -5123.7   2181.2   2684.8   6742.4 2022  9 15 13 41 30.470  2.5   1
      334  26.994893  103.136605    15.273    19690.0     4975.9     9137.1   1786.9   2569.3   5257.0 2022  9 15 16  1 53.840  2.5   1
      341  26.897150  102.999731     9.751     6104.2    -5854.4     3614.4   1629.5   2020.6   5171.9 2022  9 16  5  3 54.060  2.4   1
      343  27.016829  102.771509     3.720   -16554.9     7406.5    -2416.3   1947.4   2738.4   5667.8 2022  9 16  8 45 59.600  2.6   1
      344  26.835689  103.033350    12.382     9446.1   -12664.3     6245.4   4236.3   3765.3   8381.5 2022  9 16  9 54 21.950  3.2   1
      347  26.842326  103.116943    18.951    17750.1   -11929.0    12814.8   2171.9   2379.4   2188.3 2022  9 16 15 14 30.520  2.9   1
      348  27.255391  103.085107    33.896    14560.8    33839.8    27760.1   2660.4   3480.7   3564.1 2022  9 16 15 32  0.300  3.0   1
      351  26.813171  102.982056    26.660     4350.5   -15159.3    20523.2   4475.9   2310.7   4029.0 2022  9 16 19 50 22.680  2.8   1
      357  26.985630  102.705900     9.200   -23071.2     3949.4     3063.5   2922.0   2518.4   5119.3 2022  9 17  9 41 33.230  4.1   1
      368  27.046989  103.021045     4.907     8215.4    10748.1    -1229.2   3168.9   2858.3   3979.4 2022  9 18  1 55  6.930  3.4   1
      373  27.257249  102.855127    10.506    -8244.8    34045.6     4369.2   2963.4   3844.8   5800.8 2022  9 18 10 47 32.100  3.0   1
      378  27.037179  102.943579    13.350      526.5     9661.3     7213.7   2904.0   2575.7   5207.6 2022  9 18 18 53 14.400  1.1   1
      379  27.111340  103.272843   138.715    33198.7    17878.4   132578.1   1918.7   1896.0  14902.9 2022  9 18 19 34 44.440  2.5   1
      382  26.896198  103.107389     0.866    16797.2    -5959.8    -5270.4   2341.4   1893.3   3076.8 2022  9 18 22 44 13.360  3.4   1
      385  27.401276  102.980200    32.484     4155.1    50004.0    26347.6   4512.4   2907.0   2703.1 2022  9 19 11 51 36.930  3.2   1
      387  27.128092  102.725285    25.952   -21132.7    19734.7    19816.0   3399.9   2242.6   2610.5 2022  9 19 13 39 22.880  2.9   1
      391  26.742212  103.081274     3.811    14213.1   -23021.9    -2325.1   7219.7   4911.1  14028.9 2022  9 19 20 44 16.160  2.0   1
      394  26.721895  102.900692   238.522    -3735.7   -25272.9   232385.5   5552.7   4830.4 123037.8 2022  9 19 21 36 32.680  2.6   1
      395  27.015373  102.872371    13.930    -6542.0     7245.1     7793.4   3163.4   1578.8   1593.6 2022  9 19 21 41 25.680  3.4   1
      407  26.896497  102.945695    10.003      737.4    -5926.8     3866.5   2770.4   2946.5   5486.8 2022  9 20 16 13 32.640  2.4   1
      411  27.328587  102.873625     7.517    -6408.6    41949.9     1380.8   3182.4   1758.8   2582.2 2022  9 20 22  3 51.180  2.2   1
      412  27.166030  102.950391     0.697     1202.5    23938.2    -5439.1   3284.0   3047.1   7361.1 2022  9 21  0 29 57.100  1.3   1
      417  27.132670  102.957096     3.158     1867.3    20241.9    -2978.6   3803.6   1877.4   3751.1 2022  9 21  7 48 12.380  2.8   1
      418  27.091026  103.124097    20.294    18440.4    15627.5    14158.0   5221.6   2908.6   5338.6 2022  9 21 13 26 32.540  2.2   1
      420  26.813228  103.006828     3.634     6811.2   -15153.0    -2502.7   1856.0   1460.5   2778.5 2022  9 21 20 26 55.320  2.2   1
      424  27.146897  103.106022    16.595    16642.8    21818.4    10459.1   4396.7   3605.5   7052.1 2022  9 22 11 58 23.200  2.8   1
      433  26.665651  103.007373    29.635     6870.2   -31504.9    23498.5   3551.7   4154.8   2165.8 2022  9 23 11 52 29.660  3.1   1
      438  27.022841  102.978402     9.546     3983.1     8072.5     3409.2   2906.4   2554.9   1932.3 2022  9 24  1 23 23.490  3.1   1
      439  27.290871  103.009253     4.902     7037.9    37771.0    -1234.6   1795.8   2320.2   3577.0 2022  9 24  1 45 33.660  2.9   1
      440  27.094594  102.874691     0.271    -6309.7    16023.1    -5865.1   4951.6   2318.7   3071.2 2022  9 24  3 15 32.650  3.2   1
      443  26.499121  102.710628    27.547   -22649.9   -49957.1    21410.8   5173.6   4492.1   3538.6 2022  9 24  5 43 26.670  3.6   1
      444  27.034135  102.776855    14.728   -16023.0     9324.1     8591.2   2111.7   2222.7   7646.9 2022  9 24  7 41 55.320  2.6   1
      445  27.113829  103.126514     7.555    18678.9    18154.3     1418.9   2842.1   3071.4   6139.4 2022  9 24  7 53 15.260  2.1   1
      455  26.730469  103.033927    18.805     9507.8   -24323.2    12669.1   3159.3   1874.0   2128.7 2022  9 25  1 31  2.400  3.1   1
      457  26.831643  102.981055     4.593     4250.4   -13112.8    -1543.7   3282.8   1936.4   3759.2 2022  9 25  9 13 17.580  2.1   1
      458  26.837695  102.881396    39.655    -5650.8   -12442.0    33518.3   2180.8   2904.7  13109.4 2022  9 25 14 27  6.740  2.8   1
      468  26.808295  103.012199    19.855     7345.0   -15699.8    13718.6   6286.4   2249.5   9075.6 2022  9 26 10 53 11.270  1.8   1
      474  27.190310  102.917236     6.553    -2087.1    26628.6      416.7   3415.0   1724.4   3205.3 2022  9 26 22  8 38.160  2.4   1
      477  26.960406  102.996834     1.771     5814.9     1154.7    -4364.9   3345.6   2583.8   1381.1 2022  9 26 23 40 21.720  1.5   1
      478  26.607522  103.159204     6.233    21971.5   -37945.9       96.8   1606.1   2363.1   4610.1 2022  9 27  0 14 59.990  2.7   1
      484  26.591907  102.917253    17.852    -2090.2   -39676.1    11715.8   2657.7   2141.2   3036.8 2022  9 27 12 57 34.810  2.6   1
      486  26.827966  103.169922     9.960    23015.1   -13520.2     3823.4   2964.2   2655.0   3088.5 2022  9 27 14  4 56.110  2.5   1
      490  27.160834  102.894873     6.358    -4305.3    23362.6      222.0   3917.4   2993.9   4953.5 2022  9 27 20 13 31.480  2.8   1
      496  27.059578  102.780835     0.061   -15625.8    12143.1    -6075.7   1593.3   2811.4   5763.6 2022  9 28  2 53 18.540  2.2   1
      499  27.212665  103.118140    16.502    17840.0    29105.5    10366.1   2307.5   4747.7   7441.9 2022  9 28 10 37 37.360  2.9   1
      501  27.339681  102.825578     2.779   -11171.1    43179.3    -3357.9   2724.9   3114.1   4560.4 2022  9 28 11 41 58.410  2.9   1
      502  27.188599  103.056909     2.776    11768.0    26438.9    -3360.9   2343.3   2630.2   4781.2 2022  9 28 12 12 37.130  1.9   1
      514  26.877924  102.616715     0.958   -31940.8    -7984.8    -5178.1   3173.0   3353.8   4852.2 2022  9 29  7 41 26.060  3.3   1
      520  27.121436  102.631331     3.138   -30456.3    18997.0    -2998.7   2708.3   2313.2   3860.6 2022  9 29 14 11 26.150  3.3   1
      523  27.062351  102.855151     5.097    -8249.6    12450.4    -1039.8   2433.9   1790.0   3427.7 2022  9 29 17 23 38.880  2.1   1
      524  26.988485  102.810539     3.654   -12681.8     4265.9    -2482.1   2010.1   2512.5   4386.7 2022  9 29 18 31 37.720  2.7   1
      525  27.024188  102.843311     2.859    -9426.9     8221.8    -3277.7   2298.0   2110.4   7782.3 2022  9 29 19 13 43.660  2.0   1
      528  26.813182  102.972038     8.807     3354.7   -15158.3     2670.4   6408.5   2594.3   9140.8 2022  9 29 22  6 38.880  1.7   1
      530  27.193571  102.875708    13.587    -6206.3    26989.9     7450.4   2919.8   2958.9   8740.3 2022  9 29 23 52 18.280  3.0   1
      537  26.927802  102.868896     9.943    -6889.9    -2458.1     3806.3   2465.4   2985.6   1980.0 2022  9 30 10 42  7.580  3.3   1
      539  26.989480  102.838615    14.015    -9894.1     4376.1     7878.4   2121.7   3065.1   6328.7 2022  9 30 15  4 17.540  2.1   1
      545  26.629307  103.170516    24.566    23093.7   -35532.1    18429.9   3613.2   3102.9   4632.5 2022  9 30 21 40  5.720  3.3   1
      546  27.216852  103.088826    12.494    14932.5    29569.5     6357.5   2849.3   5535.3   9012.0 2022  9 30 23 37 44.520  3.8   1
      551  26.854942  103.041471    31.617    10252.1   -10531.2    25480.3   2595.8   2881.9   2686.0 2022 10  1  9 13 10.740  2.2   1
      552  27.219187  102.999658     1.196     6087.9    29828.3    -4940.2   4451.4   1688.7   2101.0 2022 10  1 10  3 43.500  2.6   1
      553  27.196438  102.979419    12.327     4081.4    27307.5     6190.2   4155.2   3033.5   2815.0 2022 10  1 11  5 14.150  2.8   1
      556  27.333968  102.837077    25.980   -10032.1    42546.2    19843.8   4197.9   4481.9   1933.5 2022 10  1 17 41 19.680  2.9   1
      557  26.928168  102.869727    15.194    -6807.4    -2417.6     9058.1   2626.1   3447.3   2009.9 2022 10  2  2 39  6.470  2.6   1
      560  26.867782  102.880558    20.616    -5732.9    -9108.5    14479.3   2750.1   2790.9   2166.2 2022 10  2  6 10 39.130  3.0   1
      561  26.930396  102.937590     1.000      -67.7    -2170.6    -5136.7   4624.2   2473.0   4434.7 2022 10  2 10 32 24.150  2.6   1
      563  27.282550  102.995614     6.289     5685.8    36848.9      152.6   2676.1   2420.7   3535.9 2022 10  2 12 44 16.360  2.3   1
      564  26.856944  103.034644     5.639     9573.1   -10309.3     -497.3   2993.3   3061.1   8192.4 2022 10  2 13 29 28.700  2.2   1
      572  26.883144  103.084644     8.279    14539.1    -7406.3     2142.8   2534.7   2421.7   4016.3 2022 10  2 21 50 13.720  1.9   1
      573  27.049526  102.966024     6.744     2754.4    11029.4      608.0   7088.0   2733.8   6046.9 2022 10  2 21 56 34.600  0.4   1
      576  26.748792  102.754696    30.636   -18245.0   -22292.8    24499.4   6355.2   3148.8   3945.6 2022 10  3  4 16 29.080  3.1   1
      579  27.019360  102.769092     4.836   -16794.5     7686.9    -1300.9   1812.6   2105.6   4996.3 2022 10  3 22 21  8.080  2.6   1
      586  26.896818  102.793302     9.713   -14398.6    -5891.1     3576.2   2905.0   4016.0   7410.5 2022 10  4  7 25 50.510  3.1   1
      587  26.913761  103.086475     3.286    14718.5    -4013.8    -2850.4   2860.5   3013.4   6662.2 2022 10  4  7 27  3.710  3.3   1
      588  26.729559  102.951457     4.864     1310.2   -24423.8    -1272.2   2031.3   1619.6   4243.8 2022 10  4  8  8  1.580  2.3   1
      589  27.047563  102.819572     2.468   -11781.6    10811.8    -3668.6   1818.4   2602.5   5734.1 2022 10  4 12 18 38.980  2.8   1
      593  27.092226  103.025423     6.669     8648.5    15760.7      532.2   2892.1   3429.6   5283.5 2022 10  4 17  7 26.000  2.4   1
      606  27.225999  102.840877    18.668    -9659.3    30583.0    12532.0   3220.7   2831.6   2184.2 2022 10  5  8 48 50.950  3.4   1
      607  27.236387  103.145605     4.875    20562.3    31734.1    -1261.8   1881.9   1948.9   2742.4 2022 10  5 18 18 18.340  2.7   1
      608  27.216058  103.078939    12.725    13951.3    29481.5     6588.1   2321.9   3435.4   2304.3 2022 10  5 20 23 44.000  2.2   1
      617  26.652112  102.993864    13.852     5527.7   -33005.1     7715.2   4163.0   2884.5   2263.2 2022 10  6 12 33 57.590  2.9   1
      618  27.071804  102.801766     8.430   -13547.7    13497.9     2294.1   2551.5   1771.7   3604.0 2022 10  6 13 12 41.270  3.2   1
      619  26.575972  102.950366     5.293     1202.5   -41441.5     -843.0   3319.1   2494.6   4452.3 2022 10  6 13 38  1.910  2.9   1
      623  26.569281  103.079207     7.223    14018.1   -42183.2     1086.8   2791.4   1969.9   2301.3 2022 10  6 18 50 15.640  2.2   1
      624  26.938578  103.013542     0.836     7474.8    -1264.0    -5300.3   2310.4   3258.5   3604.1 2022 10  6 19 23 17.160  0.7   1
      625  26.954983  102.918205     2.026    -1992.9      553.6    -4110.7   2525.8   1867.5   3632.4 2022 10  6 19 54 51.240  1.9   1
      631  26.958785  102.904590    11.190    -3344.5      975.1     5053.9   5541.2   2270.4   1959.3 2022 10  7  8 31 45.130  3.2   1
      632  27.032011  103.026416     4.889     8749.4     9088.6    -1247.6   2807.1   2193.7   4289.0 2022 10  7 10  0 30.910  3.1   1
      638  26.847357  103.035767    11.157     9685.6   -11371.6     5021.0   3244.8   2199.2   3879.4 2022 10  7 17 33 52.460  2.9   1
      645  26.992206  103.008610    17.049     6983.2     4678.1    10912.5   2056.7   3426.1   7605.7 2022 10  8 14 54 26.920  2.5   1
      652  27.208223  103.121208     1.617    18144.7    28613.4    -4519.8   2035.4   3091.3   4697.0 2022 10  9  0 25 20.810  2.4   1
      655  27.161578  103.044328     7.875    10521.7    23445.0     1739.0   2959.2   1365.6   4188.7 2022 10  9  1 55 24.090  2.7   1
      664  27.106506  102.671289     1.982   -26493.0    17342.9    -4154.6   2945.5   2392.7   7032.6 2022 10  9 12 43 34.610  2.8   1
      667  26.711957  103.175570    10.803    23588.3   -26374.2     4666.2   3349.2   2204.7   6653.3 2022 10  9 19 40 11.900  2.7   1
      669  26.798958  102.820744    56.633   -11678.6   -16734.3    50496.9   2297.5   2102.8  13109.2 2022 10  9 21 24  3.840  2.2   1
      672  26.806264  102.915104    11.514    -2302.3   -15924.7     5377.3   2830.8   1582.1   1803.1 2022 10 10  3 35  1.940  3.7   1
      698  27.130829  102.750488     5.901   -18632.2    20038.0     -235.3   8035.0   1668.1   4330.0 2022 10 12  2 44 42.380  2.7   1
      700  26.993724  102.940055    13.511      177.0     4846.3     7374.6   2696.1   2472.4   2610.9 2022 10 12  3 33 49.700  2.7   1
      704  27.147101  102.850212    28.275    -8736.8    21840.9    22139.0   5156.8   2946.6   2573.8 2022 10 12 11 28  8.650  3.4   1
      711  26.968874  102.702694     4.780   -23390.5     2093.0    -1356.5   3340.5   2617.2   5163.5 2022 10 12 20 24  8.640  1.7   1
      712  27.209434  102.549772     6.783   -38533.9    28747.4      646.5   3460.1   4108.4   5840.5 2022 10 12 23  7 53.400  3.5   1
      716  26.701392  103.009562     6.992     7086.9   -27544.9      855.9   2447.8   2059.7   2046.4 2022 10 13  7 53 44.320  2.8   1
      719  26.686853  103.036678    22.349     9782.8   -29155.9    16212.3   3096.3   2227.9   1932.1 2022 10 13 14 37 58.700  2.6   1
      720  27.057876  102.962134    19.428     2368.4    11954.4    13291.9   5538.7   2253.0   9001.1 2022 10 13 15 10 42.300  1.9   1
      728  27.320732  103.063989     8.524    12463.0    41079.5     2387.3   3561.5   3268.4   2382.9 2022 10 14  4  4 36.310  3.0   1
      730  26.777738  103.066439    15.073    12736.5   -19085.5     8936.5   2779.8   3524.5   2172.9 2022 10 14  6 42 28.000  3.0   1
      731  27.124731  102.710026     1.878   -22647.1    19362.4    -4258.1   3108.4   1968.8   4242.5 2022 10 14  8 54 11.830  3.3   1
      732  26.849302  103.110124    14.438    17072.2   -11155.9     8302.1   3218.8   2908.4   2409.6 2022 10 14 10 37 11.450  2.2   1
      733  27.034642  103.019743     3.645     8086.5     9380.0    -2491.6   2253.9   3154.7   5566.7 2022 10 14 13 28 27.810  3.3   1
      735  27.246849  103.090535     6.849    15099.8    32893.1      712.3   2043.3   2349.9   3099.3 2022 10 14 18 51 53.760  2.7   1
      737  27.073151  103.004346    30.014     6557.3    13647.1    23877.6   4282.0   2649.0   2353.0 2022 10 14 19 10 30.480  3.0   1
      740  27.066024  102.719141     7.234   -21748.3    12857.4     1097.7   2572.2   2189.0   2696.2 2022 10 15  0 31  2.400  2.9   1
      741  26.910386  103.133187    10.899    19358.1    -4387.7     4763.1   1618.3   2003.0   3908.2 2022 10 15  1  4 10.400  3.5   1
      743  26.749040  102.888517    33.455    -4945.3   -22265.3    27318.6   3900.8   2618.8   3134.6 2022 10 15  2 14 48.560  3.1   1
      747  26.750848  103.086857    19.076    14767.3   -22064.8    12939.8   3552.7   2082.9   2841.3 2022 10 15  3 44 27.520  3.0   1
      749  26.850334  102.756812    11.691   -18026.7   -11041.8     5554.4   4038.6   2361.2   4926.8 2022 10 15  4 56 47.550  3.2   1
      753  26.987891  102.906006    16.333    -3203.7     4199.9    10196.4   2940.6   2418.8   2378.0 2022 10 15 18 41 18.120  2.7   1
      759  26.862840  103.180330     8.754    24045.2    -9656.0     2617.6   2460.7   3310.3   2326.0 2022 10 16  3  9  9.820  2.0   1
      768  26.948818  102.649023     8.155   -28722.7     -129.3     2019.1   3153.1   2850.6   5011.1 2022 10 17  5 43 10.160  2.3   1
      779  27.026233  102.709009     4.612   -22758.1     8448.3    -1524.5   2797.4   3301.1   6510.6 2022 10 17 22 37 48.240  2.6   1
      780  26.791420  102.990999     0.402     5239.4   -17569.5    -5734.8   2724.4   3614.6   4437.1 2022 10 18  0  0 49.130  2.8   1
      783  27.313468  102.791699     3.436   -14531.0    40274.8    -2700.6   4315.5   2837.2   5172.7 2022 10 18  3 14 52.300  3.0   1
      785  27.145966  102.982414     2.640     4379.5    21715.2    -3496.3   4091.6   1567.6   3982.2 2022 10 18  6 45 14.820  1.6   1
      789  27.240603  102.988867     4.877     5017.6    32201.2    -1259.6   2662.8   2591.5   2838.2 2022 10 18 16 41 47.000  1.7   1
      792  26.566325  102.976790    11.455     3831.2   -42510.5     5318.1   3066.0   2741.3   4125.8 2022 10 18 22 34 15.560  2.8   1
      794  27.061707  102.917985     4.157    -2013.5    12378.9    -1979.6   3705.7   3595.5   7386.8 2022 10 19  0 13 14.600  1.2   1
      796  27.183938  103.005249    13.968     6643.7    25922.6     7831.8   3052.3   2315.9   5146.4 2022 10 19  4 15 45.470  2.2   1
      808  27.266453  102.893311     2.431    -4458.5    35065.5    -3705.6   3238.4   2741.9   2590.6 2022 10 19 13  0 48.690  0.9   1
      810  27.075891  103.208000    13.136    26769.0    13950.7     6999.2   2849.2   1837.6   2582.8 2022 10 19 14 43 37.970  2.8   1
      811  26.526282  102.963151     4.849     2474.6   -46947.6    -1286.9   2813.9   3123.6   4362.2 2022 10 19 14 46 46.080  3.0   1
      824  26.784788  103.058765     9.588    11973.6   -18304.4     3451.6   2112.8   2193.9   2079.1 2022 10 20  3 33 31.120  3.0   1
      826  27.280404  102.957926     2.557     1948.3    36611.1    -3579.7   2524.3   3299.0   2730.9 2022 10 20  7 17 40.770  2.6   1
      827  26.728988  103.068929    16.358    12986.6   -24487.2    10221.3   2608.5   2394.1   1822.9 2022 10 20  7 26 55.510  3.2   1
      830  27.293703  102.829712    24.460   -10763.8    38084.8    18323.2   3542.1   2608.7   6548.1 2022 10 20 13 25 39.390  3.0   1
      835  27.233803  102.980656     3.505     4203.2    31447.7    -2631.3   1994.3   2786.2   3385.3 2022 10 20 15 36 17.530  1.9   1
      836  26.908344  102.764315    22.290   -17276.9    -4614.1    16153.6   5853.5   4579.1   2715.4 2022 10 20 15 45 38.020  3.1   1
      839  26.742568  103.024032     9.346     8523.4   -22982.4     3209.1   2510.2   2376.6   2097.0 2022 10 20 17 33 27.740  2.5   1
      843  27.130190  102.956999     2.145     1858.0    19967.1    -3991.7   3075.1   1677.4   3903.9 2022 10 20 19 55 15.280  1.5   1
      845  27.192698  102.743783     7.441   -19292.2    26893.3     1304.4   1806.6   2149.2   3993.9 2022 10 20 22  3 30.380  3.5   1
      856  26.781447  102.990226     8.668     5163.0   -18674.5     2531.8   1736.8   2208.1   2302.0 2022 10 22  4 14  5.820  2.5   1
      857  26.999587  102.998592     3.686     5988.1     5496.1    -2450.4   5248.9   3738.9   4455.9 2022 10 22 11 46 54.100  2.4   1
      863  27.201807  103.022843    12.448     8388.4    27902.5     6311.7   3442.4   6053.6  11358.9 2022 10 23  0  3 56.840  2.5   1
      867  26.964117  102.929362     1.484     -884.8     1565.9    -4652.8   1884.3   2334.6   2815.4 2022 10 23  9  7 59.550  2.4   1
      873  26.961755  103.214950    21.639    27472.6     1304.1    15502.4   2266.0   2342.0   2184.2 2022 10 23 16  4  4.640  3.0   1
      876  26.658754  102.974504    12.972     3602.5   -32269.2     6835.3   2906.1   2074.6   3824.7 2022 10 23 20 56  3.260  2.5   1
      878  27.169322  102.974910     1.034     3634.4    24303.0    -5102.8   3428.5   2532.8   5262.4 2022 10 24  1 23 36.490  2.8   1
      885  26.547428  103.182096    19.423    24253.7   -44604.5    13286.2   7752.2   5136.3   4994.7 2022 10 24  6 17  9.900  3.1   1
      887  26.744590  103.228792     8.858    28874.0   -22758.4     2721.2   4911.6   2125.4   3368.9 2022 10 24  9 34 31.330  1.9   1
      890  27.051306  103.142952     6.937    20315.3    11226.5      800.3   2056.1   1903.2   3299.1 2022 10 24 17 41 37.760  3.5   1
      892  26.568252  103.056388    16.981    11748.4   -42297.2    10844.8   4105.3   2447.9   6278.1 2022 10 24 20 11 42.160  1.9   1
      906  27.140354  103.052596    16.326    11342.4    21093.5    10189.6   2757.2   2086.8   2324.9 2022 10 27 10 21  4.120  3.4   1
      907  26.806927  103.065446    32.932    12636.0   -15851.3    26795.8   3124.0   2529.5   9904.5 2022 10 27 22 51  0.380  2.7   1
      913  27.240835  102.863224     2.881    -7443.1    32226.8    -3255.8   2296.8   1942.8   2106.4 2022 10 28 12 53 48.030  1.6   1
      914  26.607674  103.123324    11.835    18402.7   -37929.1     5698.5   2662.3   2052.0   3831.5 2022 10 28 14 45 24.480  2.8   1
      921  26.588481  103.076074     7.817    13705.1   -40055.7     1680.5   2245.5   2079.1   2253.5 2022 10 29  4 17 17.520  2.3   1
      922  26.801400  102.798698    61.449   -13868.7   -16463.7    55313.1   2857.1   2185.6  12397.3 2022 10 29  4 38 30.110  2.6   1
      927  27.237266  102.966398     5.258     2789.4    31831.4     -878.4   1797.1   2709.4   2334.5 2022 10 29 16 37 59.780  2.9   1
      928  27.298092  102.734342     1.429   -20219.0    38571.0    -4707.1   2744.5   2693.6   3602.0 2022 10 29 17 42 14.940  2.0   1
      935  27.123553  103.166333     5.858    22628.5    19231.7     -278.4   3705.7   2630.0   5134.7 2022 10 30  3 16 53.970  3.6   1
      937  27.211898  102.809562     5.928   -12765.8    29020.6     -208.7   1622.0   2316.1   3415.0 2022 10 30  5  3 16.220  2.2   1
      946  27.262976  102.829053    20.597   -10830.9    34680.1    14460.6   2121.0   3555.0   1858.0 2022 10 30 21  5 22.240  3.3   1
      949  27.048122  103.082446    31.945    14310.1    10873.9    25808.7   4887.0   3131.5   3676.4 2022 10 30 23 23 13.360  1.7   1
      954  26.892653  103.065666     6.272    12652.9    -6352.6      136.0   3725.3   2473.0   4681.2 2022 10 31  4 18 33.790  3.6   1
      959  26.903542  102.816870     6.795   -12058.0    -5146.0      658.9   1125.8   2637.9   1929.2 2022 11  1  0 13 34.950  2.8   1
      965  26.791781  103.057935    28.981    11890.2   -17529.5    22844.4   3309.0   2370.0   2835.8 2022 11  1 13 44  8.820  2.7   1
      970  26.934804  103.149406    38.113    20966.5    -1682.2    31976.3   4069.3   2733.3   4326.8 2022 11  2 10 35 22.420  4.0   1
      972  26.847793  102.900513    16.962    -3751.0   -11323.3    10825.8   4752.7   2209.7   7555.0 2022 11  2 15 22  5.280  2.7   1
      978  26.668941  103.001465    15.666     6283.0   -31140.4     9529.6   3117.7   3174.2   2178.9 2022 11  4  3 13 41.100  3.8   1
      986  26.833175  103.135596    18.511    19603.6   -12943.0    12374.7   2847.3   4139.9   2298.9 2022 11  4 22 37 24.840  1.9   1
      987  27.183543  102.948999    11.513     1063.7    25878.8     5376.2   2898.4   4238.0   8584.3 2022 11  5  0 53 17.830  1.7   1
      992  26.925852  103.054159    13.298    11508.7    -2673.9     7161.3   2801.5   1959.4   2789.8 2022 11  6  5 43 40.690  2.9   1
      995  26.615350  103.204574    14.111    26482.5   -37078.4     7974.8   1687.9   2651.5   3014.2 2022 11  6 20 57 32.020  2.9   1
      996  26.847103  103.236401     3.787    29617.3   -11399.6    -2349.8   2984.9   3128.9   3699.6 2022 11  6 22  7 16.520  2.2   1
      999  26.873273  103.149772    15.685    21008.7    -8500.0     9548.6   2839.2   2921.1   2338.8 2022 11  7 14 25 26.790  3.1   1
     1000  27.188904  103.016634    14.143     7773.2    26472.8     8006.5   3299.2   2544.1   2481.1 2022 11  7 14 44 27.860  3.0   1
     1002  27.218372  102.697607     9.817   -23870.0    29737.8     3680.9   3497.5   2873.2   4976.4 2022 11  7 19 27 23.480  3.0   1
     1004  27.156417  102.898299     8.028    -3965.5    22873.1     1891.3   2016.1   2079.7   8842.1 2022 11  8  0  7 44.050  2.8   1
     1008  26.762598  102.914583    25.640    -2354.3   -20763.1    19503.9   4615.5   2626.0   2774.3 2022 11  8  9 49 50.740  2.1   1
     1009  27.321684  103.130900    24.776    19096.2    41185.2    18639.9   6635.8   4219.2   4362.3 2022 11  8 12  8 54.570  3.6   1
     1011  26.931942  102.867513     0.687    -7026.9    -1999.4    -5448.9   2934.2   3585.3   6267.3 2022 11  8 16 46  5.690  2.4   1
     1016  26.560044  103.075423     2.632    13641.8   -43206.5    -3504.7   2446.8   2785.2   3312.8 2022 11  9  5 41  9.940  2.7   1
     1022  26.440639  103.062760    12.647    12388.7   -56437.0     6510.3   4211.0   4682.7   5918.8 2022 11 11 10 43 49.670  3.9   1
     1026  26.881698  102.716561    24.037   -22022.1    -7566.6    17900.1   3756.7   3661.2   7479.6 2022 11 12 20 41 58.900  3.3   1
     1027  26.708112  103.005127    33.066     6646.0   -26800.2    26929.2   3582.5   3461.7   2456.2 2022 11 13 20  6 52.360  3.3   1
     1028  26.942936  102.826733    13.435   -11076.1     -781.1     7299.0   2144.1   3360.5   4975.4 2022 11 14  8 57 37.060  3.0   1
     1029  26.874160  103.071558     5.418    13239.8    -8401.8     -718.0   2185.9   2113.7   5090.0 2022 11 14 22 50 56.160  3.5   1
     1035  26.877177  102.711816     1.833   -22494.1    -8067.3    -4303.3   2534.0   2928.9   4649.5 2022 11 19 13 30 48.360  3.1   1
     1037  27.041500  102.908244    16.339    -2980.7    10139.9    10202.2   4004.0   2236.8   2251.4 2022 11 21  1  6 48.740  4.6   1
     1042  26.557117  103.193311     5.869    25368.7   -43530.8     -267.3   1936.3   3075.6   4493.8 2022 11 22 21 25 32.480  2.7   1
     1044  27.387132  103.021647     3.562     8263.4    48437.0    -2574.3   5162.5   3005.9   3067.3 2022 11 23 13 43 59.190  3.6   1
     1048  27.232981  102.935791     3.062     -246.1    31356.6    -3074.4   2089.4   1941.2   2280.6 2022 11 25 21 27 58.080  2.7   1
     1056  27.123260  102.899398     7.077    -3857.6    19199.3      940.8   2862.9   1736.6   2594.8 2022 11 28 18 55 11.400  1.8   1
     1058  27.050106  103.059294     2.095    12011.8    11093.5    -4041.5   2409.6   1433.2   2698.4 2022 11 29 21 55  4.020  3.0   1
     1060  26.556307  102.992619     3.757     5405.8   -43620.7    -2379.3   2400.4   2664.9   4212.3 2022 11 30 11 24 24.900  2.5   1
     1061  27.103349  102.814787     2.121   -12254.0    16993.0    -4015.3   3016.3   3030.8   5051.7 2022 11 30 12 51 31.400  2.8   1
     1062  26.980497  102.915332     1.113    -2277.6     3380.7    -5023.4   1838.2   2838.4   2149.3 2022 11 30 21 45 22.320  2.4   1
     1064  26.892163  102.914022    45.843    -2408.5    -6406.9    39706.7   2731.9   2991.2  10084.1 2022 12  1  7 27  6.380  3.1   1
     1065  26.988599  102.854785    15.274    -8288.6     4278.3     9137.8   2174.2   3225.7   7365.4 2022 12  1 16 19 37.010  2.5   1
     1066  27.355627  102.895915     1.646    -4198.6    44946.2    -4490.1   2547.4   2079.0   3361.6 2022 12  1 20 21 56.000  3.6   1
     1068  26.724978  103.103784     8.011    16451.4   -24931.6     1874.4   3544.5   2257.5   6423.3 2022 12  4 21  3 17.040  1.6   1
     1071  26.935044  102.861043     2.996    -7669.4    -1655.4    -3140.4   3677.1   3012.4   2904.6 2022 12  6 19 43 12.900  1.0   1
     1073  26.781075  102.811662    10.832   -12582.0   -18715.8     4695.4   3398.5   1877.2   5664.4 2022 12  7 23 17 55.060  3.4   1
     1078  26.766280  103.097103     3.820    15784.6   -20355.0    -2316.7   3632.0   1895.7   5147.3 2022 12  8 13 28 36.860  2.8   1
     1092  26.818750  103.266789     8.853    32640.0   -14541.4     2716.1   2685.2   2775.9   3067.1 2022 12 11 11 51 30.270  3.1   1
     1094  27.142352  103.117399     2.761    17772.3    21314.8    -3375.3   1572.0   1544.3   2779.9 2022 12 12 15 45 59.430  3.0   1
     1101  26.861747  103.095459     3.486    15614.6    -9777.1    -2650.2   2332.6   1651.6   3102.5 2022 12 25 14 50 26.040  2.8   1
     1104  26.868009  102.912858     9.965    -2524.4    -9083.2     3828.2   1969.4   1409.8   1532.4 2023  1  1  1  2 48.170  2.7   1
     1106  26.935309  102.736491    21.538   -20038.0    -1626.2    15401.5   4120.1   2280.8   2858.8 2023  1  1  2 33 26.890  3.0   1
     1107  26.717139  102.803467     1.293   -13399.7   -25800.0    -4843.9   2663.6   2745.4   2489.8 2023  1  1  2 55 37.690  2.0   1
     1108  26.883490  102.888745    13.311    -4919.7    -7368.0     7174.8   4114.3   2833.8   5194.3 2023  1  1  3 15  6.530  2.8   1
     1111  27.213076  102.980973     2.850     4235.5    29151.0    -3286.6   4093.5   1825.0   2260.4 2023  1  1  5 37  1.930  2.4   1
     1113  26.612921  102.996533    11.916     5793.5   -37347.7     5779.4   2744.1   1912.7   2175.1 2023  1  1  5 59 15.820  2.3   1
     1120  27.187362  102.996769     4.000     5802.9    26301.9    -2136.3   3359.2   2697.9   2046.5 2023  1  1  8 59 58.740  1.1   1
     1126  27.121629  103.170304     0.725    23022.7    19018.6    -5411.7   2458.0   1711.0   2996.5 2023  1  1 10  0 48.210  2.9   1
     1129  26.872927  102.931779    29.046     -645.4    -8538.4    22909.7   3100.7   1815.8   1828.5 2023  1  1 11 56  6.240  2.9   1
     1130  27.080042  103.052523     3.548    11338.7    14410.6    -2588.6   3118.4   2097.4   4436.8 2023  1  1 12 17 30.570  3.0   1
     1131  26.936715  102.782886    33.568   -15430.8    -1470.4    27431.3   3740.9   3502.1   2798.3 2023  1  1 12 28 35.040  3.2   1
     1138  26.997540  102.847640     4.723    -8997.8     5269.2    -1412.9   2662.2   1971.1   2940.3 2023  1  1 14 39 51.220  0.3   1
     1140  27.142920  102.881527     5.978    -5630.4    21377.6     -158.1   2641.6   1761.5   4244.0 2023  1  1 15 21 35.450  1.8   1
     1141  26.880601  102.754533     2.456   -18250.9    -7688.1    -3680.1   1956.2   1669.3   3949.8 2023  1  1 15 40 39.150  3.6   1
     1142  27.250450  102.888631     0.385    -4922.6    33292.3    -5751.3   4446.1   1997.3   3010.9 2023  1  1 15 48 13.820  2.2   1
     1143  26.885675  102.748787     4.431   -18821.4    -7125.7    -1705.5   1943.6   1385.0   2814.4 2023  1  1 15 51 56.140  3.3   1
     1144  27.110663  102.903800     6.725    -3420.4    17803.4      588.5   3042.6   1469.0   3753.3 2023  1  1 16 22 15.410  4.6   1
     1145  27.346372  103.016260     8.581     7730.6    43920.7     2445.0   4419.4   2303.1   3542.1 2023  1  1 16 27  1.690  2.5   1
     1146  26.430741  102.698527    21.351   -23861.0   -57533.7    15214.8   6116.9   6282.9   5316.4 2023  1  1 16 29 49.210  1.8   1
     1148  26.913981  102.907853     7.969    -3020.8    -3989.4     1832.7   2349.3   1634.6   1554.1 2023  1  1 17  9 12.760  2.5   1
     1150  26.928619  102.927856     8.195    -1034.5    -2367.5     2058.8   1770.2   1332.4   1178.7 2023  1  1 17 54 31.060  2.5   1
     1154  26.728656  103.303621    28.733    36314.2   -24523.9    22597.1   3836.9   3491.1   3086.2 2023  1  1 18 52 18.640  2.7   1
     1157  27.325195  102.974243    14.026     3566.1    41574.2     7890.1   2866.8   2061.7   1787.2 2023  1  1 19 49  5.560  3.5   1
     1158  27.056728  102.736320    12.909   -20044.3    11827.4     6772.3   2228.9   1842.1   3452.9 2023  1  1 19 52 40.260  3.1   1
     1159  26.992297  102.853833    19.504    -8382.9     4688.3    13367.7   3134.7   1732.4   5601.0 2023  1  1 19 57 44.320  2.1   1
     1164  27.186729  102.840210    37.979    -9727.4    26231.7    31842.3   4916.8   2548.4   4695.6 2023  1  1 22 32 12.200  2.4   1
     1167  26.895107  102.933276    15.039     -496.4    -6080.7     8902.8   3125.0   2009.3   1845.0 2023  1  1 23 46  2.400  2.2   1
     1174  27.104846  102.894539    11.078    -4339.7    17158.9     4941.8   2396.1   2215.4   8832.7 2023  1  2  3  4 43.010  2.9   1
     1176  26.640804  102.898055    19.584    -3998.6   -34258.1    13447.3   4965.8   2449.9   2635.6 2023  1  2  3 50 57.410  2.7   1
     1180  27.099245  102.927002     8.335    -1118.6    16538.3     2198.6   2226.7   1351.2   1794.9 2023  1  2  7 38 34.340  3.9   1
     1181  26.973035  102.891463     4.472    -4647.9     2553.9    -1664.1   2129.0   2362.1   3853.2 2023  1  2  8 41 56.500  2.5   1
     1182  26.810736  102.734188     0.823   -20277.4   -15429.2    -5313.7   3348.5   1955.5   3911.5 2023  1  2  9 13 40.100  3.2   1
     1184  26.983309  103.041016     6.275    10200.5     3692.2      139.0   1819.7   2039.5   3884.3 2023  1  2  9 54  6.500  3.1   1
     1185  26.523733  102.984432    13.502     4591.7   -47230.0     7365.1   3866.5   2089.5   1973.8 2023  1  2 10 17  2.450  4.1   1
     1188  27.019946  102.903809    12.074    -3421.0     7751.8     5937.2   3534.3   3611.3   9191.7 2023  1  2 11 33 27.780  3.1   1
     1189  26.593254  102.926937     0.818    -1127.6   -39526.9    -5318.7   2600.5   1975.9   3818.1 2023  1  2 11 33 49.620  3.3   1
     1190  26.490393  102.991512    14.112     5296.8   -50924.1     7975.5   2031.7   2138.0   2752.1 2023  1  2 12 24  6.860  2.9   1
     1191  27.128054  102.962565     1.892     2410.7    19730.3    -4244.8   4910.0   1763.3   4714.9 2023  1  2 12 34 34.610  3.0   1
     1193  27.118695  103.122176    12.668    18247.9    18693.4     6532.0   1717.2   1599.0   1972.2 2023  1  2 13 11 15.030  3.5   1
     1194  26.818182  102.945329    13.575      700.6   -14604.1     7438.8   1194.1   1229.1   1402.3 2023  1  2 13 15 59.500  3.7   1
     1196  26.477252  102.978507     8.576     4003.3   -52380.1     2439.4   2006.9   2070.0   3147.1 2023  1  2 13 51 42.270  3.6   1
     1198  27.027405  102.832682     6.933   -10481.2     8578.1      796.2   3373.7   5130.9   7810.5 2023  1  2 14 19 57.550  1.0   1
     1199  26.837911  102.924202    17.968    -1398.1   -12418.1    11831.5   1840.0   1578.2   1280.0 2023  1  2 14 42 20.610  3.5   1
     1200  27.398610  102.676506     4.542   -25941.7    49708.9    -1594.8   2620.7   3599.8   5634.1 2023  1  2 14 57 37.110  2.6   1
     1201  26.828853  102.940796    15.353      250.7   -13421.8     9217.0   1777.6   1458.1   1948.6 2023  1  2 15 26 49.650  3.6   1
     1205  27.017314  102.949731    17.072     1137.7     7460.2    10935.4   3641.5   4191.7   2707.0 2023  1  2 16 59  0.680  2.6   1
     1207  26.620528  103.012671    23.605     7397.9   -36504.8    17468.2   2279.5   2728.3   2524.5 2023  1  2 18 17 20.500  2.1   1
     1213  26.979779  102.902702    10.032    -3531.8     3301.1     3895.3   2571.0   2633.0   1501.1 2023  1  2 20 38 12.040  2.4   1
     1214  26.977622  102.916951    21.271    -2116.6     3062.2    15134.5   2762.8   2382.4   2014.2 2023  1  2 20 43 14.180  0.7   1
     1218  27.282837  103.156217     1.957    21609.7    36880.9    -4179.2   2509.6   3525.0   4468.1 2023  1  2 21 47 42.400  2.3   1
     1220  26.913851  102.941187    10.585      289.1    -4003.8     4448.7   2297.6   1830.8   1455.5 2023  1  2 22 31 21.360  1.6   1
     1222  26.919635  102.789990     1.239   -14726.4    -3362.9    -4897.6   5049.6   1623.4   2790.5 2023  1  2 23 14 19.540  2.5   1
     1223  26.539386  103.115959    22.165    17676.0   -45495.6    16028.2   3804.6   2354.4   2467.5 2023  1  3  0 24 48.340  2.6   1
     1224  26.721151  102.829077     1.439   -10853.6   -25355.4    -4697.4   1901.0   2583.3   2347.5 2023  1  3  0 29 53.720  1.5   1
     1231  27.152177  102.858626    10.609    -7901.8    22403.3     4472.3   3157.8   1666.3   1688.6 2023  1  3  3 32  1.810  4.9   1
     1232  26.660124  102.973787     8.997     3530.7   -32117.5     2860.1   1869.4   2430.2   3373.7 2023  1  3  3 44 20.830  2.5   1
     1233  27.115656  102.945264    15.720      693.3    18356.6     9584.1   3037.7   1791.8   5311.7 2023  1  3  3 48 43.310  3.1   1
     1236  26.925913  103.124992    31.017    18542.6    -2667.3    24880.6   2417.0   2778.7   1605.8 2023  1  3  5  0 32.020  3.4   1
     1240  27.046340  102.805859     9.011   -13143.3    10676.4     2874.9   2224.1   1910.3   2257.8 2023  1  3  6  1 52.590  2.8   1
     1245  27.333457  102.616178     0.606   -31929.8    42489.7    -5530.3   2526.6   3185.9   3604.3 2023  1  3  9 35 15.790  4.5   1
     1248  27.115794  102.858073    14.130    -7958.3    18372.0     7994.0   2914.6   1882.7   1522.9 2023  1  3 10 35 16.200  2.6   1
     1249  26.859674  102.899349     4.931    -3866.8   -10006.8    -1205.3   1861.0   1565.9   3131.3 2023  1  3 11 42 43.620  2.3   1
     1252  27.053432  102.987248    14.652     4860.5    11462.1     8515.3   2096.8   1828.4   2581.0 2023  1  3 12 47  7.960  3.2   1
     1258  26.456116  102.857918    26.338    -7996.3   -54722.1    20201.8   2849.2   2984.7   2688.8 2023  1  3 13 53 37.410  2.4   1
     1259  27.203379  102.853605    12.985    -8397.8    28076.8     6848.3   2286.7   2597.1   3972.8 2023  1  3 15  4 15.740  1.9   1
     1266  27.180355  103.088118    15.377    14864.8    25525.5     9240.3   1914.0   1786.6   1891.3 2023  1  3 16 18 35.630  3.5   1
     1269  26.517190  102.959814     4.900     2142.7   -47954.9    -1236.0   1940.7   2092.0   2991.3 2023  1  3 17  5 17.760  3.4   1
     1270  27.111161  102.773592     1.859   -16341.4    17858.7    -4277.6   1900.6   1677.3   5695.3 2023  1  3 17  7 56.840  2.8   1
     1271  26.967145  102.780233    27.264   -15692.3     1901.3    21127.6   2521.6   2398.8   9516.9 2023  1  3 17 12 40.700  2.0   1
     1273  26.918247  102.729215     5.754   -20762.1    -3516.7     -382.5   1854.2   2722.9   3188.4 2023  1  3 17 25 41.040  3.0   1
     1275  27.159369  103.511743    24.082    56892.2    23200.2    17945.7   4285.1   4501.0   4639.4 2023  1  3 17 52 38.920  2.9   1
     1279  27.240096  102.950578     1.422     1220.5    32145.0    -4714.9   2052.3   3360.9   3362.8 2023  1  3 18 23 19.040 -0.2   1
     1280  26.926109  103.008195     8.405     6943.6    -2645.6     2268.6   1995.8   2224.8   6234.4 2023  1  3 18 37 22.120  2.0   1
     1283  26.561684  103.031169    13.697     9240.0   -43024.8     7560.5   2071.2   1872.3   1773.1 2023  1  3 19  7 30.080  3.1   1
     1285  27.025700  103.016707    28.382     7786.1     8389.3    22246.0   7705.4   2312.8  11234.0 2023  1  3 19 38 26.460  2.6   1
     1293  26.981622  103.008651    27.752     6987.7     3505.5    21615.8   3571.1   3568.5   9539.7 2023  1  3 21  5  4.600  2.3   1
     1294  27.047471  102.476571    13.930   -45826.7    10801.5     7793.7   3373.8   5212.4   6337.6 2023  1  3 21 18 10.200  2.4   1
     1297  26.976353  102.938826     1.277       54.6     2921.5    -4859.8   3939.9   2514.4   2088.6 2023  1  3 22  8 37.980  0.6   1
     1298  26.980990  103.309481    19.253    36855.3     3435.2    13116.2   1640.1   2482.6   4006.3 2023  1  3 22  8 53.840  3.2   1
     1299  26.524384  103.024194     1.847     8547.5   -47157.9    -4289.0   2771.2   2369.7   4263.2 2023  1  3 22 12 14.160  3.2   1
     1301  27.045471  102.825326    30.380   -11211.0    10580.0    24243.1   4796.7   2782.4   2258.4 2023  1  3 23 15 54.560  3.6   1
     1303  27.399463  102.874699    10.252    -6300.0    49803.3     4115.7   3220.8   2632.9   4242.1 2023  1  4  2 10 41.950  3.5   1
     1304  27.102167  102.875407    13.129    -6238.1    16862.1     6992.3   2720.1   1562.9   1503.2 2023  1  4  2 22 33.690  2.9   1
     1306  26.583447  102.936898     4.797     -137.0   -40613.4    -1339.6   2271.2   2785.3   5419.0 2023  1  4  3 34 45.440  3.1   1
     1309  26.667326  103.042554    22.952    10368.1   -31319.4    16815.3   3152.3   2530.0   8478.9 2023  1  4  4 20 50.570  2.1   1
     1312  26.778977  102.903158     1.300    -3489.6   -18948.2    -4836.5   7206.3   3977.7   4127.0 2023  1  4  5 48 34.070  1.6   1
     1313  26.495723  102.901733     1.388    -3635.6   -50333.4    -4748.3  10386.1   4209.8   3969.2 2023  1  4  6 10 31.280  3.0   1
     1314  26.803687  102.919287    18.930    -1886.3   -16210.3    12793.6   1919.5   1737.2   6073.1 2023  1  4  6 20 24.050  2.6   1
     1318  26.988536  102.878800    22.901    -5904.9     4271.4    16765.1   3106.3   2346.1   5484.6 2023  1  4  9  3 14.180  0.9   1
     1319  26.850643  103.004720    28.651     6600.7   -11007.4    22514.1   2782.1   1943.1   1942.2 2023  1  4  9 30 28.960  3.7   1
     1320  26.956106  102.728507    13.409   -20829.1      678.1     7272.3   2626.4   2423.5   2613.0 2023  1  4  9 46 54.060  2.9   1
     1327  27.064960  102.792114    21.600   -14506.2    12739.4    15463.8   3317.3   2068.0   3833.4 2023  1  4 12 15 51.310  2.8   1
     1328  27.228947  102.818872     0.807   -11841.9    30909.6    -5328.9   4090.0   2224.5   3231.9 2023  1  4 12 23 46.050  2.3   1
     1329  26.864718  102.867448    18.771    -7035.6    -9448.0    12634.2   2299.5   2956.2   5514.8 2023  1  4 12 40 27.430  2.5   1
     1331  27.151267  102.869507     5.562    -6822.3    22302.5     -574.4   2221.5   1219.6   2940.5 2023  1  4 14 29  2.600  2.2   1
     1334  26.726237  103.026831     2.953     8802.3   -24792.1    -3183.4   2879.0   3462.9   5987.5 2023  1  4 15 35 17.780  1.9   1
     1337  26.806403  102.953939     9.489     1556.7   -15909.3     3352.2   1930.7   2393.8   1787.9 2023  1  4 16  0 43.930  1.9   1
     1338  26.975881  102.937972    22.796      -29.5     2869.2    16659.8   3206.1   2793.6   1894.3 2023  1  4 16 33 13.890  0.9   1
     1339  26.889935  102.743595    81.502   -19336.5    -6653.7    75365.9   2262.4   2032.4  12538.9 2023  1  4 16 46 20.100  4.9   1
     1343  26.946950  103.309635    29.986    36876.2     -336.4    23850.0   4969.0   3135.9   6382.5 2023  1  4 17 33 10.120  1.9   1
     1344  26.945900  103.257821    26.278    31731.7     -452.6    20141.3   3906.1   3733.9   4679.9 2023  1  4 18  3 32.720  2.5   1
     1345  27.191298  102.883407    12.533    -5442.7    26738.1     6396.4   1886.2   1876.4   1491.7 2023  1  4 18 10 21.920  2.2   1
     1346  27.168195  102.841463    15.298    -9604.3    24178.1     9161.2   3089.3   1662.2   2038.9 2023  1  4 18 32 45.360  5.0   1
     1347  26.872640  102.795076     9.772   -14224.3    -8570.1     3635.9   2198.8   1765.6   6017.1 2023  1  4 18 46 41.840  3.5   1
     1350  26.847504  102.956551    13.402     1816.0   -11355.4     7265.5   1399.3   1209.3   1242.2 2023  1  4 19 27 11.020  3.5   1
     1351  26.558940  103.257935    33.324    31796.2   -43329.0    27188.1   5097.1   3676.2   3804.7 2023  1  4 20  2 23.160  3.1   1
     1352  26.797628  102.930721    15.913     -750.6   -16881.8     9776.9   2234.2   1693.6   2010.1 2023  1  4 20  3 39.800  2.3   1
     1353  26.881915  102.943962     9.881      565.1    -7542.5     3744.3   3027.3   3805.6   7187.7 2023  1  4 20 12 38.840  1.5   1
     1354  26.850926  103.167269    19.879    22748.8   -10976.2    13742.9   3049.9   2423.5   2659.0 2023  1  4 20 15 26.820  3.0   1
     1359  26.965802  102.874406    11.602    -6341.9     1752.6     5466.0   5525.9   2924.2  10628.8 2023  1  4 22 27 52.560  2.3   1
     1360  26.963340  102.925342     5.327    -1283.6     1479.7     -809.8   1705.6   1509.9   1623.0 2023  1  4 22 34  8.940  2.1   1
     1361  26.672369  103.069800     5.399    13076.2   -30760.5     -737.9   3873.0   2907.8   5620.8 2023  1  4 22 49  9.140  2.3   1
     1362  26.544865  102.961051    27.317     2266.0   -44888.5    21180.6   2626.6   2434.3   2988.2 2023  1  4 22 58 12.480  3.6   1
     1366  27.093064  102.972192    14.024     3365.9    15853.4     7887.7   6412.1   2718.9   1927.9 2023  1  5  2 34 39.060  3.3   1
     1367  27.090023  102.682088    22.062   -25423.1    15516.4    15925.3   2354.3   2266.8   8341.7 2023  1  5  2 57 46.840  2.4   1
     1369  26.740167  103.258748     6.269    31851.8   -23248.5      132.7   3360.8   3018.1   5589.1 2023  1  5  4  4 34.790  4.2   1
     1375  27.174941  103.097298     3.735    15775.1    24925.6    -2401.4   1719.1   3933.6   7035.0 2023  1  5  6 37 57.740  2.7   1
     1377  26.647180  102.910929     7.007    -2718.8   -33551.6      870.2   3268.7   4724.4   3815.2 2023  1  5  8 53 16.100  0.9   1
     1378  27.259945  102.968709     4.326     3018.4    34344.2    -1810.0   2069.1   2887.1   3658.5 2023  1  5  8 54 25.770  1.9   1
     1385  27.244869  102.936637    28.624     -162.0    32673.9    22487.8   4454.9   3479.8   1932.3 2023  1  5 11 23 38.460  3.3   1
     1386  26.894763  103.001595     3.684     6288.9    -6118.9    -2452.5   1954.9   2630.9   5064.3 2023  1  5 13 33 39.590  2.7   1
     1387  26.850688  102.950659     8.091     1230.7   -11002.5     1954.5   1472.5   1201.7   2370.0 2023  1  5 13 36 43.040  3.8   1
     1388  27.263820  102.970459    20.136     3191.8    34773.8    13999.8   3730.8   2303.3   2301.3 2023  1  5 14  9 48.720  2.1   1
     1389  26.974219  102.862012    22.538    -7572.0     2685.2    16401.3   3891.3   2399.3   2336.6 2023  1  5 14 14 32.310  2.5   1
     1391  26.993427  102.935962     2.397     -229.5     4813.3    -3739.6   2954.4   2613.0   3802.9 2023  1  5 15  6 46.440  2.4   1
     1394  27.168658  102.749943    19.748   -18682.7    24229.6    13611.4   3206.1   2063.4   2636.7 2023  1  5 16 10 24.250  2.9   1
     1395  26.922410  102.916414     8.109    -2170.8    -3055.5     1972.2   1729.3   1306.1   1598.2 2023  1  5 16 58 37.710  3.2   1
     1398  27.332747  103.007414    16.754     6853.7    42411.0    10617.8   3098.7   2248.3   2125.2 2023  1  5 17 38 29.560  4.0   1
     1399  26.827427  102.937069    27.903     -119.3   -13579.8    21767.0   3007.5   2865.3   3639.2 2023  1  5 17 49 51.840  1.6   1
     1402  26.798045  102.950944     8.701     1258.8   -16835.4     2564.8   1665.1   2744.0   2272.1 2023  1  5 18 21 45.880  2.2   1
     1404  27.002566  102.816960     4.831   -12043.6     5826.1    -1305.6   1889.7   1703.7   1793.5 2023  1  5 18 26 49.340  2.6   1
     1405  26.795785  102.976603    14.090     3808.8   -17085.9     7953.2   1295.6   1536.1   1389.7 2023  1  5 18 48 23.160  3.0   1
     1406  26.982607  102.911198    19.290    -2687.8     3614.6    13153.5   2842.2   2085.7   2068.5 2023  1  5 18 53 13.880  1.2   1
     1407  26.997668  103.031006    12.061     9206.2     5283.3     5924.4   2032.8   2274.7   5675.1 2023  1  5 18 57 42.640  2.6   1
     1409  26.813829  102.962834     8.412     2440.4   -15086.6     2276.1   1321.0   1512.1   2071.5 2023  1  5 19  4  4.640  2.9   1
     1410  26.843591  102.951774     3.733     1340.9   -11788.8    -2403.3   1412.2   1773.8   3341.3 2023  1  5 19 19 20.860  2.6   1
     1411  26.918750  102.838127    10.341    -9946.2    -3461.1     4204.5   1737.9   2718.2   1657.9 2023  1  5 19 20 31.660  2.4   1
     1412  26.848287  102.947673     5.527      933.7   -11268.5     -608.9   1249.6   1117.0   2676.0 2023  1  5 19 34 36.200  2.3   1
     1413  26.846948  102.926253    12.681    -1194.0   -11416.8     6544.7   1912.9   1477.8   1546.4 2023  1  5 19 38 54.920  3.3   1
     1414  27.031368  102.896712    13.325    -4125.3     9017.3     7188.5   2003.2   2799.0   1672.8 2023  1  5 19 41 40.220  2.8   1
     1415  26.872111  102.823975    12.804   -11353.4    -8628.7     6667.3   2389.9   2116.9   2235.7 2023  1  5 19 43 26.120  3.0   1
     1417  26.845412  102.925667    13.722    -1252.6   -11587.0     7585.5   2448.6   1774.4   1773.0 2023  1  5 19 57 22.800  2.6   1
     1422  27.122117  102.977352    12.732     3877.3    19072.6     6595.2   4093.4   1958.2   4906.8 2023  1  5 20 40 40.720  2.3   1
     1424  27.003678  102.906779     7.023    -3126.9     5949.3      887.0   1766.8   1298.3   1414.8 2023  1  5 21  2 21.260  3.1   1
     1425  26.830361  102.969889    14.846     3140.7   -13254.8     8709.6   1412.3   1371.3   1450.8 2023  1  5 21  4 48.560  3.5   1
     1428  26.824457  102.966056    17.078     2760.0   -13909.0    10941.7   1463.3   1500.5   1451.7 2023  1  5 21 57 36.580  5.6   1
     1431  26.830160  102.957788    11.163     1939.2   -13277.1     5026.5   1090.9   1418.6   1552.1 2023  1  5 22  4  9.800  4.9   1
     1432  26.862960  102.861458     8.874    -7630.2    -9642.7     2737.6   1392.3   1422.6   1836.2 2023  1  5 22  8 18.040  2.8   1
     1433  26.831986  102.943498     9.414      519.0   -13074.7     3277.5   1871.0   1466.8   1726.4 2023  1  5 22 15 54.360  2.9   1
     1434  27.099959  102.828247    34.802   -10918.2    16617.4    28665.4   3989.1   2516.1   2905.4 2023  1  5 22 19 13.560  4.1   1
     1435  26.654812  103.001725    22.145     6309.1   -32706.1    16008.1   2959.6   2825.0   2226.7 2023  1  5 22 19 14.540  2.5   1
     1436  26.828442  102.959318    14.531     2091.2   -13467.4     8395.0   1588.3   1434.5   1640.4 2023  1  5 22 21  5.480  5.6   1
     1437  26.834253  102.968913    11.085     3044.0   -12823.5     4948.2   1376.3   1254.8   2415.3 2023  1  5 22 27 45.960  4.0   1
     1439  26.859808  102.991976    15.039     5334.8    -9992.0     8902.3   2479.0   1881.2   1453.0 2023  1  5 22 43 29.800  5.2   1
     1440  26.829600  102.963770    12.790     2532.8   -13339.1     6654.0   1480.2   1367.6   1516.0 2023  1  5 22 45 17.520  4.8   1
     1441  26.835065  102.963403    12.279     2496.7   -12733.6     6142.6   1372.7   1475.1   1128.2 2023  1  5 22 47 20.320  3.1   1
     1442  26.821283  102.958846    16.505     2044.3   -14260.7    10368.6   2895.1   1826.7   1869.4 2023  1  5 22 55 34.980  3.9   1
     1444  26.822882  102.969840    14.737     3136.2   -14083.5     8600.9   1321.1   1414.7   1210.1 2023  1  5 23  2 29.760  3.2   1
     1445  26.835234  102.965633    11.875     2718.6   -12714.9     5739.0   2006.7   1398.9   1436.0 2023  1  5 23  5 44.480  4.0   1
     1446  26.840588  102.950570    16.337     1222.0   -12121.5    10200.4   1410.9   1326.1   1343.9 2023  1  5 23 11 18.480  3.4   1
     1447  26.695355  102.972160    14.667     3368.3   -28213.8     8530.5   3269.2   3092.7   7830.5 2023  1  5 23 25 50.960  1.9   1
     1448  26.820245  102.962882    14.260     2444.9   -14375.5     8123.5   1918.9   1706.6   1306.5 2023  1  5 23 27 57.080  5.4   1
     1449  26.843119  102.989974     5.485     5136.6   -11841.1     -651.3   2332.2   2386.3   5178.3 2023  1  5 23 33 36.320  3.2   1
     1450  26.821377  102.953101    15.320     1473.5   -14250.2     9183.8   2810.0   2181.0   2211.8 2023  1  5 23 38 26.920  3.7   1
     1451  26.837657  102.966227    18.057     2777.2   -12446.4    11920.4   2153.3   1498.7   1679.4 2023  1  6  0 11 42.800  3.5   1
     1453  26.713236  102.994792     5.404     5617.9   -26232.4     -732.5   2649.4   3701.5   5450.1 2023  1  6  0 35 33.900  3.2   1
     1455  26.532184  103.061475    41.131    12256.5   -46293.6    34995.1   3181.6   3216.1   3671.3 2023  1  6  0 56 25.170  2.8   1
     1457  26.438926  103.006535    24.169     6793.5   -56626.7    18032.7   2860.1   3177.9   2795.5 2023  1  6  1 10 23.390  3.8   1
     1461  26.834768  102.917082    10.807    -2105.0   -12766.5     4670.3   1735.5   1250.8   1566.1 2023  1  6  2  9 13.140  3.6   1
     1465  26.832898  102.962858    16.651     2442.8   -12973.7    10514.7   1557.9   1480.8   1490.5 2023  1  6  2 50 22.410  5.9   1
     1466  26.802881  102.968652     2.166     3018.6   -16299.7    -3970.3   2184.0   2076.4   5271.3 2023  1  6  2 56 23.490  3.5   1
     1467  26.835264  102.960604    11.813     2218.2   -12711.5     5676.2   1427.8   1582.3   1338.8 2023  1  6  2 57  1.020  3.8   1
     1468  26.942045  102.647371    17.979   -28887.2     -879.8    11842.8   2039.3   2305.9   2264.8 2023  1  6  2 58 46.510  3.6   1
     1469  26.834277  102.956323    12.054     1793.3   -12820.8     5917.4   1433.6   1500.6   1420.4 2023  1  6  3  0 59.270  3.6   1
     1470  26.828636  102.952205    13.609     1384.3   -13445.9     7473.0   1471.9   1444.9   1410.0 2023  1  6  3 25  4.030  3.7   1
     1473  26.634939  102.790511    20.017   -14692.6   -34908.1    13880.5   3741.9   2800.5   4193.3 2023  1  6  3 38  3.330  3.7   1
     1474  26.837199  102.951921    14.820     1355.9   -12497.1     8683.8   1277.7   1460.2   1155.6 2023  1  6  3 41 32.280  3.4   1
     1478  26.838247  102.986491    14.866     4790.2   -12381.0     8729.7   2340.6   1858.0   1992.4 2023  1  6  4 27  4.690  3.8   1
     1479  26.832361  102.964860    14.275     2641.5   -13033.2     8138.9   1589.4   1677.7   1388.3 2023  1  6  4 27 46.330  3.9   1
     1480  26.823576  102.967187    12.810     2873.0   -14006.6     6673.2   2382.2   1326.8   1709.4 2023  1  6  4 51 23.310  3.7   1
     1481  26.459546  103.036808    12.376     9805.8   -54342.0     6240.1   2335.2   2636.4   2120.4 2023  1  6  4 53 43.510  3.3   1
     1482  27.036198  103.089958    26.708    15056.4     9552.5    20571.9   2893.2   2168.9   2001.5 2023  1  6  5  4 13.620  3.5   1
     1488  26.992450  102.815267     4.990   -12211.9     4705.2    -1146.3   2820.4   3730.1   6761.5 2023  1  6  5 46 37.750  1.4   1
     1489  26.809507  102.969889    12.002     3141.0   -15565.3     5865.7   1415.8   1859.5   1191.1 2023  1  6  6  5 52.330  3.0   1
     1490  26.830943  102.947900    11.869      956.4   -13190.2     5733.0   2109.8   1499.5   1809.8 2023  1  6  6  8 33.500  3.0   1
     1491  26.855798  102.991007     3.543     5238.9   -10436.1    -2593.1   2152.0   2322.8   5582.5 2023  1  6  6 12 13.430  3.1   1
     1494  26.937455  102.839217    13.230    -9837.0    -1388.5     7093.3   2715.3   2021.8   1772.9 2023  1  6  7  0 26.850  3.4   1
     1496  26.829537  102.963826    13.254     2538.8   -13346.0     7117.6   1496.9   1557.8   1228.0 2023  1  6  7 51  6.930  4.0   1
     1498  27.390564  103.047843     8.021    10858.9    48817.3     1884.7   7196.6   1750.9   5046.2 2023  1  6  8 23 59.510  3.4   1
     1500  26.787856  103.167017    13.119    22730.2   -17964.4     6982.6   2556.1   2345.5   2443.7 2023  1  6  8 56 51.730  2.6   1
     1501  27.053219  103.159757    11.483    21983.6    11438.5     5346.4   2205.4   2021.4   5805.2 2023  1  6  9  8 30.110  3.1   1
     1506  26.696000  103.115861     3.176    17653.8   -28142.2    -2960.5   5525.7   2988.3   8178.3 2023  1  6 10 34 47.490  2.5   1
     1507  26.921490  103.004769     2.004     6604.1    -3157.4    -4131.9   1777.4   2864.0   3017.5 2023  1  6 10 40 31.900  3.3   1
     1509  26.830821  102.989632    17.634     5102.3   -13203.9    11497.6   1475.7   1550.8   1433.9 2023  1  6 11  5  1.410  3.2   1
     1510  26.988611  102.932983     9.231     -524.8     4279.7     3094.5   2151.0   1842.0   1991.3 2023  1  6 11 15 40.300  5.4   1
     1511  26.830465  102.966048    12.899     2759.3   -13243.3     6763.1   1358.5   1423.3   1915.9 2023  1  6 11 24 59.760  3.7   1
     1516  26.826599  102.932463    17.177     -577.5   -13671.6    11040.8   2225.6   1765.8   3112.6 2023  1  6 12 54 52.290  3.0   1
     1519  26.813810  102.960376     1.936     2196.5   -15088.7    -4200.6   1624.1   1589.3   3258.0 2023  1  6 13 50 16.640  3.4   1
     1520  26.839315  102.955184    14.130     1679.9   -12262.6     7993.6   1672.3   1626.3   2109.6 2023  1  6 14 37 17.560  3.7   1
     1525  27.099526  102.831340    21.780   -10611.3    16569.4    15644.0   3701.3   2377.6   1780.1 2023  1  6 15 51 55.290  3.3   1
     1526  26.788737  103.020321     2.633     8152.8   -17866.8    -3503.3   3554.9   3432.4   5827.2 2023  1  6 15 53 26.420  2.3   1
     1529  27.090592  103.067375     1.431    12812.1    15579.5    -4705.4   3902.5   2449.0   4775.9 2023  1  6 16  9 54.970  1.4   1
     1530  26.845416  102.943343    14.079      504.0   -11586.6     7942.1   2685.5   2419.5   2023.7 2023  1  6 16 14 42.600  2.7   1
     1531  26.894643  102.934513     7.481     -373.8    -6132.1     1344.9   2571.7   3781.6  10489.2 2023  1  6 16 35 36.810  2.5   1
     1532  27.072249  103.073893    34.414    13459.9    13547.1    28277.5   4435.0   3670.1   3504.0 2023  1  6 16 38 49.130  1.9   1
     1534  26.504569  103.008667     5.743     7003.5   -49353.3     -393.2   2221.4   1785.7   2790.4 2023  1  6 16 48 36.090  3.5   1
     1537  26.831313  102.874308    14.444    -6355.1   -13149.3     8307.3   3782.2   3018.8   5283.1 2023  1  6 17  3 15.420  1.1   1
     1538  26.779622  102.978426     4.552     3989.8   -18876.8    -1584.0   1697.3   2035.4   4245.1 2023  1  6 17  7 21.200  2.2   1
     1544  26.867226  102.936108     5.693     -214.8    -9170.0     -443.7   1837.3   3125.0   4573.8 2023  1  6 18 39 27.200  2.2   1
     1546  26.866974  102.896566     4.713    -4143.3    -9198.0    -1423.8   2796.8   2068.4   4802.6 2023  1  6 18 53 36.500  2.2   1
     1548  26.994438  102.890747    11.708    -4718.3     4925.5     5572.0   3140.0   2009.0   2256.3 2023  1  6 19 28 33.340  2.8   1
     1549  27.029346  103.057178     4.630    11803.4     8793.4    -1506.2   4758.5   3031.4   3647.1 2023  1  6 19 36 35.120  1.4   1
     1551  26.823572  102.952604    13.456     1423.6   -14007.0     7319.4   1250.4   1430.5   1143.2 2023  1  6 20 36  5.420  3.7   1
     1555  27.151172  102.842684     9.573    -9483.3    22291.9     3436.9   3289.9   1784.5   1731.4 2023  1  6 21  7 33.880  4.9   1
     1556  26.910878  102.879167    20.223    -5870.4    -4333.1    14086.4   2468.7   1916.0   8424.5 2023  1  6 21 11 25.420  2.5   1
     1557  27.113143  103.119613     3.880    17994.0    18078.1    -2256.5   1664.9   1368.3   2350.5 2023  1  6 21 27 24.520  3.2   1
     1558  26.830438  102.965259    12.582     2681.3   -13246.2     6445.9   1413.3   1376.0   1265.6 2023  1  6 21 38 29.200  4.3   1
     1559  27.044741  102.977271    14.185     3870.5    10499.0     8048.8   3877.0   1879.4   3230.1 2023  1  6 21 58 12.060  2.7   1
     1561  26.822398  102.965674    16.945     2722.3   -14137.2    10808.5   2095.5   1640.0   1536.3 2023  1  6 22 13 55.780  4.5   1
     1563  26.432654  103.274520    26.316    33464.8   -57321.9    20179.8   5504.6   5395.9   5559.8 2023  1  6 22 35 50.260  3.4   1
     1566  26.827692  103.019051    13.925     8025.2   -13550.6     7788.9   2493.0   2020.9   2048.6 2023  1  6 23 10 13.040  3.2   1
     1573  27.083954  102.985124     5.806     4649.1    14843.9     -330.6   2428.4   1600.1   3653.8 2023  1  7  0 47 17.390  3.2   1
     1578  27.197630  102.846566    10.768    -9096.4    27439.6     4631.2   3139.5   2109.1   1765.1 2023  1  7  2 53 57.070  2.2   1
     1584  26.923281  102.651506    14.086   -28479.3    -2958.9     7949.6   2214.4   2833.0   2524.4 2023  1  7  5 10 35.680  2.9   1
     1587  26.805471  103.000911     0.941     6223.7   -16012.6    -5195.8   1927.0   1672.5   3780.2 2023  1  7  6 59  0.730  3.5   1
     1590  27.118431  102.902922    34.667    -3508.0    18664.0    28530.8   3066.3   1460.6   8842.1 2023  1  7  7 30 50.280  2.3   1
     1597  26.854116  102.922103    20.960    -1606.0   -10622.5    14824.0   2289.0   2790.1   5668.4 2023  1  7 11 13 16.360  1.4   1
     1598  26.846059  102.945801    14.913      747.7   -11515.4     8776.3   1874.7   1479.0   2061.4 2023  1  7 11 38 45.550  3.3   1
     1601  26.875228  102.873649     2.263    -6419.0    -8283.3    -3873.2   2303.6   1699.8   3049.4 2023  1  7 13 18  6.020  2.6   1
     1602  27.072591  102.964535     3.319     2606.6    13584.9    -2817.7   4850.7   2708.9   7757.0 2023  1  7 13 25 37.160  3.2   1
     1603  27.286151  102.976782    14.280     3818.6    37247.9     8143.9   2573.7   2124.7   1669.8 2023  1  7 14 10 41.150  2.8   1
     1604  27.261603  102.910791    16.592    -2725.1    34528.0    10455.4   2367.2   2474.6   1760.5 2023  1  7 15 10 53.790  1.8   1
     1606  27.068679  103.108667    14.009    16910.8    13151.4     7872.8   3579.9   3218.6   7462.3 2023  1  7 15 19 54.330  1.3   1
     1607  26.966685  102.894027     9.668    -4393.1     1850.2     3531.8   1717.6   1324.5   1231.4 2023  1  7 15 39 14.060  2.9   1
     1608  27.106641  102.864502    13.045    -7320.6    17357.7     6908.3   2558.6   1438.6   1590.8 2023  1  7 15 40  8.830  4.2   1
     1611  26.834497  102.953076    13.680     1470.4   -12796.4     7543.6   1328.0   1516.1   1763.8 2023  1  7 16 37 55.380  2.6   1
     1612  27.004545  103.030371    37.497     9143.2     6045.3    31360.3   2427.0   3484.1  11599.7 2023  1  7 17  8 26.540  2.1   1
     1614  26.894615  102.971940     7.259     3343.9    -6135.3     1122.9   2392.1   2139.5   2295.8 2023  1  7 17 17 23.380  2.4   1
     1616  27.098494  102.795841     0.565   -14133.9    16455.1    -5571.8   2132.3   2472.1   5684.9 2023  1  7 18 24  7.060  2.5   1
     1620  26.814081  102.959115    12.289     2070.9   -15058.7     6152.2   1195.1   1257.2   1192.9 2023  1  7 20 13  6.540  3.4   1
     1626  27.073948  102.693660     4.066   -24276.6    13735.3    -2070.0   2778.0   2231.9   5686.1 2023  1  7 21 13 44.480  2.9   1
     1628  26.970868  102.961987    10.932     2354.6     2313.8     4796.0   4131.6   2123.1   1437.0 2023  1  7 22 20 54.920  2.8   1
     1634  26.758431  103.020467     3.417     8168.7   -21224.8    -2719.9   2574.0   3384.5   4137.2 2023  1  8  1 33 16.530  1.6   1
     1635  26.989976  102.907056    11.248    -3099.0     4431.1     5111.9   1950.2   2553.1   1763.7 2023  1  8  2 20 23.170  3.0   1
     1638  26.492542  102.947957     5.608      963.6   -50686.1     -528.8   1551.2   1699.6   2571.9 2023  1  8  2 44 31.880  3.3   1
     1641  26.739738  102.840495    13.032    -9718.1   -23296.1     6895.8   3368.8   2861.9   2785.4 2023  1  8  4 26  9.320  3.1   1
     1642  26.813879  103.004508    19.278     6581.4   -15080.9    13141.6   2322.4   2501.2   4167.1 2023  1  8  4 29 56.750  2.5   1
     1643  26.783319  102.964624     5.522     2618.7   -18467.2     -614.4   1988.7   2192.5   4783.0 2023  1  8  4 44 11.920  2.7   1
     1644  26.835160  102.950277    14.358     1192.8   -12722.9     8221.9   1351.1   1307.2   1274.4 2023  1  8  5 28 16.570  3.7   1
     1646  26.832377  102.896257     9.240    -4174.1   -13031.3     3103.4   1902.6   1800.9   2186.8 2023  1  8  5 59 42.990  5.1   1
     1648  26.758978  102.907218    14.160    -3085.9   -21164.2     8024.0   1764.8   2172.7   1581.0 2023  1  8  6 30 28.370  2.9   1
     1651  27.016319  102.910229     9.165    -2783.8     7349.9     3028.3   2611.1   1741.6   2591.9 2023  1  8  7  1 45.160  3.4   1
     1652  26.844688  102.975203    16.591     3668.8   -11667.3    10454.6   2002.4   1630.1   1866.0 2023  1  8  7 43 55.900  3.2   1
     1653  26.833708  102.955591    13.530     1720.7   -12883.9     7393.3   1331.7   1266.0   1147.8 2023  1  8  9 21  3.240  3.7   1
     1654  27.504547  102.919124    32.494    -1896.5    61446.9    26357.1   3366.9   1712.7   8318.8 2023  1  8  9 30 30.330  3.3   1
     1655  27.015517  102.811735    14.577   -12561.5     7261.0     8441.0   2377.8   1981.6   2152.0 2023  1  8  9 44 14.220  3.2   1
     1656  26.819977  102.936068    12.273     -219.2   -14405.3     6137.0   2645.4   2022.6   4784.8 2023  1  8 10 17 33.540  3.0   1
     1657  27.130640  102.883553    13.465    -5429.4    20016.9     7328.2   3222.4   1770.7   1596.4 2023  1  8 10 34 34.150  4.5   1
     1659  27.128601  102.771688     4.605   -16529.0    19791.1    -1531.8   1842.7   2001.0   4827.6 2023  1  8 11  7 30.660  2.9   1
     1662  26.830996  102.952482    13.117     1411.3   -13184.4     6980.5   1577.5   1443.2   1238.4 2023  1  8 12 18 53.450  3.6   1
     1664  26.528003  103.262565    13.048    32261.5   -46756.7     6911.8   2126.8   2833.5   5516.3 2023  1  8 13  4 11.910  2.2   1
     1665  27.081303  102.745662     6.174   -19114.9    14550.3       37.8   1329.1   1624.8   3856.5 2023  1  8 13 31 36.480  3.7   1
     1670  26.892847  102.766064     8.456   -17104.4    -6331.1     2319.7   3413.4   2245.1   5341.9 2023  1  8 16 10 24.950  2.6   1
     1674  26.498024  103.020801     9.840     8211.3   -50078.6     3703.2   2424.0   1999.5   3050.9 2023  1  8 16 58 43.770  3.5   1
     1675  26.830876  102.954305    11.327     1592.8   -13197.8     5190.4   1816.0   1313.8   1774.2 2023  1  8 17  5 43.960  3.1   1
     1676  27.159072  103.013468     4.540     7459.8    23167.2    -1596.4   2869.8   1339.2   2766.2 2023  1  8 17 41 21.880  2.9   1
     1678  26.681228  103.003743    14.937     6509.2   -29779.2     8800.1   1608.5   1569.8   1940.2 2023  1  8 18  3 48.840  3.2   1
     1679  26.898041  102.975016    17.140     3649.3    -5755.6    11003.7   2864.6   2627.6   2214.6 2023  1  8 18 10 39.480  2.5   1
     1682  26.878766  102.945540    29.038      721.6    -7891.4    22902.0   3275.1   2450.7   3149.6 2023  1  8 18 53 14.080  1.6   1
     1688  26.822502  102.965511    15.851     2706.6   -14125.6     9714.6   1442.6   1571.7   1760.0 2023  1  8 20 59 20.120  3.0   1
     1690  26.990155  102.881812    15.826    -5605.9     4450.8     9689.7   3109.5   2040.3   2624.9 2023  1  8 21 29 31.160  2.8   1
     1691  26.937028  102.865584    13.630    -7218.5    -1435.8     7493.7   2205.6   1892.1   1556.0 2023  1  8 21 39 13.640  3.3   1
     1692  26.936562  102.880721    14.047    -5715.0    -1487.4     7910.3   1888.7   1985.9   1317.9 2023  1  8 21 47 29.700  3.2   1
     1694  26.547428  102.991024     7.000     5247.5   -44604.5      863.9   1914.9   2095.0   2349.1 2023  1  8 22 47 19.760  4.4   1
     1696  26.890226  102.926123    10.728    -1206.4    -6621.6     4591.3   1685.4   1552.0   1480.6 2023  1  9  1  2 25.250  3.1   1
     1700  26.529867  103.146102    23.635    20675.0   -46550.3    17498.2   2925.3   2788.3   3370.8 2023  1  9  4 33 32.050  4.0   1
     1702  26.569039  102.826172     3.633   -11150.4   -42209.9    -2503.9   5108.4   2206.8   4351.6 2023  1  9  5  3 47.640  2.7   1
     1703  27.189596  102.984668     3.708     4602.5    26549.3    -2428.0   2230.6   1745.0   2924.3 2023  1  9  5 52  9.980  4.2   1
     1705  26.836243  103.083081     5.450    14386.7   -12603.0     -686.4   2672.0   2613.5   4896.0 2023  1  9  5 57 53.200  2.3   1
     1706  26.995864  102.565853     5.461   -36973.2     5083.4     -675.9   2756.9   3607.6   5769.7 2023  1  9  6  4 26.800  2.9   1
     1708  26.993327  102.579964    19.478   -35572.9     4802.4    13341.8   2862.0   4181.6   5692.9 2023  1  9  7  0 50.600  3.6   1
     1709  26.716231  102.970801    15.478     3233.1   -25900.6     9342.0   1708.2   1919.7   2649.2 2023  1  9  7  7 25.610  3.3   1
     1710  26.587762  103.014095     4.368     7540.8   -40135.2    -1768.5   2267.9   2023.9   3862.8 2023  1  9  7 20 13.850  4.1   1
     1712  27.148602  103.260824    14.744    32001.3    22007.3     8607.3   1760.1   1570.7   3389.7 2023  1  9  9 18 53.240  4.3   1
     1717  27.136627  103.018286     9.343     7938.3    20680.3     3206.9   2629.0   1850.5   2239.9 2023  1  9 15 16  1.350  3.2   1
     1719  26.877374  102.943286     8.689      497.8    -8045.6     2552.4   1599.4   1620.9   2441.1 2023  1  9 16  6 17.470  3.2   1
     1720  26.874921  102.942244    10.811      394.1    -8317.4     4674.9   1412.4   1459.7   1369.6 2023  1  9 16 14 24.770  3.0   1
     1721  26.875663  102.944385     9.837      607.1    -8235.2     3700.7   1695.8   1394.8   1398.8 2023  1  9 16 39 28.720  3.0   1
     1722  26.870101  102.956470    14.450     1807.6    -8851.5     8313.4   1560.5   1512.9   2148.7 2023  1  9 16 57 16.400  4.2   1
     1723  26.671232  103.011613    21.254     7291.8   -30886.6    15117.9   2288.1   1682.7   1926.4 2023  1  9 17 10 38.240  3.9   1
     1725  26.428117  103.018742    28.000     8008.9   -57824.4    21863.4   2983.2   4553.5   3875.9 2023  1  9 18  8 50.720  4.4   1
     1726  26.887952  103.012248    11.829     7347.5    -6873.5     5692.8   1843.1   2298.1   1502.3 2023  1  9 18 14 29.100  2.3   1
     1727  26.883891  102.960327    10.924     2190.4    -7323.4     4787.6   2002.3   1345.8   1494.2 2023  1  9 19  8 37.980  2.9   1
     1728  26.911576  102.897298    10.071    -4069.6    -4255.9     3935.0   2162.2   1574.6   1779.6 2023  1  9 19 14  0.800  2.3   1
     1729  26.963009  102.911255     3.534    -2682.9     1442.9    -2602.3   2312.2   1727.0   1880.2 2023  1  9 19 18 43.680  2.5   1
     1730  26.861534  102.941382     7.249      309.0    -9800.7     1112.4   1706.8   1321.2   2041.2 2023  1  9 19 27 32.440  2.9   1
     1731  26.928292  102.882829    10.519    -5505.9    -2403.7     4382.7   1788.9   1685.3   1584.0 2023  1  9 19 36  8.060  2.9   1
     1732  26.874422  102.945630    11.104      730.5    -8372.7     4967.7   1516.7   1223.0   1144.1 2023  1  9 20 35 17.380  4.9   1
     1733  26.879161  102.945801    10.542      747.5    -7847.7     4405.6   1549.8   1493.1   1595.0 2023  1  9 20 39 20.860  3.4   1
     1734  26.872795  102.945833     8.490      750.8    -8552.9     2353.9   1728.4   1331.5   1671.2 2023  1  9 21 45  5.440  3.0   1
     1736  26.480363  102.998193     6.028     5962.0   -52035.4     -108.8   2435.8   1892.2   2818.0 2023  1  9 21 58 22.960  2.5   1
     1737  26.881970  102.942570    10.583      426.8    -7536.4     4446.5   1706.6   1319.2   1267.3 2023  1  9 22  7  4.500  3.6   1
     1738  26.881079  102.941252    12.213      295.6    -7635.1     6076.4   1732.0   1355.8   1279.8 2023  1  9 22 12 25.440  3.7   1
     1741  26.546924  102.790763     8.296   -14673.4   -44660.4     2159.9   2705.4   2527.6   4135.4 2023  1  9 23 13 34.340  3.6   1
     1742  27.031724  102.831429    11.719   -10605.5     9056.9     5582.5   2103.0   1624.9   1628.6 2023  1  9 23 27  6.800  3.3   1
     1743  26.634383  102.715348    33.902   -22166.8   -34969.5    27765.2   4237.1   4656.9   3050.7 2023  1 10  0  1  6.610  2.5   1
     1744  26.616551  102.838729    18.404    -9898.7   -36945.5    12267.3   2450.4   2857.6   2317.9 2023  1 10  1  8 19.670  2.8   1
     1748  26.877484  102.934448     8.944     -380.0    -8033.5     2807.9   2140.5   1606.7   2298.4 2023  1 10  1 44 54.780  2.7   1
     1751  27.336351  102.946924     1.552      857.7    42810.3    -4584.0   3197.1   2039.2   3684.3 2023  1 10  3 40 28.380  3.1   1
     1752  26.906588  102.941895     8.497      359.4    -4808.6     2361.1   1825.5   1692.3   2046.7 2023  1 10  4 13  0.530  2.8   1
     1754  27.336147  102.822681    14.103   -11458.8    42787.7     7966.2   2011.0   2024.7   2002.4 2023  1 10  5 10 41.510  2.8   1
     1756  26.857461  102.839494    22.640    -9812.3   -10251.9    16503.8   2571.9   1892.4   1720.2 2023  1 10  5 52 45.990  3.1   1
     1757  27.114657  102.861670     6.076    -7601.3    18245.9      -60.1   1817.2   1364.6   4552.3 2023  1 10  6 47 57.870  3.4   1
     1759  26.991298  102.709334    11.065   -22729.0     4577.5     4928.2   2674.9   3558.5   6415.2 2023  1 10  7 15 53.240  2.7   1
     1760  27.011523  102.800985     6.070   -13629.2     6818.5      -66.8   1777.4   2315.5   1506.2 2023  1 10  7 20 18.320  3.0   1
     1761  27.159823  103.110099     0.952    17046.8    23250.4    -5184.8   1949.5   1756.1   2377.4 2023  1 10  7 23 34.630  5.0   1
     1765  26.990334  102.861548     9.073    -7617.2     4470.7     2937.0   2007.3   1720.4   1423.9 2023  1 10  8 19 50.520  3.9   1
     1770  26.870976  102.927970     8.342    -1023.3    -8754.6     2205.6   1751.8   1378.5   1385.6 2023  1 10  9 51  7.700  3.4   1
     1773  26.976316  103.050057     3.544    11098.5     2917.4    -2592.3   2182.1   3177.7   4720.7 2023  1 10 10 57 50.070  2.8   1
     1778  26.868561  102.935758    18.383     -249.8    -9022.0    12246.5   2251.3   1953.7   1865.1 2023  1 10 13 34 23.820  3.4   1
     1779  26.844647  102.931917    10.755     -631.7   -11671.9     4618.8   1883.6   1396.5   1751.4 2023  1 10 13 36 48.280  3.4   1
     1780  26.858425  102.949495     4.265     1114.7   -10145.1    -1871.2   1486.4   1498.6   1952.4 2023  1 10 14 22  2.390  2.8   1
     1781  26.824538  102.954907    10.342     1652.6   -13900.0     4205.7   2350.5   1486.6   2408.2 2023  1 10 15  7 20.700  2.9   1
     1783  26.854427  102.932104    15.369     -612.5   -10588.2     9232.2   1991.2   1498.5   1549.1 2023  1 10 15 13 25.930  3.7   1
     1784  27.243266  103.065739     4.177    12640.6    32496.2    -1959.8   2152.9   2211.5   2864.8 2023  1 10 16 15 34.780  2.9   1
     1785  26.845900  102.938249    12.612       -2.5   -11532.8     6475.8   1877.1   1900.2   1812.3 2023  1 10 16 19 19.210  2.9   1
     1787  27.374925  102.809383    12.578   -12774.3    47084.3     6441.2   2847.3   3791.9   6880.2 2023  1 10 17  1 31.000  2.0   1
     1789  26.887148  102.967098    24.053     2862.9    -6962.6    17916.3   4651.7   2152.1   9241.5 2023  1 10 18 13 13.560  0.6   1
     1790  26.980117  102.928239     6.847     -996.6     3338.5      710.6   1803.5   1613.7   1475.5 2023  1 10 18 32 50.840  2.7   1
     1795  27.013348  102.802653    13.734   -13463.1     7020.6     7597.9   3252.1   1889.6   6789.4 2023  1 10 20 13 13.680  0.7   1
     1800  27.163413  103.140763     2.873    20088.4    23648.5    -3263.3   1747.3   1612.1   2738.3 2023  1 10 21  5 35.000  3.8   1
     1802  26.420473  103.031283    22.894     9257.1   -58671.3    16757.2   2604.4   3103.3   2685.9 2023  1 10 21 28 35.140  3.3   1
     1803  27.159430  102.793091     4.567   -14403.1    23207.0    -1569.3   2159.6   1911.4   3604.7 2023  1 10 21 55 53.060  3.0   1
     1805  27.122083  102.811849     8.363   -12544.2    19068.7     2226.5   2141.7   1185.0   2866.8 2023  1 10 22 46 21.860  3.2   1
     1807  27.390800  102.795841     6.907   -14115.7    48843.4      770.9   2013.4   2030.3   3516.8 2023  1 10 23 13 39.160  3.8   1
     1808  26.992356  102.783398     3.443   -15375.8     4694.7    -2693.0   1911.6   2354.5   3546.9 2023  1 10 23 15  9.140  2.8   1
     1809  26.759418  102.724048    14.581   -21289.7   -21115.4     8444.1   3180.7   2800.9   6185.1 2023  1 10 23 56  1.040  1.9   1
     1810  26.847028  102.936174    15.006     -208.8   -11408.0     8869.7   1911.7   1419.0   1234.5 2023  1 11  0  7 17.780  3.6   1
     1812  26.945349  102.895085     7.896    -4288.8     -513.6     1760.0   1996.4   1468.4   1727.3 2023  1 11  0 36  5.800  2.7   1
     1817  27.335738  102.891439    17.985    -4642.6    42742.4    11848.4   3050.8   2189.7   2237.7 2023  1 11  3  3 58.590  3.4   1
     1820  26.859715  102.938468    17.618       19.3   -10002.2    11481.5   1556.1   2397.9   4175.4 2023  1 11  4 17  3.990  2.8   1
     1821  27.112988  103.159399    17.270    21942.2    18061.1    11133.3   2181.7   2848.1   2946.8 2023  1 11  4 20 43.270  3.9   1
     1823  27.110968  102.850806    14.606    -8679.5    17837.2     8470.0   2244.2   1226.0   1559.9 2023  1 11  4 48 26.140  4.3   1
     1825  26.934717  103.000439     3.486     6173.4    -1691.9    -2650.5   1972.9   2563.4   3979.2 2023  1 11  5 46 50.880  3.1   1
     1828  27.117234  102.805420     3.668   -13182.2    18531.6    -2468.3   1714.5   1915.8   3681.3 2023  1 11  7 16 53.220  3.3   1
     1833  27.147585  102.721916    29.531   -21465.7    21894.6    23394.2   2892.4   1804.8   1965.4 2023  1 11 10 17 52.360  3.2   1
     1836  26.617926  102.757300    37.051   -17996.6   -36793.0    30914.5   2331.7   3322.9   8328.2 2023  1 11 10 36 27.390  2.7   1
     1837  27.187506  103.214933    10.604    27443.5    26317.9     4467.2   2385.1   2717.4   4213.2 2023  1 11 10 53 24.830  3.1   1
     1845  26.956303  102.878923     8.793    -5893.5      699.9     2656.2   2441.2   2360.2   6088.6 2023  1 11 12 38 42.830  1.7   1
     1846  26.881576  102.935734    12.677     -252.3    -7580.1     6540.9   1435.0   1604.0   1248.2 2023  1 11 12 40 18.140  3.3   1
     1847  27.105971  102.859481    12.181    -7818.4    17283.6     6044.9   1974.4   1187.1   1440.9 2023  1 11 12 47 56.460  2.5   1
     1851  26.929443  103.109172     7.388    16971.9    -2276.2     1251.3   3446.6   2829.5   5533.0 2023  1 11 14 30 33.100  2.7   1
     1854  27.066203  103.100244     6.817    16075.6    12877.3      680.9   3818.8   2530.1   4158.0 2023  1 11 15 17 27.400  3.6   1
     1855  26.877761  102.938428    10.192       15.7    -8002.8     4055.2   1511.4   1268.7   1394.5 2023  1 11 15 39  2.760  3.5   1
     1856  26.473275  102.917887    32.853    -2028.7   -52820.7    26716.5   1887.1   2335.6   7515.0 2023  1 11 16 39  8.350  2.6   1
     1862  26.883138  102.934587    10.400     -366.5    -7406.8     4263.5   1753.6   1544.1   1125.7 2023  1 11 18 31 49.400  3.0   1
     1868  26.866260  102.956258    19.907     1786.7    -9277.1    13770.4   2360.4   2110.9   1939.1 2023  1 11 20 35 25.940  2.9   1
     1874  27.276642  102.916895     2.059    -2119.9    36194.5    -4077.0   2163.7   2487.0   3015.3 2023  1 11 23 41 30.080  1.5   1
     1878  27.030975  102.800562    17.073   -13670.1     8974.0    10936.9   2379.5   1728.8   1504.5 2023  1 12  1 42  2.140  3.9   1
     1880  27.153805  103.003475     7.789     6468.3    22583.8     1653.0   3639.1   2960.1   8400.4 2023  1 12  2 48 34.720  3.3   1
     1882  26.892912  103.167896     7.870    22807.2    -6323.9     1733.2   2670.4   2489.0   4577.4 2023  1 12  4 47 50.030  2.9   1
     1884  27.107656  102.872371    15.996    -6539.4    17470.3     9859.3   2937.4   1617.4   1898.4 2023  1 12  6 25 51.630  6.0   1
     1885  27.117430  102.812614    14.496   -12468.8    18553.2     8359.7   2232.0   1259.8   1466.4 2023  1 12  6 36 45.960  5.0   1
     1886  27.123061  102.832536     1.085   -10491.8    19177.2    -5051.6   1810.3   1299.0   2507.3 2023  1 12  6 54  8.120  3.2   1
     1891  26.691876  103.192350     6.734    25258.3   -28599.3      597.4  11185.9   5071.6  11239.1 2023  1 12  9  0 32.700  2.7   1
     1892  26.489569  102.904801     3.848    -3330.1   -51015.3    -2288.5   2061.2   2321.5   3498.1 2023  1 12  9  8 39.320  3.4   1
     1893  26.991833  102.905054     3.367    -3297.8     4636.7    -2769.5   2240.8   2311.8   2655.4 2023  1 12  9 17 59.720  2.8   1
     1895  27.084721  102.929964    17.073     -824.5    14929.1    10936.6   3220.1   1805.3   2025.4 2023  1 12  9 24 17.860  3.9   1
     1896  27.107379  103.109660    16.947    17006.9    17439.6    10810.2   2692.6   2243.4   6270.8 2023  1 12  9 50 19.320  3.6   1
     1897  27.018772  102.835221     7.785   -10230.2     7621.7     1648.7   3167.5   2389.2   5290.7 2023  1 12  9 59 56.900  2.5   1
     1898  27.120927  102.809269    13.119   -12800.4    18940.8     6982.2   1657.5   1079.8   1484.7 2023  1 12 11  0 25.500  4.2   1
     1901  27.203239  102.920028     0.909    -1809.7    28061.1    -5227.8   2093.4   1838.1   2593.9 2023  1 12 14  9 59.800  3.5   1
     1904  26.506974  102.822738     2.658   -11495.2   -49086.9    -3478.6   2104.3   2234.0   3282.1 2023  1 12 15 49 19.770  2.2   1
     1908  26.912585  102.739510     7.115   -19739.8    -4144.0      978.1   2473.1   2067.2   2784.3 2023  1 12 17 52 37.920  2.6   1
     1910  26.695872  103.209806     6.108    26992.8   -28156.4      -28.8   4015.9   4168.1   6493.6 2023  1 12 18 13 54.760  2.7   1
     1912  27.103280  102.811515    16.148   -12578.7    16985.5    10012.0   3216.6   1391.6   2050.2 2023  1 12 18 39  9.000  3.1   1
     1918  26.956380  102.818278    11.401   -11914.7      708.5     5264.5   2916.1   2233.7   2063.6 2023  1 12 19 47 23.600  2.7   1
     1920  26.859517  102.990088     7.850     5147.5   -10024.2     1714.1   1593.0   1238.7   1527.5 2023  1 12 20 14 58.940  2.5   1
     1921  27.218829  103.266797    40.111    32583.4    29788.5    33974.4   3399.9   3424.1   4785.8 2023  1 12 20 23 46.400  3.3   1
     1923  27.115761  102.833464    14.004   -10400.3    18368.3     7867.9   2351.1   1305.8   1711.1 2023  1 12 21 27 16.860  4.8   1
     1924  27.118984  102.836076    14.391   -10140.9    18725.5     8255.0   2835.6   1576.7   1853.4 2023  1 12 22 30 23.240  3.9   1
     1925  26.881927  102.904207     6.817    -3383.8    -7541.0      680.5   2450.8   1592.3   3678.6 2023  1 12 22 42 18.720  2.7   1
     1926  27.110130  102.812638    14.833   -12466.9    17744.4     8696.4   2194.6   1665.0   1632.4 2023  1 12 22 45 29.160  3.7   1
     1927  27.047178  103.075301     4.586    13601.0    10769.1    -1550.7   2476.7   2255.2   3582.5 2023  1 12 23 40  4.880  3.0   1
     1928  27.105003  102.851978    12.470    -8563.2    17176.4     6333.2   2053.8   1247.9   1445.5 2023  1 13  0  2  4.850  3.5   1
     1932  26.955910  102.812533    16.142   -12486.0      656.4    10005.7   2733.7   1845.3   1901.4 2023  1 13  1 21 27.390  3.5   1
     1934  27.105829  102.873275    11.807    -6450.1    17267.9     5670.6   1830.1   1250.2   1516.6 2023  1 13  1 42 41.480  3.2   1
     1935  27.087817  102.736401     0.743   -20033.4    15272.0    -5393.8   3658.7   2396.7   3940.2 2023  1 13  2  3 46.440  2.5   1
     1937  26.877968  102.911190     8.669    -2690.4    -7979.6     2532.9   1874.6   1922.3   2750.0 2023  1 13  2 33 16.350  1.8   1
     1938  27.190029  103.071362    11.099    13202.0    26597.3     4962.9   2233.6   2454.8   2539.5 2023  1 13  2 33 38.280  3.0   1
     1939  26.665594  103.118563    14.298    17924.5   -31511.3     8161.4   4759.8   2845.3   8143.7 2023  1 13  3 49  3.850  2.5   1
     1940  26.496861  102.794727     7.228   -14282.0   -50207.4     1091.2   2317.7   2289.6   4758.3 2023  1 13  4 23 54.520  3.0   1
     1941  26.829333  102.969165    10.623     3068.8   -13368.6     4486.5   1531.0   1387.7   1056.5 2023  1 13  5 13  5.790  3.6   1
     1944  27.162714  103.100602    13.386    16104.3    23570.7     7249.1   3317.2   2665.2   4412.6 2023  1 13  7 14 30.280  3.2   1
     1945  27.083728  103.230599     4.336    29010.5    14818.9    -1800.4   1858.3   2473.8   3615.3 2023  1 13  7 22 26.480  4.0   1
     1946  27.042318  103.298112    24.190    35717.0    10230.6    18053.8   1996.3   2078.1   1946.7 2023  1 13  7 37 45.540  4.0   1
     1947  27.110476  102.834131    14.856   -10334.0    17782.7     8719.3   1928.4   1732.3   1452.2 2023  1 13  9 37 46.380  2.8   1
     1948  27.108415  102.874479    14.532    -6330.5    17554.3     8396.1   2204.3   1323.6   1525.2 2023  1 13  9 48 48.310  3.4   1
     1951  26.582027  103.061523     9.598    12258.5   -40770.7     3461.9   2043.1   2331.1   2811.6 2023  1 13 10 14 16.080  2.4   1
     1953  26.722951  102.779517     0.927   -15779.8   -25155.9    -5209.2   3091.7   2566.7   2150.0 2023  1 13 10 42 16.410  1.8   1
     1954  27.176748  102.862362    63.128    -7530.2    25125.7    56991.3   1851.9   1595.0  13241.1 2023  1 13 11  1  8.750  3.0   1
     1957  27.116420  102.837321    10.140   -10017.0    18441.5     4004.0   1916.1   1307.1   1323.3 2023  1 13 11 23 47.790  3.1   1
     1959  27.113727  102.846851     5.422    -9071.7    18143.0     -714.8   2161.6   1347.6   2137.1 2023  1 13 11 56 17.150  3.2   1
     1960  26.879787  103.057438     7.034    11836.6    -7778.3      897.3   2740.2   2372.3   2653.1 2023  1 13 12  0 12.650  2.8   1
     1961  27.093467  102.915609    13.301    -2249.0    15898.1     7164.3   2458.8   1713.2   2028.4 2023  1 13 12  4 18.040  2.8   1
     1962  27.122658  102.904598    10.175    -3341.1    19132.7     4039.0   2483.7   1566.0   1777.3 2023  1 13 12 33 23.730  4.1   1
     1963  26.633948  103.015755     0.345     7704.6   -35017.9    -5791.1   4703.3   2381.0   6570.7 2023  1 13 13 37 12.430  2.7   1
     1964  26.864872  103.012101    13.283     7334.1    -9430.9     7146.2   2693.1   2496.3   6903.0 2023  1 13 13 51 47.420  2.6   1
     1965  27.104508  102.827702    12.865   -10972.3    17121.6     6728.3   1950.3   1307.9   1259.6 2023  1 13 13 55 47.290  3.4   1
     1968  27.092712  102.918913    17.516    -1921.6    15814.5    11379.4   2570.1   1539.6   1450.0 2023  1 13 14 55 59.380  2.5   1
     1969  26.604995  102.949691     6.358     1135.4   -38226.0      221.3   2531.3   2823.8   5226.0 2023  1 13 15  1  1.130  3.0   1
     1970  26.579287  103.053125    14.666    11422.8   -41074.4     8529.4   2816.1   2856.3   6263.9 2023  1 13 15 36 38.950  3.8   1
     1972  27.078497  103.254102     5.724    31344.2    14239.5     -412.6   1706.5   2439.6   2405.1 2023  1 13 16  4 20.420  2.9   1
     1975  27.119012  102.846549    10.034    -9101.1    18728.5     3897.5   2485.2   1366.3   2539.3 2023  1 13 17 40 58.040  2.8   1
     1977  27.504498  102.988957    27.816     5020.9    61441.4    21679.9   5237.1   2197.2   3012.0 2023  1 13 18  3  8.720  3.1   1
     1979  27.074056  103.006453    20.886     6766.8    13747.4    14749.3   2792.4   3015.6   7446.3 2023  1 13 18 15 54.260  1.7   1
     1981  27.154765  103.122673     4.836    18294.2    22690.0    -1300.8   1412.9   1268.6   2541.2 2023  1 13 18 35 34.340  3.6   1
     1983  27.099207  102.881014    12.128    -5681.7    16534.0     5991.5   2079.6   1321.6   1536.5 2023  1 13 18 44 10.720  3.2   1
     1986  27.092812  102.963843     6.745     2537.1    15825.5      608.8   2333.8   2169.8   4315.9 2023  1 13 20 24 47.360  2.4   1
     1987  27.127856  102.793205     7.000   -14394.2    19708.6      863.3   1995.3   1328.8   2163.6 2023  1 13 20 28 56.680  3.1   1
     1993  27.056569  102.882381     8.959    -5547.3    11809.8     2822.3   3116.2   1634.0   2047.6 2023  1 13 23  5 10.780  2.7   1
     1995  27.228324  103.005469     2.875     6664.6    30840.6    -3261.8   1927.0   2008.2   2323.4 2023  1 13 23 58 19.000  2.0   1
     1999  26.787417  102.976685    12.349     3816.5   -18013.2     6213.0   1508.9   1484.6   1758.1 2023  1 14  2  9 10.410  3.6   1
     2001  26.794354  103.009912    17.397     7118.2   -17244.4    11260.9   2252.1   3629.1   2756.3 2023  1 14  2 11 22.390  3.5   1
     2002  26.782397  102.984668    14.975     4610.6   -18569.2     8838.5   1297.2   1533.0   1584.5 2023  1 14  2 13 49.160  3.6   1
     2006  27.097959  102.864771    16.971    -7293.8    16395.9    10834.3   2715.8   1605.3   2155.3 2023  1 14  4 22 24.510  3.2   1
     2008  26.856020  102.860400     2.966    -7735.5   -10411.6    -3170.2   2342.6   1071.1   2061.7 2023  1 14  5 22 43.770  2.9   1
     2014  26.877020  102.931909     9.410     -632.3    -8084.8     3273.5   1905.0   1457.2   1407.9 2023  1 14  8 57 20.990  2.8   1
     2016  26.745752  102.785783    10.121   -15155.9   -22629.6     3984.3   2335.4   2724.8   2119.6 2023  1 14  9 26 46.190  2.7   1
     2017  26.977738  103.061662    10.463    12250.8     3075.1     4326.6   2283.1   2627.3   2564.9 2023  1 14  9 52  5.450  3.3   1
     2019  27.034155  103.012191    45.607     7337.5     9326.3    39471.0   4488.9   2794.7  10972.5 2023  1 14 10 23 12.400  1.9   1
     2021  27.096558  103.136442  1129.922    19665.7    16240.5  1123785.8   2999.4   3839.9  49781.2 2023  1 14 11 58 47.030  2.7   1
     2024  27.223969  102.901131     1.283    -3683.4    30358.0    -4853.6   2877.7   1751.7   2155.4 2023  1 14 12 30 16.260  2.3   1
     2026  26.975631  102.975960    11.650     3741.9     2841.4     5513.1   2360.1   1517.2   1674.9 2023  1 14 13 17 19.210  2.6   1
     2030  27.085669  103.030029     1.215     9106.0    15034.0    -4921.4   2334.9   1791.5   4521.5 2023  1 14 14  8 42.590  3.6   1
     2031  26.853868  102.925024    11.155    -1316.5   -10650.2     5018.8   2226.5   1743.9   1687.6 2023  1 14 14 35  3.700  3.0   1
     2032  26.840906  102.903337     7.979    -3471.0   -12086.2     1842.4   2293.7   1739.9   1868.7 2023  1 14 14 39 41.820  3.4   1
     2044  26.936761  102.905607     6.554    -3244.2    -1465.3      417.3   1897.9   1513.6   1558.7 2023  1 14 16 43 43.950  2.8   1
     2045  26.911798  102.858073    11.025    -7965.4    -4231.2     4888.2   1889.2   2116.9   5089.7 2023  1 14 17  1 56.200  2.9   1
     2046  26.880194  102.903304     8.183    -3473.1    -7733.1     2046.4   3843.1   3160.9   7514.0 2023  1 14 17 17 42.780  1.7   1
     2047  27.156101  103.199976     9.229    25963.5    22838.2     3092.2   2286.8   2172.5   3600.4 2023  1 14 17 18  1.000  2.6   1
     2051  27.027895  102.878410     5.610    -5942.6     8632.5     -526.0   2791.8   1722.2   4525.7 2023  1 14 20 43 41.180  3.5   1
     2057  26.954950  102.922648     8.523    -1551.7      550.1     2386.6   1807.3   1347.9   1206.6 2023  1 14 21 31 33.240  2.7   1
     2058  27.161053  102.941675     0.263      337.8    23386.9    -5873.7   2322.6   3659.9   5796.1 2023  1 14 21 43 17.740  2.2   1
     2060  27.239545  102.856868     5.148    -8073.4    32083.8     -988.4   2188.1   3034.0   2553.9 2023  1 14 21 48 47.400  1.9   1
     2063  27.110937  102.812207     9.079   -12509.2    17833.9     2942.6   1706.4   1244.3   1969.2 2023  1 14 23 36 57.880  3.7   1
     2066  26.794045  102.978068    28.216     3954.6   -17278.7    22079.9   2875.2   2235.8   1847.0 2023  1 15  1 14 27.300  3.0   1
     2067  26.729112  102.815112    10.645   -12241.5   -24473.5     4509.0   1928.2   1999.8   2237.8 2023  1 15  1 23 56.700  2.5   1
     2072  27.048623  102.686125     7.774   -25027.2    10929.3     1638.0   2334.5   3041.9   2938.5 2023  1 15  1 56 54.790  3.0   1
     2076  26.613422  102.866520    26.392    -7135.2   -37292.3    20255.6   4237.7   2872.2   2523.2 2023  1 15  2 20 18.550  3.4   1
     2077  27.068290  103.117920    13.766    17829.6    13108.4     7630.0   1444.4   1575.9   1759.0 2023  1 15  3  5 26.790  3.6   1
     2078  26.910785  103.233594    44.642    29329.9    -4343.6    38505.5   5318.5   3132.6   6811.5 2023  1 15  3 53  9.460  2.6   1
     2079  26.831970  102.984391     7.842     4582.1   -13076.3     1706.1   3372.6   1732.1   4040.3 2023  1 15  4  0 31.110  3.1   1
     2080  26.822581  103.066130    12.110    12702.8   -14116.8     5973.7   3813.5   3089.9  11899.0 2023  1 15  4  4 10.860  3.1   1
     2081  27.127256  102.800423     0.174   -13677.3    19642.1    -5962.9   1624.9   1378.6   2998.6 2023  1 15  4 24 51.860  3.0   1
     2082  27.282900  102.651082     0.894   -28475.6    36887.8    -5242.6   2417.3   3456.0   4237.5 2023  1 15  5 17 15.500  3.0   1
     2083  26.897247  103.143766    14.418    20409.9    -5843.5     8281.3   2373.8   2416.0   2060.9 2023  1 15  5 32 14.670  3.1   1
     2084  27.047831  103.002010     3.622     6326.4    10841.4    -2514.1   2220.8   2238.6   3384.3 2023  1 15  5 40 13.010  2.7   1
     2085  26.950240  103.018164    12.426     7933.5       28.1     6289.5   2392.7   2946.3   1613.7 2023  1 15  5 52  9.340  2.7   1
     2090  27.281844  102.799276     5.671   -13781.9    36770.9     -465.0   2275.6   4993.8   6879.4 2023  1 15  7 58 15.490  3.3   1
     2091  27.566738  102.895890    26.610    -4197.0    68337.7    20473.8   6119.8   3897.3   4159.2 2023  1 15  8 20 55.270  3.9   1
     2093  26.670827  103.147762    12.415    20827.4   -30931.5     6278.8   3466.6   2518.0   6299.3 2023  1 15  8 44 35.800  2.4   1
     2105  26.739213  102.740755     1.550   -19631.7   -23354.2    -4586.1   2450.0   2743.0   3495.1 2023  1 15 13 25 48.110  1.9   1
     2114  27.106567  103.145768     6.062    20590.0    17349.6      -74.3   1374.3   1224.0   2396.7 2023  1 15 16  5 58.880  3.7   1
     2116  27.188908  102.936841     2.856     -142.4    26473.2    -3280.1   5116.9   2133.0   3472.0 2023  1 15 16 30 19.120  2.8   1
     2118  26.588953  103.129215    15.103    18990.6   -40003.5     8966.2   3327.7   2902.7   2579.5 2023  1 15 16 52 10.380  1.9   1
     2119  27.106384  102.854395    15.105    -8323.3    17329.4     8968.7   2161.3   1336.3   1423.3 2023  1 15 17 11  5.080  3.8   1
     2120  26.827020  102.911540     9.808    -2655.7   -13624.9     3671.7   1982.8   1398.5   1864.0 2023  1 15 17 24 37.540  2.8   1
     2121  26.887258  102.848755     8.098    -8891.6    -6950.3     1961.6   2545.8   1669.8   4656.9 2023  1 15 17 27 46.360  2.8   1
     2124  26.630176  102.998877    10.391     6026.5   -35435.8     4254.3   2144.8   1909.4   3201.0 2023  1 15 18 44 18.460  2.7   1
     2127  26.926265  102.942244    19.807      394.5    -2628.3    13671.0   3142.1   2596.6   1792.8 2023  1 15 19 40 19.120  3.1   1
     2128  27.125692  102.840234     1.694    -9727.3    19468.8    -4442.3   2069.3   1356.8   3843.0 2023  1 15 19 45 31.360  3.0   1
     2134  26.839319  102.858952    13.444    -7880.6   -12262.3     7307.6   4002.9   2512.4   6030.0 2023  1 15 20 43 16.800  0.8   1
     2135  27.110008  102.783830     5.918   -15325.2    17730.8     -218.8   2786.5   1767.0   2787.2 2023  1 15 21 25 19.800  2.7   1
     2137  26.893370  103.263761     6.330    32328.7    -6273.1      193.4   2959.4   2477.1   4170.9 2023  1 15 21 51 18.920  2.8   1
     2140  27.136820  103.080493     1.996    14110.3    20701.8    -4140.3   2075.6   1455.0   4491.8 2023  1 15 22  0 21.140  3.6   1
     2142  27.091225  103.610555    35.749    66715.4    15649.7    29612.2   3790.8   5414.5   5538.0 2023  1 15 22 18 33.540  3.8   1
     2143  27.117934  102.988713    14.968     5004.9    18609.2     8832.0   5057.0   1978.3   7528.0 2023  1 15 22 30 14.240  2.7   1
     2144  26.831909  102.703833     1.451   -23292.0   -13083.3    -4685.7   3282.2   1896.1   4817.5 2023  1 15 22 47 41.280  3.2   1
     2145  26.858769  102.860588    10.253    -7717.0   -10107.2     4116.4   2024.5   1767.2   1421.4 2023  1 15 23 22 58.340  2.6   1
     2148  27.020848  103.020231    32.170     8135.9     7851.7    26033.5   3536.4   2437.0   2035.0 2023  1 15 23 39 53.180  2.8   1
     2149  26.901477  103.120866     3.856    18135.0    -5375.0    -2280.2   1544.4   1734.2   3700.9 2023  1 15 23 45 28.480  3.5   1
     2153  26.835675  102.955575    12.638     1719.2   -12666.0     6502.0   1166.5   1302.0   1073.6 2023  1 16  2 13 26.450  3.6   1
     2154  26.843097  103.326180     0.537    38537.2   -11843.7    -5599.3   2211.0   4609.4   4208.9 2023  1 16  2 27  4.180  2.9   1
     2155  27.103953  102.815462     8.525   -12186.6    17060.0     2388.2   2989.5   1691.5   1787.9 2023  1 16  2 44 33.220  3.1   1
     2157  27.165700  102.841821     4.068    -9568.5    23901.7    -2068.8   3414.4   3059.2   5079.8 2023  1 16  3 47 40.300  3.3   1
     2158  27.031868  103.070532    29.216    13128.2     9072.8    23079.1   2678.0   2216.8   2157.8 2023  1 16  4 10 57.510  4.7   1
     2163  26.955009  102.825944     0.451   -11154.0      556.5    -5685.7   1906.8   1604.5   2582.1 2023  1 16  5  6 14.980  2.7   1
     2170  26.791286  102.807731    10.046   -12972.1   -17584.3     3910.0   2315.7   3631.0   2626.3 2023  1 16  7 54 11.670  2.0   1
     2171  26.971956  102.971289     7.333     3278.5     2434.3     1196.5   1538.8   1796.5   1580.8 2023  1 16  8 21 20.280  3.6   1
     2172  26.964221  102.957454     7.466     1904.3     1577.4     1329.8   1698.6   2018.1   1554.9 2023  1 16  8 34  0.500  3.8   1
     2173  26.859943  102.934351    11.967     -389.6    -9977.0     5830.9   1620.5   1279.0   1281.1 2023  1 16  8 53 26.520  3.6   1
     2174  27.067379  103.028125     8.170     8917.3    13007.5     2033.8   4832.6   3062.1   7815.9 2023  1 16  8 57 43.090  3.1   1
     2175  26.857951  102.970313    16.425     3182.5   -10197.7    10288.8   1512.0   1454.9   1847.9 2023  1 16  8 58 50.730  3.3   1
     2178  26.877645  103.027791    16.730     8892.0    -8015.5    10593.9   2152.8   2647.6   8686.8 2023  1 16  9 41 12.860  3.0   1
     2180  26.843121  102.946777     4.805      844.8   -11840.8    -1331.7   1425.4   1316.3   2132.8 2023  1 16 10 14 47.540  2.7   1
     2185  27.086306  103.014787     2.482     7593.3    15104.6    -3654.6   2051.4   1919.1   3831.2 2023  1 16 12  1 53.030  2.9   1
     2187  27.036678  103.233195     3.333    29273.9     9605.6    -2803.8   2193.1   2640.5   3916.5 2023  1 16 13  2 13.650  3.2   1
     2193  27.026980  103.204549   150.111    26432.3     8531.1   143974.6   1946.8   3110.8  31699.5 2023  1 16 15 24 49.700  3.0   1
     2194  27.263226  102.886320    28.020    -5151.9    34707.8    21883.6   4100.5   3339.3   3489.8 2023  1 16 15 26  9.820  2.4   1
     2195  26.835114  102.984701    12.458     4612.9   -12728.2     6321.5   1731.6   1289.1   1225.2 2023  1 16 16  3 18.920  3.4   1
     2196  26.984458  102.916707     1.388    -2141.2     3819.6    -4748.7   1585.8   2088.4   2927.2 2023  1 16 16 10  8.970  2.5   1
     2198  26.977507  102.926807     9.343    -1138.5     3049.4     3206.6   1684.1   1249.0   1241.8 2023  1 16 16 16 44.450  3.2   1
     2199  26.967611  102.940511     9.277      222.4     1952.9     3140.5   2169.8   1594.2   1440.1 2023  1 16 16 20  5.830  3.0   1
     2202  27.118113  102.828011     0.425   -10941.2    18628.9    -5711.7   1586.0   1158.0   3211.5 2023  1 16 16 52 21.620  3.2   1
     2206  27.085406  103.232829     9.777    29232.1    15004.9     3640.8   3127.0   1762.1   7006.6 2023  1 16 17 24 34.440  3.5   1
     2207  27.011906  102.967757    23.949     2926.8     6861.0    17812.4   5191.2   3795.7   9351.6 2023  1 16 17 43 45.000  2.1   1
     2208  26.842269  102.932520     9.002     -571.7   -11935.4     2865.9   2355.4   2017.0   2884.4 2023  1 16 18 25 35.240  3.2   1
     2209  26.963377  102.857023     6.403    -8067.9     1483.7      266.9   2481.9   2531.9   3208.9 2023  1 16 18 30 57.880  1.8   1
     2212  27.092159  102.914176    16.081    -2391.0    15753.2     9944.9   3169.7   1825.1   1619.0 2023  1 16 19  2 17.180  2.7   1
     2215  26.483972  102.985050     1.489     4654.6   -51635.6    -4647.7   2077.3   2349.2   3246.1 2023  1 16 19 35 29.480  2.0   1
     2218  27.095131  103.345964     3.225    40457.6    16082.5    -2911.5   2381.9   3090.2   3045.1 2023  1 16 20  4 27.280  3.7   1
     2219  26.981006  102.829118     6.721   -10837.9     3437.2      584.4   1943.0   1411.5   1788.6 2023  1 16 21  1 28.460  2.8   1
     2223  27.239744  102.923429    15.309    -1472.4    32105.9     9172.5   6094.7   2797.4   6005.3 2023  1 16 21 34 16.360  2.6   1
     2224  26.642898  102.909204    16.875    -2890.3   -34026.1    10738.5   1943.6   2242.7   2434.6 2023  1 16 21 49 53.100  1.1   1
     2227  26.731340  102.596891    19.495   -33931.0   -24226.6    13359.0   3250.7   4624.5   9317.3 2023  1 16 22 30 13.560  2.2   1
     2229  26.607397  103.120524     8.607    18124.6   -37959.8     2470.6   1657.3   2256.6   4327.7 2023  1 16 22 46 57.800  1.9   1
     2230  26.900621  103.051034    10.319    11199.0    -5469.7     4182.3   2264.8   2277.9   6215.9 2023  1 16 23  4  7.160  2.5   1
     2231  26.561271  102.945003     5.100      669.2   -43070.6    -1036.3   2425.2   3531.6   5636.6 2023  1 16 23 51 20.800  2.3   1
     2234  27.213387  102.854386     2.115    -8320.5    29185.6    -4021.8   2547.5   2559.1   5336.9 2023  1 17  2  7 35.770  3.1   1
     2236  27.085754  103.182902    13.999    24276.8    15043.5     7862.3   2191.4   2163.2   2954.5 2023  1 17  2 35 57.360  3.8   1
     2243  27.045707  103.053825     4.994    11469.4    10606.3    -1142.0   2494.2   3410.5   5308.7 2023  1 17  3 53 43.470  3.2   1
     2244  27.207373  102.896867     2.536    -4106.8    28519.3    -3600.0   2187.3   2003.6   2963.9 2023  1 17  4 52 29.550  2.5   1
     2247  27.021161  102.991659    24.611     5299.2     7886.5    18475.1   2800.2   3385.7   2615.8 2023  1 17  5 46 52.500  2.2   1
     2248  26.555084  103.071419    15.151    13244.5   -43756.2     9014.3   2580.1   2373.8   2116.5 2023  1 17  7 15 21.930  4.3   1
     2251  27.201257  102.889632     2.379    -4825.0    27841.5    -3757.9   2856.9   3276.9   2771.3 2023  1 17  8  1 11.420  2.2   1
     2255  27.190479  103.094425    12.058    15489.7    26647.1     5921.4   3449.8   2464.5   3595.1 2023  1 17  9 14 52.110  3.4   1
     2259  26.898564  103.059904     9.288    12080.7    -5697.7     3151.5   1989.4   2983.1   2854.7 2023  1 17 10  7  6.440  2.6   1
     2261  26.972748  103.148625    21.909    20885.7     2522.2    15772.9   2959.3   1938.9   2872.6 2023  1 17 11 15 17.050  3.2   1
     2262  27.217511  103.038908     5.220     9981.2    29642.5     -916.0   2579.2   4714.9   7787.5 2023  1 17 11 34 43.870  2.3   1
     2263  27.026546  103.128906    24.117    18923.1     8483.0    17980.6   2010.2   4539.7   5660.9 2023  1 17 11 41 37.350  2.9   1
     2264  27.124563  102.816203     2.649   -12111.9    19343.6    -3487.6   1753.6   1090.0   1921.3 2023  1 17 12 11 25.270  2.8   1
     2266  27.141860  102.871932    10.019    -6582.4    21260.3     3882.8   2157.4   1622.4   1623.2 2023  1 17 12 36 10.780  3.7   1
     2269  27.123254  102.859920     5.630    -7774.3    19198.7     -506.0   2278.5   1486.7   2865.4 2023  1 17 12 55 13.130  3.6   1
     2271  26.759503  103.143774     7.629    20423.3   -21106.0     1492.6   3414.1   2117.8   6392.6 2023  1 17 13 44 12.520  1.0   1
     2272  27.149084  103.062842     3.090    12358.7    22060.6    -3046.1   2168.2   1519.1   2794.5 2023  1 17 14  3 40.640  3.0   1
     2275  27.083051  102.760303    16.270   -17661.9    14744.0    10134.0   3439.5   3003.0   2641.9 2023  1 17 14 23 48.860  2.8   1
     2276  27.017629  102.781746     3.756   -15538.2     7495.1    -2380.0   1954.2   2542.9   4527.7 2023  1 17 14 35 43.370  3.3   1
     2281  27.061273  103.070483     1.300    13121.9    12330.9    -4836.2   2310.9   1710.1   3643.6 2023  1 17 15 29  9.270  3.3   1
     2284  27.313664  102.844019    24.016    -9344.2    40296.4    17880.0   2821.6   3502.9   1835.4 2023  1 17 15 49 45.030  3.8   1
     2285  26.897160  102.761613    15.779   -17546.0    -5853.3     9642.5   2247.5   2760.0   2259.0 2023  1 17 15 49 45.630  4.6   1
     2286  26.836554  102.959814    10.269     2139.9   -12568.6     4132.2   2265.0   1691.0   2108.5 2023  1 17 16  1 33.800  2.9   1
     2287  27.050199  102.974805     8.505     3626.1    11103.9     2368.4   3146.1   1869.8   2714.8 2023  1 17 16 55 13.260  2.1   1
     2288  27.109104  102.736719    29.721   -19999.9    17630.8    23584.6   5790.0   5206.1   2945.4 2023  1 17 17 40 49.280  3.0   1
     2289  27.272058  102.803695    10.274   -13344.3    35686.6     4138.0   2863.7   2781.9   5437.9 2023  1 17 17 41 23.980  3.0   1
     2293  26.860130  103.009937    17.579     7118.6    -9956.2    11443.1   3780.6   2724.7   2861.8 2023  1 17 18 26 33.720  2.6   1
     2294  27.125559  102.804810     1.375   -13242.3    19454.1    -4761.7   1588.0   1123.6   2772.6 2023  1 17 18 47 54.980  3.6   1
     2296  26.989398  103.088102    14.718    14875.4     4367.0     8581.4   2127.9   1702.5   2812.6 2023  1 17 19 11 52.580  3.0   1
     2298  26.878101  102.875456     8.741    -6240.0    -7965.2     2604.8   2151.9   1431.8   3977.2 2023  1 17 19 20 34.640  2.7   1
     2301  27.081858  102.809041     4.214   -12825.4    14611.8    -1922.4   3399.8   3635.2   6418.3 2023  1 17 20  8  1.560  2.9   1
     2302  27.082377  102.907292     9.358    -3074.3    14669.4     3221.7   3060.0   1690.1   1825.2 2023  1 17 20 12 10.240  3.8   1
     2303  27.132831  102.823999     4.175   -11338.5    20259.7    -1960.9   1725.4   1144.4   2008.2 2023  1 17 20 19  3.620  2.4   1
     2304  26.951040  102.934692     4.275     -355.5      116.8    -1860.9   2553.7   2406.0   2947.4 2023  1 17 20 37 19.900  1.9   1
     2305  27.044411  102.848055     7.769    -8955.2    10462.7     1632.4   2260.7   1744.2   2384.7 2023  1 17 20 43 35.940  3.1   1
     2306  26.907548  102.916349    13.271    -2177.7    -4702.1     7135.1   3192.3   2587.9   1819.9 2023  1 17 20 57  4.440  2.7   1
     2311  27.076660  102.887980    13.542    -4991.1    14035.9     7405.6   4317.1   2479.9   1585.7 2023  1 17 21 24 35.720  2.9   1
     2312  27.054395  102.986768    10.403     4813.2    11568.7     4267.0   3386.6   2038.9   2105.3 2023  1 17 21 56 35.680  3.1   1
     2313  26.986013  103.014185     0.770     7536.8     3991.8    -5366.4   1613.9   2037.7   3209.3 2023  1 17 22 37 24.740  2.8   1
     2315  27.111778  102.676774     5.523   -25947.7    17927.0     -613.0   2613.1   2353.6   3345.9 2023  1 17 23 24 12.560  2.4   1
     2319  26.865953  102.914876     1.677    -2324.4    -9311.1    -4459.0   3468.5   2474.7   2860.9 2023  1 17 23 55 55.800  2.6   1
     2322  27.131744  102.747184    41.756   -18959.6    20139.3    35619.2   2189.3   1891.5  11584.6 2023  1 18  0 12 18.530  4.5   1
     2326  27.019790  102.863924    15.814    -7380.6     7734.5     9677.5   2698.4   2652.9   2262.3 2023  1 18  1 13 25.750  3.3   1
     2327  26.805123  103.031242    30.860     9237.5   -16051.3    24723.3   2783.2   2100.0   2016.5 2023  1 18  1 23 41.130  3.2   1
     2328  27.269373  103.008203     6.838     6934.0    35388.9      701.8   1986.1   2173.5   3412.9 2023  1 18  2 17 51.990  2.3   1
     2329  26.959178  102.884627     3.901    -5327.0     1018.6    -2234.9   4255.4   2737.3   3726.8 2023  1 18  2 24 59.580  2.8   1
     2330  26.765253  103.019653    16.278     8087.3   -20468.9    10141.6   2286.6   2509.5   2062.7 2023  1 18  2 58 19.520  3.0   1
     2339  27.102205  102.797249     1.578   -13994.2    16866.2    -4557.9   2287.4   1732.9   3162.6 2023  1 18  6 11 30.060  3.3   1
     2346  26.808071  102.874935    31.323    -6293.1   -15724.5    25186.2   3882.2   3287.5   1863.5 2023  1 18  6 46 59.320  2.6   1
     2347  26.697882  103.140780    19.666    20130.7   -27933.8    13529.7   3968.2   2273.2   5224.2 2023  1 18  7 15 29.410  2.8   1
     2348  26.997056  102.887256     4.984    -5065.3     5215.5    -1152.1   2463.1   1846.0   2665.7 2023  1 18  7 22 51.730  3.2   1
     2351  26.498814  102.963656     1.546     2525.7   -49991.1    -4590.0   1785.6   1658.9   4102.2 2023  1 18  8 32  4.740  3.3   1
     2358  26.982741  102.935205    21.142     -304.6     3629.3    15005.9   5678.4   2622.4   2573.9 2023  1 18 11 48 27.580  3.0   1
     2362  27.073824  103.064722     5.965    12549.1    13721.7     -171.3   2215.8   2167.6   4675.8 2023  1 18 13  5 53.640  3.1   1
     2363  27.102692  103.354321    13.464    41285.1    16920.3     7327.4   4618.2   2120.9   7401.5 2023  1 18 13 20 34.460  3.3   1
     2364  27.146830  103.403564    26.199    46163.1    21810.8    20063.0   3075.8   3451.0   3569.8 2023  1 18 13 49 14.610  3.5   1
     2369  27.047011  103.034432     9.234     9544.5    10750.6     3097.7   1969.3   1652.9   3507.1 2023  1 18 14 19 31.340  3.3   1
     2373  27.027069  102.743994     1.090   -19284.9     8541.0    -5046.4   2607.0   3591.3   5420.3 2023  1 18 16 34 25.770  2.7   1
     2375  26.921722  102.884562     9.325    -5334.0    -3131.6     3188.9   2158.6   1942.8   4185.1 2023  1 18 17 22 49.960  2.3   1
     2376  27.120850  102.957943     9.436     1951.7    18932.3     3300.5   3024.1   2412.6   2135.1 2023  1 18 17 49 34.480  2.6   1
     2377  26.827500  103.044515     6.682    10555.2   -13571.8      545.6   1937.0   2095.2   3391.2 2023  1 18 17 54  8.640  2.4   1
     2380  27.103617  102.890633     8.005    -4727.7    17022.7     1868.5   2564.7   1504.3   2052.6 2023  1 18 19 33 20.760  3.7   1
     2385  27.034731  102.823267    12.472   -11416.1     9389.9     6335.5   2328.9   1529.9   1582.0 2023  1 18 21 12 59.400  3.2   1
     2388  27.189646  103.156177     9.244    21615.0    26555.1     3107.4   1828.9   1728.8   3929.6 2023  1 18 23 13 43.100  3.3   1
     2389  26.750539  103.013338    49.551     7460.6   -22099.1    43414.9   3740.9   2017.8   9612.3 2023  1 18 23 25 24.140  2.4   1
     2391  26.485726  102.809090     1.580   -12854.0   -51441.3    -4556.8   2468.7   2051.1   3872.9 2023  1 18 23 51 28.040  3.5   1
     2392  26.801858  102.988892     3.787     5029.8   -16413.1    -2349.4   1997.5   1980.8   3846.8 2023  1 19  0  3 55.730  2.0   1
     2401  26.728507  103.190592    15.284    25079.4   -24540.4     9147.3   3893.7   2811.1   7217.2 2023  1 19  2 40 30.360  2.7   1
     2402  26.876819  103.110742     4.515    17131.4    -8107.1    -1621.5   1609.7   2016.3   2160.6 2023  1 19  3 45  0.380  2.3   1
     2403  27.190767  103.128288     6.913    18847.9    26679.4      776.9   2514.3   5268.0   9519.6 2023  1 19  3 47  3.540  2.7   1
     2404  27.117354  102.860701    12.514    -7697.5    18544.8     6377.2   4604.2   2691.2   1823.6 2023  1 19  3 59 42.160  3.2   1
     2406  26.993508  103.041366    21.077    10235.3     4822.5    14940.4   2818.8   3188.6   2052.4 2023  1 19  4 12  8.720  3.6   1
     2408  26.808527  102.927848     9.089    -1035.7   -15674.1     2952.4   2861.0   2059.9   3941.5 2023  1 19  5  8 52.100  2.7   1
     2409  26.964309  103.010791     3.159     7200.3     1587.0    -2977.7   2253.6   2822.1   4153.8 2023  1 19  5 13 45.370  2.7   1
     2411  27.031911  102.778166    14.647   -15892.9     9077.6     8510.2   1796.0   1502.3   1527.2 2023  1 19  6 10  5.170  3.6   1
     2412  26.822030  102.915397     1.059    -2272.5   -14177.8    -5077.7   2790.9   2175.6   6190.7 2023  1 19  6 58 19.360  2.4   1
     2413  27.195551  102.842684     6.102    -9481.6    27209.1      -34.6   2583.6   1746.6   2919.5 2023  1 19  8 25  9.990  2.6   1
     2416  26.910697  102.922144    23.373    -1602.0    -4353.3    17236.5   2660.9   3006.1   1733.3 2023  1 19  9 27 46.410  3.5   1
     2417  26.965253  103.012679    12.289     7387.6     1691.7     6152.4   2386.3   2348.2   1822.2 2023  1 19  9 28 27.870  4.3   1
     2420  27.125968  102.783927     4.396   -15314.4    19499.4    -1739.2   1532.5   1231.4   3537.2 2023  1 19  9 44 51.830  3.6   1
     2421  27.323438  103.185579     0.119    24516.6    41379.3    -6017.9   2718.1   3536.0   4366.4 2023  1 19  9 54  4.080  3.0   1
     2422  26.990594  103.110083     7.183    17057.8     4499.6     1046.7   2549.9   2975.3   4633.6 2023  1 19 11  0 29.410  2.9   1
     2423  27.051868  102.856128    21.261    -8153.7    11288.9    15124.4   4279.7   3331.5   7151.5 2023  1 19 11  7 47.160  2.8   1
     2424  27.213979  102.910075     1.403    -2796.4    29251.1    -4733.5   3296.7   1828.0   2155.4 2023  1 19 12 30 30.810  2.8   1
     2428  27.159448  102.793644    16.125   -14348.1    23209.1     9989.0   2487.0   1731.0   2195.9 2023  1 19 13 53 27.420  2.1   1
     2432  26.854576  103.255078     8.095    31471.5   -10571.8     1958.3   2682.8   4664.8   3718.0 2023  1 19 14 55 50.830  2.6   1
     2433  26.987142  102.912150    10.305    -2593.7     4116.9     4168.3   2046.4   2209.6   1548.2 2023  1 19 15 25 10.090  3.6   1
     2434  27.124849  103.090845     3.672    15138.5    19375.4    -2464.7   1834.4   2390.1   2401.5 2023  1 19 16 24 48.140  2.9   1
     2435  27.081342  103.082275     5.970    14291.2    14554.6     -165.9   2099.2   1926.6   4348.2 2023  1 19 16 57 47.290  2.6   1
     2440  26.991744  102.813647    13.185   -12372.9     4626.9     7048.6   1826.6   1571.7   1593.2 2023  1 19 17 50  8.560  3.1   1
     2443  26.565965  103.044596    13.008    10575.2   -42550.6     6872.4   1927.4   2085.2   2318.2 2023  1 19 18 37 36.240  3.7   1
     2447  26.861621  102.942936    11.475      463.4    -9791.0     5338.3   1673.5   1338.5   1229.0 2023  1 19 22  6 22.960  3.6   1
     2451  26.863772  102.940780    12.926      249.2    -9552.7     6789.9   1753.0   1529.9   1530.3 2023  1 19 22 42 21.840  3.2   1
     2453  26.921739  102.702238    11.056   -23441.3    -3129.8     4919.3   2205.1   2285.1   3376.8 2023  1 19 23 53 15.560  1.7   1
     2454  27.257066  102.972054     3.866     3350.3    34025.2    -2270.4   1940.9   4135.7   3168.7 2023  1 20  1  0 26.460  2.1   1
     2456  26.843412  102.921647    13.722    -1651.8   -11808.6     7585.7   3204.8   2536.2   1452.8 2023  1 20  5 12 16.740  3.1   1
     2457  27.230164  102.915169     5.460    -2291.8    31044.4     -676.8   2883.9   2982.5   4925.9 2023  1 20  5 22 20.660  2.7   1
     2459  26.884534  103.037590    29.582     9864.9    -7252.3    23445.2   6597.4   3650.0   3811.4 2023  1 20  6 33 12.660  2.1   1
     2460  26.720599  102.892350    30.990    -4564.8   -25416.7    24853.1   5260.4   3560.8   9706.9 2023  1 20  6 56 35.830  1.8   1
     2463  26.994421  102.814811    14.844   -12257.3     4923.7     8707.9   2552.7   1762.4   1769.3 2023  1 20  8 24  0.370  3.4   1
     2464  26.830056  102.927466    25.211    -1073.6   -13288.5    19074.7   3785.4   1959.9   1367.6 2023  1 20 11 15 59.630  2.9   1
     2465  26.959056  102.930086    18.517     -813.0     1004.9    12380.1   3316.6   2103.4   1893.6 2023  1 20 11 54 14.840  3.6   1
     2468  27.046128  102.845369     9.384    -9221.1    10652.9     3247.7   2570.6   1520.3   1807.1 2023  1 20 14 49 58.820  3.6   1
     2470  26.976072  102.751652     2.846   -18528.8     2890.5    -3290.2   1703.5   1820.5   2584.9 2023  1 20 15 44 10.450  2.7   1
     2472  26.839610  103.122835    11.473    18335.5   -12230.0     5336.2   2203.9   2187.8   2502.6 2023  1 20 16  8 14.920  2.7   1
     2473  26.996293  102.825594     7.391   -11186.9     5130.9     1255.1   1303.1   2234.6   1548.4 2023  1 20 16 10 14.250  2.5   1
     2476  26.948848  102.864315     6.262    -7344.0     -126.0      125.4   2919.2   2025.6   4604.2 2023  1 20 16 16 38.180  3.5   1
     2478  26.597363  103.044604    22.738    10574.6   -39071.5    16601.7   2032.6   2313.0   2308.8 2023  1 20 16 38 23.100  3.6   1
     2480  26.910752  102.951025    13.942     1266.2    -4347.3     7806.1   2116.6   1667.7   2248.8 2023  1 20 16 55 36.370  2.9   1
     2482  26.973981  102.949495    15.647     1114.4     2658.6     9510.2   2791.9   2341.4   2135.4 2023  1 20 17 47 26.860  2.4   1
     2487  26.984178  102.987882    19.487     4925.6     3788.4    13350.3   2644.8   2415.5   3085.3 2023  1 20 18 16 42.820  3.0   1
     2488  27.057869  102.816357    10.708   -12100.3    11953.8     4572.0   2519.8   1562.8   2183.1 2023  1 20 18 41 40.800  3.3   1
     2489  27.002543  102.953947     3.713     1555.8     5823.4    -2423.2   3753.7   2828.3   3644.9 2023  1 20 18 54  6.520  2.6   1
     2490  27.110520  102.848283    14.790    -8929.5    17787.7     8653.5   2620.0   1651.5   2236.6 2023  1 20 19  7 17.640  3.4   1
     2491  26.735927  102.976904    21.118     3839.8   -23718.2    14982.1   1420.8   2564.6   2311.5 2023  1 20 19 16  7.020  2.7   1
     2493  27.096621  102.913599    11.141    -2448.5    16247.5     5004.7   2997.0   1717.1   2023.7 2023  1 20 19 53 46.680  3.6   1
     2494  27.304869  102.710164    12.025   -22615.8    39322.0     5889.0   2487.1   2051.7   2270.6 2023  1 20 20 12 32.940  3.6   1
     2496  27.247180  103.236898     2.211    29614.2    32930.0    -3925.9   2676.0   2704.8   3521.0 2023  1 20 20 20 59.740  2.5   1
     2497  26.934473  102.900562    11.731    -3744.8    -1718.8     5594.7   2060.3   1855.7   2269.1 2023  1 20 20 25  2.480  2.8   1
     2498  26.649506  102.991748    15.077     5317.3   -33294.1     8940.8   1786.2   1738.4   2196.9 2023  1 20 20 30 24.560  3.0   1
     2499  26.734300  102.900326    13.465    -3771.3   -23898.7     7328.4   2079.0   2050.0   1901.1 2023  1 20 20 43 15.000  1.3   1
     2505  26.893752  102.911499    11.646    -2659.3    -6230.8     5509.8   2205.0   2142.7   7001.2 2023  1 20 21 35 46.120  1.7   1
     2508  27.062313  102.764591    12.636   -17237.6    12446.1     6499.4   2432.8   2327.9   3839.1 2023  1 20 21 58 54.200  3.0   1
     2510  27.038841  102.814543    14.589   -12281.8     9845.4     8452.9   1885.7   1698.1   2036.3 2023  1 20 22 18 27.080  4.1   1
     2511  26.807153  102.909993     3.341    -2810.2   -15826.3    -2794.9   3419.4   2449.1   4136.9 2023  1 20 22 39 55.920  2.0   1
     2520  27.093976  102.604720    10.491   -33100.9    15954.5     4354.5   2774.0   3689.6   4593.8 2023  1 21 10 12 32.950  3.2   1
     2522  26.992236  102.780884    26.453   -15625.8     4681.6    20316.4   6558.4   3208.0   2545.9 2023  1 21 12 43 51.950  1.9   1
     2528  26.756763  102.985181     7.963     4661.8   -21409.6     1826.8   1589.8   2047.5   2045.4 2023  1 21 14 55 16.830  2.8   1
     2529  26.823381  102.980908    42.382     4236.2   -14028.1    36246.1   4062.5   2427.6  10277.0 2023  1 21 15 38 42.750  1.5   1
     2531  27.124636  102.875505     9.023    -6227.8    19351.7     2886.7   3656.0   2476.3   4043.2 2023  1 21 16 13 30.400  2.3   1
     2534  26.755245  103.048438    10.821    10948.3   -21577.7     4684.5   1889.7   1531.0   4780.7 2023  1 21 18 53 25.520  2.8   1
     2536  27.205188  103.016081     2.441     7717.3    28277.0    -3694.9   3504.5   1685.1   2377.0 2023  1 21 18 58 16.340  1.9   1
     2537  26.988149  102.794588    14.293   -14265.4     4228.7     8156.4   1699.7   1423.8   1493.6 2023  1 21 19 43 34.100  3.3   1
     2541  26.784355  102.967261     4.754     2880.3   -18352.4    -1382.4   2053.9   3090.6   5960.8 2023  1 21 21 43 15.780  0.4   1
     2543  26.989384  102.823372    14.506   -11407.2     4365.4     8369.3   1953.6   1624.2   1331.0 2023  1 21 23 20 39.120  2.4   1
     2544  27.103149  102.815210     8.402   -12211.9    16970.8     2265.9   2131.9   2337.3   4719.4 2023  1 21 23 20 59.640  2.4   1
     2545  26.958563  102.815234    15.972   -12216.8      950.4     9835.7   2740.6   1985.6   1989.1 2023  1 21 23 34 46.280  3.4   1
     2548  26.881972  102.768457     6.901   -16867.4    -7536.1      764.7   2491.0   1715.5   4362.4 2023  1 22  1 13 32.120  2.5   1
     2551  27.317452  103.122860     6.773    18299.9    40716.3      636.9   3131.6   3934.0   5114.0 2023  1 22  2 11 12.740  3.2   1
     2557  27.011412  102.847225    12.737    -9038.8     6806.1     6600.5   1847.2   1542.3   1380.8 2023  1 22  4 54  9.810  3.5   1
     2561  26.862962  102.840446    14.528    -9717.9    -9642.4     8391.7   2830.5   2016.1   4987.1 2023  1 22  5 44 11.220  2.9   1
     2570  27.110270  102.870955    10.841    -6679.5    17760.0     4704.7   2561.4   1644.1   1311.8 2023  1 22 12 31 33.520  3.8   1
     2573  27.202374  103.098145    26.464    15857.5    27965.4    20327.3   4218.3   3857.6   2602.3 2023  1 22 14  3 24.140  3.2   1
     2576  26.839451  102.910034    14.345    -2805.8   -12247.5     8208.9   2482.4   1807.9   1757.4 2023  1 22 14 38 34.180  3.1   1
     2580  26.447133  102.331567    35.912   -60377.9   -55717.4    29775.1  11321.2   4782.6   5003.3 2023  1 22 15  3 10.600  2.2   1
     2587  26.956490  103.008496    24.605     6972.6      720.8    18468.5   2305.4   2368.3   1393.5 2023  1 22 18 20 47.680  2.6   1
     2589  26.550008  103.210498    21.462    27079.0   -44318.5    15325.6   2081.2   3226.2   2766.2 2023  1 22 18 41 17.800  3.1   1
     2590  27.137408  102.820215     8.528   -11713.1    20766.8     2391.3   2081.0   1413.6   2951.3 2023  1 22 18 43 58.660  3.3   1
     2591  27.007540  102.713713     1.182   -22292.9     6377.2    -4954.7   2287.7   2282.5   3445.2 2023  1 22 18 50 39.680  1.4   1
     2595  26.922538  102.936125    11.791     -213.6    -3041.3     5654.6   1897.6   1756.5   1534.2 2023  1 22 20 25 59.880  2.7   1
     2597  27.082564  102.905933     7.234    -3209.8    14690.2     1097.4   2522.1   1381.7   2265.1 2023  1 22 20 55 16.840  2.8   1
     2598  26.728931  103.086401    10.845    14723.5   -24493.6     4708.5   4777.6   2673.4  10047.8 2023  1 22 21  8 14.360  2.2   1
     2600  26.827588  102.897599     3.829    -4040.7   -13561.9    -2307.3   2023.3   1483.9   3552.6 2023  1 22 21 43 16.080  3.0   1
     2601  27.132902  103.055282    23.959    11609.8    20267.7    17822.8   2169.4   2218.2   6301.7 2023  1 22 21 52 39.360  2.6   1
     2602  27.128438  102.816170     3.699   -12114.9    19773.0    -2437.9   1708.0   1291.4   3175.2 2023  1 22 22 11 29.720  2.8   1
     2606  26.771385  103.071444     5.611    13233.8   -19789.4     -525.4   2977.1   2279.8   3542.2 2023  1 22 23 17 32.220  2.7   1
     2608  27.125883  102.801408     9.532   -13580.4    19490.0     3396.0   1801.0   1325.4   2062.1 2023  1 22 23 57 49.340  3.1   1
     2619  27.223208  102.991577     9.073     5286.7    30273.8     2937.0   2300.0   3149.8   1828.7 2023  1 23  6 43 30.470  2.6   1
     2620  27.002842  102.868441     4.083    -6933.0     5856.7    -2053.3   2478.9   1706.2   2229.5 2023  1 23  7 40  5.560  4.1   1
     2621  26.495382  102.859823     3.553    -7805.5   -50371.3    -2583.0   4660.7   2324.9   3791.1 2023  1 23  8  1 10.980  3.1   1
     2622  27.107273  102.870052    16.833    -6769.6    17427.9    10696.7   2599.4   1602.1   2451.0 2023  1 23  8 31 48.760  3.2   1
     2625  26.670821  102.922477    12.689    -1570.3   -30932.3     6552.5   3414.2   2042.4   2191.1 2023  1 23 11  3 15.640  1.5   1
     2629  26.973240  102.940837     1.466      254.8     2576.7    -4669.9   3130.1   2462.6   4073.2 2023  1 23 13  3 40.400  2.9   1
     2630  27.048747  103.147127    18.481    20730.0    10942.9    12345.0   2639.5   2315.4   2233.0 2023  1 23 13 50 46.020  3.2   1
     2632  27.023950  103.118075    18.064    17848.1     8195.5    11927.4   3579.7   2416.3   3909.5 2023  1 23 14 27 18.740  3.2   1
     2633  26.808970  102.934863    17.316     -339.0   -15624.9    11179.8   1928.1   1836.8   7192.9 2023  1 23 14 57 49.090  3.2   1
     2634  27.121021  102.835457     2.711   -10201.6    18951.1    -3425.6   1612.9   1303.5   2581.7 2023  1 23 15 42 11.250  2.8   1
     2636  26.882082  102.709928    41.439   -22681.3    -7524.0    35303.0   3609.3   3460.8   8783.4 2023  1 23 15 46 19.200  2.5   1
     2640  27.128074  102.871281    14.641    -6647.4    19732.7     8504.2   3484.4   1892.9   2113.8 2023  1 23 16 38 59.790  3.6   1
     2643  26.487994  103.051538    24.349    11269.7   -51189.8    18212.8   2140.8   2597.8   2494.7 2023  1 23 17 43 23.540  3.0   1
     2649  26.859312  102.928158    17.177    -1004.6   -10046.9    11040.2   2161.9   1659.7   1444.2 2023  1 23 20  7 57.060  3.1   1
     2651  26.640407  102.920996     4.712    -1717.8   -34302.0    -1424.5   1748.3   1867.2   2880.8 2023  1 23 20 24 48.320  2.9   1
     2653  26.820813  102.880648     1.442    -5725.6   -14312.7    -4694.1   2915.6   1949.1   5545.0 2023  1 23 21 23 16.920  1.7   1
     2654  27.108000  102.846558    13.997    -9101.0    17508.4     7861.0   1807.0   1329.9   1752.4 2023  1 23 21 54 10.300  4.3   1
     2657  27.212681  102.878548     5.221    -5923.8    29107.4     -915.5   3296.5   3033.3   3897.7 2023  1 23 22 57 54.600  3.1   1
     2662  27.126634  102.791545     0.944   -14558.7    19573.1    -5192.0   1591.4   1119.8   3911.3 2023  1 24  0 35 17.620  2.5   1
     2664  27.016557  103.048226     6.934    10914.9     7376.3      797.8   1599.8   2501.2   5046.4 2023  1 24  0 59 36.160  2.8   1
     2670  26.745726  103.037500     9.761     9861.7   -22632.6     3624.1   2017.3   1717.9   2014.7 2023  1 24  3 45 58.170  2.8   1
     2671  27.142468  102.583480     1.324   -35200.7    21327.5    -4812.5   2580.4   2524.3   4407.4 2023  1 24  3 51 25.320  2.8   1
     2672  27.042546  103.042741     2.040    10369.0    10255.8    -4096.0   2606.7   2505.4   3283.1 2023  1 24  3 57  8.160  2.7   1
     2673  26.943634  102.952702    14.309     1432.9     -703.8     8172.8   2160.0   2074.4   2993.1 2023  1 24  4 15 24.140  2.9   1
     2674  27.113814  102.821395    11.619   -11597.5    18152.7     5482.4   1704.2   1164.7   1545.5 2023  1 24  5 27  3.620  3.5   1
     2678  27.042940  102.881120    17.126    -5673.0    10299.7    10989.1   2745.4   1838.5   2656.6 2023  1 24  8 18 32.420  2.7   1
     2680  27.085455  103.082625     1.528    14325.3    15010.5    -4608.3   2149.2   1803.6   3020.5 2023  1 24  9 50  5.610  2.8   1
     2682  26.880410  102.875260     3.707    -6259.3    -7709.3    -2429.0   2107.9   2120.0   2337.2 2023  1 24 10  7 40.410  2.4   1
     2683  27.104565  103.195223     7.617    25497.7    17127.9     1480.5   1924.6   1894.6   2987.4 2023  1 24 10 11 29.350  3.1   1
     2685  27.249339  103.002026     0.642     6322.6    33169.2    -5494.5   1688.0   2674.3   2798.3 2023  1 24 11  0 35.670  1.6   1
     2686  26.720915  103.040747    13.301    10186.2   -25381.6     7164.7   1678.6   2145.0   1755.8 2023  1 24 11 11 23.350  3.1   1
     2687  27.086845  102.981429     9.587     4282.4    15164.3     3450.1   2968.0   3055.8   4261.3 2023  1 24 11 20 41.600  3.1   1
     2689  26.702995  102.781706    13.982   -15564.2   -27367.2     7846.0   6121.6   4416.0   7754.5 2023  1 24 12 44  6.130  3.4   1
     2691  27.252580  103.037402     0.596     9830.1    33528.3    -5540.2   2024.4   2696.6   3257.8 2023  1 24 13  7  3.180  1.9   1
     2692  27.078359  103.253223     2.929    31256.5    14224.0    -3207.6   4416.4   3189.7   6112.2 2023  1 24 13 42  6.520  3.0   1
     2693  27.206921  103.239486    38.135    29876.2    28469.1    31998.6   1862.4   3003.9   9258.9 2023  1 24 13 44 22.140  3.4   1
     2694  26.722945  102.837297     7.573   -10036.6   -25156.6     1436.8   3473.2   3379.9   5501.8 2023  1 24 14 13 17.420  2.0   1
     2695  26.843927  102.839705     8.219    -9792.6   -11751.6     2082.3   2463.2   2635.3   5940.0 2023  1 24 14 40 41.650  3.2   1
     2696  26.924638  103.126074    30.579    18650.8    -2808.7    24443.0   2308.4   2506.9   1855.4 2023  1 24 14 53 11.210  1.1   1
     2697  26.987132  102.886043     9.441    -5185.8     4115.9     3304.7   2008.8   1698.3   1467.4 2023  1 24 16 18 14.540  3.7   1
     2699  26.574123  102.945687    11.065      737.7   -41646.6     4928.7   2638.7   3799.3   5297.2 2023  1 24 16 53 16.460  3.5   1
     2700  26.972453  102.945923     9.881      759.5     2489.3     3744.9   1802.0   1747.8   2396.8 2023  1 24 17  6 42.280  4.3   1
     2702  26.850875  102.890560    21.533    -4739.6   -10981.7    15396.9   2408.4   2446.8   1546.8 2023  1 24 18 12 24.680  3.1   1
     2703  26.840334  102.936800    13.805     -145.9   -12149.6     7668.5   1568.7   1184.7   1450.9 2023  1 24 18 28 40.720  5.3   1
     2705  26.842173  102.937484     9.419      -78.2   -11946.0     3282.6   1711.4   1439.8   1975.7 2023  1 24 18 39  8.100  3.5   1
     2706  26.840542  102.944613    12.596      629.9   -12126.7     6459.3   1630.9   1458.8   1298.6 2023  1 24 19  2 19.360  4.5   1
     2708  26.756545  102.975773    33.276     3727.0   -21433.8    27139.3   2718.0   2538.9   2529.9 2023  1 24 19  9 49.140 -0.4   1
     2709  26.834029  102.937541     5.440      -73.1   -12848.3     -696.2   1506.1   1258.3   2081.7 2023  1 24 19 16 39.160  3.5   1
     2711  26.866760  102.838460    16.822    -9914.6    -9221.6    10685.7   3471.8   3212.6  10918.6 2023  1 24 20 15  2.840  2.1   1
     2713  26.516996  103.040381    21.069    10158.4   -47976.3    14932.5   2444.4   2942.4   2493.0 2023  1 24 21 41 54.200  2.4   1
     2716  26.831972  102.917952     5.011    -2018.5   -13076.2    -1125.3   1572.1   1244.9   2774.9 2023  1 24 22 46 42.280  2.9   1
     2717  27.160044  102.742578    17.477   -19414.0    23275.0    11340.9   2124.6   1510.6   2554.6 2023  1 24 23 32 46.820  3.7   1
     2718  26.785917  102.801440    15.563   -13597.2   -18179.2     9426.7   2154.9   2574.4   2162.0 2023  1 24 23 32 49.920  3.5   1
     2720  26.506919  102.983879     9.497     4537.4   -49092.8     3361.1   1803.3   1784.2   2067.0 2023  1 24 23 44 49.420  3.2   1
     2725  27.227991  102.651025     5.298   -28488.8    30803.6     -838.5   2769.8   3562.7   5202.9 2023  1 25  1  1 45.630  3.6   1
     2726  26.969936  102.867424     9.091    -7035.1     2210.6     2954.1   4086.3   2727.8   5348.0 2023  1 25  2  1 48.020  1.4   1
     2727  27.043424  102.824894    12.271   -11253.6    10353.4     6134.4   4404.2   2275.3   1682.6 2023  1 25  2 29 32.970  3.4   1
     2729  26.859224  102.924910    14.338    -1327.1   -10056.6     8201.5   2243.6   1740.1   1744.9 2023  1 25  2 54 46.450  3.1   1
     2732  26.524131  103.182145     0.722    24261.4   -47185.8    -5414.9   1813.9   2543.1   4247.9 2023  1 25  4  9 28.460  2.9   1
     2735  26.916449  102.921777     5.792    -1637.9    -3716.0     -344.9   2161.2   1896.0   1446.8 2023  1 25  7  1 11.130  2.1   1
     2737  26.888344  102.961434     6.115     2300.3    -6830.0      -21.2   1529.1   1539.4   2458.8 2023  1 25  9 11 23.170  2.4   1
     2738  27.039140  102.835824     5.623   -10169.4     9878.6     -513.1   2813.1   3049.1   7570.9 2023  1 25  9 13 17.260  0.7   1
     2741  26.850464  103.004801    13.056     6608.8   -11027.2     6919.2   5154.1   5926.1  12632.9 2023  1 25 10 53 15.050  1.3   1
     2746  27.299721  103.113590     7.875    17382.3    38751.6     1738.7   1828.3   2074.1   4387.5 2023  1 25 12 37  2.990  3.5   1
     2748  26.968162  102.919653     9.139    -1848.9     2013.9     3002.3   1710.2   1291.8   1394.5 2023  1 25 12 51 58.640  3.5   1
     2749  26.508537  102.977043     8.525     3857.6   -48913.7     2388.1   1845.5   1991.2   2691.4 2023  1 25 13 56 19.520  3.0   1
     2750  27.040206  103.105078     8.573    16557.3     9996.7     2436.4   2727.5   3450.3   6275.6 2023  1 25 14  0 17.410  2.3   1
     2751  26.972290  102.920874     9.332    -1727.6     2471.3     3196.1   1588.4   1323.0   1384.6 2023  1 25 14  8 38.810  3.4   1
     2754  26.496130  102.992814     8.762     5426.6   -50288.3     2625.6   1963.2   1994.9   2474.3 2023  1 25 14 54 48.050  3.8   1
     2755  26.971429  102.941276     3.789      298.0     2376.0    -2347.8   2228.1   1870.3   2157.9 2023  1 25 15  6 20.620  3.3   1
     2756  26.964907  102.943490     9.404      517.8     1653.2     3268.1   2832.8   1539.7   1634.8 2023  1 25 15 29  8.450  3.3   1
     2757  27.014313  102.918612    10.164    -1951.5     7127.7     4028.1   1867.1   1307.3   1156.2 2023  1 25 15 48 38.800  3.1   1
     2758  26.840350  102.891463     7.543    -4650.6   -12147.9     1407.0   2752.1   1884.5   2778.4 2023  1 25 16 14 14.070  0.8   1
     2759  27.141524  102.817603     8.084   -11972.5    21223.1     1947.7   2835.4   1669.3   1818.9 2023  1 25 16 41 11.500  1.9   1
     2762  26.951259  102.811865    12.585   -12552.0      141.2     6448.2   1828.0   1830.1   1946.0 2023  1 25 17 38 26.140  2.5   1
     2769  26.878241  102.987240    21.774     4864.0    -7949.4    15637.5   2540.2   2395.1   1667.2 2023  1 25 19  6 32.980  2.0   1
     2771  26.825842  102.902262     7.680    -3577.9   -13755.3     1543.1   3364.1   2719.6   2668.7 2023  1 25 19 33 16.700  0.8   1
     2772  27.147207  103.034212    30.593     9518.2    21852.7    24456.6   6179.6   3797.6   4321.2 2023  1 25 20  4  7.580  2.6   1
     2773  27.325592  102.958659    10.819     2020.8    41618.3     4682.8   2288.4   1682.9   1813.5 2023  1 25 20  6 44.000  3.7   1
     2774  26.756433  102.956974    32.009     1858.3   -21446.2    25872.8   2930.5   2342.4   3860.4 2023  1 25 20  9 53.960 -0.3   1
     2775  26.949438  103.009603    26.489     7082.7      -60.7    20352.3   4524.8   2986.6   2693.6 2023  1 25 20 13 25.860  4.3   1
     2776  27.170492  103.085693     1.934    14624.1    24432.7    -4202.1   1907.3   1823.9   3871.7 2023  1 25 20 21 23.800  3.2   1
     2777  27.057477  102.902336    20.571    -3567.1    11910.3    14434.6   4654.8   2766.3   1989.4 2023  1 25 20 32 35.540  3.4   1
     2778  27.052480  103.762956    37.640    81853.5    11356.6    31503.7   4877.0   5914.6   5923.7 2023  1 25 20 46 22.960  0.2   1
     2779  27.234511  103.009212    21.600     7035.7    31526.2    15463.8   3729.0   2432.8   2847.2 2023  1 25 20 52 31.320  3.5   1
     2780  26.503328  103.029891    15.170     9115.1   -49490.8     9033.1   2104.6   2458.4   2354.0 2023  1 25 20 56 11.560  3.3   1
     2783  26.973753  103.093660    31.398    15427.9     2633.5    25262.0   2947.2   3130.4   2498.9 2023  1 25 21  6 55.080  2.8   1
     2785  26.976917  102.755339    34.853   -18162.8     2984.0    28717.0   4180.8   3040.8   3406.7 2023  1 25 21 33 47.900  3.9   1
     2786  27.296053  102.905892    16.326    -3210.3    38345.2    10189.4   3980.0   2966.8   4569.7 2023  1 25 21 45 11.720  2.0   1
     2787  27.434979  102.874748     4.301    -6294.8    53738.5    -1835.7   3274.4   3500.2   4153.0 2023  1 25 22  4 53.760  3.2   1
     2790  26.721903  103.007633    13.017     6894.6   -25272.1     6881.1   1574.0   1501.1   1486.8 2023  1 25 22 18 21.720  4.1   1
     2794  27.330768  102.996191    18.308     5741.4    42191.7    12171.1   3346.3   4039.8   3314.4 2023  1 25 22 32 56.280  2.5   1
     2795  27.429747  102.728019    59.865   -20834.2    53158.8    53728.2   4305.5   2992.2   7743.9 2023  1 25 22 41 11.660  3.3   1
     2796  27.286249  103.113151    39.510    17339.8    37258.9    33374.1   3276.1   3929.7   3766.9 2023  1 25 22 55 54.200  3.0   1
     2797  26.594710  102.617741    11.404   -31878.4   -39365.5     5267.8   7052.4   4681.9   6972.0 2023  1 25 23  4 52.420  3.2   1
     2798  27.140662  103.125521     1.322    18578.2    21127.4    -4814.0   1180.8   1664.9   3988.4 2023  1 25 23  7 56.640  3.6   1
     2799  27.227248  102.907536    10.566    -3048.4    30721.3     4429.6   1939.8   2105.2   2032.7 2023  1 25 23 12 57.200  2.8   1
     2804  26.736076  102.896126    14.132    -4189.1   -23701.7     7995.4   1779.0   2043.1   1834.8 2023  1 25 23 33 14.880  3.5   1
     2805  27.339136  102.910059    17.113    -2797.0    43118.9    10976.3   3130.9   3125.9   2407.5 2023  1 25 23 33 41.920  4.4   1
     2806  26.881364  103.009326     5.934     7057.8    -7603.5     -202.8   3205.8   5044.9   8743.4 2023  1 26  0 23 53.620  2.5   1
     2808  26.981584  102.816268     3.971   -12113.3     3501.1    -2165.5   2351.7   3847.3   5973.0 2023  1 26  1  3 17.230  1.9   1
     2809  26.978076  102.757935     2.615   -17905.2     3112.5    -3521.6   1342.0   3408.8   5413.6 2023  1 26  1 14  7.700  2.8   1
     2810  27.376117  102.843717     7.320    -9371.9    47216.5     1183.7   2494.2   2612.5   3847.4 2023  1 26  1 14 37.110  3.1   1
     2812  26.968186  102.843115     8.891    -9448.5     2016.6     2754.9   3465.0   2127.6   2829.9 2023  1 26  1 32 51.440  2.8   1
     2813  26.720551  103.000789    11.712     6214.4   -25422.0     5575.8   1680.9   1716.3   1764.2 2023  1 26  2  7 33.290  3.4   1
     2816  26.849245  102.816976     6.568   -12050.1   -11162.2      431.3   4819.0   2055.2   5348.7 2023  1 26  3 42 17.800  3.0   1
     2821  27.453857  103.149601     1.309    20937.9    55830.3    -4827.2   5898.9   1943.7   5234.5 2023  1 26  6 56 50.520  3.5   1
     2823  26.988961  102.910750    18.749    -2732.6     4318.5    12612.1   3018.7   2133.1   2056.3 2023  1 26  8 13 13.850  1.8   1
     2826  26.994432  102.819946    14.780   -11747.5     4924.7     8644.0   2020.9   1349.2   1444.0 2023  1 26  8 57 51.390  3.5   1
     2827  27.175962  102.847738    14.664    -8981.0    25038.9     8528.0   3624.0   2280.1   5420.4 2023  1 26  9  1 50.390  4.0   1
     2829  26.910634  103.031877    13.152     9296.5    -4360.2     7015.2   2509.8   3020.1   2457.7 2023  1 26 10 15 33.030  3.2   1
     2830  27.158702  102.954150     2.479     1575.0    23126.3    -3657.7   3789.7   1382.9   2690.0 2023  1 26 10 57 59.800  2.8   1
     2831  27.447900  103.055990    14.261    11663.6    55170.3     8124.2   4552.4   1807.3   3213.8 2023  1 26 11  7 16.930  4.2   1
     2832  27.430039  103.072632    16.666    13313.1    53191.2    10530.1   3482.2   2336.7   2784.5 2023  1 26 12 17 52.050  4.0   1
     2834  27.462649  103.148421     6.395    20820.0    56804.4      259.0   4735.5   2902.5   4586.6 2023  1 26 16  3 30.150  3.9   1
     2836  27.142371  102.988045     4.299     4938.3    21316.6    -1837.9   2937.3   2423.3   4778.4 2023  1 26 16 54 26.770  3.3   1
     2838  27.307831  102.866073     4.764    -7157.8    39650.2    -1372.1   2157.6   3038.3   4385.7 2023  1 26 17 21 37.660  3.7   1
     2842  26.588586  103.061727    10.450    12278.1   -40043.9     4313.2   2141.8   1998.7   2282.5 2023  1 26 18 20 19.960  3.3   1
     2844  27.119421  102.774398     9.799   -16260.8    18773.9     3663.1   2031.9   1223.5   2010.7 2023  1 26 18 35 29.480  3.1   1
     2845  27.088039  102.793563    32.326   -14360.5    15296.8    26190.1   1931.2   2098.8   9716.9 2023  1 26 19  0 30.240  2.5   1
     2847  27.218323  103.293913    20.365    35273.3    29732.5    14229.0   2547.4   2543.4   3004.7 2023  1 26 20  4 23.880  5.6   1
     2848  26.737705  103.031283    29.214     9244.2   -23521.2    23077.4   2653.3   2724.1   2237.8 2023  1 26 20 10  7.120  3.4   1
     2851  26.942283  102.936393    11.656     -186.9     -853.4     5519.4   2390.2   2410.4   1919.5 2023  1 26 20 34 54.440  2.6   1
     2852  26.888582  102.941341    20.950      304.9    -6803.6    14813.8   3389.1   2387.6   2553.3 2023  1 26 20 41 46.000  2.9   1
     2853  26.754771  102.996379    23.023     5774.9   -21630.2    16886.5   2619.7   2450.5   6024.7 2023  1 26 20 53 58.640  1.7   1
     2858  27.105048  102.922982    13.987    -1517.2    17181.3     7850.3   4364.2   1385.3   5578.9 2023  1 26 23 12 37.340  2.8   1
     2859  27.189911  102.533854    23.793   -40115.9    26584.4    17656.5   3564.3   3412.9   4050.5 2023  1 26 23 33 45.900  2.9   1
     2864  27.066650  102.960872     0.405     2242.8    12926.7    -5731.1   4819.1   3600.8   4138.5 2023  1 27  1 28 13.100  2.2   1
     2865  26.766044  103.118424     5.221    17903.5   -20381.3     -915.1   3314.2   2573.6   3712.2 2023  1 27  2 13 46.360  3.7   1
     2866  27.232446  102.804818     9.029   -13235.8    31297.3     2892.4   4720.9   2575.9   6494.8 2023  1 27  2 48 38.850  3.4   1
     2868  26.873108  102.919295    11.953    -1885.5    -8518.2     5816.5   2335.4   1559.8   1270.2 2023  1 27  3  4  5.290  3.2   1
     2870  26.927985  103.253914     9.713    31346.0    -2437.9     3576.9   3654.0   3031.9   4867.5 2023  1 27  4 50  4.880  3.2   1
     2872  27.032756  103.133040    11.825    19333.4     9171.2     5689.0   1926.8   2274.0   3761.3 2023  1 27  5 30 43.640  3.4   1
     2876  26.867511  102.951058    13.867     1270.2    -9138.4     7730.6   1761.8   1297.4   1202.2 2023  1 27  6 13 52.750  3.3   1
     2877  26.687646  103.021021    15.432     8225.9   -29068.0     9295.4   2598.8   1578.6   1665.4 2023  1 27  6 25 49.430  3.5   1
     2878  26.937897  103.014144    15.394     7534.1    -1339.6     9257.6   1695.2   2667.1   6778.6 2023  1 27  7 22 12.700  2.3   1
     2883  26.846230  102.870329    14.954    -6749.8   -11496.5     8818.0   2086.3   1594.8   1720.7 2023  1 27  8 51 46.310  3.2   1
     2889  26.991146  102.826530    12.594   -11093.8     4560.6     6457.8   2552.6   1505.3   2040.4 2023  1 27 10 58 34.340  3.6   1
     2892  27.009432  103.048600    13.722    10952.8     6586.7     7585.9   2108.1   1898.5   2337.5 2023  1 27 11 10  5.580  3.3   1
     2893  27.188462  102.915186    14.210    -2290.2    26423.9     8073.4   3272.8   1796.2   4996.5 2023  1 27 11 32  3.620  2.5   1
     2895  26.979089  102.896720    10.181    -4125.5     3224.7     4045.1   2384.0   1758.0   1429.9 2023  1 27 12  9 22.740  3.3   1
     2897  26.717165  102.846338     0.406    -9138.8   -25797.1    -5730.4   1858.3   3224.2   2228.4 2023  1 27 13 20 47.080  2.0   1
     2898  26.978245  102.928483     9.682     -971.7     3131.2     3545.8   1433.4   1322.9   1341.9 2023  1 27 13 50 19.660  3.3   1
     2899  26.977238  102.880558    19.774    -5730.2     3019.5    13637.2   6253.1   3539.4   5236.3 2023  1 27 14  5  8.470  2.4   1
     2900  26.970009  103.015413    29.267     7659.2     2218.6    23130.1   3891.1   2384.8   2611.7 2023  1 27 14 24 47.620  2.7   1
     2901  27.122766  102.707756    14.806   -22873.0    19144.5     8669.4   1745.8   1935.3   2322.4 2023  1 27 15 19 12.700  2.3   1
     2903  26.992442  102.808472    11.899   -12887.0     4704.2     5762.8   1895.6   1471.6   1626.9 2023  1 27 15 32  4.800  2.5   1
     2904  26.996356  102.830835    14.254   -10666.6     5138.0     8118.0   2142.2   1291.6   1547.2 2023  1 27 15 33 31.920  3.2   1
     2906  26.647030  102.971533     1.002     3306.9   -33568.4    -5134.4   2351.1   2182.2   7011.8 2023  1 27 15 52 39.090  2.9   1
     2907  27.202618  103.074333    29.785    13495.7    27992.3    23648.9   2897.4   2371.9   7358.1 2023  1 27 16  0 57.920  2.8   1
     2908  27.250055  103.024756    16.350     8576.6    33248.5    10213.3   2108.9   1726.4   2328.6 2023  1 27 16  9  4.880  3.0   1
     2914  26.877399  102.899805     4.815    -3820.9    -8042.7    -1321.8   3162.6   2818.3   3400.2 2023  1 27 17 18 11.400  2.7   1
     2917  27.025256  102.734147     6.421   -20262.7     8340.3      284.7   3141.1   2889.3   5853.1 2023  1 27 18 35 17.800  1.3   1
     2918  27.145612  102.666423     9.323   -26971.4    21675.8     3186.9   3129.1   2303.4   8833.2 2023  1 27 18 37 16.940  2.2   1
     2919  27.010368  102.764168    20.040   -17284.1     6690.5    13903.5   5381.3   3277.8   2110.5 2023  1 27 19  4  7.400  3.0   1
     2922  27.112266  102.854557     9.703    -8306.8    17981.1     3566.2   2324.0   1286.3   1598.2 2023  1 27 20 21  5.380  3.1   1
     2925  26.972945  103.022428     4.084     8355.4     2543.9    -2052.3   2205.6   2995.0   4513.6 2023  1 27 21 17 31.860  2.8   1
     2927  26.772384  103.141406     2.051    20186.3   -19678.7    -4085.1   4393.0   2227.0   4633.4 2023  1 27 22 16 43.840  2.1   1
     2928  26.620622  103.050700     5.805    11179.9   -36494.3     -331.4   2790.2   2446.4   4986.8 2023  1 27 22 54 57.720  2.8   1
     2929  27.014724  102.781038    13.496   -15609.2     7173.2     7359.9   2866.6   1788.8   2124.5 2023  1 27 23 50 57.520  3.2   1
     2930  27.108124  102.929728     3.439     -848.3    17522.2    -2697.4   3004.6   1734.4   4380.7 2023  1 28  0 24 44.050  3.0   1
     2931  27.189732  102.974959     3.514     3639.3    26564.6    -2622.5   2767.0   1581.9   3040.2 2023  1 28  0 29  4.370  2.9   1
     2933  27.018512  102.884928     2.354    -5295.1     7593.0    -3782.8   2639.1   2165.2   2615.9 2023  1 28  0 47 21.230  1.8   1
     2936  26.823792  102.969556    14.213     3107.9   -13982.6     8077.0   1151.4   1119.8   1265.3 2023  1 28  2  0 52.420  3.3   1
     2937  27.118398  103.034896     8.051     9587.3    18660.5     1914.3   3650.2   2320.3   3244.0 2023  1 28  2 23 35.820  3.4   1
     2938  26.805931  102.926839    18.517    -1135.9   -15961.7    12380.2   2062.7   1681.4   1937.1 2023  1 28  2 39 18.540  2.6   1
     2940  27.210382  102.874064    19.914    -6368.2    28852.7    13777.3   2557.1   4435.9   7809.1 2023  1 28  2 50  9.490  3.2   1
     2941  27.234888  103.268929    22.313    32792.5    31567.9    16176.8  11740.0   7768.9   3210.9 2023  1 28  3  0 38.340  3.7   1
     2942  27.214954  103.132129    31.840    19227.2    29359.2    25704.0   4782.2   3658.3   2919.5 2023  1 28  3 31 45.120  2.8   1
     2944  27.033197  102.776986     3.723   -16009.6     9220.1    -2413.6   2252.9   3246.5   4663.7 2023  1 28  4 30 22.120  2.3   1
     2945  27.377356  102.889502    14.403    -4833.4    47353.7     8266.7   3640.1   2331.5   6814.5 2023  1 28  4 48 33.100  3.1   1
     2956  26.883262  102.886678     9.013    -5124.9    -7393.2     2876.3   1763.4   1931.5   2141.7 2023  1 28 10 40 14.790  2.7   1
     2958  26.975759  102.801693    15.191   -13560.5     2855.8     9054.7   2343.6   1933.8   1751.5 2023  1 28 11 46 10.310  3.4   1
     2959  27.235848  103.008927    15.633     7007.0    31674.3     9496.5   3970.0   2508.6   2585.3 2023  1 28 11 52 12.810  3.4   1
     2964  26.923753  102.904289     7.378    -3374.7    -2906.6     1241.9   1885.6   1357.8   1565.4 2023  1 28 12 13 23.580  3.3   1
     2966  27.194985  103.016821     2.325     7791.2    27146.6    -3811.3   2688.4   1710.9   3194.2 2023  1 28 14 15 37.110  2.1   1
     2968  27.070717  103.106706     4.288    16716.5    13377.5    -1848.3   2469.4   1869.9   3509.1 2023  1 28 15 19 11.300  3.0   1
     2970  27.017617  102.828825    15.020   -10864.8     7493.7     8883.3   2181.1   1389.7   1749.3 2023  1 28 16 10 17.490  3.4   1
     2973  27.211835  103.100374     4.026    16077.9    29013.6    -2110.6   2270.0   2035.4   3043.6 2023  1 28 17  1 40.880  2.2   1
     2974  27.108883  103.061239     4.357    12201.8    17606.2    -1778.9   3368.3   1968.7   4192.3 2023  1 28 17  6  5.340  3.2   1
     2975  27.018439  102.805843    11.661   -13146.3     7584.8     5525.0   1579.1   1700.9   1586.9 2023  1 28 17 16 52.620  2.7   1
     2979  27.052277  103.288102     3.793    34722.3    11334.2    -2343.8   2022.0   2296.7   3332.6 2023  1 28 19 24  6.920  3.8   1
     2982  26.931614  102.904606    11.269    -3343.4    -2035.7     5132.1   2499.6   1632.3   1466.8 2023  1 28 19 57 32.200  3.4   1
     2983  26.821741  103.039136     8.787    10021.3   -14210.0     2650.5   3612.4   2456.3   3208.6 2023  1 28 20  3 15.040  1.2   1
     2984  27.083999  102.848356    14.484    -8923.5    14848.9     8347.4   2536.0   1790.4   2186.6 2023  1 28 20 38 28.600  3.2   1
     2985  26.881930  103.279069    18.971    33851.0    -7540.9    12834.5   3820.5   4214.8   6606.9 2023  1 28 21  4 15.840  1.8   1
     2986  27.278507  103.029753    15.707     9070.8    36401.1     9570.8   3419.5   2944.1   2861.5 2023  1 28 21 11  2.480  2.6   1
     2987  26.886932  102.799007    25.712   -13832.9    -6986.4    19575.8   2459.3   1703.3   8278.8 2023  1 28 21 28 22.960  2.2   1
     2989  26.969322  102.913607    15.360    -2448.9     2142.5     9223.7   2072.5   2034.5   1799.6 2023  1 28 21 59 37.140  3.2   1
     2990  27.411440  102.794214     9.122   -14276.2    51130.4     2985.3   2951.5   2986.8   4685.6 2023  1 28 22  0  5.560  3.3   1
     2995  26.961745  102.943343    12.135      503.5     1303.1     5999.0   2092.2   1997.3   1675.3 2023  1 29  1  1 38.610  3.2   1
     2996  27.110978  102.904582    15.301    -3342.9    17838.4     9164.3   3416.4   1667.6   8127.0 2023  1 29  1  4 43.680  3.8   1
     2998  26.733348  102.996965    34.971     5833.9   -24004.2    28834.1   2984.2   2962.9   3485.4 2023  1 29  1  9 49.050  2.5   1
     3002  26.857300  103.121623    12.681    18213.6   -10269.9     6544.1   2583.6   2615.9   4198.2 2023  1 29  3  4  5.630  3.2   1
     3003  27.110685  103.090771    20.285    15132.4    17805.8    14148.5   2522.4   1986.8   1973.1 2023  1 29  5 21 27.670  3.7   1
     3010  27.137911  102.895850    13.765    -4209.1    20822.5     7628.6   2393.8   2023.5   3514.1 2023  1 29  9 12 25.110  3.0   1
     3014  27.045496  102.870085    19.488    -6768.6    10582.7    13351.3   3016.0   2364.2   1850.5 2023  1 29 11 19 28.060  4.0   1
     3016  27.273008  102.910140    18.325    -2789.9    35791.7    12188.2   2775.3   2029.7   1826.8 2023  1 29 11 55 33.760  3.1   1
     3018  26.968776  103.041715    18.216    10270.5     2082.0    12079.1   2925.9   3379.8   6499.4 2023  1 29 12 37 13.500  2.6   1
     3021  26.961593  102.875854     3.624    -6197.5     1286.0    -2512.3   2987.9   2177.0   5025.3 2023  1 29 13 31 25.670  2.2   1
     3022  26.704846  103.013273    10.705     7455.5   -27162.1     4568.6   2019.0   1756.5   1886.0 2023  1 29 13 41  6.720  3.2   1
     3024  26.927547  102.722298     0.981   -21448.5    -2486.2    -5155.5   2231.8   3025.3   5502.5 2023  1 29 14 33  5.250  2.7   1
     3025  27.014419  102.776025    18.922   -16106.1     7139.3    12786.1   7495.0   3575.3   9651.6 2023  1 29 15  3 13.780  0.8   1
     3026  27.026394  102.780632    17.438   -15648.1     8466.2    11301.7   2018.1   1771.9   1924.8 2023  1 29 16 21 19.480  3.0   1
     3027  27.228420  102.720597     2.952   -21588.6    30851.3    -3184.3   3683.4   1864.6   4296.2 2023  1 29 16 21 43.620  1.9   1
     3028  26.577130  103.103320    17.050    16416.0   -41313.5    10914.1   2325.7   2616.5   2172.7 2023  1 29 16 38 20.180  3.1   1
     3031  26.457007  103.004997     8.953     6640.3   -54623.4     2816.7   2052.4   2337.8   2429.3 2023  1 29 18 18 40.860  2.7   1
     3039  27.271362  103.157414    11.576    21729.8    35609.3     5439.9   2435.4   3336.4   4374.0 2023  1 29 20 13 29.160  2.8   1
     3042  27.101941  102.770858     2.368   -16612.8    16836.9    -3768.9   2566.6   2287.1   6232.5 2023  1 29 20 41  5.560  1.4   1
     3045  26.879614  102.943604    15.292      529.2    -7797.3     9155.6   2215.3   1938.1   1525.5 2023  1 29 22 13  6.640  3.5   1
     3047  26.862388  102.950553     8.711     1219.7    -9706.0     2574.4   1492.7   1370.5   2032.4 2023  1 29 22 51 44.600  3.2   1
     3048  26.860577  102.951131     7.565     1276.9    -9906.6     1428.6   2332.6   1918.6   1662.3 2023  1 29 22 58 39.740  3.2   1
     3049  27.230086  102.981909     1.940     4327.4    31035.8    -4196.5   1699.6   2625.1   1864.6 2023  1 30  0  4 58.880  2.9   1
     3053  27.366451  103.109318     5.009    16953.5    46145.4    -1127.3   2541.4   2346.8   3319.1 2023  1 30  3  8 16.940  3.1   1
     3056  26.431087  102.912207     1.662    -2594.4   -57495.3    -4474.4   4894.0   4985.2   7371.8 2023  1 30  4  8  2.650  3.0   1
     3060  26.896798  102.979517    12.463     4096.2    -5893.3     6326.6   1927.6   1778.0   1835.0 2023  1 30  7 18 55.250  3.1   1
     3063  26.998501  102.876937     3.528    -6089.4     5375.5    -2608.3   2683.2   2975.1   4207.2 2023  1 30  7 50 47.920  2.4   1
     3068  26.848556  102.948340    11.789      999.7   -11238.6     5652.8   2093.2   1583.2   1705.7 2023  1 30 10 44 55.510  3.2   1
     3069  26.751453  103.027083     5.179     8826.1   -21998.0     -957.6   3011.9   2721.5   2057.4 2023  1 30 10 52 18.940  2.7   1
     3070  27.152289  103.119792     5.720    18008.9    22415.8     -416.8   1401.0   1391.9   2384.8 2023  1 30 11  6 47.380  3.9   1
     3071  26.974949  102.876367     2.941    -6146.2     2766.1    -3195.2   3413.5   3131.1   7346.2 2023  1 30 11 30 15.280  2.7   1
     3073  26.835669  102.945402     9.618      708.4   -12666.6     3481.3   1418.8   1462.5   1919.7 2023  1 30 12  1 48.770  3.0   1
     3077  26.854628  102.943791    16.286      548.2   -10565.7    10149.6   1793.9   1422.9   1353.9 2023  1 30 12 26 51.580  3.5   1
     3078  26.957739  102.922127    15.431    -1603.4      859.1     9294.5   3072.0   3001.1   3133.6 2023  1 30 12 30 57.860  2.9   1
     3080  26.855882  102.608602    33.403   -32749.4   -10427.0    27266.5   3474.9   3573.2   2254.3 2023  1 30 13  9 19.720  3.1   1
     3084  26.866646  102.988802    24.849     5019.2    -9234.2    18712.7   3658.0   3264.5   1635.1 2023  1 30 13 55  3.130  2.5   1
     3088  26.956285  103.131950     8.929    19231.4      697.9     2792.2   2274.0   1947.7   6748.5 2023  1 30 14 57 18.630  2.2   1
     3092  27.002338  102.988786    10.756     5014.9     5800.7     4619.9   2630.3   2293.0   3365.0 2023  1 30 19  2 49.420  2.7   1
     3095  26.946368  102.842725    15.514    -9487.8     -400.8     9377.8   2701.1   1736.0   1591.3 2023  1 30 21 27  4.160  3.8   1
     3097  26.987624  102.865853    13.004    -7190.0     4170.5     6867.1   2745.8   1813.8   1546.4 2023  1 30 21 54 14.160  2.8   1
     3101  26.851422  102.972192     4.804     3369.4   -10921.1    -1332.3   1855.0   1475.3   3025.3 2023  1 30 23 34 55.420  2.2   1
     3102  26.473108  103.005721    14.438     6711.4   -52839.4     8301.6   2034.3   2158.5   2391.8 2023  1 30 23 54 50.600  3.8   1
     3103  26.452920  102.780176    31.715   -15733.4   -55076.3    25578.8   3965.9   4362.7   3389.9 2023  1 30 23 57  8.280  3.0   1
     3104  27.275248  102.629134     0.070   -30653.6    36039.9    -6066.3   2280.6   2723.8   3853.2 2023  1 31  0 13 59.110  3.0   1
     3105  26.684202  103.148665     8.039    20915.8   -29449.5     1903.0   2594.3   2109.9   7157.7 2023  1 31  0 40 34.940  3.0   1
     3109  26.683057  103.123901    10.254    18454.1   -29576.5     4117.4   2527.0   2372.6   3633.1 2023  1 31  2 39  1.250  3.3   1
     3111  26.739539  102.976872    17.041     3835.9   -23318.2    10904.2   2639.4   3121.2   2108.2 2023  1 31  4 35 54.090  2.4   1
     3112  27.226984  102.914998     2.818    -2308.7    30692.1    -3318.1   4081.7   1537.5   3449.5 2023  1 31  4 42 30.280  2.4   1
     3113  27.151113  103.107739    12.861    16813.3    22285.4     6724.8   1506.4   1594.0   2112.8 2023  1 31  7  0 35.670  3.4   1
     3116  27.234456  102.890389     6.487    -4748.6    31520.0      350.2   2589.8   2313.9   2361.4 2023  1 31  7 39 44.420  2.5   1
     3123  26.717859  102.968823    12.129     3037.0   -25720.2     5992.6   2318.8   2175.4   8412.7 2023  1 31  9 18  8.250  2.7   1
     3124  26.819375  102.882422    34.538    -5548.8   -14472.1    28402.0   3846.2   3211.7   3438.0 2023  1 31  9 47  7.120  3.1   1
     3130  27.235331  103.170321     1.750    23012.9    31617.0    -4386.5   2673.9   3072.8   4838.6 2023  1 31 11 58 12.950  3.3   1
     3134  26.657271  102.830054     1.003   -10760.1   -32433.5    -5133.9   2531.8   2446.0   3678.0 2023  1 31 16  2 26.720  3.5   1
     3136  26.617727  103.007829    11.570     6917.1   -36815.3     5433.9   1888.4   1890.9   2196.7 2023  1 31 16 27 59.290  3.8   1
     3140  26.884591  102.923739     9.489    -1443.4    -7246.0     3352.2   1842.6   1566.2   1548.5 2023  1 31 17  3 23.640  3.8   1
     3141  27.099180  102.927279    19.299    -1090.8    16531.1    13162.2   5668.7   2158.4   8904.1 2023  1 31 17 15 58.240  2.4   1
     3146  27.259774  102.981877    15.888     4324.1    34325.4     9752.1   4437.5   2947.6   2931.0 2023  1 31 19  3 35.840  3.5   1
     3150  27.144810  102.794116     0.270   -14302.1    21587.0    -5866.2   2057.9   2036.4   3344.0 2023  1 31 19 29  0.400  1.9   1
     3151  26.997691  102.796582    17.556   -14066.8     5285.9    11419.5   3518.2   2183.7   2191.6 2023  1 31 19 46 29.480  1.8   1
     3152  27.022211  102.943424     5.336      511.5     8002.7     -800.3   1992.1   2130.5   2115.5 2023  1 31 19 52 21.760  2.3   1
     3153  26.927740  102.915096     8.948    -2301.4    -2464.9     2811.8   1696.1   1400.4   1180.6 2023  1 31 20 31 50.780  2.5   1
     3155  26.845209  102.812907    13.438   -12454.4   -11609.5     7301.9   3747.5   2214.0   2606.5 2023  1 31 20 59 14.080  0.7   1
     3156  26.961308  102.920231    10.538    -1791.5     1254.4     4402.0   1795.4   1772.8   1459.8 2023  1 31 21 28 23.660  2.7   1
     3160  26.946792  102.918058    12.049    -2007.4     -354.0     5913.0   2906.5   2202.8   1479.3 2023  1 31 22 18 58.560  2.6   1
     3161  26.925769  102.903084     7.059    -3494.3    -2683.3      922.6   1534.3   1349.8   1324.5 2023  1 31 22 23 52.560  2.7   1
     3164  27.170003  102.773022     3.959   -16393.4    24378.5    -2177.2   2217.5   1768.6   2931.0 2023  2  1  0  5 27.020  3.2   1
     3167  26.917303  102.852856     4.211    -8483.2    -3621.2    -1925.1   2099.5   2674.1   6311.3 2023  2  1  2  6 37.090  0.5   1
     3172  27.081793  103.163810     0.032    22382.3    14604.7    -6104.3   1668.5   1579.7   3593.9 2023  2  1  6  6 45.830  4.1   1
     3175  27.057554  103.188143     5.716    24800.2    11918.8     -420.0   1488.8   1941.7   4262.6 2023  2  1  7 40 48.000  3.9   1
     3176  27.250114  103.051733     0.926    11251.5    33254.9    -5210.7   2367.6   3499.9   3136.9 2023  2  1  8 15 13.510  1.9   1
     3178  26.945266  102.906380     9.102    -3166.8     -523.0     2965.9   1759.1   2011.6   1620.1 2023  2  1  8 53 40.230  3.3   1
     3183  27.131999  102.876921     0.364    -6087.4    20167.5    -5772.1   2135.7   1522.3   4841.6 2023  2  1 10 35 39.330  3.0   1
     3197  27.015651  102.946509    12.789      817.8     7275.9     6652.3   2732.5   2456.0   6079.8 2023  2  1 16 36 59.180  2.3   1
     3198  26.699890  103.056543     3.827    11756.8   -27711.2    -2309.4   3348.1   2522.0   9342.1 2023  2  1 18 41 17.000  1.5   1
     3199  27.008757  102.815153     5.453   -12222.7     6511.9     -683.1   1760.7   1532.9   2055.3 2023  2  1 19 32 33.220  2.8   1
     3203  26.850450  102.878231    36.023    -5964.6   -11028.9    29886.8   3440.8   3619.6  13214.2 2023  2  1 21 35 38.320  2.0   1
     3204  27.288953  102.916178    15.841    -2190.6    37558.5     9705.0   2774.7   2716.8   3485.5 2023  2  1 21 43  9.300  2.3   1
     3205  26.986487  102.877555     5.081    -6028.5     4044.5    -1055.8   2594.4   1982.4   2149.6 2023  2  1 21 43 10.840  1.7   1
     3206  27.114358  102.819303     6.634   -11804.7    18212.8      497.5   1905.3   1250.0   2957.3 2023  2  1 21 53 51.380  2.9   1
     3207  26.775340  102.995085     8.422     5645.4   -19351.3     2285.4   2231.6   2774.8   5201.6 2023  2  1 22 52 55.280  2.9   1
     3211  27.098962  103.547689    36.231    60474.7    16507.1    30094.4   3154.9   3410.9   4530.2 2023  2  2  1 14 38.300  4.6   1
     3214  27.309119  102.747917    20.849   -18872.0    39792.9    14713.0   3433.7   3352.2   2769.7 2023  2  2  2 17 57.960  3.0   1
     3218  27.011011  102.941146     9.483      285.4     6761.8     3347.1   2534.3   1847.3   1368.3 2023  2  2  3 50 12.390  3.2   1
     3219  26.977498  102.957178     7.493     1877.2     3048.5     1356.7   1841.0   2711.7   1358.5 2023  2  2  4 41  3.020  2.7   1
     3225  26.960549  102.897762    12.255    -4022.7     1170.4     6118.9   2212.2   1697.0   1235.2 2023  2  2  8  2 15.020  2.7   1
     3226  26.860331  102.961068     4.774     2264.4    -9933.9    -1362.7   5362.5   2633.0   6195.0 2023  2  2  8 21 14.930  2.3   1
     3227  27.073737  102.962606     0.012     2414.5    13711.9    -6124.3   4545.9   2334.9   4040.3 2023  2  2  9  0 12.620  3.2   1
     3230  27.469554  103.133919    12.255    19382.6    57569.4     6118.4   6725.5   4495.3   6681.6 2023  2  2 11 38  7.070  2.8   1
     3231  26.542295  103.016146    34.746     7746.4   -45173.1    28609.3   3788.2   3667.0   4773.5 2023  2  2 11 55  1.030  3.4   1
     3232  27.085299  102.997306     1.564     5858.2    14993.0    -4572.6   2940.9   1961.7   3787.3 2023  2  2 12 23 32.100  2.8   1
     3234  27.170581  103.148527     6.792    20857.9    24442.6      656.0   2546.9   3671.2   6228.8 2023  2  2 12 38 10.580  4.0   1
     3236  26.766280  102.613534    79.845   -32272.3   -20355.1    73708.9   5211.1   4406.6  25523.6 2023  2  2 13 35 59.710  3.3   1
     3239  26.821472  102.819303    15.264   -11820.2   -14239.8     9127.7   1962.2   1533.9   2040.3 2023  2  2 14  7 31.990  3.3   1
     3242  27.167721  103.105843     2.001    16623.4    24125.7    -4134.9   1531.6   1217.2   2364.0 2023  2  2 14 34 43.520  2.8   1
     3243  26.838940  102.958529     9.117     2012.4   -12304.2     2980.2   2340.0   1638.1   2613.8 2023  2  2 14 48 48.610  2.8   1
     3245  27.162978  103.287638    17.539    34658.9    23600.1    11402.2   1671.7   1816.9   2639.6 2023  2  2 15  8 25.040  5.5   1
     3246  27.180890  103.279248    20.175    33823.8    25584.7    14038.2   1804.9   2132.8   2422.1 2023  2  2 15 14 28.990  3.2   1
     3249  27.085380  103.055672    22.174    11650.4    15002.0    16038.1   5828.5   2830.0   1891.0 2023  2  2 16  7 47.120  2.2   1
     3250  26.818469  103.102604     9.453    16327.0   -14572.3     3316.2   1977.8   2239.2   1988.4 2023  2  2 16 18 11.310  2.7   1
     3253  26.931608  102.909546    16.159    -2852.8    -2036.3    10022.4   2921.2   2113.4   7316.4 2023  2  2 16 39  2.540  3.0   1
     3254  27.087793  103.229354     2.678    28886.7    15269.3    -3458.5   2041.0   1881.1   3659.6 2023  2  2 17 40 51.960  3.6   1
     3255  26.913436  102.798674    17.955   -13864.1    -4049.8    11818.5   4122.0   7545.7   2674.6 2023  2  2 18 24 29.920  1.7   1
     3256  27.099422  102.751872     3.056   -18497.7    16557.9    -3079.9   1748.7   1813.4   2388.4 2023  2  2 18 28 39.720  2.2   1
     3259  26.975065  102.817090    12.233   -12032.3     2778.9     6096.9   2460.2   1877.5   2493.6 2023  2  2 19  9  8.220  2.8   1
     3260  27.203442  102.982406     4.830     4377.3    28083.7    -1306.2   2162.8   2536.6   4440.4 2023  2  2 19 11 13.120  2.6   1
     3261  27.010708  103.223169    22.067    28282.6     6728.2    15930.2   2225.3   2356.9   7227.8 2023  2  2 19 22 39.340  2.7   1
     3264  26.929537  102.940975    11.343      268.6    -2265.9     5207.0   2282.5   2057.2   1465.9 2023  2  2 20 27  4.280  2.9   1
     3266  26.468583  102.928687     5.844     -953.6   -53340.6     -292.1   3371.6   3603.9   5556.9 2023  2  2 20 44 36.740  2.4   1
     3269  26.830111  102.945931     6.480      761.1   -13282.6      343.5   1543.0   1367.5   2121.6 2023  2  2 21 52 48.160  2.3   1
     3270  26.647491  103.006852    12.412     6819.2   -33517.2     6275.1   1932.4   2362.5   2863.0 2023  2  2 22  9 23.980  2.8   1
     3283  26.987559  102.677743    28.243   -25866.2     4163.1    22106.9   9682.2   5037.6   4538.6 2023  2  3  6 48  0.210  3.8   1
     3286  26.410811  102.983626    24.398     4514.2   -59741.9    18261.6   2752.0   3242.4   3057.2 2023  2  3  7 43 51.490  4.4   1
     3291  27.104401  102.859481     9.047    -7819.0    17109.6     2910.2   2437.7   1503.0   1736.9 2023  2  3  9 59 32.770  3.5   1
     3294  27.139856  102.845882     7.593    -9167.0    21038.0     1456.6   2255.0   1346.6   3791.1 2023  2  3 12 41 11.350  3.3   1
     3301  27.040511  103.267806    27.058    32709.7    10030.3    20921.9   2746.4   3095.5   2349.8 2023  2  3 18 15 11.560  2.9   1
     3303  27.247703  102.730184    10.821   -20636.2    32987.8     4685.0   2369.5   2723.7   4064.9 2023  2  3 19 14 57.320  2.6   1
     3306  27.060012  103.274048    15.397    33326.0    12191.2     9260.2   3022.9   2637.9   5842.1 2023  2  3 19 28 37.360  3.0   1
     3307  27.064549  103.116520    28.045    17691.2    12693.9    21908.3   2917.4   3031.7   2036.4 2023  2  3 19 51 56.720  3.0   1
     3310  27.031399  102.792855    13.646   -14434.6     9020.7     7509.4   3876.2   1890.5   1933.6 2023  2  3 20 44 11.440  1.8   1
     3311  27.126585  102.867293     1.550    -7042.8    19567.6    -4586.6   1897.8   1314.9   4220.5 2023  2  3 21 18 48.160  2.4   1
     3313  27.134446  102.827515    29.983   -10989.7    20438.7    23846.2   4472.4   2047.2   1801.2 2023  2  3 22 15  8.140  1.6   1
     3321  26.639520  102.947314    25.432      898.7   -34400.3    19295.4   4013.5   4467.4   3586.3 2023  2  4  3 36 57.350  3.7   1
     3324  26.745331  103.024406    26.054     8560.5   -22676.4    19917.4   3955.3   3210.6   3247.4 2023  2  4  4 50 31.870  3.3   1
     3329  26.822601  102.712451     8.285   -22436.1   -14114.6     2148.3   2378.7   2043.4   2243.6 2023  2  4  6 34 26.240  2.7   1
     3333  26.800777  103.024202     5.932     8538.4   -16532.8     -204.3   2713.9   2020.9   5577.3 2023  2  4  9 24 48.670  2.8   1
     3335  27.230815  102.901074     1.212    -3688.9    31116.7    -4924.9   2861.3   1823.8   2236.3 2023  2  4  9 55  4.260  2.1   1
     3336  27.164701  103.137402    12.204    19754.6    23791.0     6067.7   1294.9   1518.6   2823.3 2023  2  4 10 29 17.550  4.6   1
     3338  27.183036  103.070093     4.407    13075.8    25822.6    -1729.5   2709.5   1378.3   3024.7 2023  2  4 11 20 45.780  3.6   1
     3344  27.110756  102.734220    28.771   -20248.1    17813.8    22634.2   6897.7   2422.6   1618.1 2023  2  4 12 56 23.680  2.4   1
     3345  27.162099  102.813599    20.558   -12368.6    23502.8    14421.6   5101.0   2261.3   2139.9 2023  2  4 13  5 48.250  2.0   1
     3346  27.287811  102.902336    10.364    -3563.3    37431.9     4227.7   3052.3   3840.2   4576.5 2023  2  4 13 27 54.810  1.7   1
     3347  27.140554  103.155851     4.807    21587.1    21115.5    -1329.5   1891.6   1653.6   2795.7 2023  2  4 13 48 25.880  3.9   1
     3356  26.981384  102.901457     1.789    -3655.4     3479.1    -4347.7   2048.7   1784.7   2227.3 2023  2  4 16 28 44.010  2.2   1
     3361  27.025299  102.816219    10.474   -12115.9     8344.9     4337.4   3020.0   2108.2   4136.4 2023  2  4 18 21  0.760  2.3   1
     3365  26.957235  102.950448     9.377     1208.8      803.3     3240.4   2184.2   2461.2   1353.9 2023  2  4 19 34  7.760  2.5   1
     3366  26.966929  102.929525    22.546     -868.9     1877.4    16409.7   3978.1   2614.8   3400.3 2023  2  4 20  3 14.540  1.6   1
     3367  26.846918  102.947965    14.089      963.0   -11420.2     7952.1   1250.0   1428.8   1128.7 2023  2  4 20  7 36.480  2.5   1
     3368  26.710651  103.104411    13.102    16514.8   -26519.0     6965.9   3112.9   1937.9   4998.2 2023  2  4 20 33 16.400 -0.2   1
     3372  27.029104  102.821126    19.243   -11628.4     8766.5    13106.5   2621.3   1862.1   1942.1 2023  2  4 21  1 48.160  4.1   1
     3373  26.980052  102.910986     4.833    -2709.0     3331.3    -1303.8   2004.9   1284.5   1794.3 2023  2  4 21 12 48.680  2.8   1
     3378  27.082552  102.902913    10.008    -3509.2    14688.8     3871.1   2617.5   1553.4   2064.4 2023  2  4 22 14 28.720  2.8   1
     3381  26.810360  102.947664     2.336      933.0   -15471.0    -3800.7   2142.0   1774.1   5953.1 2023  2  5  0 28 23.310  2.6   1
     3386  26.506523  103.022770     4.221     8407.1   -49136.8    -1915.1   2444.6   2109.3   3963.4 2023  2  5  6 55 19.300  2.5   1
     3391  27.037376  102.806356    21.222   -13094.2     9683.1    15085.9   3277.6   2144.8   6256.1 2023  2  5 10  8 55.650  2.3   1
     3392  26.494818  102.974316     8.486     3586.5   -50433.8     2349.8   2119.2   2808.6   4459.5 2023  2  5 11 56 54.050  3.3   1
     3393  27.135868  103.095369    14.197    15586.9    20596.3     8060.7   3448.0   2990.7   5937.5 2023  2  5 12  4 38.300  1.9   1
     3394  27.044952  102.916260     7.230    -2185.1    10522.4     1093.4   2734.8   1712.3   2153.5 2023  2  5 12 37 36.850  3.1   1
     3395  26.987614  102.777620    13.222   -15949.8     4169.4     7085.2   1784.3   1457.4   1545.0 2023  2  5 12 41 57.150  3.3   1
     3396  27.028493  102.889803     3.452    -4811.6     8698.8    -2684.8   3198.2   4777.8   4966.8 2023  2  5 13 31  8.540  2.5   1
     3398  26.895723  102.960889     8.864     2246.0    -6012.3     2728.1   1970.1   1565.4   1982.4 2023  2  5 16 41 16.840  3.0   1
     3404  26.609318  102.824756     3.876   -11288.9   -37746.9    -2260.1   1861.7   2591.9   4703.9 2023  2  5 19 53 51.640  2.7   1
     3405  27.003741  102.852441    15.073    -8520.8     5956.4     8936.8   2395.0   2029.9   1592.8 2023  2  5 20 21 55.300  2.4   1
     3407  26.945180  103.100960    11.990    16154.6     -532.4     5853.5   2017.7   2671.0   2131.5 2023  2  5 20 50 57.760  2.9   1
     3408  26.875926  103.020841     9.797     8201.6    -8206.1     3660.3   2872.6   2378.8   5055.4 2023  2  5 20 54 15.600  2.3   1
     3417  26.979987  102.889893    18.286    -4803.9     3324.1    12149.6   2388.9   3122.9   4464.7 2023  2  6  1  3 11.860  1.8   1
     3419  26.968878  102.921501     9.692    -1665.3     2093.4     3556.0   1409.0   1305.9   1229.4 2023  2  6  1 12 27.600  4.9   1
     3421  26.994513  102.944035     6.763      572.3     4933.8      626.3   1968.1   1688.3   1365.6 2023  2  6  1 43 57.790  3.2   1
     3422  26.850110  102.959066     6.755     2065.8   -11066.6      618.2   3036.8   1932.7   6855.1 2023  2  6  1 52 17.550  2.4   1
     3423  27.007027  102.926286     6.739    -1190.0     6320.4      602.2   1834.5   1598.7   1564.7 2023  2  6  2 11 43.840  2.9   1
     3425  26.492723  102.996875    13.022     5830.7   -50666.0     6885.7   2238.0   2069.1   1964.7 2023  2  6  4 54  6.790  3.2   1
     3426  26.872298  102.831893    13.793   -10567.1    -8608.0     7656.1   1718.7   1597.1   1408.5 2023  2  6  5 20 41.670  2.9   1
     3427  27.104395  103.156348     4.163    21639.9    17108.8    -1973.0   1660.4   1599.6   3397.9 2023  2  6  6 15 17.400  2.9   1
     3429  26.948600  103.175228    32.669    23529.3     -153.4    26532.2   4131.5   2425.2   2598.6 2023  2  6  6 55 21.740  3.2   1
     3430  27.271320  103.008472     0.871     6960.5    35604.6    -5265.8   1855.6   2331.6   4207.8 2023  2  6  6 58 22.050  2.8   1
     3432  26.416207  103.058708    21.673    11986.8   -59144.2    15536.7   2638.7   3752.6   2783.6 2023  2  6  7 42 54.830  4.0   1
     3434  26.968323  102.916488    10.753    -2163.4     2031.9     4617.0   1663.3   1391.0   1564.1 2023  2  6  8 30 31.150  4.5   1
     3435  26.971185  102.953215    10.233     1483.6     2349.1     4097.1   1579.7   1684.6   1588.1 2023  2  6  9 40 26.610  2.8   1
     3440  26.923932  102.914811     5.437    -2329.9    -2886.8     -699.7   2397.8   2888.9   7099.6 2023  2  6 12 25 12.150  1.4   1
     3442  26.981388  102.931641    11.880     -658.3     3479.5     5743.9   2520.8   1765.8   1837.6 2023  2  6 14  5 30.640  2.4   1
     3443  27.105794  103.180021    15.713    23989.3    17264.1     9576.4   1642.8   1671.4   2063.1 2023  2  6 14 31 52.910  4.2   1
     3444  26.797870  102.942798     3.917      449.9   -16854.9    -2219.8   1890.5   1760.7   4561.8 2023  2  6 14 37 34.240  2.8   1
     3445  27.116449  103.078882     5.754    13952.3    18444.7     -382.4   2908.0   2656.4   5379.4 2023  2  6 14 54 15.040  2.4   1
     3446  26.807733  102.946891     9.182      856.3   -15761.9     3045.8   1888.1   2017.7   5136.9 2023  2  6 14 57  0.150  2.9   1
     3449  26.785760  102.803809     4.766   -13361.9   -18196.5    -1370.7   2453.6   1873.6   3373.3 2023  2  6 15  2 10.700  2.4   1
     3455  27.047237  102.873950     9.028    -6384.4    10775.8     2891.7   3129.5   3579.6   6913.7 2023  2  6 17 13 53.640  2.4   1
     3460  26.991134  102.951099    12.565     1273.3     4559.4     6428.4   2544.9   2059.7   1596.3 2023  2  6 18 26 56.100  3.3   1
     3467  26.937229  102.829305    16.418   -10821.3    -1413.5    10281.9   2222.3   2447.6   3232.9 2023  2  6 21 10 17.240  2.8   1
     3470  27.130404  102.879281     6.461    -5853.6    19990.7      324.6   2033.4   1280.7   2075.0 2023  2  6 22 10  4.780  2.6   1
     3473  26.857104  102.735238    18.016   -20169.8   -10291.5    11879.5   2482.2   2076.8   1628.8 2023  2  6 23 11  6.960  3.1   1
     3478  26.735675  102.895353    11.122    -4266.1   -23746.2     4985.7   2182.8   1963.6   1835.0 2023  2  7  0 34 55.370  2.5   1
     3479  27.113733  103.122233     3.144    18253.7    18143.6    -2992.0   1597.3   1610.1   4727.5 2023  2  7  1 23 37.160  4.2   1
     3480  27.023179  103.274146    18.451    33341.4     8110.0    12314.6   2021.5   2183.3   2655.6 2023  2  7  1 48  4.770  4.9   1
     3493  26.715531  103.003190     8.274     6452.7   -25978.0     2137.3   2027.1   2195.4   5250.2 2023  2  7  9 25  0.280  2.5   1
     3494  26.964410  102.897998    10.541    -3998.9     1598.4     4404.5   2008.2   1446.2   1620.4 2023  2  7 10 51 42.860  2.7   1
     3496  26.652934  102.944149     1.669      584.6   -32914.2    -4467.7   3391.2   3404.1   7375.8 2023  2  7 11 57 42.280  2.5   1
     3497  26.567251  103.066911    11.080    12794.9   -42408.2     4943.8   2461.8   2058.1   2313.2 2023  2  7 12 22 33.570  3.9   1
     3498  26.570957  103.054541    10.733    11564.5   -41997.4     4597.1   2011.8   2065.9   2474.8 2023  2  7 12 27 52.750  3.8   1
     3499  26.559766  103.059302    11.866    12038.7   -43237.3     5730.1   1970.3   2207.5   2461.5 2023  2  7 12 51 49.860  3.6   1
     3500  26.565653  102.963281     5.421     2487.3   -42585.0     -715.9   2343.4   2467.5   4042.3 2023  2  7 13  0  6.440  3.7   1
     3503  26.705155  103.144246    23.097    20474.8   -27127.8    16960.2   2652.4   2710.4   2051.5 2023  2  7 13 48 39.930  3.2   1
     3505  27.030084  102.831860    17.122   -10563.0     8875.1    10986.0   2299.7   1429.2   2375.0 2023  2  7 14  0  9.910  3.1   1
     3506  26.970465  102.930534     7.126     -768.3     2269.1      989.3   1602.7   1927.1   1275.2 2023  2  7 14 24 46.020  2.7   1
     3507  26.854867  103.050977    14.459    11195.7   -10539.5     8323.0   2795.7   3552.9   5852.0 2023  2  7 14 28 58.760  2.5   1
     3514  27.035736  102.845866    13.782    -9172.5     9501.4     7646.1   1945.4   1532.3   1581.2 2023  2  7 17 12 44.440  3.0   1
     3515  27.095599  102.841699    10.487    -9583.9    16134.3     4350.5   3285.9   1180.9   2073.4 2023  2  7 17 42 19.220  2.7   1
     3517  26.739360  102.753190     2.051   -18395.1   -23337.9    -4085.7   2808.2   1686.7   2137.3 2023  2  7 18  6 57.520  1.4   1
     3519  26.483730  103.220679     6.437    28100.1   -51662.4      300.1   2533.1   3028.9   4804.4 2023  2  7 18 34 54.560  3.1   1
     3521  26.565965  103.056331    11.744    11742.6   -42550.4     5607.8   1770.0   1854.1   2011.9 2023  2  7 18 46 48.700  4.0   1
     3522  26.970534  102.831185    12.888   -10632.9     2276.8     6751.7   2885.8   2072.5   2139.0 2023  2  7 19  4 59.200  2.8   1
     3524  26.975608  102.830851    13.152   -10666.0     2839.0     7015.9   1861.6   1737.7   1726.1 2023  2  7 19 54 31.700  2.9   1
     3526  26.889632  102.907080     9.565    -3098.7    -6687.3     3429.0   3039.2   3046.9   6579.3 2023  2  7 20 51 58.100  2.3   1
     3530  26.872207  102.878532    29.038    -5934.2    -8618.1    22901.9   4227.6   3061.6   1593.2 2023  2  7 22 10 15.520  3.0   1
     3533  27.107467  102.854248    13.783    -8338.0    17449.2     7647.0   1855.7   1379.4   1179.4 2023  2  7 22 51 25.800  4.0   1
     3534  26.805139  102.862109    19.603    -7567.6   -16049.4    13466.5   3378.8   2503.1   7224.1 2023  2  7 22 54 11.560  2.1   1
     3535  26.524237  102.987109     6.577     4858.1   -47174.2      440.3   1631.7   2474.2   2707.3 2023  2  7 23  6 45.840  3.1   1
     3536  26.924963  103.113851     1.118    17436.7    -2772.5    -5018.0   2119.4   2173.2   3307.4 2023  2  7 23  7  0.840  2.8   1
     3539  27.151499  102.842367     8.759    -9515.2    22328.2     2622.2   2069.2   1369.1   1598.7 2023  2  7 23 17  1.760  3.1   1
     3545  27.104205  102.821281     6.268   -11609.3    17087.9      131.5   5825.6   2532.6   5350.6 2023  2  8  3 16 45.980  3.3   1
     3546  27.200193  102.744368     5.280   -19233.3    27723.7     -855.9   1802.3   1793.6   2981.8 2023  2  8  4 40 22.700  3.3   1
     3556  26.941648  102.801904     7.906   -13541.8     -923.8     1769.5   1774.0   2462.7   3716.3 2023  2  8 11 37 32.140  3.3   1
     3558  26.996987  102.844718    12.374    -9287.7     5207.9     6237.9   4113.6   2661.7   6622.1 2023  2  8 12  8 20.810  3.0   1
     3559  26.945239  102.773340    12.715   -16378.5     -525.8     6579.0   2499.7   2246.3   2413.9 2023  2  8 14 25 53.970  2.9   1
     3560  27.195778  102.706812    16.991   -22959.4    27234.4    10854.9   1929.3   1928.3   3700.9 2023  2  8 14 55 10.530  3.0   1
     3561  27.122176  102.868953    13.356    -6877.9    19079.1     7220.0   2827.5   1622.2   1641.3 2023  2  8 15 37 19.870  3.9   1
     3562  27.156569  102.851383    15.084    -8620.3    22890.0     8947.3   4694.3   4129.9   7553.1 2023  2  8 15 41 55.900  2.4   1
     3565  26.810632  102.714860     3.325   -22198.4   -15440.7    -2811.3   4069.8   3087.8   5511.2 2023  2  8 17 43 21.000  2.9   1
     3566  26.782334  103.092456    14.487    15321.1   -18576.2     8350.7   5870.1   1966.9   2298.3 2023  2  8 18  5  8.560  2.4   1
     3567  27.166123  103.135213     3.325    19537.8    23948.5    -2811.7   2173.2   2028.9   4066.5 2023  2  8 18 26 14.220  3.0   1
     3572  27.098737  102.863696     7.050    -7400.3    16481.9      913.7   2125.4   1316.9   2030.4 2023  2  8 20 57 35.540  3.1   1
     3573  27.189419  103.620907    33.098    67713.4    26529.9    26961.2   3583.9   4548.7   4947.0 2023  2  8 21  5 12.980  4.2   1
     3574  26.997231  102.912134    14.630    -2594.7     5234.9     8493.6   2561.0   1574.0   1688.2 2023  2  8 23 33 29.860  3.2   1
     3578  27.256531  102.946362     9.551      801.9    33966.0     3414.8   2404.3   2642.1   2347.4 2023  2  9  0 42 45.450  2.1   1
     3581  27.226524  102.984741     5.350     4608.4    30641.2     -786.6   2560.1   2757.1   4696.9 2023  2  9  4  5 17.070  1.8   1
     3584  26.826876  102.953166    16.119     1479.4   -13640.8     9982.8   1434.2   1316.8   1871.2 2023  2  9  5 18 18.600  3.7   1
     3586  26.472268  103.169393    20.719    22998.0   -52932.4    14583.0   4140.7   3066.3   4098.8 2023  2  9  9 11 45.640  4.1   1
     3587  27.161460  103.125553     4.991    18579.7    23432.0    -1145.3   1390.4   1493.9   2705.5 2023  2  9 10  5 54.670  3.7   1
     3588  27.248517  102.844613     9.315    -9288.4    33078.0     3178.7   1977.9   3017.9   5234.8 2023  2  9 10 16 18.210  3.8   1
     3589  27.050975  102.937882    18.544      -38.7    11189.8    12408.0   3581.7   1870.2   8221.5 2023  2  9 10 31 57.000  3.0   1
     3597  26.948104  102.939754    10.744      147.3     -208.5     4607.8   2009.5   1628.5   1227.7 2023  2  9 13 58 42.220  2.9   1
     3599  26.928550  102.847428    14.843    -9021.9    -2375.2     8706.7   2582.9   2126.5   7009.2 2023  2  9 15 25 30.750  2.4   1
     3603  26.915277  102.908423     9.774    -2964.9    -3845.8     3637.6   1930.4   1501.7   1472.5 2023  2  9 17 12 51.860  1.9   1
     3605  27.029244  102.739917    10.898   -19689.9     8782.1     4761.4   2161.0   2118.6   2834.0 2023  2  9 17 50 12.280  2.9   1
     3610  26.909336  102.961743    21.469     2331.3    -4504.0    15332.4   6743.8   4859.1   8649.4 2023  2  9 19 42  9.060  2.3   1
     3611  27.347807  103.061230    14.041    12188.0    44079.7     7904.6   2625.9   2365.6   2327.6 2023  2  9 19 51 51.100  3.0   1
     3613  27.098568  103.084831     2.093    14543.8    16463.2    -4043.5   1940.0   1451.4   2972.1 2023  2  9 20 13 19.700  4.7   1
     3614  27.070101  102.735539    17.506   -20120.5    13309.2    11369.7   2990.3   1527.4   2018.7 2023  2  9 20 22 26.860  4.2   1
     3615  27.000930  102.876237    19.920    -6159.0     5644.8    13784.1   3680.8   2488.4   2679.4 2023  2  9 20 44 56.560  2.9   1
     3616  27.517069  103.233097     2.675    29202.3    62834.3    -3461.4   4815.6   3596.6   5780.6 2023  2  9 20 45  4.760  1.9   1
     3617  26.708793  102.944474    11.674      616.7   -26724.7     5538.0   1746.8   2612.2   2803.9 2023  2  9 20 50 45.960  1.9   1
     3619  27.082336  103.073153     8.553    13385.2    14664.7     2416.9   2013.9   1559.8   3536.4 2023  2  9 21 52 15.780  3.4   1
     3621  26.973810  102.911491     5.792    -2658.8     2639.8     -344.4   3223.9   2312.9   3446.8 2023  2  9 22 14 15.300  2.2   1
     3622  27.093125  103.101489     0.845    16197.2    15860.3    -5291.2   2288.9   1807.8   3648.0 2023  2  9 22 30 18.460  3.0   1
     3623  26.974015  102.851587    13.387    -8606.9     2662.5     7250.2   3734.5   2238.8   2265.5 2023  2  9 22 39 57.040  3.0   1
     3624  26.891774  102.951644    15.542     1327.8    -6449.9     9405.9   1646.9   1649.0   2115.3 2023  2  9 23 37 29.840  2.8   1
     3626  26.868370  102.939616     6.186      133.2    -9043.2       49.3   1358.7   1556.3   3475.1 2023  2  9 23 58 10.260  3.0   1
     3629  27.135834  103.183415     7.356    24322.4    20592.4     1219.8   2161.0   1801.0   4207.6 2023  2 10  0 50 22.900  3.2   1
     3636  26.680304  102.698730    30.919   -23814.7   -29881.4    24782.8   3182.2   3673.7   2505.9 2023  2 10  2 35 52.370  3.8   1
     3640  27.014476  102.740568     2.335   -19626.4     7145.7    -3801.1   1693.8   2334.0   2184.6 2023  2 10  3 50 47.810  2.0   1
     3641  26.819220  102.963656    12.613     2522.1   -14489.1     6477.0   1514.1   1700.9   2275.4 2023  2 10  3 51 17.800  3.1   1
     3642  27.155111  102.925513     2.188    -1266.0    22728.3    -3948.5   3925.0   2444.6   5548.3 2023  2 10  3 59 57.300  2.6   1
     3643  26.863641  102.947453     3.955      911.7    -9567.2    -2181.8   1423.4   1559.3   2660.7 2023  2 10  4 12 31.530  3.3   1
     3645  26.742981  102.836279    14.988   -10137.1   -22936.8     8851.9   2166.2   2583.5   1943.3 2023  2 10  4 24 55.790  3.2   1
     3650  27.106085  102.753833    10.434   -18301.9    17296.1     4297.3   1936.6   1949.5   4398.7 2023  2 10  8 31 13.530  2.7   1
     3654  26.920608  102.884497     6.510    -5340.9    -3255.2      373.2   3936.6   2283.9   1866.1 2023  2 10 10  6 43.890  3.3   1
     3657  27.196004  102.785246    23.375   -15179.0    27259.6    17238.4   3652.5   2432.9   8564.4 2023  2 10 10 23 28.880  3.0   1
     3658  27.040405  102.770028    12.394   -16700.3    10018.8     6257.5   1887.9   1338.6   1657.8 2023  2 10 11 42 25.830  3.6   1
     3659  26.685463  102.849683    14.146    -8807.0   -29309.8     8009.2   2437.0   2180.6   2182.2 2023  2 10 13 28 25.100  3.2   1
     3661  26.969942  102.930688     8.776     -753.3     2211.2     2639.5   1808.8   1444.9   1698.4 2023  2 10 13 44 34.240  3.2   1
     3664  27.040411  102.762378    31.170   -17459.6    10019.3    25034.0   4756.6   2776.0   2057.4 2023  2 10 14 24  6.670  2.5   1
     3668  26.908405  102.852840    11.141    -8485.3    -4607.3     5004.7   2776.9   2223.2   4765.1 2023  2 10 15 49  8.740  1.8   1
     3673  26.990963  102.891219     2.602    -4671.6     4540.5    -3534.4   3398.1   2245.0   4231.4 2023  2 10 16 46 56.170  2.0   1
     3674  27.196598  102.753613     4.484   -18316.4    27325.4    -1652.4   3497.9   3936.2   6305.1 2023  2 10 17 35 33.040  3.2   1
     3676  26.865975  102.940959     2.803      266.6    -9308.7    -3333.2   1599.6   2221.3   4031.9 2023  2 10 18  5 36.080  2.7   1
     3677  26.985211  102.765812    12.254   -17122.6     3903.0     6117.5   1636.2   1719.8   2139.2 2023  2 10 18 13 48.420  2.2   1
     3679  26.814018  102.968311    12.029     2984.4   -15065.7     5892.3   1087.2   1446.4   1200.5 2023  2 10 18 51 51.000  2.9   1
     3681  26.815483  102.970272    15.873     3179.3   -14903.3     9736.3   1276.2   1446.9   1831.5 2023  2 10 18 59 17.160  3.7   1
     3682  26.847972  102.994434    15.700     5579.5   -11303.4     9564.1   1966.3   1855.6   1666.2 2023  2 10 20  1 54.320  2.5   1
     3683  27.039160  102.966789    23.876     2830.5     9880.8    17740.0   3908.5   2850.5   7240.5 2023  2 10 20  3 14.280  0.7   1
     3685  27.208728  103.219556    19.348    27899.6    28669.4    13212.0   2902.2   4520.7   8017.1 2023  2 10 20 13 49.880  2.6   1
     3689  26.817881  102.981502    14.308     4295.4   -14637.6     8171.7   1091.4   1225.4   1139.9 2023  2 10 21 25 36.460  3.2   1
     3690  27.005487  102.889421     9.805    -4850.2     6149.7     3668.4   1905.2   1670.2   1451.6 2023  2 10 21 35 25.200  3.2   1
     3691  26.737549  102.995329     8.710     5670.6   -23538.6     2574.1   1719.7   1644.4   2201.6 2023  2 10 22  2 20.140  3.3   1
     3692  26.708506  102.984790     9.344     4624.1   -26756.5     3207.5   2473.7   4796.1   2014.9 2023  2 10 22 13 22.860  2.7   1
     3693  26.853721  102.901644     6.660    -3639.1   -10666.3      523.8   4699.2   2435.4   2572.1 2023  2 10 22 27 15.600  2.5   1
     3694  26.807033  102.974862    16.667     3635.6   -15839.5    10530.1   1751.8   2795.1   1613.4 2023  2 10 22 52 55.800  3.0   1
     3695  27.027793  102.761711    10.113   -17526.6     8621.2     3976.3   4218.5   3219.8   5439.4 2023  2 10 23 10 21.920  3.1   1
     3696  26.814437  102.960978    12.470     2255.7   -15019.1     6334.0   1173.8   1432.2   1222.6 2023  2 10 23 21 27.120  3.0   1
     3697  27.007218  102.815771     5.956   -12161.3     6341.6     -180.8   1595.8   2103.8   1788.3 2023  2 10 23 27 25.760  2.8   1
     3699  26.570420  103.049235     3.738    11036.4   -42057.0    -2398.1   2979.4   2404.0   2610.8 2023  2 10 23 50 20.420  2.4   1
     3700  27.128003  102.909058    21.960    -2898.6    19724.7    15823.9   4527.0   2136.5   2027.6 2023  2 11  0  0 47.700  3.3   1
     3701  27.146820  102.930566    18.957     -764.7    21809.7    12820.3   5028.6   2934.2   2425.9 2023  2 11  0 14 26.360  3.0   1
     3703  26.922994  102.903385    11.037    -3464.4    -2990.7     4901.1   1902.5   1772.8   1346.2 2023  2 11  0 34 33.290  3.9   1
     3705  26.957839  103.155672     0.368    21586.9      870.3    -5768.3   3095.1   2497.4   3842.7 2023  2 11  2 18  8.280  2.5   1
     3708  27.180522  102.911328    13.329    -2673.1    25544.1     7192.3   1838.3   1998.9   7740.0 2023  2 11  3 43 41.480  3.2   1
     3713  26.930957  102.986393     5.503     4778.6    -2108.5     -633.8   6286.9   5153.5   8166.4 2023  2 11  6 24 40.760  2.2   1
     3715  27.056187  103.416455     0.869    47460.5    11767.4    -5267.3   1996.7   3373.1   2534.1 2023  2 11  6 54  0.990  3.9   1
     3716  27.386851  102.614022    18.235   -32135.9    48405.7    12099.1   2607.2   2193.3   4911.6 2023  2 11  7  5 44.440  3.5   1
     3717  27.205267  102.967367     2.793     2885.7    28285.9    -3343.6   2321.6   1647.3   3165.0 2023  2 11  7 12 46.630  2.4   1
     3719  27.131887  102.741276    17.472   -19546.2    20155.2    11335.6   2188.6   1503.9   2584.1 2023  2 11  8  1 17.770  2.8   1
     3721  27.129165  102.852417    10.273    -8519.0    19853.4     4136.5   2497.8   1369.1   1440.6 2023  2 11  8 41  3.690  2.8   1
     3722  26.937614  102.672428    20.518   -26399.5    -1370.9    14381.3   2618.8   2768.8   3281.0 2023  2 11  9  1 48.320  3.8   1
     3727  26.667342  102.820890     5.494   -11670.3   -31317.6     -642.2   4215.9   2712.2   5676.0 2023  2 11  9 53 56.990  2.9   1
     3728  27.101495  103.158496    24.715    21853.7    16787.6    18578.2   2137.7   3147.5   2278.9 2023  2 11 10 43  2.860  2.8   1
     3729  26.840896  102.701896     5.743   -23482.9   -12087.5     -393.0   3378.0   1905.9   3635.4 2023  2 11 10 57 56.570  2.7   1
     3737  27.017670  102.816699     1.062   -12068.5     7499.5    -5074.7   2377.0   1871.9   3429.9 2023  2 11 12 38 24.070  3.2   1
     3742  26.791919  103.093604    21.789    15435.2   -17514.2    15652.3   3039.4   1963.3   3095.9 2023  2 11 13 57 47.070  2.6   1
     3744  26.870133  102.942806     6.547      450.1    -8847.9      410.8   1282.3   1268.6   2517.0 2023  2 11 15  5 42.430  2.9   1
     3748  26.784229  102.970158     0.395     3168.2   -18366.3    -5741.7   2093.5   2377.0   4670.3 2023  2 11 16 32 54.340  2.5   1
     3750  27.023871  102.902653    12.348    -3536.3     8186.6     6211.4   4140.3   2578.3   3495.6 2023  2 11 16 48  8.620  2.1   1
     3753  27.167440  103.645825    49.011    70191.9    24094.5    42874.7   3227.0   4400.7   9657.2 2023  2 11 17 20 36.940  3.7   1
     3760  27.212262  103.103467     2.131    16384.3    29061.0    -4005.6   1952.9   3125.9   5041.1 2023  2 11 18 36 49.280  2.7   1
     3762  26.511129  103.252458     4.968    31257.9   -48626.6    -1168.3   2165.0   2097.3   4225.7 2023  2 11 20  3 36.720  2.9   1
     3763  26.676969  102.988599    13.070     5003.1   -30250.9     6933.5   2295.8   1953.2   2190.7 2023  2 11 20 27 25.080  2.6   1
     3764  27.156020  103.112256    10.689    17261.0    22829.0     4552.9   2335.2   4699.4   8114.2 2023  2 11 21  4 18.760  2.6   1
     3767  26.553451  103.030851    16.796     9208.6   -43937.1    10659.3   2826.9   2800.1   2480.0 2023  2 11 21 41 16.760  3.5   1
     3778  26.613448  102.945654    15.223      733.8   -37289.3     9087.0   2037.5   2837.6   5949.8 2023  2 12  0 40 41.680  2.6   1
     3784  26.992948  102.923104     6.357    -1506.1     4760.5      220.2   1634.1   1652.5   2019.3 2023  2 12  3  7  9.350  3.9   1
     3785  27.037801  103.197355     9.741    25716.5     9730.1     3604.8   1890.3   2194.5   3762.6 2023  2 12  3 21 49.170  3.6   1
     3786  27.181091  102.842310     7.684    -9519.6    25607.2     1547.8   1983.3   1752.3   3364.3 2023  2 12  3 32 54.620  4.6   1
     3787  27.002181  102.809831     5.802   -12751.6     5783.3     -334.8   2062.1   1620.9   1681.1 2023  2 12  3 34  5.200  4.2   1
     3788  26.846429  102.949040    13.011     1069.8   -11474.4     6874.5   2352.5   2024.1   1594.8 2023  2 12  3 36 55.170  3.0   1
     3790  27.011623  102.821200    24.214   -11622.3     6829.6    18077.7   4565.9   2510.6   3971.9 2023  2 12  3 46 34.860  2.1   1
     3796  27.144594  102.955835     6.752     1742.2    21563.1      615.5   3948.5   1848.3   5506.7 2023  2 12  5  7 32.040  2.7   1
     3797  27.112531  102.932406    29.110     -582.6    18010.3    22974.0   3454.7   2716.1   1715.7 2023  2 12  5 37 32.460  2.7   1
     3802  27.090346  102.865910    17.996    -7181.2    15552.3    11859.2   3236.9   1593.2   1474.1 2023  2 12  7  2 15.470  3.4   1
     3803  26.664286  102.994808    29.925     5620.9   -31656.3    23788.5   3491.1   3609.9   2828.7 2023  2 12  7  4 59.880  3.3   1
     3804  26.989960  102.919230     5.426    -1890.3     4429.2     -710.4   2701.0   2018.5   4226.1 2023  2 12  7 14 36.140  2.9   1
     3805  26.653536  102.920898    10.860    -1727.4   -32847.5     4723.7   3338.2   3701.0   5186.6 2023  2 12  7 28 30.560  2.9   1
     3809  26.807760  102.603141     1.180   -33298.9   -15759.1    -4956.1   5174.0   4106.4   7299.0 2023  2 12  8  7 10.040  3.2   1
     3811  27.118911  103.081527    17.295    14214.5    18717.4    11158.7   4375.2   3046.0   6151.6 2023  2 12  9 24 42.700  1.7   1
     3818  26.938100  102.782658     0.895   -15453.1    -1317.0    -5241.6   2845.4   2010.2   3264.4 2023  2 12 11 20 54.740  2.8   1
     3819  26.824070  102.877930     8.704    -5995.2   -13951.9     2567.8   2231.6   1615.1   2333.0 2023  2 12 11 30 20.660  2.3   1
     3824  26.702441  102.893213    13.203    -4479.7   -27428.6     7066.5   1539.2   2610.3   1464.9 2023  2 12 14  3 46.340  2.6   1
     3829  26.892780  103.003117    16.641     6440.9    -6338.6    10504.4   3010.7   2471.2   2283.4 2023  2 12 15 20  6.950  3.0   1
     3830  26.873102  102.932878    14.931     -535.7    -8518.9     8795.0   2379.6   1519.1   1520.5 2023  2 12 15 24 31.290  3.6   1
     3834  26.960093  102.901156    13.770    -3685.6     1119.8     7633.2   3568.6   2025.6   1652.6 2023  2 12 16 51 25.630  2.9   1
     3835  26.835181  102.958569     6.744     2016.7   -12720.8      608.0   1573.5   1359.8   1646.1 2023  2 12 17  1 26.600  2.8   1
     3837  27.158093  102.933984     5.997     -425.8    23058.8     -139.5   5181.7   1969.4   4435.4 2023  2 12 17 22  8.600  2.8   1
     3841  26.978910  103.127734    10.960    18811.0     3204.8     4823.8   2291.7   2656.2   5361.0 2023  2 12 18 20 17.200  2.9   1
     3848  26.820990  102.874919    21.681    -6295.0   -14293.0    15544.6   2287.3   1761.0   1925.0 2023  2 12 19 47 48.120  3.0   1
     3849  26.978046  102.793368     8.895   -14386.9     3109.2     2758.6   2759.1   2386.3   3689.4 2023  2 12 20 14 10.780  2.4   1
     3851  27.131492  103.135815    19.899    19599.7    20111.3    13762.9   2079.3   1684.8   1389.1 2023  2 12 20 45 24.600  3.6   1
     3856  26.836792  103.086353    64.271    14711.3   -12542.2    58134.3   3629.7   3326.0  19460.0 2023  2 12 23 18 38.760  3.1   1
     3858  26.621847  103.077873    11.608    13881.8   -36358.6     5471.3   1708.8   2087.2   2416.5 2023  2 12 23 47  4.320  3.6   1
     3860  26.488188  103.083553     4.075    14455.1   -51168.5    -2061.1   5227.1   2091.9   6824.0 2023  2 13  1 13 59.280  3.0   1
     3868  26.879651  102.931038    13.343     -718.8    -7793.4     7206.9   2162.6   1873.4   1348.6 2023  2 13  3 57 56.990  3.5   1
     3869  27.065096  102.700985    10.096   -23550.4    12754.5     3960.0   2012.4   2573.9   4819.8 2023  2 13  4  8 58.450  3.3   1
     3873  27.022526  102.744507    11.955   -19234.3     8037.7     5818.5   3207.2   1469.4   3747.7 2023  2 13  6 34 32.170  2.8   1
     3877  26.844598  103.002474    15.988     6378.2   -11677.1     9851.2   1873.5   1679.1   1698.6 2023  2 13  6 58  8.040  3.1   1
     3880  27.344751  102.917065     3.829    -2102.4    43741.1    -2307.1   5797.7   3964.5   4790.4 2023  2 13  8 44  9.760  3.4   1
     3884  27.146670  102.824797     3.968   -11258.6    21793.1    -2168.3   2617.7   1491.4   3363.3 2023  2 13 10 36 54.440  2.8   1
     3886  26.491223  102.979704     5.115     4122.3   -50832.1    -1021.3   1901.3   1963.5   3632.6 2023  2 13 11 20 53.140  3.7   1
     3887  27.090826  102.817668     3.661   -11968.9    15605.6    -2475.2   2731.4   1698.3   2665.3 2023  2 13 12 13 46.920  2.9   1
     3890  26.477907  102.965796     6.972     2738.5   -52307.5      835.4   2255.7   2824.6   4284.7 2023  2 13 12 44 44.880  3.3   1
     3892  26.855133  103.118343     1.779    17888.4   -10510.0    -4357.6   2241.3   1752.0   2937.9 2023  2 13 14 14 17.890  2.1   1
     3893  26.577470  102.917074    24.576    -2108.7   -41275.7    18439.3   2830.4   2882.5   2506.5 2023  2 13 14 35 47.320  3.2   1
     3894  26.923920  103.067318    15.629    12815.3    -2888.3     9492.7   2664.5   3156.7   6659.8 2023  2 13 14 40 28.050  2.4   1
     3897  26.810756  103.228963    19.218    28882.7   -15427.0    13081.3   3164.3   3908.6   6483.8 2023  2 13 15  2 33.870  2.4   1
     3903  27.024764  102.803719     2.975   -13357.0     8285.6    -3161.0   3877.5   2887.1   3744.7 2023  2 13 18 37 16.240  2.3   1
     3906  26.828857  102.748926     4.631   -18812.1   -13421.3    -1505.8   2566.0   1614.1   4849.1 2023  2 13 19 30 15.820  1.4   1
     3913  27.107890  102.881445     9.620    -5638.8    17496.2     3483.6   3003.9   1528.2   1839.4 2023  2 13 22 17 53.520  3.0   1
     3921  26.808250  102.919661     0.692    -1849.4   -15704.8    -5444.5   1803.4   1494.1   2718.1 2023  2 14  1 50  5.350  3.0   1
     3922  26.602763  103.120174     2.716    18090.4   -38473.2    -3420.8   2569.2   1883.1   4420.9 2023  2 14  2 57 33.440  3.3   1
     3930  27.229789  102.850350     3.436    -8719.8    31002.9    -2700.3   3752.7   4276.3   6733.4 2023  2 14 10 35 15.240  3.5   1
     3932  26.935445  102.884220     8.493    -5368.0    -1611.0     2356.4   2972.3   2209.0   2517.9 2023  2 14 11 57  2.330  2.5   1
     3934  27.156002  103.087061     2.223    14761.1    22827.1    -3913.5   2368.3   1894.5   3398.4 2023  2 14 13 23 47.720  2.4   1
     3936  27.091931  102.914331    15.506    -2375.7    15728.0     9369.2   3386.4   2045.4   1777.2 2023  2 14 14 12 31.560  2.6   1
     3939  27.220998  103.043156    20.779    10402.7    30029.0    14642.6   3831.2   2594.4   2520.3 2023  2 14 17 31 36.040  3.0   1
     3940  26.491150  102.965625     7.223     2721.5   -50840.3     1086.5   2183.6   2231.5   3393.4 2023  2 14 17 59 20.880  3.5   1
     3942  27.063051  102.724316     3.131   -21234.9    12528.0    -3005.9   2424.6   2224.8   3770.5 2023  2 14 20 24 20.600  2.5   1
     3943  26.878583  102.954150    13.556     1577.1    -7911.6     7419.3   2313.4   1621.4   1411.1 2023  2 14 21 11 56.760  3.0   1
     3944  27.116327  102.830876     1.364   -10656.8    18431.1    -4772.9   1733.2   1269.1   3983.2 2023  2 14 21 35 59.520  2.9   1
     3945  26.730489  102.820264    17.056   -11729.1   -24320.8    10919.2   1983.8   3753.4   2160.1 2023  2 14 22 33 58.840  3.5   1
     3946  26.653099  102.928011     6.745    -1020.4   -32896.0      608.2   2668.7   3518.8   5365.6 2023  2 14 22 54 14.600  2.7   1
     3948  27.113153  102.820500    13.006   -11686.2    18079.4     6869.9   1859.8   1220.8   1835.8 2023  2 14 23  2 21.120  3.0   1
     3954  26.995707  102.836857    15.267   -10068.2     5066.0     9130.9   2951.8   1806.8   2036.2 2023  2 15  2 44 14.520  3.0   1
     3955  27.394491  103.525472    15.976    58194.2    49252.2     9840.0  11884.0   3651.0   5083.6 2023  2 15  3 15 15.530  2.3   1
     3958  27.141738  102.869002     2.390    -6872.8    21246.6    -3746.2   2146.2   1847.0   3527.5 2023  2 15  5 48 57.830  3.6   1
     3959  27.099347  102.829500    17.129   -10794.2    16549.7    10992.4   2080.6   1372.0   2400.3 2023  2 15  6 37 39.050  3.9   1
     3960  27.318132  102.955550    12.293     1712.8    40791.5     6156.4   2709.9   2483.6   2489.1 2023  2 15  7 13 41.660  2.0   1
     3964  27.100779  102.846720    11.485    -9085.5    16708.3     5348.6   2223.4   1382.4   1660.6 2023  2 15 10 22 17.840  3.4   1
     3969  26.797544  102.849080   207.245    -8862.8   -16890.9   201108.5   3190.5   2297.8  29173.6 2023  2 15 11 16 53.070  2.9   1
     3970  27.112781  102.825789    10.267   -11161.7    18038.2     4130.6   1774.8   1201.0   1434.0 2023  2 15 11 38  6.520  3.0   1
     3973  26.964252  102.913802     8.021    -2430.2     1580.8     1884.7   3550.4   3441.3   1430.3 2023  2 15 14 54  0.720  2.3   1
     3976  27.107987  102.847640     8.138    -8993.3    17507.0     2001.5   1675.6   1057.8   1558.7 2023  2 15 15 17 29.780  2.8   1
     3977  26.861786  102.934920    13.244     -333.0    -9772.7     7107.4   2214.3   1733.1   1446.3 2023  2 15 16  9 19.260  4.2   1
     3978  27.103969  102.867773     8.049    -6995.5    17061.9     1913.0   2406.8   1397.6   2464.4 2023  2 15 16 28  5.090  2.4   1
     3979  26.820848  103.210311    25.140    27028.4   -14308.8    19003.3   2431.7   2514.0   2319.4 2023  2 15 16 34 48.890  2.9   1
     3981  26.504600  102.983724     1.343     4521.7   -49350.0    -4793.0   2303.3   1995.5   3236.5 2023  2 15 19 12 44.440  3.8   1
     3982  26.990330  102.794059     9.260   -14317.5     4470.3     3123.7   1572.7   1598.0   1761.7 2023  2 15 19 18 16.120  4.0   1
     3983  26.840763  102.964412    17.379     2597.1   -12102.1    11242.8   2197.4   1390.0   1419.8 2023  2 15 20 50 46.760  2.9   1
     3991  26.643899  102.952694     2.305     1434.0   -33915.4    -3831.3   3700.3   2121.8   4727.6 2023  2 16  3 38 27.700  3.5   1
     3994  27.180920  103.025977     2.771     8700.0    25588.1    -3364.9   6047.1   1442.6   3082.6 2023  2 16  6  4 10.240  2.5   1
     3995  26.866874  102.872526    28.526    -6530.7    -9209.0    22389.5   2860.1   2013.0   7003.7 2023  2 16  8 43 16.710  2.0   1
     3996  27.004340  102.760425    32.204   -17656.1     6022.5    26067.5   3991.1   4470.5   8040.2 2023  2 16  9 59 23.210  3.3   1
     3999  26.508903  102.979191    16.899     4070.9   -48873.2    10762.6   3888.2   2394.1   6989.1 2023  2 16 12 21 49.350  2.9   1
     4003  26.993514  102.906950    30.112    -3109.5     4823.1    23975.9   3817.9   2027.6   5860.3 2023  2 16 15  4 14.150  3.3   1
     4004  27.203756  102.851562    12.704    -8600.9    28118.3     6567.4   2097.3   1641.0   1863.5 2023  2 16 15 18 47.110  2.6   1
     4005  27.138597  102.862614     7.413    -7506.5    20898.6     1276.5   1839.0   1093.2   1926.4 2023  2 16 15 51 51.340  2.9   1
     4007  27.046771  102.795402    11.869   -14180.7    10724.0     5732.3   1771.2   1852.5   1836.4 2023  2 16 16 24  7.900  3.0   1
     4011  27.002653  102.956641    12.942     1823.5     5835.6     6806.1   2516.1   2487.3   1281.1 2023  2 16 17 18 28.080  2.5   1
     4014  27.197886  102.975513     3.589     3694.0    27468.1    -2547.3   4000.5   2706.5   5044.4 2023  2 16 17 52 24.280  2.8   1
     4015  27.026416  102.735116     0.816   -20166.6     8468.7    -5320.6   1981.3   1839.6   3395.9 2023  2 16 18 30 37.360  3.2   1
     4016  27.011165  102.971785    37.722     3326.7     6778.9    31585.4   5060.1   3193.1   4615.6 2023  2 16 18 47 56.800  2.5   1
     4024  27.120174  102.822453     8.742   -11492.5    18857.4     2605.7   1363.1   1151.2   4786.8 2023  2 17  0 14 51.630  3.4   1
     4027  27.352714  102.895182    15.814    -4271.1    44623.4     9677.3   2343.5   2641.4   2330.5 2023  2 17  2  5 10.840  3.4   1
     4028  26.923348  102.840837    10.054    -9676.5    -2951.6     3917.2   2519.9   1758.0   2793.8 2023  2 17  2  5 13.360  3.0   1
     4033  26.837335  102.842261    10.121    -9538.8   -12482.0     3985.0   7061.5   4061.0   4870.7 2023  2 17  5 33 51.020  2.5   1
     4037  26.813812  103.192424    11.894    25251.9   -15088.3     5757.9   3855.6   2999.6   4530.1 2023  2 17  9 58 48.950  4.2   1
     4041  26.943414  102.905672     6.313    -3237.1     -728.2      176.6   2032.5   1477.0   1689.9 2023  2 17 13 22  2.790  2.8   1
     4046  26.883453  102.898942     7.315    -3906.6    -7372.0     1178.2   1924.1   1273.8   1430.3 2023  2 17 17 38 55.160  2.8   1
     4047  26.850968  102.911906    11.940    -2619.7   -10971.3     5804.0   2126.6   2690.8   3081.9 2023  2 17 17 44 19.540  2.7   1
     4048  26.849711  102.929126    18.182     -909.1   -11110.7    12045.8   1828.8   1428.0   1912.7 2023  2 17 17 50 30.180  2.9   1
     4052  27.117601  102.849438     9.539    -8814.3    18572.1     3402.2   3321.7   1956.7   2263.1 2023  2 17 22  3 44.000  3.0   1
     4053  27.164010  102.885588     6.356    -5227.0    23714.4      219.8   3085.9   2740.2   8509.0 2023  2 17 22 11  1.380  2.3   1
     4058  26.828396  102.966561    12.821     2810.7   -13472.5     6684.3   2034.2   1229.7   1258.9 2023  2 17 23  0 31.120  3.8   1
     4059  27.137305  103.194434     5.177    25415.4    20755.4     -959.3   1605.9   2112.3   4460.1 2023  2 18  0 57 15.640  4.3   1
     4065  27.018351  102.826953     2.397   -11050.9     7575.2    -3739.5   4706.4   2645.8   3037.7 2023  2 18  5 19 10.760  2.2   1
     4066  27.280709  102.890275    10.296    -4758.9    36644.9     4159.9   2671.8   2823.0   2396.0 2023  2 18  5 47 29.680  2.8   1
     4070  27.097101  102.806877    30.734   -13039.0    16300.8    24597.9   3934.3   1854.8   3042.8 2023  2 18  6 23 13.990  2.5   1
     4073  26.465251  103.245939    32.160    30615.6   -53709.9    26023.5   2040.6   3281.2  10300.6 2023  2 18  7  7 59.650  3.0   1
     4078  27.190472  102.985677     1.038     4701.9    26646.6    -5097.9   4536.8   2604.2   4091.3 2023  2 18  8 18 45.680  2.8   1
     4083  27.144716  102.865535    11.178    -7216.5    21576.7     5041.9   1729.1   1132.5   1429.5 2023  2 18 11  9 37.300  4.4   1
     4084  26.832597  103.015625    17.044     7684.6   -13007.0    10907.6   2467.2   2335.1   2308.8 2023  2 18 11 25  4.350  3.4   1
     4086  27.112138  102.890682    13.545    -4722.5    17967.0     7409.0   4184.8   1924.1   4041.6 2023  2 18 12  7 46.150  3.2   1
     4087  26.628485  102.725635    30.149   -21144.2   -35623.2    24012.2   4423.4   3026.5   2629.2 2023  2 18 13 43 24.480  3.2   1
     4088  27.152177  102.944336    21.097      601.8    22403.4    14960.7   5307.3   3273.0   8416.3 2023  2 18 14 31 26.180  2.7   1
     4089  27.011780  102.881763     9.914    -5609.8     6847.0     3777.3   2801.3   2168.4   1834.4 2023  2 18 16  4  9.000  2.2   1
     4094  27.208824  102.775675     4.758   -16127.7    28680.0    -1378.8   1313.9   1493.5   3107.8 2023  2 18 17 38 21.640  3.3   1
     4095  27.059686  102.741366     8.647   -19543.6    12155.0     2510.4   2550.0   2355.8   2894.3 2023  2 18 18  7 22.560  2.7   1
     4096  27.056399  102.672624    24.806   -26366.4    11790.9    18669.3   2155.0   2648.8   2381.6 2023  2 18 18 10 57.640  3.2   1
     4103  27.131256  103.059310     2.710    12008.9    20085.3    -3426.8   2207.9   1811.7   3541.9 2023  2 18 21 13 39.680  3.9   1
     4104  26.763641  102.808032     1.234   -12943.2   -20647.4    -4902.0   4401.0   3855.6   6777.3 2023  2 18 21 33 18.400  2.2   1
     4109  27.025043  102.862728     1.282    -7499.0     8316.5    -4854.5   2540.1   1895.3   2929.6 2023  2 19  2 13 23.520  3.2   1
     4110  27.370028  103.075960    11.020    13647.0    46541.8     4883.7   1944.7   8179.2   1685.0 2023  2 19  2 53 39.520  2.2   1
     4112  26.538747  102.974365     5.011     3590.5   -45566.4    -1124.9   2195.6   2674.5   4390.0 2023  2 19  4 19 14.990  2.4   1
     4113  27.056093  103.118783    18.708    17915.8    11757.1    12571.7   3503.5   2363.1   3117.6 2023  2 19  4 45 28.730  3.4   1
     4116  27.102309  102.988167     3.207     4951.3    16877.8    -2929.0   2215.1   1648.8   4078.1 2023  2 19  6 32 11.650  3.1   1
     4117  26.724972  102.992554    12.054     5394.9   -24932.3     5917.2   3912.6   2060.3   6930.9 2023  2 19  8 43 39.550  2.7   1
     4119  27.140597  102.897607     3.714    -4034.7    21120.1    -2422.7   4403.4   2120.2   4004.1 2023  2 19 10 30 19.390  2.9   1
     4120  27.326194  102.562370     1.459   -37265.2    41684.9    -4677.3   2614.9   2413.4   4406.3 2023  2 19 12 58 42.110  3.3   1
     4123  27.298631  102.915519     1.363    -2255.6    38630.8    -4773.7   1548.1   2336.2   3197.8 2023  2 19 14 35  1.820  2.4   1
     4125  27.170512  102.522339     1.048   -41261.8    24434.9    -5088.8   2512.6   3273.5   4174.7 2023  2 19 15 52 13.700  3.1   1
     4126  27.181150  102.832918    11.778   -10450.7    25613.7     5641.7   2075.8   1445.2   1813.2 2023  2 19 16 51 35.070  3.0   1
     4129  27.189272  102.764705     8.240   -17216.8    26513.6     2104.0   2279.0   1740.4   3846.2 2023  2 19 19 35 46.600  2.6   1
     4131  27.064797  103.121126    16.670    18148.0    12721.4    10533.5   2037.5   2118.8   2199.1 2023  2 19 20 12 42.980  3.6   1
     4134  27.191266  103.086654    10.620    14718.2    26734.5     4483.8   2816.0   1907.5   2521.0 2023  2 19 21 32 17.360  3.1   1
     4135  26.941772  102.892041     9.049    -4591.0     -910.1     2912.4   2392.4   2135.5   3951.3 2023  2 19 21 46 38.960  1.5   1
     4138  26.896816  102.940568     7.989      228.1    -5891.3     1853.1   1539.0   1448.5   2295.7 2023  2 19 23 16 43.660  3.3   1
     4144  27.072471  102.992057     7.401     5338.1    13571.7     1264.7   2159.3   2529.5   4503.4 2023  2 20  1 49 31.540  3.9   1
     4145  27.200765  102.960327     3.898     2187.4    27787.0    -2238.7   2211.3   1691.4   2763.5 2023  2 20  2 42 49.690  2.0   1
     4146  27.225513  102.918270     1.332    -1983.7    30529.1    -4804.2   2978.6   3024.1   3771.6 2023  2 20  2 52 21.410  3.0   1
     4147  27.147986  102.972705     7.679     3416.0    21939.0     1542.1   3656.3   2205.7   3626.7 2023  2 20  3 17 29.960  2.6   1
     4149  27.490957  102.623039    55.598   -31227.5    59941.0    49461.5   7138.1   4448.6  13947.9 2023  2 20  4 45 38.990  3.2   1
     4150  27.147972  102.970158     2.312     3163.1    21937.3    -3824.0   3937.5   1908.8   5316.4 2023  2 20  5  7 42.400  3.0   1
     4151  26.946000  102.977873     0.174     3932.2     -441.7    -5962.0   3384.5   2299.2   4779.6 2023  2 20  6 12 47.590  3.6   1
     4154  26.725981  102.991374    18.207     5277.9   -24820.3    12070.5   2311.2   2903.9   1876.7 2023  2 20  7 13 59.890  3.2   1
     4156  27.077299  102.579232    33.027   -35632.2    14106.7    26891.1   2963.7   4076.3   7967.2 2023  2 20  9  5 16.860  3.3   1
     4162  26.934123  103.076636    12.333    13740.0    -1757.7     6197.1   2375.6   4380.9   6966.1 2023  2 20 11 14 14.280  2.6   1
     4167  26.998248  102.925480    12.946    -1270.3     5347.6     6809.8   2342.4   1709.6   1487.2 2023  2 20 15 17 25.900  3.1   1
     4169  27.108101  102.737183     4.648   -19954.1    17519.6    -1488.4   5038.4   2670.2   7150.0 2023  2 20 17 23 58.680  2.8   1
     4173  27.151648  103.001107     9.194     6233.9    22344.8     3059.0   3193.5   2334.7   2997.5 2023  2 20 20 14 38.560  2.1   1
     4175  26.976978  103.328426    18.685    38737.0     2990.7    12548.9   2469.2   2541.0   3966.3 2023  2 20 21 40 46.400  3.5   1
     4176  27.179476  102.826449     6.016   -11092.7    25428.2     -120.2   2160.8   2731.3   4861.8 2023  2 20 23 10 21.480  2.7   1
     4177  27.212679  103.015120    34.104     7621.8    29107.1    27967.8   3902.5   4070.2   3542.9 2023  2 21  0 49 27.000  2.6   1
     4178  26.785447  102.975252     0.682     3674.5   -18231.3    -5454.6   2260.7   1648.9   4047.4 2023  2 21  1 48 24.390  2.5   1
     4179  27.313068  103.008740    15.302     6985.8    40230.5     9165.4   2514.0   2730.1   2463.5 2023  2 21  2 12 17.240  2.9   1
     4183  26.977588  102.960229    21.808     2180.0     3058.3    15671.5   2589.2   3235.6   1436.9 2023  2 21  5 15  0.580  3.1   1
     4187  27.168132  103.023999    10.022     8504.1    24171.2     3885.8   2511.4   1865.0   2573.6 2023  2 21  7 57 59.560  3.2   1
     4189  26.658250  103.022461    14.939     8370.8   -32325.1     8802.4   1798.9   1589.6   2078.0 2023  2 21  8 52  8.020  4.0   1
     4191  27.120986  102.866374    15.169    -7134.0    18947.3     9032.2   3704.7   2340.2   2298.8 2023  2 21 10 20 53.620  4.4   1
     4192  26.866034  103.114608    32.509    17516.2    -9302.1    26373.0   3670.1   2627.0   3519.8 2023  2 21 10 23 53.200  3.2   1
     4195  26.961770  102.845166     0.545    -9244.7     1305.8    -5591.2   3130.0   2371.6   3427.5 2023  2 21 11  3 39.180  2.4   1
     4197  26.925757  102.988062    24.671     4944.4    -2684.7    18534.5   3076.4   2752.2   1768.6 2023  2 21 12 14 27.270  3.6   1
     4200  26.483494  103.004883     2.857     6627.8   -51688.6    -3279.0   2476.8   1872.3   3778.6 2023  2 21 14 12  5.390  3.0   1
     4202  27.053243  103.135962    16.288    19621.7    11441.2    10152.0   1676.2   1771.8   2134.5 2023  2 21 14 40 45.690  3.3   1
     4204  26.798853  103.018595     8.021     7981.4   -16746.0     1884.9   2668.9   1716.8   3769.7 2023  2 21 15 16 32.970  4.1   1
     4205  27.011011  102.778581     3.072   -15853.2     6761.7    -3064.4   2384.3   2170.4   3743.0 2023  2 21 15 27 13.370  2.0   1
     4208  27.106360  102.867578    12.987    -7015.5    17326.7     6850.8   2171.6   1408.7   1972.1 2023  2 21 17 57 10.720  4.4   1
     4210  26.663464  102.847323     5.745    -9042.5   -31747.4     -391.4   2581.2   2315.0   3046.5 2023  2 21 18 21 46.280  1.5   1
     4211  27.090236  102.845272    13.504    -9229.0    15540.1     7367.9   3184.0   1706.5   3091.6 2023  2 21 18 55 10.460  2.6   1
     4212  26.674247  103.028125    15.249     8933.3   -30552.5     9112.2   2271.7   2033.3   1958.1 2023  2 21 19 38 22.040  2.8   1
     4213  27.037111  102.924910    21.586    -1326.3     9653.7    15450.0   5333.7   2461.8   8919.4 2023  2 21 19 39  8.040  2.5   1
     4214  27.407633  102.852734     0.693    -8477.0    50708.7    -5443.2   8443.8   2762.1   5286.1 2023  2 21 19 55 23.800  3.0   1
     4216  26.869090  102.884139     2.187    -5377.6    -8963.5    -3949.9   2149.2   1578.2   4272.3 2023  2 21 21 14 39.040  1.9   1
     4217  27.008909  102.858773    18.957    -7892.3     6529.0    12820.6   3831.8   3413.4   1915.2 2023  2 21 21 28  1.920  2.3   1
     4223  27.131242  102.783862     0.539   -15321.0    20083.6    -5597.7   1631.9   1424.2   3416.3 2023  2 21 23  9 21.220  3.4   1
     4224  26.911306  102.909969     6.613    -2810.6    -4285.8      476.5   2136.1   1656.0   1501.0 2023  2 21 23 18 40.080  4.2   1
     4226  27.123777  102.850692     7.592    -8690.3    19256.5     1455.8   1653.6   1151.8   2065.1 2023  2 21 23 53 52.720  4.6   1
     4230  26.929352  102.798340    10.153   -13896.8    -2286.4     4016.6   2129.8   1837.5   2800.2 2023  2 22  4 37  4.290  3.5   1
     4231  26.538623  103.015690    11.647     7701.0   -45580.2     5510.9   2370.5   4842.7   6984.6 2023  2 22  4 44 59.660  2.3   1
     4232  26.704260  102.953792     2.213     1542.8   -27227.0    -3923.4   2589.4   1994.1   4978.6 2023  2 22  4 54  5.420  2.7   1
     4234  27.154734  103.210620    28.842    27019.3    22686.8    22705.5   3085.3   2442.4   2852.5 2023  2 22  6 11 45.440  3.3   1
     4235  26.798218  102.787972     3.776   -14934.3   -16816.2    -2360.8   4053.9   2183.2   4200.9 2023  2 22  6 25 40.830  2.7   1
     4237  26.651312  102.992985    12.681     5439.7   -33093.8     6544.6   1901.6   1843.3   2487.7 2023  2 22  7 42  7.120  3.2   1
     4246  26.707015  102.938729     0.250       45.7   -26921.8    -5886.1   3120.1   2104.6   6913.7 2023  2 22 12 25 46.160  3.0   1
     4247  27.161251  102.940902     3.152      261.1    23408.6    -2984.1   3617.8   1642.0   4030.4 2023  2 22 12 26 33.170  2.1   1
     4248  27.244700  102.838778    20.986    -9866.6    32655.1    14849.4   3112.3   2465.4   2316.3 2023  2 22 13 15  7.400  2.7   1
     4249  27.224670  102.891187     1.436    -4669.7    30435.9    -4700.3   4471.5   1073.1   2991.7 2023  2 22 13 53 29.500  2.2   1
     4251  26.510315  102.973682     3.972     3522.7   -48716.6    -2163.9   3020.1   2054.0   5063.6 2023  2 22 14 13 33.930  2.9   1
     4252  26.882151  102.748690     8.432   -18830.8    -7516.4     2296.0   2205.3   1659.7   4327.7 2023  2 22 14 35 16.880  2.3   1
     4255  27.120823  102.868506    15.062    -6922.9    18929.3     8925.9   2581.1   1551.6   1945.6 2023  2 22 15 42 47.490  5.8   1
     4257  27.119267  102.844694     8.616    -9285.2    18756.7     2479.6   1593.0   1216.9   1746.8 2023  2 22 16 22 50.940  3.6   1
     4259  26.892765  102.839038    12.211    -9856.1    -6340.2     6074.3   2716.8   1880.5   8431.3 2023  2 22 17  4 13.900  1.1   1
     4263  27.076917  102.890999    12.198    -4691.4    14064.2     6061.8   2421.4   1500.1   2315.4 2023  2 22 18 40 57.800  2.5   1
     4265  27.200081  102.827344    11.514   -11003.4    27711.2     5377.9   1834.9   1288.4   1716.2 2023  2 22 19 25 30.120  3.7   1
     4266  26.835028  103.070516    40.952    13138.0   -12737.7    34815.7   2989.6   2594.7  12702.7 2023  2 22 19 36 56.340  2.9   1
     4267  26.881376  102.911125    13.634    -2696.7    -7602.2     7497.4   2387.7   1630.8   1974.0 2023  2 22 19 45 21.380  3.1   1
     4268  26.880892  102.916943    12.436    -2118.9    -7655.8     6299.3   1887.5   1441.2   1410.4 2023  2 22 19 47 48.020  2.6   1
     4270  26.920953  103.019816    32.534     8097.8    -3216.8    26397.4   2226.4   2499.3   1920.6 2023  2 22 20  1 15.380  3.3   1
     4273  27.241602  102.798153    10.802   -13896.2    32311.8     4665.6   2157.5   2378.8   3878.8 2023  2 22 23 31 42.920  3.7   1
     4275  27.154405  103.015299    10.903     7641.5    22650.2     4766.9   2817.1   1851.5   5468.4 2023  2 22 23 54 10.280  3.0   1
     4278  27.139842  102.778760    31.155   -15826.6    21036.4    25018.5   2650.7   1885.8  10985.4 2023  2 23  5 10 28.110  3.1   1
     4286  26.820150  102.790177    26.154   -14714.5   -14386.3    20017.9   3840.2   2347.8   8091.2 2023  2 23  9 55 34.130  2.6   1
     4287  26.819519  103.000317     6.208     6164.8   -14456.0       71.9   3424.1   2090.9   3102.8 2023  2 23 10  7 29.760  2.9   1
     4289  26.818736  102.938346    12.354        7.6   -14542.8     6217.7   3815.1   1843.0   2241.7 2023  2 23 11 33 42.170  3.2   1
     4290  27.118437  103.083195     3.682    14379.8    18664.7    -2454.8   2608.5   1721.3   4130.8 2023  2 23 13 12 20.870  3.3   1
     4293  26.619906  103.257552    14.053    31749.8   -36573.7     7916.8   3646.1   3904.0   3832.5 2023  2 23 14 31 31.300  3.0   1
     4295  27.199264  103.008594    18.577     6975.1    27620.6    12440.5   3430.1   3605.0   3567.5 2023  2 23 15 42  2.220  2.7   1
     4301  27.220329  102.816976    15.057   -12030.6    29954.7     8921.1   3249.8   3228.0   3147.3 2023  2 23 17 47 25.960  2.2   1
     4302  26.972410  102.785392     7.020   -15179.6     2484.6      884.0   2114.4   1613.8   5543.3 2023  2 23 18 57 43.640  2.1   1
     4305  26.991321  102.854801     7.213    -8287.2     4580.1     1076.6   2707.3   2316.0   4513.7 2023  2 23 20 53 17.400  1.4   1
     4306  27.223069  102.882056     4.673    -5575.3    30258.4    -1463.4   2067.5   1732.1   2588.4 2023  2 23 21 54 52.260  1.8   1
     4308  26.685958  102.850439     1.931    -8732.1   -29255.0    -4205.1   2786.0   4254.1   4572.0 2023  2 23 23  4 16.160  1.7   1
     4310  26.789823  102.959920    11.329     2151.1   -17746.3     5192.6   1556.9   1329.5   1493.7 2023  2 24  1 32 18.140  3.5   1
     4311  27.220608  102.778044     5.202   -15892.0    29985.7     -933.9   1525.6   1802.9   2829.4 2023  2 24  1 42  1.350  3.7   1
     4313  26.821169  103.104150    27.134    16480.4   -14273.3    20997.3   4010.1   2928.0   2204.2 2023  2 24  3  8  4.130  3.2   1
     4315  26.962893  102.892212     8.657    -4573.3     1430.1     2520.5   2591.5   1941.5   1433.5 2023  2 24  5 13 31.620  3.6   1
     4318  27.040991  102.968693     1.944     3019.8    10083.7    -4192.6   4599.4   2757.8   4112.3 2023  2 24  8 58 11.880  1.9   1
     4319  27.151021  102.848901     4.865    -8866.6    22275.3    -1271.2   4805.7   4136.0   6782.1 2023  2 24  9 52 30.710  2.7   1
     4322  26.565617  103.088493     6.714    14941.4   -42589.0      577.3   3414.8   3155.6   3734.3 2023  2 24 12 38 47.950  3.1   1
     4323  27.069297  102.813175    14.542   -12415.7    13220.0     8405.7   2782.1   1453.4   1814.5 2023  2 24 13 14 46.580  2.9   1
     4331  27.051971  103.114746    14.054    17515.5    11300.3     7918.1   1487.6   1663.7   2363.0 2023  2 24 19 32 57.420  3.3   1
     4332  27.120658  103.083895    16.718    14449.3    18910.9    10582.0   2774.0   1925.5   2481.2 2023  2 24 20  1 25.400  2.9   1
     4335  27.153286  102.761043     4.843   -17582.9    22526.1    -1293.3   3672.0   2052.9   6252.5 2023  2 24 21 51 35.000  2.3   1
     4336  26.894840  102.953263     9.444     1489.0    -6110.2     3307.7   2047.3   1710.4   1655.3 2023  2 24 22 37 37.160  2.0   1
     4339  26.992303  102.824821    16.642   -11263.9     4688.8    10505.7   2051.0   1272.4   1453.1 2023  2 25  1 57 37.880  4.1   1
     4344  27.318886  102.941195    18.319      289.4    40875.2    12182.2   2727.5   2197.2   1769.2 2023  2 25  4 13 57.120  2.1   1
     4345  26.733630  103.023291     2.127     8450.4   -23972.7    -4009.9   3448.1   3671.4   6234.7 2023  2 25  4 18  4.660  2.6   1
     4348  27.141079  102.895793    24.631    -4215.0    21173.7    18494.7   3519.2   2278.4   2213.0 2023  2 25  5 38 58.420  4.1   1
     4349  27.208744  102.801978    10.403   -13518.8    28671.2     4266.4   1548.7   1303.6   1654.6 2023  2 25  5 47 20.360  3.6   1
     4351  27.056364  103.230127     8.267    28967.4    11787.1     2130.8   3228.9   2279.6   4421.5 2023  2 25  6 45 36.550  3.1   1
     4352  27.181348  102.818376     5.491   -11893.8    25635.6     -645.0   1611.2   1690.4   2561.5 2023  2 25  8  7 55.330  2.9   1
     4354  27.173669  102.813013     6.170   -12426.4    24784.7       34.1   1698.2   1538.8   2697.4 2023  2 25  8 59 17.600  2.5   1
     4356  26.907998  102.734188    12.672   -20268.9    -4652.3     6535.3   2746.7   1602.6   1943.1 2023  2 25  9 41 42.090  3.5   1
     4358  27.112130  103.021313     6.530     8239.6    17966.0      394.0   3433.6   1125.4   3594.0 2023  2 25  9 56  6.430  3.1   1
     4359  26.917438  102.912980     7.394    -2511.8    -3606.5     1257.6   2579.4   1912.1   3033.2 2023  2 25 10  3 21.110  2.7   1
     4360  27.017059  102.841357    16.781    -9620.9     7431.9    10644.7   3164.5   1273.5   1974.9 2023  2 25 10 16  9.730  3.5   1
     4361  27.194257  102.810848     1.992   -12639.8    27065.9    -4144.9   1677.5   1570.4   3054.1 2023  2 25 10 54 17.720  3.3   1
     4362  26.677671  102.851676     1.618    -8609.0   -30173.1    -4518.2   4294.2   2268.1   4390.9 2023  2 25 11  2 21.690  2.8   1
     4364  27.351693  103.081820     5.227    14228.7    44510.2     -909.6   3882.2   3804.7   4492.3 2023  2 25 11 30  4.280  3.5   1
     4367  27.219716  102.802726    13.604   -13443.7    29886.8     7467.2   1992.0   1513.3   1485.9 2023  2 25 12  5 31.040  3.5   1
     4368  27.198338  102.852970    10.622    -8461.5    27518.0     4486.0   1830.2   1372.5   1701.4 2023  2 25 12 17 17.830  2.5   1
     4373  27.219177  102.768612     1.559   -16827.6    29827.0    -4577.5   1590.4   1749.7   2474.2 2023  2 25 12 59 18.390  3.1   1
     4374  27.215643  102.789705     8.846   -14735.3    29435.6     2709.6   1780.5   1698.7   1852.7 2023  2 25 13  4  1.670  3.5   1
     4377  27.330495  102.892920     9.585    -4496.4    42161.3     3448.3   2974.9   3316.6   2620.2 2023  2 25 13 28  9.650  3.1   1
     4378  26.986698  102.848071    10.002    -8955.9     4067.9     3865.4   2110.2   1937.9   1699.5 2023  2 25 14 21 14.710  2.5   1
     4379  26.783848  103.081201    29.969    14202.6   -18408.5    23832.3   3010.2   2979.5   2506.2 2023  2 25 14 34  6.980  3.2   1
     4380  27.252612  102.745776    11.897   -19089.5    33531.8     5760.9   2087.9   2999.7   5402.9 2023  2 25 14 53 53.120  3.1   1
     4381  27.102035  103.153955    33.688    21402.8    16847.3    27551.7   2472.4   2616.7   2149.9 2023  2 25 15 37  7.300  3.1   1
     4382  27.208838  102.746037     0.443   -19066.8    28681.4    -5693.4   1738.1   2255.0   3658.5 2023  2 25 16  4 24.350  2.5   1
     4383  27.129747  102.891414     5.212    -4649.1    19917.9     -924.6   2079.4   1382.1   3155.1 2023  2 25 16 42 41.760  3.2   1
     4386  26.854018  102.948446    10.431     1010.6   -10633.6     4294.3   1962.6   1289.0   1365.4 2023  2 25 17 28  3.480  3.4   1
     4391  27.038812  103.049707    24.451    11061.0     9842.3    18314.8   2491.4   2233.4   1829.6 2023  2 25 19 22 24.720  2.1   1
     4393  26.946962  102.914388    18.440    -2371.8     -335.1    12303.6   3872.8   2088.9   2040.6 2023  2 25 19 37 55.280  3.0   1
     4396  27.214610  102.810547    10.126   -12668.6    29321.0     3989.6   1724.8   1474.7   1399.4 2023  2 25 20  8 33.840  2.4   1
     4400  27.285940  103.121615     6.298    18179.1    37224.5      161.1   3286.0   3374.2   4182.9 2023  2 25 21 13 44.880  1.6   1
     4401  27.199843  102.847347    11.683    -9018.9    27684.9     5546.2   2065.8   1580.4   1649.4 2023  2 25 21 21 32.000  2.2   1
     4404  27.036591  102.689242    15.290   -24719.3     9596.1     9153.6   6988.6   3385.2   8363.6 2023  2 25 22 19 11.520  1.3   1
     4405  26.939537  102.897144     5.136    -4084.1    -1157.7    -1000.5   4757.6   1974.8   5687.5 2023  2 25 22 32 41.280  1.0   1
     4407  27.125047  102.867456     4.249    -7026.7    19397.3    -1887.6   3825.9   1412.1   8237.4 2023  2 25 22 59 12.640  2.4   1
     4408  27.178084  102.905363     4.202    -3264.7    25274.0    -1934.0   3767.5   2973.2   4444.5 2023  2 26  0  5 32.000  3.1   1
     4410  27.304844  102.762785     0.373   -17398.6    39319.3    -5762.9   2532.1   3681.5   5062.1 2023  2 26  1 36 18.850  4.7   1
     4412  27.396810  102.793457     4.805   -14352.0    49509.3    -1331.5   4296.9   3065.5   4685.2 2023  2 26  2 11 15.200  3.6   1
     4415  27.193209  102.877197    13.255    -6057.9    26949.7     7118.6   2415.7   1786.3   1921.6 2023  2 26  2 40 13.080  5.0   1
     4416  27.208854  102.804565     2.012   -13261.8    28683.2    -4124.8   2121.6   1501.6   2474.8 2023  2 26  2 43 41.150  3.3   1
     4419  27.208484  102.803589    11.021   -13359.1    28642.2     4885.0   1614.3   1238.1   1567.5 2023  2 26  2 50 36.150  4.6   1
     4420  27.216909  102.786393     6.190   -15064.1    29575.7       53.8   1540.7   1645.7   3264.0 2023  2 26  2 54 33.970  3.8   1
     4422  27.219334  102.777441    14.138   -15951.2    29844.6     8001.6   2769.2   1722.4   4181.7 2023  2 26  3 56 46.530  4.0   1
     4423  27.204751  102.780062     0.685   -15692.9    28228.5    -5451.6   2296.4   1396.7   2520.2 2023  2 26  4 37 30.730  3.2   1
     4424  27.206738  102.802734     2.521   -13443.9    28448.9    -3615.7   1950.0   2416.8   4054.9 2023  2 26  4 50 46.050  3.4   1
     4428  27.278864  103.044043    29.252    10487.4    36440.6    23115.5   3560.2   3465.2   2106.7 2023  2 26  7 50 13.860  3.4   1
     4434  26.768911  102.824626     1.878   -11293.7   -20063.6    -4258.2   3933.0   1760.6   2799.3 2023  2 26 10  9 12.080  2.0   1
     4435  27.156647  102.879565    10.845    -5824.5    22898.5     4708.5   2194.8   1547.6   1755.0 2023  2 26 10 19 17.390  2.7   1
     4439  27.005674  102.826709    20.873   -11075.8     6170.5    14736.7   2732.8   1848.8   1416.9 2023  2 26 13 38 56.280  3.7   1
     4440  26.994722  102.864591    21.486    -7315.3     4956.8    15350.0   3208.1   1801.7   1652.0 2023  2 26 14 17  6.460  3.4   1
     4441  27.142220  102.859489     3.156    -7816.2    21300.1    -2980.8   2742.9   1776.0   3954.1 2023  2 26 15 13 45.070  1.2   1
     4443  27.347754  102.809204    14.694   -12793.9    44073.8     8557.6   4016.8   3624.4   3030.5 2023  2 26 15 56 27.190  3.0   1
     4444  26.495321  102.605941    20.884   -33066.1   -50378.1    14747.7   6527.6   4809.2   5190.2 2023  2 26 15 56 28.780  2.3   1
     4445  26.847361  102.962590     7.522     2415.7   -11371.1     1385.2   1613.7   1274.6   1395.4 2023  2 26 16 17  1.720  2.8   1
     4452  26.900928  102.865771    20.020    -7200.8    -5435.8    13883.7   3663.7   2789.7   2380.6 2023  2 26 19 40 28.800  2.6   1
     4454  26.757284  103.023975    15.438     8517.0   -21352.0     9301.1   2113.2   1798.8   2031.9 2023  2 26 20 30 55.940  3.3   1
     4457  27.067786  102.837606     8.283    -9990.8    13052.6     2147.0   2230.0   1615.2   2422.8 2023  2 26 22 17 28.660  2.7   1
     4458  27.363497  102.964787    20.161     2627.9    45818.2    14025.1   3105.9   2313.4   2419.1 2023  2 26 22 36 57.360  2.0   1
     4459  27.061167  102.706527     4.649   -23000.7    12319.3    -1487.7   2509.3   2140.7   4318.5 2023  2 26 22 59 33.880  3.3   1
     4462  27.080593  102.967204     8.248     2871.1    14471.7     2111.6   1810.3   2113.6   4684.5 2023  2 27  0  0 16.530  3.1   1
     4463  27.102968  103.027759     4.574     8879.6    16950.9    -1562.0   2889.6   1672.2   3523.2 2023  2 27  0 17 42.440  3.7   1
     4464  26.916579  102.919613     7.440    -1853.4    -3701.6     1303.9   2170.3   1634.3   2234.0 2023  2 27  1 33 45.570  4.1   1
     4466  27.048798  103.128337    13.775    18864.5    10948.7     7638.1   1834.3   1972.5   4547.0 2023  2 27  3 17 32.080  3.9   1
     4468  27.035339  102.938281     5.441        0.6     9457.3     -695.0   5959.7   3319.1   6880.2 2023  2 27  3 28 24.550  3.1   1
     4470  27.079816  102.775578    12.843   -16146.5    14385.5     6707.1   2961.2   1575.0   2675.8 2023  2 27  5 49 27.430  4.4   1
     4471  26.872656  102.960409    15.586     2198.8    -8568.4     9449.2   2114.1   1308.0   1862.8 2023  2 27  5 56 53.330  3.4   1
     4473  27.201658  102.783521     0.548   -15349.4    27886.1    -5588.5   1758.4   1585.0   2882.3 2023  2 27  6 25 29.520  3.9   1
     4474  27.198794  103.093009    11.993    15348.6    27568.6     5857.0   1858.2   2044.4   2127.9 2023  2 27  8  5 57.340  3.1   1
     4476  27.001556  102.781730    32.059   -15540.8     5714.2    25922.7   1747.7   2171.2   8096.1 2023  2 27 10 16 56.540  3.3   1
     4478  27.132074  102.842440    11.340    -9508.9    20175.8     5203.9   1951.0   1555.7   1915.2 2023  2 27 11 59 33.760  4.3   1
     4479  27.204576  103.060433     2.555    12116.8    28209.1    -3581.6   2494.1   1889.1   2524.7 2023  2 27 12 17 45.280  2.8   1
     4481  27.197978  102.870728     0.183    -6699.6    27478.1    -5953.2   1707.9   3558.2   6150.4 2023  2 27 14 45 25.360  2.1   1
     4482  26.704728  103.172404    21.703    23274.0   -27175.2    15566.9   2778.4   3443.9   4434.9 2023  2 27 15 12 18.750  3.1   1
     4484  26.766097  102.805664     0.908   -13178.3   -20375.3    -5228.3   3549.6   3109.4   4416.9 2023  2 27 17 23 47.480  1.7   1
     4485  26.921897  102.811507     4.435   -12589.4    -3112.3    -1701.3   3398.2   3356.0   6108.7 2023  2 27 17 29 29.200  2.3   1
     4487  27.086971  102.915983     6.401    -2212.4    15178.2      264.5   2844.1   1396.5   2577.1 2023  2 27 18 32  4.260  2.6   1
     4489  27.105096  103.113550     4.827    17393.3    17186.6    -1309.7   2466.5   2079.5   4304.4 2023  2 27 18 45  9.760  2.5   1
     4491  26.824259  102.973608     9.806     3510.8   -13930.8     3669.5   1404.2   1242.9   1495.0 2023  2 27 20 25 38.820  3.6   1
     4496  27.347160  103.155973    24.390    21579.7    44008.0    18253.2   3349.1   3761.7   5718.6 2023  2 27 22 55 17.340  2.7   1
     4498  27.311922  103.143042    22.356    20300.5    40103.6    16219.1   4486.7   2538.3   2540.3 2023  2 28  0  6  9.500  3.7   1
     4499  26.758313  102.805599    11.153   -13185.3   -21237.8     5017.1   1833.5   2038.7   2330.0 2023  2 28  0 32 32.570  2.5   1
     4500  26.899068  102.923926    23.773    -1425.2    -5641.9    17637.1   5002.2   4849.7   1996.7 2023  2 28  2  6  5.530  3.4   1
     4503  26.973517  102.669336    29.376   -26702.7     2607.2    23239.4   3477.6   3065.6   2628.9 2023  2 28  8 28 16.160  2.8   1
     4507  26.801353  103.066284    13.602    12719.8   -16469.0     7465.8   1688.5   1926.2   2162.3 2023  2 28  9 28 21.510  3.8   1
     4509  26.986401  103.153743     0.227    21392.3     4034.9    -5909.7   3258.3   2723.5   4563.8 2023  2 28 10 34  5.360  2.9   1
     4510  26.795215  102.952051    12.924     1368.8   -17149.1     6787.3   1215.0   1329.7   1305.7 2023  2 28 10 34 50.940  3.1   1
     4512  26.824003  103.103092    28.529    16375.5   -13959.2    22392.5   4084.1   2388.9   7452.8 2023  2 28 12 43 13.070  1.6   1
     4513  27.037960  103.029639     6.033     9069.4     9747.8     -103.1   4494.8   2446.1   4130.6 2023  2 28 13 13 40.180  2.6   1
     4514  27.245959  103.086304    22.041    14680.3    32794.6    15904.8   1798.1   2440.9   2137.5 2023  2 28 14 38 49.290  2.8   1
     4516  26.942871  102.861149    14.499    -7658.3     -788.3     8362.9   2909.0   2166.7   2614.3 2023  2 28 15  1  0.140  4.4   1
     4517  26.874927  102.938770    15.596       49.6    -8316.6     9459.2   2511.1   1692.3   1686.1 2023  2 28 15 11  5.610  3.4   1
     4518  27.004407  103.134155    45.783    19446.2     6030.1    39646.4   2002.2   2792.5  12525.3 2023  2 28 15 21 59.850  3.0   1
     4520  27.278979  103.145801    19.571    20577.7    36453.5    13434.3   4045.9   3827.4   3686.4 2023  2 28 16  5 29.290  4.2   1
     4521  26.691294  102.779533    17.130   -15781.0   -28663.8    10993.5   2256.9   3063.9   2681.9 2023  2 28 17 14 59.920  3.2   1
     4524  27.026206  102.695630    11.809   -24086.3     8445.4     5672.7   2617.7   3331.9   5463.1 2023  2 28 18 13 14.180  2.0   1
     4526  26.735236  102.985213     9.663     4665.8   -23794.8     3526.2   2546.3   2156.9   1855.9 2023  2 28 18 42 34.080  2.2   1
     4527  27.003330  102.849072    13.732    -8855.7     5910.7     7595.6   3191.2   1739.0   2218.1 2023  2 28 19 36 48.200  2.4   1
     4528  26.944275  102.580786    31.106   -35499.0     -632.8    24969.2   3751.6   4920.0   8013.2 2023  2 28 20 31 54.400  2.8   1
     4529  26.857574  102.917415    11.286    -2072.1   -10239.4     5149.1   2446.3   1733.1   1543.2 2023  2 28 21 24  5.320  3.2   1
     4530  26.613556  103.008374    11.291     6971.2   -37277.4     5154.4   2052.3   1918.0   2580.9 2023  2 28 21 42 45.880  3.9   1
     4532  27.032292  103.071305    25.075    13204.9     9119.8    18938.6   2655.4   2151.3   8079.6 2023  2 28 22 44 21.540  2.5   1
     4540  26.917004  102.770337     6.184   -16678.4    -3654.4       47.9   2278.9   1896.6   5022.9 2023  3  1  5 57 41.830  3.5   1
     4541  26.873997  102.901807     7.287    -3622.3    -8419.7     1151.1   2820.8   1844.5   2329.7 2023  3  1  8 20 19.090  2.2   1
     4544  27.068420  102.744694    25.622   -19212.2    13122.8    19486.1   2755.1   3187.6   1857.0 2023  3  1 10 14  7.510  3.8   1
     4545  26.860093  103.047249    62.243    10825.3    -9960.3    56106.7   2575.7   2561.8  11997.8 2023  3  1 10 38 30.990  3.9   1
     4546  26.836513  103.025749     8.975     8690.6   -12573.1     2838.7   1797.4   1642.5   2095.0 2023  3  1 11 12 25.550  4.0   1
     4548  26.800106  102.969214     5.113     3074.5   -16607.1    -1023.2   2619.4   1537.5   3068.3 2023  3  1 11 24 51.410  3.0   1
     4549  26.839775  102.967057     2.354     2859.9   -12211.6    -3782.6   1961.2   1384.4   2506.5 2023  3  1 11 36  8.330  4.1   1
     4550  26.919041  102.920076    19.124    -1807.2    -3428.7    12987.4   3231.1   2133.4   1697.4 2023  3  1 11 42 30.150  3.5   1
     4551  26.861735  102.940112    11.266      182.8    -9778.3     5129.2   1504.1   1236.7   1109.4 2023  3  1 11 57 26.400  3.6   1
     4556  27.111438  102.929769     7.897     -844.1    17889.3     1760.6   2638.2   1470.3   2307.0 2023  3  1 14  5 42.690  2.5   1
     4559  26.953359  102.832544    11.932   -10498.5      373.9     5795.8   3625.8   2452.7   2549.3 2023  3  1 16 14 10.010  3.4   1
     4560  26.839217  102.965625     6.036     2717.7   -12273.5     -100.8   1410.2   1037.5   1645.9 2023  3  1 16 21 48.300  2.7   1
     4563  27.208655  102.789258     6.535   -14780.1    28661.3      398.5   1626.9   1544.1   1837.8 2023  3  1 18 54 27.200  3.0   1
     4565  26.849215  102.959416    13.012     2100.7   -11165.8     6875.4   1563.9   1195.3   1339.7 2023  3  1 21 29 18.360  3.0   1
     4566  27.402415  103.014079     2.398     7512.7    50130.4    -3737.9   4146.0   1981.9   3314.1 2023  3  1 23 24  1.700  2.8   1
     4568  26.935520  102.812939     8.709   -12446.3    -1602.9     2572.7   1599.5   1841.3   2480.6 2023  3  2  0 30 50.080  2.5   1
     4570  27.103497  102.953841    12.195     1544.5    17009.6     6058.4   3054.8   1896.4   2499.3 2023  3  2  3 15 16.200  2.6   1
     4573  26.550586  102.956681    12.534     1830.9   -44254.5     6398.0   3936.5   2813.1   2245.9 2023  3  2  5 11 40.330  3.3   1
     4574  26.840934  102.865584    48.767    -7221.2   -12083.2    42630.9   2045.6   2197.1  19110.7 2023  3  2  5 28 25.260  2.8   1
     4576  27.137484  102.868197    11.611    -6953.1    20775.2     5474.6   2478.6   1363.3   1692.5 2023  3  2  9 48 34.580  4.2   1
     4577  26.963588  102.905884    15.231    -3216.3     1507.3     9094.4   3921.1   2759.0   6530.5 2023  3  2 11  3 18.300  2.0   1
     4578  27.123106  102.912410     7.252    -2565.9    19182.1     1116.0   2348.3   1477.2   2673.3 2023  3  2 11 31 42.640  3.7   1
     4579  27.004110  102.793018     5.574   -14420.5     5997.1     -562.9   1605.4   1942.1   2076.9 2023  3  2 11 35 43.970  2.1   1
     4580  27.131252  102.829102     5.042   -10832.2    20084.8    -1094.3   1751.8   1281.9   2933.1 2023  3  2 12  8 46.380  3.7   1
     4588  26.911859  102.805745     4.289   -13162.4    -4224.4    -1847.2   2048.0   1980.1   3948.7 2023  3  2 15 53 24.000  2.5   1
     4589  27.108718  102.944816    13.878      649.6    17588.0     7741.3   3141.7   1928.9   1589.9 2023  3  2 16 21 30.880  3.1   1
     4591  27.011269  102.796330     4.383   -14091.3     6790.3    -1753.4   1771.5   1522.7   2206.2 2023  3  2 16 50 48.560  4.2   1
     4592  26.962545  102.803996     9.930   -13332.9     1391.7     3793.3   1731.3   2042.0   1629.6 2023  3  2 16 54 11.820  2.8   1
     4595  26.837699  103.004036     7.629     6533.5   -12441.6     1492.7   1867.8   1279.8   1993.0 2023  3  2 22 11 55.000  3.5   1
     4596  26.858834  102.960181    13.792     2176.4   -10099.9     7655.6   1954.6   1415.5   1160.5 2023  3  2 22 25 24.180  5.2   1
     4597  26.855699  103.024756     7.000     8591.1   -10447.4      863.6   1472.6   1651.0   2900.4 2023  3  2 22 32 59.520  2.6   1
     4599  26.846936  102.974878     7.134     3636.5   -11418.1      999.1   1445.4   1279.0   1585.6 2023  3  2 22 48 55.160  3.7   1
     4601  26.837563  102.925016    13.517    -1317.1   -12456.7     7381.1   1779.2   1428.3   1561.2 2023  3  3  1 24  8.360  3.3   1
     4606  27.109882  102.903768     2.167    -3424.1    17716.9    -3969.0   3153.2   1352.9   4196.3 2023  3  3  9 40 10.640  2.6   1
     4607  26.744143  102.969474    19.323     3101.1   -22807.9    13186.7   1926.9   1426.0   1430.3 2023  3  3 10 45 13.520  4.7   1
     4609  27.011115  102.711629     2.216   -22499.5     6773.3    -3920.2   1848.5   1803.4   5185.5 2023  3  3 13 11 22.570  2.9   1
     4611  26.799341  102.984155    13.899     4559.1   -16691.9     7762.5   1735.4   1428.3   1344.3 2023  3  3 13 47 48.060  3.9   1
     4612  26.832835  102.884717     9.409    -5320.8   -12980.5     3272.2   2471.4   1713.0   2516.4 2023  3  3 13 55 34.260  2.8   1
     4613  27.116616  102.910099    16.745    -2795.9    18463.0    10608.6   3688.8   1718.8   7518.1 2023  3  3 17 13  3.560  2.5   1
     4615  26.831203  102.959880    11.828     2146.9   -13161.4     5691.5   2280.1   1611.2   1903.6 2023  3  3 18 35 13.960  2.7   1
     4616  26.961737  102.815511    10.832   -12189.8     1302.0     4695.5   1719.5   1823.1   1692.4 2023  3  3 20 48  9.960  3.9   1
     4618  27.127165  102.798853     0.774   -13833.2    19631.9    -5362.1   1729.0   1570.5   3251.0 2023  3  4  3  1  2.620  3.2   1
     4619  27.208016  103.189681     7.545    24936.1    28590.5     1408.6   2117.8   3579.6   5578.7 2023  3  4  4  4 53.870  3.5   1
     4620  26.959216  102.998381     6.929     5968.5     1022.7      792.3   1885.8   2546.7   2732.8 2023  3  4  4  7 31.650  3.8   1
     4621  27.205042  103.078215     4.994    13880.4    28260.8    -1142.6   2025.5   3754.3   6408.5 2023  3  4  6  8 18.030  1.7   1
     4622  27.084705  103.321720     8.904    38053.5    14927.1     2767.3   2278.8   2736.1   5090.1 2023  3  4  8 55 28.650  5.2   1
     4623  27.117519  102.901506     6.725    -3648.0    18563.2      588.6   2064.1   1170.6   1974.5 2023  3  4  9  6 12.980  4.5   1
     4625  27.061013  102.985693    13.168     4706.6    12302.1     7031.8   3243.7   2455.4   5676.3 2023  3  4 10 54  7.440  2.3   1
     4626  27.307454  103.058040    10.612    11874.0    39608.6     4475.3   2044.4   2225.3   2461.2 2023  3  4 12 14 34.720  3.4   1
     4627  26.891982  102.995264     7.084     5660.6    -6427.0      947.7   1559.4   2412.7   5921.7 2023  3  4 12 54 28.140  3.2   1
     4628  27.136558  103.080656    10.423    14126.7    20672.7     4286.6   1545.2   1542.2   2838.7 2023  3  4 13 16 47.910  3.6   1
     4629  26.862382  102.908984     7.962    -2909.4    -9706.7     1825.7   3508.7   2303.2   2593.5 2023  3  4 14 18 51.790  2.9   1
     4631  27.198112  102.829427     9.970   -10796.5    27493.1     3834.0   1566.0   1821.7   1361.6 2023  3  4 16  3 21.110  3.2   1
     4634  27.209035  102.772339     2.353   -16458.6    28703.4    -3783.0   1445.2   1538.1   2882.2 2023  3  4 16 45 19.380  4.8   1
     4636  26.773910  103.114355    22.748    17498.6   -19509.7    16612.0   3196.1   2172.2   6574.0 2023  3  4 17  5  2.020  4.0   1
     4638  27.235758  102.948682     4.939     1032.1    31664.3    -1197.2   2326.0   3687.7   3111.9 2023  3  4 17 43 19.120  1.4   1
     4639  26.420365  103.020296    23.454     8163.8   -58683.4    17317.4   2921.2   3375.2   3047.5 2023  3  4 18  2  4.160  3.4   1
     4641  27.191701  102.844019     9.205    -9349.2    26782.7     3069.0   1764.3   1370.3   1891.4 2023  3  4 20 26 14.320  3.4   1
     4644  27.139939  102.823730    13.386   -11364.2    21047.2     7249.3   2167.2   1329.4   1844.9 2023  3  4 21  6 18.080  3.0   1
     4645  27.213672  102.785872     4.164   -15116.0    29217.0    -1971.9   1654.8   1857.4   3576.4 2023  3  4 22 23 24.320  2.7   1
     4646  27.116193  102.860547     9.666    -7712.3    18416.1     3530.0   2517.9   1330.9   2436.5 2023  3  4 22 34 25.720  3.0   1
     4647  27.226436  102.790869    11.001   -14619.5    30631.5     4864.9   1410.0   1822.0   2528.6 2023  3  4 22 58 19.380  3.1   1
     4648  27.134157  102.793058     9.787   -14408.4    20406.6     3650.9   1983.1   1279.2   2292.2 2023  3  5  0  8  8.700  3.6   1
     4650  26.986397  102.828613     6.109   -10887.1     4034.4      -27.5   1979.9   1667.2   1813.1 2023  3  5  7  8 51.980  3.3   1
     4651  26.846387  102.963143     6.992     2470.4   -11479.1      855.8   1992.2   1616.9   2981.9 2023  3  5  8 40 14.220  2.9   1
     4654  26.989872  102.808374     3.993   -12896.4     4419.6    -2143.3   1961.0   2494.2   3671.7 2023  3  5 12 14 44.770  2.7   1
     4655  27.048777  103.149878    13.701    21003.3    10946.4     7564.3   1692.7   2147.8   4084.0 2023  3  5 13 24  1.700  3.3   1
     4656  27.049622  103.126457    11.643    18678.4    11039.8     5506.3   1636.0   1713.0   2923.7 2023  3  5 14  7  6.940  4.1   1
     4657  26.900372  102.855208    14.590    -8250.2    -5497.4     8453.6   2981.4   2679.0   6349.2 2023  3  5 15 29 57.310  2.8   1
     4659  26.856637  102.949422    10.740     1107.7   -10343.3     4603.5   1510.8   1198.8   1198.2 2023  3  5 15 55  1.790  3.5   1
     4660  26.917419  102.847803    11.412    -8985.1    -3608.5     5275.7   2658.3   2195.5   7953.9 2023  3  5 16 14 42.980  2.5   1
     4661  27.139451  102.800854    15.308   -13633.8    20993.2     9171.3   1988.9   1410.3   1697.7 2023  3  5 16 38 53.730  3.4   1
     4665  27.249701  103.076188    10.688    13677.0    33209.3     4551.3   2569.0   3312.5   3300.5 2023  3  5 20 44 39.120  2.7   1
     4666  27.340125  102.903133    12.820    -3483.2    43228.5     6683.8   2540.6   1718.4   1940.9 2023  3  5 23  8 42.920  2.9   1
     4667  27.106759  102.912191    11.907    -2588.3    17370.8     5770.7   2647.8   1657.2   1747.1 2023  3  5 23 13 41.600  4.2   1
     4668  27.132235  102.829028     7.376   -10838.9    20193.8     1239.8   2052.6   1379.3   3963.4 2023  3  5 23 36 50.360  3.5   1
     4669  27.048716  102.878231     3.343    -5959.7    10939.7    -2793.4   3397.5   1610.8   4331.7 2023  3  5 23 54 13.880  1.9   1
     4670  27.040243  102.766170     6.054   -17082.6    10000.6      -82.7   2130.1   2836.1   3516.8 2023  3  6  1  7 13.520  3.1   1
     4672  27.192576  102.839648     3.574    -9782.9    26879.6    -2562.5   1739.9   1474.7   2495.4 2023  3  6  3 17 19.800  3.0   1
     4673  26.861975  102.956087    12.344     1769.6    -9751.8     6208.0   1773.4   1343.1   1387.9 2023  3  6  3 24 59.860  3.1   1
     4674  27.016034  103.065031     2.577    12583.5     7318.3    -3559.5   1697.3   2278.7   3210.3 2023  3  6  4 35 56.530  2.9   1
     4675  27.127643  103.155428    26.573    21546.1    19684.8    20436.4   2365.3   2156.8   1871.3 2023  3  6  4 56 44.990  3.1   1
     4676  27.057874  103.029720    14.066     9076.1    11954.3     7929.3   3985.7   2493.1   2666.7 2023  3  6  5 42 56.100  3.3   1
     4677  27.148826  102.715535    19.866   -22097.9    22032.0    13729.9   2482.3   2823.3   5744.2 2023  3  6  5 56  1.180  2.3   1
     4679  26.918109  102.888932    20.335    -4900.5    -3532.0    14198.2   2860.3   2751.7   8403.4 2023  3  6  6 40  4.380  2.2   1
     4680  27.126463  102.841610    14.763    -9591.5    19554.2     8626.4   2462.8   1477.0   1673.5 2023  3  6  7 11 16.110  4.4   1
     4681  27.212620  102.859774     7.788    -7785.9    29100.5     1651.3   3025.1   2510.1   2245.8 2023  3  6  7 20 38.370  2.5   1
     4682  27.131757  102.856600     9.644    -8103.5    20140.7     3507.8   1758.9   1274.0   1821.7 2023  3  6  7 43  0.390  2.5   1
     4685  27.128284  102.846533     6.945    -9102.5    19755.8      808.4   1757.9   1152.0   2190.1 2023  3  6 11 41 37.020  4.0   1
     4686  27.130237  102.855583     9.141    -8204.7    19972.3     3005.1   2133.4   1339.7   2621.1 2023  3  6 14 35 50.270  3.5   1
     4687  26.521743  102.722298    19.105   -21486.1   -47450.5    12968.4   2908.6   2907.5   8270.1 2023  3  6 15 13 13.830  1.8   1
     4689  27.070081  102.874691     8.801    -6310.2    13306.8     2664.1   2734.4   1660.3   2204.1 2023  3  6 17  7 19.200  3.2   1
     4691  27.276803  103.068018    12.178    12864.7    36212.2     6041.2   2155.3   3284.5   2889.0 2023  3  6 18  3 29.740  2.9   1
     4694  27.133183  102.821265    12.618   -11609.8    20298.7     6482.0   1817.3   1293.9   2185.2 2023  3  6 19 11 33.340  5.4   1
     4696  26.905593  102.981112     8.807     4254.3    -4918.9     2670.6   1822.2   2260.0   5522.7 2023  3  6 20  7 20.980  3.0   1
     4698  26.508055  102.946200    30.501      788.9   -48967.0    24364.8   4674.6   2378.8   2431.2 2023  3  6 20 18 32.040  3.4   1
     4699  26.855699  102.946460    14.591      813.2   -10447.3     8455.0   2047.5   1311.4   1548.8 2023  3  6 20 48 46.520  6.1   1
     4700  27.205577  102.947445    24.214      910.0    28320.2    18077.3   5021.0   5616.5   2984.9 2023  3  6 20 52 48.120  3.1   1
     4701  26.865444  102.899064     8.039    -3895.0    -9367.4     1902.9   2886.7   1489.2   4191.6 2023  3  6 20 54 44.080  3.5   1
     4702  26.836015  102.983561     6.230     4499.3   -12628.3       94.0   1485.5   1220.5   1871.2 2023  3  6 21  4 33.560  2.8   1
     4703  26.997359  102.813395     4.651   -12397.7     5249.1    -1485.4   2096.1   1749.2   3156.7 2023  3  6 21 12 14.480  2.2   1
     4704  26.861818  102.894181     0.734    -4379.8    -9769.2    -5402.8   2498.9   1752.2   4470.9 2023  3  6 21 24 20.800  2.7   1
     4706  26.851969  102.912850     7.167    -2525.5   -10860.6     1030.5   3835.9   1614.2   4182.1 2023  3  6 21 45 18.720  2.7   1
     4709  26.845129  102.969092    11.697     3061.4   -11618.5     5560.8   2064.2   1649.7   1356.0 2023  3  6 21 58  3.300  3.2   1
     4710  26.858175  102.940706    10.078      241.7   -10172.8     3941.9   1644.5   1188.6   1355.3 2023  3  6 22 22 54.720  3.4   1
     4712  26.827773  102.990894     7.801     5228.1   -13541.5     1664.8   1767.6   1303.1   2806.2 2023  3  6 22 37  0.580  3.8   1
     4713  26.831325  102.986466    15.320     4788.3   -13147.8     9184.0   1686.2   1408.6   1615.0 2023  3  6 23 10 34.880  3.3   1
     4714  26.841321  102.966813     8.835     2835.7   -12040.3     2698.4   1560.7   1333.7   1503.7 2023  3  6 23 14 54.440  2.9   1
     4716  26.861886  102.954476    11.807     1609.3    -9761.6     5670.4   1597.0   1347.4   1300.0 2023  3  6 23 32 30.960  2.8   1
     4717  26.847327  102.926164    12.943    -1202.6   -11375.0     6806.3   2037.4   1444.4   1455.7 2023  3  6 23 33 54.700  4.2   1
     4718  26.838283  102.984993     7.301     4641.6   -12376.9     1164.9   1350.0   1217.9   1839.0 2023  3  6 23 47  1.200  2.9   1
     4719  26.857330  102.968245    13.756     2977.3   -10266.4     7619.7   2110.5   1510.8   1443.7 2023  3  6 23 51 24.000  3.8   1
     4720  26.850452  102.937435    15.081      -83.2   -11028.7     8944.8   3252.2   1728.8   1880.0 2023  3  7  0 14 25.750  3.6   1
     4721  26.858276  102.863566     6.271    -7421.7   -10161.6      134.8   1899.9   1498.1   4164.8 2023  3  7  0 22 44.000  3.0   1
     4722  26.832819  102.960343    20.306     2193.1   -12982.5    14169.8   2240.2   1427.7   3119.8 2023  3  7  0 35 45.550  4.6   1
     4724  26.828864  102.860954     9.360    -7681.8   -13420.7     3223.1   2268.8   1817.7   1889.1 2023  3  7  1 17 14.930  3.4   1
     4726  26.866746  102.873088     4.697    -6475.3    -9223.1    -1439.6   2086.6   1360.2   2954.6 2023  3  7  1 24 15.120  3.8   1
     4727  26.850887  102.968237    10.776     2976.9   -10980.5     4639.8   1399.6   1510.7   1197.6 2023  3  7  1 31 58.920  3.6   1
     4728  26.845292  102.954671    10.564     1629.4   -11600.4     4427.5   2053.3   1467.4   1931.7 2023  3  7  2 24 32.150  4.1   1
     4729  26.850938  102.957983     9.893     1957.9   -10974.7     3756.6   3058.4   1520.2   4815.8 2023  3  7  2 52 36.050  3.2   1
     4730  26.849420  102.940633     7.259      234.3   -11142.9     1123.0   1637.7   1099.0   1664.4 2023  3  7  3 21 32.720  3.4   1
     4731  26.844788  103.006982    13.912     6825.6   -11656.1     7775.3   1575.4   1622.8   2473.9 2023  3  7  3 41 30.630  4.1   1
     4732  26.831673  102.965576     8.623     2712.6   -13109.4     2486.8   1947.5   1380.3   4057.3 2023  3  7  4  7 50.350  3.1   1
     4733  27.151422  103.111556    10.932    17191.8    22319.7     4795.5   1690.3   1995.6   2460.0 2023  3  7  4 18 49.650  3.6   1
     4734  26.859922  102.929688     9.793     -853.1    -9979.2     3656.9   1622.2   1239.2   1373.7 2023  3  7  4 37  7.440  3.5   1
     4735  26.856089  102.994230    13.027     5559.0   -10404.1     6890.2   1912.3   1729.6   2225.4 2023  3  7  4 41  0.980  3.4   1
     4738  27.031427  102.781006    15.554   -15610.8     9023.9     9418.0   1657.4   1446.7   1526.5 2023  3  7  5 32 22.230  4.8   1
     4739  26.853365  102.975081    10.318     3656.8   -10705.9     4181.4   1761.7   1457.5   2079.2 2023  3  7  5 48 34.360  3.6   1
     4741  26.857290  102.960864    13.471     2243.8   -10271.1     7334.7   1524.8   1199.2   1106.4 2023  3  7  7  3 58.910  4.4   1
     4742  26.831085  102.986466    11.760     4788.0   -13174.5     5623.8   2584.4   1816.8   2060.0 2023  3  7  7 16 26.350  3.0   1
     4743  26.846362  102.961491    11.720     2306.4   -11481.7     5583.5   2210.4   1610.2   1762.1 2023  3  7  8  4 49.490  3.3   1
     4744  26.860124  102.932975    13.015     -526.1    -9956.9     6878.2   2018.4   1503.7   1434.2 2023  3  7  8 29 47.790  3.6   1
     4745  26.847406  102.952832     7.085     1446.2   -11366.1      948.4   1565.2   1146.9   1513.1 2023  3  7  9  0 10.610  3.3   1
     4746  27.094641  102.980249     3.866     4165.1    16028.2    -2270.4   2082.7   1788.5   3930.0 2023  3  7  9 21 49.230  3.0   1
     4748  26.697502  102.971712    27.094     3324.3   -27976.0    20957.5   2641.4   1986.8  13409.6 2023  3  7 12  0 41.130  2.9   1
     4749  26.825425  102.949788    11.802     1144.3   -13801.6     5665.6   1663.8   1207.4   1136.0 2023  3  7 12  5  7.430  3.1   1
     4753  26.846869  102.945768    13.707      745.0   -11425.5     7570.4   1829.1   1333.9   1378.5 2023  3  7 14  7 58.450  3.7   1
     4754  26.836656  102.949544     9.713     1119.5   -12557.4     3576.5   2050.0   1471.5   2036.8 2023  3  7 14 12 42.270  4.2   1
     4755  26.854386  102.946175    11.268      784.9   -10592.6     5132.0   2004.3   1453.7   1560.4 2023  3  7 14 38 37.150  4.4   1
     4756  26.847286  102.968026    13.420     2955.6   -11379.3     7283.7   1802.7   1488.6   1372.6 2023  3  7 14 40 28.990  5.1   1
     4757  26.829152  102.966626     3.785     2817.0   -13388.6    -2351.3   1808.6   1325.4   3078.9 2023  3  7 14 45 52.360  3.4   1
     4759  26.841943  102.972298    11.707     3380.4   -11971.4     5570.6   1899.2   1238.3   1330.0 2023  3  7 15 16 58.030  4.7   1
     4760  26.832967  102.966252     3.997     2779.4   -12965.9    -2139.4   1758.1   1571.6   3392.5 2023  3  7 15 19 57.140  3.6   1
     4762  26.981995  102.801408    21.515   -13589.1     3546.6    15380.1   2172.6   2041.0   1730.2 2023  3  7 18 49 41.400  3.9   1
     4764  26.855096  102.963159    11.637     2472.3   -10513.9     5500.3   2176.2   1435.5   1355.2 2023  3  7 19  1 47.760  3.4   1
     4765  26.856370  102.967660    10.595     2919.3   -10372.9     4458.6   1495.2   1204.4   1505.4 2023  3  7 19 34 57.800  3.5   1
     4766  26.954089  102.837069    15.137   -10049.5      454.7     9000.7   2390.5   1942.7   2489.7 2023  3  7 19 43 29.160  2.8   1
     4767  27.012720  102.746175    17.537   -19069.9     6951.1    11400.5   1858.6   2542.9   1800.8 2023  3  7 19 54 49.760  2.9   1
     4769  26.850360  102.964722    14.551     2627.6   -11038.7     8414.6   1979.2   1303.2   1622.6 2023  3  7 21 13 56.800  4.2   1
     4770  26.847955  102.987118    10.434     4852.4   -11305.1     4297.9   2068.8   1430.2   1455.8 2023  3  7 21 21 38.080  4.7   1
     4771  26.851044  102.970874     6.261     3238.7   -10963.0      124.9   1297.0   1327.3   1574.0 2023  3  7 21 31 15.840  3.3   1
     4773  26.856891  102.969710     7.905     3123.0   -10315.2     1769.1   1507.4   1325.4   1642.8 2023  3  7 21 37  4.420  3.1   1
     4774  26.850020  102.963867    15.418     2542.3   -11076.5     9282.0   1773.1   1161.3   1520.8 2023  3  7 21 44 29.740  4.6   1
     4775  26.856325  102.940243    10.372      195.3   -10377.8     4235.4   1355.3   1103.2   1119.3 2023  3  7 21 58 11.320  3.5   1
     4776  26.843701  102.930078     8.127     -814.2   -11776.6     1990.2   2132.3   1322.8   2421.3 2023  3  7 22 12 13.060  3.0   1
     4777  26.867149  102.940763    10.648      247.5    -9178.6     4511.3   1380.2   1239.0   1325.9 2023  3  7 22 18  8.440  2.5   1
     4778  26.860083  102.942782    10.080      447.5    -9961.4     3943.9   2608.1   1791.2   2453.9 2023  3  7 22 33 19.200  3.1   1
     4780  26.831797  102.973250     7.052     3475.2   -13095.5      915.4   1736.8   1512.8   5350.7 2023  3  7 22 43 48.740  3.1   1
     4782  26.924672  102.939714     9.344      142.8    -2804.8     3207.5   1769.5   1353.0   1285.0 2023  3  7 23 32 49.040  3.0   1
     4784  26.849715  102.984644    12.335     4606.8   -11110.3     6198.9   1560.9   1396.3   1221.2 2023  3  7 23 35 24.520  3.5   1
     4785  26.864471  102.945142    13.599      682.6    -9475.3     7462.7   1861.1   1469.0   1748.4 2023  3  8  0  0 27.340  3.2   1
     4786  27.133449  102.837760    14.545    -9972.7    20328.2     8409.0   2567.1   1799.1   2287.9 2023  3  8  0  7 29.320  3.2   1
     4787  26.864801  102.950814    17.441     1245.9    -9438.6    11304.3   2344.9   1668.4   1846.4 2023  3  8  0 24 23.150  3.5   1
     4788  26.860398  102.945044    16.003      672.4    -9926.6     9866.6   2225.2   1303.5   2403.0 2023  3  8  0 27 48.520  3.5   1
     4789  26.850267  102.909033    14.849    -2905.0   -11049.2     8712.5   2806.5   1929.7   1833.9 2023  3  8  0 57 17.160  4.1   1
     4790  26.824150  102.957723    12.458     1932.6   -13943.0     6322.0   2033.4   1412.2   5977.4 2023  3  8  1  6 50.680  2.6   1
     4791  26.846869  102.963045    12.818     2460.7   -11425.7     6681.7   1916.6   1321.0   1366.9 2023  3  8  3  2 53.700  3.9   1
     4792  26.833590  102.951782     7.204     1341.9   -12897.0     1067.6   1642.3   1367.7   4318.7 2023  3  8  3 38 24.440  3.5   1
     4793  26.850332  102.900936     9.760    -3709.2   -11041.9     3623.1   2778.8   1957.1   4675.1 2023  3  8  4  9 43.640  4.0   1
     4795  26.869668  102.940080    15.185      179.6    -8899.4     9048.4   4298.9   3132.2   2087.6 2023  3  8  4 54 27.230  3.8   1
     4796  26.849160  103.009684    11.326     7094.3   -11171.7     5189.1   1688.5   1553.8   1834.9 2023  3  8  4 57 33.230  3.8   1
     4797  26.843949  102.932707    10.151     -553.0   -11749.2     4014.6   2388.9   1582.0   1850.3 2023  3  8  5 35 57.320  3.5   1
     4798  26.719720  102.960970    62.249     2255.8   -25513.9    56113.0   2753.2   1651.6  12943.4 2023  3  8  6  1 13.280  3.0   1
     4800  26.862819  102.958008    13.126     1960.7    -9658.2     6989.1   2090.5   1423.6   1515.4 2023  3  8  8 34 31.720  2.9   1
     4801  26.832859  102.961043     4.714     2262.1   -12978.0    -1422.4   1839.9   1481.8   2494.5 2023  3  8  9 54 42.780  3.5   1
     4802  26.788470  102.991162     9.660     5255.3   -17896.4     3524.0   2425.3   1987.7   2486.7 2023  3  8 10 42  1.040  3.5   1
     4804  26.857764  102.960547    13.890     2212.4   -10218.5     7753.5   1677.6   1521.0   1266.7 2023  3  8 10 57 26.430  3.6   1
     4806  27.146021  102.523226    18.831   -41178.5    21721.3    12694.1  13389.8   1666.9   7255.4 2023  3  8 11  3 36.550  2.7   1
     4807  26.840240  102.981112    10.776     4255.5   -12160.0     4639.2   1730.8   1586.8   1313.3 2023  3  8 11 16  2.730  4.7   1
     4808  26.847056  102.989388    11.133     5077.6   -11404.8     4996.7   1951.9   1535.3   1491.7 2023  3  8 11 32  1.250  4.6   1
     4809  26.868105  102.974292    20.086     3578.1    -9072.7    13949.7   2480.3   1632.0   1663.4 2023  3  8 11 36 49.380  4.0   1
     4810  26.857430  102.965820    15.166     2736.9   -10255.4     9029.3   1734.2   1406.2   2152.6 2023  3  8 11 52 20.980  3.7   1
     4811  26.850511  102.980046    13.752     4149.4   -11022.1     7615.4   1715.5   1838.4   1108.1 2023  3  8 12 16  0.270  3.5   1
     4812  27.121887  102.865845    13.242    -7186.9    19047.1     7105.7   2403.4   1313.7   1420.5 2023  3  8 12 28 57.760  4.6   1
     4814  27.158482  102.952035     2.816     1365.0    23101.8    -3320.2   3750.5   1566.3   3954.8 2023  3  8 13 14 22.030  2.8   1
     4815  26.844395  102.914233     8.817    -2387.9   -11699.8     2680.9   2037.4   1470.1   2036.0 2023  3  8 13 18 43.040  4.4   1
     4816  26.846899  103.069759     4.454    13062.1   -11422.3    -1682.8   3119.9   2168.7   9660.3 2023  3  8 13 21 55.630  3.1   1
     4817  26.854380  102.969043     7.558     3056.5   -10593.3     1421.5   1543.7   1239.0   2170.2 2023  3  8 14 11 31.600  3.5   1
     4819  26.861186  102.944564    13.665      625.2    -9839.3     7528.2   2048.1   1424.2   1543.5 2023  3  8 14 20 24.160  3.3   1
     4820  26.862351  102.944279    16.106      596.6    -9710.2     9969.2   1963.0   1494.3   1612.2 2023  3  8 14 27 34.400  3.3   1
     4821  27.102785  102.841130     0.569    -9639.4    16930.7    -5567.1   2012.4   1628.1   3550.2 2023  3  8 14 33 43.100  2.8   1
     4822  26.855619  102.914339    12.382    -2377.3   -10456.0     6245.8   2528.1   1811.7   1742.2 2023  3  8 15 29 19.270  2.8   1
     4823  26.884383  102.932397    17.030     -583.5    -7268.9    10893.6   2651.9   1925.6   1798.3 2023  3  8 15 31 26.470  3.0   1
     4825  26.842470  102.888273     4.251    -4967.7   -11912.9    -1885.2   2342.1   1748.5   4098.8 2023  3  8 15 57  8.030  2.1   1
     4826  26.860073  102.984863    12.951     4627.8    -9962.7     6814.8   1517.7   1449.2   1596.3 2023  3  8 16 15 45.670  3.2   1
     4829  27.132365  102.837801     9.850    -9968.7    20208.0     3713.2   1729.7   1113.3   1992.2 2023  3  8 16 47  0.080  4.2   1
     4831  26.850993  102.934766     8.695     -348.3   -10968.7     2558.7   1658.4   1126.5   1379.0 2023  3  8 17 18 39.800  3.2   1
     4833  26.856492  102.933260    12.476     -497.7   -10359.3     6339.8   3078.1   2134.5   1809.4 2023  3  8 17 31 52.760  3.1   1
     4835  26.915023  102.963631    22.261     2518.1    -3873.9    16124.6   3609.3   2599.4   1920.5 2023  3  8 17 40 48.800  3.0   1
     4836  27.033508  102.783643     8.039   -15349.0     9254.6     1902.7   2984.8   1647.3   4231.2 2023  3  8 17 47 34.280  2.6   1
     4837  26.851459  102.936727    14.875     -153.5   -10917.0     8738.8   2254.1   1494.4   1703.3 2023  3  8 17 50 50.880  4.7   1
     4839  27.150480  102.843563    20.258    -9396.0    22215.2    14121.7   2567.2   1725.9   1835.9 2023  3  8 18  7 10.320  3.2   1
     4840  26.799799  102.977384    14.926     3886.2   -16641.2     8790.1   1413.7   1473.1   1152.2 2023  3  8 18 13 36.560  4.5   1
     4841  26.977334  102.911222    21.766    -2685.7     3030.3    15629.5   4280.6   3455.3   2794.1 2023  3  8 18 21 47.320  3.0   1
     4842  26.825702  102.982210     4.931     4364.9   -13770.9    -1205.2   1683.3   1590.6   2158.9 2023  3  8 18 28  0.140  3.5   1
     4844  26.854374  102.938159    13.914      -11.5   -10594.1     7777.2   1994.9   1338.9   1307.8 2023  3  8 18 45 27.760  2.8   1
     4845  26.829635  102.968221     4.360     2975.1   -13335.3    -1776.0   1511.1   1137.3   2283.3 2023  3  8 18 49 30.880  3.0   1
     4846  26.875708  102.805770    21.890   -13161.8    -8230.1    15754.1   2428.5   2151.5   9094.7 2023  3  8 18 52 11.660  2.8   1
     4847  26.834182  102.965812    12.932     2735.9   -12831.3     6795.5   1779.8   1360.2   5508.0 2023  3  8 18 57 27.600  2.7   1
     4848  26.783903  102.955477    10.102     1709.8   -18402.4     3965.2   4936.4   2174.8   5415.3 2023  3  8 19  4 21.760  2.8   1
     4849  26.958504  102.812248    11.255   -12513.9      943.9     5119.0   2604.3   1565.2   6251.2 2023  3  8 19  8 18.620  2.2   1
     4851  26.847872  102.936214     6.994     -204.2   -11314.4      858.0   1601.7   1149.6   1813.4 2023  3  8 19 33  5.040  3.0   1
     4852  26.507668  103.286117    32.791    34607.4   -49009.9    26655.0   2453.4   5558.1   2228.7 2023  3  8 19 33 48.560  2.9   1
     4853  26.857192  102.918254    15.600    -1988.5   -10281.8     9464.0   2794.3   1828.0   1530.7 2023  3  8 19 41 40.980  4.5   1
     4854  26.808260  102.875537     1.798    -6233.2   -15703.6    -4338.7   2704.8   1544.8   3423.0 2023  3  8 19 46 22.740  2.3   1
     4855  27.191311  103.012183    33.028     7331.6    26739.3    26891.5   3208.6   3119.9   2100.0 2023  3  8 19 46 44.880  3.6   1
     4856  26.951605  102.867008    22.723    -7076.5      179.4    16587.0   3093.1   2225.3   2205.9 2023  3  8 19 58 16.760  3.6   1
     4857  26.650918  102.824740     1.959   -11288.3   -33137.6    -4177.2   2981.4   2856.9   4726.1 2023  3  8 19 58 19.800  3.8   1
     4858  26.832259  102.922176     4.397    -1599.1   -13044.5    -1739.4   1978.2   1492.7   2547.9 2023  3  8 20 22 50.720  3.1   1
     4859  26.863210  102.881177     6.528    -5671.5    -9614.9      391.8   2081.6   1680.7   1863.9 2023  3  8 20 54 12.440  2.3   1
     4860  26.519234  102.800033    28.468   -13753.1   -47728.3    22331.6   3559.6   2666.8   2755.2 2023  3  8 21  4 13.340  4.1   1
     4861  26.837476  102.951676     6.602     1331.8   -12466.5      465.9   1794.5   1245.4   2204.4 2023  3  8 21  9 17.160  3.3   1
     4862  26.670418  102.671403    12.718   -26532.1   -30976.9     6581.4   2293.8   3878.1   2665.1 2023  3  8 21 46 27.540  3.0   1
     4863  26.849648  102.951172    10.892     1281.4   -11117.8     4755.5   1519.3   1289.6   1534.1 2023  3  8 22  6  3.880  2.9   1
     4864  26.832874  102.924666     3.687    -1352.0   -12976.3    -2449.1   1928.2   1476.4   2827.4 2023  3  8 22 14 55.040  2.5   1
     4865  26.809882  102.985962    19.954     4738.3   -15523.8    13817.8   1878.4   1426.7   1777.2 2023  3  8 22 22 31.160  3.0   1
     4866  26.826746  102.992643     7.192     5401.6   -13655.3     1055.2   2961.8   2575.7   3363.8 2023  3  8 22 33 58.560  2.5   1
     4867  26.856358  102.966146    13.522     2769.0   -10374.2     7385.3   1592.8   1274.7   1654.9 2023  3  8 22 37 23.320  5.3   1
     4868  26.871783  102.954053    17.511     1567.3    -8665.0    11374.7   3288.0   2244.4   2055.1 2023  3  8 22 44  6.640  2.9   1
     4869  26.843807  102.965755     8.863     2730.1   -11765.0     2726.7   1610.6   1066.7   1540.7 2023  3  8 22 47 56.720  3.4   1
     4870  26.846688  102.963517    10.807     2507.9   -11445.8     4670.6   1763.4   1232.6   1476.1 2023  3  8 22 53 20.080  4.4   1
     4871  26.867190  102.944246    11.213      593.6    -9174.0     5076.6   1772.3   1283.2   1358.1 2023  3  8 23  1 14.240  4.4   1
     4873  26.855387  102.964209    10.747     2576.8   -10481.8     4610.2   1569.1   1345.1   1416.2 2023  3  8 23 12 30.480  3.6   1
     4874  26.851902  103.013851     7.898     7507.9   -10867.9     1761.7   1569.7   1337.6   2015.5 2023  3  8 23 13 55.680  3.0   1
     4875  26.846478  102.942594     8.805      429.4   -11469.0     2668.7   1707.9   1224.6   1876.6 2023  3  8 23 18 10.680  3.7   1
     4876  26.849011  102.927979    11.367    -1022.9   -11188.4     5230.4   1850.4   1401.3   1270.1 2023  3  8 23 31 30.160  3.5   1
     4878  26.853644  102.985010    14.154     4642.8   -10674.9     8017.1   1947.2   2187.4   1604.9 2023  3  8 23 45 23.320  3.4   1
     4879  26.840737  102.924715    11.641    -1346.6   -12105.1     5504.2   2032.4   1301.4   1577.1 2023  3  8 23 46 48.580  3.6   1
     4880  26.846623  102.898853     5.259    -3915.8   -11453.0     -877.5   2190.1   1408.1   5351.8 2023  3  8 23 55 34.780  2.9   1
     4881  26.857703  102.941162     7.526      286.9   -10225.1     1389.4   1473.8   1083.1   1310.7 2023  3  9  0  8 16.170  3.0   1
     4882  26.843636  102.992904     9.576     5427.1   -11783.9     3439.5   1386.9   1219.4   1585.6 2023  3  9  0 11 33.010  3.5   1
     4883  26.867430  102.912321    11.210    -2578.3    -9147.5     5074.0   2081.8   1526.2   1900.2 2023  3  9  0 20 14.340  4.0   1
     4884  26.863202  102.949902    18.041     1155.4    -9615.9    11905.1   2079.9   1226.3   1343.3 2023  3  9  0 23 50.010  4.0   1
     4886  26.887174  102.774577    15.635   -16259.5    -6959.6     9499.0   2774.5   1666.5   2681.4 2023  3  9  0 34 17.400  2.9   1
     4888  27.197504  103.127059    12.604    18725.6    27425.6     6467.7   1234.4   1953.5   2870.2 2023  3  9  1  1 20.590  3.9   1
     4889  26.850033  102.894873     5.968    -4311.4   -11075.1     -167.9   2093.3   1471.9   2110.5 2023  3  9  1 15 13.760  3.7   1
     4890  26.858543  102.924162    11.017    -1401.4   -10132.0     4880.7   2360.0   1765.6   1540.0 2023  3  9  1 40 14.960  3.8   1
     4891  26.839492  102.932780     7.293     -545.8   -12243.0     1156.6   1954.8   1393.5   1880.3 2023  3  9  2 27 12.940  3.1   1
     4893  26.856553  102.968856    10.919     3038.3   -10352.6     4782.8   2055.7   1399.3   1474.5 2023  3  9  5 13 22.700  5.9   1
     4894  26.849597  102.988167    13.402     4956.8   -11123.2     7265.6   1780.4   1419.6   2186.8 2023  3  9  5 38 48.930  3.3   1
     4896  26.825338  103.050570     5.568    11157.0   -13811.4     -568.2   1969.2   1701.4   3015.7 2023  3  9  6 11 37.020  2.8   1
     4897  26.878682  102.890885    10.245    -4706.8    -7900.7     4108.5   2908.7   1788.5   2178.4 2023  3  9  6 15  2.590  3.8   1
     4898  26.865186  102.972909     8.976     3440.2    -9396.1     2839.4   1518.0   1228.4   1696.6 2023  3  9  6 15 57.280  3.5   1
     4899  26.839469  103.015072    11.476     7630.1   -12245.6     5340.0   4926.3   3521.1   2682.5 2023  3  9  6 18 55.090  2.5   1
     4900  26.850696  102.976001    10.133     3748.2   -11001.7     3996.8   1720.6   1303.0   1577.6 2023  3  9  6 32  3.540  4.3   1
     4901  26.820030  102.982446    10.808     4388.5   -14399.5     4671.7   1793.8   1368.9   1755.2 2023  3  9  6 38 46.240  4.1   1
     4902  26.855916  102.966463    10.718     2800.2   -10423.0     4582.0   1542.8   1339.0   1400.6 2023  3  9  6 45 48.880  4.0   1
     4903  26.862000  102.956803    12.406     1840.8    -9749.2     6269.5   1957.5   1338.7   2151.6 2023  3  9  6 46 51.560  3.8   1
     4905  26.841768  102.957080     4.252     1868.7   -11990.7    -1884.4   1379.7    981.3   2014.0 2023  3  9  7  8 25.460  3.1   1
     4908  26.857430  102.987655     5.464     4905.5   -10255.5     -672.4   2268.7   1936.8   3610.7 2023  3  9  7 34  8.340  3.7   1
     4909  26.877535  102.900130    18.326    -3788.8    -8027.7    12189.7   2786.3   1789.5   1755.2 2023  3  9  7 34 40.850  4.3   1
     4910  26.860895  102.957772    11.128     1937.3    -9871.6     4991.5   1514.9   1168.1   1218.6 2023  3  9  7 45 49.050  3.3   1
     4911  26.859477  102.976367    10.863     3784.4   -10028.7     4726.7   1827.2   1609.3   1490.6 2023  3  9  7 50 26.180  3.9   1
     4912  26.840727  102.975513    12.126     3699.6   -12106.3     5989.9   2566.8   1687.8   1326.6 2023  3  9  8  5  8.630  4.8   1
     4913  26.797748  103.034814     7.760     9592.8   -16868.5     1624.0   6172.1   2190.7   5490.0 2023  3  9  8  7 20.500  2.9   1
     4914  26.847225  102.944515     6.604      620.2   -11386.2      467.9   1493.4   1090.0   1776.2 2023  3  9  8 52 12.370  3.2   1
     4915  26.916838  102.841528    11.069    -9607.8    -3672.9     4932.5   3773.3   1734.5   4216.5 2023  3  9  8 54 15.880  2.3   1
     4916  26.854848  102.973275    11.538     3477.0   -10541.4     5401.7   1534.1   1190.5   1432.9 2023  3  9  9  0 32.420  4.1   1
     4917  26.853979  102.971533     8.378     3304.1   -10637.7     2242.0   1640.2   1240.2   1933.6 2023  3  9  9  4 21.020  3.5   1
     4918  26.849841  102.938607     9.377       33.2   -11096.3     3240.3   1761.5   1327.8   2144.9 2023  3  9  9 17 12.240  4.3   1
     4921  26.850775  102.922900     2.073    -1527.0   -10992.7    -4063.0   2404.2   1592.7   3732.1 2023  3  9  9 35 12.390  2.7   1
     4922  26.832668  102.949023     6.610     1068.2   -12999.1      474.0   2090.0   1711.4   4632.3 2023  3  9  9 50 21.030  3.1   1
     4923  26.835193  102.956348     6.195     1796.1   -12719.4       58.5   2639.7   1666.3   4530.9 2023  3  9 10 14 26.460  3.2   1
     4924  27.173415  103.267594     2.119    32668.8    24756.6    -4017.2   1599.6   2384.2   2168.7 2023  3  9 10 23 25.460  4.5   1
     4926  27.116223  102.865047    10.931    -7266.2    18419.6     4794.5   2178.0   1440.3   1542.6 2023  3  9 10 41  7.130  4.5   1
     4927  26.857332  102.999723    14.153     6104.5   -10266.3     8016.5   3152.1   1755.9   2994.5 2023  3  9 10 51 15.590  3.2   1
     4928  26.853229  102.955794     6.503     1740.4   -10720.9      366.7   1548.0   1285.9   1881.5 2023  3  9 10 55  9.960  2.9   1
     4929  26.873328  102.969784    14.876     3130.3    -8493.8     8739.9   1771.5   1605.5   1801.4 2023  3  9 11 29 18.650  3.4   1
     4930  26.862146  102.978524    11.401     3998.4    -9733.0     5264.5   1705.7   1580.4   1878.5 2023  3  9 11 30 47.930  3.3   1
     4931  26.871090  102.785343    20.484   -15191.0    -8741.9    14347.8   2186.2   1689.2   5881.0 2023  3  9 11 40 41.810  2.3   1
     4932  26.823704  102.971037     8.154     3254.9   -13992.3     2018.0   2017.3   1413.8   2758.4 2023  3  9 11 48 52.580  3.7   1
     4936  26.827480  102.801164     7.971   -13621.9   -13574.1     1834.1   3270.2   2010.2   4577.3 2023  3  9 12 13  4.190  3.8   1
     4937  27.179873  103.116675    13.810    17697.5    25472.0     7673.9   2008.5   1698.7   2301.9 2023  3  9 12 14 19.580  4.0   1
     4941  26.834298  102.962646     1.476     2421.3   -12818.4    -4660.8   2128.0   1365.2   5224.9 2023  3  9 12 37 23.010  3.2   1
     4942  26.984595  102.743937    21.538   -19294.7     3834.7    15402.1   2687.4   1783.7   1855.0 2023  3  9 12 40 58.270  3.0   1
     4944  26.857542  103.028133    11.907     8926.7   -10243.1     5770.9   1525.4   1878.2   3496.3 2023  3  9 13 20 30.600  3.4   1
     4945  26.829887  102.954964     0.501     1658.5   -13307.2    -5635.0   1992.6   1379.7   3296.9 2023  3  9 13 29 21.140  2.4   1
     4947  26.889417  102.997437    20.755     5876.7    -6711.1    14619.0   2319.4   1743.6   1843.9 2023  3  9 14 15 34.310  3.5   1
     4948  26.839868  102.982975    10.573     4440.9   -12201.3     4436.7   1522.4   1368.7   1125.4 2023  3  9 14 21 16.690  3.2   1
     4950  26.929584  102.823486    37.607   -11399.2    -2260.6    31470.3   2556.7   2109.5  10384.6 2023  3  9 15 33 32.020  2.3   1
     4951  26.858148  102.850928     3.905    -8676.9   -10175.8    -2231.2   2815.7   1771.4   6232.5 2023  3  9 15 45 48.130  2.2   1
     4952  26.845245  102.993164     8.381     5452.7   -11605.5     2244.5   1605.3   1568.6   2357.6 2023  3  9 16 32  5.440  4.1   1
     4953  26.830764  103.023975     2.951     8514.8   -13210.0    -3185.5   1526.2   1658.9   2913.6 2023  3  9 16 36 57.300  3.1   1
     4954  27.109316  102.871452    33.387    -6630.3    17654.1    27251.1   2662.9   1567.7  10383.1 2023  3  9 17 42 57.340  2.4   1
     4958  26.857743  102.885840    12.053    -5209.1   -10220.6     5916.6   2661.1   1729.2   1609.8 2023  3  9 19  9 13.540  4.3   1
     4959  26.847766  102.927580    10.225    -1062.4   -11326.3     4088.2   1690.8   1245.4   1541.0 2023  3  9 19 16 19.620  2.8   1
     4960  27.129989  102.964494    47.821     2601.7    19944.7    41684.3   4390.8   2473.9   8734.3 2023  3  9 19 17 56.280  3.0   1
     4962  26.851245  102.948592    16.734     1025.4   -10940.8    10597.5   2076.5   1682.8   1589.8 2023  3  9 20  3 57.880  2.9   1
     4963  26.855487  102.938892    10.855       61.2   -10470.8     4719.1   1948.9   1343.7   1485.0 2023  3  9 20 12 33.500  2.8   1
     4965  26.833706  102.934627    17.464     -362.5   -12884.1    11327.5   2142.4   1502.6   1530.6 2023  3  9 20 24 24.560  5.8   1
     4966  26.856921  102.943693    13.728      538.2   -10311.7     7592.0   1851.3   1399.8   1252.2 2023  3  9 20 28 34.180  3.9   1
     4967  26.832798  102.969840     8.925     3135.9   -12984.7     2788.8   2190.5   1362.0   2146.4 2023  3  9 20 43  5.520  3.9   1
     4968  26.856441  102.969360    13.782     3088.3   -10364.9     7645.4   2294.6   1493.2   2041.4 2023  3  9 20 45 26.880  3.4   1
     4969  26.849168  102.947624    10.301      928.6   -11171.0     4164.6   1489.8   1157.3   1290.9 2023  3  9 20 49 10.180  3.5   1
     4971  26.824457  102.982821     6.486     4425.7   -13908.9      349.7   2158.0   1720.8   2832.7 2023  3  9 20 56  0.000  2.7   1
     4972  26.861133  102.954655    14.381     1627.5    -9845.2     8244.8   3392.4   1646.1   2302.6 2023  3  9 20 59 26.520  3.3   1
     4974  26.863472  102.958716    13.208     2030.4    -9585.8     7071.2   1719.0   1372.1   1279.9 2023  3  9 21  6 49.720  5.2   1
     4975  26.873820  102.928988    16.797     -922.0    -8439.3    10660.5   2075.9   1458.1   1685.2 2023  3  9 21 12 28.800  3.3   1
     4976  26.844572  102.973714     4.080     3521.2   -11680.2    -2056.0   2190.9   1608.1   3066.6 2023  3  9 21 19 10.960  2.7   1
     4977  26.881820  102.883390     7.662    -5451.2    -7552.9     1525.6   2584.9   1716.9   1715.4 2023  3  9 21 21 14.400  2.6   1
     4978  26.850201  102.991748    14.848     5312.4   -11056.3     8712.1   1704.2   1460.4   2108.7 2023  3  9 21 23 53.800  3.0   1
     4981  26.858067  102.948014    12.660      967.5   -10184.9     6523.6   1491.4   1202.7   1553.7 2023  3  9 21 36  5.360  3.9   1
     4982  26.860449  102.920736    16.984    -1741.7    -9920.9    10847.8   2162.9   1598.9   2229.4 2023  3  9 21 40 47.760  3.0   1
     4983  26.887315  102.955070    10.000     1668.6    -6944.1     3863.2   3373.1   2625.5   2311.3 2023  3  9 21 43 21.640  3.0   1
     4984  26.846338  102.984188    11.855     4561.6   -11484.5     5718.7   1581.2   1968.5   1578.6 2023  3  9 21 46 59.720  2.8   1
     4985  27.339260  102.814925    13.071   -12227.5    43132.6     6934.9   2712.6   2211.9   2033.2 2023  3  9 21 47 21.480  3.4   1
     4987  26.846395  102.692163    12.552   -24450.0   -11478.2     6415.3   2839.5   2165.8   4069.6 2023  3  9 22  4 25.600  2.9   1
     4988  26.877492  102.904989    12.871    -3306.0    -8032.4     6734.3   2245.7   1478.2   1382.7 2023  3  9 22 21 41.340  2.9   1
     4990  26.860409  102.929834    11.978     -838.3    -9925.3     5841.3   1848.4   1288.2   1279.6 2023  3  9 22 27 35.960  3.4   1
     4991  26.903916  103.049154    14.607    11012.2    -5104.7     8470.5   2428.4   3194.3   2446.6 2023  3  9 22 30  7.120  2.9   1
     4992  26.862541  102.947518    11.393      918.6    -9689.1     5256.2   1605.3   1284.6   1327.2 2023  3  9 22 48 34.400  3.8   1
     4993  26.902472  102.862077    22.921    -7567.6    -5264.7    16785.0   2421.5   1813.2   8687.7 2023  3  9 23 12 44.980  3.2   1
     4994  26.845355  102.955420     7.937     1703.7   -11593.3     1801.0   1948.4   1273.7   1774.0 2023  3  9 23 23 57.040  3.0   1
     4997  26.861304  102.954655    12.670     1627.5    -9826.3     6533.3   1517.8   1191.0   1171.5 2023  3 10  0 20 44.950  5.5   1
     4998  26.906101  102.851074     1.437    -8660.4    -4862.4    -4699.3   3008.3   2068.8   4648.6 2023  3 10  0 49 26.930  2.6   1
     4999  26.853247  102.949251    11.880     1090.3   -10718.9     5743.1   1860.5   1331.2   1381.6 2023  3 10  0 50 10.610  4.2   1
     5000  26.852041  102.976001    14.883     3747.9   -10852.5     8746.7   2023.5   1347.4   1539.8 2023  3 10  1 32 17.130  4.6   1
     5001  26.857912  102.961377    11.800     2294.9   -10202.0     5664.0   1582.4   1391.8   1183.8 2023  3 10  1 58 31.600  2.6   1
     5002  26.979671  102.850049    22.156    -8759.8     3289.2    16019.8   5124.4   3129.5  14521.6 2023  3 10  2 12 39.300  3.4   1
     5003  26.476101  102.893506     0.690    -4454.9   -52507.8    -5446.5   2175.1   2389.3   5588.7 2023  3 10  2 15  8.720  2.8   1
     5004  26.862195  102.916309     8.530    -2182.2    -9727.4     2393.2   2086.8   1475.2   1545.3 2023  3 10  2 51 15.710  3.4   1
     5005  26.948873  102.826660    18.568   -11083.5     -123.3    12431.4   2614.3   2519.3   5482.4 2023  3 10  2 53 24.800  3.2   1
     5007  26.842043  102.968376     9.277     2990.6   -11960.3     3140.4   1312.5   1141.5   1517.4 2023  3 10  3 17 29.440  3.0   1
     5009  26.841691  102.993441    14.180     5480.8   -11999.4     8043.6   2323.1   1795.3   1823.8 2023  3 10  3 28 22.810  3.7   1
     5010  26.852287  102.945654    12.633      733.1   -10825.4     6496.4   2855.5   1890.2   1647.7 2023  3 10  3 57 59.450  3.5   1
     5011  26.867928  102.939754    11.727      146.9    -9092.2     5590.3   1790.7   1304.0   1379.9 2023  3 10  5 39 33.770  2.9   1
     5012  26.946558  102.822697    10.414   -11476.5     -379.9     4277.7   2361.6   1628.5   1707.6 2023  3 10  6  4 49.250  2.8   1
     5014  26.865658  102.951481    11.611     1311.8    -9343.7     5474.4   1540.1   1216.2   1200.9 2023  3 10  6 35 52.600  3.3   1
     5015  26.963564  102.798275     8.674   -13900.7     1504.5     2537.9   1454.0   1641.4   4109.5 2023  3 10  6 36 58.260  2.9   1
     5016  26.465633  102.967187    32.087     2877.1   -53667.5    25950.8   4792.7   2766.6   2297.9 2023  3 10  6 42  5.050  3.1   1
     5018  26.951125  103.097835    30.267    15844.2      126.2    24130.3   5180.6   2883.5   2944.3 2023  3 10  8  5 55.620  4.0   1
     5019  26.840055  102.990104     1.135     5149.6   -12180.7    -5001.2   2239.3   1989.7   2822.7 2023  3 10  9 22 50.310  3.5   1
     5021  26.861235  102.905306     8.044    -3275.1    -9833.9     1907.8   2569.9   1947.1   1840.7 2023  3 10 10 18  2.270  2.9   1
     5022  26.847919  102.987028    10.347     4843.7   -11309.2     4210.2   1543.9   1494.5    982.8 2023  3 10 11 21 23.550  3.4   1
     5023  26.857430  102.964746    13.377     2629.8   -10255.3     7240.9   1500.5   1262.6   1271.3 2023  3 10 12 19 19.430  3.5   1
     5024  26.839107  102.974495    12.416     3598.4   -12285.7     6279.1   1559.1   1351.4   1622.0 2023  3 10 13 19 22.060  4.1   1
     5030  26.852976  102.950618     8.698     1226.5   -10748.8     2561.8   3090.4   2048.8   2193.4 2023  3 10 14 54 40.440  2.6   1
     5031  26.871316  103.033984    19.293     9507.5    -8716.9    13156.7   2410.4   1983.3   2549.8 2023  3 10 15 26 52.480  3.2   1
     5032  26.850309  102.937598    14.793      -66.8   -11044.5     8656.6   2110.1   1349.5   1685.0 2023  3 10 16 13 27.840  3.8   1
     5033  26.520119  103.034749    15.549     9598.3   -47630.3     9412.6   2932.0   2833.6   2850.3 2023  3 10 16 25 17.000  4.2   1
     5036  27.032452  102.898177    11.983    -3980.4     9137.6     5846.2   2199.5   1366.9   1291.8 2023  3 10 18  8  4.040  4.8   1
     5037  26.846726  103.062646    14.876    12355.5   -11441.3     8739.6   1830.3   2104.2   1769.2 2023  3 10 18 24 11.920  3.2   1
     5039  26.847121  102.896899     9.774    -4110.4   -11397.6     3637.9   2386.5   1656.1   1420.6 2023  3 10 18 44 12.400  2.9   1
     5040  27.046141  102.933398     9.636     -484.1    10654.3     3499.7   3643.3   2571.1   6003.9 2023  3 10 18 51 11.580  3.8   1
     5041  27.026186  102.881722    11.624    -5613.3     8443.3     5487.8   2232.5   1383.0   1746.0 2023  3 10 18 52 49.780  3.7   1
     5042  27.036792  102.883822     8.435    -5405.3     9618.2     2299.1   2308.3   1358.7   1787.4 2023  3 10 18 54 26.660  3.8   1
     5043  27.033793  102.884774     9.722    -5310.4     9286.1     3585.6   2093.5   1230.1   1515.2 2023  3 10 18 57 22.840  3.7   1
     5044  27.032890  102.879272    10.480    -5856.7     9186.0     4343.5   2115.7   1436.7   1300.5 2023  3 10 19  2 23.560  3.3   1
     5045  27.031051  102.906160     9.416    -3187.4     8982.2     3279.7   2496.3   1425.9   1628.4 2023  3 10 19  5 56.440  3.2   1
     5046  27.036989  102.889705    10.720    -4821.2     9640.3     4583.5   3357.3   1616.4   2037.6 2023  3 10 19  8  5.920  3.1   1
     5048  27.012710  102.890796    12.326    -4712.8     6949.9     6189.1   2684.5   2037.2   1211.0 2023  3 10 19 23 42.860  2.3   1
     5049  26.862811  102.946704     9.378      837.5    -9659.1     3241.4   1453.1   1192.3   1250.3 2023  3 10 19 42 54.160  3.0   1
     5050  27.056142  102.899992    11.019    -3799.3    11762.3     4882.9   3262.0   1914.5   4415.3 2023  3 10 19 43 53.320  2.3   1
     5051  27.029962  102.881201    12.724    -5665.4     8861.7     6587.4   2910.3   1578.9   1393.8 2023  3 10 19 48 21.480  4.0   1
     5052  27.028788  102.898438     8.878    -3954.3     8731.5     2741.3   2429.9   1877.7   1510.3 2023  3 10 19 55 36.560  3.2   1
     5053  26.977043  103.039421     6.962    10042.8     2998.0      826.0   3569.4   6100.4   9778.2 2023  3 10 20  2 56.200  2.9   1
     5054  26.858750  102.953939     8.538     1556.2   -10109.2     2401.9   1854.2   1430.2   1752.2 2023  3 10 20 14 21.840  3.4   1
     5055  27.030646  102.893734    10.541    -4421.5     8937.2     4404.8   2428.8   1458.5   1444.7 2023  3 10 20 25 37.900  3.9   1
     5056  27.018774  102.880127    14.534    -5771.8     7622.0     8397.2   2137.2   1466.3   1382.3 2023  3 10 20 28 52.880  3.1   1
     5057  27.033142  102.842179    12.853    -9538.3     9214.0     6716.8   2098.8   2257.9   5726.9 2023  3 10 20 42 23.920  2.8   1
     5058  27.088631  102.979655    14.472     4106.8    15362.2     8335.5   2103.5   2224.5   1801.0 2023  3 10 20 43 45.460  3.6   1
     5059  27.319143  102.793376    18.692   -14364.7    40903.6    12555.9   3292.0   2978.1   2871.2 2023  3 10 20 54 43.840  2.3   1
     5060  27.040955  102.876375    21.504    -6144.2    10079.7    15367.2   3687.1   2266.6   7406.6 2023  3 10 20 58 56.520  2.7   1
     5061  26.853957  102.943164     7.454      485.6   -10640.3     1317.4   1887.5   1227.8   2000.9 2023  3 10 21  1 11.540  3.5   1
     5064  26.846834  102.968669     5.315     3019.9   -11429.4     -821.8   1359.1   1169.8   1821.9 2023  3 10 21 25  8.900  3.2   1
     5065  26.844651  102.944360     9.646      605.0   -11671.4     3509.9   1514.8   1207.9   1226.6 2023  3 10 21 37 59.520  3.1   1
     5066  27.057743  102.803931    13.422   -13333.8    11939.7     7286.1   2698.3   3503.7   5048.4 2023  3 10 21 42 31.720  2.3   1
     5068  26.758936  102.825073     2.909   -11249.9   -21168.9    -3227.8   1343.0   2706.6   2169.7 2023  3 10 21 57 50.320  2.1   1
     5069  27.084322  102.778776    13.350   -15828.9    14884.7     7213.2   2180.2   1703.7   2515.1 2023  3 10 22  4 39.760  2.7   1
     5070  26.851361  102.960067     7.843     2164.9   -10928.0     1706.8   1354.0   1126.8   1286.6 2023  3 10 22 15  6.200  3.0   1
     5071  27.121962  102.855908    13.085    -8172.4    19055.6     6949.1   1687.2   1156.6   1313.3 2023  3 10 22 20 47.880  3.5   1
     5072  26.866626  102.936287    12.678     -197.3    -9236.6     6541.2   1946.8   1475.7   1381.7 2023  3 10 22 47  7.080  2.2   1
     5074  26.920662  102.850562     6.226    -8710.6    -3249.1       89.4   1711.8   1910.2   2364.0 2023  3 10 22 54 53.120  2.8   1
     5078  27.090749  102.864274    13.537    -7343.7    15597.0     7400.3   2618.2   1579.9   2447.7 2023  3 10 23  3 53.680  2.9   1
     5079  26.857123  102.944792     7.001      647.7   -10289.4      864.4   1430.3   1169.2   1538.0 2023  3 10 23 16  8.140  3.5   1
     5080  26.869733  102.968018     9.327     2955.0    -8892.3     3191.0   1915.1   1485.8   1595.9 2023  3 10 23 23 55.640  3.3   1
     5081  26.914972  102.874007    13.645    -6382.7    -3879.6     7508.6   3511.4   2677.9   2423.8 2023  3 10 23 37 25.440  2.8   1
     5082  27.024874  102.924959     8.397    -1321.6     8297.8     2260.1   2313.8   1617.6   1398.3 2023  3 10 23 55 58.480  3.3   1
     5083  27.109190  102.827531     9.422   -10989.2    17640.3     3285.6   1584.3   1112.5   1384.7 2023  3 11  0  8 26.740  3.5   1
     5084  26.774860  102.821118     0.194   -11642.6   -19404.4    -5942.4   3920.7   2553.1   4886.1 2023  3 11  1 54  6.140  3.5   1
     5085  26.870441  102.933952    12.015     -429.1    -8813.7     5878.2   2291.6   1583.6   1508.4 2023  3 11  3 10 54.210  2.8   1
     5086  27.065928  103.248494    23.654    30788.8    12846.6    17518.0   2836.7   3387.7   3065.6 2023  3 11  9 41 57.060  3.9   1
     5087  26.861511  102.939429    14.431      114.8    -9803.1     8294.9   2308.0   1481.9   1841.1 2023  3 11 13  1 44.270  3.3   1
     5088  26.854683  102.901562    13.759    -3647.0   -10559.8     7622.7   2822.3   1664.4   5387.4 2023  3 11 13 41 47.870  2.5   1
     5090  26.896155  102.961027    11.294     2260.2    -5964.7     5157.9   1829.9   1787.3   1215.8 2023  3 11 14  5 56.920  3.6   1
     5091  26.935938  102.783439     9.205   -15376.0    -1556.7     3068.3   3079.2   3498.2   3063.1 2023  3 11 14 29 21.430  2.3   1
     5092  27.100004  102.822461    10.016   -11492.5    16622.4     3879.8   1878.7   1549.1   1718.4 2023  3 11 14 41 36.040  2.8   1
     5094  27.279128  103.062948    19.055    12362.0    36469.8    12918.3   3265.0   2857.9   3319.1 2023  3 11 17 35 13.900  3.0   1
     5097  27.014437  102.956673    26.114     1826.4     7141.3    19977.2   3150.8   2785.2   2456.3 2023  3 11 18 52 44.640  2.7   1
     5101  26.935677  102.878353    18.686    -5950.2    -1585.4    12549.8   2891.8   2412.0   2171.2 2023  3 11 19 32 36.480  2.6   1
     5102  27.315257  103.129191    13.887    18927.2    40473.1     7750.9   2256.6   2870.8   4918.6 2023  3 11 19 38 13.900  2.3   1
     5106  26.875716  102.866667     7.828    -7112.4    -8229.3     1691.2   2128.4   1654.5   2145.0 2023  3 11 21  1 59.360  2.7   1
     5107  26.958974  103.043734     1.350    10471.9      995.8    -4786.5   2605.8   3005.5   4214.6 2023  3 11 21  8 40.660  2.7   1
     5108  26.873594  103.038916    17.459     9997.4    -8464.5    11322.3   2327.7   1904.2   2112.0 2023  3 11 21 12 16.400  3.5   1
     5109  27.194515  102.871387     1.140    -6634.6    27094.5    -4996.0   1763.4   2000.5   4410.7 2023  3 11 21 13 39.920  2.6   1
     5114  27.142139  103.127002    37.724    18724.9    21291.0    31587.6   1896.4   1906.6  10331.2 2023  3 11 23 17 37.340  4.2   1
     5115  27.166870  103.113338    14.278    17367.3    24031.3     8141.3   2201.0   2143.5   2350.2 2023  3 11 23 30 29.120  4.9   1
     5121  26.836847  102.941951    12.815      365.2   -12536.0     6678.2   1956.3   1529.3   1474.0 2023  3 12  1 19  0.220  4.1   1
     5128  27.132747  102.826164     0.234   -11123.3    20250.5    -5902.8   1832.7   1272.8   4489.3 2023  3 12  6 46 59.510  3.6   1
     5132  26.854506  102.939844    10.074      156.1   -10579.4     3937.8   1607.2   1195.9   1360.8 2023  3 12  8 12 14.250  3.6   1
     5133  27.147528  103.091813     0.810    15233.4    21888.1    -5326.0   2117.6   1525.6   3134.1 2023  3 12  8 14  5.900  2.9   1
     5135  26.989290  102.867090    19.086    -7067.3     4355.1    12949.9   3814.1   1883.3   2472.5 2023  3 12  9 31 38.510  3.5   1
     5136  27.122296  102.795231     1.947   -14192.9    19092.5    -4189.2   1614.7   1147.2   2424.8 2023  3 12  9 45 22.730  4.0   1
     5137  26.934737  102.949251    22.971     1090.2    -1689.5    16835.1   4011.3   2699.4   1682.3 2023  3 12 10 58 37.420  3.1   1
     5142  27.043146  103.041162     7.067    10212.6    10322.4      930.3   1982.1   1940.8   3145.5 2023  3 12 12 20  9.100  3.2   1
     5143  26.670270  103.009871    10.228     7118.3   -30993.3     4091.3   2080.1   2649.8   3769.3 2023  3 12 13  0 24.520  2.7   1
     5145  27.054976  102.726742     6.601   -20995.0    11633.2      464.3   2878.0   1887.2   4796.6 2023  3 12 13 52 15.170  3.9   1
     5146  26.974298  102.870215    24.021    -6757.8     2694.0    17884.9   3341.5   1797.5   3301.7 2023  3 12 14 24 45.970  3.6   1
     5147  27.109908  102.878385    13.383    -5943.0    17719.8     7246.4   2608.0   1338.1   3420.8 2023  3 12 15  0 31.970  2.8   1
     5148  26.875057  102.891138    14.265    -4682.0    -8302.3     8129.1   3044.2   2123.5   1872.4 2023  3 12 15 10  5.380  3.3   1
     5149  27.232050  102.955452    12.011     1703.9    31253.3     5874.8   2694.5   2013.5   2219.1 2023  3 12 15 25 59.050  4.1   1
     5150  27.038184  102.787492    16.680   -14966.7     9772.5    10543.9   2059.9   1728.5   1834.9 2023  3 12 15 38 22.330  3.2   1
     5152  26.863493  102.934717     9.222     -353.6    -9583.7     3085.6   1741.9   1259.4   1407.1 2023  3 12 16  1 19.410  2.5   1
     5155  26.853510  102.861043     1.753    -7671.9   -10689.8    -4383.2   2890.1   1852.8   4068.1 2023  3 12 18 24 45.340  2.6   1
     5157  26.869515  102.918148    14.151    -1999.4    -8916.4     8014.6   2819.2   1922.0   1585.8 2023  3 12 19  9 25.120  3.2   1
     5158  27.009664  102.795768     3.547   -14146.7     6612.5    -2589.0   1931.9   1465.5   2812.8 2023  3 12 19 23 38.260  3.5   1
     5159  26.922662  102.953402    13.934     1502.3    -3027.6     7797.7   3059.9   2660.2   2890.1 2023  3 12 19 58 34.680  2.9   1
     5161  27.131563  102.842920     6.881    -9460.5    20119.3      744.7   1950.4   1293.6   2101.4 2023  3 12 20 16 48.520  3.8   1
     5162  27.133773  102.834806     7.901   -10265.8    20364.1     1764.2   2016.3   1275.8   2186.7 2023  3 12 20 30 52.180  2.9   1
     5164  27.121995  102.855583     5.120    -8204.8    19059.0    -1016.5   1908.2   1121.0   2839.1 2023  3 12 20 59  2.920  3.1   1
     5165  26.957615  102.797477     5.928   -13980.7      845.4     -208.5   3831.1   2526.2   8942.4 2023  3 12 21 27  6.560  3.0   1
     5166  27.085687  103.014307    23.854     7545.5    15036.0    17718.0   4302.2   2143.1   1978.6 2023  3 12 22 39 51.300  2.4   1
     5169  26.802789  102.987101     2.545     4851.8   -16309.7    -3591.7   2488.0   2196.9   8590.3 2023  3 17 18  7 27.040  2.8   1
