        2  26.930035  102.911711    12.005    -2637.6    -2210.4     5868.2   2396.7   2233.5   1952.5 2022  8 23 15 13 44.310  2.5   1
        3  26.915387  102.840137    11.851    -9746.4    -3833.5     5714.2   1441.8   1620.3   1135.7 2022  8 23 16 29 48.550  1.9   1
        4  27.209200  102.904492     4.102    -3350.5    28721.6    -2034.5   2622.5   2336.4   4074.4 2022  8 24  0  4  1.570  2.7   1
       10  26.873706  102.809733    26.374   -12768.2    -8451.9    20237.2   2188.7   1821.5   3680.4 2022  8 25  5 42 34.720  3.1   1
       21  26.864469  102.901912    10.171    -3611.6    -9475.5     4034.7   2380.0   1449.3   1620.7 2022  8 26  0 10 20.460  2.9   1
       27  27.160496  103.031429     4.350     9241.7    23325.0    -1786.4   1957.3   1919.2   3342.0 2022  8 26  4 53 50.400  2.2   1
       30  26.731671  102.940470     3.394      218.2   -24189.7    -2742.7   2263.5   3424.7   3270.3 2022  8 26  7 53 47.970  2.8   1
       33  27.123234  103.217440    12.572    27700.1    19196.3     6435.2   3312.4   3512.8   7174.8 2022  8 26 11 33 19.160  3.3   1
       37  26.991154  102.898446    16.238    -3954.4     4561.5    10101.4   2231.9   2171.1   1810.6 2022  8 26 15 55  6.860  2.2   1
       38  26.895011  102.928215    13.636     -999.0    -6091.4     7499.4   4406.7   3264.5   5230.2 2022  8 26 17 46 10.540  2.0   1
       41  27.161121  102.577083     9.154   -35832.7    23394.2     3017.9   2201.6   2821.1   2701.7 2022  8 26 20  0 27.640  2.7   1
       51  26.782922  103.104004     6.304    16469.1   -18511.1      167.7   2886.0   2003.6   3189.2 2022  8 28 13 14 55.710  2.4   1
       53  27.315523  102.992179     5.316     5344.0    40502.5     -820.0   1752.8   2326.9   2467.1 2022  8 28 13 35 16.260  2.2   1
       58  27.166907  103.014217     5.860     7533.8    24035.5     -276.3   2895.9   2982.9   4766.3 2022  8 29  4 27 23.500  2.1   1
       59  27.289709  103.070549    19.742    13115.0    37642.2    13606.1   2925.4   3078.2   1915.3 2022  8 29  6 47 31.420  3.6   1
       64  26.899530  102.745898    14.309   -19106.6    -5590.6     8172.2   2370.3   2022.5   1402.0 2022  8 29 15 51  8.780  2.8   1
       71  27.078904  102.858366     7.612    -7930.2    14284.4     1475.6   1861.2   1648.9   1956.5 2022  8 29 19 57 47.120  2.7   1
       73  27.095404  102.906771     5.521    -3126.4    16112.8     -615.7   2253.6   2644.8   5253.7 2022  8 30  4 26 34.420  1.5   1
       89  26.914868  102.796338     7.817   -14096.4    -3891.2     1680.7   1305.5   1773.8   2488.2 2022  8 31  7  3 37.080  3.6   1
       90  27.211047  102.956128     5.949     1771.1    28926.4     -187.7   2307.8   2469.1   2712.9 2022  8 31  7 11  2.020  3.3   1
       91  26.609816  103.241447    39.541    30149.9   -37691.7    33404.6   3366.7   2834.4   2680.8 2022  8 31 10 53 13.050  2.7   1
       93  26.946621  102.829297    25.686   -10821.2     -372.8    19549.5   3096.5   2228.8   2296.5 2022  8 31 15 26 58.290  2.7   1
       98  26.812225  103.217830     9.048    27776.9   -15264.3     2912.0   1856.3   2516.2   2078.7 2022  8 31 19 14 47.980  2.3   1
       99  26.647581  103.016211    11.254     7749.3   -33507.3     5118.0   2814.8   2107.9   2446.4 2022  8 31 19 21 43.200  1.9   1
      103  27.153282  102.852604     8.326    -8498.9    22525.8     2190.1   2784.5   2468.4   3454.6 2022  9  1  2 23 47.100  3.0   1
      110  26.745443  102.967472    13.595     2901.7   -22663.9     7458.7   2802.6   2041.2   2023.4 2022  9  1 14 13 43.450  2.6   1
      122  26.984768  102.912891    37.538    -2519.8     3853.8    31402.0   3067.6   2262.2   2050.2 2022  9  2  6 12 33.880  3.3   1
      123  26.513436  102.785840     3.020   -15165.2   -48370.9    -3116.8   2511.9   2597.5   4310.9 2022  9  2  7  0 50.150  2.7   1
      125  26.645113  103.051286    29.180    11237.0   -33780.8    23043.8   2709.6   1971.9   1304.9 2022  9  2 11 23 57.250  2.9   1
      126  27.072886  102.710311    24.213   -22624.5    13617.8    18076.7   2976.8   1821.9   2631.0 2022  9  2 12  7  5.920  3.6   1
      127  27.045449  102.836532    17.471   -10098.4    10577.7    11335.0   1732.4   1596.4   1538.9 2022  9  2 12 56 18.870  3.2   1
      131  27.357806  102.839119    13.751    -9828.3    45187.5     7614.2   2661.4   2232.0   2708.2 2022  9  2 16 43 50.880  3.8   1
      132  26.935067  102.808895    15.046   -12848.3    -1653.0     8909.8   2975.2   2166.9   3526.7 2022  9  2 16 49 23.410  3.5   1
      135  27.042906  103.138314    78.214    19855.7    10295.8    72078.0   2974.8   2705.5  25726.6 2022  9  2 20 12 18.120  2.3   1
      144  26.715554  103.274382    43.368    33409.6   -25975.7    37232.1   4751.3   5549.2   4274.7 2022  9  3  9 16  5.250  3.6   1
      145  26.950852  103.171313     0.714    23140.7       96.1    -5422.4   2646.8   2368.9   5297.4 2022  9  3 13  3 45.790  1.9   1
      146  26.918868  102.865031    22.102    -7273.8    -3448.0    15965.2   2602.9   2385.4   1441.6 2022  9  3 15 14 17.430  2.9   1
      147  26.879812  103.140812    14.362    20118.1    -7775.5     8225.6   2503.5   2379.3   6569.2 2022  9  3 15 21 35.480  3.1   1
      157  27.249915  102.892432    37.677    -4545.7    33232.8    31540.5   2806.5   2033.4   2279.9 2022  9  4  3 45 26.740  3.8   1
      159  26.527144  102.994759     0.971     5619.3   -46851.9    -5165.8   1510.6   2214.4   2938.8 2022  9  4  6 31  7.150  3.1   1
      161  27.271869  103.044897     0.175    10572.6    35665.6    -5961.3   1550.2   2417.9   3275.0 2022  9  4  8 20 56.670  3.1   1
      162  27.283551  103.073804     8.502    13438.5    36959.8     2365.3   2010.1   3278.4   3550.5 2022  9  4  8 50 12.620  2.8   1
      175  26.924339  103.109180    32.520    16973.2    -2841.7    26383.6   2046.4   2058.0    997.0 2022  9  5 10 13  5.590  2.5   1
      177  27.425405  103.063208     7.711    12379.7    52677.8     1574.4   3806.8   2770.6   4789.8 2022  9  5 15 13 44.570  2.2   1
      196  27.292415  103.051473    29.486    11223.9    37942.2    23349.4   2059.7   2544.5   1538.9 2022  9  6 23 41 15.440  2.9   1
      197  27.315271  103.127336     4.707    18743.7    40474.6    -1429.5   1878.3   2729.1   3876.1 2022  9  7  0 40 13.210  4.2   1
      201  27.135423  103.080566    12.269    14118.2    20547.0     6132.7   1917.2   1216.3   1734.6 2022  9  7  6 26 59.330  2.9   1
      203  26.721794  102.995524     3.795     5690.8   -25284.2    -2341.8   2939.8   1904.2   3609.3 2022  9  7 12 55 18.100  2.7   1
      216  27.129203  103.427140    36.576    48506.1    19857.8    30439.5   1908.5   2109.2   1806.3 2022  9  8 13 38 13.970  3.1   1
      217  26.952539  102.794987    17.264   -14228.2      282.9    11127.5   2188.7   1436.4   1642.3 2022  9  8 14 45 37.570  2.2   1
      218  27.076383  102.865861     6.360    -7186.7    14005.1      223.2   1876.8   1243.2   2398.9 2022  9  8 15 18 22.760  2.7   1
      220  26.442171  103.013411    18.095     7477.4   -56267.2    11958.5   3898.4   1966.7   1768.4 2022  9  8 15 41 42.610  2.8   1
      222  26.868007  102.772030    13.391   -16513.4    -9083.4     7254.7   2298.8   2425.2   2912.6 2022  9  8 17 34 28.040  3.0   1
      223  26.719503  102.996216     1.433     5759.6   -25538.2    -4703.3   3520.3   2023.2   4088.8 2022  9  8 19 30  1.880  2.0   1
      225  27.402405  102.951367    18.063     1297.9    50129.1    11926.4   5681.2   2799.7   2648.3 2022  9  8 22 24  2.400  3.1   1
      237  27.159503  103.094482    15.040    15497.1    23215.0     8903.4   3645.4   2461.3   4315.3 2022  9 10  7 23 56.920  3.2   1
      250  26.963462  102.970190    15.324     3169.5     1493.1     9188.0   5155.5   5692.4   6941.4 2022  9 11  7 27 53.480  3.2   1
      255  26.878007  102.996436     7.337     5777.2    -7975.4     1200.1   1310.9   1324.3   1870.6 2022  9 11 19 18 35.380  2.0   1
      260  27.297784  103.178703    30.271    23837.7    38537.0    24135.0   2766.7   2861.3   2572.8 2022  9 12  8 47 31.400  3.4   1
      261  27.047276  102.654150    12.986   -28201.1    10780.0     6849.5   3091.8   3689.3   3867.7 2022  9 12 11 40 13.070  2.8   1
      262  26.571558  103.008431    31.002     6977.8   -41930.8    24866.0   3371.6   2669.7   1559.5 2022  9 12 11 43 50.160  3.3   1
      263  26.901178  102.904964    13.229    -3308.6    -5408.0     7092.7   2894.4   2593.8   2324.4 2022  9 12 14  2 34.620  3.1   1
      266  26.958783  102.856616     4.272    -8108.1      974.8    -1864.7   3282.0   1712.5   2979.1 2022  9 12 15 20 33.940  2.3   1
      267  26.883846  103.109001    12.725    16958.2    -7328.5     6588.4   1581.1   2352.1   2048.9 2022  9 12 16  2 16.000  2.5   1
      271  26.823606  102.996802     9.089     5814.8   -14003.2     2952.5   2600.1   3344.0   2470.6 2022  9 12 18 53 45.840  1.8   1
      272  26.997656  102.950000     3.827     1164.2     5281.9    -2309.2   4053.4   2758.4   7742.1 2022  9 12 19  3 14.960  0.6   1
      281  26.908777  103.145882    13.847    20619.2    -4566.0     7710.1   2055.5   2130.2   2676.1 2022  9 13  8 20 48.310  3.6   1
      291  26.847233  103.041317    18.925    10236.4   -11385.2    12788.7   2876.0   3209.6   2343.0 2022  9 13 20 33 39.680  1.4   1
      295  27.260217  102.892399     4.512    -4549.3    34374.6    -1624.7   2040.7   3170.6   3282.3 2022  9 14  0 20  8.350  3.3   1
      309  27.162158  102.974015     1.969     3545.7    23509.4    -4167.0   3045.0   1523.9   3843.0 2022  9 14 15 47 55.620  3.1   1
      313  26.911084  103.055558    22.336    11648.3    -4310.5    16199.3   3656.1   1949.1   2678.8 2022  9 14 21 53 11.260  1.4   1
      314  26.818274  103.141903     5.384    20232.0   -14594.0     -751.9   2410.0   3739.6   2315.6 2022  9 14 22 24 46.880  1.7   1
      316  26.983441  103.239844    33.661    29941.1     3707.0    27524.2   1977.1   2352.1   2036.0 2022  9 15  2 11 57.940  3.5   1
      318  27.053646  103.036035    12.049     9703.2    11485.9     5912.5   2678.4   3126.3   3081.4 2022  9 15  3  5 22.120  2.4   1
      327  26.919999  103.034049     6.311     9511.9    -3322.6      174.2   2435.8   3472.6   3143.3 2022  9 15 10 33 15.360  2.1   1
      334  26.987295  103.127458    14.772    18783.0     4133.9     8635.3   1608.6   1762.5   1959.6 2022  9 15 16  1 53.840  2.5   1
      341  26.925285  102.978247     9.753     3969.5    -2736.9     3616.5   1850.4   2207.5   3036.4 2022  9 16  5  3 54.060  2.4   1
      343  27.010872  102.786597     1.153   -15056.9     6746.5    -4983.3   2081.4   1861.1   2964.9 2022  9 16  8 45 59.600  2.6   1
      344  26.812744  103.013957     1.369     7520.0   -15206.7    -4767.0   2980.9   2710.3   5366.6 2022  9 16  9 54 21.950  3.2   1
      347  26.852954  103.108024    18.931    16863.3   -10751.3    12794.2   1674.4   2613.5   1776.9 2022  9 16 15 14 30.520  2.9   1
      348  27.264923  103.053304    36.877    11406.4    34895.9    30740.4   2547.2   2577.3   3082.6 2022  9 16 15 32  0.300  3.0   1
      351  26.781099  102.846045    26.977    -9165.1   -18713.1    20841.0   3972.8   2129.2   1716.8 2022  9 16 19 50 22.680  2.8   1
      357  26.982515  102.684399     4.004   -25206.0     3604.5    -2132.8   2478.8   1835.2   5689.3 2022  9 17  9 41 33.230  4.1   1
      373  27.235105  102.865706     8.050    -7196.9    31592.0     1913.3   3634.3   2612.1   3423.0 2022  9 18 10 47 32.100  3.0   1
      378  27.031344  102.928703    12.605     -950.2     9014.5     6468.4   2956.0   3356.3   3278.2 2022  9 18 18 53 14.400  1.1   1
      385  27.400203  102.901782    35.632    -3616.3    49885.2    29495.8   4735.7   1695.9   1882.6 2022  9 19 11 51 36.930  3.2   1
      387  27.122943  102.733569    24.608   -20311.7    19164.1    18471.9   2220.7   1818.0   1700.3 2022  9 19 13 39 22.880  2.9   1
      391  26.740442  103.077384     4.644    13826.5   -23218.0    -1492.6   2279.9   1676.1   2815.3 2022  9 19 20 44 16.160  2.0   1
      395  27.008917  102.844002    14.098    -9358.3     6529.7     7961.8   2159.8   1230.1   1960.6 2022  9 19 21 41 25.680  3.4   1
      411  27.321358  102.870369     7.671    -6731.7    41149.1     1534.9   1889.4   1460.9   2019.7 2022  9 20 22  3 51.180  2.2   1
      417  27.130410  102.957251     1.388     1882.6    19991.4    -4748.0   4824.3   1961.6   5554.8 2022  9 21  7 48 12.380  2.8   1
      418  27.088346  103.103638    25.778    16410.9    15330.7    19641.9   4888.4   2402.6   3988.6 2022  9 21 13 26 32.540  2.2   1
      420  26.813735  103.005469     4.692     6676.5   -15097.0    -1443.9   1530.4   1169.9   2164.3 2022  9 21 20 26 55.320  2.2   1
      433  26.627368  103.016667    29.872     7795.2   -35746.9    23735.5   2236.8   2075.9   1549.6 2022  9 23 11 52 29.660  3.1   1
      438  27.005033  102.980802     8.513     4222.3     6099.4     2377.1   2150.3   1958.8   1334.8 2022  9 24  1 23 23.490  3.1   1
      439  27.293990  103.013940     5.728     7502.4    38116.6     -408.2   1974.2   2671.9   2663.8 2022  9 24  1 45 33.660  2.9   1
      443  26.504602  102.662492    23.402   -27437.7   -49349.6    17265.7   3237.4   2936.3   4000.9 2022  9 24  5 43 26.670  3.6   1
      444  27.018719  102.772591     8.834   -16447.0     7615.9     2697.9   2249.9   1924.2   1641.3 2022  9 24  7 41 55.320  2.6   1
      455  26.747498  103.004598    17.906     6592.0   -22436.3    11769.4   2302.1   1527.6   1734.2 2022  9 25  1 31  2.400  3.1   1
      457  26.847430  102.985807     4.581     4721.8   -11363.4    -1555.0   3129.1   1790.9   4351.5 2022  9 25  9 13 17.580  2.1   1
      458  26.805603  103.064697    34.658    12561.5   -15998.0    28521.7   5156.8   2902.7   2193.2 2022  9 25 14 27  6.740  2.8   1
      468  26.835647  102.837565    13.517   -10005.2   -12669.0     7380.8   4428.4   3646.9   5646.0 2022  9 26 10 53 11.270  1.8   1
      474  27.169373  103.147461     7.853    20752.1    24308.6     1716.5   4991.0   4941.0   7767.6 2022  9 26 22  8 38.160  2.4   1
      478  26.605267  103.162370     7.159    22286.5   -38195.8     1022.3   2011.2   2643.4   2857.1 2022  9 27  0 14 59.990  2.7   1
      484  26.602421  102.897640    15.885    -4041.0   -38511.0     9748.9   1611.5   1653.9   2630.7 2022  9 27 12 57 34.810  2.6   1
      486  26.857259  103.239217    11.443    29895.4   -10274.4     5306.2   3093.0   2779.6   2804.0 2022  9 27 14  4 56.110  2.5   1
      499  27.196627  103.024211    12.872     8524.2    27328.5     6735.4   3153.2   2814.4   1944.9 2022  9 28 10 37 37.360  2.9   1
      501  27.331712  102.856812     6.801    -8075.3    42296.4      664.9   2290.8   2661.4   4442.8 2022  9 28 11 41 58.410  2.9   1
      520  27.139632  102.607731     5.697   -32795.0    21013.3     -439.8   1835.5   1753.8   2866.6 2022  9 29 14 11 26.150  3.3   1
      523  27.060801  102.889893     8.552    -4801.7    12278.7     2415.9   2859.0   1138.7   2605.2 2022  9 29 17 23 38.880  2.1   1
      524  26.995837  102.798714     2.049   -13854.9     5080.4    -4087.8   2261.7   2029.3   2873.7 2022  9 29 18 31 37.720  2.7   1
      525  27.017863  102.855501     2.541    -8216.6     7521.0    -3595.4   2293.1   1954.5   3545.8 2022  9 29 19 13 43.660  2.0   1
      528  26.829769  102.948519     8.988     1017.7   -13320.2     2851.3   3938.4   2785.9   4799.7 2022  9 29 22  6 38.880  1.7   1
      530  27.199532  102.887736    12.157    -5012.6    27650.5     6020.6   1599.3   1330.8   1829.4 2022  9 29 23 52 18.280  3.0   1
      537  26.928475  102.866984     9.476    -7079.9    -2383.5     3339.7   1529.4   1574.1   1386.1 2022  9 30 10 42  7.580  3.3   1
      539  26.972361  102.845866    10.891    -9174.7     2479.2     4754.8   1889.4   2337.9   1988.9 2022  9 30 15  4 17.540  2.1   1
      545  26.651481  103.120280    25.213    18096.8   -33075.1    19076.4   2571.9   2073.0   1773.5 2022  9 30 21 40  5.720  3.3   1
      546  27.189819  103.121444     4.112    18169.7    26574.2    -2024.3   3911.2   3681.8   6239.3 2022  9 30 23 37 44.520  3.8   1
      551  26.854958  103.022282    36.422     8345.2   -10529.4    30285.8   2138.9   2062.6   2784.2 2022 10  1  9 13 10.740  2.2   1
      553  27.208044  102.979997    12.987     4138.3    28593.7     6850.5   1744.8   2692.2   1791.4 2022 10  1 11  5 14.150  2.8   1
      556  27.336084  102.822290    24.937   -11497.8    42780.7    18800.2   3578.6   3656.1   1679.5 2022 10  1 17 41 19.680  2.9   1
      557  26.927901  102.859351    14.908    -7837.5    -2447.1     8771.4   2571.0   1575.7   1864.8 2022 10  2  2 39  6.470  2.6   1
      560  26.870190  102.883870    20.929    -5403.7    -8841.6    14792.2   2010.9   1677.6   1072.5 2022 10  2  6 10 39.130  3.0   1
      563  27.296094  102.991349     1.844     5262.6    38349.6    -4292.0   2905.6   2241.6   2785.3 2022 10  2 12 44 16.360  2.3   1
      564  26.843599  103.033553     6.582     9465.6   -11787.9      445.4   3004.6   2154.0   2225.1 2022 10  2 13 29 28.700  2.2   1
      572  26.876137  103.069450     8.701    13030.3    -8182.7     2564.9   2250.5   2543.4   2357.7 2022 10  2 21 50 13.720  1.9   1
      576  26.718123  102.702930    29.906   -23392.8   -25691.0    23769.2   4346.4   2284.3   3885.0 2022 10  3  4 16 29.080  3.1   1
      579  27.004167  102.768579     7.735   -16846.6     6003.5     1598.1   2123.8   1718.3   2622.5 2022 10  3 22 21  8.080  2.6   1
      586  26.940055  102.814583    20.029   -12282.4    -1100.3    13892.6   2364.6   2775.1   3285.5 2022 10  4  7 25 50.510  3.1   1
      587  26.916722  103.095142     3.963    15578.8    -3685.7    -2173.8   2225.3   2009.6   4319.2 2022 10  4  7 27  3.710  3.3   1
      588  26.748094  102.941618     4.052      332.6   -22370.1    -2084.9   1753.3   1946.1   2348.7 2022 10  4  8  8  1.580  2.3   1
      589  27.040224  102.831535     3.237   -10595.2     9998.6    -2899.4   2285.7   2317.8   3309.2 2022 10  4 12 18 38.980  2.8   1
      593  27.106075  103.040568    13.162    10150.9    17295.2     7026.0   2495.0   2044.1   3558.0 2022 10  4 17  7 26.000  2.4   1
      606  27.197487  102.848910    17.254    -8864.4    27423.9    11117.2   3040.5   2736.6   2160.4 2022 10  5  8 48 50.950  3.4   1
      608  27.211442  103.084880    11.286    14541.0    28970.2     5149.8   1597.7   2182.9   1455.7 2022 10  5 20 23 44.000  2.2   1
      617  26.605308  102.935620    13.052     -264.2   -38191.2     6915.7   3878.0   1987.5   2101.9 2022 10  6 12 33 57.590  2.9   1
      619  26.581883  102.947664     1.772      933.9   -40786.9    -4364.7   2337.8   2510.5   3319.5 2022 10  6 13 38  1.910  2.9   1
      623  26.561780  103.069010     8.761    13004.4   -43014.2     2624.5   3640.0   1832.6   2305.5 2022 10  6 18 50 15.640  2.2   1
      624  26.948008  102.995117     3.421     5644.6     -219.0    -2715.2   2048.4   2803.9   2827.4 2022 10  6 19 23 17.160  0.7   1
      625  26.949900  102.903280     3.784    -3475.0       -9.6    -2352.1   1857.9   1751.4   4187.6 2022 10  6 19 54 51.240  1.9   1
      631  26.953086  102.901644    10.819    -3637.2      343.6     4682.7   3075.3   1464.7   1549.9 2022 10  7  8 31 45.130  3.2   1
      632  27.029376  103.026416     2.826     8749.4     8796.6    -3310.7   3459.2   2121.3   4450.2 2022 10  7 10  0 30.910  3.1   1
      638  26.890556  103.068457    13.360    12930.2    -6585.0     7224.1   3510.8   3433.4   3764.7 2022 10  7 17 33 52.460  2.9   1
      645  26.998149  102.919035    10.584    -1910.0     5336.6     4448.1   4353.7   4209.8   2785.8 2022 10  8 14 54 26.920  2.5   1
      655  27.168742  103.031632     8.104     9261.7    24238.7     1968.4   3119.5   2183.3   2078.1 2022 10  9  1 55 24.090  2.7   1
      664  27.116266  102.643962    12.702   -29203.5    18424.2     6565.1   2161.3   1763.2  12369.6 2022 10  9 12 43 34.610  2.8   1
      667  26.722294  103.190112     8.221    25032.1   -25228.8     2085.0   1701.1   1868.4   2269.7 2022 10  9 19 40 11.900  2.7   1
      669  26.797951  102.818937    56.695   -11857.6   -16845.8    50558.5   3062.8   2593.1   1704.9 2022 10  9 21 24  3.840  2.2   1
      672  26.810457  102.918449    11.346    -1969.8   -15460.1     5209.1   1215.1    908.1    905.5 2022 10 10  3 35  1.940  3.7   1
      700  26.986747  102.865202    14.585    -7254.8     4073.3     8448.9   3861.0   1552.7   1375.9 2022 10 12  3 33 49.700  2.7   1
      704  27.168524  102.882772    32.044    -5505.7    24214.6    25907.9   3274.9   1997.2   3248.6 2022 10 12 11 28  8.650  3.4   1
      711  26.950907  102.653800     6.831   -28247.8      102.1      694.8   2469.1   1888.4   3006.8 2022 10 12 20 24  8.640  1.7   1
      712  27.220168  102.568433    17.925   -36681.5    29936.9    11789.0   3146.5   3359.6   5186.1 2022 10 12 23  7 53.400  3.5   1
      716  26.684489  103.003068     7.094     6441.8   -29417.8      957.8   2158.1   2165.3   2842.5 2022 10 13  7 53 44.320  2.8   1
      719  26.699146  103.027653    20.452     8885.0   -27793.8    14315.2   2409.7   2160.0   1956.4 2022 10 13 14 37 58.700  2.6   1
      720  27.027114  103.007007     6.303     6823.0     8545.9      166.9   3302.4   2276.6   3860.0 2022 10 13 15 10 42.300  1.9   1
      728  27.321851  103.071175     4.346    13175.4    41203.6    -1790.6   1434.0   1619.0   3041.2 2022 10 14  4  4 36.310  3.0   1
      730  26.818227  103.035563    11.594     9666.3   -14599.1     5457.3   2447.1   2856.0   2050.3 2022 10 14  6 42 28.000  3.0   1
      731  27.133990  102.684896     4.831   -25139.5    20388.2    -1305.4   2435.6   2080.9   3205.1 2022 10 14  8 54 11.830  3.3   1
      732  26.864231  103.117179    16.678    17772.0    -9501.7    10541.3   2353.4   2385.0   1934.4 2022 10 14 10 37 11.450  2.2   1
      733  26.991620  103.005241    10.283     6648.8     4613.2     4146.6   2711.4   3603.5   2472.4 2022 10 14 13 28 27.810  3.3   1
      735  27.244963  103.072461     8.490    13307.4    32684.2     2353.2   2315.0   2691.9   1784.2 2022 10 14 18 51 53.760  2.7   1
      737  27.064557  103.024325    28.498     8540.6    12694.7    22361.6   2701.2   1502.7   1616.0 2022 10 14 19 10 30.480  3.0   1
      740  27.067926  102.752474     3.895   -18440.3    13068.2    -2241.1   1832.0   1363.3   2604.8 2022 10 15  0 31  2.400  2.9   1
      741  26.898867  103.128068    12.753    18850.4    -5664.1     6617.1   2336.1   2059.2   3110.1 2022 10 15  1  4 10.400  3.5   1
      743  26.740470  102.881755    35.050    -5617.1   -23214.8    28913.2   1863.6   1477.9   1743.9 2022 10 15  2 14 48.560  3.1   1
      747  26.757062  103.076579    18.134    13745.6   -21376.4    11997.7   2404.3   1321.8   2076.1 2022 10 15  3 44 27.520  3.0   1
      749  26.858628  102.741488    10.824   -19548.2   -10122.6     4687.1   1950.5   1879.5   2693.4 2022 10 15  4 56 47.550  3.2   1
      753  26.995390  102.855550    15.843    -8213.0     5030.8     9706.7   2706.6   1433.8   1533.8 2022 10 15 18 41 18.120  2.7   1
      759  26.869444  103.176636     9.012    23677.4    -8924.3     2875.6   1826.3   2182.2   1903.6 2022 10 16  3  9  9.820  2.0   1
      779  27.067049  102.731486     5.925   -20523.2    12971.0     -211.3   2869.4   3262.1   2024.4 2022 10 17 22 37 48.240  2.6   1
      783  27.309943  102.798063     7.785   -13901.0    39884.1     1648.4   3594.1   1974.3   4452.1 2022 10 18  3 14 52.300  3.0   1
      789  27.242924  102.991577     4.822     5286.3    32458.4    -1314.1   1645.3   2180.6   2217.7 2022 10 18 16 41 47.000  1.7   1
      792  26.615247  103.117114    11.792    17784.7   -37090.1     5655.1   5848.2   3116.3   2367.3 2022 10 18 22 34 15.560  2.8   1
      796  27.147361  103.010221     0.938     7138.6    21869.6    -5198.3   3343.7   2254.6   3878.8 2022 10 19  4 15 45.470  2.2   1
      810  27.078896  103.215828    11.294    27545.1    14283.6     5157.5   1800.0   1486.4   2382.6 2022 10 19 14 43 37.970  2.8   1
      811  26.530609  102.985905     8.392     4738.4   -46468.1     2255.7   2879.3   3493.8   4207.2 2022 10 19 14 46 46.080  3.0   1
      824  26.788074  103.057389     8.006    11836.3   -17940.2     1869.6   1367.1   1373.5   1876.0 2022 10 20  3 33 31.120  3.0   1
      827  26.718404  103.074072    15.646    13498.8   -25659.8     9509.4   1455.9   1245.2   1231.6 2022 10 20  7 26 55.510  3.2   1
      830  27.199607  102.693693    21.332   -24259.5    27658.7    15196.0   4945.0   2999.5   2729.1 2022 10 20 13 25 39.390  3.0   1
      835  27.257027  102.990934     5.711     5222.1    34021.0     -425.1   2018.9   3101.3   3540.7 2022 10 20 15 36 17.530  1.9   1
      836  26.945618  102.724740    22.065   -21203.7     -484.0    15928.2   2130.3   2915.7   2025.4 2022 10 20 15 45 38.020  3.1   1
      839  26.736721  103.025244     9.433     8644.2   -23630.3     3296.5   1630.9   1632.7   1617.5 2022 10 20 17 33 27.740  2.5   1
      845  27.152590  102.761816     5.835   -17506.4    22449.0     -300.9   1580.4   2582.2   2623.2 2022 10 20 22  3 30.380  3.5   1
      856  26.781016  102.987231     8.469     4865.1   -18722.4     2332.7   1779.5   1993.1   1396.1 2022 10 22  4 14  5.820  2.5   1
      863  27.166392  102.973169     2.856     3461.7    23978.4    -3280.6   3807.8   2887.2   4408.8 2022 10 23  0  3 56.840  2.5   1
      873  26.956588  103.212150    22.227    27194.9      731.6    16090.4   1656.0   1562.9   1344.0 2022 10 23 16  4  4.640  3.0   1
      876  26.665013  102.973397    13.017     3492.3   -31575.8     6880.9   2177.8   1461.8   1684.3 2022 10 23 20 56  3.260  2.5   1
      878  27.177175  102.995516     6.677     5678.2    25173.1      541.0   4699.9   2255.7   2888.8 2022 10 24  1 23 36.490  2.8   1
      885  26.585655  103.187052    13.143    24742.6   -40368.9     7007.0   4739.0   3384.1   4668.9 2022 10 24  6 17  9.900  3.1   1
      890  27.062439  103.135368     8.137    19561.3    12460.1     2000.5   1959.0   1822.9   3336.2 2022 10 24 17 41 37.760  3.5   1
      892  26.731451  103.110002    19.680    17068.8   -24214.2    13543.3   4252.2   4141.5   3616.8 2022 10 24 20 11 42.160  1.9   1
      906  27.148767  103.059627    15.523    12039.8    22025.4     9386.5   2128.0   1312.2   2005.1 2022 10 27 10 21  4.120  3.4   1
      907  26.764858  102.889347    28.739    -4862.6   -20512.5    22602.2   4675.3   4353.6   3496.2 2022 10 27 22 51  0.380  2.7   1
      913  27.248265  102.844189     4.699    -9330.3    33050.1    -1437.7   2187.3   1851.6   2490.9 2022 10 28 12 53 48.030  1.6   1
      914  26.604181  103.113932    12.187    17469.5   -38316.2     6050.2   2295.6   1959.6   1821.8 2022 10 28 14 45 24.480  2.8   1
      921  26.586556  103.078914     8.222    13988.1   -40269.0     2086.1   1832.1   1451.6   1538.3 2022 10 29  4 17 17.520  2.3   1
      922  26.841760  102.666170    61.591   -27032.4   -11991.7    55454.2   5687.1   4692.0   2746.1 2022 10 29  4 38 30.110  2.6   1
      927  27.248556  103.005851     3.673     6702.0    33082.4    -2463.7   2685.7   2514.1   1843.9 2022 10 29 16 37 59.780  2.9   1
      928  27.308765  102.711385     6.936   -22493.8    39753.6      799.9   2714.0   2127.8   5187.3 2022 10 29 17 42 14.940  2.0   1
      937  27.187360  102.829810     4.577   -10759.0    26301.6    -1559.5   2382.8   3142.2   3743.0 2022 10 30  5  3 16.220  2.2   1
      946  27.263114  102.831934    21.020   -10544.7    34695.4    14883.1   1574.7   4110.9   1046.9 2022 10 30 21  5 22.240  3.3   1
      949  27.047632  103.079688    33.853    14036.6    10819.4    27716.4   2868.4   1582.7   2991.8 2022 10 30 23 23 13.360  1.7   1
      959  26.910061  102.824023     8.023   -11347.0    -4423.9     1887.0   1624.7   2757.2   1943.8 2022 11  1  0 13 34.950  2.8   1
      965  26.783974  103.049276    34.608    11030.8   -18394.5    28471.7   2594.1   1743.8   2786.7 2022 11  1 13 44  8.820  2.7   1
      970  26.940540  103.117147    48.864    17762.4    -1046.6    42728.0   4490.2   2208.9   3952.5 2022 11  2 10 35 22.420  4.0   1
      978  26.645404  102.987362    16.092     4881.2   -33748.5     9955.2   2897.0   1787.5   1927.7 2022 11  4  3 13 41.100  3.8   1
      986  26.831736  103.144157    18.598    20454.5   -13102.4    12462.0   2116.3   2489.2   1982.8 2022 11  4 22 37 24.840  1.9   1
      987  27.153274  102.952116     1.496     1373.5    22524.7    -4640.1   3872.6   2849.6   4673.9 2022 11  5  0 53 17.830  1.7   1
      992  26.956405  103.027661    10.538     8875.9      711.2     4401.4   2119.2   2608.2   2533.7 2022 11  6  5 43 40.690  2.9   1
      995  26.637620  103.201123    13.974    26136.3   -34610.9     7838.1   1617.3   2899.8   1913.4 2022 11  6 20 57 32.020  2.9   1
      996  26.831289  103.252043     3.838    31173.1   -13152.0    -2298.3   2339.2   2974.7   3341.3 2022 11  6 22  7 16.520  2.2   1
      999  26.870306  103.157015    15.910    21728.7    -8828.6     9773.9   2108.5   2297.3   1938.7 2022 11  7 14 25 26.790  3.1   1
     1000  27.173722  103.025203    12.047     8623.6    24790.6     5910.4   2558.8   1815.5   2364.1 2022 11  7 14 44 27.860  3.0   1
     1002  27.170597  102.702450     7.312   -23394.6    24444.4     1175.9   3596.2   2581.9   4248.0 2022 11  7 19 27 23.480  3.0   1
     1004  27.163704  102.907308    11.506    -3071.8    23680.5     5370.0   1255.0   1449.5   1805.3 2022 11  8  0  7 44.050  2.8   1
     1008  26.746167  102.877759    25.239    -6014.2   -22583.5    19102.5   2400.5   1565.1   1442.9 2022 11  8  9 49 50.740  2.1   1
     1009  27.344112  103.151815    26.870    21167.5    43670.3    20733.3   2619.8   2582.4   2025.1 2022 11  8 12  8 54.570  3.6   1
     1011  26.900916  102.874935     6.001    -6290.8    -5437.2     -135.8   2274.9   2595.3   3490.3 2022 11  8 16 46  5.690  2.4   1
     1016  26.546165  103.104215     4.159    16507.1   -44744.3    -1977.3   2093.6   2605.1   3630.1 2022 11  9  5 41  9.940  2.7   1
     1022  26.377671  103.091960     4.704    15299.3   -63414.1    -1432.4   3809.3   2990.0   3634.7 2022 11 11 10 43 49.670  3.9   1
     1026  26.894100  102.722729    19.603   -21408.6    -6192.2    13467.0   3586.6   1900.8   3400.6 2022 11 12 20 41 58.900  3.3   1
     1027  26.683215  103.008049    37.300     6936.9   -29558.9    31163.5   2106.2   2068.0   2330.8 2022 11 13 20  6 52.360  3.3   1
     1028  26.919507  102.841097     8.748    -9651.1    -3377.1     2612.0   2080.3   2234.1   2224.6 2022 11 14  8 57 37.060  3.0   1
     1037  27.041933  102.904150    16.155    -3387.3    10188.1    10018.2   1701.6   1174.0   1196.9 2022 11 21  1  6 48.740  4.6   1
     1042  26.550913  103.163558    14.972    22409.5   -44218.2     8835.7   2710.8   2827.4   2810.5 2022 11 22 21 25 32.480  2.7   1
     1056  27.124194  102.891260     6.040    -4664.8    19302.7      -96.4   1204.4   1079.9   1566.1 2022 11 28 18 55 11.400  1.8   1
     1058  27.050144  103.054256     2.179    11512.3    11097.8    -3957.2   2240.9   1489.9   2853.6 2022 11 29 21 55  4.020  3.0   1
     1060  26.565851  102.989591     1.618     5104.0   -42563.3    -4518.5   1444.7   2322.5   1916.4 2022 11 30 11 24 24.900  2.5   1
     1061  27.097319  102.828548     2.649   -10888.6    16324.9    -3487.8   2212.2   2240.6   3086.2 2022 11 30 12 51 31.400  2.8   1
     1068  26.733506  103.095858     8.622    15662.9   -23986.6     2485.2   4493.9   2433.5   3238.2 2022 12  4 21  3 17.040  1.6   1
     1073  26.791298  102.793327    13.389   -14403.4   -17583.0     7252.6   2410.0   2210.5   3127.8 2022 12  7 23 17 55.060  3.4   1
     1092  26.809235  103.263615     8.077    32326.4   -15595.6     1940.3   2094.5   2265.8   2374.0 2022 12 11 11 51 30.270  3.1   1
     1104  26.868837  102.914054    10.106    -2405.5    -8991.5     3969.2   1171.8    835.5    907.8 2023  1  1  1  2 48.170  2.7   1
     1106  26.936373  102.703743    21.199   -23290.0    -1508.3    15062.3   1974.3   1466.2   1768.9 2023  1  1  2 33 26.890  3.0   1
     1108  26.880910  102.935645     8.377     -261.3    -7653.6     2240.2   4100.7   3025.0   2433.7 2023  1  1  3 15  6.530  2.8   1
     1111  27.223014  103.010815     0.473     7194.9    30252.3    -5663.3   5579.9   2075.2   2828.9 2023  1  1  5 37  1.930  2.4   1
     1113  26.616378  102.991341    12.457     5277.3   -36964.6     6320.3   1196.2   1124.1   1010.8 2023  1  1  5 59 15.820  2.3   1
     1129  26.892084  102.932617    30.403     -562.2    -6415.7    24266.1   2533.1   1544.3   1171.8 2023  1  1 11 56  6.240  2.9   1
     1131  26.898252  102.673592    30.529   -26288.5    -5732.2    24392.4   3683.7   3229.3   1889.7 2023  1  1 12 28 35.040  3.2   1
     1138  26.982123  102.885718     4.494    -5218.1     3560.9    -1642.1   2765.9   1779.2   1993.6 2023  1  1 14 39 51.220  0.3   1
     1140  27.142938  102.924015     7.985    -1414.4    21379.7     1848.4   3309.0   1602.2   3468.8 2023  1  1 15 21 35.450  1.8   1
     1141  26.877476  102.765470    34.505   -17164.7    -8034.2    28369.0   1836.1   1671.1  10394.3 2023  1  1 15 40 39.150  3.6   1
     1145  27.323199  102.971509     4.601     3295.0    41353.0    -1535.4   3078.9   2407.2   3649.8 2023  1  1 16 27  1.690  2.5   1
     1146  26.377620  102.699040    19.528   -23814.9   -63419.5    13391.4   4125.3   3944.0   4939.0 2023  1  1 16 29 49.210  1.8   1
     1148  26.916543  102.909619     8.208    -2845.9    -3705.7     2072.0   1208.9    875.1    971.8 2023  1  1 17  9 12.760  2.5   1
     1150  26.930373  102.926628     7.961    -1156.5    -2173.2     1824.8   1274.3    882.9    923.2 2023  1  1 17 54 31.060  2.5   1
     1154  26.743593  103.371647    28.965    43072.3   -22868.8    22828.4   2796.1   2744.6   2179.6 2023  1  1 18 52 18.640  2.7   1
     1157  27.303290  102.991854    14.186     5312.1    39147.1     8049.4   2472.1   1905.2   1683.8 2023  1  1 19 49  5.560  3.5   1
     1158  27.052470  102.734863    13.376   -20189.6    11355.6     7239.6   1483.4   1468.9   1954.8 2023  1  1 19 52 40.260  3.1   1
     1164  27.177321  102.740828    42.999   -19586.3    25189.3    36862.8   3347.7   2213.3   2645.6 2023  1  1 22 32 12.200  2.4   1
     1167  26.895388  102.936800    14.074     -146.1    -6049.7     7937.1   1279.5    806.1   1017.7 2023  1  1 23 46  2.400  2.2   1
     1174  27.100006  102.942668    11.400      436.4    16622.7     5263.2   2910.2   1566.7   1558.7 2023  1  2  3  4 43.010  2.9   1
     1176  26.646560  102.883659    17.215    -5430.2   -33620.4    11078.5   2623.8   1775.8   2296.6 2023  1  2  3 50 57.410  2.7   1
     1180  27.099205  102.925863     7.205    -1231.4    16533.9     1068.3   1882.5   1061.6   1643.7 2023  1  2  7 38 34.340  3.9   1
     1181  26.959654  102.893758     5.312    -4419.9     1071.2     -824.7   1724.4   2324.5   2364.0 2023  1  2  8 41 56.500  2.5   1
     1182  26.804822  102.726864     0.818   -21006.2   -16084.5    -5318.8   1977.0   1739.0   3355.6 2023  1  2  9 13 40.100  3.2   1
     1184  26.985132  103.049821     7.685    11075.3     3894.4     1548.2   1688.4   2078.6   2453.0 2023  1  2  9 54  6.500  3.1   1
     1185  26.530821  102.958675    12.369     2029.5   -46444.6     6232.8   1574.3   1470.3   1220.8 2023  1  2 10 17  2.450  4.1   1
     1188  27.025246  102.920231    13.100    -1791.2     8339.1     6964.0   3602.4   3584.3   4152.7 2023  1  2 11 33 27.780  3.1   1
     1190  26.490120  102.986035    15.303     4752.1   -50954.3     9166.3   1545.0   1591.4   1439.3 2023  1  2 12 24  6.860  2.9   1
     1191  27.122406  102.952173     2.931     1379.4    19104.6    -3205.3   1492.8   1110.7   2990.0 2023  1  2 12 34 34.610  3.0   1
     1193  27.117175  103.122217    13.610    18251.9    18524.9     7473.9   1504.8    936.1   1558.2 2023  1  2 13 11 15.030  3.5   1
     1194  26.819633  102.942163    12.981      386.6   -14443.3     6845.0    828.3    760.9    815.2 2023  1  2 13 15 59.500  3.7   1
     1196  26.474597  102.983545    12.192     4505.1   -52674.2     6055.3   1481.1   1527.7   1846.3 2023  1  2 13 51 42.270  3.6   1
     1198  27.001038  102.836841     3.227   -10069.5     5656.7    -2909.4   2089.2   3047.7   2362.6 2023  1  2 14 19 57.550  1.0   1
     1199  26.838741  102.923503    17.606    -1467.6   -12326.3    11469.6   1085.6    843.0    953.8 2023  1  2 14 42 20.610  3.5   1
     1200  27.401678  102.665560     5.982   -27026.2    50048.8     -154.7   2475.7   2682.4   4185.7 2023  1  2 14 57 37.110  2.6   1
     1201  26.829293  102.939478    14.902      120.0   -13373.1     8765.7    850.8    756.2    803.7 2023  1  2 15 26 49.650  3.6   1
     1205  27.085097  102.925911    17.613    -1227.0    14970.7    11476.9   2642.4   2411.0   2500.2 2023  1  2 16 59  0.680  2.6   1
     1207  26.617318  103.004191    21.038     6555.1   -36860.4    14901.8   1817.9   2218.0   1643.2 2023  1  2 18 17 20.500  2.1   1
     1213  26.983718  102.901107     8.836    -3690.1     3737.7     2699.8   1308.2   1430.2   1170.6 2023  1  2 20 38 12.040  2.4   1
     1214  26.976829  102.911092    21.010    -2698.8     2974.3    14873.3   2133.2   1579.9   1213.3 2023  1  2 20 43 14.180  0.7   1
     1220  26.921185  102.944604    10.189      628.4    -3191.1     4052.5   1048.3   1146.3    930.6 2023  1  2 22 31 21.360  1.6   1
     1223  26.542863  103.101351    22.929    16222.1   -45110.3    16792.1   1946.7   1541.8   1161.7 2023  1  3  0 24 48.340  2.6   1
     1231  27.151923  102.849398     7.634    -8817.3    22375.1     1498.0   1338.3   1021.6   1674.0 2023  1  3  3 32  1.810  4.9   1
     1232  26.654696  102.970369     8.872     3191.0   -32718.8     2735.7   1496.4   1862.8   2189.3 2023  1  3  3 44 20.830  2.5   1
     1233  27.105282  102.990633     7.953     5195.4    17207.1     1816.6   2937.4   2145.2   3452.5 2023  1  3  3 48 43.310  3.1   1
     1236  26.931403  103.132153    30.077    19253.8    -2059.1    23940.2   1877.4   2460.4   1713.2 2023  1  3  5  0 32.020  3.4   1
     1240  27.042006  102.806307     3.847   -13099.2    10196.0    -2289.0   1814.8   1839.2   2840.6 2023  1  3  6  1 52.590  2.8   1
     1248  27.120237  102.839526    13.756    -9797.9    18864.2     7619.9   1642.0    982.4   1002.6 2023  1  3 10 35 16.200  2.6   1
     1249  26.867192  102.891634     4.775    -4632.8    -9173.8    -1361.2   1397.7   1511.3   2188.5 2023  1  3 11 42 43.620  2.3   1
     1252  27.072101  102.924561    17.171    -1361.2    13530.7    11034.8   3217.4   2328.7   1868.1 2023  1  3 12 47  7.960  3.2   1
     1258  26.447388  102.854940    28.373    -8292.8   -55689.2    22236.8   2511.1   2388.7   2320.3 2023  1  3 13 53 37.410  2.4   1
     1259  27.229254  102.825163    15.337   -11218.0    30943.7     9200.6   1614.9   2020.9   1606.7 2023  1  3 15  4 15.740  1.9   1
     1266  27.181112  103.090666    15.389    15116.7    25609.4     9252.3   1931.9   1363.5   1640.5 2023  1  3 16 18 35.630  3.5   1
     1269  26.540369  102.954427     2.595     1607.2   -45386.6    -3541.6   1364.5   1927.7   2493.8 2023  1  3 17  5 17.760  3.4   1
     1270  27.105361  102.793970     1.650   -14319.7    17216.0    -4486.9   1891.2   1598.4   2621.9 2023  1  3 17  7 56.840  2.8   1
     1271  26.936338  102.892562    21.894    -4539.1    -1512.2    15757.6   3386.3   3326.5   1782.2 2023  1  3 17 12 40.700  2.0   1
     1273  26.914530  102.725602     0.438   -21121.6    -3928.5    -5698.8   1892.0   3537.1   3435.8 2023  1  3 17 25 41.040  3.0   1
     1275  27.231156  103.551204    28.607    60788.3    31154.4    22470.7   2726.9   3308.5   2689.5 2023  1  3 17 52 38.920  2.9   1
     1280  26.950869  103.001050     7.267     6233.4       97.7     1130.6   2028.7   2451.5   2247.8 2023  1  3 18 37 22.120  2.0   1
     1283  26.563987  103.029370    14.189     9061.4   -42769.7     8053.1   1258.1   1265.9   1063.3 2023  1  3 19  7 30.080  3.1   1
     1285  27.061265  100.773910    25.097  -214813.8    12330.1    18960.3  72707.8   3885.5   3492.1 2023  1  3 19 38 26.460  2.6   1
     1294  27.108643  102.522266    12.056   -41280.3    17579.6     5919.6   2507.0   2434.1   2852.9 2023  1  3 21 18 10.200  2.4   1
     1298  26.962390  103.328271    19.920    38724.7     1374.4    13783.3   1401.5   2069.3   2298.5 2023  1  3 22  8 53.840  3.2   1
     1299  26.536808  103.036735     6.034     9794.8   -45781.2     -102.0   2254.9   1952.7   3041.9 2023  1  3 22 12 14.160  3.2   1
     1301  27.058866  102.769946    29.039   -16706.7    12064.2    22902.5   2914.6   1914.6   1488.8 2023  1  3 23 15 54.560  3.6   1
     1303  27.395274  102.867879    11.807    -6976.7    49339.1     5670.7   2704.3   1551.5   2079.9 2023  1  4  2 10 41.950  3.5   1
     1304  27.106321  102.856681    13.350    -8096.3    17322.5     7213.5   1621.8    938.7    966.0 2023  1  4  2 22 33.690  2.9   1
     1309  26.624373  103.063428    18.208    12445.1   -36078.7    12071.5   3180.3   3460.9   2658.2 2023  1  4  4 20 50.570  2.1   1
     1314  26.834753  102.869897    14.007    -6793.1   -12768.1     7870.3   3075.5   2540.6   2670.8 2023  1  4  6 20 24.050  2.6   1
     1318  26.974888  102.917554    20.366    -2057.3     2759.2    14229.6   4011.4   2175.3   2232.5 2023  1  4  9  3 14.180  0.9   1
     1319  26.841345  103.001074    28.453     6239.4   -12037.7    22316.8   2335.8   1852.9   1424.4 2023  1  4  9 30 28.960  3.7   1
     1320  26.954372  102.708708    12.615   -22795.2      486.0     6478.9   2101.0   2209.8   2012.1 2023  1  4  9 46 54.060  2.9   1
     1327  27.074127  102.731649    19.697   -20506.0    13755.2    13561.1   2224.2   1512.7   1814.2 2023  1  4 12 15 51.310  2.8   1
     1329  26.892700  102.976823    14.572     3828.8    -6347.3     8435.4   3056.0   2170.8   2242.3 2023  1  4 12 40 27.430  2.5   1
     1331  27.151180  102.867464     7.384    -7025.0    22292.8     1247.5   1444.0   1021.8   1670.2 2023  1  4 14 29  2.600  2.2   1
     1334  26.705951  103.010368     3.165     7166.3   -27039.7    -2971.0   3133.5   1946.7   2582.3 2023  1  4 15 35 17.780  1.9   1
     1337  26.806230  102.954696     9.965     1631.4   -15928.6     3828.9    924.8   1102.5    978.0 2023  1  4 16  0 43.930  1.9   1
     1338  26.978235  102.920435    22.844    -1770.9     3130.1    16707.4   2264.5   1719.7   1494.4 2023  1  4 16 33 13.890  0.9   1
     1343  26.947536  103.229370    36.904    28906.2     -271.4    30767.5   4286.0   2442.0   4889.4 2023  1  4 17 33 10.120  1.9   1
     1344  26.951534  103.293140    19.100    35237.3      171.5    12963.5   3722.5   3749.0   5803.8 2023  1  4 18  3 32.720  2.5   1
     1345  27.198425  102.875814    12.907    -6195.6    27527.7     6770.8   1264.6   1760.0    976.4 2023  1  4 18 10 21.920  2.2   1
     1346  27.173317  102.814437    13.531   -12285.0    24745.8     7394.8   1963.6    968.4   2228.5 2023  1  4 18 32 45.360  5.0   1
     1347  26.861835  102.823104     9.387   -11440.8    -9767.4     3250.6   2279.0   1659.1   2113.2 2023  1  4 18 46 41.840  3.5   1
     1350  26.849681  102.954305    13.880     1592.9   -11114.0     7743.7    812.0    747.9    632.8 2023  1  4 19 27 11.020  3.5   1
     1351  26.534444  103.279484    36.475    33943.9   -46043.0    30338.9   3204.6   2300.6   2415.8 2023  1  4 20  2 23.160  3.1   1
     1352  26.800057  102.930558    16.574     -766.2   -16612.5    10437.4   1065.2   1047.7   1010.1 2023  1  4 20  3 39.800  2.3   1
     1353  26.862712  102.967757     2.469     2928.7    -9670.2    -3667.3   2202.3   2555.2   3119.1 2023  1  4 20 12 38.840  1.5   1
     1354  26.838814  103.196672    21.195    25671.2   -12318.1    15058.5   1283.8   2039.7   1588.4 2023  1  4 20 15 26.820  3.0   1
     1360  26.967399  102.929297     5.103     -891.1     1929.4    -1033.2    963.7    929.2    967.2 2023  1  4 22 34  8.940  2.1   1
     1362  26.573918  102.941772    30.393      348.0   -41669.3    24256.6   2302.3   1682.5   1647.9 2023  1  4 22 58 12.480  3.6   1
     1366  27.092297  102.969320    11.466     3080.8    15768.5     5330.0   1916.5    769.7   1737.6 2023  1  5  2 34 39.060  3.3   1
     1367  27.065084  102.699178    20.466   -23730.2    12753.2    14330.1   1600.8   2654.9   1437.4 2023  1  5  2 57 46.840  2.4   1
     1378  27.254926  102.976481     5.263     3788.7    33788.1     -873.2   2357.4   2826.5   2441.4 2023  1  5  8 54 25.770  1.9   1
     1385  27.218333  102.928800    28.537     -939.7    29733.6    22400.9   2542.1   2651.1   1379.1 2023  1  5 11 23 38.460  3.3   1
     1386  26.902476  102.972632     6.994     3412.3    -5264.1      858.1   2277.8   2847.5   2849.9 2023  1  5 13 33 39.590  2.7   1
     1387  26.853182  102.950415     8.134     1206.6   -10726.1     1997.4   1011.2    842.3   1682.3 2023  1  5 13 36 43.040  3.8   1
     1388  27.282753  103.060946    22.354    12163.7    36871.5    16217.8   3798.6   1920.3   1709.0 2023  1  5 14  9 48.720  2.1   1
     1389  26.979362  102.777743    22.334   -15938.6     3255.1    16197.5   3838.5   2387.5   1951.9 2023  1  5 14 14 32.310  2.5   1
     1391  26.993992  102.939624     1.423      134.2     4876.0    -4713.0   2361.5   2332.7   2936.1 2023  1  5 15  6 46.440  2.4   1
     1394  27.175631  102.721704    16.231   -21483.9    25002.0    10094.1   2133.8   1286.3   2589.7 2023  1  5 16 10 24.250  2.9   1
     1395  26.922675  102.910514     7.250    -2757.1    -3026.1     1113.7   1038.5    759.1    926.9 2023  1  5 16 58 37.710  3.2   1
     1398  27.337811  103.018652    17.564     7968.1    42972.0    11427.8   2131.8   1717.1   1802.4 2023  1  5 17 38 29.560  4.0   1
     1399  26.841091  102.919661    32.783    -1849.1   -12065.9    26646.8   1598.3   1457.9   2440.1 2023  1  5 17 49 51.840  1.6   1
     1402  26.807082  102.956136     8.726     1774.8   -15834.1     2590.1   1322.2   1420.6   1441.3 2023  1  5 18 21 45.880  2.2   1
     1404  26.996549  102.809847     3.902   -12750.1     5159.4    -2234.0   1122.4   1182.0   1315.4 2023  1  5 18 26 49.340  2.6   1
     1405  26.797784  102.974080    14.212     3558.0   -16864.4     8075.2    917.0    985.6    870.9 2023  1  5 18 48 23.160  3.0   1
     1406  26.976687  102.910254    18.888    -2782.1     2958.5    12752.1   1847.4   1661.4   1780.6 2023  1  5 18 53 13.880  1.2   1
     1407  27.001485  103.029248    13.175     9031.9     5706.2     7038.6   2470.7   2750.9   2669.7 2023  1  5 18 57 42.640  2.6   1
     1409  26.815275  102.960441     7.749     2202.3   -14926.3     1612.6    725.4    813.4   1143.6 2023  1  5 19  4  4.640  2.9   1
     1410  26.843319  102.948112     5.510      977.4   -11818.9     -626.0   1117.0   1431.6   3038.4 2023  1  5 19 19 20.860  2.6   1
     1411  26.916622  102.838908    10.792    -9868.1    -3696.8     4655.4   1950.9   2161.8   1317.4 2023  1  5 19 20 31.660  2.4   1
     1412  26.850547  102.943075     5.638      477.3   -11018.1     -498.6   1002.1   1378.7   2771.7 2023  1  5 19 34 36.200  2.3   1
     1413  26.848549  102.924284    12.633    -1390.1   -11239.4     6496.5    855.8    725.1    861.6 2023  1  5 19 38 54.920  3.3   1
     1414  27.029942  102.905184    13.526    -3284.5     8859.3     7390.0   1867.7   1256.7    978.8 2023  1  5 19 41 40.220  2.8   1
     1415  26.867035  102.833822    13.693   -10375.9    -9191.1     7557.0   1906.8   1464.7   1688.7 2023  1  5 19 43 26.120  3.0   1
     1417  26.849111  102.921395    13.788    -1676.8   -11177.2     7652.1   1001.6    754.3    793.5 2023  1  5 19 57 22.800  2.6   1
     1422  27.122909  103.051009     2.371    11185.8    19160.4    -3765.3   2929.5   1981.8   5076.9 2023  1  5 20 40 40.720  2.3   1
     1424  27.004527  102.907764     6.752    -3028.7     6043.4      615.8   1273.6   1019.5    984.1 2023  1  5 21  2 21.260  3.1   1
     1425  26.831106  102.967700    14.702     2923.5   -13172.2     8565.7    963.5    847.8    778.9 2023  1  5 21  4 48.560  3.5   1
     1428  26.825871  102.965129    17.207     2667.9   -13752.3    11070.3    852.9    866.3    859.8 2023  1  5 21 57 36.580  5.6   1
     1431  26.832064  102.955461    11.204     1707.2   -13066.1     5068.0    718.3    763.0    740.9 2023  1  5 22  4  9.800  4.9   1
     1432  26.864905  102.861336     9.308    -7642.5    -9427.3     3172.0   1050.0   1109.0   1651.4 2023  1  5 22  8 18.040  2.8   1
     1433  26.835217  102.942773    10.334      447.4   -12716.5     4197.4    945.3    754.1    935.0 2023  1  5 22 15 54.360  2.9   1
     1434  27.083333  102.882145    36.472    -5570.0    14775.3    30335.3   3036.8   1923.7   1192.3 2023  1  5 22 19 13.560  4.1   1
     1435  26.658681  103.000236    22.634     6160.6   -32277.3    16497.8   2004.9   1900.9   1774.8 2023  1  5 22 19 14.540  2.5   1
     1436  26.828290  102.957756    14.670     1935.5   -13484.1     8533.9    948.4    815.7    848.8 2023  1  5 22 21  5.480  5.6   1
     1437  26.835714  102.968091    13.056     2962.5   -12661.7     6920.0   1049.2    802.6   1440.9 2023  1  5 22 27 45.960  4.0   1
     1439  26.860250  103.014437    14.023     7565.8    -9943.0     7887.1   2299.0   1370.9   1388.5 2023  1  5 22 43 29.800  5.2   1
     1440  26.830406  102.961768    13.471     2334.1   -13249.8     7334.3    795.0    730.9    915.3 2023  1  5 22 45 17.520  4.8   1
     1441  26.836426  102.960881    12.300     2245.8   -12582.6     6163.6    849.5    742.5    613.4 2023  1  5 22 47 20.320  3.1   1
     1442  26.812335  102.934782    16.335     -347.1   -15252.0    10198.6   2202.4   1560.4   1301.4 2023  1  5 22 55 34.980  3.9   1
     1444  26.823863  102.967415    14.886     2895.0   -13974.9     8749.5    686.2    858.9    827.2 2023  1  5 23  2 29.760  3.2   1
     1445  26.836784  102.965153    12.384     2670.7   -12543.1     6247.7    771.6    686.7    655.2 2023  1  5 23  5 44.480  4.0   1
     1446  26.841500  102.949007    16.204     1066.4   -12020.6    10067.3    921.5    775.9    782.4 2023  1  5 23 11 18.480  3.4   1
     1447  26.726056  102.998381    11.657     5974.5   -24812.1     5520.9   3429.1   3487.3   4055.3 2023  1  5 23 25 50.960  1.9   1
     1448  26.819309  102.960588    15.013     2217.0   -14479.2     8876.1    812.8    855.5    987.7 2023  1  5 23 27 57.080  5.4   1
     1449  26.833270  102.941724     7.779      343.2   -12932.4     1643.0   2420.7   1862.0   2814.6 2023  1  5 23 33 36.320  3.2   1
     1450  26.816768  102.942358    15.431      405.5   -14760.8     9294.1   1212.4    927.0   1009.3 2023  1  5 23 38 26.920  3.7   1
     1451  26.838334  102.969865    17.508     3138.7   -12371.3    11371.6   1115.9    838.9    956.2 2023  1  6  0 11 42.800  3.5   1
     1455  26.562146  103.028866    45.029     9011.1   -42973.8    38892.6   2052.2   1663.1   1425.8 2023  1  6  0 56 25.170  2.8   1
     1457  26.391939  102.987956    21.299     4945.5   -61833.1    15162.4   1866.1   1964.8   1847.4 2023  1  6  1 10 23.390  3.8   1
     1461  26.837250  102.914290    10.844    -2382.6   -12491.4     4707.7   1087.6    765.6   1067.0 2023  1  6  2  9 13.140  3.6   1
     1465  26.834082  102.960693    16.621     2227.2   -12842.4    10484.3    877.4    820.7    837.2 2023  1  6  2 50 22.410  5.9   1
     1466  26.814657  102.967586    11.727     2912.2   -14994.9     5590.8   1546.6   2130.5   4457.9 2023  1  6  2 56 23.490  3.5   1
     1467  26.837783  102.957926    12.088     1952.2   -12432.4     5951.7    723.0    772.5    635.4 2023  1  6  2 57  1.020  3.8   1
     1468  26.930011  102.650830    16.658   -28545.0    -2213.2    10521.3   1569.2   2179.9   2185.7 2023  1  6  2 58 46.510  3.6   1
     1469  26.836110  102.953337    12.567     1496.8   -12617.6     6430.8    729.8    742.3    659.2 2023  1  6  3  0 59.270  3.6   1
     1470  26.829761  102.949325    13.183     1097.6   -13321.3     7046.3    759.0    754.1    786.0 2023  1  6  3 25  4.030  3.7   1
     1473  26.645121  102.770190    19.134   -16712.8   -33779.7    12997.3   2188.2   2178.5   2616.4 2023  1  6  3 38  3.330  3.7   1
     1474  26.838104  102.949316    15.034     1097.4   -12396.7     8897.4    796.0    777.5    716.6 2023  1  6  3 41 32.280  3.4   1
     1478  26.829484  102.958626    15.654     2022.4   -13351.9     9517.3   1935.9   1337.2   1395.5 2023  1  6  4 27  4.690  3.8   1
     1479  26.835297  102.961597    14.338     2317.1   -12707.8     8201.9    767.4    791.6    974.4 2023  1  6  4 27 46.330  3.9   1
     1480  26.825732  102.968628    13.259     3015.6   -13767.7     7122.2    886.2    738.6    798.9 2023  1  6  4 51 23.310  3.7   1
     1481  26.434778  103.030143    14.379     9143.4   -57086.4     8242.6   1490.1   1778.7   1585.2 2023  1  6  4 53 43.510  3.3   1
     1482  27.032664  103.071289    28.411    13203.3     9160.9    22274.9   2009.7   1566.6   1558.8 2023  1  6  5  4 13.620  3.5   1
     1489  26.810911  102.967537    11.863     2907.9   -15409.9     5726.2    756.2    865.2    937.2 2023  1  6  6  5 52.330  3.0   1
     1490  26.834324  102.949325    12.881     1097.7   -12815.6     6744.5    854.7    852.9   1115.0 2023  1  6  6  8 33.500  3.0   1
     1491  26.851469  102.944914     8.862      659.3   -10915.8     2725.4   2496.7   2122.4   2503.5 2023  1  6  6 12 13.430  3.1   1
     1494  26.938947  102.838843    13.676    -9874.1    -1223.2     7539.4   1459.1   1283.5   1391.5 2023  1  6  7  0 26.850  3.4   1
     1496  26.832399  102.960791    13.420     2236.9   -13028.8     7283.4    762.0    902.7    867.5 2023  1  6  7 51  6.930  4.0   1
     1498  27.377311  103.013639     3.464     7469.6    47348.7    -2672.5   2270.3   1858.9   4244.7 2023  1  6  8 23 59.510  3.4   1
     1500  26.788501  103.186117    13.913    24628.1   -17892.9     7776.1   2340.4   2314.7   1887.4 2023  1  6  8 56 51.730  2.6   1
     1501  27.031608  103.159334    15.330    21943.0     9044.0     9193.7   2392.4   2404.6   6339.6 2023  1  6  9  8 30.110  3.1   1
     1509  26.832399  102.986328    17.300     4774.4   -13028.8    11163.2   1086.3    958.2   1064.1 2023  1  6 11  5  1.410  3.2   1
     1510  26.981244  102.924292     8.446    -1387.8     3463.5     2309.3   1644.8   1475.5   1232.2 2023  1  6 11 15 40.300  5.4   1
     1511  26.831893  102.964176    13.808     2573.4   -13084.9     7671.2    818.1    699.9    982.0 2023  1  6 11 24 59.760  3.7   1
     1516  26.827321  102.920597    18.980    -1756.4   -13591.6    12843.2   1214.5    943.7   1243.8 2023  1  6 12 54 52.290  3.0   1
     1519  26.816941  102.955762     7.729     1737.6   -14741.8     1592.7   1271.3    926.7   4820.7 2023  1  6 13 50 16.640  3.4   1
     1520  26.839596  102.951668    15.146     1330.5   -12231.5     9009.3    943.8    797.9   1185.6 2023  1  6 14 37 17.560  3.7   1
     1525  27.109292  102.811426    19.809   -12587.3    17651.6    13672.6   1919.3   1085.2   1449.5 2023  1  6 15 51 55.290  3.3   1
     1529  27.100747  103.099552     6.892    16004.1    16704.6      755.5   3557.2   2982.0   5942.9 2023  1  6 16  9 54.970  1.4   1
     1530  26.840483  102.945695    11.764      737.2   -12133.1     5627.5   1184.0    862.5   1422.4 2023  1  6 16 14 42.600  2.7   1
     1531  26.884420  102.935238     6.899     -301.3    -7264.9      762.6   2296.4   3610.6   4552.5 2023  1  6 16 35 36.810  2.5   1
     1532  27.091724  103.085156    35.884    14576.6    15704.9    29747.1   2706.6   2321.0   2292.2 2023  1  6 16 38 49.130  1.9   1
     1534  26.507304  103.004028     6.989     6542.3   -49050.3      852.4   1537.5   1541.6   1652.9 2023  1  6 16 48 36.090  3.5   1
     1537  26.885140  102.773641     7.741   -16352.4    -7185.2     1604.7  10064.1   2779.1   2985.9 2023  1  6 17  3 15.420  1.1   1
     1538  26.790177  102.975033     8.112     3653.0   -17707.2     1975.6   1441.9   1936.0   3463.2 2023  1  6 17  7 21.200  2.2   1
     1546  26.870831  102.885872     5.829    -5205.4    -8770.6     -307.1   3401.9   2063.2   4326.8 2023  1  6 18 53 36.500  2.2   1
     1548  26.992983  102.894767    11.790    -4319.2     4764.2     5653.9   1707.0   1145.0   1528.9 2023  1  6 19 28 33.340  2.8   1
     1549  27.052307  102.974740     3.281     3619.1    11337.4    -2855.8   4947.3   2998.8   3973.5 2023  1  6 19 36 35.120  1.4   1
     1551  26.825407  102.949772    13.411     1142.7   -13803.7     7274.4    814.5    829.9    773.1 2023  1  6 20 36  5.420  3.7   1
     1555  27.151882  102.839730     6.890    -9776.3    22370.7      753.3   1364.7    761.6   1526.9 2023  1  6 21  7 33.880  4.9   1
     1556  26.920040  102.949528    12.941     1117.6    -3318.1     6804.6   2792.3   2434.8   2497.7 2023  1  6 21 11 25.420  2.5   1
     1557  27.105939  103.121240     0.485    18156.1    17280.1    -5651.0   1717.4   1662.6   3753.8 2023  1  6 21 27 24.520  3.2   1
     1558  26.830837  102.963053    12.945     2462.3   -13202.0     6808.8    826.1    744.2    797.9 2023  1  6 21 38 29.200  4.3   1
     1559  27.048718  102.990869    12.761     5220.1    10939.9     6624.9   7984.9   1708.5   3866.5 2023  1  6 21 58 12.060  2.7   1
     1561  26.823031  102.967155    17.046     2869.7   -14067.0    10909.2   1061.3    783.0    835.2 2023  1  6 22 13 55.780  4.5   1
     1563  26.376050  103.330835    24.716    39078.6   -63593.7    18579.2   3186.0   4228.9   4994.2 2023  1  6 22 35 50.260  3.4   1
     1566  26.827836  103.014893    13.941     7612.3   -13534.5     7804.3   1744.9   1010.2   1424.5 2023  1  6 23 10 13.040  3.2   1
     1573  27.088767  102.980168     4.970     4157.2    15377.3    -1166.2   1938.0   1624.9   3506.2 2023  1  7  0 47 17.390  3.2   1
     1578  27.201526  102.841593    10.023    -9589.7    27871.3     3886.9   1854.2   1640.2   1438.8 2023  1  7  2 53 57.070  2.2   1
     1584  26.932715  102.675090    12.550   -26135.6    -1913.6     6413.7   1900.6   2267.7   1800.4 2023  1  7  5 10 35.680  2.9   1
     1587  26.807259  103.001204     1.931     6252.6   -15814.5    -4204.9   1503.6   1285.4   2487.6 2023  1  7  6 59  0.730  3.5   1
     1590  27.081797  102.927205    26.496    -1098.4    14605.0    20359.4   5484.7   9276.9   1919.3 2023  1  7  7 30 50.280  2.3   1
     1597  26.840562  102.921354    24.321    -1680.5   -12124.4    18184.1   1380.8   1844.9   4086.3 2023  1  7 11 13 16.360  1.4   1
     1598  26.845494  102.944385    15.373      607.5   -11578.0     9236.8    919.4    837.6    755.1 2023  1  7 11 38 45.550  3.3   1
     1601  26.879683  102.872591     0.137    -6523.8    -7789.7    -5999.6   1580.8   1372.8   2989.3 2023  1  7 13 18  6.020  2.6   1
     1603  27.294067  102.975846    15.034     3725.7    38125.1     8897.3   1561.0   1762.0   1200.7 2023  1  7 14 10 41.150  2.8   1
     1604  27.271259  102.905876    16.297    -3212.9    35597.8    10160.7   2003.1   1821.3   1311.3 2023  1  7 15 10 53.790  1.8   1
     1607  26.967733  102.890983     8.871    -4695.1     1966.3     2734.2   1306.6    971.1    990.1 2023  1  7 15 39 14.060  2.9   1
     1608  27.104856  102.863444    13.578    -7425.3    17160.0     7441.9   1281.7    770.1    795.7 2023  1  7 15 40  8.830  4.2   1
     1611  26.838198  102.948999    14.277     1065.9   -12386.3     8141.1    730.2    883.6    712.5 2023  1  7 16 37 55.380  2.6   1
     1612  26.861845  103.128581    31.298    18904.6    -9766.3    25161.2   6194.2   5514.4   2745.9 2023  1  7 17  8 26.540  2.1   1
     1614  26.893028  102.980786     5.998     4222.4    -6311.2     -138.0   1054.3    839.5   1197.1 2023  1  7 17 17 23.380  2.4   1
     1616  27.101400  102.816024     1.243   -12131.2    16777.1    -4893.1   1914.4   1361.4   4373.5 2023  1  7 18 24  7.060  2.5   1
     1620  26.815940  102.956087    12.301     1769.8   -14852.6     6164.9    867.4    786.3    813.3 2023  1  7 20 13  6.540  3.4   1
     1626  27.068785  102.679810     3.547   -25652.2    13163.3    -2589.6   2325.1   1927.9   2964.2 2023  1  7 21 13 44.480  2.9   1
     1628  26.971820  102.963525    10.152     2507.2     2419.3     4015.6   1411.3    992.7   1149.7 2023  1  7 22 20 54.920  2.8   1
     1634  26.740922  102.992513    21.669     5390.9   -23164.7    15532.9   4032.9   3005.8   3445.5 2023  1  8  1 33 16.530  1.6   1
     1635  26.989065  102.908138    10.761    -2992.2     4329.9     4624.7   1350.3   1008.6    963.6 2023  1  8  2 20 23.170  3.0   1
     1638  26.492664  102.935522     8.036     -273.8   -50672.6     1899.8   1624.7   1684.5   2386.0 2023  1  8  2 44 31.880  3.3   1
     1641  26.735588  102.852140    11.797    -8560.6   -23755.9     5660.2   2176.4   2060.6   2309.2 2023  1  8  4 26  9.320  3.1   1
     1642  26.810097  102.923918    17.072    -1426.3   -15499.9    10935.4   2142.1   2082.1   2488.4 2023  1  8  4 29 56.750  2.5   1
     1643  26.785205  102.962248     7.397     2382.4   -18258.1     1260.9   1456.4   1842.4   6280.5 2023  1  8  4 44 11.920  2.7   1
     1644  26.836625  102.947803    13.913      946.9   -12560.6     7776.8    754.3    754.8   1011.1 2023  1  8  5 28 16.570  3.7   1
     1646  26.836324  102.890584     8.843    -4737.6   -12594.1     2706.1   1116.5    787.3   1924.6 2023  1  8  5 59 42.990  5.1   1
     1648  26.759214  102.906991    14.792    -3108.8   -21138.1     8656.0   1136.5   1225.4   1186.3 2023  1  8  6 30 28.370  2.9   1
     1651  27.010081  102.924504     7.903    -1367.2     6658.8     1766.7   1664.8   1157.3   1073.1 2023  1  8  7  1 45.160  3.4   1
     1652  26.838436  102.968693    14.252     3022.0   -12360.1     8115.4   1232.5   1151.3   2117.9 2023  1  8  7 43 55.900  3.2   1
     1653  26.835592  102.953117    13.982     1474.4   -12675.1     7846.0    746.4    776.7    766.5 2023  1  8  9 21  3.240  3.7   1
     1654  27.453019  103.022274    27.724     8323.0    55737.5    21587.9   4053.6   2199.1   1965.0 2023  1  8  9 30 30.330  3.3   1
     1655  27.027568  102.801432    13.728   -13583.7     8596.3     7591.6   1371.1   1209.1   1781.1 2023  1  8  9 44 14.220  3.2   1
     1656  26.849813  102.902108     9.745    -3592.5   -11099.4     3608.5   2444.1   1832.9   2141.3 2023  1  8 10 17 33.540  3.0   1
     1657  27.131799  102.874072    13.236    -6370.0    20145.3     7099.3   1437.6    946.7    943.2 2023  1  8 10 34 34.150  4.5   1
     1659  27.133789  102.767489     8.548   -16944.8    20365.9     2411.2   2250.5   1397.0   2461.4 2023  1  8 11  7 30.660  2.9   1
     1662  26.832473  102.950415    13.265     1206.3   -13020.8     7129.0    744.9    720.0    770.8 2023  1  8 12 18 53.450  3.6   1
     1664  26.575975  103.267529     4.047    32748.2   -41441.5    -2089.8   2200.2   2933.5   4675.5 2023  1  8 13  4 11.910  2.2   1
     1665  27.077873  102.742367    22.725   -19442.7    14170.1    16589.1   1611.3   1477.0  10554.4 2023  1  8 13 31 36.480  3.7   1
     1670  26.855007  102.863143     2.430    -7463.3   -10523.9    -3706.8   3846.6   2943.5   4706.2 2023  1  8 16 10 24.950  2.6   1
     1674  26.503337  103.017676    10.715     7899.6   -49490.0     4578.7   1283.8   1407.7   1160.7 2023  1  8 16 58 43.770  3.5   1
     1675  26.831871  102.951782    11.291     1342.3   -13087.5     5154.4    788.1    672.8    677.8 2023  1  8 17  5 43.960  3.1   1
     1676  27.155727  102.987134     4.473     4847.6    22796.8    -1663.7   3958.1   1774.6   3102.4 2023  1  8 17 41 21.880  2.9   1
     1678  26.683675  103.000911    14.232     6227.0   -29507.8     8095.6   1006.9   1258.6   1284.6 2023  1  8 18  3 48.840  3.2   1
     1679  26.916005  102.970231    18.695     3173.6    -3765.0    12558.6   1130.4   1246.4   1230.4 2023  1  8 18 10 39.480  2.5   1
     1682  26.863983  102.931486    31.448     -674.2    -9529.4    25311.8   2694.0   2300.8   2541.8 2023  1  8 18 53 14.080  1.6   1
     1688  26.825977  102.960905    14.786     2248.6   -13740.6     8649.3    782.1    920.3   1401.3 2023  1  8 20 59 20.120  3.0   1
     1690  26.989561  102.881755    14.929    -5611.3     4385.1     8793.1   1471.6   1037.5   1226.4 2023  1  8 21 29 31.160  2.8   1
     1691  26.935775  102.858325    12.560    -7939.6    -1574.6     6423.7   1430.3   1036.6   1154.5 2023  1  8 21 39 13.640  3.3   1
     1692  26.940790  102.870817    13.439    -6698.4    -1018.9     7303.0   1335.6    975.7   1089.6 2023  1  8 21 47 29.700  3.2   1
     1694  26.523077  102.991455     9.561     5291.0   -47302.6     3424.3   1643.5   1795.7   2174.2 2023  1  8 22 47 19.760  4.4   1
     1696  26.890043  102.924146    10.390    -1403.1    -6641.9     4253.7    847.2    833.2    947.2 2023  1  9  1  2 25.250  3.1   1
     1700  26.544759  103.148714    27.382    20933.5   -44900.1    21245.5   1333.3   1617.8   1833.0 2023  1  9  4 33 32.050  4.0   1
     1703  27.207548  103.001416    10.511     6263.0    28538.5     4374.7   2834.6   2548.4   2313.2 2023  1  9  5 52  9.980  4.2   1
     1708  26.978628  102.578800    11.364   -35690.9     3173.6     5227.9   2662.7   3030.7   6579.1 2023  1  9  7  0 50.600  3.6   1
     1709  26.722251  102.970898    13.395     3243.2   -25233.5     7259.1   1023.7   1297.0   1675.9 2023  1  9  7  7 25.610  3.3   1
     1710  26.560148  103.066732     9.349    12777.9   -43195.0     3212.2   3783.1   2284.6   2746.8 2023  1  9  7 20 13.850  4.1   1
     1712  27.148096  103.261906    15.728    32108.4    21951.0     9591.2   1622.3   1533.5   2933.2 2023  1  9  9 18 53.240  4.3   1
     1717  27.112805  102.978011     7.317     3942.9    18040.9     1180.6   3734.7   2113.8   4011.0 2023  1  9 15 16  1.350  3.2   1
     1719  26.881881  102.938363     9.311        9.1    -7546.1     3174.6   1174.4   1004.2   1574.2 2023  1  9 16  6 17.470  3.2   1
     1720  26.876129  102.943571    10.291      526.4    -8183.4     4155.0    886.8    713.3    851.7 2023  1  9 16 14 24.770  3.0   1
     1721  26.876402  102.943490     9.643      518.5    -8153.3     3506.7    732.5    756.9    915.8 2023  1  9 16 39 28.720  3.0   1
     1722  26.868115  102.956388    15.135     1799.2    -9071.5     8999.1   1505.1   1048.8   1475.8 2023  1  9 16 57 16.400  4.2   1
     1723  26.663070  103.015365    21.629     7664.6   -31791.0    15492.5   1929.9   2234.0   1701.3 2023  1  9 17 10 38.240  3.9   1
     1725  26.389642  103.015422    26.960     7679.6   -62087.5    20823.7   2590.4   2160.9   1965.1 2023  1  9 18  8 50.720  4.4   1
     1726  26.889608  103.018433    11.688     7961.9    -6690.0     5551.9   1022.2   1276.9    936.4 2023  1  9 18 14 29.100  2.3   1
     1727  26.885105  102.962679    10.942     2424.6    -7188.9     4805.5    848.2    828.6    969.9 2023  1  9 19  8 37.980  2.9   1
     1728  26.914231  102.940771    12.562      247.7    -3961.6     6425.8   2417.4   1472.4   1683.5 2023  1  9 19 14  0.800  2.3   1
     1729  26.964978  102.907259     3.334    -3079.6     1661.1    -2802.5   1292.0   1306.5   1972.2 2023  1  9 19 18 43.680  2.5   1
     1730  26.862522  102.941064     7.189      277.3    -9691.1     1052.6   1091.5    886.7   1667.7 2023  1  9 19 27 32.440  2.9   1
     1731  26.936584  102.874536    10.158    -6329.2    -1484.9     4021.9   1034.2    882.7    941.7 2023  1  9 19 36  8.060  2.9   1
     1732  26.875413  102.946021    10.880      769.9    -8262.9     4743.3    842.2    730.2    753.4 2023  1  9 20 35 17.380  4.9   1
     1733  26.881036  102.945036    10.612      671.8    -7639.8     4475.4    756.7    726.6    830.8 2023  1  9 20 39 20.860  3.4   1
     1734  26.875570  102.943433     8.744      512.3    -8245.6     2607.5   1030.2    900.5   1125.9 2023  1  9 21 45  5.440  3.0   1
     1736  26.473787  102.992139     6.607     5359.7   -52764.0      470.1   1661.1   1347.8   1865.3 2023  1  9 21 58 22.960  2.5   1
     1737  26.883508  102.941935    10.732      364.1    -7365.8     4595.2    874.8    780.4    857.6 2023  1  9 22  7  4.500  3.6   1
     1738  26.881521  102.941317    11.878      302.2    -7586.2     5741.1    988.9    827.9    745.1 2023  1  9 22 12 25.440  3.7   1
     1741  26.573564  102.789282    11.659   -14819.1   -41708.5     5522.5   2233.9   3049.4   3220.5 2023  1  9 23 13 34.340  3.6   1
     1742  27.028969  102.829688    11.924   -10778.5     8751.5     5787.3   1167.2    888.6   1055.8 2023  1  9 23 27  6.800  3.3   1
     1743  26.604852  102.682308    38.756   -25455.6   -38241.8    32619.2   3117.0   3533.5   2424.0 2023  1 10  0  1  6.610  2.5   1
     1744  26.583185  102.765340    18.829   -17199.4   -40642.5    12692.9   3464.4   2259.1   1760.5 2023  1 10  1  8 19.670  2.8   1
     1748  26.880802  102.940210     9.878      192.7    -7665.7     3741.6   1201.4    905.9   1135.0 2023  1 10  1 44 54.780  2.7   1
     1752  26.911507  102.937207     9.108     -106.0    -4263.5     2971.7   1065.6    964.1   1466.3 2023  1 10  4 13  0.530  2.8   1
     1754  27.349361  102.834741    15.365   -10262.3    44251.8     9228.2   2313.2   1764.4   1819.7 2023  1 10  5 10 41.510  2.8   1
     1756  26.864284  102.820256    23.376   -11723.1    -9495.9    17239.6   1910.3   1087.3   1132.7 2023  1 10  5 52 45.990  3.1   1
     1757  27.110990  102.858032     8.364    -7962.1    17839.7     2227.3   1405.1   1179.6   1818.1 2023  1 10  6 47 57.870  3.4   1
     1759  26.970866  102.718986     8.291   -21772.7     2313.7     2154.8   2038.8   3099.3   3631.6 2023  1 10  7 15 53.240  2.7   1
     1760  27.010714  102.794165     5.369   -14306.1     6728.9     -767.8   1032.1   1658.7   1423.4 2023  1 10  7 20 18.320  3.0   1
     1765  26.984764  102.860881     8.516    -7683.8     3853.4     2379.8   1494.3   1381.9   1010.5 2023  1 10  8 19 50.520  3.9   1
     1770  26.871340  102.926042     7.740    -1215.4    -8714.3     1603.4    933.6    932.9    938.6 2023  1 10  9 51  7.700  3.4   1
     1778  26.865912  102.927661    18.102    -1054.3    -9315.7    11965.1   1590.3    932.8    963.3 2023  1 10 13 34 23.820  3.4   1
     1779  26.846570  102.931624    11.031     -660.2   -11458.7     4894.9   1038.2    883.0   1047.6 2023  1 10 13 36 48.280  3.4   1
     1780  26.865753  102.944572     7.007      626.1    -9333.2      871.0   1027.8   1066.1   1649.5 2023  1 10 14 22  2.390  2.8   1
     1781  26.825726  102.956860    11.248     1846.3   -13768.3     5111.2    902.4    820.6    944.9 2023  1 10 15  7 20.700  2.9   1
     1783  26.855882  102.928459    15.185     -975.1   -10427.0     9048.3    979.9    777.9    896.7 2023  1 10 15 13 25.930  3.7   1
     1785  26.849296  102.933984    13.348     -425.9   -11156.6     7211.7    795.4    803.9    842.7 2023  1 10 16 19 19.210  2.9   1
     1787  27.352466  102.889445    10.852    -4840.1    44595.9     4715.4   2335.0   1996.6   2212.7 2023  1 10 17  1 31.000  2.0   1
     1789  26.863568  102.975716    20.937     3719.6    -9575.3    14800.5   3188.3   2276.0   2170.7 2023  1 10 18 13 13.560  0.6   1
     1790  26.978125  102.924162     6.367    -1400.9     3118.0      230.8   1179.1    897.3   1104.8 2023  1 10 18 32 50.840  2.7   1
     1795  27.012632  102.814876    12.222   -12250.1     6941.3     6086.0   2672.9   1632.2   3525.9 2023  1 10 20 13 13.680  0.7   1
     1802  26.371916  103.037427    21.460     9870.7   -64051.7    15324.0   2036.3   2648.5   1477.5 2023  1 10 21 28 35.140  3.3   1
     1803  27.172675  102.792806    10.193   -14430.8    24674.6     4057.1   2049.3   1822.1   3541.1 2023  1 10 21 55 53.060  3.0   1
     1805  27.121116  102.802108     8.348   -13510.6    18961.7     2211.4   1339.2    784.7   1226.3 2023  1 10 22 46 21.860  3.2   1
     1807  27.360531  102.782446    16.057   -15445.3    45489.4     9920.5   1648.6   2636.2   5974.5 2023  1 10 23 13 39.160  3.8   1
     1809  26.716107  102.676725     9.409   -25997.9   -25914.3     3272.4   3097.4   2578.3   2643.2 2023  1 10 23 56  1.040  1.9   1
     1810  26.849449  102.936271    15.558     -198.7   -11139.9     9421.2    858.8    726.6    809.8 2023  1 11  0  7 17.780  3.6   1
     1812  26.951351  102.901725     8.603    -3629.4      151.2     2466.3   1107.8    870.5   1104.8 2023  1 11  0 36  5.800  2.7   1
     1817  27.322732  102.897030    18.467    -4088.7    41301.1    12330.6   2300.7   2040.1   1884.5 2023  1 11  3  3 58.590  3.4   1
     1820  26.855469  102.935286    13.736     -297.0   -10472.8     7599.5   1010.6   1433.9   1720.9 2023  1 11  4 17  3.990  2.8   1
     1821  27.112823  103.159424    16.458    21944.6    18042.8    10321.2   1400.8   1516.8   1901.7 2023  1 11  4 20 43.270  3.9   1
     1823  27.112079  102.837419    14.433   -10007.6    17960.4     8296.4   1265.2    775.7   1054.3 2023  1 11  4 48 26.140  4.3   1
     1828  27.126194  102.798446     8.445   -13874.2    19524.4     2308.2   2000.7   1688.9   2660.3 2023  1 11  7 16 53.220  3.3   1
     1833  27.152346  102.701668    29.755   -23473.4    22422.1    23618.8   2179.1   1380.1   1719.3 2023  1 11 10 17 52.360  3.2   1
     1836  26.744499  102.837004    32.229   -10064.8   -22768.6    26092.2   2361.3   4450.1   1666.9 2023  1 11 10 36 27.390  2.7   1
     1837  27.232576  103.147144    27.023    20714.6    31311.8    20886.4   3245.0   3833.6   5096.7 2023  1 11 10 53 24.830  3.1   1
     1845  26.992080  102.892562     8.801    -4538.5     4664.2     2664.2   2813.7   2260.7   2449.8 2023  1 11 12 38 42.830  1.7   1
     1846  26.881014  102.934481    12.072     -376.7    -7642.1     5935.8    825.8    825.7    987.2 2023  1 11 12 40 18.140  3.3   1
     1847  27.104926  102.855176    12.832    -8246.3    17167.8     6695.9   1216.5    763.4    890.4 2023  1 11 12 47 56.460  2.5   1
     1851  26.894472  103.101994    14.504    16261.3    -6151.1     8367.6   2366.2   2796.4   2165.0 2023  1 11 14 30 33.100  2.7   1
     1854  27.065102  103.084383     7.883    14501.2    12755.1     1746.6   2430.6   1692.9   4320.5 2023  1 11 15 17 27.400  3.6   1
     1855  26.879061  102.937752    10.177      -51.6    -7858.7     4040.9    876.7    759.2    920.7 2023  1 11 15 39  2.760  3.5   1
     1856  26.500964  102.946484    29.428      816.7   -49752.7    23291.4   2383.3   1870.4   1716.5 2023  1 11 16 39  8.350  2.6   1
     1862  26.883518  102.931323    10.191     -689.9    -7364.7     4054.2    955.5    914.0    850.0 2023  1 11 18 31 49.400  3.0   1
     1868  26.871580  102.948315    19.827      997.1    -8687.6    13690.7   1148.8   1077.4    837.3 2023  1 11 20 35 25.940  2.9   1
     1874  27.282330  102.923674     5.546    -1447.5    36824.6     -590.1   2055.4   2309.2   2708.1 2023  1 11 23 41 30.080  1.5   1
     1878  27.027352  102.794312    17.287   -14290.0     8572.5    11150.8   1146.5    845.3   1265.4 2023  1 12  1 42  2.140  3.9   1
     1880  27.107208  103.033415    10.608     9440.7    17420.6     4471.6   2457.8   2995.1   5835.6 2023  1 12  2 48 34.720  3.3   1
     1884  27.107493  102.861792    16.620    -7589.1    17452.3    10484.0   1295.9    808.8   1029.7 2023  1 12  6 25 51.630  6.0   1
     1885  27.117584  102.800049    14.840   -13715.5    18570.3     8703.4   1522.6    848.3   1215.5 2023  1 12  6 36 45.960  5.0   1
     1886  27.121983  102.818563     6.178   -11878.2    19057.8       41.6   1860.3   1222.3   2051.5 2023  1 12  6 54  8.120  3.2   1
     1891  26.685645  103.211784     9.085    27190.6   -29289.7     2948.6   3538.3   2250.2   4047.0 2023  1 12  9  0 32.700  2.7   1
     1892  26.481950  102.893319     6.184    -4472.7   -51859.5       47.7   1807.7   1672.0   3468.9 2023  1 12  9  8 39.320  3.4   1
     1893  27.004193  102.899259     1.914    -3873.5     6006.3    -4222.3   1660.1   1464.0   1920.8 2023  1 12  9 17 59.720  2.8   1
     1895  27.082458  102.929134    17.985     -907.3    14678.4    11848.4   1912.7   1091.5   1150.0 2023  1 12  9 24 17.860  3.9   1
     1896  27.064386  103.075871    17.660    13656.2    12675.9    11523.7   2499.6   2824.7   3587.6 2023  1 12  9 50 19.320  3.6   1
     1897  27.006942  102.855428     5.501    -8224.8     6310.9     -635.1   3042.1   2504.6   4758.4 2023  1 12  9 59 56.900  2.5   1
     1898  27.119478  102.805884    13.472   -13136.7    18780.2     7335.5   1291.1    788.2   1055.3 2023  1 12 11  0 25.500  4.2   1
     1910  26.677085  103.204883     2.219    26505.5   -30238.1    -3917.3   2422.7   2173.4   3999.1 2023  1 12 18 13 54.760  2.7   1
     1912  27.100907  102.808976    17.148   -12830.6    16722.4    11011.5   1431.5    902.8   1317.1 2023  1 12 18 39  9.000  3.1   1
     1918  26.943787  102.788363     7.658   -14886.5     -686.8     1521.2   2106.6   1468.7   2123.8 2023  1 12 19 47 23.600  2.7   1
     1920  26.858354  102.998665     7.206     5999.2   -10153.2     1069.5    803.2    842.2   1184.1 2023  1 12 20 14 58.940  2.5   1
     1921  27.251390  103.254329    44.525    31342.3    33396.3    38388.2   2217.9   2023.6   2193.3 2023  1 12 20 23 46.400  3.3   1
     1923  27.116630  102.820858    13.560   -11651.0    18464.6     7423.4   1354.1    809.3   1048.8 2023  1 12 21 27 16.860  4.8   1
     1924  27.121830  102.818612    12.602   -11873.6    19040.8     6465.2   1501.9    809.2   1457.1 2023  1 12 22 30 23.240  3.9   1
     1925  26.883293  102.930729     6.762     -749.1    -7389.7      625.8   2881.1   2130.4   2508.1 2023  1 12 22 42 18.720  2.7   1
     1926  27.108498  102.814681    14.502   -12264.0    17563.7     8365.5   1344.0    820.1   1052.1 2023  1 12 22 45 29.160  3.7   1
     1927  27.047782  103.082707    10.116    14335.7    10836.2     3979.2   2845.6   2176.9   3940.2 2023  1 12 23 40  4.880  3.0   1
     1928  27.101267  102.856828    13.265    -8082.3    16762.5     7129.0   1311.6    871.9    912.3 2023  1 13  0  2  4.850  3.5   1
     1932  26.954476  102.806494    15.346   -13085.7      497.6     9209.2   1126.1   1051.5   1194.4 2023  1 13  1 21 27.390  3.5   1
     1934  27.106348  102.865145    12.134    -7256.3    17325.4     5997.3   1317.5    803.4    925.7 2023  1 13  1 42 41.480  3.2   1
     1937  26.881785  102.892716    11.606    -4525.0    -7556.8     5469.5   3134.1   2083.8   6255.2 2023  1 13  2 33 16.350  1.8   1
     1938  27.186741  103.082723     9.347    14328.9    26233.2     3210.8   1485.5   1532.5   2069.7 2023  1 13  2 33 38.280  3.0   1
     1939  26.645203  103.096842    14.263    15767.2   -33770.9     8127.0   3419.2   2309.3   1953.2 2023  1 13  3 49  3.850  2.5   1
     1940  26.484471  102.761987    12.373   -17540.8   -51580.2     6236.4   2525.9   2824.9   4439.8 2023  1 13  4 23 54.520  3.0   1
     1941  26.829299  102.975724    10.853     3720.7   -13372.5     4716.6    847.0    760.8    797.2 2023  1 13  5 13  5.790  3.6   1
     1944  27.171556  103.154614    12.688    21461.9    24550.6     6551.2   2563.9   1853.0   2685.9 2023  1 13  7 14 30.280  3.2   1
     1946  27.045229  103.312126    22.947    37107.9    10553.2    16810.4   1279.3   1529.1   1129.4 2023  1 13  7 37 45.540  4.0   1
     1947  27.110016  102.827979    15.122   -10944.8    17731.7     8985.7   1172.8    901.1   1133.2 2023  1 13  9 37 46.380  2.8   1
     1948  27.110522  102.862077    14.531    -7561.1    17787.8     8394.8   1253.3    792.4    820.9 2023  1 13  9 48 48.310  3.4   1
     1951  26.580638  103.067513    10.040    12854.5   -40924.7     3903.5   1481.9   1387.4   1421.8 2023  1 13 10 14 16.080  2.4   1
     1957  27.116406  102.831836    10.163   -10561.4    18439.9     4026.6   1144.5    689.3    930.2 2023  1 13 11 23 47.790  3.1   1
     1959  27.113391  102.842472     4.833    -9506.1    18105.7    -1303.7   1106.6    725.5   1191.6 2023  1 13 11 56 17.150  3.2   1
     1960  26.878015  103.071704     6.584    13253.4    -7974.5      448.1   1225.2   1736.1   2251.9 2023  1 13 12  0 12.650  2.8   1
     1961  27.097207  102.898234    14.134    -3972.9    16312.5     7997.6   1554.1   1048.3    904.4 2023  1 13 12  4 18.040  2.8   1
     1962  27.123433  102.897559    10.400    -4039.5    19218.5     4263.7   1283.9    817.9   1056.9 2023  1 13 12 33 23.730  4.1   1
     1965  27.104517  102.817310    13.162   -12003.6    17122.3     7026.1   1169.0    864.3   1104.0 2023  1 13 13 55 47.290  3.4   1
     1968  27.093262  102.911906    17.345    -2616.3    15875.4    11208.5   1477.5    892.7    768.2 2023  1 13 14 55 59.380  2.5   1
     1969  26.580733  102.943579    10.275      527.7   -40914.2     4138.4   2739.1   2456.2   2828.5 2023  1 13 15  1  1.130  3.0   1
     1970  26.708301  103.011369    20.267     7266.0   -26779.3    14130.4   2743.8   3822.7   3096.0 2023  1 13 15 36 38.950  3.8   1
     1972  27.092605  103.249886     3.590    30923.8    15802.6    -2546.6   1547.1   2252.2   2594.9 2023  1 13 16  4 20.420  2.9   1
     1975  27.116071  102.844507    11.848    -9304.4    18402.7     5712.0   1333.0    834.3   1338.0 2023  1 13 17 40 58.040  2.8   1
     1977  27.491693  103.025016    29.774     8593.3    60022.7    23637.6   3160.6   1966.4   1559.3 2023  1 13 18  3  8.720  3.1   1
     1979  27.086049  103.015609    21.447     7674.5    15076.1    15310.6   2019.1   2433.8   1591.1 2023  1 13 18 15 54.260  1.7   1
     1981  27.152380  103.126302     4.909    18654.8    22425.8    -1227.2   1743.9   1698.0   2929.3 2023  1 13 18 35 34.340  3.6   1
     1983  27.098484  102.876326    12.987    -6146.8    16454.0     6851.0   1338.8    831.4    814.6 2023  1 13 18 44 10.720  3.2   1
     1986  27.096472  102.957463     5.257     1904.3    16231.2     -879.4   1652.0   1621.7   3366.6 2023  1 13 20 24 47.360  2.4   1
     1987  27.125698  102.790771     6.804   -14635.3    19469.4      668.1   1299.4    838.1   2437.9 2023  1 13 20 28 56.680  3.1   1
     1993  27.059465  102.854264     3.909    -8337.7    12130.5    -2227.8   1830.4   1114.3   2500.6 2023  1 13 23  5 10.780  2.7   1
     1995  27.233065  103.018441     4.741     7951.0    31365.8    -1395.3   2066.5   2163.2   2154.1 2023  1 13 23 58 19.000  2.0   1
     1999  26.787052  102.975496    12.816     3698.6   -18053.4     6679.3    940.3    868.2   1375.2 2023  1 14  2  9 10.410  3.6   1
     2001  26.733828  103.029500    17.010     9067.2   -23950.8    10874.1   1801.2   3141.7   1775.5 2023  1 14  2 11 22.390  3.5   1
     2002  26.782558  102.982560    14.902     4400.7   -18551.4     8765.2    821.7    997.9    925.5 2023  1 14  2 13 49.160  3.6   1
     2006  27.098224  102.856185    17.077    -8146.1    16425.2    10940.6   1434.9    841.7    774.9 2023  1 14  4 22 24.510  3.2   1
     2008  26.858272  102.852287     3.552    -8542.1   -10162.2    -2584.4   2779.6   1277.8   2622.8 2023  1 14  5 22 43.770  2.9   1
     2014  26.878245  102.930786     9.370     -744.0    -7949.0     3233.8    815.9    719.4    879.1 2023  1 14  8 57 20.990  2.8   1
     2016  26.730410  102.790666     8.382   -14671.2   -24329.6     2245.4   2157.9   2539.2   2371.0 2023  1 14  9 26 46.190  2.7   1
     2017  26.973305  103.076693     4.168    13743.3     2583.8    -1968.8   1819.3   1844.4   3129.1 2023  1 14  9 52  5.450  3.3   1
     2026  26.982025  102.987191    10.166     4856.7     3549.9     4029.7   1473.5   1169.9   1475.8 2023  1 14 13 17 19.210  2.6   1
     2030  27.094535  102.979997     5.009     4140.6    16016.5    -1126.9   3473.3   1676.3   4510.2 2023  1 14 14  8 42.590  3.6   1
     2031  26.857475  102.924137    12.035    -1404.4   -10250.5     5898.7   1226.1    979.5   1032.0 2023  1 14 14 35  3.700  3.0   1
     2032  26.848598  102.888468     7.891    -4947.8   -11234.1     1754.9   1242.7   1035.9   1551.5 2023  1 14 14 39 41.820  3.4   1
     2044  26.938381  102.905111     6.313    -3293.4    -1285.8      176.4   1026.3    753.5   1072.2 2023  1 14 16 43 43.950  2.8   1
     2045  26.935626  102.874837    10.748    -6299.5    -1591.2     4612.1   2668.7   2249.5   2038.9 2023  1 14 17  1 56.200  2.9   1
     2047  27.163574  103.195711    12.322    25539.1    23666.2     6186.1   2195.3   2687.2   5731.6 2023  1 14 17 18  1.000  2.6   1
     2051  27.028359  102.880762     5.176    -5708.8     8684.0     -960.6   2290.1   1503.1   1649.4 2023  1 14 20 43 41.180  3.5   1
     2057  26.955632  102.919653     7.972    -1848.8      625.6     1835.7   1165.0    876.7    942.4 2023  1 14 21 31 33.240  2.7   1
     2060  27.219775  102.860482     5.287    -7715.5    29893.3     -849.0   2068.3   2668.9   2534.6 2023  1 14 21 48 47.400  1.9   1
     2063  27.107438  102.816130     9.827   -12120.2    17446.1     3690.3   1241.8    783.8   1235.6 2023  1 14 23 36 57.880  3.7   1
     2066  26.791018  102.976221    28.490     3770.8   -17614.0    22353.9   2576.4   1693.3   1537.1 2023  1 15  1 14 27.300  3.0   1
     2067  26.758508  102.791878    12.835   -14548.9   -21216.1     6699.0   1764.4   2579.5   1865.6 2023  1 15  1 23 56.700  2.5   1
     2072  27.044202  102.680143     7.609   -25621.7    10439.3     1472.4   2050.4   2236.6   2238.5 2023  1 15  1 56 54.790  3.0   1
     2076  26.620113  102.847461    25.136    -9030.2   -36550.7    18999.6   3153.7   2274.8   2237.5 2023  1 15  2 20 18.550  3.4   1
     2077  27.062695  103.127661    12.150    18796.7    12488.4     6013.5   1928.8   1982.8   3330.4 2023  1 15  3  5 26.790  3.6   1
     2078  26.926261  103.053809    50.618    11473.6    -2628.8    44481.5   5389.3   2294.1   2861.0 2023  1 15  3 53  9.460  2.6   1
     2079  26.848378  102.986076     9.905     4748.5   -11258.3     3768.5   3712.9   2030.3   4977.3 2023  1 15  4  0 31.110  3.1   1
     2080  26.802820  102.930013    12.131     -820.6   -16306.4     5994.9   5201.9   3381.4   2984.0 2023  1 15  4  4 10.860  3.1   1
     2083  26.883085  103.159269    15.240    21951.1    -7412.8     9103.3   2163.4   2650.0   1793.2 2023  1 15  5 32 14.670  3.1   1
     2084  27.054399  102.992586     2.903     5390.7    11569.3    -3233.7   1630.0   1697.7   3206.7 2023  1 15  5 40 13.010  2.7   1
     2085  26.960484  103.026465    10.790     8756.7     1163.1     4653.5   1238.7   1810.7   1554.0 2023  1 15  5 52  9.340  2.7   1
     2091  27.601349  102.918416    22.876    -1966.4    72172.7    16740.1   4067.0   3050.6   3474.4 2023  1 15  8 20 55.270  3.9   1
     2093  26.676086  103.120394    12.380    18106.2   -30348.8     6243.5   2270.4   1956.5   1934.9 2023  1 15  8 44 35.800  2.4   1
     2105  26.749685  102.762044     1.823   -17514.8   -22193.8    -4313.3   3605.5   2135.5   2495.0 2023  1 15 13 25 48.110  1.9   1
     2114  27.105528  103.147884    11.423    20800.1    17234.5     5286.8   1499.1   1246.5   6882.8 2023  1 15 16  5 58.880  3.7   1
     2116  27.178756  102.973470     1.703     3491.1    25348.4    -4433.6   3214.7   1375.4   2406.2 2023  1 15 16 30 19.120  2.8   1
     2118  26.600720  103.125195    13.115    18589.2   -38699.6     6978.4   1271.4   1860.5   1803.0 2023  1 15 16 52 10.380  1.9   1
     2119  27.107922  102.839941    14.432    -9757.8    17499.9     8295.4   1316.6    830.5    770.2 2023  1 15 17 11  5.080  3.8   1
     2120  26.838041  102.907747     9.511    -3032.4   -12403.7     3374.2   1051.0   1165.1   1176.0 2023  1 15 17 24 37.540  2.8   1
     2121  26.895201  102.860653     6.708    -7709.4    -6070.4      571.7   2780.8   1885.7   2203.5 2023  1 15 17 27 46.360  2.8   1
     2124  26.637559  103.003255    10.982     6461.7   -34617.7     4845.1   1593.0   1686.4   1741.0 2023  1 15 18 44 18.460  2.7   1
     2127  26.938529  102.954215    19.689     1582.8    -1269.3    13552.8   1655.8   2433.3    915.9 2023  1 15 19 40 19.120  3.1   1
     2134  26.844328  102.878328    10.138    -5955.5   -11707.2     4001.5   3105.6   2380.6   3861.5 2023  1 15 20 43 16.800  0.8   1
     2137  26.900527  103.235547     4.783    29525.1    -5480.2    -1353.2   2251.0   1833.1   2895.0 2023  1 15 21 51 18.920  2.8   1
     2142  27.042637  103.590861    34.368    64774.7    10265.9    28231.9   2211.8   2179.1   2656.8 2023  1 15 22 18 33.540  3.8   1
     2143  27.111674  102.978727    13.143     4013.8    17915.4     7006.4   4058.3   3538.4   3296.4 2023  1 15 22 30 14.240  2.7   1
     2145  26.857906  102.861458    10.198    -7630.3   -10202.7     4061.2   1458.7   1334.9   1164.4 2023  1 15 23 22 58.340  2.6   1
     2148  27.018024  102.993400    33.203     5472.1     7538.9    27066.6   2524.9   1608.6   1313.6 2023  1 15 23 39 53.180  2.8   1
     2149  26.897380  103.126123     5.929    18657.3    -5828.8     -207.8   1594.7   1919.3   2517.7 2023  1 15 23 45 28.480  3.5   1
     2153  26.837195  102.952840    12.979     1447.3   -12497.6     6842.7    703.5    726.7    561.1 2023  1 16  2 13 26.450  3.6   1
     2154  26.833757  103.324447     1.094    38366.0   -12878.5    -5042.0   1902.9   3372.0   3301.1 2023  1 16  2 27  4.180  2.9   1
     2155  27.108449  102.795036     4.280   -14213.3    17558.1    -1856.0   1625.4    987.2   1778.2 2023  1 16  2 44 33.220  3.1   1
     2157  27.155983  102.861035     0.363    -7662.4    22825.1    -5773.4   4909.6   2295.0   4902.6 2023  1 16  3 47 40.300  3.3   1
     2158  27.029329  103.053263    29.120    11414.3     8791.6    22983.8   2159.2   1451.6   1240.6 2023  1 16  4 10 57.510  4.7   1
     2163  26.962356  102.835303     5.296   -10224.1     1370.5     -840.0   2100.6   1878.2   3047.2 2023  1 16  5  6 14.980  2.7   1
     2170  26.842306  102.785213     2.732   -15205.7   -11931.3    -3404.3   2340.2   2331.9   2882.8 2023  1 16  7 54 11.670  2.0   1
     2171  26.974984  102.977368     6.420     3882.0     2769.8      283.1   1071.5   1303.0    927.0 2023  1 16  8 21 20.280  3.6   1
     2172  26.969106  102.964535     6.069     2607.3     2118.7      -67.4   1088.9   1235.0   1113.7 2023  1 16  8 34  0.500  3.8   1
     2173  26.859349  102.937826    11.763      -44.5   -10042.9     5626.6    972.3    755.4    750.0 2023  1 16  8 53 26.520  3.6   1
     2175  26.858995  102.967912    16.542     2944.3   -10082.1    10405.6    894.5    989.0    977.1 2023  1 16  8 58 50.730  3.3   1
     2178  26.886151  103.008236    11.745     6948.9    -7073.0     5608.3   2839.1   2535.7   2019.6 2023  1 16  9 41 12.860  3.0   1
     2180  26.844623  102.941797     4.736      349.9   -11674.5    -1400.6    960.5    984.2   1915.6 2023  1 16 10 14 47.540  2.7   1
     2185  27.093738  103.003890     1.598     6511.7    15928.1    -4538.6   1861.9   1603.1   3056.1 2023  1 16 12  1 53.030  2.9   1
     2187  27.042706  103.236906     2.566    29642.0    10273.7    -3569.9   1763.8   2325.0   2834.4 2023  1 16 13  2 13.650  3.2   1
     2194  27.274972  102.833960    32.494   -10343.5    36009.2    26357.9   3543.3   2718.0   2514.4 2023  1 16 15 26  9.820  2.4   1
     2195  26.836198  102.983960    12.801     4539.0   -12607.9     6665.0   1044.2    769.3    764.9 2023  1 16 16  3 18.920  3.4   1
     2196  26.986068  102.913875    20.516    -2422.7     3997.9    14379.4   1864.3   2035.3  12456.3 2023  1 16 16 10  8.970  2.5   1
     2198  26.978900  102.925757     8.791    -1242.4     3203.8     2654.3   1035.6    785.4    960.2 2023  1 16 16 16 44.450  3.2   1
     2199  26.967778  102.938005     8.620      -27.0     1971.4     2483.1   1015.6    785.3    968.4 2023  1 16 16 20  5.830  3.0   1
     2206  27.093465  103.268880    14.553    32807.9    15898.0     8416.4   1962.5   1725.7   3368.1 2023  1 16 17 24 34.440  3.5   1
     2207  26.984837  102.770418    11.552   -16665.1     3861.7     5415.9   4678.3   6743.7   5530.0 2023  1 16 17 43 45.000  2.1   1
     2208  26.838043  102.914844     9.662    -2327.6   -12403.6     3525.7   1553.8   1077.2   1550.6 2023  1 16 18 25 35.240  3.2   1
     2209  26.970060  102.859961    10.762    -7775.4     2224.2     4625.5   2823.5   2396.8   2324.2 2023  1 16 18 30 57.880  1.8   1
     2212  27.092395  102.907381    15.535    -3065.9    15779.3     9398.5   1548.2    931.8   1026.0 2023  1 16 19  2 17.180  2.7   1
     2215  26.469027  102.986214     5.898     4770.9   -53291.5     -238.1   1930.9   1576.3   4091.3 2023  1 16 19 35 29.480  2.0   1
     2218  27.085472  103.334367     4.713    39308.0    15012.3    -1423.7   1993.6   3650.0   3520.8 2023  1 16 20  4 27.280  3.7   1
     2219  26.981437  102.821419     6.581   -11602.1     3484.8      444.6   1044.6   1495.3   1506.7 2023  1 16 21  1 28.460  2.8   1
     2224  26.653756  102.911507    16.830    -2661.7   -32823.0    10693.4   1600.0   1511.5   1525.5 2023  1 16 21 49 53.100  1.1   1
     2227  26.599211  102.579248    16.212   -35705.8   -38866.8    10075.1   5015.7   5786.3   6716.2 2023  1 16 22 30 13.560  2.2   1
     2229  26.604785  103.107812     7.419    16860.2   -38249.2     1282.2   2574.4   2725.7   2566.6 2023  1 16 22 46 57.800  1.9   1
     2230  26.885950  103.045630     9.136    10663.2    -7095.4     2999.6   2327.8   2416.2   2499.3 2023  1 16 23  4  7.160  2.5   1
     2231  26.584092  102.956502     6.182     1813.2   -40541.9       45.3   1729.2   2940.2   2321.1 2023  1 16 23 51 20.800  2.3   1
     2234  27.210596  102.850090     2.872    -8746.4    28876.3    -3264.8   2305.3   1894.8   2801.7 2023  1 17  2  7 35.770  3.1   1
     2236  27.083852  103.181632    13.243    24151.4    14832.8     7106.9   1540.3   1669.7   1788.6 2023  1 17  2 35 57.360  3.8   1
     2247  27.040145  102.989852    25.402     5119.3     9989.8    19265.5   2482.0   2344.3   1473.7 2023  1 17  5 46 52.500  2.2   1
     2248  26.568856  103.067928    13.466    12896.1   -42230.2     7329.5   1530.5   1521.7   1298.0 2023  1 17  7 15 21.930  4.3   1
     2255  27.197756  103.099552    14.741    15997.8    27453.7     8604.7   2834.9   2100.5   2721.1 2023  1 17  9 14 52.110  3.4   1
     2259  26.910400  103.067244    11.297    12808.8    -4386.3     5161.1   1635.8   2574.7   1773.5 2023  1 17 10  7  6.440  2.6   1
     2261  26.972795  103.154256    19.253    21444.8     2527.2    13116.3   1815.9   1298.8   2232.1 2023  1 17 11 15 17.050  3.2   1
     2263  27.111432  103.079321    20.271    13995.7    17888.7    14134.2   3019.2   3500.7   2577.5 2023  1 17 11 41 37.350  2.9   1
     2264  27.125144  102.810596     2.184   -12668.3    19408.2    -3951.9   1386.3   1112.7   2420.7 2023  1 17 12 11 25.270  2.8   1
     2266  27.140159  102.873763    10.205    -6400.3    21071.7     4068.4   1319.4    854.1   1443.4 2023  1 17 12 36 10.780  3.7   1
     2269  27.115171  102.884733     5.110    -5312.8    18303.1    -1026.3   1832.0   1111.3   1421.7 2023  1 17 12 55 13.130  3.6   1
     2271  26.769765  103.125496     7.604    18605.4   -19969.0     1467.3   3009.8   2075.1   3397.9 2023  1 17 13 44 12.520  1.0   1
     2272  27.144769  103.061662     1.997    12242.2    21582.6    -4139.0   2291.0   1348.2   2542.9 2023  1 17 14  3 40.640  3.0   1
     2275  27.087722  102.738582    12.514   -19817.2    15261.4     6377.4   1814.6   1359.7   1991.2 2023  1 17 14 23 48.860  2.8   1
     2281  27.064988  103.054036     5.702    11489.1    12742.6     -434.2   1806.2   1916.5   3932.2 2023  1 17 15 29  9.270  3.3   1
     2284  27.307524  102.850269    23.394    -8725.1    39616.2    17257.4   2488.9   2494.1   1777.6 2023  1 17 15 49 45.030  3.8   1
     2285  26.893756  102.755322    14.874   -18171.5    -6230.4     8737.7   1388.6   1604.1   1505.0 2023  1 17 15 49 45.630  4.6   1
     2286  26.836743  102.954842     9.102     1645.8   -12547.5     2965.3    960.3    894.0   1418.9 2023  1 17 16  1 33.800  2.9   1
     2287  27.052891  102.894043     9.257    -4390.4    11402.2     3120.3   4470.1   1620.3   2902.8 2023  1 17 16 55 13.260  2.1   1
     2288  27.144208  102.711304    25.796   -22518.3    21520.4    19659.2   3228.2   2179.0   3000.8 2023  1 17 17 40 49.280  3.0   1
     2289  27.224111  102.812272     5.698   -12496.5    30373.7     -438.8   2117.3   2454.9   4456.3 2023  1 17 17 41 23.980  3.0   1
     2293  26.823210  102.980477    13.114     4192.8   -14047.2     6977.3   3243.2   2019.1   2774.9 2023  1 17 18 26 33.720  2.6   1
     2296  26.988265  103.093245    14.869    15385.6     4241.4     8732.7   1449.5   1496.0   2584.6 2023  1 17 19 11 52.580  3.0   1
     2298  26.881753  102.876978     7.141    -6088.1    -7560.5     1004.4   2342.0   1239.9   2316.2 2023  1 17 19 20 34.640  2.7   1
     2301  27.073905  102.820898     3.630   -11648.9    13730.6    -2506.8   2242.8   2365.0   3263.4 2023  1 17 20  8  1.560  2.9   1
     2302  27.080522  102.907853     9.322    -3018.9    14463.6     3185.7   1330.5    777.8    988.8 2023  1 17 20 12 10.240  3.8   1
     2303  27.132290  102.816789     3.156   -12053.5    20199.8    -2980.8   1236.5    844.4   2437.7 2023  1 17 20 19  3.620  2.4   1
     2304  26.948159  102.913241     3.624    -2485.8     -202.4    -2512.8   2268.3   2030.7   1589.4 2023  1 17 20 37 19.900  1.9   1
     2305  27.044582  102.849251     7.573    -8835.9    10481.5     1436.2   1094.0    965.1   1136.2 2023  1 17 20 43 35.940  3.1   1
     2306  26.899068  102.906421    10.958    -3163.9    -5641.8     4822.0   1455.7   1206.5   1470.2 2023  1 17 20 57  4.440  2.7   1
     2311  27.078200  102.882983    12.913    -5487.3    14206.5     6777.0   1714.3    985.4   1198.3 2023  1 17 21 24 35.720  2.9   1
     2312  27.056433  102.981421     6.901     4282.5    11794.6      764.4   1149.9   1183.4   1466.4 2023  1 17 21 56 35.680  3.1   1
     2315  27.082058  102.660335     9.622   -27583.1    14633.8     3485.3   2025.9   2065.8   2758.3 2023  1 17 23 24 12.560  2.4   1
     2322  27.181622  102.694035    31.245   -24227.8    25665.9    25108.9   6981.4   4572.0   3641.5 2023  1 18  0 12 18.530  4.5   1
     2326  27.047933  102.858260    15.116    -7942.2    10852.8     8980.0   2348.3   1753.0   1868.6 2023  1 18  1 13 25.750  3.3   1
     2327  26.806783  103.028459    29.996     8961.2   -15867.3    23859.8   1880.8   1278.3   1544.8 2023  1 18  1 23 41.130  3.2   1
     2328  27.275972  103.011654     3.899     7276.0    36120.2    -2237.7   1657.0   2813.3   2238.9 2023  1 18  2 17 51.990  2.3   1
     2330  26.763407  103.019743    16.446     8096.8   -20673.3    10309.3   1230.0   1270.1   1303.5 2023  1 18  2 58 19.520  3.0   1
     2346  26.791396  102.866357    31.610    -7146.1   -17572.2    25473.6   2277.8   1628.3   1144.8 2023  1 18  6 46 59.320  2.6   1
     2347  26.693093  103.163102    19.570    22350.5   -28464.4    13433.3   3396.0   2605.1   2534.8 2023  1 18  7 15 29.410  2.8   1
     2348  27.003341  102.873771     5.654    -6403.1     5911.9     -482.4   2430.5   1752.9   1917.2 2023  1 18  7 22 51.730  3.2   1
     2351  26.502655  102.946859     1.390      854.4   -49565.5    -4746.1   2497.5   2275.1   3158.5 2023  1 18  8 32  4.740  3.3   1
     2358  26.975968  102.951115    18.250     1275.3     2878.9    12113.6   1999.3   1209.2   1480.8 2023  1 18 11 48 27.580  3.0   1
     2362  27.076788  103.058740    13.600    11955.8    14050.1     7463.7   2244.2   1910.8   3371.0 2023  1 18 13  5 53.640  3.1   1
     2363  27.116001  103.394735    12.000    45293.3    18395.1     5863.8   3096.1   1885.5   5366.2 2023  1 18 13 20 34.460  3.3   1
     2364  27.146448  103.424609    23.168    48250.9    21768.6    17031.5   2413.1   1953.4   2311.5 2023  1 18 13 49 14.610  3.5   1
     2369  27.045351  103.029142    11.496     9019.3    10566.7     5359.7   2055.1   1791.1   2018.0 2023  1 18 14 19 31.340  3.3   1
     2373  27.003271  102.819027     2.495   -11838.0     5904.2    -3641.7   2538.0   2191.4   4204.2 2023  1 18 16 34 25.770  2.7   1
     2375  26.937203  102.925814     8.946    -1237.4    -1416.4     2809.9   3307.2   2274.9   2522.7 2023  1 18 17 22 49.960  2.3   1
     2376  27.120697  102.956095     9.886     1768.8    18915.2     3750.9   2092.3   1267.7   1314.6 2023  1 18 17 49 34.480  2.6   1
     2377  26.829930  103.054321     4.672    11529.7   -13302.6    -1463.9    969.7   1011.0   2383.6 2023  1 18 17 54  8.640  2.4   1
     2380  27.104146  102.887850     6.926    -5003.3    17081.4      789.4   1331.0    803.4   1398.4 2023  1 18 19 33 20.760  3.7   1
     2385  27.033588  102.818148    12.214   -11923.7     9263.4     6077.5   1073.4    964.0   1057.9 2023  1 18 21 12 59.400  3.2   1
     2389  26.779543  102.790682    50.813   -14666.6   -18885.5    44677.0   9212.5   9579.4   6607.9 2023  1 18 23 25 24.140  2.4   1
     2392  26.811558  102.988981     7.391     5038.0   -15338.1     1254.5   1604.0   1944.0   5264.5 2023  1 19  0  3 55.730  2.0   1
     2401  26.724882  103.163859    15.050    22422.8   -24942.1     8913.3   3009.7   2206.9   1814.2 2023  1 19  2 40 30.360  2.7   1
     2402  26.878949  103.118660     5.869    17917.6    -7871.1     -267.6   1491.0   1422.6   1768.4 2023  1 19  3 45  0.380  2.3   1
     2404  27.120359  102.844694     9.709    -9285.5    18877.9     3573.1   1383.3    949.2   1341.9 2023  1 19  3 59 42.160  3.2   1
     2406  27.006535  103.048511    22.049    10943.6     6265.9    15912.8   1660.8   2413.5   1271.7 2023  1 19  4 12  8.720  3.6   1
     2408  26.799776  102.964819     7.890     2637.9   -16643.6     1753.7   3979.5   2630.3   2653.5 2023  1 19  5  8 52.100  2.7   1
     2409  26.969415  102.991317     5.071     5266.9     2152.8    -1065.7   2369.2   2662.1   2787.0 2023  1 19  5 13 45.370  2.7   1
     2411  27.026571  102.797542    17.031   -13969.5     8485.8    10894.3   1721.4   1225.1   1581.2 2023  1 19  6 10  5.170  3.6   1
     2412  26.821474  102.914600     2.178    -2351.7   -14239.5    -3958.8   2358.9   1588.3   2954.7 2023  1 19  6 58 19.360  2.4   1
     2416  26.892971  102.926278    23.344    -1191.8    -6317.4    17207.5   2026.1   1850.2   1105.6 2023  1 19  9 27 46.410  3.5   1
     2417  26.967175  103.009953    10.714     7116.9     1904.7     4577.6   1327.4   1574.1   1514.0 2023  1 19  9 28 27.870  4.3   1
     2420  27.124072  102.783838     4.364   -15323.6    19289.2    -1771.4   1327.4   1028.1   2635.7 2023  1 19  9 44 51.830  3.6   1
     2422  26.973187  103.103719    15.469    16426.7     2570.7     9332.8   2357.3   3481.3   2811.4 2023  1 19 11  0 29.410  2.9   1
     2423  27.080080  102.823315     7.768   -11408.4    14414.9     1631.6   7168.8   3282.5   7033.8 2023  1 19 11  7 47.160  2.8   1
     2428  27.158012  102.803166    18.863   -13403.7    23049.8    12726.7   1498.9   1228.4   1790.9 2023  1 19 13 53 27.420  2.1   1
     2432  26.863745  103.248617     6.402    30828.8    -9555.8      265.2   1549.4   2328.6   2366.0 2023  1 19 14 55 50.830  2.6   1
     2433  26.977136  102.908415     9.222    -2964.2     3008.2     3085.1   1654.1   1802.4   1364.5 2023  1 19 15 25 10.090  3.6   1
     2434  27.133278  103.080908     7.910    14151.7    20309.4     1773.5   2062.2   1827.5   4795.2 2023  1 19 16 24 48.140  2.9   1
     2435  27.071252  103.090853     5.439    15143.1    13436.6     -697.4   2013.6   1722.0   3110.4 2023  1 19 16 57 47.290  2.6   1
     2440  26.989034  102.809709    12.225   -12764.1     4326.6     6088.7    993.4   1222.9   1293.8 2023  1 19 17 50  8.560  3.1   1
     2443  26.572408  103.043132    12.950    10429.2   -41836.5     6814.2   1274.1   1343.4   1334.5 2023  1 19 18 37 36.240  3.7   1
     2447  26.863086  102.943123    11.769      481.9    -9628.7     5632.7    881.3    761.3    844.3 2023  1 19 22  6 22.960  3.6   1
     2451  26.863865  102.937931    12.104      -34.1    -9542.4     5967.6    914.5    811.1   1014.7 2023  1 19 22 42 21.840  3.2   1
     2453  26.928717  102.687264    12.563   -24927.2    -2356.5     6426.9   1861.9   2007.7   2584.9 2023  1 19 23 53 15.560  1.7   1
     2454  27.265867  102.969954     4.957     3141.8    35000.5    -1179.7   1655.3   3100.1   2073.7 2023  1 20  1  0 26.460  2.1   1
     2456  26.840106  102.910653    14.012    -2744.3   -12174.9     7876.0    967.3    907.6    701.1 2023  1 20  5 12 16.740  3.1   1
     2459  26.896535  103.106909    18.473    16749.6    -5922.5    12336.5   3538.0   2422.0   2737.9 2023  1 20  6 33 12.660  2.1   1
     2463  26.993483  102.812467    14.163   -12489.6     4819.6     8026.8   1394.5   1045.0   1097.7 2023  1 20  8 24  0.370  3.4   1
     2464  26.824982  102.912004    25.418    -2609.6   -13850.7    19281.3   2115.7   1177.4    959.5 2023  1 20 11 15 59.630  2.9   1
     2465  26.952041  102.895060    16.959    -4290.8      227.8    10823.1   2708.5   1482.4   1735.4 2023  1 20 11 54 14.840  3.6   1
     2468  27.047135  102.838192     7.461    -9933.5    10764.5     1324.9   1058.5    823.3   1423.9 2023  1 20 14 49 58.820  3.6   1
     2472  26.834778  103.141463    12.821    20186.6   -12765.4     6684.8   1860.9   1964.0   1934.1 2023  1 20 16  8 14.920  2.7   1
     2473  26.993809  102.818807     7.179   -11860.4     4855.8     1042.5    970.9   1683.0   1125.0 2023  1 20 16 10 14.250  2.5   1
     2476  26.942832  102.882178     8.137    -5570.7     -792.7     2000.8   2452.8   1649.0   2514.4 2023  1 20 16 16 38.180  3.5   1
     2478  26.619114  103.033732    22.312     9492.5   -36661.4    16175.7   1905.5   2792.4   2239.8 2023  1 20 16 38 23.100  3.6   1
     2480  26.916679  102.944458    14.210      613.9    -3690.5     8073.4   1198.1   1047.0   1117.6 2023  1 20 16 55 36.370  2.9   1
     2482  26.994112  102.958439    15.816     2002.2     4889.3     9679.4   1471.2   1653.2   1278.9 2023  1 20 17 47 26.860  2.4   1
     2487  26.974152  102.923022    22.073    -1513.8     2677.6    15936.6   3278.5   2292.3   2027.4 2023  1 20 18 16 42.820  3.0   1
     2488  27.052488  102.804159    10.323   -13311.6    11357.4     4186.9   1466.5   1247.4   1706.1 2023  1 20 18 41 40.800  3.3   1
     2489  26.993831  102.951099     3.627     1273.1     4858.2    -2509.2   1726.9   1645.0   1641.9 2023  1 20 18 54  6.520  2.6   1
     2490  27.113165  102.826953    14.746   -11046.4    18080.8     8609.3   1509.6    774.4   1539.5 2023  1 20 19  7 17.640  3.4   1
     2491  26.736967  102.972290    22.578     3381.1   -23603.1    16441.3   1246.3   1955.0   1590.0 2023  1 20 19 16  7.020  2.7   1
     2493  27.095898  102.909147    11.286    -2890.2    16167.6     5149.3   1297.4    765.9   1664.6 2023  1 20 19 53 46.680  3.6   1
     2494  27.318455  102.686385    12.051   -24971.5    40827.5     5914.8   1830.5   1815.8   2089.1 2023  1 20 20 12 32.940  3.6   1
     2497  26.936918  102.892627     9.694    -4532.7    -1447.9     3558.0   1457.3   1088.3   1128.4 2023  1 20 20 25  2.480  2.8   1
     2498  26.653546  102.992782    16.840     5419.4   -32846.3    10703.9   1259.5   1341.4   1631.1 2023  1 20 20 30 24.560  3.0   1
     2499  26.724410  102.899609    14.056    -3843.0   -24994.3     7919.3   1480.3   1902.2   1598.9 2023  1 20 20 43 15.000  1.3   1
     2505  26.894106  102.890055    12.618    -4789.4    -6191.5     6481.1   2678.8   2425.1   2635.6 2023  1 20 21 35 46.120  1.7   1
     2508  27.055471  102.782202    13.540   -15490.4    11687.9     7403.6   1915.7   1758.1   1839.9 2023  1 20 21 58 54.200  3.0   1
     2510  27.038080  102.805265    14.098   -13202.8     9761.1     7961.6   1049.4    941.0   1240.0 2023  1 20 22 18 27.080  4.1   1
     2520  27.116268  102.601481     7.241   -33418.5    18424.4     1104.7   1720.7   2284.8   3357.6 2023  1 21 10 12 32.950  3.2   1
     2522  26.981097  102.763053    20.877   -17396.9     3447.3    14740.4   3021.6   1907.5   2321.3 2023  1 21 12 43 51.950  1.9   1
     2528  26.755979  102.984953     7.744     4639.5   -21496.5     1607.9   1169.5   1750.1   1139.2 2023  1 21 14 55 16.830  2.8   1
     2529  26.711743  103.241211    34.717    30113.1   -26397.8    28581.1   5733.9   6017.7   4477.0 2023  1 21 15 38 42.750  1.5   1
     2534  26.757214  103.051912    11.361    11293.9   -21359.5     5224.3   1799.6   1415.4   1827.0 2023  1 21 18 53 25.520  2.8   1
     2536  27.202319  103.008984     3.115     7013.8    27959.3    -3021.4   2638.4   1896.0   3050.2 2023  1 21 18 58 16.340  1.9   1
     2537  26.985152  102.796460    14.561   -14079.8     3896.6     8424.3   1260.6   1152.7   1293.8 2023  1 21 19 43 34.100  3.3   1
     2543  26.986296  102.826082    14.537   -11139.0     4023.1     8400.1   1160.8   1201.7   1048.3 2023  1 21 23 20 39.120  2.4   1
     2544  27.097461  102.824601    10.219   -11280.1    16340.5     4082.2   1933.4   1790.7   2319.2 2023  1 21 23 20 59.640  2.4   1
     2545  26.961294  102.805859    14.981   -13147.8     1253.0     8845.0   1423.3   1240.8   1182.7 2023  1 21 23 34 46.280  3.4   1
     2548  26.882568  102.781396     6.666   -15582.6    -7470.1      529.8   2495.6   1693.7   2941.7 2023  1 22  1 13 32.120  2.5   1
     2551  27.328398  103.160400     2.456    22020.0    41929.0    -3680.3   2631.3   2343.0   4560.3 2023  1 22  2 11 12.740  3.2   1
     2557  27.011873  102.854232    12.133    -8343.1     6857.3     5996.7   1396.3    833.8   1170.6 2023  1 22  4 54  9.810  3.5   1
     2561  26.855629  102.824919     7.571   -11260.5   -10455.0     1434.5   3908.6   3059.3   4525.7 2023  1 22  5 44 11.220  2.9   1
     2570  27.110663  102.863208    10.109    -7448.6    17803.6     3972.3   1245.8    832.5    817.5 2023  1 22 12 31 33.520  3.8   1
     2573  27.194779  103.098413    21.969    15884.6    27123.9    15832.6   3448.8   2373.5   2209.2 2023  1 22 14  3 24.140  3.2   1
     2576  26.842238  102.905941    14.138    -3212.3   -11938.8     8001.2   1152.2    922.2    852.5 2023  1 22 14 38 34.180  3.1   1
     2580  26.466640  102.352734    33.196   -58266.6   -53555.9    27059.4   1545.6   1565.5   1759.6 2023  1 22 15  3 10.600  2.2   1
     2587  26.969633  103.004224    25.743     6548.5     2176.9    19606.3   2026.1   1837.8   1610.3 2023  1 22 18 20 47.680  2.6   1
     2589  26.542743  103.191862    21.493    25225.7   -45123.7    15356.5   1719.5   2972.8   1763.1 2023  1 22 18 41 17.800  3.1   1
     2590  27.130615  102.844043    11.222    -9349.1    20014.2     5085.8   1568.3   1020.8   1332.8 2023  1 22 18 43 58.660  3.3   1
     2591  26.988131  102.698031     3.240   -23851.5     4226.7    -2896.2   1857.6   1823.8   2938.9 2023  1 22 18 50 39.680  1.4   1
     2595  26.924656  102.932349    11.653     -588.2    -2806.5     5516.8   1199.0    783.1    927.6 2023  1 22 20 25 59.880  2.7   1
     2597  27.081160  102.904297     7.663    -3372.1    14534.5     1526.5   1604.8    876.4   1364.6 2023  1 22 20 55 16.840  2.8   1
     2598  26.736464  103.118856    10.004    17948.4   -23658.8     3867.1   3259.5   1596.8   3086.5 2023  1 22 21  8 14.360  2.2   1
     2601  27.123964  103.084570    13.845    14515.8    19277.2     7708.9   3044.3   1989.3   3440.9 2023  1 22 21 52 39.360  2.6   1
     2606  26.773842  103.070101     5.213    13100.1   -19517.2     -923.9   2115.7   1567.0   2732.7 2023  1 22 23 17 32.220  2.7   1
     2608  27.124007  102.798291    10.085   -13889.1    19282.1     3948.4   1195.0    798.5   1209.1 2023  1 22 23 57 49.340  3.1   1
     2619  27.202431  102.994678     6.662     5594.9    27971.5      525.7   1736.3   1751.4   1857.3 2023  1 23  6 43 30.470  2.6   1
     2620  27.008982  102.866292     4.686    -7146.2     6537.0    -1450.0   2349.8   1428.6   1775.3 2023  1 23  7 40  5.560  4.1   1
     2622  27.108946  102.852783    12.778    -8483.1    17613.3     6641.3   1289.3   1226.3   1803.4 2023  1 23  8 31 48.760  3.2   1
     2625  26.659719  102.839714    17.503    -9799.0   -32162.4    11366.8   5199.2   2676.6   3307.4 2023  1 23 11  3 15.640  1.5   1
     2630  27.055436  103.146484    16.055    20665.2    11684.2     9919.0   1664.1   1602.7   2511.2 2023  1 23 13 50 46.020  3.2   1
     2632  27.035531  103.092822    18.938    15340.7     9478.7    12801.3   2300.1   1663.8   1962.7 2023  1 23 14 27 18.740  3.2   1
     2633  26.834143  102.908358    13.516    -2971.7   -12835.7     7379.1   2151.2   1603.6   1712.7 2023  1 23 14 57 49.090  3.2   1
     2634  27.121043  102.829622     1.211   -10780.7    18953.6    -4925.0   1533.2   1151.4   3835.4 2023  1 23 15 42 11.250  2.8   1
     2640  27.128501  102.854899    10.938    -8272.3    19780.0     4801.4   1871.3   1028.7   2577.1 2023  1 23 16 38 59.790  3.6   1
     2643  26.491597  103.055957    25.932    11709.0   -50790.7    19796.0   2315.5   2320.7   1532.4 2023  1 23 17 43 23.540  3.0   1
     2649  26.862679  102.925692    17.093    -1250.0    -9673.8    10957.0   1199.2    858.0    824.6 2023  1 23 20  7 57.060  3.1   1
     2654  27.105790  102.845256    14.592    -9230.6    17263.6     8456.0   1218.2    802.2   1035.3 2023  1 23 21 54 10.300  4.3   1
     2664  27.026359  103.068424    11.540    12919.3     8462.4     5403.7   2209.1   3591.6   3135.6 2023  1 24  0 59 36.160  2.8   1
     2670  26.748954  103.035653     9.770     9678.1   -22274.8     3633.7   1759.1   1672.2   1803.2 2023  1 24  3 45 58.170  2.8   1
     2671  27.162606  102.571810     4.009   -36355.2    23558.8    -2127.1   2223.4   2482.6   6590.0 2023  1 24  3 51 25.320  2.8   1
     2672  27.045681  103.049430     2.410    11033.2    10603.2    -3726.3   3913.2   2610.4   7059.9 2023  1 24  3 57  8.160  2.7   1
     2673  26.936957  102.930404    16.572     -781.7    -1443.7    10435.2   1677.1   1534.3   1902.6 2023  1 24  4 15 24.140  2.9   1
     2674  27.114083  102.813118    11.527   -12418.8    18182.4     5390.8   1240.5    807.0   1242.3 2023  1 24  5 27  3.620  3.5   1
     2678  27.040228  102.861344    16.964    -7636.3     9999.1    10827.7   2035.4   1411.8   1847.9 2023  1 24  8 18 32.420  2.7   1
     2680  27.082414  103.081283     2.013    14192.8    14673.4    -4123.4   1784.3   1562.9   3323.4 2023  1 24  9 50  5.610  2.8   1
     2682  26.876788  102.881917     3.661    -5598.1    -8110.4    -2475.0   1829.9   1478.7   1986.2 2023  1 24 10  7 40.410  2.4   1
     2686  26.723433  103.041463    13.326    10257.0   -25102.5     7189.6   1153.4   1366.1   1205.4 2023  1 24 11 11 23.350  3.1   1
     2687  27.106053  103.026514    14.484     8755.9    17292.5     8347.7   2997.8   3326.8   3168.2 2023  1 24 11 20 41.600  3.1   1
     2689  26.713531  102.811662    14.103   -12585.4   -26199.7     7966.9   5352.1   2537.2   3304.1 2023  1 24 12 44  6.130  3.4   1
     2693  27.251799  103.240641    29.771    29985.0    33441.6    23634.1   2789.3   3582.5   1928.4 2023  1 24 13 44 22.140  3.4   1
     2695  26.845469  102.839461     7.265    -9816.6   -11580.8     1129.0   2356.9   1546.4   3270.5 2023  1 24 14 40 41.650  3.2   1
     2696  26.924148  103.107414    30.480    16797.8    -2863.1    24343.9   2105.6   1744.6   1689.8 2023  1 24 14 53 11.210  1.1   1
     2697  26.988749  102.882772     8.568    -5510.3     4295.1     2431.9   1176.9   1042.7    989.2 2023  1 24 16 18 14.540  3.7   1
     2699  26.627089  102.931160    15.112     -707.3   -35777.9     8976.0   2678.8   2611.2   6417.0 2023  1 24 16 53 16.460  3.5   1
     2700  26.979681  102.938550     8.846       27.7     3290.3     2709.6   1620.3   1664.6   1327.9 2023  1 24 17  6 42.280  4.3   1
     2702  26.843756  102.885579    21.682    -5235.0   -11770.4    15545.9   1589.0   1115.4    953.6 2023  1 24 18 12 24.680  3.1   1
     2703  26.842517  102.934277    14.108     -397.0   -11907.8     7971.3    845.3    765.9    743.3 2023  1 24 18 28 40.720  5.3   1
     2705  26.845032  102.935400    10.030     -285.7   -11629.1     3893.4    951.0    950.2   1272.8 2023  1 24 18 39  8.100  3.5   1
     2706  26.842051  102.943335    12.895      502.5   -11959.4     6758.7    851.9    739.2    677.6 2023  1 24 19  2 19.360  4.5   1
     2708  26.762374  102.967749    33.871     2929.7   -20788.0    27734.1   1401.0   1339.7   1222.0 2023  1 24 19  9 49.140 -0.4   1
     2709  26.834880  102.932552     4.963     -568.2   -12754.0    -1173.9    943.6    856.6   2332.9 2023  1 24 19 16 39.160  3.5   1
     2711  26.880019  102.873633    11.952    -6421.0    -7752.5     5816.0   4112.0   3502.8   2684.5 2023  1 24 20 15  2.840  2.1   1
     2713  26.526225  103.040625    21.637    10182.4   -46953.8    15500.9   1820.7   1681.8   1141.1 2023  1 24 21 41 54.200  2.4   1
     2717  27.158781  102.736857    16.003   -19982.3    23135.0     9866.4   1295.9   1102.0   1661.7 2023  1 24 23 32 46.820  3.7   1
     2718  26.802246  102.788688    14.259   -14863.3   -16370.0     8122.8   1641.8   2099.3   1753.8 2023  1 24 23 32 49.920  3.5   1
     2720  26.501282  102.979427    10.660     4094.5   -49717.7     4523.3   1359.8   1371.3   1356.7 2023  1 24 23 44 49.420  3.2   1
     2725  27.228371  102.637980    12.192   -29782.4    30845.9     6056.0   1609.3   2241.1   3939.9 2023  1 25  1  1 45.630  3.6   1
     2726  26.959605  102.824854     7.122   -11262.1     1065.9      985.4   2067.7   1853.0   2532.9 2023  1 25  2  1 48.020  1.4   1
     2727  27.024508  102.807812     8.849   -12950.7     8257.2     2712.2   1760.9   1768.8   1751.2 2023  1 25  2 29 32.970  3.4   1
     2729  26.859849  102.919531    13.598    -1861.4    -9987.3     7461.3    985.3    831.6    813.4 2023  1 25  2 54 46.450  3.1   1
     2735  26.919505  102.921110     5.547    -1704.1    -3377.3     -589.0   1199.4    823.9   1030.3 2023  1 25  7  1 11.130  2.1   1
     2737  26.887156  102.955542     7.191     1715.3    -6961.6     1055.0   1104.2   1074.2   2798.1 2023  1 25  9 11 23.170  2.4   1
     2738  27.024992  102.846151     4.899    -9144.4     8311.0    -1237.0   2304.5   1769.1   2394.6 2023  1 25  9 13 17.260  0.7   1
     2746  27.288204  103.098332     4.566    15870.3    37475.4    -1570.2   2082.8   2802.4   3237.6 2023  1 25 12 37  2.990  3.5   1
     2748  26.969617  102.916333     8.719    -2178.6     2175.1     2582.2   1059.9    887.6   1033.8 2023  1 25 12 51 58.640  3.5   1
     2749  26.530111  102.983895     9.849     4538.3   -46523.3     3712.2   1574.0   2011.7   1773.9 2023  1 25 13 56 19.520  3.0   1
     2751  26.973733  102.919466     8.978    -1867.6     2631.1     2841.1   1030.2    853.4    957.7 2023  1 25 14  8 38.810  3.4   1
     2754  26.498081  102.989136     9.898     5060.6   -50072.1     3761.6   1813.2   1442.4   1502.4 2023  1 25 14 54 48.050  3.8   1
     2755  26.971806  102.938957     2.467       68.1     2417.8    -3669.6   1323.2   1296.0   1688.6 2023  1 25 15  6 20.620  3.3   1
     2756  26.961487  102.936564     8.272     -169.3     1274.4     2135.3   1198.7    934.2   1139.3 2023  1 25 15 29  8.450  3.3   1
     2757  27.009096  102.919010    10.023    -1912.2     6549.6     3887.0   1251.8    958.0    939.4 2023  1 25 15 48 38.800  3.1   1
     2758  26.847101  102.864429     4.580    -7335.6   -11399.8    -1556.1   1845.0   1079.9   2837.6 2023  1 25 16 14 14.070  0.8   1
     2759  27.141567  102.811125     7.342   -12615.2    21227.8     1205.9   1204.8    748.1   1256.5 2023  1 25 16 41 11.500  1.9   1
     2762  26.956472  102.808789    13.065   -12857.1      718.7     6928.7   1496.2   1361.3   1636.5 2023  1 25 17 38 26.140  2.5   1
     2769  26.911772  102.999609    24.695     6091.3    -4234.3    18558.3   2226.4   2333.2   2118.0 2023  1 25 19  6 32.980  2.0   1
     2771  26.833120  102.883008     4.022    -5490.3   -12949.1    -2114.3   1553.5   1139.2   2979.1 2023  1 25 19 33 16.700  0.8   1
     2772  27.138635  103.238704    16.388    29807.5    20902.9    10251.5   4960.5   3105.4   3929.1 2023  1 25 20  4  7.580  2.6   1
     2773  27.323256  102.963346    11.149     2486.0    41359.3     5012.5   1819.3   1629.6   1482.9 2023  1 25 20  6 44.000  3.7   1
     2774  26.762927  102.951790    34.076     1343.1   -20726.7    27939.1   1655.0   1983.0   3198.5 2023  1 25 20  9 53.960 -0.3   1
     2775  26.955524  103.015446    23.792     7663.2      613.6    17655.6   2048.9   1642.0   1488.8 2023  1 25 20 13 25.860  4.3   1
     2776  27.172563  103.070296     6.142    13097.0    24662.2        6.1   2453.0   2038.2   4755.8 2023  1 25 20 21 23.800  3.2   1
     2777  27.070115  102.907926    19.722    -3012.2    13310.7    13585.1   1719.0   1303.2   1256.1 2023  1 25 20 32 35.540  3.4   1
     2778  27.028752  103.748478    42.479    80424.5     8727.4    36342.4   3415.7   2752.8   4283.7 2023  1 25 20 46 22.960  0.2   1
     2779  27.279425  103.032926    23.474     9385.0    36502.8    17337.8   3571.3   2153.8   2099.9 2023  1 25 20 52 31.320  3.5   1
     2780  26.503528  103.029443    16.140     9070.8   -49468.7    10003.7   1228.2   1582.6   1174.5 2023  1 25 20 56 11.560  3.3   1
     2783  27.016518  103.101554    33.732    16209.1     7371.9    27595.2   3230.5   3707.1   2291.6 2023  1 25 21  6 55.080  2.8   1
     2785  26.971759  102.780412    38.404   -15673.9     2412.5    32267.9   2844.8   3799.3   2263.4 2023  1 25 21 33 47.900  3.9   1
     2786  27.274522  102.886003    14.188    -5182.7    35959.5     8051.2   2344.3   2508.7   1674.3 2023  1 25 21 45 11.720  2.0   1
     2790  26.726548  103.006909    12.281     6821.9   -24757.6     6144.9   1223.6    981.6   1353.8 2023  1 25 22 18 21.720  4.1   1
     2794  27.395695  102.938989    16.949       70.8    49385.7    10812.2   2483.4   2928.9   2226.1 2023  1 25 22 32 56.280  2.5   1
     2795  27.425171  102.791528    57.986   -14541.3    52651.7    51849.7   9220.1   6457.6   5159.7 2023  1 25 22 41 11.660  3.3   1
     2796  27.299719  103.048299    44.771    10908.7    38751.4    38634.7   4612.9   3190.8   2294.7 2023  1 25 22 55 54.200  3.0   1
     2797  26.596578  102.666227    92.184   -27055.7   -39158.4    86047.7   5007.4   3480.5  41762.3 2023  1 25 23  4 52.420  3.2   1
     2799  27.228235  102.902653     9.748    -3533.0    30830.8     3611.9   1404.3   1604.6   1882.8 2023  1 25 23 12 57.200  2.8   1
     2804  26.738277  102.895426    13.799    -4258.6   -23457.8     7663.1   1212.7   1592.8   1520.3 2023  1 25 23 33 14.880  3.5   1
     2805  27.369430  102.884237    16.497    -5356.2    46475.4    10360.5   2285.0   1679.3   1878.0 2023  1 25 23 33 41.920  4.4   1
     2806  26.884153  102.947599    13.466      926.2    -7294.4     7329.8   2464.6   3083.6   2748.2 2023  1 26  0 23 53.620  2.5   1
     2808  26.978438  102.825545     3.901   -11192.3     3152.7    -2235.9   2535.4   3635.4   5551.8 2023  1 26  1  3 17.230  1.9   1
     2810  27.386041  102.845532     5.609    -9191.3    48316.2     -527.9   1784.2   1587.4   3040.2 2023  1 26  1 14 37.110  3.1   1
     2812  26.972225  102.867749     8.722    -7002.4     2464.1     2585.6   1808.1   1541.1   1736.9 2023  1 26  1 32 51.440  2.8   1
     2813  26.727922  102.997282    11.628     5865.5   -24605.4     5491.6   1187.8   1329.9   1263.5 2023  1 26  2  7 33.290  3.4   1
     2816  26.847843  102.812297     7.057   -12515.0   -11317.7      920.7   2917.9   1700.7   2976.4 2023  1 26  3 42 17.800  3.0   1
     2823  26.984003  102.908870    18.501    -2919.5     3769.1    12364.9   1706.6   1525.4   1330.0 2023  1 26  8 13 13.850  1.8   1
     2826  26.992002  102.817871    14.691   -11953.9     4655.6     8554.5   1467.1    891.8   1221.0 2023  1 26  8 57 51.390  3.5   1
     2827  27.172058  102.794678     6.983   -14245.2    24606.2      846.7   3230.4   1970.5   3987.2 2023  1 26  9  1 50.390  4.0   1
     2829  26.902584  103.009888    13.697     7112.8    -5252.2     7561.0   1528.0   2126.5   1353.8 2023  1 26 10 15 33.030  3.2   1
     2830  27.158183  102.959367     2.705     2092.6    23068.7    -3431.9   3806.9   1369.1   3534.3 2023  1 26 10 57 59.800  2.8   1
     2831  27.441353  103.071875    14.570    13237.8    54444.9     8434.0   2163.6   1335.7   1798.8 2023  1 26 11  7 16.930  4.2   1
     2832  27.435885  103.098674    13.292    15893.8    53838.8     7155.9   1919.7   1351.5   2014.4 2023  1 26 12 17 52.050  4.0   1
     2834  27.469446  103.105379     4.946    16555.3    57557.6    -1190.1   4894.7   3343.4   5902.6 2023  1 26 16  3 30.150  3.9   1
     2836  27.137811  103.030550     3.697     9155.1    20811.5    -2439.2   2522.0   1929.4   3798.9 2023  1 26 16 54 26.770  3.3   1
     2838  27.358234  102.845809     8.029    -9164.9    45234.9     1892.1   1973.8   2413.3   2698.3 2023  1 26 17 21 37.660  3.7   1
     2842  26.597992  103.065063    10.394    12609.4   -39001.9     4257.5   1472.5   1440.1   1246.6 2023  1 26 18 20 19.960  3.3   1
     2844  27.117904  102.766715     9.906   -17022.7    18605.7     3769.1   1349.8    894.1   1630.5 2023  1 26 18 35 29.480  3.1   1
     2845  27.018154  102.846126    25.429    -9147.2     7553.1    19292.5   2673.6   9344.0   4129.7 2023  1 26 19  0 30.240  2.5   1
     2847  27.217383  103.315446    17.156    37408.8    29628.4    11019.6   1628.8   2064.8   2800.6 2023  1 26 20  4 23.880  5.6   1
     2848  26.717013  103.057023    30.167    11804.0   -25813.9    24030.9   1847.7   2187.5   1517.0 2023  1 26 20 10  7.120  3.4   1
     2851  26.941726  102.910278    10.482    -2779.8     -915.3     4345.4   2448.8   1870.0   1690.3 2023  1 26 20 34 54.440  2.6   1
     2852  26.885374  102.957300    21.971     1890.2    -7159.2    15834.2   1535.7    997.6   1321.9 2023  1 26 20 41 46.000  2.9   1
     2853  26.744938  102.956958    13.397     1856.7   -22719.9     7260.7   4024.3   4581.3   3414.7 2023  1 26 20 53 58.640  1.7   1
     2858  27.077150  102.927710    11.108    -1048.3    14090.2     4971.9   2664.0   1826.9   1828.9 2023  1 26 23 12 37.340  2.8   1
     2859  27.200972  102.509871    26.350   -42493.0    27810.0    20213.6   2429.4   2369.8   2731.1 2023  1 26 23 33 45.900  2.9   1
     2866  27.207772  102.813607    14.666   -12365.5    28563.5     8529.3   3561.8   3064.2   4309.0 2023  1 27  2 48 38.850  3.4   1
     2868  26.872845  102.922778    12.079    -1539.3    -8547.4     5943.0   1206.2    885.4    754.1 2023  1 27  3  4  5.290  3.2   1
     2870  26.927653  103.154932     4.540    21516.1    -2474.5    -1595.9   3113.4   1675.5   3386.2 2023  1 27  4 50  4.880  3.2   1
     2872  27.032668  103.097583    14.705    15813.7     9161.3     8569.0   2039.4   2043.2   2787.4 2023  1 27  5 30 43.640  3.4   1
     2876  26.868449  102.950578    13.785     1222.7    -9034.5     7648.1    896.1    787.5    666.7 2023  1 27  6 13 52.750  3.3   1
     2877  26.690133  103.021574    14.942     8281.1   -28792.3     8805.8   1716.7   1119.5   1370.1 2023  1 27  6 25 49.430  3.5   1
     2878  26.951740  102.974520     8.859     3599.5      194.3     2723.1   2150.7   2496.1   2825.3 2023  1 27  7 22 12.700  2.3   1
     2883  26.848063  102.866821    14.857    -7098.1   -11293.2     8720.4   1456.5    898.1   1148.3 2023  1 27  8 51 46.310  3.2   1
     2889  26.989762  102.822746    12.755   -11470.0     4407.3     6618.7   1420.9    937.6   1433.9 2023  1 27 10 58 34.340  3.6   1
     2892  27.007210  103.056535    12.437    11740.5     6340.6     6300.6   1668.3   1874.4   1945.1 2023  1 27 11 10  5.580  3.3   1
     2895  26.979594  102.895662     9.745    -4230.3     3280.7     3608.2   1243.7    899.8   1033.4 2023  1 27 12  9 22.740  3.3   1
     2898  26.978381  102.925960     8.987    -1222.6     3146.2     2850.3   1089.7    964.2    936.7 2023  1 27 13 50 19.660  3.3   1
     2899  26.960203  102.917131    15.657    -2099.5     1132.0     9520.8   2950.3   2006.7   3522.9 2023  1 27 14  5  8.470  2.4   1
     2900  26.961513  103.027222    29.289     8832.1     1277.2    23152.3   2790.1   1535.7   1370.7 2023  1 27 14 24 47.620  2.7   1
     2901  27.120416  102.708960    16.261   -22753.6    18884.1    10124.5   1119.3   1400.7   2030.3 2023  1 27 15 19 12.700  2.3   1
     2903  26.993724  102.806038    12.300   -13128.2     4846.3     6163.7   1183.8   1013.9   1041.4 2023  1 27 15 32  4.800  2.5   1
     2904  26.992584  102.831917    13.906   -10558.8     4720.0     7769.7   1188.2    996.4   1206.3 2023  1 27 15 33 31.920  3.2   1
     2906  26.655587  102.980200     5.720     4168.3   -32620.2     -416.1   2206.8   1862.7   3660.2 2023  1 27 15 52 39.090  2.9   1
     2907  27.232064  102.938574    22.939       29.6    31254.9    16802.3   5612.0   4404.6   3779.7 2023  1 27 16  0 57.920  2.8   1
     2908  27.271663  103.008732    18.710     6986.6    35642.7    12573.8   3373.4   2212.6   2940.1 2023  1 27 16  9  4.880  3.0   1
     2917  27.045001  102.751514     3.541   -18537.2    10527.9    -2595.8   1912.8   2374.2   2403.1 2023  1 27 18 35 17.800  1.3   1
     2918  27.158919  102.635417    10.551   -30046.0    23150.3     4414.5   2425.5   1831.7   2927.3 2023  1 27 18 37 16.940  2.2   1
     2919  27.013564  102.710392    15.653   -22621.9     7044.7     9516.8   2658.2   2447.0   2229.0 2023  1 27 19  4  7.400  3.0   1
     2922  27.109475  102.860286     9.587    -7738.5    17671.8     3450.5   1155.2    715.3    890.4 2023  1 27 20 21  5.380  3.1   1
     2925  26.980835  103.037158     4.417     9817.5     3418.2    -1719.5   2392.7   2733.5   3447.1 2023  1 27 21 17 31.860  2.8   1
     2927  26.786855  103.149422     8.744    20981.7   -18075.3     2607.6   2608.4   2244.7   6670.1 2023  1 27 22 16 43.840  2.1   1
     2929  27.018689  102.777596    13.936   -15950.1     7612.4     7799.5   1556.4   1586.3   1368.9 2023  1 27 23 50 57.520  3.2   1
     2931  27.206885  102.990796    10.042     5209.5    28465.1     3905.1   2710.3   1870.3   2764.9 2023  1 28  0 29  4.370  2.9   1
     2933  27.000977  102.905599     2.529    -3244.0     5650.0    -3607.1   2596.8   2227.3   1866.9 2023  1 28  0 47 21.230  1.8   1
     2936  26.824862  102.966976    14.358     2851.9   -13864.2     8222.0    715.7    770.1    784.6 2023  1 28  2  0 52.420  3.3   1
     2937  27.119415  103.044312     6.082    10521.4    18773.3      -54.7   3732.2   1747.3   3081.9 2023  1 28  2 23 35.820  3.4   1
     2938  26.801837  102.939746    19.557      146.2   -16415.3    13420.8   1270.4   1270.0   1009.9 2023  1 28  2 39 18.540  2.6   1
     2941  27.178678  103.227547    21.213    28695.8    25339.7    15076.5   2478.1   2499.7   5182.7 2023  1 28  3  0 38.340  3.7   1
     2942  27.197994  103.177181    27.018    23697.6    27480.0    20882.0   2543.9   2170.2   2949.0 2023  1 28  3 31 45.120  2.8   1
     2944  27.018854  102.794572     7.132   -14264.7     7630.8      995.8   1772.0   2112.0   2184.3 2023  1 28  4 30 22.120  2.3   1
     2945  27.331661  102.870044    17.078    -6763.4    42290.7    10942.0   3907.8   2848.4   2130.2 2023  1 28  4 48 33.100  3.1   1
     2956  26.887797  102.883439    10.466    -5446.3    -6890.8     4329.5   2143.8   1638.4   1358.8 2023  1 28 10 40 14.790  2.7   1
     2958  26.973704  102.797852    14.562   -13942.3     2628.1     8425.2   1243.8   1337.0   1228.3 2023  1 28 11 46 10.310  3.4   1
     2959  27.251473  103.008374    18.010     6951.5    33405.6    11874.0   4565.0   2422.5   2057.6 2023  1 28 11 52 12.810  3.4   1
     2964  26.923507  102.900521     6.536    -3749.3    -2933.9      399.6    897.6    717.4    984.1 2023  1 28 12 13 23.580  3.3   1
     2966  27.193996  103.000472     2.996     6169.9    27037.0    -3140.4   3407.0   1678.4   2859.2 2023  1 28 14 15 37.110  2.1   1
     2970  27.015186  102.825000    15.127   -11245.1     7224.2     8990.7   1257.6   1102.0   1064.8 2023  1 28 16 10 17.490  3.4   1
     2973  27.237480  103.108333     3.787    16865.6    31855.1    -2349.6   2534.4   3337.2   3794.4 2023  1 28 17  1 40.880  2.2   1
     2975  27.015196  102.807357    12.294   -12996.5     7225.4     6157.2   1461.5   1517.5   1199.0 2023  1 28 17 16 52.620  2.7   1
     2979  27.059920  103.308325     7.706    36728.4    12181.0     1570.1   1851.7   2158.0   5670.0 2023  1 28 19 24  6.920  3.8   1
     2982  26.932017  102.898096    10.188    -3989.5    -1991.1     4051.4   1259.0    883.5   1028.0 2023  1 28 19 57 32.200  3.4   1
     2983  26.823181  103.022380     8.274     8356.6   -14050.2     2137.8   2889.1   1797.9   2322.2 2023  1 28 20  3 15.040  1.2   1
     2984  27.085075  102.845378    13.447    -9218.9    14968.2     7310.5   1546.4    864.9   1211.5 2023  1 28 20 38 28.600  3.2   1
     2985  26.884432  103.170109    14.441    23027.4    -7263.5     8304.4   3028.8   2421.2   2859.5 2023  1 28 21  4 15.840  1.8   1
     2986  27.291081  103.037459    16.638     9834.3    37794.2    10501.4   2031.0   2069.5   2045.6 2023  1 28 21 11  2.480  2.6   1
     2987  26.887504  102.824504    20.148   -11300.7    -6923.1    14011.2   3288.5   2391.3   2622.9 2023  1 28 21 28 22.960  2.2   1
     2989  26.974044  102.908870    15.668    -2919.7     2665.7     9531.5   1949.5   1522.3   1261.9 2023  1 28 21 59 37.140  3.2   1
     2990  27.392055  102.767725     7.716   -16902.6    48982.5     1579.4   1955.3   1657.5   3827.3 2023  1 28 22  0  5.560  3.3   1
     2995  26.952087  102.936011    10.429     -224.6      232.9     4292.9   1342.3   1405.2   1860.7 2023  1 29  1  1 38.610  3.2   1
     2996  27.105172  102.881315    11.294    -5652.1    17194.9     5157.2   3942.2   2168.5   2548.3 2023  1 29  1  4 43.680  3.8   1
     2998  26.692818  102.951978    39.883     1362.5   -28494.8    33746.4   2812.0   2815.6   2731.1 2023  1 29  1  9 49.050  2.5   1
     3002  26.819358  103.094556    16.110    15527.2   -14473.8     9973.3   3636.2   2778.3   5630.1 2023  1 29  3  4  5.630  3.2   1
     3003  27.108913  103.091813    20.429    15235.8    17609.6    14292.7   2160.3   1134.9   1607.0 2023  1 29  5 21 27.670  3.7   1
     3010  27.147101  102.881209    14.553    -5661.1    21840.9     8417.1   1699.9   1238.4   1500.6 2023  1 29  9 12 25.110  3.0   1
     3014  27.047414  102.875098    18.855    -6270.5    10795.4    12718.6   2111.1   1463.1   1517.0 2023  1 29 11 19 28.060  4.0   1
     3016  27.287083  102.904940    19.296    -3305.3    37351.4    13160.0   2072.9   1577.0   1068.4 2023  1 29 11 55 33.760  3.1   1
     3018  27.012282  103.063688     4.132    12450.4     6902.7    -2004.9   3590.1   2943.2   4189.2 2023  1 29 12 37 13.500  2.6   1
     3021  26.978855  102.910238     4.805    -2783.2     3198.7    -1331.1   2996.4   2066.9   2822.9 2023  1 29 13 31 25.670  2.2   1
     3022  26.714457  103.013859    11.028     7513.2   -26097.2     4891.4   1126.8   1241.5   1402.6 2023  1 29 13 41  6.720  3.2   1
     3025  27.009725  102.796615    17.904   -14062.9     6619.3    11767.3   2972.4   1699.8   3501.5 2023  1 29 15  3 13.780  0.8   1
     3026  27.024398  102.777873    17.160   -15922.8     8245.0    11023.2   1293.6   1478.1   1353.2 2023  1 29 16 21 19.480  3.0   1
     3027  27.221379  102.724593    13.328   -21193.0    30071.0     7191.8   3439.5   1801.7   6966.6 2023  1 29 16 21 43.620  1.9   1
     3028  26.591612  103.117489    16.782    17823.9   -39708.7    10645.6   1325.9   1533.3   1106.5 2023  1 29 16 38 20.180  3.1   1
     3031  26.437333  103.002311     9.226     6372.9   -56803.2     3089.7   1665.2   1578.7   1735.2 2023  1 29 18 18 40.860  2.7   1
     3039  27.192598  103.164665     2.969    22456.2    26882.2    -3167.7   2158.0   5039.8   3461.8 2023  1 29 20 13 29.160  2.8   1
     3042  27.108738  102.764510     5.755   -17242.4    17590.3     -381.1   2103.3   1558.6   2848.9 2023  1 29 20 41  5.560  1.4   1
     3045  26.884011  102.939030    15.132       75.2    -7310.2     8995.6    941.0    795.8    818.5 2023  1 29 22 13  6.640  3.5   1
     3047  26.863715  102.947974     8.708      963.3    -9559.1     2571.6   1095.2    880.7   1169.7 2023  1 29 22 51 44.600  3.2   1
     3048  26.854989  102.939827     6.725      154.1   -10525.9      588.6   1241.1   1304.6   1439.3 2023  1 29 22 58 39.740  3.2   1
     3049  27.248118  102.981795     0.665     4316.2    33034.0    -5471.3   1710.6   2745.0   3937.3 2023  1 30  0  4 58.880  2.9   1
     3053  27.390511  103.108537     9.623    16874.3    48811.4     3486.7   2901.4   2526.6   5882.8 2023  1 30  3  8 16.940  3.1   1
     3056  26.406848  102.852539    19.723    -8533.2   -60181.1    13586.6   2716.3   3254.2   5126.8 2023  1 30  4  8  2.650  3.0   1
     3060  26.900330  102.967977    12.088     2950.2    -5502.1     5951.4   1518.1   1059.8   1267.7 2023  1 30  7 18 55.250  3.1   1
     3063  27.008671  102.893392     2.139    -4455.6     6502.6    -3997.5   2303.3   2273.0   2982.9 2023  1 30  7 50 47.920  2.4   1
     3068  26.854893  102.942668    12.647      436.3   -10536.6     6510.3    975.3    905.6    951.4 2023  1 30 10 44 55.510  3.2   1
     3069  26.770996  103.035669     3.502     9679.0   -19832.5    -2634.3   1800.5   2384.3   2039.6 2023  1 30 10 52 18.940  2.7   1
     3070  27.153569  103.128979     7.278    18920.1    22557.6     1141.4   1756.3   2268.7   2968.5 2023  1 30 11  6 47.380  3.9   1
     3071  26.995105  102.886906     5.410    -5100.0     4999.4     -726.1   2437.7   1918.1   5644.7 2023  1 30 11 30 15.280  2.7   1
     3073  26.836519  102.943522     9.511      521.5   -12572.3     3374.9    709.2    795.3    906.0 2023  1 30 12  1 48.770  3.0   1
     3077  26.856252  102.941553    16.018      325.9   -10386.0     9882.0    803.4    740.1    964.6 2023  1 30 12 26 51.580  3.5   1
     3078  26.923366  102.940584    12.790      229.8    -2949.5     6654.0   1858.2   2285.2   1942.4 2023  1 30 12 30 57.860  2.9   1
     3080  26.839398  102.618376    35.181   -31781.2   -12253.3    29044.6   3396.9   2865.0   2778.1 2023  1 30 13  9 19.720  3.1   1
     3084  26.863123  102.996403    23.774     5774.8    -9624.7    17638.0   2063.3   1491.1   1510.8 2023  1 30 13 55  3.130  2.5   1
     3088  26.961823  103.135002     2.697    19533.8     1311.4    -3439.4   2423.8   2345.4   4942.0 2023  1 30 14 57 18.630  2.2   1
     3092  26.959566  103.014364    12.388     7555.4     1061.5     6251.8   2301.6   2477.9   1853.9 2023  1 30 19  2 49.420  2.7   1
     3095  26.949013  102.835881    15.286   -10167.4     -107.8     9150.0   1359.9    902.2   1232.9 2023  1 30 21 27  4.160  3.8   1
     3097  26.986727  102.865910    12.805    -7184.1     4070.9     6668.9   1605.8    965.3   1039.0 2023  1 30 21 54 14.160  2.8   1
     3101  26.857208  102.964478     6.401     2603.3   -10280.0      264.6   1497.8   1272.0   1830.1 2023  1 30 23 34 55.420  2.2   1
     3102  26.456691  102.996102    14.948     5754.8   -54658.3     8812.0   1304.0   1405.8    987.1 2023  1 30 23 54 50.600  3.8   1
     3103  26.443026  102.801099    30.863   -13651.4   -56172.5    24726.5   2803.4   2365.0   1529.5 2023  1 30 23 57  8.280  3.0   1
     3104  27.272626  102.612598     3.131   -32293.6    35749.3    -3005.2   2345.6   2535.1   3972.8 2023  1 31  0 13 59.110  3.0   1
     3105  26.687541  103.151538     7.765    21201.6   -29079.6     1628.5   2005.1   1773.6   2595.2 2023  1 31  0 40 34.940  3.0   1
     3109  26.655977  103.148608     3.628    20912.7   -32576.9    -2507.9   1835.6   1965.6   4033.3 2023  1 31  2 39  1.250  3.3   1
     3111  26.727848  102.967318    17.281     2886.6   -24613.3    11144.2   1180.2   1557.0   1374.4 2023  1 31  4 35 54.090  2.4   1
     3112  27.231547  102.917440     4.103    -2065.9    31197.7    -2033.4   3308.0   1788.0   3135.8 2023  1 31  4 42 30.280  2.4   1
     3113  27.152171  103.112199    13.448    17255.5    22402.7     7311.8   3186.2   1872.1   1909.9 2023  1 31  7  0 35.670  3.4   1
     3116  27.257353  102.874471     6.933    -6326.9    34057.0      796.3   1896.8   2280.1   2036.1 2023  1 31  7 39 44.420  2.5   1
     3123  26.726038  102.960067     7.753     2166.3   -24814.0     1616.8   2393.5   2424.0   3463.2 2023  1 31  9 18  8.250  2.7   1
     3124  26.850423  102.892554    38.437    -4542.3   -11031.8    32300.6   2416.9   2336.1   2349.0 2023  1 31  9 47  7.120  3.1   1
     3130  27.234574  103.146460     4.554    20647.2    31533.1    -1582.8   2815.4   2970.0   4442.4 2023  1 31 11 58 12.950  3.3   1
     3136  26.624986  103.008724    11.756     7005.3   -36010.9     5619.6   1356.8   1311.6   1489.1 2023  1 31 16 27 59.290  3.8   1
     3140  26.883765  102.922005     8.492    -1616.0    -7337.6     2355.1    895.9    693.2    965.3 2023  1 31 17  3 23.640  3.8   1
     3141  27.023301  102.914103    13.670    -2399.0     8123.5     7533.4   3675.8   2372.9   1569.0 2023  1 31 17 15 58.240  2.4   1
     3146  27.254858  102.989583    15.281     5088.6    33780.6     9144.9   2678.0   1610.7   1384.4 2023  1 31 19  3 35.840  3.5   1
     3151  26.996954  102.774349    18.033   -16273.8     5204.4    11896.1   1654.9   1072.1   1384.4 2023  1 31 19 46 29.480  1.8   1
     3152  27.025260  102.943302     1.993      499.2     8340.7    -4143.2   1136.7   1171.8   2234.6 2023  1 31 19 52 21.760  2.3   1
     3153  26.929437  102.913428     8.681    -2467.1    -2276.8     2544.6   1297.5    898.3    869.1 2023  1 31 20 31 50.780  2.5   1
     3155  26.848417  102.814315    11.174   -12314.5   -11254.0     5037.9   3136.0   1205.0   2077.1 2023  1 31 20 59 14.080  0.7   1
     3156  26.963462  102.914844     9.864    -2326.3     1493.2     3727.4   1026.9    952.2    983.1 2023  1 31 21 28 23.660  2.7   1
     3160  26.945536  102.913281    11.206    -2481.4     -493.0     5069.2   1318.9   1018.2   1053.8 2023  1 31 22 18 58.560  2.6   1
     3161  26.926900  102.900651     6.698    -3735.9    -2558.0      561.9    972.8    919.1   1221.1 2023  1 31 22 23 52.560  2.7   1
     3175  27.044401  103.177368    17.872    23732.0    10461.6    11735.8   2486.7   2478.6   2586.9 2023  2  1  7 40 48.000  3.9   1
     3178  26.948279  102.902547     8.131    -3547.6     -189.0     1994.4   1047.3    874.5   1005.5 2023  2  1  8 53 40.230  3.3   1
     3183  27.127806  102.877124     5.720    -6066.9    19703.0     -416.1   1867.8   1268.9   2106.8 2023  2  1 10 35 39.330  3.0   1
     3197  27.014248  102.874634    22.695    -6317.5     7120.4    16558.8   5087.8   3441.3   4219.4 2023  2  1 16 36 59.180  2.3   1
     3198  26.703658  103.063916     6.627    12489.9   -27293.9      490.5   2824.1   2446.2   4250.6 2023  2  1 18 41 17.000  1.5   1
     3199  27.009503  102.808911     5.550   -12842.0     6594.7     -586.2   1658.7   1704.6   2082.0 2023  2  1 19 32 33.220  2.8   1
     3204  27.302399  102.959603    19.226     2115.1    39048.3    13089.8   2425.1   1943.4   2066.2 2023  2  1 21 43  9.300  2.3   1
     3205  26.993113  102.872184     5.544    -6561.1     4778.6     -591.9   1938.3   1305.7   1625.4 2023  2  1 21 43 10.840  1.7   1
     3206  27.113678  102.812459     6.412   -12484.4    18137.6      275.9   1255.4    808.9   1277.8 2023  2  1 21 53 51.380  2.9   1
     3207  26.801534  102.993140    12.439     5451.8   -16448.8     6302.3   1394.9   1924.1   2064.0 2023  2  1 22 52 55.280  2.9   1
     3211  27.084438  103.543319    39.684    60044.9    14897.6    33547.2   1835.9   2051.9   3039.0 2023  2  2  1 14 38.300  4.6   1
     3214  27.316880  102.712508    18.075   -22381.8    40652.9    11938.6   2215.0   2313.0   2442.7 2023  2  2  2 17 57.960  3.0   1
     3218  27.004883  102.938468     9.045       19.5     6082.8     2908.1   1466.5   1319.7   1020.7 2023  2  2  3 50 12.390  3.2   1
     3219  26.976440  102.953955     6.898     1556.7     2931.2      761.2   1149.4   1879.6   1134.7 2023  2  2  4 41  3.020  2.7   1
     3225  26.960116  102.897388    11.743    -4059.6     1122.4     5606.4   1433.5   1040.3   1015.8 2023  2  2  8  2 15.020  2.7   1
     3226  26.872544  102.977498     7.204     3896.4    -8580.8     1068.0   4356.9   2730.7   2804.2 2023  2  2  8 21 14.930  2.3   1
     3230  27.409200  103.198454     7.157    25783.3    50882.1     1020.8   3932.2   4171.2   5860.0 2023  2  2 11 38  7.070  2.8   1
     3231  26.608929  103.000765    39.650     6214.7   -37790.0    33513.5   2798.7   2766.9   2545.4 2023  2  2 11 55  1.030  3.4   1
     3234  27.178851  103.146615    14.513    20667.2    25359.0     8376.1   2634.9   2438.8   2837.7 2023  2  2 12 38 10.580  4.0   1
     3239  26.820575  102.808700    16.759   -12873.6   -14339.0    10622.2   1444.8   1248.6   1601.7 2023  2  2 14  7 31.990  3.3   1
     3243  26.851326  102.935750    11.424     -250.5   -10931.7     5287.6   1774.0   1229.2   1308.8 2023  2  2 14 48 48.610  2.8   1
     3245  27.160726  103.301953     6.435    36079.2    23350.5      298.4   1501.5   1575.7   7027.9 2023  2  2 15  8 25.040  5.5   1
     3246  27.192875  103.319092    18.749    37774.5    26912.8    12612.8   1913.1   1960.5   2355.7 2023  2  2 15 14 28.990  3.2   1
     3249  27.083386  103.105745    15.688    16620.0    14781.1     9551.7   1922.4   1417.6   2695.8 2023  2  2 16  7 47.120  2.2   1
     3250  26.817104  103.090951     9.268    15169.5   -14723.5     3131.1   2299.9   1650.8   2523.9 2023  2  2 16 18 11.310  2.7   1
     3253  26.962506  102.852165     8.925    -8550.3     1387.3     2788.8   5068.5   2718.2   3550.6 2023  2  2 16 39  2.540  3.0   1
     3255  26.923006  102.778703    17.459   -15846.7    -2989.5    11322.8   2726.7   2401.6   1237.7 2023  2  2 18 24 29.920  1.7   1
     3256  27.100291  102.763118     5.744   -17381.0    16654.3     -392.8   1806.5   1351.6   1987.0 2023  2  2 18 28 39.720  2.2   1
     3259  26.959884  102.844678    11.608    -9293.2     1096.7     5471.3   2075.9   1309.1   1407.9 2023  2  2 19  9  8.220  2.8   1
     3260  27.225297  102.996395     9.742     5764.4    30505.3     3605.9   2374.0   2555.1   2465.9 2023  2  2 19 11 13.120  2.6   1
     3261  27.017796  103.198592    20.925    25841.4     7513.4    14788.8   2643.1   2284.0   1592.9 2023  2  2 19 22 39.340  2.7   1
     3264  26.933518  102.937622    11.374      -64.8    -1824.6     5237.5    938.9   1003.3   1012.8 2023  2  2 20 27  4.280  2.9   1
     3266  26.406561  102.998722    17.784     6016.4   -60212.9    11647.9   4672.7   3432.8   4496.0 2023  2  2 20 44 36.740  2.4   1
     3269  26.831071  102.945874     6.618      754.9   -13176.1      481.2   1144.3    966.3   1645.9 2023  2  2 21 52 48.160  2.3   1
     3270  26.656142  103.001221     9.911     6258.6   -32558.6     3774.9   1439.5   1260.1   1595.6 2023  2  2 22  9 23.980  2.8   1
     3283  27.003672  102.687980    23.917   -24848.1     5948.5    17780.4   3587.1   2764.1   3522.0 2023  2  3  6 48  0.210  3.8   1
     3286  26.347257  102.953231    24.737     1489.4   -66783.8    18600.5   1741.5   2284.2   1824.0 2023  2  3  7 43 51.490  4.4   1
     3291  27.105424  102.848950     9.203    -8863.3    17222.9     3066.9   1392.9    805.9    943.6 2023  2  3  9 59 32.770  3.5   1
     3294  27.141927  102.842839     9.135    -9468.4    21267.7     2999.0    931.3   1244.1   1580.3 2023  2  3 12 41 11.350  3.3   1
     3301  27.014052  103.275179    27.166    33445.2     7098.8    21029.6   1984.2   2350.3   1694.8 2023  2  3 18 15 11.560  2.9   1
     3307  27.053339  103.139673    27.300    19989.6    11451.8    21163.9   1929.5   1680.1   1381.5 2023  2  3 19 51 56.720  3.0   1
     3310  27.014740  102.778394    11.834   -15871.5     7175.0     5697.4   1126.4   1641.2   1481.4 2023  2  3 20 44 11.440  1.8   1
     3311  27.120461  102.883927     1.312    -5392.3    18889.2    -4824.3   1707.7   1098.9   2695.5 2023  2  3 21 18 48.160  2.4   1
     3313  27.135000  102.829183    30.683   -10823.4    20499.9    24546.1   1754.8   1233.2    961.5 2023  2  3 22 15  8.140  1.6   1
     3321  26.724801  102.971908    19.247     3343.5   -24951.1    13110.7   2653.3   3085.0   3428.4 2023  2  4  3 36 57.350  3.7   1
     3324  26.764750  103.009635    21.804     7092.0   -20524.7    15668.0   3017.4   2417.6   2587.3 2023  2  4  4 50 31.870  3.3   1
     3329  26.816852  102.706047     8.536   -23073.6   -14751.6     2399.8   1716.2   1863.9   2025.3 2023  2  4  6 34 26.240  2.7   1
     3336  27.163761  103.139591    11.451    19972.0    23686.9     5314.4   1698.8   1585.8   1687.6 2023  2  4 10 29 17.550  4.6   1
     3344  27.079250  102.748690    27.516   -18814.4    14322.9    21379.4   2748.5   2413.8   1492.3 2023  2  4 12 56 23.680  2.4   1
     3345  27.165312  102.798104    20.153   -13905.8    23858.7    14016.5   2047.1   1115.1   1361.0 2023  2  4 13  5 48.250  2.0   1
     3346  27.314705  102.931364    14.537     -684.8    40411.9     8401.1   2887.1   2271.4   2400.9 2023  2  4 13 27 54.810  1.7   1
     3347  27.142275  103.176579    12.658    23643.3    21306.2     6521.3   2220.5   2018.2   4177.1 2023  2  4 13 48 25.880  3.9   1
     3356  26.978495  102.903369     1.025    -3465.3     3159.0    -5111.6   1862.9   1371.0   4123.6 2023  2  4 16 28 44.010  2.2   1
     3361  27.047607  102.852368     2.500    -8526.4    10816.7    -3636.2   2112.8   1663.0   3218.5 2023  2  4 18 21  0.760  2.3   1
     3365  26.956213  102.944165     8.482      585.3      690.1     2345.4   1141.1   1456.5   1012.9 2023  2  4 19 34  7.760  2.5   1
     3366  26.980750  102.884717    21.138    -5317.3     3408.6    15001.4   2965.0   2428.5   1500.9 2023  2  4 20  3 14.540  1.6   1
     3367  26.849194  102.945671    14.156      734.5   -11167.9     8020.1    750.8    812.8    662.9 2023  2  4 20  7 36.480  2.5   1
     3368  26.729120  103.087484    11.494    14830.9   -24472.5     5357.7   3198.6   1744.6   3297.5 2023  2  4 20 33 16.400 -0.2   1
     3372  27.025903  102.798503    17.608   -13874.8     8412.0    11472.1   1501.8   1527.1   1670.0 2023  2  4 21  1 48.160  4.1   1
     3373  26.980037  102.912606     4.440    -2548.7     3329.7    -1696.7   1551.6    917.0   1237.9 2023  2  4 21 12 48.680  2.8   1
     3378  27.082554  102.897689    10.619    -4028.0    14689.0     4482.7   1609.1    847.0   1174.8 2023  2  4 22 14 28.720  2.8   1
     3386  26.510907  103.021191     4.635     8249.2   -48651.1    -1501.9   1891.1   1611.1   1441.7 2023  2  5  6 55 19.300  2.5   1
     3391  27.053599  102.768685    15.762   -16832.2    11480.5     9625.5   3350.9   2305.6   3658.5 2023  2  5 10  8 55.650  2.3   1
     3392  26.485264  102.997209     8.722     5863.9   -51492.5     2586.1   1728.1   1668.7   1973.4 2023  2  5 11 56 54.050  3.3   1
     3393  27.122538  103.080062     3.238    14068.9    19119.3    -2898.6   3826.4   2789.3   4930.0 2023  2  5 12  4 38.300  1.9   1
     3394  27.040092  102.918294     7.631    -1983.3     9984.1     1494.9   1803.5    985.8    985.3 2023  2  5 12 37 36.850  3.1   1
     3395  26.986285  102.770117    12.429   -16695.0     4022.1     6292.5    979.2   1228.8   1186.2 2023  2  5 12 41 57.150  3.3   1
     3398  26.895467  102.958651     7.707     2023.9    -6040.8     1570.6    909.6    719.1   1014.9 2023  2  5 16 41 16.840  3.0   1
     3404  26.615226  102.821216     1.132   -11640.6   -37092.2    -5004.4   1760.3   2680.2   6379.7 2023  2  5 19 53 51.640  2.7   1
     3405  27.009505  102.854338    15.828    -8332.3     6594.9     9691.3   2096.7   1501.5   1584.7 2023  2  5 20 21 55.300  2.4   1
     3407  26.968467  103.115877    12.167    17634.4     2047.9     6030.2   1491.3   1985.8   1648.4 2023  2  5 20 50 57.760  2.9   1
     3408  26.862771  103.042505     7.723    10354.3    -9663.6     1587.0   2367.7   2745.4   2963.6 2023  2  5 20 54 15.600  2.3   1
     3417  27.010801  102.874683    20.958    -6313.1     6738.6    14821.6   2268.6   2417.3   1951.3 2023  2  6  1  3 11.860  1.8   1
     3419  26.970111  102.917830     9.276    -2030.1     2230.0     3140.0    994.7   1006.2   1000.3 2023  2  6  1 12 27.600  4.9   1
     3421  26.992043  102.941341     6.081      304.4     4660.1      -55.1   1127.4   1079.9   1008.9 2023  2  6  1 43 57.790  3.2   1
     3423  27.007629  102.928011     5.598    -1018.6     6387.0     -537.9   1197.8    956.0   1343.6 2023  2  6  2 11 43.840  2.9   1
     3425  26.497605  102.995565    14.840     5699.9   -50125.0     8704.0   1304.7   1508.3   1265.0 2023  2  6  4 54  6.790  3.2   1
     3426  26.876992  102.830607    14.827   -10694.4    -8088.0     8690.7   1324.7   1229.2   1283.3 2023  2  6  5 20 41.670  2.9   1
     3429  26.946763  103.162207    33.368    22237.0     -357.1    27231.6   2741.9   1611.6   1466.0 2023  2  6  6 55 21.740  3.2   1
     3432  26.383103  103.051742    18.542    11294.8   -62812.1    12405.8   2053.5   1804.4   2349.4 2023  2  6  7 42 54.830  4.0   1
     3434  26.970201  102.911654    10.463    -2643.4     2240.0     4326.3   1241.8   1141.3   1108.7 2023  2  6  8 30 31.150  4.5   1
     3435  26.973535  102.952360     9.792     1398.8     2609.4     3655.5   1031.0    903.6   1089.4 2023  2  6  9 40 26.610  2.8   1
     3442  26.984843  102.929915    11.175     -829.4     3862.3     5039.0   1506.9   1146.0   1152.7 2023  2  6 14  5 30.640  2.4   1
     3443  27.107739  103.184139    22.462    24397.5    17479.6    16325.7   1295.3   1506.5   2094.1 2023  2  6 14 31 52.910  4.2   1
     3444  26.801624  102.937882     6.623      -39.0   -16438.9      486.6   1830.1   2301.3   6827.3 2023  2  6 14 37 34.240  2.8   1
     3446  26.822353  102.936287    11.006     -197.1   -14142.1     4869.5   1531.6   1808.6   2162.9 2023  2  6 14 57  0.150  2.9   1
     3449  26.790188  102.786906     5.654   -15041.4   -17706.2     -482.3   2280.8   1723.2   2147.0 2023  2  6 15  2 10.700  2.4   1
     3455  27.022970  102.844954     5.762    -9263.6     8086.8     -373.9   2427.4   2629.5   5158.7 2023  2  6 17 13 53.640  2.4   1
     3460  26.994908  102.946802    11.800      846.5     4977.4     5664.1   1224.4   1159.5   1075.6 2023  2  6 18 26 56.100  3.3   1
     3467  26.973116  102.845565    19.506    -9204.8     2563.0    13369.3   1916.6   2244.0   1930.9 2023  2  6 21 10 17.240  2.8   1
     3470  27.130664  102.874080     7.210    -6369.5    20019.6     1073.8   1056.5    787.7   1015.0 2023  2  6 22 10  4.780  2.6   1
     3473  26.860555  102.716895    17.961   -21991.0    -9909.1    11824.9   1433.3   1379.5   1384.6 2023  2  6 23 11  6.960  3.1   1
     3478  26.723340  102.906356    11.488    -3172.4   -25112.9     5351.6   1867.6   1416.5   1801.1 2023  2  7  0 34 55.370  2.5   1
     3479  27.110425  103.124772     4.040    18505.9    17777.0    -2096.7   1672.5   1570.5   2615.8 2023  2  7  1 23 37.160  4.2   1
     3480  27.028276  103.288794    13.416    34794.7     8674.6     7279.8   1579.5   1452.8   3116.9 2023  2  7  1 48  4.770  4.9   1
     3493  26.700490  103.007218    12.122     6853.5   -27644.7     5985.5   2265.6   2371.7   2517.7 2023  2  7  9 25  0.280  2.5   1
     3494  26.967369  102.896265    10.646    -4171.3     1926.1     4509.3   1134.6    974.3   1311.2 2023  2  7 10 51 42.860  2.7   1
     3497  26.576363  103.059546    11.364    12061.7   -41398.4     5227.1   1565.4   1382.5   1343.4 2023  2  7 12 22 33.570  3.9   1
     3498  26.578990  103.053149    10.110    11425.7   -41107.3     3973.8   1422.7   1342.7   1557.4 2023  2  7 12 27 52.750  3.8   1
     3499  26.571836  103.052995    10.811    11410.8   -41900.0     4674.5   1428.7   1435.7   1363.1 2023  2  7 12 51 49.860  3.6   1
     3500  26.566705  102.968221     6.293     2979.0   -42468.4      156.4   1561.4   2504.6   2303.5 2023  2  7 13  0  6.440  3.7   1
     3503  26.681736  103.156185    24.215    21663.5   -29722.8    18079.0   1981.3   1708.0   1649.8 2023  2  7 13 48 39.930  3.2   1
     3505  27.023855  102.827816    17.553   -10964.5     8184.9    11416.3   1455.5    985.2   1161.7 2023  2  7 14  0  9.910  3.1   1
     3506  26.970715  102.928035     6.336    -1016.1     2296.8      200.0    961.4    911.3    980.8 2023  2  7 14 24 46.020  2.7   1
     3507  26.851886  103.055363     7.063    11631.7   -10869.7      926.4   1774.3   2173.4   2860.7 2023  2  7 14 28 58.760  2.5   1
     3514  27.034080  102.843750    14.007    -9382.9     9317.8     7870.5   1403.1   1081.4   1230.6 2023  2  7 17 12 44.440  3.0   1
     3515  27.083120  102.822477     9.890   -11491.8    14751.5     3753.1   1590.3   1382.5   1449.1 2023  2  7 17 42 19.220  2.7   1
     3517  26.739594  102.742692     3.463   -19439.0   -23312.1    -2673.6   2867.7   2513.9   2937.8 2023  2  7 18  6 57.520  1.4   1
     3519  26.436853  103.260425     0.389    32061.2   -56856.4    -5747.4   2932.5   3349.4   4083.7 2023  2  7 18 34 54.560  3.1   1
     3521  26.574465  103.053459    11.495    11456.7   -41608.7     5358.8   1402.7   1322.2   1181.4 2023  2  7 18 46 48.700  4.0   1
     3522  26.968262  102.829647    11.677   -10785.9     2025.0     5540.7   1200.8   1052.8   1116.2 2023  2  7 19  4 59.200  2.8   1
     3524  26.977521  102.829867    13.672   -10763.2     3051.0     7535.5   1306.0   1142.3   1075.2 2023  2  7 19 54 31.700  2.9   1
     3526  26.902688  102.912264     9.941    -2582.9    -5240.8     3804.5   3510.8   1571.2   4818.4 2023  2  7 20 51 58.100  2.3   1
     3530  26.874640  102.866862    30.232    -7093.2    -8348.5    24095.3   2182.1   1636.5   1255.9 2023  2  7 22 10 15.520  3.0   1
     3533  27.105998  102.851929    14.088    -8568.1    17286.6     7951.5   1221.1    863.2    843.7 2023  2  7 22 51 25.800  4.0   1
     3534  26.776267  102.813468    17.979   -12402.1   -19248.4    11843.1   5394.3   3564.5   2235.3 2023  2  7 22 54 11.560  2.1   1
     3535  26.556337  102.981478     4.128     4297.7   -43617.2    -2007.9   1348.8   2151.4   1912.0 2023  2  7 23  6 45.840  3.1   1
     3536  26.916437  103.127580     8.873    18800.7    -3717.4     2736.3   1692.4   1981.9   3820.4 2023  2  7 23  7  0.840  2.8   1
     3539  27.149093  102.841569     7.277    -9594.3    22061.6     1140.5   1128.2    716.8   1385.5 2023  2  7 23 17  1.760  3.1   1
     3546  27.194826  102.746354     6.996   -19036.8    27129.0      859.3   2287.2   1563.9   5423.0 2023  2  8  4 40 22.700  3.3   1
     3556  26.928540  102.795850     7.666   -14144.2    -2376.1     1530.0   1837.5   1915.8   2329.1 2023  2  8 11 37 32.140  3.3   1
     3558  26.999717  102.863346    15.514    -7438.9     5510.4     9377.2   3222.4   2929.6   5313.9 2023  2  8 12  8 20.810  3.0   1
     3559  26.941520  102.759131    11.662   -17789.2     -938.1     5525.5   1939.2   2163.7   2459.1 2023  2  8 14 25 53.970  2.9   1
     3560  27.206460  102.701514    18.382   -23483.4    28418.0    12245.5   1326.5   1902.4   1693.2 2023  2  8 14 55 10.530  3.0   1
     3561  27.125435  102.851074    13.136    -8652.5    19440.3     7000.0   1342.7    858.1   1025.6 2023  2  8 15 37 19.870  3.9   1
     3562  27.115611  102.921932     8.445    -1621.7    18351.7     2308.9   3020.5   2607.5   3251.1 2023  2  8 15 41 55.900  2.4   1
     3565  26.822693  102.645443     2.567   -29093.7   -14104.3    -3569.0   3942.7   3560.9   4447.4 2023  2  8 17 43 21.000  2.9   1
     3566  26.756667  103.114339    14.408    17498.0   -21420.2     8271.9   1908.6   1836.8   1354.9 2023  2  8 18  5  8.560  2.4   1
     3567  27.170335  103.142220    11.869    20232.4    24415.2     5732.7   5519.5   2894.1   3965.0 2023  2  8 18 26 14.220  3.0   1
     3572  27.097937  102.860645     7.092    -7703.7    16393.5      955.6   1283.4    785.4   1121.8 2023  2  8 20 57 35.540  3.1   1
     3573  27.192792  103.653516    34.614    70947.2    26903.4    28478.0   2209.6   2106.0   2739.9 2023  2  8 21  5 12.980  4.2   1
     3574  26.996232  102.915234    14.752    -2287.6     5124.3     8615.4   2024.6   1240.1   1349.6 2023  2  8 23 33 29.860  3.2   1
     3578  27.292891  102.939274    10.722       99.2    37994.9     4586.0   2088.0   2407.6   1701.2 2023  2  9  0 42 45.450  2.1   1
     3581  27.220785  102.995199     3.106     5645.9    30005.3    -3030.5   3229.7   2576.2   3747.9 2023  2  9  4  5 17.070  1.8   1
     3584  26.829165  102.950212    16.594     1186.0   -13387.3    10457.5    822.8    794.2    942.1 2023  2  9  5 18 18.600  3.7   1
     3586  26.472115  103.158390    22.324    21902.9   -52949.3    16187.7   2944.1   1913.6   2293.3 2023  2  9  9 11 45.640  4.1   1
     3588  27.184334  102.879281     7.492    -5851.5    25966.3     1355.9   2975.9   4118.9   3514.5 2023  2  9 10 16 18.210  3.8   1
     3589  27.055011  102.951530    18.377     1315.9    11637.2    12240.7   3161.8   2704.1   3373.8 2023  2  9 10 31 57.000  3.0   1
     3597  26.949835  102.937590    10.400      -68.1      -16.8     4263.5   1194.6    820.6    932.6 2023  2  9 13 58 42.220  2.9   1
     3599  26.973541  102.814722    13.100   -12267.1     2609.9     6963.3   3711.8   2380.5   2188.4 2023  2  9 15 25 30.750  2.4   1
     3603  26.917963  102.908838     9.186    -2923.7    -3548.1     3049.2   1237.3    837.9    863.1 2023  2  9 17 12 51.860  1.9   1
     3605  26.987380  102.741219     8.577   -19564.3     4143.3     2440.9   1476.6   2311.5   2607.2 2023  2  9 17 50 12.280  2.9   1
     3610  26.897432  103.090804    22.634    15149.5    -5823.0    16497.8   7934.8   3591.8   4095.9 2023  2  9 19 42  9.060  2.3   1
     3611  27.361623  103.009155    13.098     7025.4    45610.6     6962.0   2947.2   1947.8   1921.1 2023  2  9 19 51 51.100  3.0   1
     3613  27.094928  103.087948     2.003    14852.7    16060.0    -4133.0   1710.7   1433.2   3171.7 2023  2  9 20 13 19.700  4.7   1
     3614  27.069784  102.709261    14.170   -22728.6    13274.0     8033.6   1481.2   1173.9   1557.1 2023  2  9 20 22 26.860  4.2   1
     3615  26.945235  102.981893    15.376     4331.8     -526.4     9239.5   4002.7   2992.3   2839.5 2023  2  9 20 44 56.560  2.9   1
     3616  27.548655  103.254012     2.678    31269.9    66334.2    -3458.1   3764.9   3465.4   5587.0 2023  2  9 20 45  4.760  1.9   1
     3617  26.678151  102.947241    12.489      891.6   -30120.0     6353.0   1397.4   2278.2   1393.9 2023  2  9 20 50 45.960  1.9   1
     3619  27.081592  103.061898    12.890    12268.4    14582.3     6753.5   2249.0   1584.5   2274.9 2023  2  9 21 52 15.780  3.4   1
     3621  26.977761  102.918115     5.023    -2001.5     3077.6    -1113.0   2580.5   1713.4   1976.2 2023  2  9 22 14 15.300  2.2   1
     3622  27.090653  103.114429     0.327    17480.9    15586.4    -5809.6   1637.7   1834.4   3700.7 2023  2  9 22 30 18.460  3.0   1
     3623  26.956606  102.853117    12.204    -8455.9      733.6     6068.0   2303.2   1440.3   1672.9 2023  2  9 22 39 57.040  3.0   1
     3624  26.894126  102.947925    16.197      958.4    -6189.4    10060.3   1025.1   1040.3   1029.2 2023  2  9 23 37 29.840  2.8   1
     3626  26.872290  102.934001     3.220     -424.3    -8608.9    -2916.6   1216.2   1926.0   3914.9 2023  2  9 23 58 10.260  3.0   1
     3629  27.131460  103.183854     7.144    24366.6    20107.8     1007.2   1919.0   1963.6   3641.7 2023  2 10  0 50 22.900  3.2   1
     3636  26.617513  102.669743    31.148   -26703.6   -36838.9    25012.0   2954.7   3944.8   2276.5 2023  2 10  2 35 52.370  3.8   1
     3640  27.004757  102.746623     3.077   -19025.9     6068.8    -3059.8   2758.7   1841.9   3437.3 2023  2 10  3 50 47.810  2.0   1
     3641  26.819330  102.958919    13.180     2051.3   -14477.1     7043.7   1545.9   1474.3    928.4 2023  2 10  3 51 17.800  3.1   1
     3643  26.868091  102.942700     5.433      439.9    -9074.1     -703.0   1262.5   1095.9   1946.9 2023  2 10  4 12 31.530  3.3   1
     3645  26.745186  102.827588    15.178   -11001.2   -22692.2     9042.0   1492.0   1813.1   1546.3 2023  2 10  4 24 55.790  3.2   1
     3650  27.106980  102.784245    13.272   -15284.3    17395.5     7136.0   2930.0   1656.6   4187.9 2023  2 10  8 31 13.530  2.7   1
     3654  26.926699  102.896867     3.945    -4111.7    -2580.2    -2191.5   1855.6   1549.2   1811.9 2023  2 10 10  6 43.890  3.3   1
     3657  27.196682  102.794157    16.230   -14295.1    27334.6    10094.0   3791.4   1784.3   4111.0 2023  2 10 10 23 28.880  3.0   1
     3658  27.037870  102.760050    11.365   -17690.8     9737.9     5228.9   1146.4   1100.6   1422.2 2023  2 10 11 42 25.830  3.6   1
     3659  26.669779  102.852238    14.159    -8553.4   -31047.6     8022.3   2448.1   1941.3   1800.0 2023  2 10 13 28 25.100  3.2   1
     3661  26.967735  102.925578     7.909    -1260.3     1966.7     1772.9   1009.0    954.0   1031.1 2023  2 10 13 44 34.240  3.2   1
     3664  27.040645  102.717448    27.970   -21919.1    10045.4    21833.6   2916.4   1951.5   2670.5 2023  2 10 14 24  6.670  2.5   1
     3668  26.918787  102.862533     9.842    -7522.1    -3456.8     3705.4   2518.3   2268.4   2675.0 2023  2 10 15 49  8.740  1.8   1
     3673  26.996391  102.893620     2.256    -4433.3     5141.7    -3880.5   1721.5   2075.6   1857.8 2023  2 10 16 46 56.170  2.0   1
     3676  26.852576  102.943693     8.711      538.3   -10793.3     2574.3   1467.8   2091.8   3778.8 2023  2 10 18  5 36.080  2.7   1
     3677  26.984231  102.768359    13.012   -16869.4     3794.5     6875.6   1220.1   1310.3   1421.5 2023  2 10 18 13 48.420  2.2   1
     3679  26.815232  102.965837    11.847     2738.8   -14931.1     5710.3    716.3    799.5    901.9 2023  2 10 18 51 51.000  2.9   1
     3681  26.816801  102.967765    15.409     2930.5   -14757.1     9272.2    841.0    839.1    815.4 2023  2 10 18 59 17.160  3.7   1
     3682  26.851605  103.001782    16.389     6309.3   -10900.9    10252.3    987.4    998.4   1107.8 2023  2 10 20  1 54.320  2.5   1
     3683  27.033329  102.997876    15.506     5916.4     9234.6     9369.8   3484.8   2480.8   3707.8 2023  2 10 20  3 14.280  0.7   1
     3685  27.183685  103.206030    22.879    26561.1    25894.5    16742.7   2746.7   2893.8   2892.9 2023  2 10 20 13 49.880  2.6   1
     3689  26.818724  102.979639    14.480     4110.0   -14544.2     8343.8    666.4    897.8    853.7 2023  2 10 21 25 36.460  3.2   1
     3690  27.002928  102.890177     9.501    -4775.1     5866.0     3364.3   1163.9    889.3    945.7 2023  2 10 21 35 25.200  3.2   1
     3691  26.744448  102.992546     9.277     5393.9   -22774.1     3140.5   1396.2   1435.9   1273.5 2023  2 10 22  2 20.140  3.3   1
     3692  26.710388  102.982593     7.756     4405.7   -26547.9     1619.5   1108.7   1122.5   1333.8 2023  2 10 22 13 22.860  2.7   1
     3693  26.860309  102.880924     4.119    -5696.8    -9936.5    -2017.0   1852.7    919.8   2021.3 2023  2 10 22 27 15.600  2.5   1
     3694  26.823773  102.965682    15.743     2723.3   -13984.6     9606.3   1171.6   1726.2   1457.9 2023  2 10 22 52 55.800  3.0   1
     3695  27.022201  102.678402    15.182   -25797.1     8001.6     9045.6   3823.1   3593.5   2526.8 2023  2 10 23 10 21.920  3.1   1
     3696  26.815609  102.957739    12.127     1934.2   -14889.3     5991.1    734.2    821.7    751.2 2023  2 10 23 21 27.120  3.0   1
     3697  27.000175  102.812760     5.646   -12460.2     5561.1     -490.0    991.1   1311.3   1066.3 2023  2 10 23 27 25.760  2.8   1
     3699  26.562207  103.088525     4.296    14944.9   -42966.9    -1840.2   3014.1   2461.1   2547.0 2023  2 10 23 50 20.420  2.4   1
     3700  27.124500  102.922314    21.842    -1583.1    19336.5    15705.4   2226.6   1255.4    764.2 2023  2 11  0  0 47.700  3.3   1
     3701  27.098448  102.908748     9.156    -2929.9    16449.9     3019.2   4458.1   3340.8   4808.9 2023  2 11  0 14 26.360  3.0   1
     3703  26.924876  102.896606    10.314    -4138.3    -2782.2     4177.2   1201.1    733.3   1022.7 2023  2 11  0 34 33.290  3.9   1
     3705  26.936210  103.157316    13.642    21751.9    -1526.4     7506.1   4161.7   3888.2   4236.9 2023  2 11  2 18  8.280  2.5   1
     3708  27.189006  102.920052     9.741    -1807.1    26484.0     3604.9   1212.6   1284.9   1719.7 2023  2 11  3 43 41.480  3.2   1
     3713  26.900826  103.009326    10.567     7057.0    -5446.9     4430.8   2763.1   2851.1   5077.6 2023  2 11  6 24 40.760  2.2   1
     3715  27.046804  103.416398     2.024    47457.4    10727.7    -4112.2   1744.5   2592.2   2397.4 2023  2 11  6 54  0.990  3.9   1
     3716  27.332483  102.620304    18.107   -31520.9    42381.6    11970.2   1585.0   2739.6   3793.1 2023  2 11  7  5 44.440  3.5   1
     3717  27.208181  102.975830     5.886     3725.3    28608.6     -250.6   2082.4   2994.8   5433.2 2023  2 11  7 12 46.630  2.4   1
     3719  27.131602  102.730241    17.715   -20641.2    20123.5    11578.6   1398.0    992.0   1592.6 2023  2 11  8  1 17.770  2.8   1
     3721  27.129073  102.847673    10.681    -8989.7    19843.4     4544.5   1178.7    738.2    833.2 2023  2 11  8 41  3.690  2.8   1
     3722  26.964756  102.654093    20.715   -28217.3     1636.6    14578.7   1982.5   2497.5   2335.9 2023  2 11  9  1 48.320  3.8   1
     3728  27.125421  103.158122    24.796    21813.7    19438.8    18659.4   1132.8   1611.2   1212.0 2023  2 11 10 43  2.860  2.8   1
     3729  26.848338  102.707821     2.104   -22894.1   -11262.8    -4032.4   1518.8   2023.6   3362.4 2023  2 11 10 57 56.570  2.7   1
     3742  26.786306  103.117773    20.889    17837.0   -18136.2    14752.6   2080.0   1923.7   1306.2 2023  2 11 13 57 47.070  2.6   1
     3744  26.871413  102.938924     6.739       64.8    -8706.0      602.2   1008.7   1080.3   2465.3 2023  2 11 15  5 42.430  2.9   1
     3748  26.791207  102.968156     8.486     2969.4   -17593.0     2349.1   1377.4   1947.6   2373.4 2023  2 11 16 32 54.340  2.5   1
     3750  27.043931  102.897355     8.508    -4061.4    10409.3     2371.8   2215.3   1526.3   2181.9 2023  2 11 16 48  8.620  2.1   1
     3753  27.201868  103.600684    44.645    65704.1    27909.2    38508.7   2862.4   3452.8   4038.0 2023  2 11 17 20 36.940  3.7   1
     3762  26.603721  103.225456     5.647    28560.3   -38367.0     -489.7   2805.4   3543.8   3783.1 2023  2 11 20  3 36.720  2.9   1
     3763  26.681588  102.980477    10.755     4196.0   -29739.2     4618.7   1396.5   1501.2   1919.9 2023  2 11 20 27 25.080  2.6   1
     3764  27.162305  103.081470    25.490    14205.9    23525.6    19353.8   3155.1   3118.2   7614.6 2023  2 11 21  4 18.760  2.6   1
     3767  26.547815  103.021696    16.065     8298.4   -44561.7     9928.9   1820.1   1825.7   1475.8 2023  2 11 21 41 16.760  3.5   1
     3778  26.628237  102.980371    13.352     4186.2   -35650.5     7215.8   2678.0   3052.6   2498.2 2023  2 12  0 40 41.680  2.6   1
     3784  26.992257  102.922420     5.371    -1573.8     4683.7     -765.7   1245.1    996.9   1167.7 2023  2 12  3  7  9.350  3.9   1
     3785  27.032005  103.199162     9.736    25896.4     9088.0     3599.5   1924.6   1886.2   5106.8 2023  2 12  3 21 49.170  3.6   1
     3786  27.179486  102.832731     6.074   -10469.9    25429.3      -62.4   1220.9   1173.1   1923.5 2023  2 12  3 32 54.620  4.6   1
     3787  27.000564  102.802262     4.472   -13502.5     5604.2    -1664.0   1187.4   1479.4   2183.5 2023  2 12  3 34  5.200  4.2   1
     3788  26.848163  102.947054    12.916      872.1   -11282.4     6780.1    949.5    788.8    762.6 2023  2 12  3 36 55.170  3.0   1
     3790  27.004907  102.792855    24.263   -14436.6     6085.4    18126.4   2605.9   1377.6   2381.8 2023  2 12  3 46 34.860  2.1   1
     3796  27.142421  103.017228     5.473     7833.5    21322.4     -663.1   7576.1   1860.6   4100.3 2023  2 12  5  7 32.040  2.7   1
     3797  27.092792  102.947957    25.634      960.9    15823.2    19497.7   2504.1   1892.7   2149.0 2023  2 12  5 37 32.460  2.7   1
     3802  27.091772  102.852710    15.926    -8491.4    15710.3     9789.7   1593.9   1002.6   1099.6 2023  2 12  7  2 15.470  3.4   1
     3803  26.730762  103.009863    24.891     7115.9   -24290.7    18754.3   3305.6   3406.9   2599.4 2023  2 12  7  4 59.880  3.3   1
     3805  26.645030  102.874731     4.965    -6317.8   -33789.9    -1171.5   3964.8   3456.8   4691.0 2023  2 12  7 28 30.560  2.9   1
     3809  26.843119  102.582389    16.022   -35355.1   -11841.0     9885.6   5714.0   7700.8   7009.8 2023  2 12  8  7 10.040  3.2   1
     3811  27.106407  103.095020    12.941    15554.3    17331.8     6804.3   3794.9   3936.6   9065.8 2023  2 12  9 24 42.700  1.7   1
     3818  26.942881  102.782837     5.042   -15435.0     -787.3    -1094.7   2115.3   2000.9   2986.9 2023  2 12 11 20 54.740  2.8   1
     3819  26.822548  102.881502     8.420    -5640.7   -14120.5     2284.1   1572.2   1129.9   1648.2 2023  2 12 11 30 20.660  2.3   1
     3824  26.682225  102.900781    14.168    -3727.6   -29668.6     8032.1   1937.4   2005.7   1148.7 2023  2 12 14  3 46.340  2.6   1
     3829  26.911196  103.003597    19.052     6487.4    -4298.0    12915.5   1493.6   1870.2   1558.7 2023  2 12 15 20  6.950  3.0   1
     3830  26.873608  102.934375    14.822     -387.6    -8462.9     8685.9   1214.0    799.2    809.1 2023  2 12 15 24 31.290  3.6   1
     3834  26.954547  102.890894    13.296    -4704.6      505.5     7159.2   2124.6   1541.7   1158.5 2023  2 12 16 51 25.630  2.9   1
     3835  26.836410  102.954712     6.600     1632.9   -12584.6      463.4   1061.0    791.1   1441.5 2023  2 12 17  1 26.600  2.8   1
     3841  26.958346  103.095451     5.674    15606.9      926.4     -462.7   2194.3   2001.7   3139.7 2023  2 12 18 20 17.200  2.9   1
     3848  26.825572  102.877376    21.024    -6050.2   -13785.5    14887.9   1562.2   1074.9   1065.8 2023  2 12 19 47 48.120  3.0   1
     3849  26.952374  102.788330     2.421   -14889.0      264.7    -3715.9   1973.1   1533.4   4499.7 2023  2 12 20 14 10.780  2.4   1
     3851  27.130463  103.146769    18.551    20687.4    19997.3    12415.0   1192.0   1120.6   1686.3 2023  2 12 20 45 24.600  3.6   1
     3856  26.602368  103.038835    63.702    10000.8   -38517.0    57565.5  11284.2   6551.2   4431.7 2023  2 12 23 18 38.760  3.1   1
     3858  26.626632  103.083398    12.081    14431.3   -35828.5     5944.9   1119.0   1269.7   1216.3 2023  2 12 23 47  4.320  3.6   1
     3860  26.484772  103.092855     4.945    15380.9   -51546.9    -1191.0   1770.8   1170.4   1715.3 2023  2 13  1 13 59.280  3.0   1
     3868  26.879307  102.927043    13.313    -1115.7    -7831.4     7176.9   1095.7    873.2    864.5 2023  2 13  3 57 56.990  3.5   1
     3869  27.053642  102.691235    11.670   -24519.4    11485.5     5533.3   1499.3   2131.3   2165.1 2023  2 13  4  8 58.450  3.3   1
     3873  27.014608  102.722021    10.951   -21467.4     7160.4     4815.0   2424.1   1215.5   3391.2 2023  2 13  6 34 32.170  2.8   1
     3877  26.842810  102.999007    16.048     6033.4   -11875.5     9911.6   1458.5    904.1   1113.1 2023  2 13  6 58  8.040  3.1   1
     3880  27.304681  102.898674     5.982    -3926.1    39301.2     -154.1   2042.8   2671.0   3925.2 2023  2 13  8 44  9.760  3.4   1
     3884  27.147176  102.797542    13.702   -13962.5    21849.2     7565.3   3623.8   1811.3   2128.7 2023  2 13 10 36 54.440  2.8   1
     3886  26.494332  102.981104     8.871     4261.3   -50487.5     2734.4   1984.0   1878.2   2432.7 2023  2 13 11 20 53.140  3.7   1
     3890  26.470394  102.967586     9.426     2916.5   -53140.1     3289.3   2618.6   2506.4   3089.7 2023  2 13 12 44 44.880  3.3   1
     3892  26.858024  103.117367     0.860    17790.9   -10189.5    -5276.8   2309.0   2481.9   3253.5 2023  2 13 14 14 17.890  2.1   1
     3893  26.585079  102.919344    26.209    -1882.8   -40432.6    20072.9   2170.0   1932.8   1622.1 2023  2 13 14 35 47.320  3.2   1
     3894  26.942678  103.046061    13.214    10703.8     -809.8     7077.9   3344.0   3183.8   3321.0 2023  2 13 14 40 28.050  2.4   1
     3897  26.876662  103.270068     5.214    32957.2    -8124.5     -922.7   2624.0   2970.1   3312.9 2023  2 13 15  2 33.870  2.4   1
     3906  26.823462  102.736711     5.536   -20026.0   -14019.1     -600.1   1969.3   1722.6   2947.2 2023  2 13 19 30 15.820  1.4   1
     3913  27.106205  102.884717     9.255    -5314.4    17309.6     3118.6   1297.8    750.7    946.0 2023  2 13 22 17 53.520  3.0   1
     3922  26.607672  103.099284     0.380    16012.3   -37929.2    -5756.3   1690.0   1822.1   2703.2 2023  2 14  2 57 33.440  3.3   1
     3932  26.939984  102.903971    10.427    -3406.2    -1108.2     4290.5   2913.6   1852.9   1456.9 2023  2 14 11 57  2.330  2.5   1
     3934  27.150834  103.075326    12.206    13596.8    22254.6     6069.5   2275.2   2607.3   5691.0 2023  2 14 13 23 47.720  2.4   1
     3936  27.091748  102.903760    16.748    -3424.9    15707.5    10611.8   1935.0   1166.6   1305.0 2023  2 14 14 12 31.560  2.6   1
     3939  27.250795  103.068457    22.412    12909.7    33330.6    16275.5   2499.5   2448.4   1563.9 2023  2 14 17 31 36.040  3.0   1
     3940  26.500104  102.964242    10.229     2583.8   -49848.2     4092.3   1877.6   1569.5   2299.8 2023  2 14 17 59 20.880  3.5   1
     3943  26.879586  102.957161    13.602     1875.8    -7800.5     7465.1   1017.6    825.1    985.2 2023  2 14 21 11 56.760  3.0   1
     3944  27.116168  102.828109     0.547   -10931.3    18413.6    -5588.9   1485.7   1114.6   3168.3 2023  2 14 21 35 59.520  2.9   1
     3945  26.715743  102.817635    17.236   -11991.5   -25954.6    11099.3   1307.4   2747.5   1794.2 2023  2 14 22 33 58.840  3.5   1
     3946  26.659554  102.936841     6.490     -142.7   -32180.7      354.0   2218.4   2174.8   5332.3 2023  2 14 22 54 14.600  2.7   1
     3948  27.109489  102.824463    13.990   -11293.2    17673.4     7853.7   1242.9    821.7   1021.6 2023  2 14 23  2 21.120  3.0   1
     3954  26.968673  102.918180    14.495    -1995.3     2070.5     8358.4   4311.2   2654.4   2266.5 2023  2 15  2 44 14.520  3.0   1
     3958  27.139756  102.870451     4.817    -6729.1    21027.0    -1319.6   1608.5   1107.6   3277.8 2023  2 15  5 48 57.830  3.6   1
     3959  27.097587  102.829565    17.066   -10787.7    16354.5    10929.8   1191.5    813.0   1132.2 2023  2 15  6 37 39.050  3.9   1
     3960  27.324556  102.965072    12.719     2656.5    41503.4     6582.5   1795.2   1628.8   1360.3 2023  2 15  7 13 41.660  2.0   1
     3964  27.101499  102.836662    11.441   -10083.3    16788.1     5304.7   1193.4    779.9    981.6 2023  2 15 10 22 17.840  3.4   1
     3970  27.113220  102.815796    10.168   -12153.1    18086.8     4031.2   1160.1    805.7   1216.2 2023  2 15 11 38  6.520  3.0   1
     3973  26.963493  102.911003     7.268    -2707.5     1496.6     1132.1   1124.8   1034.3    993.8 2023  2 15 14 54  0.720  2.3   1
     3976  27.107312  102.842000     8.406    -9553.0    17432.1     2269.1   1227.7    743.9   1022.8 2023  2 15 15 17 29.780  2.8   1
     3977  26.862807  102.937305    12.815      -95.9    -9659.7     6678.2    916.1    725.2    797.0 2023  2 15 16  9 19.260  4.2   1
     3978  27.105859  102.860441     6.166    -7723.6    17271.2       29.8   1201.0    710.7   1613.4 2023  2 15 16 28  5.090  2.4   1
     3979  26.812244  103.238354    25.361    29816.1   -15262.3    19224.5   2287.6   2487.6   1881.2 2023  2 15 16 34 48.890  2.9   1
     3981  26.510134  103.000830     7.356     6223.6   -48736.8     1219.3   2172.8   2133.8   2486.9 2023  2 15 19 12 44.440  3.8   1
     3982  26.987577  102.790096     8.954   -14711.5     4165.2     2818.0    989.2   1061.0   1364.0 2023  2 15 19 18 16.120  4.0   1
     3983  26.841705  102.964185    17.059     2574.4   -11997.8    10922.6   1224.7    875.8    861.7 2023  2 15 20 50 46.760  2.9   1
     3991  26.609310  102.964722     1.719     2630.1   -37747.8    -4417.1   3083.9   2364.4   4116.7 2023  2 16  3 38 27.700  3.5   1
     3995  26.824833  102.901945    24.779    -3609.2   -13867.3    18643.0   3949.5   2559.9   2633.5 2023  2 16  8 43 16.710  2.0   1
     3996  26.765434  103.004126    23.423     6544.7   -20448.7    17287.1   9993.1   5673.1   5441.8 2023  2 16  9 59 23.210  3.3   1
     4003  26.971440  102.897184    28.408    -4079.7     2377.1    22271.7   2819.9   1617.3   1325.2 2023  2 16 15  4 14.150  3.3   1
     4004  27.205827  102.840047    12.493    -9742.8    28347.9     6356.5   1561.3    876.2   1189.4 2023  2 16 15 18 47.110  2.6   1
     4005  27.136287  102.864038     6.610    -7365.6    20642.7      473.5   1326.6    832.0   1571.7 2023  2 16 15 51 51.340  2.9   1
     4007  27.042877  102.801595    12.620   -13566.5    10292.6     6483.7   1237.4   1044.7   1263.8 2023  2 16 16 24  7.900  3.0   1
     4011  27.012592  102.960750    12.352     2231.7     6937.0     6215.2   1819.4   1684.8   1199.8 2023  2 16 17 18 28.080  2.5   1
     4016  27.011385  102.776506    42.326   -16059.3     6803.2    36189.4   6236.7   3485.4   2280.9 2023  2 16 18 47 56.800  2.5   1
     4024  27.117839  102.810677     9.536   -12660.8    18598.5     3399.4   1477.2   1421.1   2302.3 2023  2 17  0 14 51.630  3.4   1
     4027  27.362622  102.899341    15.360    -3858.6    45721.2     9223.1   2087.7   1521.4   1473.7 2023  2 17  2  5 10.840  3.4   1
     4028  26.927952  102.856730     9.921    -8098.3    -2441.4     3784.4   2627.3   1958.5   2083.9 2023  2 17  2  5 13.360  3.0   1
     4037  26.781028  103.189648     8.713    24979.8   -18720.9     2576.6   1703.2   2418.9   2577.9 2023  2 17  9 58 48.950  4.2   1
     4041  26.948891  102.911646     6.866    -2643.7     -121.4      730.0   1364.9    951.7   1148.4 2023  2 17 13 22  2.790  2.8   1
     4046  26.884857  102.906779     8.060    -3128.0    -7216.5     1923.9   1386.9    961.7   1047.3 2023  2 17 17 38 55.160  2.8   1
     4047  26.860592  102.902425    13.257    -3561.1    -9905.0     7120.9   1171.0    978.5   1365.4 2023  2 17 17 44 19.540  2.7   1
     4048  26.854018  102.928524    18.830     -968.9   -10633.5    12693.4   1027.4    809.1   1005.0 2023  2 17 17 50 30.180  2.9   1
     4052  27.117590  102.848950     4.861    -8862.9    18571.1    -1275.0   1373.5    694.0   2307.1 2023  2 17 22  3 44.000  3.0   1
     4053  27.164294  102.886296     2.089    -5156.3    23745.9    -4047.6   1179.0   1235.9   3347.6 2023  2 17 22 11  1.380  2.3   1
     4058  26.829773  102.966390    13.223     2793.3   -13320.0     7086.8    869.0    746.2    721.9 2023  2 17 23  0 31.120  3.8   1
     4059  27.132202  103.192212     1.146    25196.0    20190.2    -4990.4   1609.0   2079.1   2774.1 2023  2 18  0 57 15.640  4.3   1
     4066  27.262649  102.900952     9.734    -3701.0    34643.8     3597.3   1847.4   2088.9   1399.9 2023  2 18  5 47 29.680  2.8   1
     4070  27.090074  102.701465    28.619   -23500.7    15522.1    22482.6   4275.9   2008.9   2598.1 2023  2 18  6 23 13.990  2.5   1
     4073  26.599245  103.185132    28.775    24550.3   -38863.1    22638.3   4069.3   7489.4   2923.2 2023  2 18  7  7 59.650  3.0   1
     4083  27.142792  102.865975    11.091    -7172.7    21363.3     4954.2   1134.9    694.4    906.2 2023  2 18 11  9 37.300  4.4   1
     4084  26.831584  103.013680    16.648     7491.9   -13119.3    10511.6    977.1    973.4    912.6 2023  2 18 11 25  4.350  3.4   1
     4086  27.110999  102.858293     9.548    -7936.3    17840.8     3412.0   4286.9   1995.6   3710.6 2023  2 18 12  7 46.150  3.2   1
     4087  26.609747  102.721175    29.753   -21590.0   -37699.4    23616.2   2998.4   2691.6   2208.6 2023  2 18 13 43 24.480  3.2   1
     4088  27.136509  103.019946    11.842     8103.7    20667.4     5705.5   3680.0   3394.4   3529.7 2023  2 18 14 31 26.180  2.7   1
     4089  27.007998  102.867578     7.866    -7018.3     6427.9     1729.9   1997.9   1477.4   1698.9 2023  2 18 16  4  9.000  2.2   1
     4094  27.217458  102.770841     7.244   -16605.9    29636.8     1108.0   1407.4   2571.4   4691.9 2023  2 18 17 38 21.640  3.3   1
     4095  27.061570  102.725830     6.565   -21085.4    12363.8      428.4   1393.3   1421.3   2135.6 2023  2 18 18  7 22.560  2.7   1
     4096  27.045880  102.682316    26.072   -25405.7    10625.3    19935.9   2053.2   1602.8   1982.4 2023  2 18 18 10 57.640  3.2   1
     4103  27.122314  103.067920     0.093    12863.8    19094.4    -6043.6   1927.2   2220.3   4448.9 2023  2 18 21 13 39.680  3.9   1
     4104  26.782851  102.799748     1.047   -13765.6   -18519.0    -5088.9   2402.8   4218.0   3443.7 2023  2 18 21 33 18.400  2.2   1
     4109  27.013658  102.851929     3.682    -8571.2     7054.9    -2454.8   2073.8   1548.2   2311.4 2023  2 19  2 13 23.520  3.2   1
     4110  27.355072  103.064600     8.814    12522.0    44884.7     2677.8   1942.2   1523.1   1742.0 2023  2 19  2 53 39.520  2.2   1
     4112  26.513898  103.034448    12.273     9568.0   -48319.6     6136.6   3103.2   2450.1   3324.2 2023  2 19  4 19 14.990  2.4   1
     4113  27.044853  103.138696     8.963    19893.4    10511.5     2826.4   2043.0   1471.2   3765.9 2023  2 19  4 45 28.730  3.4   1
     4116  27.096802  103.009139     0.423     7032.1    16267.5    -5713.6   2151.8   1573.9   3420.3 2023  2 19  6 32 11.650  3.1   1
     4117  26.734865  102.971899     4.364     3341.8   -23835.9    -1772.6   3594.3   2444.6   2415.4 2023  2 19  8 43 39.550  2.7   1
     4123  27.299178  102.916366     0.528    -2172.0    38691.3    -5608.5   1551.9   1698.6   2951.8 2023  2 19 14 35  1.820  2.4   1
     4125  27.163068  102.530273    18.029   -40476.4    23609.9    11892.8   2179.3   2883.6   4075.8 2023  2 19 15 52 13.700  3.1   1
     4126  27.176221  102.836646    11.251   -10081.1    25067.4     5114.8   1351.9    756.7   1328.7 2023  2 19 16 51 35.070  3.0   1
     4129  27.175667  102.784977    14.148   -15206.9    25006.2     8011.5   2083.9   2047.4   3541.8 2023  2 19 19 35 46.600  2.6   1
     4131  27.064663  103.120671    14.057    18102.5    12706.5     7921.1   1156.7   1169.5   2532.7 2023  2 19 20 12 42.980  3.6   1
     4134  27.193524  103.115519    10.138    17581.5    26984.6     4001.7   1571.8   1406.8   1492.7 2023  2 19 21 32 17.360  3.1   1
     4135  26.941628  102.889453     7.119    -4847.9     -926.0      983.0   2541.3   1940.1   1833.5 2023  2 19 21 46 38.960  1.5   1
     4138  26.898820  102.942228     7.475      392.7    -5669.2     1338.4    976.6    824.8   1464.4 2023  2 19 23 16 43.660  3.3   1
     4144  27.071788  102.995858     5.515     5715.4    13495.9     -621.0   1555.2   1765.6   3048.4 2023  2 20  1 49 31.540  3.9   1
     4145  27.200364  102.959342     3.977     2089.6    27742.7    -2159.4   2781.7   1851.7   2417.4 2023  2 20  2 42 49.690  2.0   1
     4147  27.170125  102.934188    20.618     -405.0    24391.9    14481.9   4322.8   3408.2   6987.4 2023  2 20  3 17 29.960  2.6   1
     4149  27.501609  102.581038    57.695   -35386.5    61121.3    51558.4   7036.7   6292.2   5555.7 2023  2 20  4 45 38.990  3.2   1
     4150  27.143665  102.983244     0.126     4461.7    21460.1    -6010.3   2638.0   1944.8   4954.3 2023  2 20  5  7 42.400  3.0   1
     4154  26.716132  102.998055    18.422     5942.1   -25911.7    12285.8   1036.6   1499.0   1066.9 2023  2 20  7 13 59.890  3.2   1
     4156  27.033732  102.591650    31.674   -34407.0     9279.3    25537.3   1696.9   3148.1   1655.9 2023  2 20  9  5 16.860  3.3   1
     4162  26.918748  103.085360    13.237    14607.6    -3461.1     7100.3   2129.9   3319.8   2326.9 2023  2 20 11 14 14.280  2.6   1
     4167  26.991852  102.961043    12.365     2260.7     4638.9     6229.1   3372.0   1843.7   1767.5 2023  2 20 15 17 25.900  3.1   1
     4173  27.169773  103.015975    12.809     7708.6    24353.0     6673.5   2805.6   2230.4   1985.0 2023  2 20 20 14 38.560  2.1   1
     4175  26.968516  103.352726     2.488    41151.4     2053.2    -3648.2   2013.5   2271.5   8088.2 2023  2 20 21 40 46.400  3.5   1
     4176  27.159261  102.836279     7.448   -10118.6    23188.2     1311.7   2711.8   2837.4   6274.8 2023  2 20 23 10 21.480  2.7   1
     4177  27.225972  102.987988    38.706     4930.5    30580.0    32569.7   2867.6   2886.4   2354.4 2023  2 21  0 49 27.000  2.6   1
     4179  27.297422  103.012533    13.403     7362.6    38496.9     7266.4   1904.0   1849.6   1417.1 2023  2 21  2 12 17.240  2.9   1
     4183  26.972990  102.946663    21.111      833.5     2549.0    14974.6   2997.0   2944.6   1479.5 2023  2 21  5 15  0.580  3.1   1
     4187  27.176280  103.042326    12.411    10322.2    25073.9     6275.0   2123.3   1604.7   2000.5 2023  2 21  7 57 59.560  3.2   1
     4189  26.666327  103.029232    15.939     9043.6   -31430.1     9802.6   1384.3   1314.5   1716.8 2023  2 21  8 52  8.020  4.0   1
     4191  27.123303  102.852726    13.217    -8488.6    19204.0     7080.6   1369.3    811.6    969.3 2023  2 21 10 20 53.620  4.4   1
     4192  26.857045  103.093978    34.126    15467.5   -10297.9    27989.7   1948.2   1904.3   1870.0 2023  2 21 10 23 53.200  3.2   1
     4197  26.899005  102.999406    22.746     6071.7    -5648.7    16609.9   2247.4   1836.6   1921.8 2023  2 21 12 14 27.270  3.6   1
     4200  26.487864  103.032438    10.111     9369.7   -51204.2     3974.8   2446.1   1979.3   2959.3 2023  2 21 14 12  5.390  3.0   1
     4202  27.049996  103.144881    14.651    20506.8    11081.5     8514.4   1104.3   1246.3   2137.4 2023  2 21 14 40 45.690  3.3   1
     4204  26.807161  102.980672     8.290     4213.1   -15825.2     2153.9   2673.3   1897.6   2809.3 2023  2 21 15 16 32.970  4.1   1
     4208  27.105363  102.858407    14.164    -7925.1    17216.1     8027.1   1269.3    781.7   1004.1 2023  2 21 17 57 10.720  4.4   1
     4210  26.618030  102.860897    60.847    -7694.9   -36781.6    54711.0   2355.2   2899.4  27389.8 2023  2 21 18 21 46.280  1.5   1
     4211  27.099034  102.823161    11.051   -11422.7    16514.9     4914.9   1794.9   1334.2   1866.6 2023  2 21 18 55 10.460  2.6   1
     4212  26.684314  103.035636    15.788     9679.4   -29437.1     9651.4   1291.7   1325.6   1601.3 2023  2 21 19 38 22.040  2.8   1
     4213  27.012657  102.944906    13.421      658.3     6944.1     7284.9   4243.0   2752.4   2816.9 2023  2 21 19 39  8.040  2.5   1
     4216  26.873912  102.893083     3.485    -4489.1    -8429.2    -2651.2   2281.2   1651.1   3012.1 2023  2 21 21 14 39.040  1.9   1
     4217  27.038373  102.921639    18.590    -1651.5     9793.5    12454.0   2804.2   2289.0   1816.6 2023  2 21 21 28  1.920  2.3   1
     4224  26.912443  102.911670     6.507    -2642.4    -4159.9      370.3   1106.9    821.3   1021.5 2023  2 21 23 18 40.080  4.2   1
     4226  27.121828  102.852669     7.089    -8493.8    19040.6      953.0   1190.4    765.9   1389.3 2023  2 21 23 53 52.720  4.6   1
     4230  26.921946  102.811320     8.908   -12607.7    -3107.0     2771.5   2243.2   1366.3   1934.7 2023  2 22  4 37  4.290  3.5   1
     4231  26.511053  103.005786     5.274     6716.8   -48634.8     -862.6   4441.6   2750.7   4899.7 2023  2 22  4 44 59.660  2.3   1
     4232  26.706252  102.949007     0.592     1067.2   -27006.4    -5544.1   2153.5   2664.7   3215.1 2023  2 22  4 54  5.420  2.7   1
     4234  27.150199  103.273226    25.055    33231.1    22184.3    18918.7   3570.1   2296.0   3909.5 2023  2 22  6 11 45.440  3.3   1
     4235  26.795992  102.787280     3.540   -15003.5   -17062.8    -2596.7   3368.3   1742.3   3698.3 2023  2 22  6 25 40.830  2.7   1
     4237  26.659428  102.997021    13.523     5841.3   -32194.7     7386.2   1340.4   1305.6   1875.7 2023  2 22  7 42  7.120  3.2   1
     4246  26.664565  102.972127    23.834     3365.8   -31625.3    17697.3   6928.6   5425.4   4095.6 2023  2 22 12 25 46.160  3.0   1
     4248  27.246218  102.823576    19.259   -11374.8    32823.3    13123.1   2912.1   2126.2   2295.0 2023  2 22 13 15  7.400  2.7   1
     4252  26.882204  102.748665    10.121   -18833.4    -7510.3     3984.2   2319.8   1904.1   3149.9 2023  2 22 14 35 16.880  2.3   1
     4255  27.119863  102.865820    14.822    -7189.1    18822.8     8685.7   1274.3    757.1   1170.9 2023  2 22 15 42 47.490  5.8   1
     4257  27.117690  102.844849     8.593    -9269.9    18582.0     2456.3   1153.9    690.1    940.7 2023  2 22 16 22 50.940  3.6   1
     4259  26.897227  102.841130     7.104    -9648.8    -5845.8      967.9   4897.9   3797.6   2590.5 2023  2 22 17  4 13.900  1.1   1
     4263  27.077334  102.876514    14.397    -6129.4    14110.5     8260.2   1814.4   1032.3   1441.2 2023  2 22 18 40 57.800  2.5   1
     4265  27.202684  102.816211    11.684   -12107.4    27999.7     5547.9   1324.5   1050.7   1137.3 2023  2 22 19 25 30.120  3.7   1
     4266  26.915462  102.550073    35.771   -38553.6    -3825.4    29634.4  17735.0  13634.7   3728.2 2023  2 22 19 36 56.340  2.9   1
     4267  26.885891  102.912370    14.744    -2572.9    -7101.9     8607.2   1142.3    825.9   1011.3 2023  2 22 19 45 21.380  3.1   1
     4268  26.882225  102.918864    12.691    -1927.9    -7508.2     6554.2   1059.2    831.8    643.9 2023  2 22 19 47 48.020  2.6   1
     4270  26.933567  103.011629    33.927     7284.9    -1819.1    27790.7   1480.1   2249.7   1323.0 2023  2 22 20  1 15.380  3.3   1
     4273  27.216758  102.813957    11.861   -12330.3    29559.0     5724.9   1668.2   1510.9   1895.6 2023  2 22 23 31 42.920  3.7   1
     4275  27.161324  103.046077     9.526    10695.0    23416.9     3389.6   2769.2   1817.1   2677.0 2023  2 22 23 54 10.280  3.0   1
     4278  27.141091  102.825806    27.637   -11158.2    21175.0    21500.7   5801.2   3989.2   2966.1 2023  2 23  5 10 28.110  3.1   1
     4286  26.880412  102.676196    20.719   -26031.6    -7709.0    14582.3   4369.2   3763.7   3225.6 2023  2 23  9 55 34.130  2.6   1
     4287  26.833793  103.022811     1.129     8399.0   -12874.4    -5007.7   2266.3   1427.6   2843.3 2023  2 23 10  7 29.760  2.9   1
     4289  26.816555  102.910555     9.241    -2753.6   -14784.6     3105.1   2128.0   1061.6   1920.9 2023  2 23 11 33 42.170  3.2   1
     4290  27.120801  103.106071     3.954    16649.5    18926.7    -2182.1   2239.9   2087.6   3952.3 2023  2 23 13 12 20.870  3.3   1
     4293  26.629348  103.272974    11.307    33282.2   -35527.6     5170.1   2334.3   2761.1   3166.5 2023  2 23 14 31 31.300  3.0   1
     4295  27.220166  103.004159    13.651     6534.5    29936.7     7514.7   2202.4   1444.1   2878.5 2023  2 23 15 42  2.220  2.7   1
     4301  27.244661  102.786149    16.146   -15086.3    32651.0    10010.0   2060.2   1896.9   1917.5 2023  2 23 17 47 25.960  2.2   1
     4302  26.981315  102.784220     8.414   -15295.5     3471.3     2277.4   1618.3   1915.4   2113.9 2023  2 23 18 57 43.640  2.1   1
     4305  26.995156  102.867163     7.201    -7059.8     5004.9     1064.6   2822.9   3085.8   2993.9 2023  2 23 20 53 17.400  1.4   1
     4306  27.218768  102.878833     4.923    -5895.3    29781.8    -1213.3   1671.3   2165.7   3300.0 2023  2 23 21 54 52.260  1.8   1
     4308  26.715476  102.825513   847.009   -11208.1   -25984.2   840872.2   2295.6   2738.2  65438.4 2023  2 23 23  4 16.160  1.7   1
     4310  26.791486  102.956201    10.723     1781.1   -17562.1     4586.3    944.9    759.2    859.2 2023  2 24  1 32 18.140  3.5   1
     4311  27.219234  102.777563     6.295   -15939.5    29833.5      159.1   1137.8   1914.5   3355.3 2023  2 24  1 42  1.350  3.7   1
     4313  26.814622  103.126286    24.682    18680.6   -14998.6    18545.7   1687.3   1578.8   1819.8 2023  2 24  3  8  4.130  3.2   1
     4315  26.962012  102.890609     7.551    -4732.5     1332.4     1414.1    982.5    804.1   1017.2 2023  2 24  5 13 31.620  3.6   1
     4319  27.141425  102.891968     4.331    -4593.8    21211.9    -1805.9   3980.7   3173.0   4245.1 2023  2 24  9 52 30.710  2.7   1
     4322  26.580210  103.064282     1.441    12532.6   -40972.2    -4695.7   2545.5   2989.5   2479.4 2023  2 24 12 38 47.950  3.1   1
     4323  27.062038  102.845361    16.902    -9221.3    12415.6    10765.8   3723.6   1259.3   2485.9 2023  2 24 13 14 46.580  2.9   1
     4331  27.051662  103.115430    15.004    17583.9    11266.0     8867.4   1190.3   1377.6   2004.8 2023  2 24 19 32 57.420  3.3   1
     4332  27.117163  103.102083    13.855    16254.4    18523.7     7719.0   1705.1   1300.3   2197.9 2023  2 24 20  1 25.400  2.9   1
     4335  27.125193  102.788851    10.668   -14826.1    19413.4     4531.1   5084.1   2488.7   5936.8 2023  2 24 21 51 35.000  2.3   1
     4336  26.897530  102.955884     9.586     1748.8    -5812.1     3449.8    916.0    729.7    914.2 2023  2 24 22 37 37.160  2.0   1
     4339  26.988529  102.828703    16.659   -10878.7     4270.7    10522.6   1343.7    923.4   1107.8 2023  2 25  1 57 37.880  4.1   1
     4344  27.325500  102.942464    17.920      415.3    41608.0    11784.0   2151.0   1527.1   1330.2 2023  2 25  4 13 57.120  2.1   1
     4345  26.731685  103.025293     2.387     8649.2   -24188.2    -3749.6   1671.7   1735.7   1891.4 2023  2 25  4 18  4.660  2.6   1
     4348  27.172864  102.865088    23.900    -7260.3    24695.4    17763.5   3063.6   2067.4   1793.3 2023  2 25  5 38 58.420  4.1   1
     4349  27.206889  102.799259    10.255   -13788.3    28465.6     4118.6   1338.6    911.7   1309.3 2023  2 25  5 47 20.360  3.6   1
     4352  27.179578  102.812655     3.554   -12461.2    25439.3    -2582.2    995.8   1495.2   3262.8 2023  2 25  8  7 55.330  2.9   1
     4354  27.172825  102.809326     5.620   -12792.1    24691.3     -516.4   1139.8   1043.6   1572.0 2023  2 25  8 59 17.600  2.5   1
     4356  26.915074  102.715129     8.728   -22161.3    -3868.5     2591.6   1874.7   1260.7   2493.8 2023  2 25  9 41 42.090  3.5   1
     4358  27.123173  102.951156     3.800     1278.6    19189.5    -2336.0   3423.3   1894.3   4176.0 2023  2 25  9 56  6.430  3.1   1
     4359  26.920978  102.921134     7.275    -1702.3    -3214.2     1138.7   1942.1   1444.8   1691.6 2023  2 25 10  3 21.110  2.7   1
     4360  27.007155  102.833350    17.441   -10415.8     6334.5    11304.5   1605.0   1012.1   1287.7 2023  2 25 10 16  9.730  3.5   1
     4364  27.330575  103.091040     1.781    15144.4    42170.1    -4355.6   2124.9   2281.4   4525.3 2023  2 25 11 30  4.280  3.5   1
     4367  27.222673  102.789250    12.826   -14779.8    30214.5     6690.0   1431.3   1076.5   1260.6 2023  2 25 12  5 31.040  3.5   1
     4368  27.199674  102.846069    10.998    -9145.5    27666.2     4861.6   1286.1    902.8    932.6 2023  2 25 12 17 17.830  2.5   1
     4373  27.221021  102.754272     1.664   -18249.5    30031.3    -4472.7   1188.2   1160.5   1889.0 2023  2 25 12 59 18.390  3.1   1
     4374  27.216498  102.777572     6.981   -15939.0    29530.3      844.8   1175.4    907.7   1759.0 2023  2 25 13  4  1.670  3.5   1
     4377  27.356136  102.871045     9.956    -6663.7    45002.6     3820.0   2586.4   1818.8   2719.4 2023  2 25 13 28  9.650  3.1   1
     4378  26.986371  102.845467     9.945    -9214.2     4031.5     3808.5   1192.1   1069.2   1033.7 2023  2 25 14 21 14.710  2.5   1
     4379  26.794200  103.065967    29.500    12688.7   -17261.5    23363.7   3187.6   2073.7   2291.2 2023  2 25 14 34  6.980  3.2   1
     4380  27.238595  102.740096    10.891   -19653.8    31978.5     4754.5   1735.0   2079.2   2247.4 2023  2 25 14 53 53.120  3.1   1
     4381  27.100549  103.153084    35.842    21316.4    16682.9    29705.3   1664.6   1369.0   1407.3 2023  2 25 15 37  7.300  3.1   1
     4383  27.128151  102.891919     5.541    -4599.1    19741.3     -595.7   1468.1    845.2   2138.4 2023  2 25 16 42 41.760  3.2   1
     4386  26.855524  102.949894    10.362     1154.7   -10466.6     4225.8    937.6    786.9    870.6 2023  2 25 17 28  3.480  3.4   1
     4391  27.027726  103.057121    25.595    11797.6     8613.9    19458.2   1626.0   1589.5   1010.4 2023  2 25 19 22 24.720  2.1   1
     4393  26.940458  102.947526    15.920      918.5    -1055.8     9783.4   2607.6   1523.9   1847.8 2023  2 25 19 37 55.280  3.0   1
     4396  27.216974  102.799528     9.478   -13761.4    29583.1     3341.1   1315.2   1104.7   1410.6 2023  2 25 20  8 33.840  2.4   1
     4400  27.274890  103.125228     6.182    18537.8    36000.3       46.0   1575.0   2439.0   3396.8 2023  2 25 21 13 44.880  1.6   1
     4401  27.203123  102.836174    11.739   -10127.5    28048.4     5602.5   1257.6    862.1   1017.5 2023  2 25 21 21 32.000  2.2   1
     4408  27.180731  103.066439    16.686    12713.5    25567.3    10549.5   6758.0   4111.5   5375.6 2023  2 26  0  5 32.000  3.1   1
     4412  27.367242  102.814079     1.514   -12309.4    46233.2    -4622.0   1909.6   1936.6   3744.7 2023  2 26  2 11 15.200  3.6   1
     4415  27.189878  102.877409    12.604    -6037.5    26580.7     6467.4   1712.0   1060.9   1190.5 2023  2 26  2 40 13.080  5.0   1
     4419  27.207528  102.799137    11.461   -13800.4    28536.2     5324.2   1287.5    870.0   1221.7 2023  2 26  2 50 36.150  4.6   1
     4420  27.207994  102.792041     5.791   -14503.9    28587.9     -345.6   1297.8   1401.4   2628.8 2023  2 26  2 54 33.970  3.8   1
     4422  27.212315  102.819092    16.382   -11820.7    29066.8    10245.9   1942.1   1344.6   1763.9 2023  2 26  3 56 46.530  4.0   1
     4428  27.269086  103.020508    29.955     8154.2    35357.1    23818.5   2870.1   2415.0   1210.2 2023  2 26  7 50 13.860  3.4   1
     4434  26.758669  102.825903     6.672   -11167.7   -21198.4      536.1   2092.0   2016.6   5330.7 2023  2 26 10  9 12.080  2.0   1
     4435  27.156663  102.875993    11.289    -6178.5    22900.3     5152.6   1395.5    848.1   1059.7 2023  2 26 10 19 17.390  2.7   1
     4439  27.000319  102.840234    21.503    -9733.3     5577.1    15366.4   1720.6   1111.1   1183.5 2023  2 26 13 38 56.280  3.7   1
     4440  26.986100  102.885563    21.735    -5233.0     4001.5    15598.9   2042.7   1153.9   1030.1 2023  2 26 14 17  6.460  3.4   1
     4443  27.345677  102.796289    11.150   -14074.2    43843.5     5013.4   1892.9   1683.7   2139.4 2023  2 26 15 56 27.190  3.0   1
     4444  26.516720  102.617497    23.762   -31913.0   -48006.9    17625.9   3084.9   2941.5   3004.6 2023  2 26 15 56 28.780  2.3   1
     4445  26.847933  102.965999     7.691     2754.4   -11307.8     1554.4    815.9    839.0   1526.6 2023  2 26 16 17  1.720  2.8   1
     4452  26.929812  102.792106    15.316   -14515.4    -2235.4     9179.6   2812.5   1722.0   2555.8 2023  2 26 19 40 28.800  2.6   1
     4454  26.762506  103.012508    14.049     7377.3   -20773.3     7913.1   1493.9   1314.4   1914.0 2023  2 26 20 30 55.940  3.3   1
     4457  27.062760  102.833683     8.652   -10380.9    12495.7     2515.9   1271.0    896.0   1042.8 2023  2 26 22 17 28.660  2.7   1
     4458  27.366504  102.970060    19.784     3150.6    46151.3    13647.3   2065.8   1267.6   1413.6 2023  2 26 22 36 57.360  2.0   1
     4462  27.063794  102.990063    12.601     5140.3    12610.3     6464.4   1506.9   2336.5   1672.8 2023  2 27  0  0 16.530  3.1   1
     4463  27.103444  103.055762     2.516    11658.7    17003.5    -3620.0   1920.8   1448.3   3394.5 2023  2 27  0 17 42.440  3.7   1
     4464  26.921303  102.926685     7.935    -1150.5    -3178.1     1798.1   1160.4    974.6   1099.9 2023  2 27  1 33 45.570  4.1   1
     4466  27.038983  103.144035     9.984    20424.0     9861.2     3847.9   1728.0   1893.2   2614.3 2023  2 27  3 17 32.080  3.9   1
     4470  27.077631  102.758049    11.416   -17886.1    14143.5     5279.8   1302.6   1099.6   1454.8 2023  2 27  5 49 27.430  4.4   1
     4471  26.872483  102.954598    14.680     1621.4    -8587.5     8543.6    992.5    864.1    769.1 2023  2 27  5 56 53.330  3.4   1
     4474  27.201031  103.102515    12.138    16290.8    27816.6     6001.8   1405.5   1725.2   1400.2 2023  2 27  8  5 57.340  3.1   1
     4476  24.930707  103.015308    26.171     7716.0  -223741.5    20035.0   6741.2  41319.4   4718.2 2023  2 27 10 16 56.540  3.3   1
     4478  27.128054  102.850928    11.386    -8666.8    19730.5     5250.0   1305.0    775.4    940.1 2023  2 27 11 59 33.760  4.3   1
     4482  26.721077  103.165845    20.193    22620.6   -25363.7    14056.6   3342.9   3723.3   2898.8 2023  2 27 15 12 18.750  3.1   1
     4485  26.934031  102.864665     3.988    -7310.0    -1767.8    -2148.6   3076.3   2382.7   3637.2 2023  2 27 17 29 29.200  2.3   1
     4487  27.084701  102.909391     6.953    -2866.2    14926.8      816.5   1975.4   1014.1   1607.2 2023  2 27 18 32  4.260  2.6   1
     4491  26.825138  102.975545     9.983     3702.9   -13833.5     3846.2    866.6    825.8   1178.5 2023  2 27 20 25 38.820  3.6   1
     4496  27.263977  103.147754    18.529    20772.9    34791.1    12392.6   2926.3   4531.1   3404.2 2023  2 27 22 55 17.340  2.7   1
     4498  27.314406  103.170980    19.271    23070.4    40378.7    13134.4   2369.6   2397.5   1991.3 2023  2 28  0  6  9.500  3.7   1
     4499  26.746503  102.802531    11.159   -13491.1   -22546.5     5023.0   1538.3   2298.5   1469.1 2023  2 28  0 32 32.570  2.5   1
     4500  26.884086  102.978271    23.309     3972.7    -7301.9    17173.0   3707.5   2531.8   1331.6 2023  2 28  2  6  5.530  3.4   1
     4503  26.991475  102.685579    31.969   -25087.4     4597.1    25832.2   2787.5   2742.3   2462.8 2023  2 28  8 28 16.160  2.8   1
     4507  26.802987  103.076408    17.693    13725.8   -16288.0    11557.0   1859.0   1634.9   2801.9 2023  2 28  9 28 21.510  3.8   1
     4509  26.974103  103.126961    11.371    18734.6     2672.2     5234.8   2847.1   3302.0   5641.2 2023  2 28 10 34  5.360  2.9   1
     4510  26.795475  102.952995    13.257     1463.2   -17120.3     7120.4   1084.0    966.9   1271.3 2023  2 28 10 34 50.940  3.1   1
     4512  26.847852  102.933146    21.390     -509.7   -11316.7    15254.1   7126.8   5352.1   4966.3 2023  2 28 12 43 13.070  1.6   1
     4513  27.043201  102.933830     3.316     -441.3    10328.5    -2820.3   3056.6   1803.4   3535.8 2023  2 28 13 13 40.180  2.6   1
     4514  27.240501  103.091545    21.626    15200.3    32189.7    15489.9   1677.0   1773.8   1268.4 2023  2 28 14 38 49.290  2.8   1
     4516  26.954720  102.854386    16.341    -8329.6      524.6    10204.2   2297.3   1837.9   2071.1 2023  2 28 15  1  0.140  4.4   1
     4517  26.873446  102.936792    15.090     -147.5    -8480.8     8953.2   1363.2    880.4   1046.6 2023  2 28 15 11  5.610  3.4   1
     4518  27.097095  103.054150    40.104    11498.8    16300.2    33967.1   8865.3   3985.6   2655.1 2023  2 28 15 21 59.850  3.0   1
     4520  27.251847  103.136890    16.276    19696.2    33447.1    10140.0   2761.7   2759.0   2735.2 2023  2 28 16  5 29.290  4.2   1
     4521  26.653953  102.758219    17.786   -17902.1   -32801.2    11649.8   1870.4   2739.0   2231.5 2023  2 28 17 14 59.920  3.2   1
     4524  27.019505  102.692318    10.280   -24415.5     7702.9     4143.5   2190.5   2422.4   3566.9 2023  2 28 18 13 14.180  2.0   1
     4526  26.744303  103.000944     9.834     6228.9   -22790.2     3698.0   2320.1   1536.1   1298.3 2023  2 28 18 42 34.080  2.2   1
     4527  27.000429  102.826457    13.544   -11101.0     5589.2     7407.6   1487.6   1208.4   1602.7 2023  2 28 19 36 48.200  2.4   1
     4528  27.118435  102.600212    27.437   -33544.4    18664.6    21300.3   2095.5   7743.9   2926.1 2023  2 28 20 31 54.400  2.8   1
     4529  26.858628  102.919377    11.502    -1876.9   -10122.6     5365.2   1065.7    809.6    822.2 2023  2 28 21 24  5.320  3.2   1
     4530  26.622201  103.011743    11.798     7306.2   -36319.4     5661.4   1049.5   1290.2   1609.1 2023  2 28 21 42 45.880  3.9   1
     4532  27.037183  102.919043    22.107    -1908.7     9661.7    15970.6   4807.2   2032.1   1732.6 2023  2 28 22 44 21.540  2.5   1
     4540  26.930143  102.757332     7.249   -17968.7    -2198.6     1113.0   1989.0   1898.0   6111.9 2023  3  1  5 57 41.830  3.5   1
     4541  26.873560  102.893416     5.957    -4455.3    -8468.3     -179.6   1455.8   1014.0   1664.5 2023  3  1  8 20 19.090  2.2   1
     4544  27.087134  102.732487    26.006   -20422.4    15196.4    19869.9   1728.0   1499.9   1634.8 2023  3  1 10 14  7.510  3.8   1
     4545  27.198897  103.084562    61.940    14510.2    27580.0    55803.3   7879.9   8028.1   4391.1 2023  3  1 10 38 30.990  3.9   1
     4546  26.839032  103.028247     9.670     8938.9   -12293.9     3533.9    893.3   1070.6   1719.5 2023  3  1 11 12 25.550  4.0   1
     4548  26.800909  102.921737     5.203    -1643.3   -16518.1     -933.8   3272.4   1311.8   2955.8 2023  3  1 11 24 51.410  3.0   1
     4549  26.842124  102.970947     6.482     3245.9   -11951.4      345.1   1360.4   1217.8   3621.5 2023  3  1 11 36  8.330  4.1   1
     4550  26.917568  102.924211    18.614    -1396.6    -3592.0    12477.1   1525.2   1345.4   1022.9 2023  3  1 11 42 30.150  3.5   1
     4551  26.862510  102.941431    11.333      313.9    -9692.5     5196.8    797.2    713.8    659.5 2023  3  1 11 57 26.400  3.6   1
     4556  27.110573  102.929403     8.947     -880.5    17793.6     2810.8   2057.8   1121.1   1459.1 2023  3  1 14  5 42.690  2.5   1
     4559  26.955605  102.820190     8.202   -11725.3      622.6     2066.1   2030.2   1208.3   2529.9 2023  3  1 16 14 10.010  3.4   1
     4560  26.839648  102.968701     6.343     3022.8   -12225.7      206.8    822.0    707.7   1156.2 2023  3  1 16 21 48.300  2.7   1
     4563  27.209328  102.777979     4.922   -15899.2    28735.9    -1214.3   1152.7   1066.8   2480.2 2023  3  1 18 54 27.200  3.0   1
     4565  26.850248  102.958765    12.851     2035.9   -11051.2     6714.4    804.1    720.2    734.6 2023  3  1 21 29 18.360  3.0   1
     4568  26.950741  102.811719    10.255   -12566.5       83.6     4118.2   1671.8   1629.3   1641.4 2023  3  2  0 30 50.080  2.5   1
     4570  27.100507  102.958854    11.488     2042.6    16678.0     5351.2   1795.3   1071.9   1278.3 2023  3  2  3 15 16.200  2.6   1
     4573  26.554852  102.929354    11.001     -887.0   -43781.8     4864.9   2240.9   1935.0   2063.6 2023  3  2  5 11 40.330  3.3   1
     4574  26.796960  102.934009    48.504     -423.6   -16955.5    42367.8   4879.6   4359.3   2952.4 2023  3  2  5 28 25.260  2.8   1
     4576  27.133354  102.879207    11.136    -5860.3    20317.7     4999.1   1156.1    690.8   1032.8 2023  3  2  9 48 34.580  4.2   1
     4577  27.029185  103.239274     1.206    29878.6     8775.4    -4930.5   5896.8   6438.0  10034.6 2023  3  2 11  3 18.300  2.0   1
     4578  27.122943  102.909660     6.718    -2839.3    19164.2      582.0   1725.3    995.4   1906.9 2023  3  2 11 31 42.640  3.7   1
     4579  27.000838  102.749756     7.084   -18715.3     5634.6      947.7   3359.5   2415.7   3882.7 2023  3  2 11 35 43.970  2.1   1
     4588  26.927167  102.802344     5.589   -13498.7    -2528.5     -547.2   1856.4   1826.1   2936.6 2023  3  2 15 53 24.000  2.5   1
     4589  27.109021  102.940210    14.608      192.3    17621.5     8471.4   1674.0   1119.4    907.8 2023  3  2 16 21 30.880  3.1   1
     4591  27.008490  102.791707     4.108   -14550.1     6482.5    -2027.9   1187.1   1400.1   1646.1 2023  3  2 16 50 48.560  4.2   1
     4592  26.961997  102.795125     7.887   -14213.9     1330.9     1750.8   1039.2   1324.8   1558.2 2023  3  2 16 54 11.820  2.8   1
     4595  26.837842  103.006014     7.480     6730.3   -12425.8     1344.1    907.7    733.2   2282.1 2023  3  2 22 11 55.000  3.5   1
     4596  26.858954  102.963509    13.715     2506.6   -10086.5     7578.8    846.5    745.9    830.0 2023  3  2 22 25 24.180  5.2   1
     4597  26.862181  103.030298     8.050     9141.2    -9729.0     1914.6   1039.7   1614.0   2281.1 2023  3  2 22 32 59.520  2.6   1
     4599  26.847809  102.977376     7.387     3884.3   -11321.4     1251.4    947.9    881.0   1579.3 2023  3  2 22 48 55.160  3.7   1
     4601  26.838568  102.926701    13.844    -1149.6   -12345.3     7707.9    918.0    767.2    601.9 2023  3  3  1 24  8.360  3.3   1
     4606  27.102940  102.908529     6.208    -2951.8    16947.8       71.9   3061.2   1492.1   3651.3 2023  3  3  9 40 10.640  2.6   1
     4607  26.745974  102.970256    19.154     3178.4   -22605.2    13017.7   1236.1   1193.2    996.9 2023  3  3 10 45 13.520  4.7   1
     4611  26.799272  102.982861    14.149     4430.8   -16699.4     8012.9   1437.7    878.9    955.5 2023  3  3 13 47 48.060  3.9   1
     4612  26.830444  102.890755    10.036    -4721.3   -13245.4     3899.5   1892.9   1279.6   1821.5 2023  3  3 13 55 34.260  2.8   1
     4613  27.110929  102.909098    11.817    -2895.1    17833.0     5680.9   3334.3   1787.6   1677.1 2023  3  3 17 13  3.560  2.5   1
     4615  26.830806  102.961922    11.831     2349.8   -13205.4     5694.6    981.2    770.9    706.2 2023  3  3 18 35 13.960  2.7   1
     4616  26.959827  102.811458     9.998   -12591.8     1090.4     3862.1   1218.8   1157.0   1347.7 2023  3  3 20 48  9.960  3.9   1
     4620  26.942837  103.009538     6.101     7076.8     -792.2      -35.1   1679.8   2561.0   1857.3 2023  3  4  4  7 31.650  3.8   1
     4622  27.104358  103.306917    17.862    36580.9    17104.8    11725.5   1729.1   2718.2   3748.3 2023  3  4  8 55 28.650  5.2   1
     4623  27.117360  102.898071     6.178    -3989.2    18545.6       41.5   1334.6    790.7   2263.0 2023  3  4  9  6 12.980  4.5   1
     4625  27.053670  102.989754     6.351     5110.0    11488.5      214.2   1995.8   2076.4   2545.6 2023  3  4 10 54  7.440  2.3   1
     4626  27.284558  103.064022    11.587    12468.5    37071.6     5450.2   1891.1   2448.2   1804.5 2023  3  4 12 14 34.720  3.4   1
     4627  26.908339  102.980070     5.647     4151.1    -4614.6     -489.8   1796.8   2314.0   2593.1 2023  3  4 12 54 28.140  3.2   1
     4628  27.128593  103.091081     6.268    15161.8    19790.1      131.6   1748.1   1474.8   2491.7 2023  3  4 13 16 47.910  3.6   1
     4629  26.856893  102.942448     9.450      414.8   -10314.9     3313.5   1805.5   1184.8   1302.7 2023  3  4 14 18 51.790  2.9   1
     4631  27.197003  102.823771     9.563   -11357.5    27370.1     3427.1   1258.9    983.0   1342.9 2023  3  4 16  3 21.110  3.2   1
     4636  26.779313  103.129451    20.100    18998.2   -18911.1    13963.4   3180.2   2233.4   2641.1 2023  3  4 17  5  2.020  4.0   1
     4639  26.378615  103.018555    24.047     7991.7   -63309.5    17911.1   1851.0   1846.2   1751.2 2023  3  4 18  2  4.160  3.4   1
     4641  27.190017  102.840373     9.041    -9711.1    26596.1     2904.4   1251.0    764.5   1077.5 2023  3  4 20 26 14.320  3.4   1
     4644  27.139445  102.817432    13.999   -11989.7    20992.6     7862.3   1251.4    796.5    968.4 2023  3  4 21  6 18.080  3.0   1
     4645  27.212592  102.779370     9.096   -15760.6    29097.3     2960.1   1761.3   1509.6   5236.4 2023  3  4 22 23 24.320  2.7   1
     4646  27.113184  102.863411     8.907    -7428.7    18082.7     2770.6   1431.0    801.8   1319.3 2023  3  4 22 34 25.720  3.0   1
     4647  27.218477  102.797599    11.491   -13952.1    29749.6     5354.4   1277.9   1218.6   1479.7 2023  3  4 22 58 19.380  3.1   1
     4648  27.133042  102.789022     9.584   -14808.8    20283.2     3447.3   1459.2    877.5   1705.2 2023  3  5  0  8  8.700  3.6   1
     4650  26.978491  102.826636     5.515   -11083.9     3158.5     -621.7   1197.2   1275.3   1390.0 2023  3  5  7  8 51.980  3.3   1
     4651  26.855436  102.956030     8.545     1764.1   -10476.4     2408.1   1660.2   1592.2   2015.6 2023  3  5  8 40 14.220  2.9   1
     4654  26.982692  102.846061     4.797    -9154.8     3623.9    -1339.2   2647.3   1958.4   2017.2 2023  3  5 12 14 44.770  2.7   1
     4655  27.047378  103.152327    13.555    21246.6    10791.3     7418.9   1476.1   1520.2   1927.2 2023  3  5 13 24  1.700  3.3   1
     4656  27.048086  103.128158    11.802    18847.1    10869.7     5665.8   1313.9   1435.1   1744.9 2023  3  5 14  7  6.940  4.1   1
     4659  26.857064  102.954614    11.075     1623.6   -10296.0     4938.9    843.4    774.8    814.6 2023  3  5 15 55  1.790  3.5   1
     4660  26.927399  102.871737    11.022    -6608.0    -2502.6     4885.8   3147.8   2395.5   2264.9 2023  3  5 16 14 42.980  2.5   1
     4661  27.137830  102.796598    15.514   -14056.4    20813.6     9377.7   1181.8    826.7   1046.7 2023  3  5 16 38 53.730  3.4   1
     4665  27.271043  103.120052     9.688    18024.8    35574.0     3552.0   1928.2   3258.7   2156.8 2023  3  5 20 44 39.120  2.7   1
     4666  27.342584  102.907088    12.775    -3091.2    43500.9     6638.2   1745.1   1254.1   1117.8 2023  3  5 23  8 42.920  2.9   1
     4667  27.108600  102.905371    12.832    -3265.0    17574.9     6695.8   1394.9    825.4    833.6 2023  3  5 23 13 41.600  4.2   1
     4668  27.128959  102.842887     7.111    -9463.9    19830.8      975.0   1841.3   1181.0   2290.9 2023  3  5 23 36 50.360  3.5   1
     4669  27.055857  102.886418     5.445    -5146.9    11730.9     -691.8   3411.9   1651.2   2252.1 2023  3  5 23 54 13.880  1.9   1
     4670  27.052883  102.767765     5.585   -16923.3    11401.2     -550.9   1817.0   2201.4   2465.7 2023  3  6  1  7 13.520  3.1   1
     4672  27.193829  102.824642     2.053   -11271.0    27018.6    -4083.6   1539.2   1990.5   3331.0 2023  3  6  3 17 19.800  3.0   1
     4673  26.863723  102.956803    12.671     1840.9    -9558.1     6534.3    932.2    813.3    847.3 2023  3  6  3 24 59.860  3.1   1
     4674  27.010571  103.068612     5.221    12939.0     6713.1     -915.6   1474.5   2153.2   3626.2 2023  3  6  4 35 56.530  2.9   1
     4675  27.119792  103.175098    26.891    23499.1    18814.9    20755.1   1978.2   1523.8   1604.1 2023  3  6  4 56 44.990  3.1   1
     4676  27.057414  103.034652     8.265     9565.6    11903.3     2128.2   1684.9   1213.7   2496.0 2023  3  6  5 42 56.100  3.3   1
     4677  27.173088  102.672518    18.004   -26363.0    24720.2    11867.9   2611.2   2620.2   2586.7 2023  3  6  5 56  1.180  2.3   1
     4679  26.919458  102.999658     5.892     6096.5    -3382.5     -243.9   3180.6   3479.2   3674.6 2023  3  6  6 40  4.380  2.2   1
     4680  27.129071  102.824740    14.048   -11265.2    19843.1     7912.0   1285.5    759.1   1157.3 2023  3  6  7 11 16.110  4.4   1
     4681  27.212854  102.852295     6.126    -8527.6    29126.4      -10.0   1407.2   1381.6   1661.2 2023  3  6  7 20 38.370  2.5   1
     4682  27.132017  102.849805     9.911    -8778.0    20169.6     3774.9   1357.6    798.1    904.0 2023  3  6  7 43  0.390  2.5   1
     4685  27.125665  102.851790     8.000    -8581.0    19465.7     1864.1   1581.6    776.5   2493.4 2023  3  6 11 41 37.020  4.0   1
     4686  27.125651  102.868026     8.089    -6970.0    19464.3     1952.4   1167.7    736.6   1198.9 2023  3  6 14 35 50.270  3.5   1
     4687  26.579183  102.816227    27.772   -12138.4   -41086.0    21635.9   3308.5   3256.2   2667.3 2023  3  6 15 13 13.830  1.8   1
     4689  27.068396  102.871037     9.519    -6673.0    13120.2     3382.6   1283.2    850.9   1022.8 2023  3  6 17  7 19.200  3.2   1
     4691  27.289327  103.102702    16.314    16303.5    37600.0    10178.0   2218.4   3157.5   2404.8 2023  3  6 18  3 29.740  2.9   1
     4694  27.128707  102.833032    13.371   -10442.0    19802.7     7234.3   1392.2    785.1   1086.8 2023  3  6 19 11 33.340  5.4   1
     4696  26.917188  102.958740     7.452     2032.5    -3634.2     1315.6   2318.7   2524.2   2275.6 2023  3  6 20  7 20.980  3.0   1
     4698  26.522933  102.974788    30.914     3633.0   -47318.5    24777.9   4740.6   2474.5   2371.6 2023  3  6 20 18 32.040  3.4   1
     4699  26.855280  102.951229    14.439     1287.2   -10493.7     8302.1   1068.2    838.0    726.3 2023  3  6 20 48 46.520  6.1   1
     4700  27.154313  102.972803    15.816     3425.9    22639.9     9679.2   2727.3   3297.5   3552.9 2023  3  6 20 52 48.120  3.1   1
     4701  26.875437  102.909001     9.246    -2907.7    -8260.1     3109.3   3378.8   2125.1   2503.3 2023  3  6 20 54 44.080  3.5   1
     4702  26.836259  102.988786     6.485     5018.3   -12601.2      348.7    829.5    842.7   1257.8 2023  3  6 21  4 33.560  2.8   1
     4703  26.985899  102.811361     6.070   -12600.2     3979.3      -66.1   2071.8   1738.5   2808.4 2023  3  6 21 12 14.480  2.2   1
     4706  26.853522  102.905583     8.394    -3247.5   -10688.4     2257.9   3959.1   1938.6   3091.0 2023  3  6 21 45 18.720  2.7   1
     4709  26.846665  102.970850    11.986     3236.7   -11448.1     5849.4    836.5    707.6    587.9 2023  3  6 21 58  3.300  3.2   1
     4710  26.858606  102.944596    10.126      627.9   -10125.0     3989.2    870.3    749.9    995.8 2023  3  6 22 22 54.720  3.4   1
     4712  26.825785  103.010067     1.361     7133.0   -13761.7    -4775.8   1682.9   1395.9   3661.8 2023  3  6 22 37  0.580  3.8   1
     4713  26.832869  102.982454    15.676     4389.7   -12976.7     9539.8    927.1    841.0   1067.2 2023  3  6 23 10 34.880  3.3   1
     4714  26.840712  102.973747     8.595     3524.5   -12107.8     2458.2    836.0    781.6    932.9 2023  3  6 23 14 54.440  2.9   1
     4716  26.863379  102.956201    12.123     1780.6    -9596.4     5986.4    830.5    775.7    610.7 2023  3  6 23 32 30.960  2.8   1
     4717  26.845225  102.926652    12.948    -1154.9   -11607.8     6811.9   1120.6    848.6    739.5 2023  3  6 23 33 54.700  4.2   1
     4718  26.839016  102.991121     7.423     5250.5   -12295.7     1286.9    746.7    714.6   1028.0 2023  3  6 23 47  1.200  2.9   1
     4719  26.858718  102.970418    14.071     3193.5   -10112.7     7934.7    887.2    746.3    660.0 2023  3  6 23 51 24.000  3.8   1
     4720  26.849699  102.939063    14.723       78.4   -11112.1     8587.0   1414.0   1060.5   1141.0 2023  3  7  0 14 25.750  3.6   1
     4721  26.845205  102.916146    10.103    -2198.0   -11610.0     3966.2   3784.6   2645.1   2921.6 2023  3  7  0 22 44.000  3.0   1
     4722  26.831169  102.961532    20.636     2310.7   -13165.3    14499.8   1230.7    854.6   1122.6 2023  3  7  0 35 45.550  4.6   1
     4724  26.823094  102.874373     8.808    -6348.7   -14059.9     2671.6   1429.2    979.9   1407.7 2023  3  7  1 17 14.930  3.4   1
     4726  26.868174  102.869824     3.807    -6799.6    -9064.9    -2329.2   1911.0   1285.0   2429.1 2023  3  7  1 24 15.120  3.8   1
     4727  26.854897  102.964966    11.363     2651.4   -10536.0     5226.4    857.9    833.0    930.3 2023  3  7  1 31 58.920  3.6   1
     4728  26.845441  102.963224    11.145     2479.2   -11583.8     5008.3    919.4    794.2   1063.0 2023  3  7  2 24 32.150  4.1   1
     4729  26.854598  102.960604    11.472     2218.3   -10569.2     5335.3   1781.6   1638.1   2374.5 2023  3  7  2 52 36.050  3.2   1
     4730  26.849396  102.946932     7.561      859.9   -11145.6     1424.4    980.1    693.9   1016.8 2023  3  7  3 21 32.720  3.4   1
     4731  26.847371  103.001961    13.824     6327.2   -11369.9     7687.8    963.7    895.1    898.3 2023  3  7  3 41 30.630  4.1   1
     4732  26.842584  102.979793     8.400     4125.1   -11900.3     2263.4   1777.7   1366.1   2058.5 2023  3  7  4  7 50.350  3.1   1
     4733  27.150205  103.122575    11.020    18284.5    22184.8     4883.7   1267.9   1423.4   1705.3 2023  3  7  4 18 49.650  3.6   1
     4734  26.860809  102.934855    10.337     -339.4    -9880.9     4200.8   1186.7    897.4    972.8 2023  3  7  4 37  7.440  3.5   1
     4735  26.856366  102.993547    12.116     5491.0   -10373.3     5979.5    993.8    920.5    935.8 2023  3  7  4 41  0.980  3.4   1
     4738  27.032255  102.774064    14.932   -16299.8     9115.6     8795.2   1234.4   1235.0   1300.5 2023  3  7  5 32 22.230  4.8   1
     4739  26.855823  102.969360    10.197     3088.2   -10433.4     4060.3    780.6    705.0    900.5 2023  3  7  5 48 34.360  3.6   1
     4741  26.857442  102.965845    13.561     2738.9   -10254.2     7424.8    866.0    704.5    627.3 2023  3  7  7  3 58.910  4.4   1
     4742  26.823910  102.992261    11.905     5364.1   -13969.6     5768.8   1413.5   1182.7    935.0 2023  3  7  7 16 26.350  3.0   1
     4743  26.844816  102.964689    10.434     2624.3   -11653.1     4297.2    866.7    765.5   1101.6 2023  3  7  8  4 49.490  3.3   1
     4744  26.861334  102.934115    13.192     -413.1    -9822.7     7055.8    930.9    768.5    630.4 2023  3  7  8 29 47.790  3.6   1
     4745  26.847443  102.959880     7.408     2146.5   -11362.0     1271.2    967.0    755.2   1336.1 2023  3  7  9  0 10.610  3.3   1
     4746  27.106179  102.953434     4.421     1504.8    17306.5    -1715.9   2216.9   1881.9   3249.6 2023  3  7  9 21 49.230  3.0   1
     4748  26.623372  103.078719    23.058    13966.0   -36189.5    16921.6   4833.5   3817.0   2184.4 2023  3  7 12  0 41.130  2.9   1
     4749  26.827769  102.947502    11.827      916.9   -13541.9     5690.4    930.1    806.6    975.1 2023  3  7 12  5  7.430  3.1   1
     4753  26.847333  102.949349    13.941     1100.5   -11374.3     7804.9    837.2    756.4    706.4 2023  3  7 14  7 58.450  3.7   1
     4754  26.841156  102.941317    10.012      302.8   -12058.5     3875.6   1131.7    875.3   1187.1 2023  3  7 14 12 42.270  4.2   1
     4755  26.855503  102.950277    11.560     1192.5   -10469.0     5423.7   1039.0    783.2    923.4 2023  3  7 14 38 37.150  4.4   1
     4756  26.847272  102.973462    13.657     3495.5   -11380.9     7520.5    932.2    741.4    563.2 2023  3  7 14 40 28.990  5.1   1
     4757  26.831445  102.956974     4.083     1857.9   -13134.6    -2053.4   1490.8   1311.2   2674.6 2023  3  7 14 45 52.360  3.4   1
     4759  26.842729  102.974259    11.762     3575.0   -11884.3     5625.4    804.7    732.3    714.5 2023  3  7 15 16 58.030  4.7   1
     4760  26.843848  102.956812     3.559     1841.8   -11760.3    -2577.0   2010.6   1561.1   4854.7 2023  3  7 15 19 57.140  3.6   1
     4762  26.986322  102.794303    21.784   -14293.7     4026.3    15649.0   1678.3   1407.3   1389.2 2023  3  7 18 49 41.400  3.9   1
     4764  26.854454  102.971094    11.401     3260.2   -10585.3     5264.6    948.5    797.3    595.0 2023  3  7 19  1 47.760  3.4   1
     4765  26.857100  102.971672    10.770     3317.4   -10291.9     4634.0    836.4    735.0    786.3 2023  3  7 19 34 57.800  3.5   1
     4766  26.936261  102.894832    18.562    -4314.2    -1520.8    12425.9   2717.6   1610.3   2117.1 2023  3  7 19 43 29.160  2.8   1
     4767  26.946271  102.744930    16.159   -19199.4     -411.7    10022.4   1769.0   4383.8   2019.9 2023  3  7 19 54 49.760  2.9   1
     4769  26.850960  102.968652    14.792     3018.2   -10972.4     8655.6    805.9    768.2   1314.1 2023  3  7 21 13 56.800  4.2   1
     4770  26.848680  102.990853    10.387     5223.6   -11225.1     4250.7    961.5    697.9    840.6 2023  3  7 21 21 38.080  4.7   1
     4771  26.851912  102.972738     6.687     3424.1   -10866.8      550.7    701.3    715.7   1193.9 2023  3  7 21 31 15.840  3.3   1
     4773  26.857499  102.971468     7.741     3297.6   -10247.7     1605.1    881.8    732.9   1078.1 2023  3  7 21 37  4.420  3.1   1
     4774  26.850161  102.966895    15.205     2843.2   -11060.9     9068.9    986.5    756.5    780.7 2023  3  7 21 44 29.740  4.6   1
     4775  26.856368  102.944539    10.221      622.2   -10373.2     4084.3    884.6    752.3    841.5 2023  3  7 21 58 11.320  3.5   1
     4776  26.842259  102.943180     8.231      487.5   -11936.4     2094.3   1180.5    986.0   1430.3 2023  3  7 22 12 13.060  3.0   1
     4777  26.869527  102.941463    11.125      317.2    -8915.0     4989.0    794.0    765.0    892.1 2023  3  7 22 18  8.440  2.5   1
     4778  26.860665  102.938354     8.875        8.2    -9896.9     2738.7   1129.4    853.0    986.5 2023  3  7 22 33 19.200  3.1   1
     4780  26.843913  102.980778     7.412     4222.4   -11753.1     1277.0   1744.0   1834.3   2162.2 2023  3  7 22 43 48.740  3.1   1
     4782  26.927450  102.938314     9.227        4.1    -2497.1     3090.5   1400.7    976.3   1043.3 2023  3  7 23 32 49.040  3.0   1
     4784  26.850598  102.986694    12.526     4809.9   -11012.5     6390.1    793.3    801.1    847.9 2023  3  7 23 35 24.520  3.5   1
     4785  26.867157  102.957064    14.633     1866.8    -9177.6     8497.0   1089.9    832.7   1186.7 2023  3  8  0  0 27.340  3.2   1
     4786  27.135441  102.831909    12.653   -10553.4    20548.8     6516.7   1375.1    953.7   1459.6 2023  3  8  0  7 29.320  3.2   1
     4787  26.865592  102.943465    16.288      515.7    -9351.0    10151.1   1380.6    906.2   1131.0 2023  3  8  0 24 23.150  3.5   1
     4788  26.859210  102.948405    14.521     1006.6   -10058.2     8384.3   1068.2    784.3   1314.9 2023  3  8  0 27 48.520  3.5   1
     4789  26.850092  102.913810    14.344    -2430.2   -11068.6     8207.5   1154.3    812.4    793.2 2023  3  8  0 57 17.160  4.1   1
     4790  26.836678  102.965120    10.671     2667.4   -12554.8     4534.8   2571.2   1712.9   1442.6 2023  3  8  1  6 50.680  2.6   1
     4791  26.847628  102.967537    12.629     2907.5   -11341.6     6492.2    842.8    721.3    671.1 2023  3  8  3  2 53.700  3.9   1
     4792  26.838615  102.947331     6.924      900.2   -12340.1      787.4   1489.1   1224.2   1809.1 2023  3  8  3 38 24.440  3.5   1
     4793  26.851485  102.922917     6.752    -1525.2   -10914.2      615.8   3112.2   2031.9   2773.9 2023  3  8  4  9 43.640  4.0   1
     4795  26.860801  102.961751    13.890     2332.4    -9882.0     7753.9   2126.5   1459.2   1372.1 2023  3  8  4 54 27.230  3.8   1
     4796  26.851552  103.001888    11.422     6319.5   -10906.6     5285.8    939.6    941.3   1112.7 2023  3  8  4 57 33.230  3.8   1
     4797  26.843797  102.940210    10.278      192.6   -11766.1     4141.5   1159.5    764.2   1039.4 2023  3  8  5 35 57.320  3.5   1
     4798  26.683952  103.165397    60.970    22579.8   -29477.3    54833.5  28735.6  14090.8   6032.2 2023  3  8  6  1 13.280  3.0   1
     4800  26.864435  102.958805    13.272     2039.6    -9479.3     7135.4    903.2    822.4    650.1 2023  3  8  8 34 31.720  2.9   1
     4801  26.833004  102.963208     3.937     2477.2   -12962.0    -2199.1    911.4    791.8   1698.8 2023  3  8  9 54 42.780  3.5   1
     4802  26.783201  103.005623     7.864     6693.0   -18480.1     1727.4   1364.3   1127.5   1908.9 2023  3  8 10 42  1.040  3.5   1
     4804  26.859507  102.963338    14.182     2489.8   -10025.2     8045.5    808.9    714.9    686.0 2023  3  8 10 57 26.430  3.6   1
     4807  26.841703  102.982812    10.894     4424.8   -11998.1     4757.9    711.7    733.5    654.9 2023  3  8 11 16  2.730  4.7   1
     4808  26.849001  102.991374    11.404     5275.0   -11189.4     5267.2    894.5    751.0    970.3 2023  3  8 11 32  1.250  4.6   1
     4809  26.870679  102.980501    19.446     4194.5    -8787.5    13309.6   1387.6   1030.7   1266.8 2023  3  8 11 36 49.380  4.0   1
     4810  26.858795  102.972078    15.436     3357.8   -10104.1     9299.9    840.5    765.9   1036.8 2023  3  8 11 52 20.980  3.7   1
     4811  26.852144  102.982926    14.178     4436.1   -10841.0     8041.3    803.5    806.4    688.5 2023  3  8 12 16  0.270  3.5   1
     4812  27.119053  102.870549    13.290    -6720.3    18733.2     7153.5   1176.6    706.5    838.1 2023  3  8 12 28 57.760  4.6   1
     4815  26.845996  102.911540     8.500    -2655.9   -11522.4     2364.0   1010.4    760.4   1032.2 2023  3  8 13 18 43.040  4.4   1
     4816  26.813316  103.108610    17.584    16924.6   -15143.4    11447.1   1883.0   3024.9   9415.8 2023  3  8 13 21 55.630  3.1   1
     4817  26.854761  102.974463     8.152     3595.1   -10551.1     2015.5   1043.8    898.5   1508.1 2023  3  8 14 11 31.600  3.5   1
     4819  26.863590  102.942448    13.887      414.6    -9572.7     7750.4    872.8    734.0    691.5 2023  3  8 14 20 24.160  3.3   1
     4820  26.864541  102.948201    16.396      986.1    -9467.7    10259.2   1108.3    830.6    861.2 2023  3  8 14 27 34.400  3.3   1
     4821  27.099878  102.858301     0.143    -7935.8    16608.4    -5993.3   1944.5   1580.2   3633.2 2023  3  8 14 33 43.100  2.8   1
     4822  26.857473  102.917830    13.055    -2030.6   -10250.8     6918.2   1055.6    814.4    988.6 2023  3  8 15 29 19.270  2.8   1
     4823  26.888068  102.932983    17.374     -525.2    -6860.7    11237.6   1273.7    832.6   1008.9 2023  3  8 15 31 26.470  3.0   1
     4825  26.863922  102.911825     6.401    -2627.5    -9536.0      265.0   4042.5   2333.2   4807.7 2023  3  8 15 57  8.030  2.1   1
     4826  26.861721  102.990487    13.146     5186.8    -9780.1     7010.0    821.9    798.8    708.4 2023  3  8 16 15 45.670  3.2   1
     4829  27.130505  102.837964    10.434    -9953.1    20002.0     4297.8   1218.3    709.3   1156.7 2023  3  8 16 47  0.080  4.2   1
     4831  26.851062  102.938354     8.722        8.0   -10961.0     2585.4    986.2    732.6   1025.1 2023  3  8 17 18 39.800  3.2   1
     4833  26.853560  102.946476    12.949      815.0   -10684.3     6812.9   1174.4    822.3    877.6 2023  3  8 17 31 52.760  3.1   1
     4835  26.915181  102.977791    21.083     3925.0    -3856.3    14946.5   1699.2   1345.2   1072.8 2023  3  8 17 40 48.800  3.0   1
     4836  27.033154  102.803581     5.228   -13370.0     9215.3     -908.1   1759.0   1354.9   2609.7 2023  3  8 17 47 34.280  2.6   1
     4837  26.851971  102.939486    14.226      120.3   -10860.3     8089.5    981.2    801.7   1002.4 2023  3  8 17 50 50.880  4.7   1
     4839  27.154926  102.831071    19.157   -10635.1    22707.9    13020.5   1852.0   1502.0   1191.5 2023  3  8 18  7 10.320  3.2   1
     4840  26.799821  102.978792    15.131     4025.9   -16638.6     8994.5   1305.8    882.5   1304.1 2023  3  8 18 13 36.560  4.5   1
     4841  26.944259  102.913306    18.606    -2479.4     -634.7    12469.3   2792.8   2517.1   2336.8 2023  3  8 18 21 47.320  3.0   1
     4842  26.830532  102.975098     6.223     3658.2   -13235.9       86.6   1453.8   1036.2   1933.9 2023  3  8 18 28  0.140  3.5   1
     4844  26.856421  102.939665    14.438      138.2   -10367.3     8301.6    979.1    751.0    765.1 2023  3  8 18 45 27.760  2.8   1
     4845  26.830597  102.964681     4.498     2623.9   -13228.6    -1638.2   1164.6    867.3   1819.3 2023  3  8 18 49 30.880  3.0   1
     4846  26.861871  102.850879    17.202    -8681.3    -9763.4    11065.7   2928.9   2793.2   2079.4 2023  3  8 18 52 11.660  2.8   1
     4847  26.849589  102.975594    10.193     3707.3   -11124.2     4057.1   2106.8   1714.6   1356.9 2023  3  8 18 57 27.600  2.7   1
     4848  26.758252  102.904525     1.173    -3354.0   -21244.5    -4963.3   4587.4   4068.3   7198.1 2023  3  8 19  4 21.760  2.8   1
     4849  26.959578  102.843237    12.736    -9436.5     1062.9     6600.0   2191.5   1732.5   1629.4 2023  3  8 19  8 18.620  2.2   1
     4851  26.848224  102.940812     7.334      252.6   -11275.5     1197.5    933.0    747.5   1147.1 2023  3  8 19 33  5.040  3.0   1
     4852  26.276656  103.411393    24.225    47118.2   -74606.8    18088.2   5368.0   6055.6   5496.6 2023  3  8 19 33 48.560  2.9   1
     4853  26.862683  102.913175    16.685    -2493.3    -9673.3    10548.4   1090.4    745.4    828.5 2023  3  8 19 41 40.980  4.5   1
     4855  27.201392  102.986279    34.944     4761.5    27856.4    28807.9   2363.2   1978.1   1364.8 2023  3  8 19 46 44.880  3.6   1
     4856  26.951284  102.877954    22.850    -5989.3      143.7    16713.8   2553.0   1613.0   1342.2 2023  3  8 19 58 16.760  3.6   1
     4858  26.836656  102.917489     4.215    -2064.9   -12557.3    -1921.2   1424.8   1159.6   2250.9 2023  3  8 20 22 50.720  3.1   1
     4859  26.862579  102.887573     6.539    -5036.1    -9684.9      403.1   1510.9    976.9   1357.0 2023  3  8 20 54 12.440  2.3   1
     4860  26.528815  102.804175    27.264   -13340.4   -46666.9    21127.9   2334.6   1704.0   1896.7 2023  3  8 21  4 13.340  4.1   1
     4861  26.837646  102.959644     7.210     2122.9   -12447.5     1073.5    912.7    749.4   1109.1 2023  3  8 21  9 17.160  3.3   1
     4862  26.660116  102.683333    10.995   -25347.7   -32118.4     4858.2   2000.6   4537.0   2200.9 2023  3  8 21 46 27.540  3.0   1
     4863  26.850814  102.954419    10.955     1603.6   -10988.6     4818.4    873.5    762.6    682.3 2023  3  8 22  6  3.880  2.9   1
     4864  26.834467  102.923234     3.096    -1493.7   -12799.9    -3040.8   1295.4    873.4   2391.3 2023  3  8 22 14 55.040  2.5   1
     4865  26.809725  102.985978    19.546     4739.9   -15541.3    13409.1    930.2    955.0    892.6 2023  3  8 22 22 31.160  3.0   1
     4866  26.848189  103.004655     7.680     6594.9   -11279.4     1543.5   1819.6   1903.2   1517.9 2023  3  8 22 33 58.560  2.5   1
     4867  26.856991  102.973096    13.849     3458.9   -10304.1     7712.3    907.8    719.3    697.9 2023  3  8 22 37 23.320  5.3   1
     4868  26.865497  102.978255    16.673     3972.0    -9361.5    10536.9   2067.6   1516.9   1882.4 2023  3  8 22 44  6.640  2.9   1
     4869  26.843268  102.974154     9.462     3564.8   -11824.7     3326.0    837.0    718.8   1172.9 2023  3  8 22 47 56.720  3.4   1
     4870  26.847768  102.963029    10.837     2459.1   -11326.0     4700.7    823.9    739.9    715.3 2023  3  8 22 53 20.080  4.4   1
     4871  26.867714  102.949943    11.460     1159.3    -9116.0     5323.9    951.2    754.5    832.6 2023  3  8 23  1 14.240  4.4   1
     4873  26.857762  102.969320    10.591     3084.2   -10218.6     4455.1   1178.8    900.4    734.7 2023  3  8 23 12 30.480  3.6   1
     4874  26.852643  103.024528     7.437     8568.8   -10785.9     1300.9    985.3    731.3   1209.1 2023  3  8 23 13 55.680  3.0   1
     4875  26.847032  102.949219     9.380     1087.0   -11407.5     3243.2   1107.6    887.6   1243.2 2023  3  8 23 18 10.680  3.7   1
     4876  26.849723  102.930103    11.520     -811.7   -11109.3     5383.6   1052.6    813.6    824.8 2023  3  8 23 31 30.160  3.5   1
     4878  26.857113  102.986239    15.037     4764.9   -10290.6     8900.4    768.1    921.0    976.4 2023  3  8 23 45 23.320  3.4   1
     4879  26.839954  102.930754    11.345     -746.9   -12191.9     5208.7   1006.2    734.4    932.0 2023  3  8 23 46 48.580  3.6   1
     4881  26.859314  102.944425     8.012      611.0   -10046.7     1876.1   1006.9    731.8   1045.4 2023  3  9  0  8 16.170  3.0   1
     4882  26.844065  103.000415     9.650     6173.1   -11736.3     3513.7    721.4    766.4    942.4 2023  3  9  0 11 33.010  3.5   1
     4883  26.866750  102.914738    11.190    -2338.0    -9222.7     5053.5   1479.4   1003.3    919.6 2023  3  9  0 20 14.340  4.0   1
     4884  26.864223  102.954207    17.747     1583.2    -9502.7    11610.9   1069.9    887.0    994.5 2023  3  9  0 23 50.010  4.0   1
     4886  26.892712  102.768563    17.936   -16856.5    -6346.0    11799.4   2444.9   1431.8   2005.7 2023  3  9  0 34 17.400  2.9   1
     4888  27.194737  103.134977    11.701    19511.1    27119.0     5564.8   1479.1   2125.0   1627.3 2023  3  9  1  1 20.590  3.9   1
     4889  26.851778  102.890299     5.175    -4765.9   -10881.6     -961.0   1325.6    781.5   1654.1 2023  3  9  1 15 13.760  3.7   1
     4890  26.858903  102.928035    11.541    -1017.2   -10092.2     5405.1    975.9    786.5    891.5 2023  3  9  1 40 14.960  3.8   1
     4891  26.838991  102.934318     7.013     -392.5   -12298.5      876.1   1381.9    964.3   1742.4 2023  3  9  2 27 12.940  3.1   1
     4893  26.856455  102.972705    10.630     3420.2   -10363.4     4493.9    847.4    749.0    706.6 2023  3  9  5 13 22.700  5.9   1
     4894  26.851408  102.978385    13.684     3984.5   -10922.6     7547.4    965.7    797.2   1066.8 2023  3  9  5 38 48.930  3.3   1
     4896  26.826467  103.057251     5.190    11821.0   -13686.3     -946.2    780.0   1044.7   3620.4 2023  3  9  6 11 37.020  2.8   1
     4897  26.874705  102.909766    11.424    -2831.5    -8341.3     5287.9   2323.0   1410.3   1446.6 2023  3  9  6 15  2.590  3.8   1
     4898  26.866522  102.973291     8.508     3478.3    -9248.0     2371.4    931.2    820.1   1212.9 2023  3  9  6 15 57.280  3.5   1
     4900  26.852089  102.977384    10.322     3885.6   -10847.1     4185.5    765.2    764.7    783.7 2023  3  9  6 32  3.540  4.3   1
     4901  26.829354  102.986507     9.466     4792.3   -13366.4     3329.4   1912.0   1669.7   2091.4 2023  3  9  6 38 46.240  4.1   1
     4902  26.856307  102.970581    10.752     3209.4   -10379.9     4615.5    795.7    729.3    719.2 2023  3  9  6 45 48.880  4.0   1
     4903  26.862433  102.958561    11.059     2015.0    -9701.1     4922.3    953.4    781.3   1227.7 2023  3  9  6 46 51.560  3.8   1
     4905  26.842607  102.954736     4.468     1635.3   -11897.9    -1668.3    883.2    860.1   1925.4 2023  3  9  7  8 25.460  3.1   1
     4908  26.872019  102.981755     5.900     4319.5    -8639.0     -236.0   1797.7   2112.4   2363.3 2023  3  9  7 34  8.340  3.7   1
     4909  26.878811  102.915763    18.244    -2236.1    -7886.3    12108.1   1705.2   1043.4   1044.8 2023  3  9  7 34 40.850  4.3   1
     4910  26.861554  102.961637    11.340     2320.7    -9798.4     5203.8    807.6    723.9    633.6 2023  3  9  7 45 49.050  3.3   1
     4911  26.859257  102.981453    10.554     4289.3   -10053.0     4417.2    838.0    761.4    715.2 2023  3  9  7 50 26.180  3.9   1
     4912  26.843398  102.977523    12.175     3899.1   -11810.1     6038.1    862.3    750.3    617.2 2023  3  9  8  5  8.630  4.8   1
     4914  26.847805  102.946680     6.730      835.2   -11321.9      593.9    921.5    786.5   1192.1 2023  3  9  8 52 12.370  3.2   1
     4915  26.899394  102.847705     7.939    -8995.4    -5605.8     1802.1   5483.7   2633.0   4109.4 2023  3  9  8 54 15.880  2.3   1
     4916  26.854842  102.979118    11.485     4057.5   -10542.1     5348.3    839.8    741.1    737.8 2023  3  9  9  0 32.420  4.1   1
     4917  26.854122  102.975480     8.103     3696.5   -10621.9     1966.6    876.3    791.3   1122.7 2023  3  9  9  4 21.020  3.5   1
     4918  26.851373  102.943083    10.051      477.7   -10926.5     3914.3   1131.8    811.1   1087.6 2023  3  9  9 17 12.240  4.3   1
     4922  26.840157  102.961792     6.368     2336.7   -12169.4      231.5   1803.3   1396.9   2005.1 2023  3  9  9 50 21.030  3.1   1
     4923  26.848071  102.948356     6.188     1001.9   -11292.5       52.0   2193.5   1492.1   1992.9 2023  3  9 10 14 26.460  3.2   1
     4924  27.161117  103.278979     0.564    33800.3    23393.8    -5572.8   2144.3   2462.7   2930.3 2023  3  9 10 23 25.460  4.5   1
     4926  27.117167  102.859001    11.243    -7865.9    18524.2     5106.5   1204.6    754.8    831.8 2023  3  9 10 41  7.130  4.5   1
     4927  26.863511  102.949902    14.204     1155.1    -9581.6     8067.7   2756.7   1189.3   1520.7 2023  3  9 10 51 15.590  3.2   1
     4928  26.853697  102.957495     6.312     1909.1   -10669.1      175.8    979.5    713.1   1233.4 2023  3  9 10 55  9.960  2.9   1
     4929  26.874215  102.965454    14.634     2699.5    -8395.7     8497.8   1130.2    920.1    873.5 2023  3  9 11 29 18.650  3.4   1
     4930  26.861910  102.983879    10.920     4530.4    -9759.1     4783.7    866.5    736.6    820.9 2023  3  9 11 30 47.930  3.3   1
     4931  26.856742  102.821509    17.484   -11599.4   -10331.7    11347.3   3563.3   2104.3   1906.7 2023  3  9 11 40 41.810  2.3   1
     4932  26.826646  102.974797     9.412     3628.4   -13666.3     3275.8   1091.8    779.8   1253.4 2023  3  9 11 48 52.580  3.7   1
     4936  26.824048  102.801807     7.508   -13558.7   -13954.3     1371.5   2792.7   2184.8   5660.3 2023  3  9 12 13  4.190  3.8   1
     4937  27.180640  103.114380    14.315    17469.9    25557.2     8178.6   1399.9   1546.7   1475.1 2023  3  9 12 14 19.580  4.0   1
     4941  26.849921  102.968433     8.827     2996.5   -11087.4     2690.9   2636.0   1915.5   2577.0 2023  3  9 12 37 23.010  3.2   1
     4942  26.980210  102.733569    21.216   -20323.9     3349.0    15079.9   1547.1   1663.0   1390.5 2023  3  9 12 40 58.270  3.0   1
     4944  26.865843  103.015413    11.970     7662.4    -9323.3     5833.7   1291.9   1168.9   1337.9 2023  3  9 13 20 30.600  3.4   1
     4947  26.887472  102.997681    19.325     5900.5    -6926.6    13188.9   1205.7   1073.9   1459.6 2023  3  9 14 15 34.310  3.5   1
     4948  26.840601  102.989526    10.804     5091.6   -12120.1     4668.0    805.6    819.8    814.6 2023  3  9 14 21 16.690  3.2   1
     4950  26.700747  103.100016    25.111    16078.4   -27616.3    18975.0   4947.2   9158.6   5129.4 2023  3  9 15 33 32.020  2.3   1
     4951  26.862612  102.849740    12.307    -8794.4    -9681.3     6170.6   3422.0   2190.2   3149.4 2023  3  9 15 45 48.130  2.2   1
     4952  26.845803  102.997510     7.993     5884.6   -11543.8     1856.4    678.6    862.4   2266.9 2023  3  9 16 32  5.440  4.1   1
     4953  26.833771  103.021720     4.029     8290.8   -12876.9    -2107.3    917.4    997.2   2244.4 2023  3  9 16 36 57.300  3.1   1
     4954  26.992419  103.031307    28.503     9236.2     4701.8    22366.7   4819.3   6122.0   3238.3 2023  3  9 17 42 57.340  2.4   1
     4958  26.859583  102.882992    12.078    -5491.7   -10016.8     5941.7   1343.7    934.3    956.2 2023  3  9 19  9 13.540  4.3   1
     4959  26.848545  102.930461    10.886     -775.8   -11239.8     4749.1    995.3    740.4   1017.8 2023  3  9 19 16 19.620  2.8   1
     4962  26.848401  102.943018    16.160      471.7   -11255.9    10023.9   1396.7    842.7    798.6 2023  3  9 20  3 57.880  2.9   1
     4963  26.855255  102.944458    11.164      614.1   -10496.3     5028.0    915.8    742.7    862.6 2023  3  9 20 12 33.500  2.8   1
     4965  26.831954  102.940356    16.784      207.2   -13078.2    10647.9   1247.9    941.7    914.0 2023  3  9 20 24 24.560  5.8   1
     4966  26.856846  102.947249    13.651      892.0   -10320.1     7514.7    843.8    726.2    636.5 2023  3  9 20 28 34.180  3.9   1
     4967  26.834432  102.982414    10.174     4385.0   -12803.6     4037.9   1099.4    867.8   1624.3 2023  3  9 20 43  5.520  3.9   1
     4968  26.856040  102.974219    12.105     3571.0   -10409.5     5968.2    935.5    760.6   1291.5 2023  3  9 20 45 26.880  3.4   1
     4969  26.849032  102.953768    10.116     1539.1   -11185.9     3979.3    908.2    763.5    967.0 2023  3  9 20 49 10.180  3.5   1
     4971  26.828320  102.975846     6.757     3732.8   -13480.9      620.6   1085.4    923.9   1590.4 2023  3  9 20 56  0.000  2.7   1
     4972  26.859243  102.955290    13.365     1690.8   -10054.5     7228.4    920.1    876.0   1007.9 2023  3  9 20 59 26.520  3.3   1
     4974  26.863684  102.964722    13.235     2627.5    -9562.6     7098.1    835.3    748.0    666.0 2023  3  9 21  6 49.720  5.2   1
     4975  26.871672  102.933724    15.195     -451.6    -8677.5     9058.3   1084.1    862.9   1399.5 2023  3  9 21 12 28.800  3.3   1
     4977  26.883777  102.884920     7.971    -5299.4    -7336.2     1834.6   1215.1   1015.5   1133.5 2023  3  9 21 21 14.400  2.6   1
     4978  26.852684  102.982520    14.702     4395.8   -10781.4     8565.9    893.4    846.5    733.8 2023  3  9 21 23 53.800  3.0   1
     4981  26.856571  102.951180    11.867     1282.3   -10350.6     5730.4    884.8    760.0    812.9 2023  3  9 21 36  5.360  3.9   1
     4982  26.858105  102.924984    15.144    -1320.2   -10180.5     9007.5   1239.9    890.8   1350.1 2023  3  9 21 40 47.760  3.0   1
     4983  26.879142  102.953678     7.850     1530.3    -7849.7     1713.2   1152.5   1119.8   1331.6 2023  3  9 21 43 21.640  3.0   1
     4984  26.847019  102.984603    11.440     4602.2   -11408.8     5303.9    747.5    801.6    865.9 2023  3  9 21 46 59.720  2.8   1
     4985  27.345001  102.814128    12.978   -12306.0    43768.7     6841.5   1817.9   1447.1   1467.8 2023  3  9 21 47 21.480  3.4   1
     4987  26.845671  102.686637    11.011   -24998.5   -11558.4     4874.2   2924.3   2312.4   3704.4 2023  3  9 22  4 25.600  2.9   1
     4988  26.878552  102.906185    12.663    -3187.0    -7915.0     6526.9   1103.9    736.1    895.4 2023  3  9 22 21 41.340  2.9   1
     4990  26.858474  102.932275    11.362     -595.7   -10139.7     5225.7   1330.9    927.0    915.7 2023  3  9 22 27 35.960  3.4   1
     4991  26.922463  103.055859    14.118    11677.9    -3049.6     7981.9   1347.2   2577.4   1523.9 2023  3  9 22 30  7.120  2.9   1
     4992  26.861672  102.951945    10.934     1357.9    -9785.3     4797.8    860.1    752.8    694.9 2023  3  9 22 48 34.400  3.8   1
     4993  26.921940  102.891667    14.832    -4628.4    -3107.5     8695.3   3393.4   2582.2   2746.7 2023  3  9 23 12 44.980  3.2   1
     4994  26.847241  102.971541     9.650     3305.1   -11384.3     3513.5   1340.1    920.3   1282.6 2023  3  9 23 23 57.040  3.0   1
     4997  26.861178  102.959595    12.536     2118.4    -9840.3     6399.8    832.2    705.8    622.5 2023  3 10  0 20 44.950  5.5   1
     4998  26.902889  102.872721     6.453    -6510.5    -5218.5      316.3   2706.9   2013.1   3232.3 2023  3 10  0 49 26.930  2.6   1
     4999  26.853672  102.951188    11.696     1282.9   -10671.9     5559.7    867.0    704.5    719.8 2023  3 10  0 50 10.610  4.2   1
     5000  26.852751  102.977393    15.029     3886.4   -10773.9     8892.5   1085.8    920.0   1781.4 2023  3 10  1 32 17.130  4.6   1
     5001  26.859290  102.964697    12.210     2624.6   -10049.5     6073.4    853.4    737.3    680.2 2023  3 10  1 58 31.600  2.6   1
     5002  26.944788  102.877319    11.610    -6053.1     -576.0     5473.7   5055.7   3293.3   3531.7 2023  3 10  2 12 39.300  3.4   1
     5003  26.465009  102.869971     1.343    -6796.6   -53736.8    -4793.9   1827.2   1873.4   2933.1 2023  3 10  2 15  8.720  2.8   1
     5004  26.864376  102.916585     8.956    -2154.3    -9485.9     2819.3   1287.1    873.7   1021.3 2023  3 10  2 51 15.710  3.4   1
     5005  26.942080  102.852279    11.830    -8539.2     -875.9     5693.2   3793.9   2535.0   3078.5 2023  3 10  2 53 24.800  3.2   1
     5007  26.842118  102.974577     9.378     3606.9   -11951.9     3241.9    828.0    792.6    892.3 2023  3 10  3 17 29.440  3.0   1
     5009  26.842841  103.004858    14.006     6614.9   -11872.0     7869.8   1597.4    922.4   1106.3 2023  3 10  3 28 22.810  3.7   1
     5010  26.850743  102.948576    11.426     1023.7   -10996.5     5289.4    878.6    757.5   1095.7 2023  3 10  3 57 59.450  3.5   1
     5011  26.868502  102.934375    11.843     -387.4    -9028.6     5706.3    921.8    809.8    715.3 2023  3 10  5 39 33.770  2.9   1
     5012  26.945070  102.821834    10.191   -11562.3     -544.7     4055.1   1382.2   1285.4   1377.0 2023  3 10  6  4 49.250  2.8   1
     5014  26.866990  102.953060    11.859     1469.2    -9196.2     5722.1    784.9    759.2    572.4 2023  3 10  6 35 52.600  3.3   1
     5015  26.978892  102.800228     9.313   -13706.2     3202.9     3176.6   1723.0   1632.8   2114.6 2023  3 10  6 36 58.260  2.9   1
     5016  26.449314  103.014461    32.854     7582.2   -55475.7    26717.6   3339.4   2391.5   1882.2 2023  3 10  6 42  5.050  3.1   1
     5018  26.963182  103.112402    29.530    17289.7     1462.0    23393.9   1836.7   1535.9   1595.9 2023  3 10  8  5 55.620  4.0   1
     5019  26.834161  102.978092     1.942     3955.8   -12833.8    -4194.3   2159.4   1641.0   2736.6 2023  3 10  9 22 50.310  3.5   1
     5021  26.860903  102.910677     8.360    -2741.5    -9870.6     2223.9   1290.7    963.7   1289.6 2023  3 10 10 18  2.270  2.9   1
     5022  26.848220  102.993254    10.448     5462.0   -11275.9     4311.8    787.3    745.9    839.6 2023  3 10 11 21 23.550  3.4   1
     5023  26.859100  102.966341    13.865     2788.3   -10070.4     7728.3    875.6    770.7    602.6 2023  3 10 12 19 19.430  3.5   1
     5024  26.840299  102.974406    12.860     3589.6   -12153.6     6723.6    783.8    728.5    926.2 2023  3 10 13 19 22.060  4.1   1
     5030  26.854218  102.963379     8.588     2494.1   -10611.5     2451.6   1235.0   1137.5   1172.9 2023  3 10 14 54 40.440  2.6   1
     5031  26.877089  103.007699    20.218     6896.2    -8077.0    14081.4   2293.2   1458.6   1683.1 2023  3 10 15 26 52.480  3.2   1
     5032  26.850299  102.941878    14.258      358.3   -11045.5     8121.7    972.8    798.7    743.2 2023  3 10 16 13 27.840  3.8   1
     5033  26.545160  103.040495    15.337    10168.9   -44855.7     9200.7   1477.2   1856.1   1485.7 2023  3 10 16 25 17.000  4.2   1
     5036  27.031744  102.899959    11.469    -3802.8     9059.0     5332.1   1531.9    832.0    943.3 2023  3 10 18  8  4.040  4.8   1
     5037  26.851398  103.055924    14.841    11687.4   -10923.9     8704.4   1223.7   1330.6   1330.2 2023  3 10 18 24 11.920  3.2   1
     5039  26.846417  102.899520     9.424    -3849.7   -11475.8     3288.0   1183.4    772.1   1240.0 2023  3 10 18 44 12.400  2.9   1
     5040  27.056795  102.942342     6.558      403.5    11834.8      421.6   2086.6   2013.9   3742.1 2023  3 10 18 51 11.580  3.8   1
     5041  27.023403  102.889730    11.865    -4819.1     8134.7     5728.6   1346.7    843.3    925.0 2023  3 10 18 52 49.780  3.7   1
     5042  27.035311  102.889144     8.381    -4876.9     9454.1     2244.4   1142.5    808.8    965.2 2023  3 10 18 54 26.660  3.8   1
     5043  27.032540  102.890422     9.657    -4749.7     9147.1     3520.3   1414.7    828.5    878.4 2023  3 10 18 57 22.840  3.7   1
     5044  27.030819  102.886003    10.428    -5188.4     8956.5     4292.0   1161.7    861.2   1078.8 2023  3 10 19  2 23.560  3.3   1
     5045  27.030636  102.909123     9.234    -2893.2     8936.3     3097.4   1303.4    954.0    981.5 2023  3 10 19  5 56.440  3.2   1
     5046  27.039893  102.906429     8.099    -3160.4     9961.9     1962.9   1805.7   1153.4   2059.1 2023  3 10 19  8  5.920  3.1   1
     5048  27.010777  102.894580    12.273    -4337.4     6735.9     6136.6   1602.0   1088.6    934.7 2023  3 10 19 23 42.860  2.3   1
     5049  26.864952  102.948527     9.796     1018.7    -9422.0     3659.5    998.0    810.8    984.9 2023  3 10 19 42 54.160  3.0   1
     5050  27.034637  102.905575    11.814    -3245.8     9379.6     5677.7   2892.3   1481.8   1682.5 2023  3 10 19 43 53.320  2.3   1
     5051  27.028768  102.884481    12.778    -5339.4     8729.3     6641.8   1507.5    878.2    912.8 2023  3 10 19 48 21.480  4.0   1
     5052  27.028076  102.901400     8.709    -3660.3     8652.6     2572.8   1134.4    756.9   1016.7 2023  3 10 19 55 36.560  3.2   1
     5053  26.982284  103.024170     9.159     8528.5     3578.7     3022.7   2264.9   3386.2   2700.6 2023  3 10 20  2 56.200  2.9   1
     5054  26.857715  102.957845     7.770     1944.0   -10223.8     1633.2    814.5    722.9   1204.0 2023  3 10 20 14 21.840  3.4   1
     5055  27.028878  102.896354    10.144    -4161.0     8741.4     4007.4   1450.6    774.1    962.0 2023  3 10 20 25 37.900  3.9   1
     5056  27.015662  102.882845    15.020    -5502.3     7277.1     8884.0   1527.2   1058.3   1044.9 2023  3 10 20 28 52.880  3.1   1
     5057  27.012246  102.846769    10.155    -9083.5     6898.7     4018.5   1822.7   1763.6   1918.6 2023  3 10 20 42 23.920  2.8   1
     5058  27.092837  102.972933    13.287     3439.4    15828.3     7150.9   1693.5   1136.3   1497.1 2023  3 10 20 43 45.460  3.6   1
     5059  27.298582  102.801286    12.696   -13581.7    38625.3     6559.7   2096.9   2654.8   2802.0 2023  3 10 20 54 43.840  2.3   1
     5060  27.015238  102.893872    15.059    -4407.7     7230.2     8922.2   3997.2   2246.2   2499.5 2023  3 10 20 58 56.520  2.7   1
     5061  26.853984  102.960392     8.314     2197.5   -10637.3     2177.3   1395.0    933.4   1081.6 2023  3 10 21  1 11.540  3.5   1
     5064  26.847668  102.970011     5.636     3152.9   -11336.9     -500.7    733.7    779.1   1530.7 2023  3 10 21 25  8.900  3.2   1
     5065  26.844983  102.947046     9.468      871.7   -11634.7     3331.4    939.6    775.8   1000.9 2023  3 10 21 37 59.520  3.1   1
     5066  27.045620  102.800822     8.696   -13643.3    10596.4     2559.3   2539.0   2156.5   2840.8 2023  3 10 21 42 31.720  2.3   1
     5068  26.759391  102.779598     1.317   -15769.2   -21118.3    -4819.6   2818.7   2175.2   6355.8 2023  3 10 21 57 50.320  2.1   1
     5069  27.081826  102.784383    12.888   -15272.0    14608.3     6752.1   1925.7   1492.2   2008.6 2023  3 10 22  4 39.760  2.7   1
     5070  26.851935  102.964632     7.994     2618.4   -10864.3     1857.2    856.3    716.4   1115.9 2023  3 10 22 15  6.200  3.0   1
     5071  27.120243  102.854484    13.578    -8313.8    18864.9     7441.4   1210.0    778.9    854.0 2023  3 10 22 20 47.880  3.5   1
     5072  26.868225  102.936450    12.882     -180.7    -9059.3     6745.9    801.3    746.7    567.9 2023  3 10 22 47  7.080  2.2   1
     5074  26.915631  102.858504     7.521    -7921.9    -3806.5     1385.0   2175.9   1594.2   2389.7 2023  3 10 22 54 53.120  2.8   1
     5078  27.085616  102.870833    12.661    -6692.4    15028.3     6525.1   1660.1    976.3   1124.3 2023  3 10 23  3 53.680  2.9   1
     5079  26.856769  102.949023     5.894     1067.8   -10328.8     -242.6    881.8    755.5   1348.0 2023  3 10 23 16  8.140  3.5   1
     5080  26.869727  102.967627     9.329     2916.1    -8892.9     3193.0    870.9    756.1    915.5 2023  3 10 23 23 55.640  3.3   1
     5081  26.919989  102.864681    11.401    -7308.2    -3323.7     5264.8   1020.2    786.3   1090.4 2023  3 10 23 37 25.440  2.8   1
     5082  27.024164  102.925798     7.590    -1238.3     8219.1     1453.1   1417.1   1280.7   1015.8 2023  3 10 23 55 58.480  3.3   1
     5083  27.107379  102.823275    10.072   -11411.0    17439.7     3935.9   1143.1    768.8   1013.9 2023  3 11  0  8 26.740  3.5   1
     5085  26.871116  102.932853    11.706     -538.8    -8739.0     5569.9    900.4    764.4    684.7 2023  3 11  3 10 54.210  2.8   1
     5086  27.061643  103.223999    24.154    28358.6    12372.0    18017.7   2164.2   1973.0   2398.4 2023  3 11  9 41 57.060  3.9   1
     5087  26.861601  102.942497    14.007      419.3    -9793.4     7870.8    955.1    750.0    710.2 2023  3 11 13  1 44.270  3.3   1
     5088  26.862284  102.900692     8.815    -3733.5    -9717.6     2678.6   3590.1   1929.4   3463.6 2023  3 11 13 41 47.870  2.5   1
     5090  26.898081  102.957121    11.014     1871.9    -5751.0     4877.1    934.2    811.0    805.3 2023  3 11 14  5 56.920  3.6   1
     5091  26.932253  102.778109     7.994   -15905.0    -1964.9     1858.1   1864.1   2948.6   2903.8 2023  3 11 14 29 21.430  2.3   1
     5092  27.099304  102.817261     9.864   -12008.3    16545.0     3727.2   1111.1    883.1   1158.4 2023  3 11 14 41 36.040  2.8   1
     5094  27.173891  103.108008    12.696    16838.1    24809.4     6559.6   4019.7   4070.0   3794.8 2023  3 11 17 35 13.900  3.0   1
     5097  27.031201  102.936670    28.046     -159.3     8998.8    21910.0   3207.4   3014.0   2127.8 2023  3 11 18 52 44.640  2.7   1
     5101  26.954110  102.857340    18.387    -8036.8      456.9    12250.2   1843.6   1490.6   1312.5 2023  3 11 19 32 36.480  2.6   1
     5102  27.261670  103.123055    10.620    18323.4    34535.4     4483.3   2132.3   3684.0   3018.4 2023  3 11 19 38 13.900  2.3   1
     5106  26.875761  102.868424     7.703    -6938.1    -8224.4     1566.6   1550.8   1092.8   2002.5 2023  3 11 21  1 59.360  2.7   1
     5108  26.867798  103.020190    16.774     8137.0    -9106.7    10638.0   1330.6   1266.1   1528.3 2023  3 11 21 12 16.400  3.5   1
     5109  27.203322  102.866854     8.200    -7084.2    28070.3     2063.9   1633.4   2403.7   2598.3 2023  3 11 21 13 39.920  2.6   1
     5114  27.191868  103.057137    30.739    11790.1    26801.3    24602.9   2405.9   5455.2   1969.7 2023  3 11 23 17 37.340  4.2   1
     5115  27.160329  103.121924    12.708    18219.5    23306.5     6571.2   1311.0   1160.3   1293.4 2023  3 11 23 30 29.120  4.9   1
     5121  26.838029  102.942350    12.988      405.3   -12405.1     6851.2    838.3    712.2    600.8 2023  3 12  1 19  0.220  4.1   1
     5132  26.852492  102.949048    10.146     1070.1   -10802.5     4010.1   1180.2    788.2    951.4 2023  3 12  8 12 14.250  3.6   1
     5135  26.982070  102.882121    17.015    -5574.8     3555.0    10879.0   2118.2   1631.0   1307.0 2023  3 12  9 31 38.510  3.5   1
     5137  26.940405  102.950277    22.688     1192.1    -1061.5    16552.0   1858.1   1408.8    988.7 2023  3 12 10 58 37.420  3.1   1
     5142  27.055688  103.025391     9.788     8646.9    11712.0     3652.1   1925.1   1966.7   2605.1 2023  3 12 12 20  9.100  3.2   1
     5143  26.669126  103.007674    11.656     6899.5   -31119.9     5519.9   2050.9   2094.3   1933.2 2023  3 12 13  0 24.520  2.7   1
     5145  27.051638  102.723551    13.031   -21312.4    11263.3     6894.3   1333.6   1248.7   4975.5 2023  3 12 13 52 15.170  3.9   1
     5146  26.958417  102.920020    24.216    -1812.1      934.1    18079.7   2605.6   1495.3   1240.9 2023  3 12 14 24 45.970  3.6   1
     5147  27.108952  102.881982    10.985    -5585.4    17613.9     4848.8   1624.4    768.7   1366.4 2023  3 12 15  0 31.970  2.8   1
     5148  26.877946  102.890991    14.712    -4696.9    -7982.1     8575.7   1002.2    787.4    756.5 2023  3 12 15 10  5.380  3.3   1
     5149  27.240830  102.950928    12.831     1255.0    32226.4     6695.1   1733.2   1523.3   1524.5 2023  3 12 15 25 59.050  4.1   1
     5150  27.031020  102.797656    17.898   -13958.4     8978.8    11761.9   1524.0   1160.2   1439.0 2023  3 12 15 38 22.330  3.2   1
     5152  26.864461  102.934123     9.130     -411.9    -9476.3     2993.3    873.1    738.5    908.1 2023  3 12 16  1 19.410  2.5   1
     5157  26.871167  102.916398    13.966    -2173.2    -8733.2     7829.7    862.7    694.1    763.0 2023  3 12 19  9 25.120  3.2   1
     5158  27.006856  102.789559     2.905   -14763.1     6301.5    -3231.8   1145.8   1124.8   1797.2 2023  3 12 19 23 38.260  3.5   1
     5159  26.906938  102.890462    15.836    -4748.5    -4769.9     9700.0   2872.1   2458.5   1997.2 2023  3 12 19 58 34.680  2.9   1
     5161  27.129344  102.845068     6.556    -9247.6    19873.3      419.9   1194.5    765.7   1315.9 2023  3 12 20 16 48.520  3.8   1
     5162  27.131997  102.834676     7.371   -10279.0    20167.2     1234.1   1170.4    709.8   1433.1 2023  3 12 20 30 52.180  2.9   1
     5164  27.119706  102.858187     4.629    -7946.7    18805.5    -1507.8   1070.3    845.2   1803.2 2023  3 12 20 59  2.920  3.1   1
     5165  26.948328  102.811686     3.724   -12569.7     -183.6    -2412.2   1660.7   1649.5   3074.2 2023  3 12 21 27  6.560  3.0   1
     5166  27.082448  103.027433    23.718     8848.4    14677.3    17581.1   1702.0   1131.0   1211.5 2023  3 12 22 39 51.300  2.4   1
