        3  26.913755  102.834969    12.036   -10259.6    -4014.4     5899.8    900.4   1119.6    805.9 2022  8 23 16 29 48.550  1.9   1
       41  27.166370  102.595044     7.738   -34049.6    23975.9     1601.4    709.8    671.0   1285.2 2022  8 26 20  0 27.640  2.7   1
      218  27.107774  102.874626     6.335    -6315.8    17483.3      198.4   3904.9   1573.0   4343.4 2022  9  8 15 18 22.760  2.7   1
      309  27.163436  102.987085     2.322     4842.1    23650.9    -3814.3    271.1    136.0    205.4 2022  9 14 15 47 55.620  3.1   1
      347  26.863694  103.099780    19.017    16043.3    -9561.2    12880.5     20.3     19.1     16.3 2022  9 16 15 14 30.520  2.9   1
      420  26.810561  103.001090     4.784     6241.3   -15448.7    -1352.8    135.2    113.2    163.2 2022  9 21 20 26 55.320  2.2   1
      438  27.000108  102.969214     6.592     3071.3     5553.6      455.7   1976.3   1441.7   1675.6 2022  9 24  1 23 23.490  3.1   1
      444  27.025073  102.791121     8.814   -14607.0     8319.9     2677.9    301.9    368.7    384.6 2022  9 24  7 41 55.320  2.6   1
      557  26.917230  102.851554    14.187    -8612.4    -3629.4     8050.7    724.2    937.0    531.7 2022 10  2  2 39  6.470  2.6   1
      572  26.879806  103.070207     8.643    13105.2    -7776.2     2506.2    119.7    149.0    178.7 2022 10  2 21 50 13.720  1.9   1
      623  26.565653  103.053426     7.705    11453.8   -42584.9     1568.2   1436.3    949.0   1049.9 2022 10  6 18 50 15.640  2.2   1
      672  26.822913  102.895166    10.756    -4283.0   -14080.0     4619.8    693.7    299.2    466.0 2022 10 10  3 35  1.940  3.7   1
      732  26.868296  103.118278    18.130    17880.6    -9051.4    11993.8     18.8     18.8     17.2 2022 10 14 10 37 11.450  2.2   1
      779  27.067802  102.753914     4.547   -18297.2    13054.3    -1589.4     90.1    133.1    110.0 2022 10 17 22 37 48.240  2.6   1
      789  27.243365  102.990438     4.730     5173.5    32507.2    -1406.2    368.7    288.1    201.8 2022 10 18 16 41 47.000  1.7   1
      835  27.277537  102.985026     6.468     4635.7    36293.6      332.0    968.3   1444.1    984.5 2022 10 20 15 36 17.530  1.9   1
      839  26.733545  103.020443    10.049     8167.0   -23982.3     3912.4    396.1    781.3    635.2 2022 10 20 17 33 27.740  2.5   1
      856  26.791652  102.994312     6.088     5568.5   -17543.8      -48.7    550.2    893.6   1032.9 2022 10 22  4 14  5.820  2.5   1
      876  26.663108  102.969157    13.090     3070.8   -31786.9     6953.4    765.6    503.3    488.5 2022 10 23 20 56  3.260  2.5   1
      890  27.069590  103.131559     5.946    19183.1    13252.4     -190.7   1594.5   2058.1   2792.9 2022 10 24 17 41 37.760  3.5   1
      921  26.598751  103.069328     6.412    13033.7   -38917.8      275.4    892.7   1227.6   1353.7 2022 10 29  4 17 17.520  2.3   1
      927  27.250348  102.975928     1.957     3734.0    33281.0    -4179.5    285.1    324.5    207.8 2022 10 29 16 37 59.780  2.9   1
     1000  27.159361  103.047038    10.903    10790.1    23199.2     4767.0   2037.5   1387.9   1343.8 2022 11  7 14 44 27.860  3.0   1
     1037  27.021291  102.889185    14.725    -4872.8     7900.7     8588.6   3741.5   1014.0    638.9 2022 11 21  1  6 48.740  4.6   1
     1056  27.124685  102.877279     8.475    -6051.9    19357.0     2338.4    680.1    671.0   1625.7 2022 11 28 18 55 11.400  1.8   1
     1068  26.731685  103.090885     9.660    15168.8   -24188.2     3523.4    160.0    180.6    455.0 2022 12  4 21  3 17.040  1.6   1
     1104  26.870805  102.904696     9.962    -3335.7    -8773.4     3825.6    634.3    376.5    467.4 2023  1  1  1  2 48.170  2.7   1
     1113  26.613867  102.992977    12.131     5440.1   -37242.8     5994.5    231.6    153.8    193.5 2023  1  1  5 59 15.820  2.3   1
     1138  26.979193  102.895337     4.331    -4263.0     3236.3    -1805.8     29.1     18.7     22.1 2023  1  1 14 39 51.220  0.3   1
     1148  26.917596  102.903743     8.265    -3429.4    -3588.8     2128.5    285.8    249.7    311.4 2023  1  1 17  9 12.760  2.5   1
     1150  26.929594  102.921688     7.555    -1647.4    -2259.5     1418.5    329.3    289.5    377.3 2023  1  1 17 54 31.060  2.5   1
     1157  27.292330  102.986174    14.321     4749.0    37932.7     8184.7    167.0    212.6    168.1 2023  1  1 19 49  5.560  3.5   1
     1158  27.039467  102.738257    14.804   -19853.6     9914.9     8667.2    275.8    730.8    324.8 2023  1  1 19 52 40.260  3.1   1
     1167  26.905817  102.928890    15.460     -931.7    -4894.1     9323.6   1216.0    850.1    751.8 2023  1  1 23 46  2.400  2.2   1
     1176  26.645329  102.876497    16.810    -6142.6   -33756.9    10673.6     56.6     53.6     60.7 2023  1  2  3 50 57.410  2.7   1
     1180  27.100051  102.923283     3.804    -1487.2    16627.6    -2332.0   2629.3   1441.3   2404.7 2023  1  2  7 38 34.340  3.9   1
     1190  26.486924  102.974919    14.140     3646.0   -51308.4     8003.7    966.6    641.9    622.4 2023  1  2 12 24  6.860  2.9   1
     1194  26.821366  102.941479    13.103      318.4   -14251.5     6966.3    351.4    336.3    290.8 2023  1  2 13 15 59.500  3.7   1
     1196  26.472375  102.974723    10.840     3627.1   -52920.5     4704.0    352.8    347.0    546.0 2023  1  2 13 51 42.270  3.6   1
     1198  26.992568  102.844002     5.708    -9359.0     4718.3     -428.2     93.3    193.2    187.8 2023  1  2 14 19 57.550  1.0   1
     1199  26.842971  102.925033    17.588    -1315.2   -11857.5    11451.4    707.9    785.4    388.9 2023  1  2 14 42 20.610  3.5   1
     1201  26.824766  102.938794    15.245       51.6   -13874.7     9108.5   1018.9    923.0    863.3 2023  1  2 15 26 49.650  3.6   1
     1213  26.981974  102.896965     8.512    -4101.0     3544.4     2375.2    707.6    908.7    338.9 2023  1  2 20 38 12.040  2.4   1
     1214  26.981118  102.906755    20.306    -3129.0     3449.5    14169.7    202.2    274.7    316.0 2023  1  2 20 43 14.180  0.7   1
     1220  26.915507  102.945321    10.517      700.2    -3820.4     4381.1    645.7    638.1    523.9 2023  1  2 22 31 21.360  1.6   1
     1233  27.102018  102.981226     8.012     4262.1    16845.7     1875.3    127.8     39.1    178.9 2023  1  3  3 48 43.310  3.1   1
     1248  27.125871  102.825293    12.709   -11209.8    19488.5     6572.5    414.0    230.1    269.9 2023  1  3 10 35 16.200  2.6   1
     1252  27.092259  102.900936    14.123    -3705.6    15764.1     7986.3    524.2    264.4    634.8 2023  1  3 12 47  7.960  3.2   1
     1266  27.182060  103.123014    15.023    18326.2    25714.3     8886.3    876.7    876.5    918.1 2023  1  3 16 18 35.630  3.5   1
     1280  26.948818  102.993547     5.510     5489.0     -129.4     -626.2    601.5    768.9    939.4 2023  1  3 18 37 22.120  2.0   1
     1283  26.568355  103.025618    13.234     8688.2   -42285.7     7097.7    573.7    595.6    615.6 2023  1  3 19  7 30.080  3.1   1
     1304  27.113507  102.833708    12.344   -10375.5    18118.5     6208.0    470.2    296.5    458.2 2023  1  4  2 22 33.690  2.9   1
     1331  27.152391  102.868376     8.491    -6934.3    22427.0     2355.1    789.6    588.6    932.6 2023  1  4 14 29  2.600  2.2   1
     1334  26.703056  103.018270     3.728     7951.9   -27360.6    -2408.8    929.8    574.4    778.1 2023  1  4 15 35 17.780  1.9   1
     1337  26.793156  102.961410    10.552     2299.2   -17377.2     4415.5    563.5    743.4    511.7 2023  1  4 16  0 43.930  1.9   1
     1338  26.980766  102.907772    22.527    -3028.7     3410.5    16390.3    230.0    283.9    134.5 2023  1  4 16 33 13.890  0.9   1
     1345  27.202968  102.882430    13.017    -5538.9    28031.2     6880.8    939.1    748.8    662.9 2023  1  4 18 10 21.920  2.2   1
     1347  26.857324  102.817912    10.871   -11957.0   -10267.1     4734.1   2690.4   1435.1   1718.8 2023  1  4 18 46 41.840  3.5   1
     1350  26.850979  102.954313    14.111     1593.4   -10970.3     7974.2    285.0    273.9    237.6 2023  1  4 19 27 11.020  3.5   1
     1352  26.794812  102.928027    16.474    -1018.3   -17193.6    10338.0    322.6    414.1    322.8 2023  1  4 20  3 39.800  2.3   1
     1360  26.964541  102.928939     5.837     -926.9     1612.7     -299.2    403.6    241.8    395.8 2023  1  4 22 34  8.940  2.1   1
     1378  27.268701  102.971175     6.263     3262.5    35314.6      126.6    235.5    267.1    161.2 2023  1  5  8 54 25.770  1.9   1
     1386  26.906183  102.959847     7.468     2142.3    -4853.5     1331.2   1243.1   1918.1    884.1 2023  1  5 13 33 39.590  2.7   1
     1387  26.854429  102.953035     8.063     1466.2   -10588.0     1926.8    349.1    232.1    432.1 2023  1  5 13 36 43.040  3.8   1
     1394  27.174457  102.708008    14.392   -22842.2    24872.0     8256.0    333.0    247.8    443.2 2023  1  5 16 10 24.250  2.9   1
     1395  26.923256  102.908911     7.041    -2916.3    -2961.7      904.7    239.6    239.8    305.2 2023  1  5 16 58 37.710  3.2   1
     1402  26.814998  102.967464     9.700     2900.4   -14956.9     3563.5    530.4    654.4    680.7 2023  1  5 18 21 45.880  2.2   1
     1404  26.992354  102.805355     2.535   -13196.1     4694.5    -3601.2    390.3    318.1    576.8 2023  1  5 18 26 49.340  2.6   1
     1405  26.797874  102.973031    14.698     3453.3   -16854.4     8561.8    524.5    685.2    481.7 2023  1  5 18 48 23.160  3.0   1
     1406  26.975165  102.908911    19.698    -2915.2     2789.9    13561.1    148.2    293.6    448.1 2023  1  5 18 53 13.880  1.2   1
     1410  26.847426  102.946859     4.932      853.0   -11363.9    -1204.2    314.4    571.9   1037.3 2023  1  5 19 19 20.860  2.6   1
     1411  26.922062  102.838110    10.792    -9947.0    -3094.1     4655.8    893.7   1184.8    833.8 2023  1  5 19 20 31.660  2.4   1
     1412  26.851003  102.943042     4.766      473.7   -10967.5    -1370.6    302.0    530.4    966.3 2023  1  5 19 34 36.200  2.3   1
     1413  26.851811  102.917131    12.499    -2100.5   -10878.1     6362.4    467.3    248.9    283.2 2023  1  5 19 38 54.920  3.3   1
     1414  27.012988  102.910376    13.255    -2769.5     6980.9     7118.7   1110.8    860.7    515.6 2023  1  5 19 41 40.220  2.8   1
     1417  26.852094  102.909424    14.086    -2865.9   -10846.7     7949.3    531.5    328.3    286.9 2023  1  5 19 57 22.800  2.6   1
     1424  27.005904  102.911442     6.419    -2663.6     6195.9      282.7    629.8    487.1    569.4 2023  1  5 21  2 21.260  3.1   1
     1425  26.828640  102.962573    14.421     2414.7   -13445.4     8284.8    423.0    393.0    402.9 2023  1  5 21  4 48.560  3.5   1
     1428  26.828414  102.970850    16.902     3236.5   -13470.5    10765.9    680.1    481.6    477.2 2023  1  5 21 57 36.580  5.6   1
     1431  26.833299  102.954972    10.944     1659.4   -12929.2     4807.6    271.3    263.6    316.8 2023  1  5 22  4  9.800  4.9   1
     1432  26.875018  102.858105    11.186    -7963.4    -8306.5     5049.8    773.2    736.1    898.7 2023  1  5 22  8 18.040  2.8   1
     1433  26.836481  102.943335    11.029      502.6   -12576.8     4892.8    446.3    400.0    366.0 2023  1  5 22 15 54.360  2.9   1
     1435  26.670697  102.999276    22.810     6064.5   -30945.9    16673.6     72.1     80.5     23.3 2023  1  5 22 19 14.540  2.5   1
     1436  26.825309  102.955469    14.331     1708.4   -13814.5     8195.1    350.6    321.7    318.8 2023  1  5 22 21  5.480  5.6   1
     1439  26.854832  103.004443    14.995     6573.4   -10543.4     8858.8    861.2    617.5    766.7 2023  1  5 22 43 29.800  5.2   1
     1440  26.829555  102.961491    13.570     2306.4   -13344.0     7433.8    230.3    223.5    257.3 2023  1  5 22 45 17.520  4.8   1
     1441  26.837716  102.960156    12.376     2174.3   -12439.9     6239.3    253.0    158.8    246.7 2023  1  5 22 47 20.320  3.1   1
     1442  26.803448  102.910994    15.961    -2710.6   -16236.7     9824.8    961.9    774.3    605.2 2023  1  5 22 55 34.980  3.9   1
     1444  26.826208  102.968620    15.982     3015.3   -13714.8     9845.8    463.2    399.2    404.3 2023  1  5 23  2 29.760  3.2   1
     1445  26.835199  102.966642    12.038     2818.7   -12718.7     5901.4    316.7    239.8    329.1 2023  1  5 23  5 44.480  4.0   1
     1446  26.842708  102.952026    16.525     1366.3   -11886.6    10388.7    468.2    401.7    442.4 2023  1  5 23 11 18.480  3.4   1
     1448  26.817965  102.960099    14.728     2168.3   -14628.2     8591.1    301.1    321.9    266.3 2023  1  5 23 27 57.080  5.4   1
     1449  26.829883  102.929150     8.689     -906.8   -13307.7     2553.0    120.7     77.9    183.3 2023  1  5 23 33 36.320  3.2   1
     1450  26.814988  102.937337    15.724      -93.1   -14958.0     9587.6    701.7    546.7    439.3 2023  1  5 23 38 26.920  3.7   1
     1461  26.846004  102.914632    11.700    -2348.5   -11521.5     5563.2    755.9    536.1    482.1 2023  1  6  2  9 13.140  3.6   1
     1465  26.833860  102.962272    16.888     2384.5   -12867.0    10751.5    550.5    454.5    345.5 2023  1  6  2 50 22.410  5.9   1
     1466  26.810372  102.965910    10.492     2746.0   -15469.5     4356.1    791.4   1034.6    954.2 2023  1  6  2 56 23.490  3.5   1
     1467  26.836570  102.958195    12.101     1979.4   -12566.7     5964.4    249.0    223.5    238.2 2023  1  6  2 57  1.020  3.8   1
     1469  26.837813  102.952205    12.662     1384.1   -12429.0     6525.5    279.2    236.9    302.9 2023  1  6  3  0 59.270  3.6   1
     1470  26.828766  102.948608    13.191     1026.7   -13431.5     7054.6    286.7    281.0    292.5 2023  1  6  3 25  4.030  3.7   1
     1474  26.824052  102.955078    15.684     1669.5   -13953.9     9547.4    674.1    842.0    528.1 2023  1  6  3 41 32.280  3.4   1
     1478  26.815727  102.952148    16.142     1378.7   -14876.3    10005.9   1014.1    513.8    762.3 2023  1  6  4 27  4.690  3.8   1
     1479  26.836538  102.960531    14.312     2211.4   -12570.3     8175.9    298.3    322.5    308.2 2023  1  6  4 27 46.330  3.9   1
     1480  26.827132  102.971216    13.588     3273.3   -13612.6     7452.0    310.8    307.4    342.1 2023  1  6  4 51 23.310  3.7   1
     1489  26.810166  102.967440    11.936     2898.1   -15492.3     5799.5    335.1    489.0    384.3 2023  1  6  6  5 52.330  3.0   1
     1490  26.834973  102.959473    13.611     2106.4   -12743.6     7474.9    367.1    285.2    374.4 2023  1  6  6  8 33.500  3.0   1
     1491  26.844014  102.933594     8.097     -464.6   -11741.9     1960.6    115.1     61.2    184.3 2023  1  6  6 12 13.430  3.1   1
     1494  26.943101  102.846615    14.891    -9102.1     -762.8     8754.6    410.6    260.8    352.7 2023  1  6  7  0 26.850  3.4   1
     1496  26.834216  102.960335    13.822     2191.5   -12827.5     7685.2    273.7    212.9    296.5 2023  1  6  7 51  6.930  4.0   1
     1509  26.834798  102.983651    16.942     4508.2   -12763.1    10805.6    543.9    486.3    451.4 2023  1  6 11  5  1.410  3.2   1
     1510  26.969761  102.919580     8.347    -1855.8     2191.1     2210.3    360.5    444.4    299.7 2023  1  6 11 15 40.300  5.4   1
     1511  26.834304  102.961678    14.386     2325.1   -12817.8     8249.5    268.9    263.3    357.5 2023  1  6 11 24 59.760  3.7   1
     1520  26.833299  102.955037    14.251     1665.9   -12929.3     8114.7    265.5    230.2    316.8 2023  1  6 14 37 17.560  3.7   1
     1525  27.104871  102.783545    19.077   -15354.2    17161.6    12941.0    969.7    893.7    770.4 2023  1  6 15 51 55.290  3.3   1
     1530  26.838778  102.940137    10.203      185.4   -12322.1     4066.3    703.4    535.1    622.9 2023  1  6 16 14 42.600  2.7   1
     1531  26.882888  102.942489     8.081      419.0    -7434.6     1944.7    736.4   1027.2   1125.5 2023  1  6 16 35 36.810  2.5   1
     1538  26.789663  102.974951     7.454     3645.0   -17764.3     1317.6    443.3    688.5   1080.7 2023  1  6 17  7 21.200  2.2   1
     1546  26.868673  102.882739     4.460    -5516.3    -9009.7    -1676.2    401.3    195.6    350.4 2023  1  6 18 53 36.500  2.2   1
     1548  26.976211  102.936450    11.659     -181.1     2905.7     5522.7   1280.8   1026.0    838.2 2023  1  6 19 28 33.340  2.8   1
     1551  26.825047  102.948999    13.221     1066.1   -13843.5     7084.5    292.1    246.7    293.7 2023  1  6 20 36  5.420  3.7   1
     1555  27.156042  102.837451     8.250   -10002.6    22831.6     2113.8    959.2    777.4   1155.7 2023  1  6 21  7 33.880  4.9   1
     1558  26.829842  102.962646    13.312     2421.2   -13312.3     7175.5    238.0    211.1    273.2 2023  1  6 21 38 29.200  4.3   1
     1561  26.821484  102.969897    17.452     3141.9   -14238.3    11315.4    766.4    465.4    455.7 2023  1  6 22 13 55.780  4.5   1
     1566  26.820860  103.020581    13.307     8178.1   -14307.5     7170.7   1435.6   1158.4   1088.8 2023  1  6 23 10 13.040  3.2   1
     1573  27.093429  102.979989     8.046     4140.0    15893.7     1909.2    128.4     43.0    199.1 2023  1  7  0 47 17.390  3.2   1
     1578  27.204340  102.839689     9.603    -9778.2    28183.1     3466.8    580.6    718.4    575.8 2023  1  7  2 53 57.070  2.2   1
     1584  26.939162  102.671338    12.433   -26507.3    -1199.2     6296.6    265.5    298.0    288.1 2023  1  7  5 10 35.680  2.9   1
     1587  26.809111  102.999748     2.361     6108.5   -15609.4    -3775.4    132.2    109.0    188.1 2023  1  7  6 59  0.730  3.5   1
     1598  26.841919  102.947648    15.132      931.5   -11974.1     8995.4    518.8    410.9    474.2 2023  1  7 11 38 45.550  3.3   1
     1603  27.305261  102.967236    15.213     2871.5    39365.4     9076.3    139.5    210.1    189.2 2023  1  7 14 10 41.150  2.8   1
     1607  26.961690  102.885360     8.254    -5253.7     1296.9     2117.9    626.9    414.6    529.0 2023  1  7 15 39 14.060  2.9   1
     1608  27.103033  102.867505    13.766    -7022.3    16958.0     7629.8    363.0    214.5    195.4 2023  1  7 15 40  8.830  4.2   1
     1611  26.839925  102.948381    14.336     1003.8   -12194.9     8200.1    250.1    251.6    339.5 2023  1  7 16 37 55.380  2.6   1
     1620  26.814132  102.957747    12.607     1935.0   -15053.0     6470.6    272.6    323.2    329.8 2023  1  7 20 13  6.540  3.4   1
     1626  27.057180  102.674536     6.064   -26176.3    11877.4      -72.5    686.0   1002.4    654.4 2023  1  7 21 13 44.480  2.9   1
     1628  26.987221  102.988753    10.326     5011.9     4125.7     4189.6   1336.0   1357.7   1075.9 2023  1  7 22 20 54.920  2.8   1
     1635  26.990668  102.914290    10.397    -2381.1     4507.6     4260.6    741.1    643.7    520.1 2023  1  8  2 20 23.170  3.0   1
     1643  26.789111  102.965047    10.261     2660.6   -17825.3     4124.3    538.3    642.8   1067.4 2023  1  8  4 44 11.920  2.7   1
     1644  26.837447  102.945825    13.352      750.4   -12469.7     7215.2    314.9    309.2    291.2 2023  1  8  5 28 16.570  3.7   1
     1646  26.866551  102.852987    10.195    -8471.8    -9244.8     4059.1   1467.2   1065.3    971.1 2023  1  8  5 59 42.990  5.1   1
     1651  27.025444  102.883472     7.372    -5439.6     8360.9     1235.6    589.0    426.9    478.0 2023  1  8  7  1 45.160  3.4   1
     1652  26.829161  102.968001    12.548     2953.4   -13387.8     6411.2    595.4    620.1    509.4 2023  1  8  7 43 55.900  3.2   1
     1653  26.836194  102.951766    14.205     1340.4   -12608.3     8068.9    290.9    236.2    263.5 2023  1  8  9 21  3.240  3.7   1
     1655  27.033730  102.793717    13.486   -14349.1     9279.2     7349.3   1204.1   1161.0    805.4 2023  1  8  9 44 14.220  3.2   1
     1657  27.130343  102.872233    12.892    -6552.6    19984.1     6755.9    664.8    405.7    472.4 2023  1  8 10 34 34.150  4.5   1
     1659  27.147284  102.772469    11.478   -16449.7    21861.1     5341.2   1089.9    664.7    709.2 2023  1  8 11  7 30.660  2.9   1
     1662  26.832257  102.946818    12.817      848.9   -13044.6     6680.1    268.0    233.3    351.2 2023  1  8 12 18 53.450  3.6   1
     1674  26.529830  103.022786    11.292     8407.2   -46554.4     5155.7    645.8    945.9    974.3 2023  1  8 16 58 43.770  3.5   1
     1675  26.830357  102.950789    11.125     1243.7   -13255.3     4988.5    255.0    289.2    362.3 2023  1  8 17  5 43.960  3.1   1
     1678  26.682552  102.995215    13.829     5660.6   -29632.4     7692.7    397.9    237.6    381.5 2023  1  8 18  3 48.840  3.2   1
     1679  26.921598  102.971354    19.061     3285.4    -3145.5    12924.9    124.9    268.0    154.7 2023  1  8 18 10 39.480  2.5   1
     1688  26.827128  102.959172    14.250     2076.1   -13612.9     8113.4    348.2    352.2    248.3 2023  1  8 20 59 20.120  3.0   1
     1690  26.998338  102.908594    16.456    -2946.6     5357.4    10319.4    581.6    644.9    566.2 2023  1  8 21 29 31.160  2.8   1
     1691  26.934843  102.857511    12.070    -8020.2    -1677.8     5933.7    390.5    309.6    187.5 2023  1  8 21 39 13.640  3.3   1
     1692  26.935988  102.868636    12.571    -6914.9    -1550.9     6434.9    372.5    279.3    200.9 2023  1  8 21 47 29.700  3.2   1
     1694  26.508105  102.995215    10.905     5665.3   -48961.5     4768.8    330.8    398.7    482.6 2023  1  8 22 47 19.760  4.4   1
     1696  26.893512  102.927572    10.923    -1063.2    -6257.4     4786.7    365.8    315.4    448.8 2023  1  9  1  2 25.250  3.1   1
     1703  27.213365  103.016569    12.143     7765.3    29183.2     6006.3    419.9    431.5    396.2 2023  1  9  5 52  9.980  4.2   1
     1709  26.740588  102.967285    10.195     2883.9   -23201.8     4058.3    723.6    849.9   1168.0 2023  1  9  7  7 25.610  3.3   1
     1719  26.884269  102.942375     9.546      407.8    -7281.5     3409.3    420.7    277.5    356.5 2023  1  9 16  6 17.470  3.2   1
     1720  26.878381  102.943701    10.615      539.5    -7934.1     4478.8    406.4    314.9    385.6 2023  1  9 16 14 24.770  3.0   1
     1721  26.874754  102.942277     9.376      397.9    -8336.0     3239.3    396.0    299.4    238.6 2023  1  9 16 39 28.720  3.0   1
     1722  26.873733  102.959652    14.694     2123.7    -8449.0     8557.4    401.5    423.8    545.8 2023  1  9 16 57 16.400  4.2   1
     1727  26.883797  102.959578    10.407     2116.5    -7333.8     4270.3    447.6    308.3    418.7 2023  1  9 19  8 37.980  2.9   1
     1729  26.965615  102.918726     4.552    -1940.8     1731.8    -1584.2    625.9    440.6    563.7 2023  1  9 19 18 43.680  2.5   1
     1730  26.863979  102.950635     7.851     1228.1    -9529.9     1715.1    368.6    276.0    503.8 2023  1  9 19 27 32.440  2.9   1
     1731  26.938041  102.883016    11.241    -5487.0    -1323.5     5105.1    422.1    415.1    351.5 2023  1  9 19 36  8.060  2.9   1
     1732  26.878019  102.948079    10.346      973.8    -7974.1     4209.8    349.6    278.2    315.3 2023  1  9 20 35 17.380  4.9   1
     1733  26.884363  102.946688    10.802      835.5    -7271.2     4666.0    348.8    291.7    369.7 2023  1  9 20 39 20.860  3.4   1
     1734  26.877110  102.944531     8.727      621.7    -8074.9     2590.2    381.6    265.2    360.1 2023  1  9 21 45  5.440  3.0   1
     1737  26.885382  102.944206    10.700      589.3    -7158.3     4563.7    362.8    282.4    264.4 2023  1  9 22  7  4.500  3.6   1
     1738  26.884937  102.946419    11.889      809.2    -7207.5     5752.6    509.7    423.1    417.6 2023  1  9 22 12 25.440  3.7   1
     1742  27.039221  102.828499    10.793   -10895.8     9887.4     4656.9    775.6    631.2    746.1 2023  1  9 23 27  6.800  3.3   1
     1748  26.883590  102.942220    10.494      392.1    -7356.8     4357.8    460.7    325.4    375.9 2023  1 10  1 44 54.780  2.7   1
     1752  26.910018  102.942643     7.313      433.9    -4428.6     1176.3    558.0    524.2    710.6 2023  1 10  4 13  0.530  2.8   1
     1760  27.026241  102.790413     2.833   -14677.6     8449.4    -3303.6    494.6    817.0   1413.6 2023  1 10  7 20 18.320  3.0   1
     1765  26.985760  102.862012     7.905    -7571.2     3963.9     1768.9    218.5    294.2    128.8 2023  1 10  8 19 50.520  3.9   1
     1770  26.870129  102.922835     7.543    -1533.4    -8848.2     1406.6    541.5    376.4    337.5 2023  1 10  9 51  7.700  3.4   1
     1778  26.873472  102.960124    19.346     2170.4    -8477.9    13209.6   1106.3    740.1    547.6 2023  1 10 13 34 23.820  3.4   1
     1779  26.849807  102.922192    11.325    -1597.5   -11100.2     5188.2    503.2    363.5    369.6 2023  1 10 13 36 48.280  3.4   1
     1780  26.883228  102.935881     8.841     -237.4    -7397.0     2704.5    635.1    712.0    884.1 2023  1 10 14 22  2.390  2.8   1
     1781  26.826910  102.950667    11.350     1231.7   -13637.0     5213.7    584.4    449.3    524.0 2023  1 10 15  7 20.700  2.9   1
     1783  26.857436  102.922103    15.438    -1606.6   -10254.7     9301.6    554.2    467.4    385.4 2023  1 10 15 13 25.930  3.7   1
     1785  26.849691  102.932406    12.198     -582.8   -11112.9     6061.4    419.0    367.6    373.8 2023  1 10 16 19 19.210  2.9   1
     1790  26.972898  102.921598     5.928    -1655.5     2538.8     -208.5    367.1    248.1    370.0 2023  1 10 18 32 50.840  2.7   1
     1802  26.358984  103.042318    20.897    10358.2   -65484.5    14760.8    126.8    247.8    197.4 2023  1 10 21 28 35.140  3.3   1
     1805  27.120396  102.812101     8.150   -12519.0    18881.8     2013.8    696.9    472.5    889.0 2023  1 10 22 46 21.860  3.2   1
     1810  26.848016  102.935539    15.698     -271.4   -11298.6     9561.4    437.4    342.5    308.0 2023  1 11  0  7 17.780  3.6   1
     1812  26.952700  102.905233     8.868    -3281.0      300.6     2731.5    547.5    331.5    258.6 2023  1 11  0 36  5.800  2.7   1
     1823  27.110797  102.833252    14.393   -10421.3    17818.2     8256.3    351.7    232.5    234.7 2023  1 11  4 48 26.140  4.3   1
     1828  27.136759  102.808667    11.415   -12859.5    20695.0     5278.5    821.5    710.0    723.4 2023  1 11  7 16 53.220  3.3   1
     1846  26.877936  102.935417    11.600     -283.8    -7983.3     5463.8    436.2    340.3    269.1 2023  1 11 12 40 18.140  3.3   1
     1847  27.102395  102.857576    13.204    -8007.9    16887.4     7067.8    354.9    233.2    288.3 2023  1 11 12 47 56.460  2.5   1
     1855  26.881818  102.941113    10.292      282.4    -7553.2     4155.8    369.7    259.3    277.5 2023  1 11 15 39  2.760  3.5   1
     1862  26.889459  102.943490     9.837      517.8    -6706.6     3700.5    383.5    327.5    240.2 2023  1 11 18 31 49.400  3.0   1
     1868  26.878569  102.960181    19.955     2175.8    -7913.3    13818.4   1187.9    911.7    694.5 2023  1 11 20 35 25.940  2.9   1
     1878  27.028668  102.795776    17.766   -14145.0     8718.3    11629.6    526.5    494.2    470.4 2023  1 12  1 42  2.140  3.9   1
     1884  27.102907  102.875106    16.368    -6268.3    16944.2    10232.1    768.7    503.6    713.8 2023  1 12  6 25 51.630  6.0   1
     1885  27.115824  102.799577    14.858   -13762.3    18375.3     8721.8    401.1    281.8    362.0 2023  1 12  6 36 45.960  5.0   1
     1893  26.986202  102.913900     3.238    -2419.5     4012.9    -2898.8   1012.2   1006.3   1414.6 2023  1 12  9 17 59.720  2.8   1
     1895  27.080695  102.924447    17.911    -1372.5    14482.9    11774.3    454.5    323.0    339.4 2023  1 12  9 24 17.860  3.9   1
     1898  27.117029  102.812744    13.451   -12455.9    18508.8     7315.0    460.6    288.8    330.8 2023  1 12 11  0 25.500  4.2   1
     1912  27.091028  102.804110    18.990   -13313.7    15627.9    12853.2    867.7    758.8    765.2 2023  1 12 18 39  9.000  3.1   1
     1920  26.861910  103.012801     8.781     7403.3    -9759.0     2645.0    569.7    440.1    626.8 2023  1 12 20 14 58.940  2.5   1
     1923  27.115658  102.816211    13.526   -12111.8    18356.9     7389.7    364.4    210.6    246.6 2023  1 12 21 27 16.860  4.8   1
     1924  27.122101  102.814803    11.556   -12251.5    19070.7     5420.0    424.0    251.4    389.0 2023  1 12 22 30 23.240  3.9   1
     1926  27.105160  102.825741    14.725   -11166.4    17193.7     8589.0    522.3    327.5    320.1 2023  1 12 22 45 29.160  3.7   1
     1928  27.096767  102.869010    13.606    -6872.9    16263.8     7469.6    596.8    325.4    287.7 2023  1 13  0  2  4.850  3.5   1
     1932  26.958722  102.803776    16.381   -13354.9      968.1    10244.1    881.7    486.2    916.0 2023  1 13  1 21 27.390  3.5   1
     1934  27.106099  102.860693    12.243    -7698.0    17297.9     6107.1    344.8    223.8    264.1 2023  1 13  1 42 41.480  3.2   1
     1941  26.828573  102.976628    10.974     3810.3   -13452.8     4837.9    337.0    279.2    279.1 2023  1 13  5 13  5.790  3.6   1
     1947  27.112801  102.822461    14.056   -11491.7    18040.4     7919.8    255.1    244.2    451.3 2023  1 13  9 37 46.380  2.8   1
     1948  27.111434  102.854297    14.327    -8333.2    17888.9     8191.0    407.0    283.6    262.1 2023  1 13  9 48 48.310  3.4   1
     1951  26.586098  103.063672     7.902    12471.6   -40319.6     1765.6    888.7    886.9   1031.8 2023  1 13 10 14 16.080  2.4   1
     1957  27.115181  102.828109    10.399   -10931.6    18304.0     4262.3    310.6    230.1    229.3 2023  1 13 11 23 47.790  3.1   1
     1960  26.875637  103.072974     6.530    13380.1    -8238.0      393.1    137.5    240.9    244.8 2023  1 13 12  0 12.650  2.8   1
     1961  27.097711  102.894067    14.928    -4387.0    16368.4     8791.9    496.7    283.8    593.0 2023  1 13 12  4 18.040  2.8   1
     1962  27.121094  102.901929    10.330    -3606.6    18959.2     4193.6   1127.7    624.5    865.1 2023  1 13 12 33 23.730  4.1   1
     1965  27.105790  102.812801    12.770   -12450.4    17263.6     6633.3    240.9    187.6    326.3 2023  1 13 13 55 47.290  3.4   1
     1968  27.093003  102.910986    16.938    -2707.9    15846.7    10801.3    616.5    371.6    390.0 2023  1 13 14 55 59.380  2.5   1
     1975  27.123086  102.821053    12.045   -11630.8    19180.0     5908.2    748.1    420.2    378.5 2023  1 13 17 40 58.040  2.8   1
     1981  27.160437  103.129508     7.139    18971.6    23318.7     1002.5    606.2    701.6   1779.9 2023  1 13 18 35 34.340  3.6   1
     1983  27.099573  102.871021    13.212    -6673.6    16574.5     7075.3    377.4    246.5    259.1 2023  1 13 18 44 10.720  3.2   1
     1986  27.094440  102.953630     6.629     1523.7    16005.9      492.3    226.2    121.8    185.7 2023  1 13 20 24 47.360  2.4   1
     1987  27.122148  102.805680     8.895   -13156.8    19076.0     2759.1    610.5    502.0    889.3 2023  1 13 20 28 56.680  3.1   1
     1999  26.784161  102.976131    13.557     3762.2   -18373.7     7420.2    492.0    530.3    522.8 2023  1 14  2  9 10.410  3.6   1
     2002  26.785940  102.979403    15.070     4086.7   -18176.8     8933.2    467.2    518.6    493.7 2023  1 14  2 13 49.160  3.6   1
     2006  27.099141  102.845337    16.401    -9222.2    16526.8    10265.0    443.5    440.9    549.3 2023  1 14  4 22 24.510  3.2   1
     2008  26.857465  102.855013     5.520    -8270.6   -10251.6     -616.0    410.7    181.3    626.3 2023  1 14  5 22 43.770  2.9   1
     2014  26.880101  102.922746     8.975    -1542.5    -7743.5     2838.3    423.7    246.8    269.0 2023  1 14  8 57 20.990  2.8   1
     2026  26.972461  102.983447     8.114     4485.3     2490.4     1977.4    279.4    280.6    406.0 2023  1 14 13 17 19.210  2.6   1
     2031  26.864722  102.903027    12.238    -3501.3    -9447.6     6101.5    769.4    567.6    627.2 2023  1 14 14 35  3.700  3.0   1
     2032  26.900197  102.825277     9.127   -11223.0    -5516.6     2991.0   1092.4    980.6   1266.0 2023  1 14 14 39 41.820  3.4   1
     2044  26.939366  102.904956     6.320    -3308.5    -1176.7      184.1    229.1    302.1    352.1 2023  1 14 16 43 43.950  2.8   1
     2045  26.939323  102.882284    10.682    -5559.8    -1181.4     4545.5     94.8     44.3     70.5 2023  1 14 17  1 56.200  2.9   1
     2051  27.028424  102.857992     2.906    -7968.9     8691.3    -3230.5   1917.4   1360.7   1999.3 2023  1 14 20 43 41.180  3.5   1
     2057  26.952702  102.919792     7.645    -1835.3      300.9     1508.8    332.9    350.8    295.3 2023  1 14 21 31 33.240  2.7   1
     2060  27.213275  102.860246     5.560    -7738.7    29173.2     -576.6    332.4    235.4    346.4 2023  1 14 21 48 47.400  1.9   1
     2063  27.104582  102.824162    10.836   -11323.3    17129.7     4699.3    474.0    303.1    351.2 2023  1 14 23 36 57.880  3.7   1
     2072  27.049386  102.676742     8.656   -25958.3    11013.7     2519.2    783.1   1406.6    608.6 2023  1 15  1 56 54.790  3.0   1
     2077  27.067918  103.140584    11.331    20078.7    13067.1     5194.7    635.6    537.5    957.9 2023  1 15  3  5 26.790  3.6   1
     2079  26.858590  102.992684     6.720     5405.5   -10126.9      583.7    840.3    394.2    826.4 2023  1 15  4  0 31.110  3.1   1
     2084  27.056185  102.990674     6.079     5200.8    11767.1      -57.7    773.8    790.0   2263.1 2023  1 15  5 40 13.010  2.7   1
     2105  26.746999  102.753035     1.794   -18409.9   -22491.5    -4342.1    280.4    137.9    103.0 2023  1 15 13 25 48.110  1.9   1
     2116  27.180141  102.996712     1.714     5797.4    25501.9    -4422.2    440.9    137.9    201.0 2023  1 15 16 30 19.120  2.8   1
     2119  27.109456  102.833366    13.699   -10410.0    17669.8     7563.0    486.3    294.6    360.5 2023  1 15 17 11  5.080  3.8   1
     2120  26.860370  102.938989    10.564       71.1    -9929.6     4427.8   1543.0   1122.8   1021.9 2023  1 15 17 24 37.540  2.8   1
     2121  26.895884  102.844751     6.851    -9288.7    -5994.6      714.2   3941.5   4008.2   4732.2 2023  1 15 17 27 46.360  2.8   1
     2124  26.638373  102.999365    10.128     6074.5   -34527.6     3991.2    272.7    140.3    491.3 2023  1 15 18 44 18.460  2.7   1
     2127  26.915973  102.955811    19.389     1741.4    -3768.7    13252.7     69.0     70.8     39.2 2023  1 15 19 40 19.120  3.1   1
     2149  26.894167  103.122673     7.377    18315.4    -6184.7     1240.2    629.1    633.5    762.5 2023  1 15 23 45 28.480  3.5   1
     2153  26.839528  102.953418    13.076     1504.5   -12238.9     6939.9    250.6    173.5    277.7 2023  1 16  2 13 26.450  3.6   1
     2171  26.979966  102.993042     5.176     5437.4     3322.0     -960.8    847.2    435.7    781.9 2023  1 16  8 21 20.280  3.6   1
     2172  26.967871  102.976758     5.703     3821.6     1981.7     -433.3    823.8    484.7    612.0 2023  1 16  8 34  0.500  3.8   1
     2173  26.855841  102.946875    11.288      854.3   -10431.5     5152.0    388.7    247.2    370.5 2023  1 16  8 53 26.520  3.6   1
     2175  26.849827  102.972526    14.641     3402.6   -11097.9     8504.3    630.8    347.5    475.1 2023  1 16  8 58 50.730  3.3   1
     2180  26.844523  102.941235     4.297      293.9   -11685.6    -1839.6    399.4    445.7    630.8 2023  1 16 10 14 47.540  2.7   1
     2195  26.836784  102.983016    12.727     4445.5   -12543.0     6590.6    762.7    488.7    473.5 2023  1 16 16  3 18.920  3.4   1
     2198  26.972677  102.921720     8.070    -1643.5     2514.2     1933.1    296.8    339.1    312.2 2023  1 16 16 16 44.450  3.2   1
     2199  26.966628  102.937484     8.584      -78.6     1844.0     2447.5    345.2    335.6    267.2 2023  1 16 16 20  5.830  3.0   1
     2208  26.845154  102.912069    11.833    -2603.2   -11615.7     5697.0    801.3    893.7    705.4 2023  1 16 18 25 35.240  3.2   1
     2212  27.094999  102.894295    15.187    -4364.2    16067.9     9051.0    805.0    476.9    519.5 2023  1 16 19  2 17.180  2.7   1
     2219  26.982745  102.816740     6.501   -12066.3     3629.8      364.4    429.2    354.7    487.1 2023  1 16 21  1 28.460  2.8   1
     2224  26.657298  102.908171    16.791    -2992.8   -32430.5    10654.7     58.4     67.4     54.6 2023  1 16 21 49 53.100  1.1   1
     2230  26.880693  103.045272     9.908    10628.2    -7677.9     3771.9    101.6    109.3    111.8 2023  1 16 23  4  7.160  2.5   1
     2231  26.579325  102.957267     7.684     1888.9   -41070.2     1547.9    409.8    633.7    976.4 2023  1 16 23 51 20.800  2.3   1
     2234  27.207817  102.841170     4.449    -9631.6    28568.3    -1687.4    309.7    230.4    173.5 2023  1 17  2  7 35.770  3.1   1
     2248  26.560710  103.068644    13.210    12967.5   -43132.8     7073.7    422.9    396.2    522.5 2023  1 17  7 15 21.930  4.3   1
     2264  27.120219  102.821134     8.998   -11623.0    18862.3     2861.7   1242.2    665.7   2704.0 2023  1 17 12 11 25.270  2.8   1
     2266  27.140149  102.874284     8.871    -6348.8    21070.6     2734.8    378.1    388.2    463.9 2023  1 17 12 36 10.780  3.7   1
     2269  27.118573  102.874129     5.074    -6365.0    18679.9    -1062.1    778.1    454.5    917.2 2023  1 17 12 55 13.130  3.6   1
     2275  27.092067  102.738281    11.554   -19846.8    15743.0     5417.8    954.5   1024.7   1269.5 2023  1 17 14 23 48.860  2.8   1
     2281  27.066302  103.044368    11.246    10529.5    12888.3     5109.8    235.2     84.2    414.3 2023  1 17 15 29  9.270  3.3   1
     2293  26.826072  102.969425     8.272     3094.8   -13729.9     2135.9    273.6    107.0    363.3 2023  1 17 18 26 33.720  2.6   1
     2298  26.896775  102.896875     6.907    -4111.5    -5895.8      770.6   1386.6   1026.2   1134.5 2023  1 17 19 20 34.640  2.7   1
     2302  27.077053  102.922038     6.896    -1611.0    14079.4      759.8   1522.7    860.0   1343.2 2023  1 17 20 12 10.240  3.8   1
     2303  27.131372  102.824064     7.340   -11331.8    20098.2     1203.3   1232.0    667.8   1969.1 2023  1 17 20 19  3.620  2.4   1
     2304  26.951499  102.910864     3.159    -2722.0      167.7    -2977.5    527.2    603.0    480.5 2023  1 17 20 37 19.900  1.9   1
     2306  26.910406  102.900570    10.253    -3744.4    -4385.4     4116.4    727.5    749.8    579.7 2023  1 17 20 57  4.440  2.7   1
     2311  27.078888  102.863330    13.505    -7437.2    14282.8     7368.9    915.3    332.3    823.4 2023  1 17 21 24 35.720  2.9   1
     2348  26.998745  102.876188     6.135    -6163.6     5402.7       -1.0    246.1     97.4    148.5 2023  1 18  7 22 51.730  3.2   1
     2380  27.101837  102.889990     6.648    -4791.6    16825.5      511.2   1440.3    789.7   1191.3 2023  1 18 19 33 20.760  3.7   1
     2385  27.033714  102.812882    12.120   -12446.6     9277.4     5983.9    738.7    573.8    652.7 2023  1 18 21 12 59.400  3.2   1
     2392  26.809615  102.989030     6.654     5042.9   -15553.4      517.8    666.2    953.0   1641.2 2023  1 19  0  3 55.730  2.0   1
     2402  26.882391  103.127132     7.153    18759.0    -7489.6     1016.7    901.8   1025.9    782.0 2023  1 19  3 45  0.380  2.3   1
     2409  26.952576  102.990527     6.650     5188.7      286.9      513.7    558.7    639.7    548.0 2023  1 19  5 13 45.370  2.7   1
     2411  27.029348  102.819816    18.020   -11758.9     8793.4    11883.8    818.1    666.0    586.2 2023  1 19  6 10  5.170  3.6   1
     2416  26.900122  102.945166    24.009      684.4    -5525.1    17873.1    477.6    436.1    494.5 2023  1 19  9 27 46.410  3.5   1
     2417  26.966441  103.015381    10.187     7655.8     1823.2     4050.3    294.2    278.2    389.9 2023  1 19  9 28 27.870  4.3   1
     2433  26.958142  102.901815     7.869    -3619.9      903.8     1732.8    507.2    537.0    589.4 2023  1 19 15 25 10.090  3.6   1
     2440  26.996147  102.796655    11.376   -14059.3     5114.7     5240.0    808.0    628.3    883.1 2023  1 19 17 50  8.560  3.1   1
     2443  26.573358  103.042464    13.174    10363.2   -41731.4     7039.0    365.3    340.0    469.8 2023  1 19 18 37 36.240  3.7   1
     2447  26.859613  102.946419    11.790      808.8   -10013.6     5653.1    385.8    278.3    231.9 2023  1 19 22  6 22.960  3.6   1
     2451  26.859696  102.937028    10.815     -123.8   -10004.2     4678.8    837.4    495.7    618.0 2023  1 19 22 42 21.840  3.2   1
     2453  26.932068  102.678019    12.216   -25845.0    -1985.4     6079.9    265.2    290.9    291.8 2023  1 19 23 53 15.560  1.7   1
     2454  27.275344  102.972201     4.761     3364.4    36050.6    -1375.7    951.7   1321.6    979.1 2023  1 20  1  0 26.460  2.1   1
     2456  26.836283  102.887321    14.266    -5061.8   -12598.5     8129.4    709.9    435.7    402.8 2023  1 20  5 12 16.740  3.1   1
     2463  26.989154  102.811971    13.840   -12539.3     4339.9     7703.2    505.5    455.4    599.4 2023  1 20  8 24  0.370  3.4   1
     2473  26.992167  102.812028     6.835   -12533.7     4673.9      698.6    495.4    404.7    423.0 2023  1 20 16 10 14.250  2.5   1
     2476  26.935081  102.886304     7.833    -5161.2    -1651.5     1696.9    612.3    712.7    629.6 2023  1 20 16 16 38.180  3.5   1
     2478  26.661159  103.020557    22.926     8181.1   -32002.8    16790.0     72.0     79.9     23.5 2023  1 20 16 38 23.100  3.6   1
     2480  26.913173  102.923161    12.594    -1500.7    -4079.0     6457.4   1008.2    575.5    818.0 2023  1 20 16 55 36.370  2.9   1
     2487  26.978383  102.899585    20.773    -3841.3     3146.4    14636.2    310.5    188.6    142.2 2023  1 20 18 16 42.820  3.0   1
     2488  27.029858  102.784505    11.172   -15263.3     8850.1     5036.0    720.5    727.4    712.1 2023  1 20 18 41 40.800  3.3   1
     2489  26.989380  102.950513     2.162     1215.3     4365.0    -3974.8    536.5    522.6    830.9 2023  1 20 18 54  6.520  2.6   1
     2490  27.113617  102.817090    14.372   -12024.4    18130.8     8235.6    482.0    230.8    373.8 2023  1 20 19  7 17.640  3.4   1
     2493  27.088523  102.922095    10.955    -1605.3    15350.4     4818.8    972.6    600.8    653.1 2023  1 20 19 53 46.680  3.6   1
     2497  26.941715  102.883423     9.075    -5446.6     -916.4     2938.3    354.1    418.1    417.0 2023  1 20 20 25  2.480  2.8   1
     2498  26.675299  103.010360    17.308     7166.7   -30436.0    11172.1    560.1    586.8    727.7 2023  1 20 20 30 24.560  3.0   1
     2499  26.733710  102.897957    13.812    -4006.9   -23964.0     7675.9     76.3    218.8    202.9 2023  1 20 20 43 15.000  1.3   1
     2508  27.067389  102.789054    12.698   -14809.3    13008.6     6561.7    707.4    767.9    675.7 2023  1 20 21 58 54.200  3.0   1
     2510  27.032485  102.812459    14.388   -12488.8     9141.1     8251.9    762.4    548.4    638.7 2023  1 20 22 18 27.080  4.1   1
     2528  26.743610  102.981494     7.132     4296.0   -22866.9      995.9    355.0    558.4    298.5 2023  1 21 14 55 16.830  2.8   1
     2534  26.757039  103.053117    11.400    11413.3   -21379.0     5263.4   1549.6    295.0    421.5 2023  1 21 18 53 25.520  2.8   1
     2537  26.978219  102.799487    14.945   -13779.3     3128.2     8808.1    393.4    425.6    704.3 2023  1 21 19 43 34.100  3.3   1
     2543  26.981667  102.842065    14.820    -9551.6     3510.4     8684.0    535.8    420.5    561.5 2023  1 21 23 20 39.120  2.4   1
     2557  27.023889  102.872925     9.695    -6486.9     8188.7     3558.3   1210.2    663.3    879.9 2023  1 22  4 54  9.810  3.5   1
     2561  26.861560  102.845508     7.477    -9215.2    -9797.8     1340.6   2878.1   1364.3   2130.4 2023  1 22  5 44 11.220  2.9   1
     2570  27.104610  102.874927     9.626    -6286.2    17132.9     3489.6    755.4    455.2    678.9 2023  1 22 12 31 33.520  3.8   1
     2576  26.841156  102.905737    13.061    -3232.3   -12058.6     6924.5    620.2    354.7    369.8 2023  1 22 14 38 34.180  3.1   1
     2590  27.127439  102.854932    12.036    -8269.5    19662.3     5899.6    896.5    956.7    710.2 2023  1 22 18 43 58.660  3.3   1
     2595  26.924139  102.923918    11.204    -1425.8    -2863.9     5067.3    882.7    552.1    752.4 2023  1 22 20 25 59.880  2.7   1
     2597  27.086589  102.858805     8.561    -7885.9    15135.9     2424.7   2333.6   1050.1   2011.5 2023  1 22 20 55 16.840  2.8   1
     2608  27.124170  102.788875    10.321   -14823.8    19300.2     4184.5    495.8    517.0    673.2 2023  1 22 23 57 49.340  3.1   1
     2620  27.017314  102.857658     4.026    -8003.1     7460.2    -2110.2   1236.6    831.6    979.0 2023  1 23  7 40  5.560  4.1   1
     2630  27.060824  103.130623    10.006    19091.1    12281.1     3870.0    699.1    724.2   1326.5 2023  1 23 13 50 46.020  3.2   1
     2633  26.836794  102.908651    12.922    -2942.8   -12541.9     6785.2    131.4     28.1    147.9 2023  1 23 14 57 49.090  3.2   1
     2649  26.879097  102.894775    17.515    -4320.5    -7854.5    11378.8   1203.0    896.6    804.2 2023  1 23 20  7 57.060  3.1   1
     2654  27.103475  102.852384    15.170    -8522.6    17006.9     9033.7    505.1    287.6    350.0 2023  1 23 21 54 10.300  4.3   1
     2670  26.749388  103.034155     9.747     9529.0   -22226.8     3610.2    521.1    398.4    527.7 2023  1 24  3 45 58.170  2.8   1
     2671  27.176426  102.561637     9.321   -37362.5    25090.3     3184.7    686.8    701.3   1130.1 2023  1 24  3 51 25.320  2.8   1
     2674  27.113737  102.809904    11.428   -12737.6    18144.0     5292.1    354.6    271.5    294.0 2023  1 24  5 27  3.620  3.5   1
     2682  26.881504  102.872998     3.070    -6483.8    -7588.0    -3066.0    542.4    459.1    999.7 2023  1 24 10  7 40.410  2.4   1
     2697  26.990808  102.877043     8.659    -6079.2     4523.2     2522.1    595.0    424.4    432.3 2023  1 24 16 18 14.540  3.7   1
     2700  26.975189  102.924105     8.809    -1407.1     2792.7     2672.9    287.7    363.7    223.1 2023  1 24 17  6 42.280  4.3   1
     2703  26.843447  102.931364    13.984     -686.3   -11804.7     7847.7    352.8    249.6    206.0 2023  1 24 18 28 40.720  5.3   1
     2705  26.844739  102.935669    10.035     -259.0   -11661.6     3898.6    467.2    426.3    378.8 2023  1 24 18 39  8.100  3.5   1
     2706  26.843331  102.940438    13.255      215.3   -11817.6     7118.8    461.9    294.0    332.8 2023  1 24 19  2 19.360  4.5   1
     2709  26.837063  102.926237     7.943    -1196.0   -12512.3     1806.9    521.4    423.7    639.5 2023  1 24 19 16 39.160  3.5   1
     2717  27.157810  102.735620    15.640   -20104.7    23027.5     9503.9    162.8    209.3    254.1 2023  1 24 23 32 46.820  3.7   1
     2720  26.494106  102.980452    10.882     4196.6   -50512.7     4746.0    286.2    231.7    389.7 2023  1 24 23 44 49.420  3.2   1
     2729  26.865175  102.918766    14.458    -1938.0    -9397.3     8321.6    579.5    528.3    481.1 2023  1 25  2 54 46.450  3.1   1
     2735  26.923527  102.927474     5.751    -1072.8    -2931.7     -385.8    342.1    324.2    351.7 2023  1 25  7  1 11.130  2.1   1
     2737  26.887746  102.953573     6.496     1519.8    -6896.3      359.4    612.6    574.3    841.8 2023  1 25  9 11 23.170  2.4   1
     2738  27.020449  102.855233     4.820    -8243.5     7807.5    -1316.6    115.0    139.3    163.2 2023  1 25  9 13 17.260  0.7   1
     2748  26.968634  102.916040     8.516    -2207.9     2066.2     2380.0    227.1    314.7    230.8 2023  1 25 12 51 58.640  3.5   1
     2751  26.973914  102.920117     9.142    -1802.3     2651.3     3005.9    300.6    338.3    242.6 2023  1 25 14  8 38.810  3.4   1
     2754  26.502403  102.993913    11.098     5535.7   -49593.3     4961.5    295.6    303.7    365.1 2023  1 25 14 54 48.050  3.8   1
     2756  26.946193  102.921899     6.625    -1625.7     -420.2      488.5    459.3    390.8    453.0 2023  1 25 15 29  8.450  3.3   1
     2757  27.005782  102.922770    10.557    -1539.1     6182.4     4420.4    774.9    808.7    577.9 2023  1 25 15 48 38.800  3.1   1
     2759  27.140328  102.814095     6.611   -12320.4    21090.3      474.7    395.6    355.4    851.5 2023  1 25 16 41 11.500  1.9   1
     2762  26.944543  102.820288    11.235   -11716.5     -603.1     5098.4    414.8    559.1    454.7 2023  1 25 17 38 26.140  2.5   1
     2773  27.319043  102.961385    10.877     2291.5    40892.6     4740.9    571.8    460.5    400.6 2023  1 25 20  6 44.000  3.7   1
     2780  26.501182  103.030501    16.370     9176.0   -49728.6    10233.4    977.6    671.1    546.0 2023  1 25 20 56 11.560  3.3   1
     2790  26.723041  103.008797    11.551     7010.1   -25146.0     5414.6    303.3    599.0    373.9 2023  1 25 22 18 21.720  4.1   1
     2804  26.734680  102.898088    13.719    -3994.1   -23856.5     7582.3     80.7    219.2    205.6 2023  1 25 23 33 14.880  3.5   1
     2812  26.992438  102.865381     7.638    -7237.1     4703.8     1501.1    811.0    444.4    825.6 2023  1 26  1 32 51.440  2.8   1
     2813  26.737079  102.990967    11.902     5237.5   -23590.6     5765.6    361.7    605.1    462.7 2023  1 26  2  7 33.290  3.4   1
     2823  26.979272  102.907373    19.734    -3068.3     3245.1    13597.8    139.5    258.7    453.5 2023  1 26  8 13 13.850  1.8   1
     2826  26.992354  102.822127    15.065   -11530.8     4694.6     8928.4    473.4    457.6    603.4 2023  1 26  8 57 51.390  3.5   1
     2842  26.598667  103.062199    11.097    12324.2   -38926.9     4960.1    606.2    540.4    572.2 2023  1 26 18 20 19.960  3.3   1
     2844  27.109157  102.774072    12.964   -16293.2    17636.7     6827.2    663.8    825.1    978.7 2023  1 26 18 35 29.480  3.1   1
     2851  26.946889  102.925724     9.691    -1246.2     -343.1     3554.4    712.7    768.2    512.2 2023  1 26 20 34 54.440  2.6   1
     2852  26.878579  102.936971    21.449     -129.4    -7912.0    15312.4    471.8    318.3    502.3 2023  1 26 20 41 46.000  2.9   1
     2868  26.865845  102.936808    11.757     -145.3    -9322.9     5620.3    398.6    278.7    310.4 2023  1 27  3  4  5.290  3.2   1
     2876  26.864685  102.969377    13.413     3090.1    -9451.5     7276.6    503.1    303.5    359.9 2023  1 27  6 13 52.750  3.3   1
     2877  26.686462  103.002010    13.869     6336.5   -29199.1     7732.3    396.8    235.2    394.7 2023  1 27  6 25 49.430  3.5   1
     2878  26.953882  102.979590     9.103     4102.6      431.7     2966.4    664.0    783.8    738.1 2023  1 27  7 22 12.700  2.3   1
     2889  26.988772  102.831535    13.375   -10597.3     4297.5     7239.0    837.3    472.1    628.0 2023  1 27 10 58 34.340  3.6   1
     2895  26.979218  102.902441     9.317    -3557.4     3239.0     3180.4    658.2    414.7    471.1 2023  1 27 12  9 22.740  3.3   1
     2898  26.976174  102.927157     8.925    -1103.5     2901.7     2788.4    209.0    330.3    184.2 2023  1 27 13 50 19.660  3.3   1
     2903  26.982202  102.780086    10.053   -15705.2     3569.7     3916.4    944.5    773.8    949.0 2023  1 27 15 32  4.800  2.5   1
     2904  26.992470  102.833968    13.693   -10355.6     4707.4     7556.8    660.0    399.3    556.3 2023  1 27 15 33 31.920  3.2   1
     2917  27.052028  102.754102     4.393   -18279.9    11306.7    -1743.4     81.7    163.9    102.3 2023  1 27 18 35 17.800  1.3   1
     2922  27.112172  102.851660     8.575    -8594.7    17970.7     2439.0    533.8    352.2    559.1 2023  1 27 20 21  5.380  3.1   1
     2925  26.986552  103.028613     6.898     8969.6     4051.6      762.0    671.6    934.1   1057.7 2023  1 27 21 17 31.860  2.8   1
     2929  27.028534  102.764453    14.156   -17253.9     8703.3     8020.1    503.9    627.2    547.6 2023  1 27 23 50 57.520  3.2   1
     2931  27.212396  102.995109     9.911     5637.1    29075.7     3774.8    627.2    442.2    455.8 2023  1 28  0 29  4.370  2.9   1
     2933  27.000830  102.908065     2.988    -2999.1     5633.6    -3147.9     28.0     19.1     33.0 2023  1 28  0 47 21.230  1.8   1
     2936  26.824833  102.966317    14.581     2786.6   -13867.2     8444.9    308.5    274.6    291.3 2023  1 28  2  0 52.420  3.3   1
     2938  26.804763  102.943921    19.878      561.5   -16091.0    13741.5    333.1    425.3    311.1 2023  1 28  2 39 18.540  2.6   1
     2944  27.044963  102.792554     7.210   -14463.5    10523.8     1073.3    765.4   1596.0    788.8 2023  1 28  4 30 22.120  2.3   1
     2956  26.878363  102.869556    10.485    -6825.8    -7935.9     4348.9    700.2    858.3    515.9 2023  1 28 10 40 14.790  2.7   1
     2958  26.976385  102.793693    15.205   -14354.9     2925.2     9068.2    502.5    409.5    689.1 2023  1 28 11 46 10.310  3.4   1
     2964  26.923128  102.902205     6.414    -3582.0    -2975.9      277.8    277.4    310.7    423.8 2023  1 28 12 13 23.580  3.3   1
     2970  27.018919  102.839884    15.042    -9767.0     7637.9     8905.2    791.9    560.8    484.5 2023  1 28 16 10 17.490  3.4   1
     2975  27.001099  102.860059    13.549    -7765.0     5663.5     7412.4   1350.3    741.1    802.0 2023  1 28 17 16 52.620  2.7   1
     2982  26.933750  102.896257    10.206    -4172.3    -1799.0     4069.5    354.8    318.5    332.7 2023  1 28 19 57 32.200  3.4   1
     2983  26.828131  102.975871     8.237     3735.8   -13501.7     2100.7    236.1    111.3    373.0 2023  1 28 20  3 15.040  1.2   1
     2984  27.088047  102.860612    11.785    -7707.0    15297.7     5648.2   1259.0    594.8   1006.9 2023  1 28 20 38 28.600  3.2   1
     2995  26.937315  102.917814     8.481    -2031.5    -1403.9     2344.1    927.9    631.3    871.7 2023  1 29  1  1 38.610  3.2   1
     3022  26.716569  103.023234    11.367     8445.5   -25863.2     5230.9    373.7    554.0    416.5 2023  1 29 13 41  6.720  3.2   1
     3026  27.015342  102.791870    18.121   -14533.3     7241.7    11984.2    646.3    622.1    655.5 2023  1 29 16 21 19.480  3.0   1
     3042  27.115847  102.752498     7.386   -18433.5    18377.8     1249.3    485.9    268.9    322.9 2023  1 29 20 41  5.560  1.4   1
     3045  26.877690  102.969401    15.049     3091.8    -8010.7     8912.6    789.4    632.1    571.3 2023  1 29 22 13  6.640  3.5   1
     3047  26.863430  102.945394     8.685      707.6    -9590.7     2548.9    321.6    293.8    447.8 2023  1 29 22 51 44.600  3.2   1
     3049  27.266577  102.968905     0.744     3037.6    35079.1    -5392.2    279.4    309.0    147.8 2023  1 30  0  4 58.880  2.9   1
     3060  26.891376  102.931429    10.299     -679.9    -6494.2     4162.3    725.6    489.3    634.5 2023  1 30  7 18 55.250  3.1   1
     3068  26.872070  102.936165    15.086     -209.8    -8633.3     8949.9    752.8    616.3    580.7 2023  1 30 10 44 55.510  3.2   1
     3070  27.155160  103.128931     6.353    18914.7    22733.8      216.7    591.4    663.9   1987.7 2023  1 30 11  6 47.380  3.9   1
     3073  26.837941  102.941943     9.947      364.3   -12414.8     3811.0    423.0    424.6    360.5 2023  1 30 12  1 48.770  3.0   1
     3077  26.855703  102.940641    14.807      235.1   -10446.8     8670.9    418.8    398.3    526.9 2023  1 30 12 26 51.580  3.5   1
     3095  26.949103  102.834391    14.712   -10315.7      -97.8     8575.4    391.0    280.6    373.8 2023  1 30 21 27  4.160  3.8   1
     3097  26.975657  102.884041    12.241    -5384.5     2844.6     6104.2   2174.8   2249.5   1800.2 2023  1 30 21 54 14.160  2.8   1
     3101  26.867419  102.952848     8.355     1448.0    -9148.6     2218.9   1035.5    841.5   1048.1 2023  1 30 23 34 55.420  2.2   1
     3113  27.156706  103.119548    13.559    17984.2    22905.2     7422.8    484.3    506.9    390.8 2023  1 31  7  0 35.670  3.4   1
     3136  26.624754  103.007104    12.226     6844.6   -36036.7     6089.3    112.5     76.4    188.8 2023  1 31 16 27 59.290  3.8   1
     3140  26.885878  102.924430     8.473    -1375.1    -7103.2     2336.6    482.5    314.9    329.3 2023  1 31 17  3 23.640  3.8   1
     3153  26.929584  102.909497     8.515    -2857.3    -2260.6     2378.8    343.8    230.3    305.4 2023  1 31 20 31 50.780  2.5   1
     3156  26.963615  102.919189     9.824    -1894.9     1510.0     3687.4    310.3    376.4    326.4 2023  1 31 21 28 23.660  2.7   1
     3160  26.944041  102.912231    10.810    -2585.9     -658.7     4674.1    548.0    432.2    345.9 2023  1 31 22 18 58.560  2.6   1
     3161  26.929006  102.912874     7.519    -2522.3    -2324.5     1382.9    429.9    320.1    505.2 2023  1 31 22 23 52.560  2.7   1
     3178  26.948039  102.897054     7.551    -4093.1     -215.7     1415.1    326.3    311.5    293.3 2023  2  1  8 53 40.230  3.3   1
     3183  27.127148  102.878328     3.900    -5947.7    19630.2    -2236.4   1347.0    864.4   2188.9 2023  2  1 10 35 39.330  3.0   1
     3199  27.013505  102.805216     6.089   -13208.7     7038.1      -47.1    307.1    431.8    478.7 2023  2  1 19 32 33.220  2.8   1
     3205  26.995036  102.860417     5.930    -7729.5     4991.7     -206.1    229.4    115.6    179.2 2023  2  1 21 43 10.840  1.7   1
     3206  27.114126  102.809538     5.531   -12773.8    18187.2     -604.9    620.9    522.8   1187.4 2023  2  1 21 53 51.380  2.9   1
     3218  27.006504  102.937394     7.603      -87.2     6262.4     1466.2    549.8    523.0    453.9 2023  2  2  3 50 12.390  3.2   1
     3219  26.977743  102.953394     5.979     1501.3     3075.4     -157.8    551.6    515.0    620.1 2023  2  2  4 41  3.020  2.7   1
     3225  26.964219  102.921940     9.915    -1621.8     1577.0     3778.5   1201.9    882.7    742.9 2023  2  2  8  2 15.020  2.7   1
     3243  26.840865  102.940934     8.813      264.6   -12090.9     2676.5    667.3    583.7    858.6 2023  2  2 14 48 48.610  2.8   1
     3256  27.105245  102.763232     6.750   -17369.8    17203.1      614.1    392.5    276.4    313.3 2023  2  2 18 28 39.720  2.2   1
     3260  27.235752  102.997388    11.607     5863.0    31663.8     5470.3    616.6    465.2    419.7 2023  2  2 19 11 13.120  2.6   1
     3264  26.955617  102.901424    10.625    -3658.7      624.1     4488.1   1336.2   1462.9    696.8 2023  2  2 20 27  4.280  2.9   1
     3269  26.832499  102.944409     6.501      609.5   -13017.8      364.4    462.1    349.6    597.9 2023  2  2 21 52 48.160  2.3   1
     3270  26.654179  103.010400    11.204     7171.1   -32776.2     5067.7    305.1    210.4    506.5 2023  2  2 22  9 23.980  2.8   1
     3291  27.106303  102.843726     8.846    -9382.2    17320.3     2709.6    525.8    441.2    558.9 2023  2  3  9 59 32.770  3.5   1
     3294  27.141720  102.850293     7.366    -8728.8    21244.7     1230.0    530.8    359.4    901.4 2023  2  3 12 41 11.350  3.3   1
     3336  27.162781  103.132707    11.505    19289.3    23578.2     5369.0    321.6    334.0    445.8 2023  2  4 10 29 17.550  4.6   1
     3365  26.952799  102.943848     8.565      553.1      311.7     2429.0    447.6    404.6    340.1 2023  2  4 19 34  7.760  2.5   1
     3366  26.984359  102.896191    20.021    -4178.2     3808.6    13885.1    473.3    139.4    258.1 2023  2  4 20  3 14.540  1.6   1
     3367  26.850932  102.944718    13.889      640.1   -10975.5     7753.0    362.7    268.7    310.2 2023  2  4 20  7 36.480  2.5   1
     3368  26.733978  103.088558    11.052    14937.1   -23934.1     4915.8    201.1    196.3    415.5 2023  2  4 20 33 16.400 -0.2   1
     3373  26.985689  102.917147     5.523    -2097.9     3956.0     -613.6    572.1    412.6    457.1 2023  2  4 21 12 48.680  2.8   1
     3378  27.082363  102.893335     9.943    -4460.1    14667.8     3806.2   1535.1    874.2   1102.1 2023  2  4 22 14 28.720  2.8   1
     3392  26.493323  102.993050     9.481     5450.0   -50599.4     3344.7    291.8    392.0    376.3 2023  2  5 11 56 54.050  3.3   1
     3394  27.032581  102.907829     5.425    -3022.3     9151.7     -711.2    724.1    618.9    811.6 2023  2  5 12 37 36.850  3.1   1
     3395  26.978054  102.759546    12.076   -17745.1     3110.0     5939.6    672.7    423.5    612.6 2023  2  5 12 41 57.150  3.3   1
     3405  26.999052  102.881576    15.015    -5628.9     5436.6     8878.4    722.5    625.0    579.5 2023  2  5 20 21 55.300  2.4   1
     3419  26.970937  102.921061     9.501    -1708.8     2321.4     3364.8    327.1    355.9    242.3 2023  2  6  1 12 27.600  4.9   1
     3421  26.990403  102.941073     5.307      278.3     4478.3     -829.1    461.6    371.2    516.0 2023  2  6  1 43 57.790  3.2   1
     3423  27.018331  102.936938     3.201     -132.8     7572.9    -2935.6    579.1    501.2    546.7 2023  2  6  2 11 43.840  2.9   1
     3425  26.500067  103.003312    15.819     6471.3   -49852.2     9682.6    914.7    655.0    562.1 2023  2  6  4 54  6.790  3.2   1
     3432  26.373031  103.045850    17.355    10709.4   -63928.2    11218.1    130.5    238.3    265.1 2023  2  6  7 42 54.830  4.0   1
     3434  26.968752  102.913810    10.264    -2428.9     2079.4     4127.2    457.3    486.9    236.8 2023  2  6  8 30 31.150  4.5   1
     3435  26.981468  102.965951    11.185     2748.0     3488.2     5048.3    907.4    980.5    847.1 2023  2  6  9 40 26.610  2.8   1
     3442  27.007190  102.930347    12.169     -786.8     6338.5     6032.4   1197.2    778.6   1091.0 2023  2  6 14  5 30.640  2.4   1
     3443  27.110077  103.203743    25.241    26342.7    17738.5    19104.5    516.0    285.1    529.2 2023  2  6 14 31 52.910  4.2   1
     3444  26.803520  102.940576     8.074      229.1   -16228.7     1937.8   1176.6   1242.8   1996.1 2023  2  6 14 37 34.240  2.8   1
     3446  26.828471  102.934041    11.652     -420.6   -13464.3     5515.3    139.3     44.5    155.9 2023  2  6 14 57  0.150  2.9   1
     3460  26.981777  102.941813    10.859      351.5     3522.4     4722.3   1045.3   1005.5    829.3 2023  2  6 18 26 56.100  3.3   1
     3470  27.127547  102.879655     6.281    -5816.3    19674.2      144.3    479.2    374.7    737.6 2023  2  6 22 10  4.780  2.6   1
     3494  26.939703  102.864502     9.605    -7325.5    -1139.4     3468.3   1532.0    997.1   1025.5 2023  2  7 10 51 42.860  2.7   1
     3497  26.578564  103.057129    11.543    11821.1   -41154.4     5406.2    481.6    301.4    474.9 2023  2  7 12 22 33.570  3.9   1
     3498  26.581252  103.050293     9.938    11141.6   -40856.6     3801.9    509.0    356.2    503.2 2023  2  7 12 27 52.750  3.8   1
     3499  26.570091  103.055233    11.599    11633.0   -42093.3     5462.1    308.7    289.8    473.6 2023  2  7 12 51 49.860  3.6   1
     3500  26.582446  102.968026     4.785     2959.2   -40724.4    -1351.8    538.3    624.5   1166.2 2023  2  7 13  0  6.440  3.7   1
     3505  27.023735  102.798975    16.904   -13827.8     8171.5    10767.5    614.3    514.1    488.4 2023  2  7 14  0  9.910  3.1   1
     3506  26.974416  102.933700     5.628     -454.0     2706.9     -507.9    380.8    348.4    435.4 2023  2  7 14 24 46.020  2.7   1
     3514  27.024849  102.863835    12.727    -7389.3     8295.1     6591.0   1794.0   1567.4   1321.9 2023  2  7 17 12 44.440  3.0   1
     3517  26.740505  102.744507     3.141   -19258.9   -23211.0    -2995.4    279.3    216.6    351.9 2023  2  7 18  6 57.520  1.4   1
     3521  26.574058  103.053825    11.984    11492.8   -41653.8     5848.1    288.3    276.9    464.6 2023  2  7 18 46 48.700  4.0   1
     3524  26.964020  102.853605    13.650    -8406.7     1555.1     7513.4    960.6    614.5    662.4 2023  2  7 19 54 31.700  2.9   1
     3533  27.105184  102.851603    13.986    -8600.2    17196.4     7849.7    317.9    214.4    204.2 2023  2  7 22 51 25.800  4.0   1
     3536  26.902252  103.136418     5.712    19679.7    -5289.0     -424.5   1043.0    926.5   1823.7 2023  2  7 23  7  0.840  2.8   1
     3539  27.149337  102.833105     4.585   -10433.6    22088.7    -1551.0    572.1    437.3   1237.7 2023  2  7 23 17  1.760  3.1   1
     3561  27.124406  102.851709    12.523    -8588.8    19326.2     6386.7    485.6    277.8    399.0 2023  2  8 15 37 19.870  3.9   1
     3572  27.098397  102.859513     6.362    -7815.5    16444.2      225.7    683.0    710.7    949.7 2023  2  8 20 57 35.540  3.1   1
     3581  27.226408  103.001058     4.218     6226.6    30628.2    -1918.7    367.3    250.7    122.8 2023  2  9  4  5 17.070  1.8   1
     3584  26.832294  102.948470    17.155     1012.9   -13040.6    11018.3    697.5    637.8    421.5 2023  2  9  5 18 18.600  3.7   1
     3597  26.949762  102.936385    10.660     -187.7      -24.8     4523.8    484.0    522.8    404.6 2023  2  9 13 58 42.220  2.9   1
     3603  26.927824  102.919271     8.819    -1886.9    -2455.7     2682.3    526.9    517.9    448.8 2023  2  9 17 12 51.860  1.9   1
     3623  26.936920  102.792472    11.486   -14478.6    -1447.8     5349.4    348.6    188.3    251.1 2023  2  9 22 39 57.040  3.0   1
     3641  26.823177  102.959505    13.461     2109.7   -14050.7     7325.1    334.1    359.6    424.7 2023  2 10  3 51 17.800  3.1   1
     3643  26.869562  102.940804     5.744      251.3    -8911.2     -392.7    498.0    502.0   1251.2 2023  2 10  4 12 31.530  3.3   1
     3657  27.192057  102.837402    12.832   -10005.8    26822.1     6696.0   1081.9    662.0    652.8 2023  2 10 10 23 28.880  3.0   1
     3658  27.031738  102.765438    12.152   -17156.5     9058.5     6015.9    467.5    616.4    544.0 2023  2 10 11 42 25.830  3.6   1
     3661  26.962396  102.923307     7.528    -1485.8     1375.1     1391.5    205.8    315.2    196.0 2023  2 10 13 44 34.240  3.2   1
     3668  26.920730  102.859798     8.964    -7793.6    -3241.6     2827.6     67.0     70.2    112.4 2023  2 10 15 49  8.740  1.8   1
     3673  27.013928  102.886963     1.515    -5093.3     7085.0    -4621.2   1129.4    829.5   1302.5 2023  2 10 16 46 56.170  2.0   1
     3676  26.846653  102.940918     7.270      263.1   -11449.4     1133.7    393.1    457.9    754.4 2023  2 10 18  5 36.080  2.7   1
     3677  26.975380  102.759253    13.544   -17774.3     2813.9     7407.6    419.0    508.9    343.8 2023  2 10 18 13 48.420  2.2   1
     3679  26.818339  102.964681    11.851     2623.5   -14586.8     5714.8    247.8    404.4    359.4 2023  2 10 18 51 51.000  2.9   1
     3681  26.816221  102.966943    16.075     2848.7   -14821.5     9938.9    461.4    341.8    359.9 2023  2 10 18 59 17.160  3.7   1
     3682  26.850230  103.011279    15.181     7253.0   -11053.2     9045.1    799.3    869.0    890.5 2023  2 10 20  1 54.320  2.5   1
     3689  26.813688  102.979631    14.425     4108.9   -15102.0     8288.8    388.0    420.7    397.5 2023  2 10 21 25 36.460  3.2   1
     3690  27.005931  102.886890     9.799    -5101.2     6198.9     3662.2    697.0    486.8    499.8 2023  2 10 21 35 25.200  3.2   1
     3691  26.734326  102.991390     9.086     5279.6   -23895.7     2950.1    353.7    555.9    280.6 2023  2 10 22  2 20.140  3.3   1
     3694  26.840501  102.960596    16.056     2217.7   -12131.2     9919.2    588.5    592.5    516.8 2023  2 10 22 52 55.800  3.0   1
     3696  26.818551  102.956527    12.141     1814.0   -14563.4     6004.9    261.1    321.6    328.6 2023  2 10 23 21 27.120  3.0   1
     3697  26.998248  102.805306     5.025   -13200.5     5347.6    -1111.0    346.2    412.2    584.9 2023  2 10 23 27 25.760  2.8   1
     3703  26.924278  102.890072     9.231    -4786.5    -2848.5     3094.9    346.4    329.1    390.1 2023  2 11  0 34 33.290  3.9   1
     3719  27.137179  102.731844    17.576   -20481.0    20741.5    11439.5    167.1    217.6    215.7 2023  2 11  8  1 17.770  2.8   1
     3721  27.126803  102.854085    11.303    -8353.6    19591.8     5166.6    423.6    281.6    549.0 2023  2 11  8 41  3.690  2.8   1
     3728  27.123454  103.154508    24.633    21455.4    19220.6    18496.4    508.1    694.5    523.2 2023  2 11 10 43  2.860  2.8   1
     3744  26.869157  102.938322     6.140        4.7    -8956.1        3.7    472.0    477.3    911.2 2023  2 11 15  5 42.430  2.9   1
     3748  26.795540  102.965324     8.925     2687.8   -17113.0     2788.2    464.3    619.3    570.6 2023  2 11 16 32 54.340  2.5   1
     3784  27.001001  102.932739     4.266     -549.7     5652.6    -1870.4    514.9    428.0    429.5 2023  2 12  3  7  9.350  3.9   1
     3786  27.172496  102.836255     6.624   -10120.6    24654.8      488.0   1168.0   1318.5   2801.4 2023  2 12  3 32 54.620  4.6   1
     3787  27.001308  102.800513     4.522   -13676.4     5686.7    -1614.7    242.2    395.3    617.4 2023  2 12  3 34  5.200  4.2   1
     3788  26.845770  102.953247    13.071     1487.6   -11547.3     6934.2    304.4    254.1    225.6 2023  2 12  3 36 55.170  3.0   1
     3802  27.097158  102.838436    13.047    -9907.5    16307.1     6910.6    839.8    446.2    942.8 2023  2 12  7  2 15.470  3.4   1
     3824  26.671161  102.908423    14.840    -2968.0   -30894.6     8703.2     55.7     69.7     50.7 2023  2 12 14  3 46.340  2.6   1
     3829  26.912323  103.000480    19.326     6178.2    -4173.1    13189.4    160.5    173.3    157.9 2023  2 12 15 20  6.950  3.0   1
     3830  26.875090  102.930868    15.458     -735.5    -8298.7     9321.4    428.2    323.5    336.1 2023  2 12 15 24 31.290  3.6   1
     3834  26.963277  102.856624    15.177    -8107.2     1472.8     9040.3   1079.9    994.3    996.8 2023  2 12 16 51 25.630  2.9   1
     3835  26.834898  102.943148     2.497      484.0   -12752.1    -3639.7   1055.3    969.8   1684.6 2023  2 12 17  1 26.600  2.8   1
     3868  26.873464  102.930819    12.394     -740.2    -8478.8     6257.5    547.2    494.5    321.8 2023  2 13  3 57 56.990  3.5   1
     3877  26.833093  102.988981    15.391     5037.5   -12951.9     9254.7    942.7   1003.7    783.9 2023  2 13  6 58  8.040  3.1   1
     3886  26.494657  102.979484     9.232     4100.7   -50451.7     3095.9    171.9    276.1    367.0 2023  2 13 11 20 53.140  3.7   1
     3890  26.471631  102.977002    10.064     3854.1   -53003.0     3927.8    552.8    308.0    198.1 2023  2 13 12 44 44.880  3.3   1
     3913  27.108130  102.876115     8.810    -6167.8    17522.8     2673.1   1139.8    724.7    696.5 2023  2 13 22 17 53.520  3.0   1
     3936  27.089543  102.901937    17.702    -3605.8    15463.2    11565.6    764.5    434.3    467.1 2023  2 14 14 12 31.560  2.6   1
     3940  26.494043  102.954647     9.060     1629.0   -50519.7     2923.3    476.5    445.5    830.4 2023  2 14 17 59 20.880  3.5   1
     3943  26.880192  102.969198    14.287     3071.4    -7733.4     8150.9    690.9    388.4    550.4 2023  2 14 21 11 56.760  3.0   1
     3948  27.110531  102.819401    14.020   -11795.5    17788.8     7883.9    625.0    398.5    406.4 2023  2 14 23  2 21.120  3.0   1
     3959  27.089799  102.827604    18.014   -10982.2    15491.8    11877.6    835.3    610.7    766.4 2023  2 15  6 37 39.050  3.9   1
     3960  27.332056  102.964909    12.833     2640.8    42334.4     6696.6    617.7    458.6    397.3 2023  2 15  7 13 41.660  2.0   1
     3964  27.099632  102.839339    11.663    -9817.4    16581.2     5526.8    443.5    277.5    322.2 2023  2 15 10 22 17.840  3.4   1
     3970  27.113487  102.813713     9.617   -12359.9    18116.4     3480.6    352.6    276.6    316.1 2023  2 15 11 38  6.520  3.0   1
     3973  26.962061  102.910661     7.804    -2742.1     1338.0     1667.4    441.0    431.8    372.4 2023  2 15 14 54  0.720  2.3   1
     3976  27.107607  102.838452     7.966    -9904.9    17464.9     1829.6    338.5    369.3    461.3 2023  2 15 15 17 29.780  2.8   1
     3977  26.856563  102.965031    12.265     2657.8   -10351.4     6128.6    680.8    583.8    537.1 2023  2 15 16  9 19.260  4.2   1
     3978  27.107853  102.844849     8.617    -9270.7    17492.2     2480.7    679.1    542.7    670.3 2023  2 15 16 28  5.090  2.4   1
     3981  26.511322  102.993335     7.498     5477.8   -48605.2     1361.4    196.3    406.8    383.3 2023  2 15 19 12 44.440  3.8   1
     3982  26.982127  102.795736     8.706   -14152.0     3561.3     2569.3    621.7    564.2    660.1 2023  2 15 19 18 16.120  4.0   1
     3983  26.839396  102.964909    16.547     2646.2   -12253.6    10410.3    572.3    505.1    412.3 2023  2 15 20 50 46.760  2.9   1
     4004  27.194568  102.832137    11.827   -10527.6    27100.4     5691.0    808.3    994.5    845.0 2023  2 16 15 18 47.110  2.6   1
     4005  27.136570  102.862077     6.652    -7559.6    20674.0      515.1    385.4    340.6    475.6 2023  2 16 15 51 51.340  2.9   1
     4007  27.044065  102.802311    13.539   -13495.5    10424.4     7402.3    689.7    745.3    674.0 2023  2 16 16 24  7.900  3.0   1
     4027  27.373610  102.905257    13.896    -3272.4    46938.8     7759.5    671.9    476.1    480.8 2023  2 17  2  5 10.840  3.4   1
     4041  26.952228  102.922062     7.373    -1609.5      248.4     1236.2    402.7    318.1    356.1 2023  2 17 13 22  2.790  2.8   1
     4046  26.884383  102.915755     9.148    -2236.5    -7269.0     3011.7    677.0    533.5    505.4 2023  2 17 17 38 55.160  2.8   1
     4047  26.846472  102.895711    11.802    -4228.4   -11469.6     5665.2    793.4    586.4    590.2 2023  2 17 17 44 19.540  2.7   1
     4048  26.857210  102.917839    19.032    -2029.9   -10279.8    12895.2    776.6    971.8    412.3 2023  2 17 17 50 30.180  2.9   1
     4058  26.828923  102.964884    13.570     2643.9   -13414.1     7433.5    256.1    205.0    277.3 2023  2 17 23  0 31.120  3.8   1
     4083  27.142523  102.865112    11.036    -7258.8    21333.8     4900.0    309.0    255.2    221.5 2023  2 18 11  9 37.300  4.4   1
     4084  26.850454  103.005729    12.786     6701.1   -11028.4     6649.6    698.5    947.9   1037.9 2023  2 18 11 25  4.350  3.4   1
     4086  27.107526  102.842798    10.385    -9474.1    17455.8     4248.5   1430.9    789.9    934.1 2023  2 18 12  7 46.150  3.2   1
     4089  27.004181  102.864795     7.175    -7294.4     6005.0     1038.2    209.8    283.4    167.7 2023  2 18 16  4  9.000  2.2   1
     4094  27.215326  102.784554    10.076   -15246.6    29400.5     3939.5    631.5    471.6    901.7 2023  2 18 17 38 21.640  3.3   1
     4109  27.011794  102.838273     1.416    -9927.4     6848.6    -4720.1   1419.0   1381.3   2290.4 2023  2 19  2 13 23.520  3.2   1
     4126  27.176752  102.854028    13.250    -8357.3    25126.3     7113.5   2304.3   2161.4   1262.2 2023  2 19 16 51 35.070  3.0   1
     4131  27.065721  103.117969    13.306    17834.4    12823.7     7169.2    602.9    556.0    657.9 2023  2 19 20 12 42.980  3.6   1
     4134  27.198541  103.129020     9.557    18919.9    27540.6     3420.1    415.7    617.2    626.8 2023  2 19 21 32 17.360  3.1   1
     4135  26.937581  102.897607     6.044    -4038.6    -1374.3      -92.8    662.2    480.6    641.6 2023  2 19 21 46 38.960  1.5   1
     4138  26.893577  102.922575     3.744    -1559.0    -6250.2    -2392.2   1060.4    934.1   2320.3 2023  2 19 23 16 43.660  3.3   1
     4144  27.063446  102.995915     7.735     5720.8    12571.8     1598.6    783.2    752.4   1290.7 2023  2 20  1 49 31.540  3.9   1
     4167  26.962168  102.999731    11.864     6102.1     1349.9     5727.2   1340.6   1622.8   1059.8 2023  2 20 15 17 25.900  3.1   1
     4187  27.190912  103.043791    11.777    10466.4    26695.3     5640.8   1960.5   1654.2   1232.8 2023  2 21  7 57 59.560  3.2   1
     4189  26.665129  103.024129    16.546     8535.9   -31562.9    10409.9    912.4    811.2    702.2 2023  2 21  8 52  8.020  4.0   1
     4191  27.126776  102.835579    12.936   -10189.5    19588.8     6799.8    453.4    269.9    239.5 2023  2 21 10 20 53.620  4.4   1
     4202  27.041121  103.153882    11.288    21401.0    10098.0     5151.8    803.2    635.2   1327.1 2023  2 21 14 40 45.690  3.3   1
     4208  27.104034  102.852580    14.665    -8503.2    17069.0     8528.5    405.7    249.2    283.6 2023  2 21 17 57 10.720  4.4   1
     4212  26.694277  103.040063    15.456    10119.3   -28333.2     9319.4    834.7    760.0    786.1 2023  2 21 19 38 22.040  2.8   1
     4224  26.914390  102.910197     6.558    -2788.0    -3944.1      421.4    298.3    266.7    319.2 2023  2 21 23 18 40.080  4.2   1
     4226  27.121893  102.850586     6.535    -8700.6    19047.8      398.9    320.8    266.2    473.2 2023  2 21 23 53 52.720  4.6   1
     4230  26.920276  102.820117    10.732   -11734.1    -3291.9     4595.2   1873.4    779.4    917.2 2023  2 22  4 37  4.290  3.5   1
     4237  26.664596  102.999528    13.677     6090.1   -31622.0     7540.2    280.6    292.0    572.1 2023  2 22  7 42  7.120  3.2   1
     4255  27.120024  102.869010    14.135    -6872.5    18840.7     7998.2    356.6    246.3    324.8 2023  2 22 15 42 47.490  5.8   1
     4257  27.117773  102.843766     8.245    -9377.3    18591.2     2108.7    372.4    288.1    333.4 2023  2 22 16 22 50.940  3.6   1
     4263  27.081964  102.853442    15.381    -8418.8    14623.5     9244.7    552.1    511.6    495.2 2023  2 22 18 40 57.800  2.5   1
     4265  27.199361  102.814551    11.496   -12271.7    27631.5     5359.9    509.2    704.3    565.3 2023  2 22 19 25 30.120  3.7   1
     4267  26.888625  102.918506    14.697    -1963.0    -6798.9     8560.9    871.4    615.6    538.3 2023  2 22 19 45 21.380  3.1   1
     4268  26.883598  102.920109    12.454    -1804.2    -7356.0     6317.6    857.3    516.0    378.8 2023  2 22 19 47 48.020  2.6   1
     4273  27.209147  102.819735    11.462   -11756.9    28715.7     5325.3    643.3    532.1    675.6 2023  2 22 23 31 42.920  3.7   1
     4289  26.821338  102.889111    10.363    -4884.2   -14254.4     4227.0    683.4    281.0    531.3 2023  2 23 11 33 42.170  3.2   1
     4302  26.986336  102.782096     8.015   -15505.4     4027.7     1878.4    517.1    341.4    894.4 2023  2 23 18 57 43.640  2.1   1
     4310  26.785203  102.950439     8.345     1209.1   -18258.5     2208.7    791.8    649.2    920.9 2023  2 24  1 32 18.140  3.5   1
     4311  27.216233  102.769580     4.781   -16731.5    29501.0    -1355.2    867.5    747.4   2111.3 2023  2 24  1 42  1.350  3.7   1
     4315  26.962821  102.892830     7.627    -4512.4     1422.3     1490.6    436.5    384.8    383.8 2023  2 24  5 13 31.620  3.6   1
     4331  27.054838  103.107544    14.196    16800.7    11617.8     8059.4    552.5    865.2   1398.6 2023  2 24 19 32 57.420  3.3   1
     4336  26.900547  102.954614     9.406     1623.1    -5477.9     3269.1    427.7    432.1    313.6 2023  2 24 22 37 37.160  2.0   1
     4339  26.985392  102.834188    16.941   -10333.6     3923.0    10804.9    790.2    597.3    608.3 2023  2 25  1 57 37.880  4.1   1
     4345  26.735057  103.021818     1.940     8303.6   -23814.8    -4196.1    636.0    665.7    743.6 2023  2 25  4 18  4.660  2.6   1
     4349  27.206272  102.799251    10.182   -13789.0    28397.3     4045.8    437.6    553.0    520.0 2023  2 25  5 47 20.360  3.6   1
     4352  27.175828  102.811108     2.064   -12614.9    25023.9    -4072.7   1117.4   1447.9   1116.8 2023  2 25  8  7 55.330  2.9   1
     4354  27.174377  102.804590     7.529   -13261.5    24863.3     1393.0   1593.1   2184.7   2890.9 2023  2 25  8 59 17.600  2.5   1
     4359  26.919446  102.921525     6.985    -1663.1    -3383.9      848.2    497.0    265.5    383.9 2023  2 25 10  3 21.110  2.7   1
     4360  27.009816  102.861051    17.084    -7666.0     6629.3    10947.5   1051.5    592.3    599.0 2023  2 25 10 16  9.730  3.5   1
     4367  27.241992  102.769686    11.713   -16719.4    32355.0     5576.6    917.7   1676.9   1121.8 2023  2 25 12  5 31.040  3.5   1
     4368  27.201341  102.853141    11.311    -8443.9    27850.7     5174.7    759.3    987.0    605.5 2023  2 25 12 17 17.830  2.5   1
     4374  27.219938  102.763135     3.807   -17370.6    29911.4    -2329.0    414.0    878.0   1399.2 2023  2 25 13  4  1.670  3.5   1
     4378  26.978652  102.842464    10.152    -9512.9     3176.4     4016.0    246.6    303.6    203.3 2023  2 25 14 21 14.710  2.5   1
     4383  27.127637  102.890023     7.435    -4787.6    19684.1     1298.2    641.9    454.8    791.9 2023  2 25 16 42 41.760  3.2   1
     4386  26.852985  102.954557     9.640     1617.8   -10748.0     3503.9    418.4    332.9    412.0 2023  2 25 17 28  3.480  3.4   1
     4396  27.221596  102.790031     7.569   -14703.1    30095.2     1432.8    710.5   1128.2   1315.1 2023  2 25 20  8 33.840  2.4   1
     4401  27.207387  102.831714    11.806   -10569.1    28520.8     5669.2    614.0    728.1    558.7 2023  2 25 21 21 32.000  2.2   1
     4415  27.184371  102.910815    11.909    -2723.4    25970.6     5772.2   1190.9    698.7    729.4 2023  2 26  2 40 13.080  5.0   1
     4419  27.212482  102.790861    11.168   -14620.6    29085.3     5031.6    462.3    588.9    513.0 2023  2 26  2 50 36.150  4.6   1
     4420  27.206799  102.799382     9.218   -13776.3    28455.7     3081.6    981.9    426.4   1145.6 2023  2 26  2 54 33.970  3.8   1
     4435  27.157853  102.883634    12.967    -5420.4    23032.2     6830.3    861.9    495.0    692.3 2023  2 26 10 19 17.390  2.7   1
     4445  26.849025  102.970671     8.166     3218.6   -11186.7     2029.2    307.8    161.8    354.2 2023  2 26 16 17  1.720  2.8   1
     4454  26.767096  102.999040    12.739     6038.6   -20264.8     6602.3   1029.3   1004.0    860.3 2023  2 26 20 30 55.940  3.3   1
     4464  26.922841  102.922795     7.923    -1537.6    -3007.7     1786.6    335.3    280.1    372.2 2023  2 27  1 33 45.570  4.1   1
     4466  27.038188  103.143083     7.323    20329.7     9773.1     1186.7    796.1   1210.6   2076.9 2023  2 27  3 17 32.080  3.9   1
     4470  27.072642  102.751912    11.545   -18495.2    13590.6     5408.6    951.9   1046.9   1222.8 2023  2 27  5 49 27.430  4.4   1
     4471  26.867358  102.946484    13.727      815.5    -9155.3     7591.0    568.1    400.0    633.3 2023  2 27  5 56 53.330  3.4   1
     4474  27.195003  103.106388    11.594    16675.9    27148.6     5457.2    820.2    997.1    964.4 2023  2 27  8  5 57.340  3.1   1
     4478  27.132043  102.848796     9.888    -8878.0    20172.5     3751.2    457.7    299.5    622.2 2023  2 27 11 59 33.760  4.3   1
     4487  27.092877  102.827441     7.244   -10998.6    15832.7     1107.5   3159.3   1533.8   3413.0 2023  2 27 18 32  4.260  2.6   1
     4491  26.826597  102.968766     9.830     3029.6   -13671.8     3694.0    425.3    347.9    350.5 2023  2 27 20 25 38.820  3.6   1
     4510  26.785091  102.969588    12.223     3111.9   -18270.8     6086.7    893.0    739.8    812.5 2023  2 28 10 34 50.940  3.1   1
     4517  26.877136  102.923682    15.374    -1449.2    -8072.0     9238.0    474.1    370.1    395.5 2023  2 28 15 11  5.610  3.4   1
     4526  26.754533  103.010457    10.334     7173.8   -21656.7     4197.3    523.2    713.6    737.7 2023  2 28 18 42 34.080  2.2   1
     4529  26.863989  102.897184    11.247    -4081.9    -9528.6     5110.4    711.2    439.0    598.8 2023  2 28 21 24  5.320  3.2   1
     4530  26.625751  103.015356    12.150     7664.8   -35926.0     6013.5    118.0     85.7    184.9 2023  2 28 21 42 45.880  3.9   1
     4540  26.938049  102.765837     7.038   -17123.9    -1322.7      901.6    684.5   1173.5   1170.5 2023  3  1  5 57 41.830  3.5   1
     4546  26.844173  103.021549    10.210     8272.8   -11724.2     4073.7    436.6    402.1    513.5 2023  3  1 11 12 25.550  4.0   1
     4549  26.842065  102.973608     7.043     3510.7   -11957.9      906.1    664.8    575.2    782.9 2023  3  1 11 36  8.330  4.1   1
     4550  26.902173  102.920646    17.187    -1750.4    -5297.8    11050.9    313.1    422.9    527.3 2023  3  1 11 42 30.150  3.5   1
     4551  26.863371  102.944588    11.687      627.5    -9597.1     5550.3    391.1    229.4    264.3 2023  3  1 11 57 26.400  3.6   1
     4560  26.841805  102.971647     7.337     3315.7   -11986.7     1200.2    301.9    219.6    399.9 2023  3  1 16 21 48.300  2.7   1
     4563  27.208844  102.779997     3.105   -15698.5    28682.3    -3031.0    416.9    650.3   1708.4 2023  3  1 18 54 27.200  3.0   1
     4565  26.850852  102.956413    12.837     1801.7   -10984.3     6700.4    269.7    212.7    269.7 2023  3  1 21 29 18.360  3.0   1
     4568  26.957255  102.809928    10.896   -12744.0      805.4     4759.3    302.2    317.8    343.1 2023  3  2  0 30 50.080  2.5   1
     4576  27.134222  102.880477    11.364    -5734.8    20413.9     5227.2    356.5    232.6    352.0 2023  3  2  9 48 34.580  4.2   1
     4578  27.121944  102.906372     5.548    -3165.1    19053.4     -588.3    827.8    500.6   1042.0 2023  3  2 11 31 42.640  3.7   1
     4589  27.127317  102.893888    14.756    -4403.6    19648.8     8619.6   1143.5    735.3    744.3 2023  3  2 16 21 30.880  3.1   1
     4591  27.007188  102.793034     4.601   -14418.6     6338.1    -1535.2    237.5    353.0    577.4 2023  3  2 16 50 48.560  4.2   1
     4595  26.835293  103.008683     4.874     6995.3   -12708.4    -1262.7    522.1    507.7   1559.7 2023  3  2 22 11 55.000  3.5   1
     4596  26.860128  102.959074    13.793     2065.9    -9956.5     7657.1    407.0    265.2    245.9 2023  3  2 22 25 24.180  5.2   1
     4597  26.855483  103.026082     7.087     8723.0   -10471.3      951.2    413.1    372.3    569.4 2023  3  2 22 32 59.520  2.6   1
     4599  26.851036  102.976099     7.974     3757.4   -10963.9     1838.5    317.7    206.9    332.2 2023  3  2 22 48 55.160  3.7   1
     4601  26.840084  102.925618    14.170    -1257.2   -12177.4     8033.3    387.4    291.1    286.4 2023  3  3  1 24  8.360  3.3   1
     4611  26.792999  102.993132    12.499     5451.3   -17394.6     6362.9    505.2    487.0    489.1 2023  3  3 13 47 48.060  3.9   1
     4612  26.820740  102.885937     7.637    -5200.2   -14320.9     1500.5   1054.1    862.4   1199.7 2023  3  3 13 55 34.260  2.8   1
     4615  26.828758  102.962126    11.531     2369.9   -13432.3     5394.5    292.6    203.9    357.7 2023  3  3 18 35 13.960  2.7   1
     4616  26.942647  102.813395     8.883   -12400.5     -813.2     2746.7    381.0    510.5    562.5 2023  3  3 20 48  9.960  3.9   1
     4620  26.947496  103.001994     5.818     6327.3     -276.0     -318.0    526.4    640.8    640.6 2023  3  4  4  7 31.650  3.8   1
     4625  27.059607  102.968547     6.884     3004.7    12146.4      747.8    798.8    721.9   1162.0 2023  3  4 10 54  7.440  2.3   1
     4627  26.905066  102.980176     5.917     4162.0    -4977.3     -219.8    960.4   1459.9    989.3 2023  3  4 12 54 28.140  3.2   1
     4629  26.854647  102.941374     8.959      307.7   -10563.9     2822.9    633.4    444.0    520.0 2023  3  4 14 18 51.790  2.9   1
     4631  27.193449  102.823307     9.026   -11403.7    26976.4     2889.4    688.9    998.9    822.7 2023  3  4 16  3 21.110  3.2   1
     4641  27.179108  102.847982     7.720    -8957.1    25387.2     1583.9    821.4   1094.5    990.0 2023  3  4 20 26 14.320  3.4   1
     4644  27.141921  102.805160    14.501   -13206.8    21266.9     8364.2    579.4    486.8    590.5 2023  3  4 21  6 18.080  3.0   1
     4645  27.212514  102.784521     7.456   -15249.5    29088.8     1319.2    880.2    515.5   1510.3 2023  3  4 22 23 24.320  2.7   1
     4646  27.113139  102.854777     8.090    -8285.1    18077.9     1953.1    467.9    337.3    397.9 2023  3  4 22 34 25.720  3.0   1
     4647  27.215428  102.810962    12.207   -12626.9    29411.7     6070.8    480.3    402.1    578.2 2023  3  4 22 58 19.380  3.1   1
     4648  27.130973  102.789551    10.071   -14756.4    20053.8     3934.6    558.7    466.5    856.1 2023  3  5  0  8  8.700  3.6   1
     4650  26.975087  102.815975     3.902   -12142.5     2781.3    -2234.9    466.4    390.6    595.5 2023  3  5  7  8 51.980  3.3   1
     4651  26.858693  102.941732     8.509      343.4   -10115.4     2372.5    460.9    490.3    512.4 2023  3  5  8 40 14.220  2.9   1
     4654  26.980046  102.864339     4.580    -7340.5     3330.8    -1556.7     57.8     25.8     25.2 2023  3  5 12 14 44.770  2.7   1
     4655  27.042735  103.144832    14.252    20502.7    10276.8     8115.7    721.9    652.7    877.7 2023  3  5 13 24  1.700  3.3   1
     4656  27.051534  103.122290    10.585    18264.7    11251.7     4448.8    679.1    837.9    897.4 2023  3  5 14  7  6.940  4.1   1
     4659  26.856814  102.954061    11.405     1568.1   -10323.8     5268.3    343.1    207.5    303.5 2023  3  5 15 55  1.790  3.5   1
     4660  26.932222  102.867985    11.582    -6979.8    -1968.2     5445.9    195.5    284.6    306.0 2023  3  5 16 14 42.980  2.5   1
     4661  27.135364  102.789567    16.699   -14754.5    20540.3    10562.5    573.2    567.9    621.7 2023  3  5 16 38 53.730  3.4   1
     4666  27.341661  102.912419    12.581    -2562.9    43398.6     6444.6    634.3    504.7    460.3 2023  3  5 23  8 42.920  2.9   1
     4667  27.106396  102.912118    12.774    -2595.3    17330.6     6637.9    921.0    586.2    509.9 2023  3  5 23 13 41.600  4.2   1
     4672  27.196415  102.826994     0.721   -11037.9    27304.9    -5415.4   1083.7   1530.9   3967.0 2023  3  6  3 17 19.800  3.0   1
     4673  26.862834  102.957422    12.481     1902.3    -9656.6     6344.7    270.4    220.2    221.8 2023  3  6  3 24 59.860  3.1   1
     4675  27.121696  103.177010    26.375    23688.3    19026.0    20238.5    454.9    536.2    456.8 2023  3  6  4 56 44.990  3.1   1
     4680  27.128776  102.816423    14.097   -12090.0    19810.4     7960.8    424.0    252.9    296.1 2023  3  6  7 11 16.110  4.4   1
     4682  27.129622  102.853369    10.082    -8424.1    19904.1     3946.0    460.3    363.7    442.6 2023  3  6  7 43  0.390  2.5   1
     4685  27.121061  102.862703     9.819    -7498.0    18955.6     3682.4    620.8    417.3    562.6 2023  3  6 11 41 37.020  4.0   1
     4686  27.125234  102.867407     7.498    -7031.4    19418.0     1362.1    369.3    312.9    519.2 2023  3  6 14 35 50.270  3.5   1
     4689  27.046521  102.918628     8.998    -1950.0    10696.3     2861.4   1797.7   1178.9   1544.3 2023  3  6 17  7 19.200  3.2   1
     4694  27.125387  102.841536    14.333    -9598.7    19434.9     8196.3    759.7    916.7    643.8 2023  3  6 19 11 33.340  5.4   1
     4696  26.916280  102.957397     7.436     1898.9    -3734.8     1299.2   1089.3   1164.0    877.6 2023  3  6 20  7 20.980  3.0   1
     4699  26.852433  102.953044    14.518     1467.2   -10809.1     8381.3    526.4    299.9    294.0 2023  3  6 20 48 46.520  6.1   1
     4701  26.878347  102.905086     7.916    -3296.4    -7937.9     1779.2    540.3    701.3   1305.5 2023  3  6 20 54 44.080  3.5   1
     4702  26.840926  102.988387     8.003     4978.4   -12084.0     1866.7    359.0    372.4    601.6 2023  3  6 21  4 33.560  2.8   1
     4706  26.856386  102.910799     7.794    -2729.2   -10371.0     1657.1    663.8    567.8   1316.4 2023  3  6 21 45 18.720  2.7   1
     4709  26.843850  102.979744    11.889     4119.6   -11760.3     5753.0    522.9    377.8    366.0 2023  3  6 21 58  3.300  3.2   1
     4710  26.858647  102.942887    10.591      458.2   -10120.6     4454.8    305.9    263.3    307.4 2023  3  6 22 22 54.720  3.4   1
     4713  26.831706  102.968009    15.963     2954.1   -13105.7     9826.1    690.8    661.9    436.0 2023  3  6 23 10 34.880  3.3   1
     4714  26.841020  102.974512     8.303     3600.5   -12073.6     2166.3    315.1    189.7    345.8 2023  3  6 23 14 54.440  2.9   1
     4716  26.862524  102.958504    11.994     2009.5    -9691.0     5857.8    283.0    223.7    219.3 2023  3  6 23 32 30.960  2.8   1
     4717  26.842627  102.903361    13.068    -3468.1   -11895.7     6931.2    618.4    355.8    297.6 2023  3  6 23 33 54.700  4.2   1
     4718  26.839860  102.991317     7.557     5270.1   -12202.1     1420.6    377.1    305.2    538.5 2023  3  6 23 47  1.200  2.9   1
     4719  26.859833  102.965902    14.058     2744.2    -9989.2     7921.4    300.6    251.8    178.1 2023  3  6 23 51 24.000  3.8   1
     4720  26.851638  102.926880    14.880    -1131.8   -10897.3     8743.7    566.0    385.3    294.7 2023  3  7  0 14 25.750  3.6   1
     4724  26.839065  102.863428     8.912    -7435.5   -12290.3     2776.0   1082.6    991.3    922.7 2023  3  7  1 17 14.930  3.4   1
     4726  26.865759  102.867749     2.912    -7005.3    -9332.6    -3224.2    491.9    368.8   1155.6 2023  3  7  1 24 15.120  3.8   1
     4727  26.858807  102.966431    12.272     2797.2   -10102.9     6135.7    583.0    406.7    496.1 2023  3  7  1 31 58.920  3.6   1
     4728  26.846444  102.959098    11.764     2069.1   -11472.8     5628.0    374.5    288.6    380.0 2023  3  7  2 24 32.150  4.1   1
     4730  26.850954  102.947583     7.981      925.1   -10973.0     1844.2    324.8    244.7    344.2 2023  3  7  3 21 32.720  3.4   1
     4731  26.854803  102.995662    14.150     5700.9   -10546.5     8013.4    486.0    513.0    591.1 2023  3  7  3 41 30.630  4.1   1
     4732  26.844143  102.981437     7.848     4288.2   -11727.6     1711.2    325.8    233.6    480.0 2023  3  7  4  7 50.350  3.1   1
     4733  27.149015  103.123079    11.050    18334.6    22053.1     4913.9    223.0    443.2    331.3 2023  3  7  4 18 49.650  3.6   1
     4734  26.863436  102.925562    10.941    -1262.6    -9589.9     4804.4    474.2    361.9    363.1 2023  3  7  4 37  7.440  3.5   1
     4735  26.861684  103.004785    12.450     6606.8    -9784.0     6313.2    539.7    787.4    632.0 2023  3  7  4 41  0.980  3.4   1
     4738  27.036751  102.765658    13.463   -17134.1     9614.0     7326.8    251.7    404.9    290.7 2023  3  7  5 32 22.230  4.8   1
     4739  26.855068  102.972371     9.640     3387.3   -10517.1     3503.5    295.6    272.5    279.4 2023  3  7  5 48 34.360  3.6   1
     4741  26.859521  102.962801    13.798     2436.6   -10023.7     7661.9    248.8    230.9    275.4 2023  3  7  7  3 58.910  4.4   1
     4742  26.833779  103.020174    12.533     8136.5   -12876.1     6396.7    885.8    768.7    707.1 2023  3  7  7 16 26.350  3.0   1
     4743  26.843679  102.965283     9.985     2683.5   -11779.2     3849.1    401.3    291.2    343.6 2023  3  7  8  4 49.490  3.3   1
     4744  26.859827  102.939152    13.163       87.3    -9989.8     7026.4    384.1    282.6    275.1 2023  3  7  8 29 47.790  3.6   1
     4745  26.848153  102.959090     7.414     2068.4   -11283.4     1277.6    266.5    293.9    512.4 2023  3  7  9  0 10.610  3.3   1
     4746  27.104871  102.947673     6.671      932.5    17161.6      534.3     43.1     95.6    106.4 2023  3  7  9 21 49.230  3.0   1
     4749  26.816221  102.922274    10.177    -1589.8   -14821.5     4040.9   1648.0    949.8   1141.3 2023  3  7 12  5  7.430  3.1   1
     4753  26.848285  102.943913    14.059      560.6   -11268.6     7922.1    401.4    260.7    247.4 2023  3  7 14  7 58.450  3.7   1
     4754  26.851823  102.917065    10.267    -2106.6   -10876.7     4130.6    843.7    541.8    564.1 2023  3  7 14 12 42.270  4.2   1
     4755  26.853782  102.950309    11.304     1195.8   -10659.6     5167.2    396.1    211.0    399.3 2023  3  7 14 38 37.150  4.4   1
     4756  26.846529  102.974569    13.399     3605.4   -11463.3     7262.8    294.7    262.2    247.3 2023  3  7 14 40 28.990  5.1   1
     4757  26.841854  102.947795     7.909      945.6   -11981.3     1772.8    567.9    504.0    719.9 2023  3  7 14 45 52.360  3.4   1
     4759  26.842147  102.973747    11.459     3524.5   -11948.8     5322.4    397.4    277.2    314.5 2023  3  7 15 16 58.030  4.7   1
     4764  26.852995  102.981006    11.454     4245.1   -10746.9     5317.8    421.0    314.6    344.1 2023  3  7 19  1 47.760  3.4   1
     4765  26.857316  102.972363    10.754     3386.9   -10268.1     4618.0    279.9    250.8    215.5 2023  3  7 19 34 57.800  3.5   1
     4769  26.852018  102.964836    14.921     2639.0   -10855.2     8784.6    322.3    338.9    289.3 2023  3  7 21 13 56.800  4.2   1
     4770  26.851355  102.985286    10.878     4670.7   -10928.4     4741.6    370.7    219.3    249.6 2023  3  7 21 21 38.080  4.7   1
     4771  26.854100  102.973234     7.308     3473.2   -10624.4     1172.1    283.2    183.2    309.3 2023  3  7 21 31 15.840  3.3   1
     4773  26.858573  102.972314     7.773     3381.8   -10128.6     1636.3    341.3    199.1    309.9 2023  3  7 21 37  4.420  3.1   1
     4774  26.851497  102.961369    15.485     2294.7   -10912.7     9348.2    388.4    412.7    333.3 2023  3  7 21 44 29.740  4.6   1
     4775  26.856706  102.939510    11.017      122.6   -10335.7     4880.7    305.0    230.3    450.2 2023  3  7 21 58 11.320  3.5   1
     4776  26.843341  102.940747     8.619      245.6   -11816.4     2482.3    388.1    286.3    390.7 2023  3  7 22 12 13.060  3.0   1
     4777  26.871151  102.940934    11.490      264.5    -8735.0     5354.0    343.1    239.1    187.0 2023  3  7 22 18  8.440  2.5   1
     4778  26.859796  102.939469     9.096      118.8    -9993.4     2959.4    577.8    414.9    507.6 2023  3  7 22 33 19.200  3.1   1
     4780  26.848789  102.980973     7.337     4241.8   -11212.8     1201.3    250.7    185.5    435.6 2023  3  7 22 43 48.740  3.1   1
     4782  26.928153  102.939746     9.131      146.5    -2419.0     2994.8    556.0    458.2    456.8 2023  3  7 23 32 49.040  3.0   1
     4784  26.850568  102.989453    12.574     5084.7   -11015.7     6437.9    287.8    331.4    218.5 2023  3  7 23 35 24.520  3.5   1
     4785  26.873468  102.973649    15.990     3513.7    -8478.5     9853.8    682.1    422.0    584.6 2023  3  8  0  0 27.340  3.2   1
     4787  26.869037  102.905990    14.877    -3206.7    -8969.4     8741.0   1179.7    808.2    905.4 2023  3  8  0 24 23.150  3.5   1
     4788  26.860923  102.955591    15.208     1720.2    -9868.4     9071.2    549.0    402.2    425.3 2023  3  8  0 27 48.520  3.5   1
     4789  26.855180  102.932601    14.709     -563.2   -10504.7     8572.3    836.1    454.1    482.5 2023  3  8  0 57 17.160  4.1   1
     4790  26.844657  102.970915    10.841     3242.9   -11670.8     4705.1    242.6    228.7    501.4 2023  3  8  1  6 50.680  2.6   1
     4791  26.848610  102.970817    12.225     3232.8   -11232.7     6088.5    271.7    278.4    258.6 2023  3  8  3  2 53.700  3.9   1
     4792  26.841123  102.941479     7.605      318.8   -12062.1     1468.4    607.4    449.3    801.4 2023  3  8  3 38 24.440  3.5   1
     4795  26.870203  102.941349    15.668      305.4    -8840.2     9531.7    883.1    566.6    588.0 2023  3  8  4 54 27.230  3.8   1
     4796  26.854034  102.987858    11.360     4925.9   -10631.6     5223.5    409.5    298.7    339.9 2023  3  8  4 57 33.230  3.8   1
     4797  26.847583  102.948193    11.822      985.3   -11346.4     5685.6    600.5    351.3    443.0 2023  3  8  5 35 57.320  3.5   1
     4800  26.866166  102.957072    13.181     1867.6    -9287.3     7044.1    256.9    185.6    198.7 2023  3  8  8 34 31.720  2.9   1
     4801  26.836631  102.965666     4.569     2721.5   -12559.9    -1566.9    510.6    421.3    677.2 2023  3  8  9 54 42.780  3.5   1
     4804  26.860170  102.962671    14.054     2424.0    -9951.8     7917.5    311.8    244.5    239.3 2023  3  8 10 57 26.430  3.6   1
     4807  26.844792  102.979321    11.275     4077.7   -11655.9     5138.2    320.7    275.8    308.5 2023  3  8 11 16  2.730  4.7   1
     4808  26.847852  102.999618    11.244     6094.4   -11316.6     5107.9    546.0    301.8    342.0 2023  3  8 11 32  1.250  4.6   1
     4809  26.879645  102.998730    21.200     6004.8    -7794.0    15063.6    460.5    355.7    745.2 2023  3  8 11 36 49.380  4.0   1
     4810  26.864567  102.969971    16.225     3148.6    -9464.5    10088.8    350.6    367.0    373.9 2023  3  8 11 52 20.980  3.7   1
     4811  26.852519  102.983569    14.356     4500.1   -10799.6     8219.3    368.2    552.7    297.0 2023  3  8 12 16  0.270  3.5   1
     4812  27.118915  102.872591    12.657    -6517.1    18717.8     6521.1    363.3    258.9    353.4 2023  3  8 12 28 57.760  4.6   1
     4815  26.844580  102.919629     8.443    -1852.1   -11679.2     2306.5    787.7    430.0    694.9 2023  3  8 13 18 43.040  4.4   1
     4817  26.856281  102.978540     8.605     3999.8   -10382.8     2468.6    306.7    186.9    330.9 2023  3  8 14 11 31.600  3.5   1
     4819  26.863715  102.939876    13.863      158.9    -9559.1     7726.8    332.1    230.7    223.7 2023  3  8 14 20 24.160  3.3   1
     4820  26.865279  102.942082    16.304      378.0    -9385.8    10167.7    574.6    434.1    370.0 2023  3  8 14 27 34.400  3.3   1
     4822  26.860541  102.914803    13.168    -2331.7    -9910.7     7031.2    776.5    576.9    596.9 2023  3  8 15 29 19.270  2.8   1
     4823  26.892458  102.931266    18.333     -696.2    -6374.2    12196.6    407.5    364.9    528.0 2023  3  8 15 31 26.470  3.0   1
     4826  26.861894  102.997331    12.980     5866.9    -9760.8     6843.8    407.5    419.0    383.6 2023  3  8 16 15 45.670  3.2   1
     4829  27.130300  102.837093    10.500   -10038.8    19979.3     4364.0    252.6    216.6    315.9 2023  3  8 16 47  0.080  4.2   1
     4831  26.851353  102.934334     8.808     -391.5   -10928.9     2671.4    486.3    392.2    430.5 2023  3  8 17 18 39.800  3.2   1
     4833  26.854163  102.953874    14.186     1549.9   -10617.4     8049.5    827.8    684.8    424.6 2023  3  8 17 31 52.760  3.1   1
     4835  26.934867  102.968254    21.036     2977.2    -1675.2    14899.6     65.8     62.9     36.7 2023  3  8 17 40 48.800  3.0   1
     4837  26.851263  102.959253    14.358     2084.0   -10938.7     8221.5    584.1    416.6    422.2 2023  3  8 17 50 50.880  4.7   1
     4840  26.793319  102.992147    14.319     5353.0   -17359.2     8182.7    490.6    500.6    470.3 2023  3  8 18 13 36.560  4.5   1
     4842  26.847034  102.958634     9.917     2022.7   -11407.4     3781.1   1182.7    845.8    834.3 2023  3  8 18 28  0.140  3.5   1
     4844  26.856305  102.938875    14.587       59.8   -10380.1     8450.6    350.0    260.2    245.1 2023  3  8 18 45 27.760  2.8   1
     4845  26.833323  102.962069     5.944     2363.9   -12926.5     -191.9    546.0    440.7    721.8 2023  3  8 18 49 30.880  3.0   1
     4847  26.852566  102.980412     9.474     4186.1   -10794.3     3338.1    185.2    179.3    496.1 2023  3  8 18 57 27.600  2.7   1
     4849  26.953607  102.853247    12.462    -8442.7      401.2     6325.1    214.6    268.3    244.6 2023  3  8 19  8 18.620  2.2   1
     4851  26.849404  102.942521     7.804      422.0   -11144.8     1668.0    303.6    233.1    360.5 2023  3  8 19 33  5.040  3.0   1
     4853  26.879218  102.862712    16.972    -7505.2    -7841.4    10835.3   1795.1   1137.0   1036.0 2023  3  8 19 41 40.980  4.5   1
     4859  26.859117  102.893685     7.631    -4429.1   -10068.4     1494.2    831.2    593.1    639.1 2023  3  8 20 54 12.440  2.3   1
     4861  26.841766  102.958293     7.206     1989.1   -11991.0     1069.1    286.9    242.8    504.3 2023  3  8 21  9 17.160  3.3   1
     4863  26.851194  102.950928    10.335     1256.8   -10946.3     4198.5    363.6    225.7    495.1 2023  3  8 22  6  3.880  2.9   1
     4864  26.829067  102.916032     0.520    -2209.9   -13398.1    -5616.2   1201.6    744.7   2045.3 2023  3  8 22 14 55.040  2.5   1
     4865  26.813088  103.003841    16.693     6515.0   -15168.7    10556.6    989.8   1459.3   1169.8 2023  3  8 22 22 31.160  3.0   1
     4866  26.868250  102.997209     7.458     5853.9    -9056.5     1321.3    654.2    703.1    865.1 2023  3  8 22 33 58.560  2.5   1
     4867  26.857910  102.978483    14.198     3994.6   -10202.1     8061.9    259.1    229.4    331.0 2023  3  8 22 37 23.320  5.3   1
     4868  26.863930  102.985921    15.808     4732.9    -9535.2     9671.3    608.6    682.8    905.5 2023  3  8 22 44  6.640  2.9   1
     4869  26.844468  102.974162     9.364     3565.4   -11691.6     3227.5    271.3    183.7    349.3 2023  3  8 22 47 56.720  3.4   1
     4870  26.847819  102.961922    10.710     2349.0   -11320.4     4573.4    230.9    222.8    243.5 2023  3  8 22 53 20.080  4.4   1
     4871  26.859786  102.966268    11.406     2780.6    -9994.5     5270.1    467.1    337.2    390.9 2023  3  8 23  1 14.240  4.4   1
     4873  26.855981  102.968896     9.823     3041.9   -10416.0     3686.2    409.8    332.5    418.2 2023  3  8 23 12 30.480  3.6   1
     4874  26.852932  103.029142     7.815     9026.9   -10753.8     1678.8    448.9    302.0    526.2 2023  3  8 23 13 55.680  3.0   1
     4875  26.848930  102.947705     9.810      937.0   -11197.4     3673.6    367.5    349.6    357.3 2023  3  8 23 18 10.680  3.7   1
     4876  26.847654  102.932340    11.176     -589.1   -11338.6     5039.8    378.0    289.1    381.0 2023  3  8 23 31 30.160  3.5   1
     4878  26.857908  102.992155    15.221     5352.5   -10202.5     9085.1    486.1    572.3    382.4 2023  3  8 23 45 23.320  3.4   1
     4879  26.839345  102.937118    10.647     -114.5   -12259.2     4510.9    453.9    341.9    367.5 2023  3  8 23 46 48.580  3.6   1
     4881  26.863340  102.939714     8.572      143.4    -9600.5     2435.6    385.2    328.0    393.2 2023  3  9  0  8 16.170  3.0   1
     4882  26.844314  102.999780     9.961     6110.6   -11708.8     3824.7    291.5    286.1    276.7 2023  3  9  0 11 33.010  3.5   1
     4883  26.851634  102.942383    11.147      407.9   -10897.7     5010.6    577.9    423.1    445.9 2023  3  9  0 20 14.340  4.0   1
     4884  26.863438  102.948413    18.076     1007.0    -9589.8    11939.7    560.2    369.7    396.0 2023  3  9  0 23 50.010  4.0   1
     4888  27.208146  103.130729    11.397    19088.9    28604.8     5260.1    430.5    604.0    479.1 2023  3  9  1  1 20.590  3.9   1
     4890  26.855853  102.934277    12.103     -397.0   -10430.0     5966.4    382.2    279.4    349.3 2023  3  9  1 40 14.960  3.8   1
     4891  26.833986  102.933757     4.917     -448.7   -12853.0    -1219.3   1044.6    759.4   1366.4 2023  3  9  2 27 12.940  3.1   1
     4893  26.856112  102.970703    10.407     3221.7   -10401.6     4270.9    354.6    250.9    275.2 2023  3  9  5 13 22.700  5.9   1
     4894  26.853884  102.971680    13.593     3318.3   -10648.4     7456.9    392.8    468.4    445.7 2023  3  9  5 38 48.930  3.3   1
     4897  26.876636  102.913590    12.294    -2451.5    -8127.3     6158.0    590.8    428.2    452.5 2023  3  9  6 15  2.590  3.8   1
     4898  26.865222  102.974674     8.416     3615.7    -9392.1     2279.2    343.3    273.7    323.4 2023  3  9  6 15 57.280  3.5   1
     4900  26.853658  102.976147    10.562     3762.4   -10673.5     4425.5    273.4    218.8    221.2 2023  3  9  6 32  3.540  4.3   1
     4901  26.839095  102.982902     8.224     4433.5   -12287.0     2088.0    650.3    504.9    588.6 2023  3  9  6 38 46.240  4.1   1
     4902  26.856134  102.972835    10.692     3433.1   -10399.1     4555.3    317.2    265.4    270.0 2023  3  9  6 45 48.880  4.0   1
     4903  26.860642  102.960075    10.717     2165.9    -9899.5     4581.0    408.4    249.5    373.6 2023  3  9  6 46 51.560  3.8   1
     4905  26.845416  102.953792     5.019     1541.8   -11586.6    -1117.0    426.8    389.7    794.7 2023  3  9  7  8 25.460  3.1   1
     4908  26.885529  102.978703     6.181     4015.8    -7142.1       45.0    802.4    394.5    726.3 2023  3  9  7 34  8.340  3.7   1
     4910  26.861688  102.963656    11.469     2521.2    -9783.6     5332.2    322.8    224.6    296.5 2023  3  9  7 45 49.050  3.3   1
     4911  26.857654  102.987223    10.310     4862.9   -10230.7     4173.1    351.3    277.3    348.2 2023  3  9  7 50 26.180  3.9   1
     4912  26.842686  102.989827    11.203     5121.3   -11889.1     5066.5    604.6    371.9    421.0 2023  3  9  8  5  8.630  4.8   1
     4914  26.849579  102.944604     7.027      628.7   -11125.4      890.8    325.1    222.1    503.7 2023  3  9  8 52 12.370  3.2   1
     4915  26.916484  102.819360    11.520   -11809.8    -3712.1     5383.9   1804.5    979.0   1210.9 2023  3  9  8 54 15.880  2.3   1
     4916  26.853119  102.982227    11.187     4366.4   -10733.2     5050.7    324.5    254.9    316.4 2023  3  9  9  0 32.420  4.1   1
     4917  26.852494  102.979183     7.915     4064.2   -10802.3     1778.2    319.2    221.9    361.9 2023  3  9  9  4 21.020  3.5   1
     4918  26.854215  102.932609    10.660     -563.0   -10611.6     4523.8    684.3    448.8    497.6 2023  3  9  9 17 12.240  4.3   1
     4922  26.842063  102.963753     6.758     2531.5   -11958.0      621.6    452.5    348.2    373.4 2023  3  9  9 50 21.030  3.1   1
     4923  26.853424  102.932699     6.655     -554.1   -10699.4      519.0    747.1    467.9    438.2 2023  3  9 10 14 26.460  3.2   1
     4926  27.118050  102.848991    11.505    -8859.0    18621.9     5368.9    327.4    224.6    413.2 2023  3  9 10 41  7.130  4.5   1
     4928  26.853729  102.960270     6.347     2185.6   -10665.4      210.6    249.9    223.7    424.4 2023  3  9 10 55  9.960  2.9   1
     4929  26.867088  102.959448    13.216     2103.6    -9185.3     7079.5    449.4    330.8    492.5 2023  3  9 11 29 18.650  3.4   1
     4930  26.857678  102.990243    10.203     5162.5   -10227.8     4066.8    383.7    299.7    398.7 2023  3  9 11 30 47.930  3.3   1
     4932  26.830003  102.980843    10.424     4229.6   -13294.4     4287.8    739.6    637.1    651.3 2023  3  9 11 48 52.580  3.7   1
     4937  27.175120  103.104492    13.128    16488.8    24945.4     6991.6    807.9    612.0    811.1 2023  3  9 12 14 19.580  4.0   1
     4941  26.849245  102.972209     6.808     3371.5   -11162.3      671.7    290.8    170.9    448.6 2023  3  9 12 37 23.010  3.2   1
     4944  26.871739  102.990088    13.111     5146.7    -8669.9     6974.8    794.4    682.7    523.1 2023  3  9 13 20 30.600  3.4   1
     4947  26.870329  102.982104    17.689     4354.2    -8826.2    11553.1    397.8    330.9    792.3 2023  3  9 14 15 34.310  3.5   1
     4948  26.840326  102.991040    11.074     5242.4   -12150.7     4937.2    245.4    222.6    267.5 2023  3  9 14 21 16.690  3.2   1
     4952  26.846053  102.994995     8.103     5635.4   -11516.1     1966.3    398.3    319.1    504.8 2023  3  9 16 32  5.440  4.1   1
     4958  26.861989  102.857324     8.673    -8041.4    -9750.3     2536.8    746.4    809.7   1049.2 2023  3  9 19  9 13.540  4.3   1
     4959  26.849766  102.926774    11.211    -1142.5   -11104.6     5074.8    527.4    384.6    400.0 2023  3  9 19 16 19.620  2.8   1
     4962  26.855688  102.944059    16.485      574.6   -10448.3    10348.7    764.1    524.2    353.8 2023  3  9 20  3 57.880  2.9   1
     4963  26.853029  102.949040    11.467     1069.7   -10743.0     5330.7    484.2    302.8    343.3 2023  3  9 20 12 33.500  2.8   1
     4965  26.808761  102.942342    14.239      404.6   -15648.1     8102.9   1508.1   1079.1    970.2 2023  3  9 20 24 24.560  5.8   1
     4966  26.858938  102.941642    13.853      335.0   -10088.3     7717.1    489.8    316.3    302.8 2023  3  9 20 28 34.180  3.9   1
     4967  26.840702  102.987443    11.847     4884.9   -12108.8     5710.9    542.0    510.8    590.2 2023  3  9 20 43  5.520  3.9   1
     4968  26.848649  102.974764    11.950     3624.8   -11228.3     5813.1    575.7    391.8    500.2 2023  3  9 20 45 26.880  3.4   1
     4969  26.850305  102.950545    10.953     1218.9   -11044.8     4816.5    359.0    242.2    452.1 2023  3  9 20 49 10.180  3.5   1
     4971  26.829283  102.969076     6.683     3060.4   -13374.2      546.4    637.3    619.3   1364.3 2023  3  9 20 56  0.000  2.7   1
     4972  26.857890  102.940129    12.920      184.3   -10204.6     6783.1    838.9    403.0    604.7 2023  3  9 20 59 26.520  3.3   1
     4974  26.864640  102.964730    13.332     2628.3    -9456.4     7195.2    383.3    268.0    378.0 2023  3  9 21  6 49.720  5.2   1
     4975  26.871358  102.935726    14.566     -252.7    -8712.1     8429.9    560.8    348.6    445.7 2023  3  9 21 12 28.800  3.3   1
     4977  26.888454  102.879053     8.579    -5882.2    -6817.8     2442.6    824.2    706.9    600.1 2023  3  9 21 21 14.400  2.6   1
     4978  26.847782  102.988062    12.397     4946.5   -11324.3     6260.5    521.5    715.6    752.2 2023  3  9 21 23 53.800  3.0   1
     4981  26.851131  102.958993    10.908     2058.0   -10953.4     4771.9    351.9    276.7    353.1 2023  3  9 21 36  5.360  3.9   1
     4982  26.854690  102.954549    13.888     1616.7   -10559.2     7751.5    686.0    466.2    487.2 2023  3  9 21 40 47.760  3.0   1
     4983  26.873427  102.965446     6.265     2699.2    -8483.0      129.0   1390.6   1115.2   1841.6 2023  3  9 21 43 21.640  3.0   1
     4984  26.844259  102.998250     8.900     5958.6   -11714.8     2763.6    578.5    499.2    999.2 2023  3  9 21 46 59.720  2.8   1
     4988  26.879490  102.904525    12.612    -3352.3    -7811.1     6476.1    845.4    535.1    467.8 2023  3  9 22 21 41.340  2.9   1
     4990  26.853937  102.924731    11.006    -1345.0   -10642.4     4869.4    385.5    279.6    372.6 2023  3  9 22 27 35.960  3.4   1
     4992  26.861334  102.955892    10.952     1750.5    -9822.7     4815.7    388.9    212.7    245.4 2023  3  9 22 48 34.400  3.8   1
     4994  26.856134  102.979818    12.205     4127.0   -10398.9     6068.5    608.7    729.1    600.8 2023  3  9 23 23 57.040  3.0   1
     4997  26.861863  102.962052    12.780     2362.3    -9764.1     6643.7    374.0    222.2    284.5 2023  3 10  0 20 44.950  5.5   1
     4998  26.892159  102.873926     5.222    -6391.6    -6407.4     -914.9   4456.0   3561.1   5372.2 2023  3 10  0 49 26.930  2.6   1
     4999  26.853695  102.951245    11.507     1288.5   -10669.3     5371.0    268.4    208.1    235.1 2023  3 10  0 50 10.610  4.2   1
     5000  26.853986  102.976872    15.033     3834.5   -10637.0     8896.6    424.3    471.9    432.7 2023  3 10  1 32 17.130  4.6   1
     5001  26.859259  102.966992    12.287     2852.5   -10052.8     6150.7    253.2    260.7    231.1 2023  3 10  1 58 31.600  2.6   1
     5002  26.940112  102.853988     7.859    -8369.8    -1094.0     1723.0    133.6     63.9    219.4 2023  3 10  2 12 39.300  3.4   1
     5004  26.870894  102.899658     9.152    -3835.9    -8763.5     3015.3   1077.5    748.2    430.2 2023  3 10  2 51 15.710  3.4   1
     5005  26.946735  102.838696     9.803    -9887.9     -360.2     3666.1    127.7     57.2    241.0 2023  3 10  2 53 24.800  3.2   1
     5007  26.842165  102.975879     9.421     3735.7   -11946.7     3284.9    295.0    189.5    293.3 2023  3 10  3 17 29.440  3.0   1
     5009  26.850547  103.016520    14.960     7773.6   -11018.1     8823.3    865.3    548.2    672.2 2023  3 10  3 28 22.810  3.7   1
     5010  26.846863  102.947681     9.907      934.7   -11426.4     3770.4    427.9    361.2    535.4 2023  3 10  3 57 59.450  3.5   1
     5011  26.868044  102.931600    11.701     -662.8    -9079.4     5564.4    379.2    225.2    304.5 2023  3 10  5 39 33.770  2.9   1
     5012  26.956118  102.806380    11.466   -13096.5      679.5     5329.9    490.8    446.1    487.2 2023  3 10  6  4 49.250  2.8   1
     5014  26.867021  102.953760    11.830     1538.2    -9192.9     5693.6    314.4    210.5    201.7 2023  3 10  6 35 52.600  3.3   1
     5015  26.974101  102.803678     9.498   -13364.0     2672.1     3361.3    475.2    373.1    518.6 2023  3 10  6 36 58.260  2.9   1
     5021  26.859764  102.910856     8.674    -2723.4    -9996.8     2537.4    624.5    420.1    511.0 2023  3 10 10 18  2.270  2.9   1
     5022  26.847504  102.993441    10.551     5480.7   -11355.2     4414.9    238.1    224.6    230.0 2023  3 10 11 21 23.550  3.4   1
     5023  26.859505  102.968913    13.892     3043.9   -10025.4     7755.6    232.7    223.4    204.1 2023  3 10 12 19 19.430  3.5   1
     5024  26.838837  102.982951    13.727     4438.8   -12315.5     7590.4    616.0    431.1    526.4 2023  3 10 13 19 22.060  4.1   1
     5030  26.866400  102.949178    11.578     1083.1    -9261.4     5441.6   1313.8   1215.2    987.2 2023  3 10 14 54 40.440  2.6   1
     5032  26.847178  102.934147    13.948     -409.5   -11391.4     7811.8    742.1    446.1    552.5 2023  3 10 16 13 27.840  3.8   1
     5036  27.033641  102.900090    11.225    -3790.4     9269.1     5088.3    518.1    239.5    273.0 2023  3 10 18  8  4.040  4.8   1
     5039  26.845363  102.900578     9.431    -3744.8   -11592.4     3294.9    646.6    588.9    627.1 2023  3 10 18 44 12.400  2.9   1
     5041  27.024176  102.899365    11.656    -3862.2     8220.5     5520.1    689.0    351.2    357.2 2023  3 10 18 52 49.780  3.7   1
     5042  27.037626  102.888314     7.239    -4958.8     9710.7     1102.3    500.5    257.6    443.1 2023  3 10 18 54 26.660  3.8   1
     5043  27.035929  102.901506     9.238    -3649.4     9522.7     3101.8    346.3    218.3    225.6 2023  3 10 18 57 22.840  3.7   1
     5044  27.028194  102.884749    10.513    -5312.7     8665.7     4376.4    465.7    356.0    314.9 2023  3 10 19  2 23.560  3.3   1
     5045  27.028015  102.898828     9.421    -3915.3     8645.8     3284.4    380.7    246.4    254.8 2023  3 10 19  5 56.440  3.2   1
     5046  27.036027  102.908333     7.635    -2972.2     9533.7     1498.4    388.9    248.8    319.6 2023  3 10 19  8  5.920  3.1   1
     5048  27.017458  102.900374    11.313    -3762.5     7476.0     5176.7    590.8    419.9    469.7 2023  3 10 19 23 42.860  2.3   1
     5049  26.869871  102.944808    10.660      649.1    -8876.9     4523.3    419.2    310.8    399.3 2023  3 10 19 42 54.160  3.0   1
     5051  27.030729  102.884473    12.280    -5340.8     8946.6     6143.2    717.5    349.4    425.0 2023  3 10 19 48 21.480  4.0   1
     5052  27.025608  102.902751     9.037    -3526.3     8379.1     2900.8    358.9    230.1    249.9 2023  3 10 19 55 36.560  3.2   1
     5053  26.976078  103.020907     8.538     8204.8     2891.1     2401.2    695.6    956.1    952.3 2023  3 10 20  2 56.200  2.9   1
     5054  26.855363  102.972591     7.868     3409.0   -10484.5     1731.7    493.3    347.4    551.0 2023  3 10 20 14 21.840  3.4   1
     5055  27.027889  102.898250    10.037    -3972.7     8631.9     3900.5    370.2    218.2    269.3 2023  3 10 20 25 37.900  3.9   1
     5056  27.019981  102.887663    14.325    -5024.3     7755.6     8188.3   1080.7    709.1    700.5 2023  3 10 20 28 52.880  3.1   1
     5061  26.856783  102.968416     8.811     2994.1   -10327.0     2674.4    398.4    338.6    506.9 2023  3 10 21  1 11.540  3.5   1
     5064  26.849736  102.971248     6.235     3275.8   -11108.0       98.7    288.2    285.6    413.9 2023  3 10 21 25  8.900  3.2   1
     5065  26.846220  102.942505     9.327      420.3   -11497.5     3191.0    370.1    304.9    372.4 2023  3 10 21 37 59.520  3.1   1
     5066  27.036397  102.801619     8.941   -13564.2     9574.7     2805.1    291.8    381.8    378.0 2023  3 10 21 42 31.720  2.3   1
     5070  26.853253  102.969295     8.583     3082.1   -10718.3     2446.3    283.4    183.2    342.4 2023  3 10 22 15  6.200  3.0   1
     5071  27.120262  102.852954    13.654    -8465.8    18867.1     7517.8    357.0    233.5    228.0 2023  3 10 22 20 47.880  3.5   1
     5072  26.867556  102.940763    12.843      247.6    -9133.4     6706.8    328.7    249.1    231.3 2023  3 10 22 47  7.080  2.2   1
     5074  26.912933  102.855827     8.095    -8188.2    -4105.5     1958.4     45.2     31.4     45.2 2023  3 10 22 54 53.120  2.8   1
     5078  27.084214  102.876489    12.233    -6131.3    14873.0     6096.6    451.8    288.6    297.3 2023  3 10 23  3 53.680  2.9   1
     5079  26.857070  102.951685     5.710     1332.2   -10295.3     -426.4    372.8    242.0    605.3 2023  3 10 23 16  8.140  3.5   1
     5080  26.864288  102.968424     9.152     2995.0    -9495.6     3015.8    425.9    417.4    391.0 2023  3 10 23 23 55.640  3.3   1
     5082  27.027907  102.927246     8.007    -1094.9     8634.0     1870.5    578.9    450.6    433.1 2023  3 10 23 55 58.480  3.3   1
     5083  27.106169  102.828809    10.091   -10862.3    17305.6     3954.8    355.9    270.0    231.9 2023  3 11  0  8 26.740  3.5   1
     5085  26.860799  102.935498     9.221     -275.5    -9882.1     3084.4    716.2    535.6    906.5 2023  3 11  3 10 54.210  2.8   1
     5087  26.858130  102.950936    13.021     1258.3   -10178.0     6884.3    680.2    323.1    448.5 2023  3 11 13  1 44.270  3.3   1
     5088  26.864614  102.922168     8.952    -1599.9    -9459.3     2816.0   1185.6    453.0    664.2 2023  3 11 13 41 47.870  2.5   1
     5090  26.902287  102.945833    10.940      751.0    -5285.1     4803.3    685.7    490.7    513.1 2023  3 11 14  5 56.920  3.6   1
     5091  26.948777  102.771273     7.103   -16582.9     -133.8      967.1    683.7   1303.1   1095.4 2023  3 11 14 29 21.430  2.3   1
     5092  27.098513  102.820589     9.595   -11678.2    16457.3     3458.7    393.0    257.1    237.4 2023  3 11 14 41 36.040  2.8   1
     5106  26.871812  102.880225     8.334    -5766.3    -8661.8     2198.0    759.1    554.5    580.1 2023  3 11 21  1 59.360  2.7   1
     5108  26.857216  103.019344    15.400     8053.9   -10279.0     9264.0    737.2    678.1    916.4 2023  3 11 21 12 16.400  3.5   1
     5115  27.159623  103.126709    11.556    18694.1    23228.4     5419.8    308.5    323.7    396.9 2023  3 11 23 30 29.120  4.9   1
     5121  26.838979  102.939632    13.350      135.2   -12299.9     7213.8    382.5    269.3    221.2 2023  3 12  1 19  0.220  4.1   1
     5132  26.847701  102.957674     9.858     1927.7   -11333.5     3721.5    494.0    304.1    351.9 2023  3 12  8 12 14.250  3.6   1
     5142  27.052869  103.042000     9.977    10295.0    11399.7     3841.1    259.6     85.0    278.1 2023  3 12 12 20  9.100  3.2   1
     5143  26.669137  103.011385    13.562     7268.9   -31118.8     7425.3    406.6    454.7    590.0 2023  3 12 13  0 24.520  2.7   1
     5148  26.876097  102.894637    14.432    -4334.2    -8187.2     8295.2    906.2    669.0    539.4 2023  3 12 15 10  5.380  3.3   1
     5150  27.016667  102.796598    17.499   -14063.7     7388.5    11362.2    574.0    552.9    559.0 2023  3 12 15 38 22.330  3.2   1
     5152  26.865212  102.929858     9.203     -835.8    -9393.1     3066.9    411.5    299.3    320.1 2023  3 12 16  1 19.410  2.5   1
     5157  26.870872  102.922095    14.223    -1606.7    -8765.9     8086.2    382.7    336.9    363.9 2023  3 12 19  9 25.120  3.2   1
     5158  27.001198  102.795174     4.847   -14206.3     5674.5    -1289.7    303.1    485.1    644.0 2023  3 12 19 23 38.260  3.5   1
     5161  27.129881  102.842985     6.086    -9454.3    19932.8      -50.2    304.8    277.9    464.1 2023  3 12 20 16 48.520  3.8   1
     5162  27.131423  102.833618     8.049   -10383.6    20103.6     1912.7    338.9    325.3    602.8 2023  3 12 20 30 52.180  2.9   1
     5164  27.120359  102.857812     4.734    -7983.3    18877.8    -1402.8    559.6    347.2    577.3 2023  3 12 20 59  2.920  3.1   1
