        3  26.916215  102.836719    11.897   -10085.4    -3741.9     5760.7    428.7    540.1    382.3 2022  8 23 16 29 48.550  1.9   1
        4  27.217757  102.905688     1.604    -3231.7    29669.7    -4532.1    534.2    842.8   1245.4 2022  8 24  0  4  1.570  2.7   1
       21  26.873704  102.895142     9.408    -4284.1    -8452.2     3271.5   1342.6    932.7   1239.5 2022  8 26  0 10 20.460  2.9   1
       27  27.167391  103.016781     1.647     7787.9    24089.1    -4489.3   1162.9   1146.9   2057.9 2022  8 26  4 53 50.400  2.2   1
       30  26.712767  102.928475     5.414     -973.9   -26284.5     -722.8   1299.7   1562.2   1533.5 2022  8 26  7 53 47.970  2.8   1
       41  27.169029  102.591732     8.609   -34378.2    24270.5     2472.7    633.3    602.1    891.7 2022  8 26 20  0 27.640  2.7   1
       51  26.780727  103.097355     4.820    15808.6   -18754.2    -1316.8    969.0    547.6    961.5 2022  8 28 13 14 55.710  2.4   1
       89  26.906472  102.789290     7.202   -14797.1    -4821.5     1066.0    995.1   1476.5   1779.2 2022  8 31  7  3 37.080  3.6   1
      110  26.765588  102.905485    14.861    -3258.3   -20431.8     8724.6   2503.2   1303.0   1251.6 2022  9  1 14 13 43.450  2.6   1
      127  27.041709  102.816911    17.804   -12046.6    10163.2    11667.6   1351.4    949.5   1413.0 2022  9  2 12 56 18.870  3.2   1
      131  27.346173  102.838029    13.307    -9936.9    43898.5     7170.6   1344.9   1208.1   1489.3 2022  9  2 16 43 50.880  3.8   1
      147  26.871519  103.125073    16.617    18555.4    -8694.2    10480.6   1358.7   1689.9   1254.2 2022  9  3 15 21 35.480  3.1   1
      159  26.517112  102.988599     9.317     5006.4   -47963.5     3180.2    826.2    911.7   5231.3 2022  9  4  6 31  7.150  3.1   1
      161  27.253251  103.040503     8.510    10137.7    33602.7     2373.9   3218.1   4815.6   2425.8 2022  9  4  8 20 56.670  3.1   1
      201  27.132196  103.084896    11.163    14548.1    20189.4     5026.8    981.0    581.4    998.3 2022  9  7  6 26 59.330  2.9   1
      203  26.727417  102.994019     0.591     5540.8   -24661.1    -5545.5    494.3    638.3   1406.1 2022  9  7 12 55 18.100  2.7   1
      218  27.094832  102.869694     6.878    -6805.2    16049.3      741.7   1522.1   1198.2   2079.5 2022  9  8 15 18 22.760  2.7   1
      220  26.436538  102.980452    17.967     4197.5   -56891.3    11830.9   1841.8    856.2   1138.1 2022  9  8 15 41 42.610  2.8   1
      223  26.710343  102.990625     5.654     5203.9   -26553.0     -482.1    471.6    609.3   1498.3 2022  9  8 19 30  1.880  2.0   1
      225  27.390849  102.930021    16.038     -817.5    48848.9     9901.4   2314.7    940.7   1028.1 2022  9  8 22 24  2.400  3.1   1
      267  26.905884  103.107536    12.554    16811.0    -4886.7     6417.7    824.4   1866.1   1007.6 2022  9 12 16  2 16.000  2.5   1
      281  26.898476  103.161198    15.758    22140.9    -5707.4     9621.2   1130.5    958.4   1202.6 2022  9 13  8 20 48.310  3.6   1
      309  27.163434  102.987069     2.325     4841.0    23650.6    -3811.3   1521.2    591.2   1592.3 2022  9 14 15 47 55.620  3.1   1
      334  26.986985  103.111776    13.840    17226.2     4099.6     7703.5   1217.5    843.0   1678.5 2022  9 15 16  1 53.840  2.5   1
      341  26.945844  102.962012    12.428     2357.6     -459.1     6292.0    941.5   1230.9   1119.4 2022  9 16  5  3 54.060  2.4   1
      347  26.863678  103.099756    19.016    16041.2    -9563.1    12879.1   2399.5   2247.8   1917.3 2022  9 16 15 14 30.520  2.9   1
      373  27.239657  102.868962     5.180    -6873.7    32096.4     -956.8    992.9   1402.0   1067.5 2022  9 18 10 47 32.100  3.0   1
      395  26.995223  102.820776    15.372   -11665.1     5012.4     9235.6   1061.4    838.5    838.9 2022  9 19 21 41 25.680  3.4   1
      420  26.810872  103.000838     4.811     6216.5   -15414.1    -1325.1   1055.7    762.7    886.9 2022  9 21 20 26 55.320  2.2   1
      438  26.980660  103.014567     9.850     7574.5     3398.7     3713.9   1849.0   1139.2   1282.7 2022  9 24  1 23 23.490  3.1   1
      444  27.025220  102.789364     8.583   -14781.9     8336.2     2446.6    501.6    550.8    566.1 2022  9 24  7 41 55.320  2.6   1
      455  26.754093  102.993555    16.966     5494.5   -21705.4    10830.0   1120.6    646.7    789.6 2022  9 25  1 31  2.400  3.1   1
      520  27.158413  102.587492    11.394   -34800.7    23094.3     5257.9   1062.6   1066.7   1713.7 2022  9 29 14 11 26.150  3.3   1
      523  27.057908  102.912606     9.734    -2547.8    11958.0     3597.9   1731.5    854.9    868.2 2022  9 29 17 23 38.880  2.1   1
      524  26.974412  102.803402     2.484   -13391.3     2706.5    -3652.6   1045.3   1056.2   1550.3 2022  9 29 18 31 37.720  2.7   1
      525  27.008307  102.886711     0.463    -5119.1     6462.1    -5673.4   1629.8   1204.1   2087.2 2022  9 29 19 13 43.660  2.0   1
      528  26.842859  102.932585     7.680     -564.8   -11870.0     1543.9   1968.1    870.0   1439.9 2022  9 29 22  6 38.880  1.7   1
      537  26.913326  102.871672     7.832    -6614.7    -4062.1     1695.9    980.5   1351.1   1134.4 2022  9 30 10 42  7.580  3.3   1
      546  27.187882  103.116797     6.028    17708.8    26359.6     -108.6    894.8    708.9   1158.0 2022  9 30 23 37 44.520  3.8   1
      557  26.919558  102.849292    14.322    -8837.1    -3371.5     8185.8    533.1   1274.1    402.2 2022 10  2  2 39  6.470  2.6   1
      560  26.855882  102.890723    20.230    -4724.0   -10427.0    14093.1   1819.1   1780.4   1327.2 2022 10  2  6 10 39.130  3.0   1
      572  26.879299  103.070622     8.737    13146.5    -7832.3     2600.3    512.6    783.3    649.4 2022 10  2 21 50 13.720  1.9   1
      579  27.000183  102.772404    11.084   -16467.3     5561.9     4947.9    729.2    705.6   1420.4 2022 10  3 22 21  8.080  2.6   1
      588  26.751076  102.930306     6.022     -792.1   -22039.8     -114.2   1666.6   1460.4   1781.4 2022 10  4  8  8  1.580  2.3   1
      608  27.216927  103.080672    13.561    14123.3    29577.7     7424.8    936.9   1289.2   1430.5 2022 10  5 20 23 44.000  2.2   1
      623  26.560701  103.060872     8.845    12194.7   -43133.7     2709.0    934.4    627.1    626.4 2022 10  6 18 50 15.640  2.2   1
      625  26.956460  102.900236     4.829    -3776.7      717.2    -1307.4    982.2    977.1   2536.2 2022 10  6 19 54 51.240  1.9   1
      631  26.942377  102.890845    10.910    -4709.7     -843.1     4773.9    833.3    701.1    525.9 2022 10  7  8 31 45.130  3.2   1
      632  27.032922  102.974422     8.687     3588.6     9189.7     2551.0   4098.6   1324.5   2168.2 2022 10  7 10  0 30.910  3.1   1
      672  26.820719  102.906372    10.274    -3169.9   -14323.0     4137.6   1179.5    923.3   1208.4 2022 10 10  3 35  1.940  3.7   1
      732  26.868313  103.118294    18.132    17882.4    -9049.6    11995.3   2214.3   2208.8   2022.8 2022 10 14 10 37 11.450  2.2   1
      735  27.141386  103.068896     9.111    12960.2    21207.5     2974.4   2823.1  13899.7   2533.1 2022 10 14 18 51 53.760  2.7   1
      741  26.896490  103.127507    13.888    18794.9    -5927.3     7751.5    829.4    750.4    994.4 2022 10 15  1  4 10.400  3.5   1
      779  27.068325  102.753426     4.575   -18345.4    13112.3    -1561.4    660.9    954.0    938.4 2022 10 17 22 37 48.240  2.6   1
      789  27.246749  102.995353     4.789     5660.5    32882.0    -1347.4    673.1    737.0    575.5 2022 10 18 16 41 47.000  1.7   1
      824  26.786975  103.056356     8.188    11733.9   -18062.0     2051.2    552.5    515.5    598.6 2022 10 20  3 33 31.120  3.0   1
      835  27.277509  102.985010     6.467     4634.3    36290.5      330.5    927.2   1409.6    941.4 2022 10 20 15 36 17.530  1.9   1
      839  26.738114  103.022616     9.681     8382.8   -23475.9     3544.1    699.1    752.9    734.8 2022 10 20 17 33 27.740  2.5   1
      856  26.784867  102.991187     7.148     5257.9   -18295.6     1011.5    548.4    792.1    982.1 2022 10 22  4 14  5.820  2.5   1
      876  26.666848  102.972656    13.038     3418.1   -31372.4     6902.0    715.4    547.9    500.0 2022 10 23 20 56  3.260  2.5   1
      878  27.188704  103.032821    27.680     9378.6    26450.7    21544.0   1546.3    749.0   3672.7 2022 10 24  1 23 36.490  2.8   1
      890  27.068018  103.136776     8.375    19701.0    13078.2     2238.4   1687.9   1952.4   3779.1 2022 10 24 17 41 37.760  3.5   1
      906  27.155404  103.049015    15.030    10986.9    22760.9     8893.4   1008.8    589.9    653.7 2022 10 27 10 21  4.120  3.4   1
      913  27.125130  102.833301     5.731   -10415.5    19406.6     -405.1   1016.3   5894.7   1400.0 2022 10 28 12 53 48.030  1.6   1
      921  26.590379  103.080998     7.983    14194.4   -39845.5     1846.5    783.8    752.1    785.7 2022 10 29  4 17 17.520  2.3   1
      927  27.254012  102.972746     2.129     3418.4    33687.0    -4007.1   1224.7   1110.2   1096.5 2022 10 29 16 37 59.780  2.9   1
      946  27.354228  102.818677    21.875   -11854.3    44791.1    15738.7    968.6   2852.7    844.1 2022 10 30 21  5 22.240  3.3   1
      959  27.036483  102.831681     7.716   -10580.1     9584.2     1579.4    577.3   2903.0    674.6 2022 11  1  0 13 34.950  2.8   1
      992  26.966785  102.998210     8.421     5951.6     1861.4     2284.6   2635.4    847.9   1694.3 2022 11  6  5 43 40.690  2.9   1
      999  26.907050  103.212467    17.194    27232.7    -4757.5    11057.3   2122.3   2092.7    889.9 2022 11  7 14 25 26.790  3.1   1
     1000  27.165131  103.029110    10.308     9011.7    23838.6     4171.6   2323.5   1256.5   1209.5 2022 11  7 14 44 27.860  3.0   1
     1004  27.164559  102.908887    12.242    -2915.4    23775.2     6105.3    329.5    388.7    471.7 2022 11  8  0  7 44.050  2.8   1
     1037  27.039691  102.910571    15.872    -2750.0     9939.6     9735.8   1953.7   1063.1    818.9 2022 11 21  1  6 48.740  4.6   1
     1056  27.125334  102.885173     6.546    -5268.8    19428.9      409.4    548.6    328.1    856.6 2022 11 28 18 55 11.400  1.8   1
     1061  27.106899  102.819320     9.359   -11803.7    17386.4     3223.0   1427.2   1530.5   1794.4 2022 11 30 12 51 31.400  2.8   1
     1068  26.731396  103.091089     9.293    15188.6   -24220.4     3156.6    927.2    640.8    537.8 2022 12  4 21  3 17.040  1.6   1
     1104  26.870180  102.910889    10.157    -2720.3    -8842.8     4020.5    554.2    369.0    381.4 2023  1  1  1  2 48.170  2.7   1
     1108  26.874809  102.932056     9.096     -617.2    -8329.8     2959.4   1020.8    812.5    768.0 2023  1  1  3 15  6.530  2.8   1
     1113  26.613513  102.990487    12.336     5192.5   -37282.0     6200.0    539.2    639.0    486.8 2023  1  1  5 59 15.820  2.3   1
     1138  26.979218  102.894971     4.308    -4299.1     3238.9    -1828.2   1143.8    547.5    868.7 2023  1  1 14 39 51.220  0.3   1
     1148  26.917592  102.906055     8.292    -3199.4    -3589.3     2155.5    478.1    361.3    311.2 2023  1  1 17  9 12.760  2.5   1
     1150  26.930750  102.925203     7.797    -1298.3    -2131.5     1661.1    474.8    348.9    318.3 2023  1  1 17 54 31.060  2.5   1
     1157  27.294340  102.986572    14.389     4788.6    38155.4     8252.7    751.2    607.0    457.7 2023  1  1 19 49  5.560  3.5   1
     1158  27.050238  102.738778    14.389   -19800.8    11108.2     8252.7    921.1    390.0   1116.3 2023  1  1 19 52 40.260  3.1   1
     1167  26.898029  102.928475    14.576     -973.1    -5757.0     8439.2    807.9    427.2    634.9 2023  1  1 23 46  2.400  2.2   1
     1176  26.645634  102.876481    16.805    -6143.9   -33722.9    10668.3    726.6    712.7    769.8 2023  1  2  3 50 57.410  2.7   1
     1180  27.098796  102.926367     6.754    -1181.7    16488.6      617.8   1019.2    527.6   1021.3 2023  1  2  7 38 34.340  3.9   1
     1184  26.981978  103.057878    10.921    11875.3     3544.9     4784.7    718.9   1251.8   1002.3 2023  1  2  9 54  6.500  3.1   1
     1185  26.527952  102.952580    12.351     1422.9   -46762.3     6215.1    384.9    618.1    349.6 2023  1  2 10 17  2.450  4.1   1
     1190  26.486511  102.978654    15.031     4018.2   -51354.2     8895.0    807.6    749.8    763.9 2023  1  2 12 24  6.860  2.9   1
     1193  27.123450  103.125366    13.955    18564.3    19220.3     7818.8    779.5    944.8   1007.1 2023  1  2 13 11 15.030  3.5   1
     1194  26.820748  102.941878    12.945      358.0   -14319.8     6808.8    312.3    384.0    363.5 2023  1  2 13 15 59.500  3.7   1
     1196  26.473059  102.977710    11.817     3924.5   -52844.8     5680.8    863.7    620.8    883.2 2023  1  2 13 51 42.270  3.6   1
     1198  26.994401  102.842952     5.408    -9463.2     4921.4     -728.2    249.3    440.5    467.7 2023  1  2 14 19 57.550  1.0   1
     1199  26.838072  102.927572    17.353    -1063.3   -12400.4    11216.7    781.8    598.4    515.5 2023  1  2 14 42 20.610  3.5   1
     1201  26.826825  102.940511    14.897      222.1   -13646.6     8760.6    564.4    441.5    329.0 2023  1  2 15 26 49.650  3.6   1
     1207  26.635209  102.987093    20.954     4854.8   -34878.1    14817.8   1322.7   1317.6    804.2 2023  1  2 18 17 20.500  2.1   1
     1213  26.980916  102.897062     8.548    -4091.7     3427.1     2411.2    774.9    817.4    357.1 2023  1  2 20 38 12.040  2.4   1
     1214  26.979089  102.908040    20.646    -3001.8     3224.7    14509.4    443.9    437.4    512.2 2023  1  2 20 43 14.180  0.7   1
     1220  26.917102  102.942952    10.239      464.8    -3643.6     4102.2    553.3    586.7    461.4 2023  1  2 22 31 21.360  1.6   1
     1231  27.150010  102.845247     5.364    -9229.4    22163.3     -772.4    636.7    257.3    824.9 2023  1  3  3 32  1.810  4.9   1
     1233  27.101990  102.982422     8.203     4381.3    16842.4     2066.4   1076.1    639.5   1157.4 2023  1  3  3 48 43.310  3.1   1
     1248  27.124227  102.828735    12.992   -10868.8    19306.4     6856.1    533.9    368.2    459.7 2023  1  3 10 35 16.200  2.6   1
     1252  27.093378  102.892896    15.563    -4503.5    15888.2     9426.2   2136.5   1691.7   1606.7 2023  1  3 12 47  7.960  3.2   1
     1258  26.456183  102.879606    28.553    -5838.5   -54714.8    22416.3   1845.5   1809.9   1533.5 2023  1  3 13 53 37.410  2.4   1
     1266  27.176064  103.105371    14.850    16576.4    25050.0     8713.2   1207.1   1154.2    780.3 2023  1  3 16 18 35.630  3.5   1
     1270  27.109157  102.796891     1.999   -14029.0    17636.6    -4137.2    985.2    777.8   1034.0 2023  1  3 17  7 56.840  2.8   1
     1280  26.949316  102.997119     6.491     5843.3      -74.2      354.7    476.3    367.0    751.2 2023  1  3 18 37 22.120  2.0   1
     1283  26.565078  103.029476    14.123     9071.9   -42648.9     7986.3    818.9    742.6    679.5 2023  1  3 19  7 30.080  3.1   1
     1304  27.110012  102.842896    12.853    -9464.1    17731.3     6716.7    544.3    320.6    378.5 2023  1  4  2 22 33.690  2.9   1
     1331  27.150533  102.868660     8.010    -6906.3    22221.2     1873.9    467.6    307.5    608.2 2023  1  4 14 29  2.600  2.2   1
     1334  26.704030  103.015202     3.523     7647.3   -27252.6    -2613.1    693.0    338.7    494.2 2023  1  4 15 35 17.780  1.9   1
     1337  26.801074  102.958081    10.601     1968.5   -16499.8     4465.0    461.9    573.4    612.4 2023  1  4 16  0 43.930  1.9   1
     1338  26.978843  102.909733    22.547    -2833.5     3197.6    16410.9    575.7    474.3    364.6 2023  1  4 16 33 13.890  0.9   1
     1345  27.201731  102.865926    12.879    -7175.9    27894.0     6742.4    837.7    531.0    544.8 2023  1  4 18 10 21.920  2.2   1
     1347  26.858881  102.824300    10.588   -11322.3   -10094.6     4451.1    927.3    700.1    746.2 2023  1  4 18 46 41.840  3.5   1
     1350  26.850645  102.954948    13.993     1656.3   -11007.3     7856.4    420.1    316.6    329.1 2023  1  4 19 27 11.020  3.5   1
     1352  26.796674  102.929264    16.596     -895.3   -16987.4    10460.0   1827.2   2241.9   1834.4 2023  1  4 20  3 39.800  2.3   1
     1360  26.966219  102.930680     5.132     -754.3     1798.7    -1004.8    534.0    529.1    626.2 2023  1  4 22 34  8.940  2.1   1
     1378  27.266901  102.973730     6.200     3516.0    35115.0       63.2    790.6   1523.9    597.7 2023  1  5  8 54 25.770  1.9   1
     1386  26.903945  102.960970     7.525     2254.1    -5101.4     1388.9    382.1    524.8    281.2 2023  1  5 13 33 39.590  2.7   1
     1387  26.854911  102.954932     8.163     1654.6   -10534.6     2026.6    576.2    419.0    574.8 2023  1  5 13 36 43.040  3.8   1
     1394  27.174550  102.711214    13.861   -22524.3    24882.2     7724.8    515.5    716.1    686.7 2023  1  5 16 10 24.250  2.9   1
     1395  26.922953  102.909204     6.986    -2886.6    -2995.3      849.3    356.6    310.8    336.2 2023  1  5 16 58 37.710  3.2   1
     1402  26.810278  102.961336     9.444     2291.2   -15479.9     3307.4    498.9    656.8    576.1 2023  1  5 18 21 45.880  2.2   1
     1404  26.994006  102.806250     2.850   -13107.2     4877.5    -3286.2    368.3    369.0    618.5 2023  1  5 18 26 49.340  2.6   1
     1405  26.799367  102.973934    14.584     3543.4   -16688.9     8447.8    417.4    475.0    528.3 2023  1  5 18 48 23.160  3.0   1
     1406  26.975547  102.909025    19.081    -2903.7     2832.2    12944.5    295.2    323.7    492.3 2023  1  5 18 53 13.880  1.2   1
     1407  26.993793  103.030599    17.257     9166.0     4853.9    11120.3   2834.7   2110.7   2622.2 2023  1  5 18 57 42.640  2.6   1
     1409  26.816005  102.961629     6.466     2320.8   -14845.3      330.1    702.4    555.4   1046.8 2023  1  5 19  4  4.640  2.9   1
     1410  26.846257  102.946647     4.640      832.2   -11493.5    -1496.4    411.2    456.1    839.3 2023  1  5 19 19 20.860  2.6   1
     1411  26.921372  102.837663    10.831    -9991.4    -3170.5     4694.5    313.0    753.0    365.3 2023  1  5 19 20 31.660  2.4   1
     1412  26.850311  102.942782     5.235      448.2   -11044.2     -901.8    353.5    391.6    729.9 2023  1  5 19 34 36.200  2.3   1
     1413  26.850706  102.921468    12.630    -1669.4   -11000.5     6493.2    681.6    483.2    421.8 2023  1  5 19 38 54.920  3.3   1
     1414  27.019088  102.912451    13.477    -2563.7     7656.7     7340.3    836.4    691.6    484.5 2023  1  5 19 41 40.220  2.8   1
     1415  26.857894  102.841903    12.841    -9573.1   -10204.0     6704.7   1113.5    924.3   1006.1 2023  1  5 19 43 26.120  3.0   1
     1417  26.850439  102.916398    13.879    -2172.8   -11029.9     7742.4    517.2    379.3    367.5 2023  1  5 19 57 22.800  2.6   1
     1424  27.003733  102.907788     6.150    -3026.7     5955.4       13.4    810.8    705.0    814.1 2023  1  5 21  2 21.260  3.1   1
     1425  26.829942  102.964583    14.552     2613.6   -13301.3     8415.7    468.8    437.6    422.3 2023  1  5 21  4 48.560  3.5   1
     1428  26.825810  102.966341    17.028     2788.3   -13759.1    10891.5    442.2    428.4    416.4 2023  1  5 21 57 36.580  5.6   1
     1431  26.832656  102.954826    10.975     1644.8   -13000.4     4838.5    309.1    315.7    349.3 2023  1  5 22  4  9.800  4.9   1
     1432  26.867464  102.862882     9.481    -7489.0    -9143.6     3345.0    569.1    672.2    533.3 2023  1  5 22  8 18.040  2.8   1
     1433  26.835742  102.944556    10.718      624.5   -12658.6     4581.6    443.6    316.2    533.8 2023  1  5 22 15 54.360  2.9   1
     1435  26.674121  103.002669    22.790     6402.4   -30566.6    16653.3   1309.8   1044.5   1914.4 2023  1  5 22 19 14.540  2.5   1
     1436  26.826160  102.955981    14.496     1759.0   -13720.2     8359.7    429.8    384.7    344.2 2023  1  5 22 21  5.480  5.6   1
     1437  26.828518  102.973706    15.003     3520.0   -13459.0     8866.2    896.0    881.4   1053.7 2023  1  5 22 27 45.960  4.0   1
     1439  26.852492  103.006388    14.276     6766.8   -10802.6     8140.0    887.4    877.0    804.2 2023  1  5 22 43 29.800  5.2   1
     1440  26.830693  102.961914    13.521     2349.0   -13218.0     7384.2    286.6    298.6    283.8 2023  1  5 22 45 17.520  4.8   1
     1441  26.837573  102.960685    12.280     2226.5   -12455.7     6144.0    294.3    252.5    261.2 2023  1  5 22 47 20.320  3.1   1
     1442  26.805863  102.917318    15.954    -2082.0   -15969.1     9818.1   1000.8    717.5    626.2 2023  1  5 22 55 34.980  3.9   1
     1444  26.824955  102.968311    15.144     2984.5   -13853.8     9007.5    372.2    310.9    420.5 2023  1  5 23  2 29.760  3.2   1
     1445  26.836312  102.966846    12.264     2839.0   -12595.3     6127.8    441.9    311.7    358.1 2023  1  5 23  5 44.480  4.0   1
     1446  26.841799  102.950472    16.179     1212.2   -11987.3    10042.7    405.9    337.6    325.4 2023  1  5 23 11 18.480  3.4   1
     1448  26.818292  102.960286    14.553     2187.4   -14592.1     8416.2    330.5    324.1    317.2 2023  1  5 23 27 57.080  5.4   1
     1449  26.829732  102.929329     8.531     -888.3   -13324.5     2394.6    570.3    482.5    695.9 2023  1  5 23 33 36.320  3.2   1
     1450  26.816541  102.941545    15.520      324.8   -14786.0     9384.0    612.1    389.7    425.5 2023  1  5 23 38 26.920  3.7   1
     1451  26.840330  102.980119    17.227     4157.2   -12150.1    11090.2    746.8    486.9    454.2 2023  1  6  0 11 42.800  3.5   1
     1461  26.840619  102.911898    11.347    -2620.2   -12118.2     5210.8    839.2    728.1    743.2 2023  1  6  2  9 13.140  3.6   1
     1465  26.834066  102.961385    16.609     2295.8   -12844.2    10472.9    407.0    381.2    323.4 2023  1  6  2 50 22.410  5.9   1
     1466  26.818184  102.964510    11.751     2607.2   -14603.9     5614.7    461.3    500.6    611.4 2023  1  6  2 56 23.490  3.5   1
     1467  26.836794  102.958325    12.103     1991.8   -12542.0     5966.9    389.6    417.1    292.6 2023  1  6  2 57  1.020  3.8   1
     1469  26.837622  102.952669    12.655     1430.3   -12450.3     6518.7    286.4    259.1    264.5 2023  1  6  3  0 59.270  3.6   1
     1470  26.829041  102.948991    13.113     1064.5   -13401.0     6976.4    358.4    328.7    294.8 2023  1  6  3 25  4.030  3.7   1
     1473  26.663900  102.767497    18.807   -16979.1   -31699.2    12670.3   1315.9   1853.9   1623.9 2023  1  6  3 38  3.330  3.7   1
     1474  26.835769  102.951050    15.624     1269.1   -12655.5     9487.8    391.8    482.9    350.7 2023  1  6  3 41 32.280  3.4   1
     1478  26.822251  102.961597    15.609     2317.3   -14153.3     9472.8   1270.2    673.5    799.1 2023  1  6  4 27  4.690  3.8   1
     1479  26.836873  102.960970    14.215     2254.9   -12533.1     8078.9    306.6    278.1    315.7 2023  1  6  4 27 46.330  3.9   1
     1480  26.826758  102.970133    13.331     3165.3   -13654.0     7194.6    423.5    353.9    355.3 2023  1  6  4 51 23.310  3.7   1
     1482  27.025163  103.058911    28.374    11975.3     8329.9    22237.9    711.2   1146.1    782.5 2023  1  6  5  4 13.620  3.5   1
     1489  26.810907  102.967383    11.823     2892.4   -15410.3     5686.6    363.7    607.4    380.7 2023  1  6  6  5 52.330  3.0   1
     1490  26.834277  102.956087    13.251     1769.6   -12820.9     7114.7    692.7    520.9    506.3 2023  1  6  6  8 33.500  3.0   1
     1491  26.844269  102.933512     8.250     -472.8   -11713.6     2113.3    612.0    494.9    611.2 2023  1  6  6 12 13.430  3.1   1
     1494  26.942977  102.838713    14.363    -9886.5     -776.5     8226.2    680.1    588.0    579.8 2023  1  6  7  0 26.850  3.4   1
     1496  26.833954  102.960636    13.559     2221.7   -12856.7     7422.1    314.7    358.7    319.4 2023  1  6  7 51  6.930  4.0   1
     1509  26.833307  102.983285    16.940     4471.7   -12928.3    10803.9    640.4    469.5    547.9 2023  1  6 11  5  1.410  3.2   1
     1510  26.974483  102.921004     8.379    -1714.8     2714.3     2242.5    502.7    508.1    442.3 2023  1  6 11 15 40.300  5.4   1
     1511  26.833877  102.962891    14.108     2445.7   -12865.3     7971.7    407.9    293.5    391.8 2023  1  6 11 24 59.760  3.7   1
     1519  26.815131  102.959749     2.603     2134.1   -14942.3    -3533.3    636.8    455.1   1196.5 2023  1  6 13 50 16.640  3.4   1
     1520  26.834770  102.954956    14.527     1657.4   -12766.3     8390.7    542.6    534.2    521.3 2023  1  6 14 37 17.560  3.7   1
     1525  27.106771  102.797673    19.705   -13952.3    17372.2    13568.5   1104.7    869.3    769.7 2023  1  6 15 51 55.290  3.3   1
     1529  27.094257  103.107414     6.470    16784.6    15985.6      333.8   1153.2    703.6   1730.3 2023  1  6 16  9 54.970  1.4   1
     1530  26.837795  102.946517    10.862      819.1   -12431.0     4725.2    825.1    665.3    942.0 2023  1  6 16 14 42.600  2.7   1
     1531  26.887480  102.933822     8.152     -442.2    -6925.9     2016.0    883.1   1149.7   2928.5 2023  1  6 16 35 36.810  2.5   1
     1534  26.545742  102.967505     5.912     2907.8   -44791.4     -224.3   1622.4   1510.3   1254.0 2023  1  6 16 48 36.090  3.5   1
     1538  26.790851  102.974935     8.255     3642.7   -17632.7     2118.7    260.2    411.2    825.7 2023  1  6 17  7 21.200  2.2   1
     1546  26.867981  102.879557     4.663    -5832.9    -9086.4    -1473.5   1336.6    516.3   1413.5 2023  1  6 18 53 36.500  2.2   1
     1548  26.981232  102.938908    11.620       63.2     3462.1     5484.1   1822.2   1016.9    642.0 2023  1  6 19 28 33.340  2.8   1
     1551  26.825319  102.949349    13.275     1100.7   -13813.4     7138.9    330.1    339.0    302.7 2023  1  6 20 36  5.420  3.7   1
     1555  27.152728  102.842562     8.502    -9495.5    22464.5     2365.9    611.5    270.9    976.6 2023  1  6 21  7 33.880  4.9   1
     1558  26.829887  102.963070    13.077     2463.4   -13307.3     6940.2    330.9    303.2    303.4 2023  1  6 21 38 29.200  4.3   1
     1559  27.046014  102.988932    10.541     5028.0    10640.3     4405.0    865.2    902.9    688.1 2023  1  6 21 58 12.060  2.7   1
     1561  26.822528  102.968522    17.298     3005.5   -14122.6    11161.2    569.1    452.3    424.9 2023  1  6 22 13 55.780  4.5   1
     1566  26.824660  103.012964    13.835     7421.1   -13886.5     7698.4    994.5    678.2    869.0 2023  1  6 23 10 13.040  3.2   1
     1573  27.093463  102.978735     7.725     4015.2    15897.7     1588.9   1065.3    626.4   1446.6 2023  1  7  0 47 17.390  3.2   1
     1578  27.201799  102.837826     9.785    -9963.4    27901.6     3649.0    297.1    374.4    294.1 2023  1  7  2 53 57.070  2.2   1
     1584  26.939313  102.671224    12.427   -26518.8    -1182.6     6290.6    545.5    644.0    557.1 2023  1  7  5 10 35.680  2.9   1
     1587  26.808828  103.000000     2.263     6133.5   -15640.6    -3873.5    607.1    518.8    995.4 2023  1  7  6 59  0.730  3.5   1
     1598  26.843231  102.946883    15.228      855.2   -11828.6     9091.9    588.1    511.3    468.5 2023  1  7 11 38 45.550  3.3   1
     1603  27.303379  102.968408    15.112     2987.3    39156.9     8975.5   1141.5    758.0    538.4 2023  1  7 14 10 41.150  2.8   1
     1604  27.231160  102.904451    16.499    -3354.2    31155.0    10362.2   1413.0   2169.8   1142.4 2023  1  7 15 10 53.790  1.8   1
     1607  26.965869  102.889429     8.662    -4850.0     1760.0     2525.9    685.9    483.9    561.2 2023  1  7 15 39 14.060  2.9   1
     1608  27.103955  102.864380    13.722    -7332.2    17060.2     7585.4    400.8    216.0    237.8 2023  1  7 15 40  8.830  4.2   1
     1611  26.840102  102.948853    14.319     1051.2   -12175.4     8182.6    351.6    454.4    353.4 2023  1  7 16 37 55.380  2.6   1
     1616  27.110618  102.822876     1.676   -11451.1    17798.5    -4460.1    317.6    423.5    799.2 2023  1  7 18 24  7.060  2.5   1
     1620  26.815251  102.957251    12.412     1885.2   -14929.1     6275.5    329.4    446.9    363.5 2023  1  7 20 13  6.540  3.4   1
     1626  27.057023  102.674618     6.056   -26168.2    11860.0      -79.9    840.5   1195.3    803.4 2023  1  7 21 13 44.480  2.9   1
     1628  26.983765  102.985832    10.612     4722.0     3742.8     4476.0   1341.1   1195.0    683.6 2023  1  7 22 20 54.920  2.8   1
     1635  26.988544  102.906217    10.528    -3182.6     4272.4     4391.3    764.9    802.3    502.5 2023  1  8  2 20 23.170  3.0   1
     1638  26.488761  102.926351    10.362    -1186.4   -51104.9     4225.2   1290.5   1027.7   1581.5 2023  1  8  2 44 31.880  3.3   1
     1641  26.744462  102.877596    10.394    -6030.8   -22772.6     4257.5   2076.9   1128.6   1713.3 2023  1  8  4 26  9.320  3.1   1
     1643  26.788479  102.962248     8.543     2382.1   -17895.4     2406.5    416.6    456.7   1020.8 2023  1  8  4 44 11.920  2.7   1
     1644  26.837632  102.946712    13.539      838.2   -12449.0     7402.9    342.9    343.6    373.5 2023  1  8  5 28 16.570  3.7   1
     1646  26.841858  102.879272     9.208    -5861.3   -11980.8     3071.2    854.6    800.2    887.2 2023  1  8  5 59 42.990  5.1   1
     1648  26.777246  102.884880    15.420    -5306.1   -19140.0     9283.2   1352.8   1363.5    878.0 2023  1  8  6 30 28.370  2.9   1
     1651  27.020481  102.897412     8.145    -4056.0     7811.2     2008.4   1403.8   1226.1   1074.6 2023  1  8  7  1 45.160  3.4   1
     1652  26.832379  102.969686    13.277     3120.6   -13031.2     7140.3    589.4    509.9    559.3 2023  1  8  7 43 55.900  3.2   1
     1653  26.836536  102.952482    14.056     1411.8   -12570.5     7920.0    275.0    260.0    273.3 2023  1  8  9 21  3.240  3.7   1
     1655  27.027523  102.795540    13.295   -14168.4     8591.4     7159.1    796.3    762.4    694.6 2023  1  8  9 44 14.220  3.2   1
     1657  27.132255  102.868465    12.915    -6926.5    20196.0     6779.0    681.3    496.5    453.4 2023  1  8 10 34 34.150  4.5   1
     1659  27.145306  102.773625    10.861   -16335.2    21642.0     4724.9    698.6    789.9    968.9 2023  1  8 11  7 30.660  2.9   1
     1662  26.832255  102.948991    13.090     1065.1   -13044.8     6954.1    312.7    237.7    353.1 2023  1  8 12 18 53.450  3.6   1
     1674  26.505127  103.011686     9.806     7303.7   -49291.6     3670.1   1011.0   1023.3   1370.7 2023  1  8 16 58 43.770  3.5   1
     1675  26.831270  102.951758    11.249     1339.4   -13154.0     5112.9    345.0    251.5    316.3 2023  1  8 17  5 43.960  3.1   1
     1678  26.683651  102.998649    13.986     6002.0   -29510.6     7849.2    664.9    584.3    584.3 2023  1  8 18  3 48.840  3.2   1
     1679  26.919350  102.970768    18.972     3227.6    -3394.4    12835.7    447.0    438.0    366.4 2023  1  8 18 10 39.480  2.5   1
     1688  26.827559  102.959521    14.235     2111.2   -13565.2     8099.0    310.6    373.2    337.5 2023  1  8 20 59 20.120  3.0   1
     1690  26.989067  102.875830    16.538    -6199.3     4330.4    10401.5   1683.4   1083.1   1170.4 2023  1  8 21 29 31.160  2.8   1
     1691  26.936898  102.860457    12.116    -7727.8    -1450.1     5979.6    615.0    633.8    612.7 2023  1  8 21 39 13.640  3.3   1
     1692  26.938955  102.871932    12.774    -6587.7    -1222.3     6637.6    599.2    541.0    559.6 2023  1  8 21 47 29.700  3.2   1
     1694  26.513379  102.993921    10.344     5536.6   -48377.3     4207.9    777.7    804.0    892.8 2023  1  8 22 47 19.760  4.4   1
     1696  26.891838  102.926310    10.593    -1188.2    -6442.9     4456.3    510.4    492.8    429.1 2023  1  9  1  2 25.250  3.1   1
     1703  27.213259  103.010360    11.638     7149.5    29171.4     5501.2    384.5    497.1    523.4 2023  1  9  5 52  9.980  4.2   1
     1709  26.735819  102.968123    12.277     2966.8   -23730.2     6140.4   1302.1   1634.8   1195.8 2023  1  9  7  7 25.610  3.3   1
     1717  27.111550  102.869930     6.798    -6781.7    17901.6      661.2   2018.1    620.4   1229.5 2023  1  9 15 16  1.350  3.2   1
     1719  26.883364  102.942969     9.472      466.5    -7381.9     3335.9    532.2    403.6    444.3 2023  1  9 16  6 17.470  3.2   1
     1720  26.876573  102.943376    10.264      506.9    -8134.3     4127.5    438.4    312.0    349.8 2023  1  9 16 14 24.770  3.0   1
     1721  26.875112  102.942383     9.478      408.2    -8296.2     3341.3    429.0    415.2    346.4 2023  1  9 16 39 28.720  3.0   1
     1722  26.871041  102.958114    15.168     1971.2    -8747.3     9031.5    653.9    565.6   1115.8 2023  1  9 16 57 16.400  4.2   1
     1723  26.635728  103.022843    20.166     8409.4   -34820.6    14029.2    724.7    953.2    924.5 2023  1  9 17 10 38.240  3.9   1
     1725  26.362722  102.968856    28.174     3044.5   -65070.5    22037.9   2265.9   1384.8   1446.3 2023  1  9 18  8 50.720  4.4   1
     1726  26.885097  103.023014    11.744     8417.4    -7189.9     5608.0    881.8   1525.3    818.7 2023  1  9 18 14 29.100  2.3   1
     1727  26.883962  102.962134    10.884     2369.7    -7315.7     4748.0    513.1    444.9    511.2 2023  1  9 19  8 37.980  2.9   1
     1729  26.959996  102.909635     4.165    -2843.7     1109.2    -1971.7    849.8    930.8    877.5 2023  1  9 19 18 43.680  2.5   1
     1730  26.863515  102.948535     7.519     1019.4    -9581.1     1382.2    587.2    430.9    613.3 2023  1  9 19 27 32.440  2.9   1
     1731  26.935278  102.886816    11.065    -5109.6    -1629.6     4928.7   1177.4    736.2   1134.4 2023  1  9 19 36  8.060  2.9   1
     1732  26.877212  102.946403    10.624      807.3    -8063.6     4487.7    461.0    355.7    359.1 2023  1  9 20 35 17.380  4.9   1
     1733  26.882831  102.946012    10.654      768.8    -7441.0     4517.9    372.2    489.2    378.8 2023  1  9 20 39 20.860  3.4   1
     1734  26.876638  102.946029     8.717      770.3    -8127.2     2580.7    442.0    333.0    416.8 2023  1  9 21 45  5.440  3.0   1
     1737  26.884589  102.943197    10.694      489.2    -7246.1     4557.2    416.4    316.3    249.3 2023  1  9 22  7  4.500  3.6   1
     1738  26.881925  102.942464    11.767      416.6    -7541.2     5631.0    458.7    406.7    487.2 2023  1  9 22 12 25.440  3.7   1
     1742  27.034239  102.826888    11.559   -11056.3     9335.4     5422.5    505.5    581.9    530.5 2023  1  9 23 27  6.800  3.3   1
     1748  26.882900  102.941162    10.325      287.0    -7433.2     4188.6    365.1    350.4    342.6 2023  1 10  1 44 54.780  2.7   1
     1752  26.911702  102.938094     8.565      -17.9    -4241.9     2428.4    665.5    607.7   1079.6 2023  1 10  4 13  0.530  2.8   1
     1757  27.111857  102.856201     9.562    -8144.2    17935.8     3425.6   1593.7   1381.6   2491.0 2023  1 10  6 47 57.870  3.4   1
     1760  27.018835  102.792578     4.235   -14462.8     7628.7    -1901.0    429.3    637.9   1052.7 2023  1 10  7 20 18.320  3.0   1
     1765  26.987378  102.862980     7.966    -7475.3     4143.0     1830.0    888.6    693.6    551.4 2023  1 10  8 19 50.520  3.9   1
     1770  26.869594  102.922518     7.408    -1565.1    -8907.5     1272.0    727.9    536.0    473.5 2023  1 10  9 51  7.700  3.4   1
     1778  26.864467  102.938688    18.551       40.8    -9475.8    12414.2   1388.8    848.6    831.8 2023  1 10 13 34 23.820  3.4   1
     1779  26.847534  102.929899    11.171     -831.7   -11351.9     5034.1    408.9    315.6    499.8 2023  1 10 13 36 48.280  3.4   1
     1780  26.870424  102.940592     6.976      230.2    -8815.5      839.8    442.5    526.6    672.1 2023  1 10 14 22  2.390  2.8   1
     1781  26.827120  102.954989    11.361     1660.4   -13613.9     5224.4    563.3    409.6    522.9 2023  1 10 15  7 20.700  2.9   1
     1783  26.857170  102.927498    15.335    -1070.3   -10284.3     9198.8    501.0    411.7    441.3 2023  1 10 15 13 25.930  3.7   1
     1785  26.850505  102.933789    12.578     -445.7   -11022.8     6441.4    466.6    511.3    786.6 2023  1 10 16 19 19.210  2.9   1
     1790  26.975116  102.921997     6.100    -1616.2     2784.5      -36.5    379.8    472.8    431.6 2023  1 10 18 32 50.840  2.7   1
     1802  26.357306  103.042000    20.961    10326.6   -65670.4    14824.7    617.6    387.9    404.5 2023  1 10 21 28 35.140  3.3   1
     1805  27.119159  102.808683     9.123   -12858.3    18744.8     2986.4    707.1    361.3    911.3 2023  1 10 22 46 21.860  3.2   1
     1810  26.848993  102.937174    15.575     -109.4   -11190.2     9438.3    611.4    348.1    368.6 2023  1 11  0  7 17.780  3.6   1
     1812  26.953162  102.906038     8.870    -3201.1      352.0     2734.1    577.0    484.6    394.5 2023  1 11  0 36  5.800  2.7   1
     1817  27.313944  102.897786    17.364    -4014.0    40327.7    11227.6   1018.2    899.4    688.7 2023  1 11  3  3 58.590  3.4   1
     1820  26.846265  102.924495    11.781    -1368.9   -11492.7     5644.3    828.0    803.6    880.7 2023  1 11  4 17  3.990  2.8   1
     1821  27.107965  103.168587    16.719    22853.9    17504.6    10582.2    924.7    952.0   1758.5 2023  1 11  4 20 43.270  3.9   1
     1823  27.110807  102.834456    14.346   -10301.9    17819.4     8209.8    392.0    309.8    293.5 2023  1 11  4 48 26.140  4.3   1
     1828  27.136584  102.810946    10.987   -12633.5    20675.5     4850.2    685.1    717.5    756.3 2023  1 11  7 16 53.220  3.3   1
     1846  26.877889  102.933879    11.812     -436.5    -7988.6     5675.6    546.7    450.9    357.8 2023  1 11 12 40 18.140  3.3   1
     1847  27.102828  102.855876    13.011    -8176.1    16935.3     6874.7    496.9    282.1    380.4 2023  1 11 12 47 56.460  2.5   1
     1855  26.880349  102.939974    10.160      168.7    -7716.0     4024.1    459.4    340.1    284.9 2023  1 11 15 39  2.760  3.5   1
     1862  26.886829  102.938688    10.037       40.8    -6998.1     3900.2    612.5    562.7    320.2 2023  1 11 18 31 49.400  3.0   1
     1868  26.873037  102.941284    19.925      298.9    -8526.2    13788.5   1387.4   1229.0    883.4 2023  1 11 20 35 25.940  2.9   1
     1878  27.027163  102.795337    17.551   -14188.8     8551.5    11414.7    547.9    561.3    492.0 2023  1 12  1 42  2.140  3.9   1
     1884  27.105983  102.868164    16.687    -6956.6    17284.9    10551.0    824.0    464.1    490.2 2023  1 12  6 25 51.630  6.0   1
     1885  27.117063  102.796965    14.616   -14021.7    18512.6     8479.6    401.2    338.6    312.2 2023  1 12  6 36 45.960  5.0   1
     1886  27.120172  102.822380     9.429   -11499.6    18857.1     3292.6    946.6    658.9   1915.3 2023  1 12  6 54  8.120  3.2   1
     1893  27.003204  102.901270     2.083    -3673.9     5896.8    -4053.1    687.6    782.1    650.5 2023  1 12  9 17 59.720  2.8   1
     1895  27.082066  102.927108    18.330    -1108.3    14634.8    12193.4    642.7    414.8    499.4 2023  1 12  9 24 17.860  3.9   1
     1897  27.012059  102.861825     7.135    -7589.1     6877.9      998.6    616.8   1198.2    981.7 2023  1 12  9 59 56.900  2.5   1
     1898  27.118913  102.806999    13.415   -13025.7    18717.5     7278.8    390.0    296.8    275.3 2023  1 12 11  0 25.500  4.2   1
     1912  27.096484  102.806974    18.093   -13029.8    16232.5    11956.6    813.0    537.6    737.8 2023  1 12 18 39  9.000  3.1   1
     1918  26.829218  102.764128    11.799   -17301.9   -13381.5     5662.7   1317.2   2536.0   3146.6 2023  1 12 19 47 23.600  2.7   1
     1920  26.860903  103.004728     7.772     6601.6    -9870.6     1635.2    565.5    552.3    830.7 2023  1 12 20 14 58.940  2.5   1
     1923  27.115574  102.817440    13.425   -11989.9    18347.6     7289.0    396.0    308.2    422.5 2023  1 12 21 27 16.860  4.8   1
     1924  27.121647  102.815690    11.928   -12163.1    19020.6     5791.5    508.8    332.2    495.0 2023  1 12 22 30 23.240  3.9   1
     1925  26.890084  102.942570     6.508      426.8    -6637.2      371.9   1103.3    806.7    566.3 2023  1 12 22 42 18.720  2.7   1
     1926  27.107052  102.818075    14.576   -11927.5    17403.3     8439.4    452.2    315.9    316.7 2023  1 12 22 45 29.160  3.7   1
     1928  27.098912  102.861304    13.457    -7638.0    16501.3     7320.2    505.9    310.0    307.3 2023  1 13  0  2  4.850  3.5   1
     1932  26.951880  102.811287    15.956   -12609.7      209.9     9819.8   1025.4    617.1    975.1 2023  1 13  1 21 27.390  3.5   1
     1934  27.105784  102.861613    12.133    -7606.7    17262.9     5996.3    358.9    268.3    312.4 2023  1 13  1 42 41.480  3.2   1
     1937  26.887716  102.876375     7.337    -6147.7    -6899.7     1201.0   1498.5   1386.9   2864.0 2023  1 13  2 33 16.350  1.8   1
     1938  27.173883  103.081405    11.818    14198.6    24808.4     5681.2    695.7   1744.6   1462.7 2023  1 13  2 33 38.280  3.0   1
     1941  26.828735  102.976278    10.960     3775.9   -13434.9     4823.5    375.5    301.5    375.2 2023  1 13  5 13  5.790  3.6   1
     1947  27.112168  102.823966    14.536   -11342.3    17970.2     8399.6    454.8    372.3    549.1 2023  1 13  9 37 46.380  2.8   1
     1948  27.110549  102.856885    14.333    -8075.8    17790.9     8196.4    373.9    303.5    298.2 2023  1 13  9 48 48.310  3.4   1
     1951  26.581663  103.068302     9.568    12933.0   -40811.2     3431.6    479.9    506.0    520.9 2023  1 13 10 14 16.080  2.4   1
     1957  27.114750  102.829500    10.244   -10793.3    18256.3     4107.7    357.6    291.4    367.0 2023  1 13 11 23 47.790  3.1   1
     1959  27.114136  102.845060     3.659    -9248.9    18188.2    -2477.5    552.9    441.5    874.2 2023  1 13 11 56 17.150  3.2   1
     1960  26.877295  103.072388     6.337    13321.4    -8054.4      200.9    552.5    971.2    989.2 2023  1 13 12  0 12.650  2.8   1
     1961  27.096824  102.898145    14.162    -3982.2    16270.1     8025.8    913.7    604.6    561.5 2023  1 13 12  4 18.040  2.8   1
     1962  27.125883  102.890715    10.160    -4719.0    19489.8     4023.2   1145.6    610.7    897.0 2023  1 13 12 33 23.730  4.1   1
     1965  27.105448  102.813867    13.035   -12345.0    17225.6     6898.3    311.2    272.4    368.4 2023  1 13 13 55 47.290  3.4   1
     1968  27.094670  102.905501    17.112    -3252.1    16031.4    10975.8    590.0    323.8    396.1 2023  1 13 14 55 59.380  2.5   1
     1975  27.117576  102.837736    12.245    -9975.9    18569.5     6108.2    763.4    634.2    532.1 2023  1 13 17 40 58.040  2.8   1
     1981  27.158482  103.128491     6.570    18870.9    23101.8      433.2    398.2    488.8   2212.9 2023  1 13 18 35 34.340  3.6   1
     1983  27.099561  102.871899    13.130    -6586.2    16573.4     6993.4    483.0    350.1    396.3 2023  1 13 18 44 10.720  3.2   1
     1986  27.094340  102.953963     6.627     1556.8    15994.7      491.0    622.5    440.4    693.5 2023  1 13 20 24 47.360  2.4   1
     1987  27.122550  102.792839     8.372   -14430.3    19120.7     2235.1    733.1    421.4   1412.0 2023  1 13 20 28 56.680  3.1   1
     1995  27.208553  103.029810     6.583     9079.5    28649.8      446.2   1081.2   2785.7   1872.9 2023  1 13 23 58 19.000  2.0   1
     1999  26.785950  102.976367    13.252     3785.3   -18175.7     7116.0    578.7    557.6    516.2 2023  1 14  2  9 10.410  3.6   1
     2002  26.785561  102.980632    14.995     4208.9   -18218.7     8858.5    535.5    524.6    504.8 2023  1 14  2 13 49.160  3.6   1
     2006  27.102445  102.838924    17.095    -9858.9    16892.9    10958.6    855.0    585.5    499.0 2023  1 14  4 22 24.510  3.2   1
     2008  26.857973  102.855176     4.906    -8255.1   -10195.2    -1230.3   1026.3    633.0   1085.9 2023  1 14  5 22 43.770  2.9   1
     2014  26.878835  102.926611     9.163    -1158.2    -7883.7     3026.8    548.7    435.1    476.0 2023  1 14  8 57 20.990  2.8   1
     2016  26.763572  102.767480    10.104   -16973.6   -20655.2     3967.6   1873.5   2239.3   1303.2 2023  1 14  9 26 46.190  2.7   1
     2026  26.975238  102.986507     8.732     4789.4     2798.1     2595.8    855.4    802.1   1048.5 2023  1 14 13 17 19.210  2.6   1
     2031  26.857878  102.922624    12.107    -1554.5   -10205.8     5970.6    588.7    434.4    380.5 2023  1 14 14 35  3.700  3.0   1
     2032  26.863180  102.864998     8.937    -7278.6    -9618.4     2800.3   1161.8    951.4   1032.5 2023  1 14 14 39 41.820  3.4   1
     2044  26.939203  102.904899     6.219    -3314.3    -1194.7       82.4    462.0    371.8    441.8 2023  1 14 16 43 43.950  2.8   1
     2045  26.939292  102.881063    10.683    -5681.2    -1184.8     4546.9   1413.0   1143.1   1746.8 2023  1 14 17  1 56.200  2.9   1
     2051  27.032725  102.853190     4.474    -8445.2     9167.6    -1662.0   1355.4    455.8    498.8 2023  1 14 20 43 41.180  3.5   1
     2057  26.954449  102.920483     7.737    -1766.1      494.5     1600.7    434.6    422.6    385.4 2023  1 14 21 31 33.240  2.7   1
     2060  27.214870  102.856958     5.912    -8065.4    29349.9     -224.0    945.4    817.5   1130.3 2023  1 14 21 48 47.400  1.9   1
     2063  27.106146  102.817969    10.312   -11937.5    17303.1     4176.0    461.9    280.0    466.0 2023  1 14 23 36 57.880  3.7   1
     2072  27.049687  102.676636     8.662   -25968.8    11047.2     2525.6    959.7   2407.5    739.2 2023  1 15  1 56 54.790  3.0   1
     2077  27.059804  103.135238    11.602    19549.3    12168.3     5465.3   1060.4    803.0   1233.9 2023  1 15  3  5 26.790  3.6   1
     2079  26.865342  103.004036     8.309     6532.3    -9378.8     2173.0   1390.2   1122.5   1506.2 2023  1 15  4  0 31.110  3.1   1
     2083  26.854659  103.120028    14.764    18056.0   -10562.5     8628.0   2014.4   1595.8    906.5 2023  1 15  5 32 14.670  3.1   1
     2084  27.055284  102.988143     4.448     4949.7    11667.2    -1688.8    430.0    458.4    691.7 2023  1 15  5 40 13.010  2.7   1
     2085  27.060612  103.024121    11.120     8520.3    12257.7     4983.7    810.0   2576.1    994.9 2023  1 15  5 52  9.340  2.7   1
     2105  26.747583  102.755770     1.736   -18138.2   -22426.8    -4400.5    461.5    293.1    428.6 2023  1 15 13 25 48.110  1.9   1
     2116  27.180143  102.997201     1.710     5845.5    25502.0    -4426.3   1436.4    517.4   1425.0 2023  1 15 16 30 19.120  2.8   1
     2119  27.109281  102.833838    13.978   -10363.4    17650.5     7841.8    403.3    298.7    376.3 2023  1 15 17 11  5.080  3.8   1
     2120  26.840330  102.917887     9.524    -2025.2   -12150.1     3387.8    838.5    375.9    575.8 2023  1 15 17 24 37.540  2.8   1
     2121  26.897764  102.848413     6.494    -8924.7    -5786.3      357.7   1256.2    654.7    736.2 2023  1 15 17 27 46.360  2.8   1
     2124  26.638586  103.001595    10.797     6296.2   -34503.8     4660.4    336.8    314.4    501.2 2023  1 15 18 44 18.460  2.7   1
     2127  26.916217  102.955900    19.404     1750.3    -3741.7    13267.3    920.0   1744.6    388.1 2023  1 15 19 40 19.120  3.1   1
     2145  26.847646  102.862207    10.137    -7556.5   -11339.4     4000.9    801.4   1027.4    825.7 2023  1 15 23 22 58.340  2.6   1
     2149  26.892306  103.126799     7.588    18725.4    -6391.2     1451.9    392.6    524.3    543.7 2023  1 15 23 45 28.480  3.5   1
     2153  26.839331  102.953434    13.028     1506.2   -12260.9     6891.2    327.6    351.9    255.9 2023  1 16  2 13 26.450  3.6   1
     2158  27.037565  103.041903    30.044    10286.1     9703.9    23907.9    704.6   1161.3    777.1 2023  1 16  4 10 57.510  4.7   1
     2171  26.978735  102.985783     5.698     4717.4     3185.6     -438.5   1005.8    702.0    854.1 2023  1 16  8 21 20.280  3.6   1
     2172  26.967629  102.970866     5.794     3235.8     1954.9     -342.1    943.8    611.1    597.6 2023  1 16  8 34  0.500  3.8   1
     2173  26.857749  102.942163    11.499      386.4   -10220.0     5362.8    549.5    350.6    358.4 2023  1 16  8 53 26.520  3.6   1
     2175  26.853505  102.969206    15.800     3073.2   -10690.2     9663.2    790.8    520.5    636.2 2023  1 16  8 58 50.730  3.3   1
     2180  26.844552  102.941130     4.964      284.0   -11682.3    -1172.5    409.9    360.7    725.3 2023  1 16 10 14 47.540  2.7   1
     2195  26.837447  102.983211    12.742     4464.6   -12469.6     6605.9    607.8    397.2    428.3 2023  1 16 16  3 18.920  3.4   1
     2198  26.976817  102.924211     8.395    -1396.2     2973.0     2259.0    393.2    380.2    336.3 2023  1 16 16 16 44.450  3.2   1
     2199  26.967574  102.938558     8.491       28.1     1948.9     2354.5    438.3    400.3    378.1 2023  1 16 16 20  5.830  3.0   1
     2208  26.842480  102.911833    10.881    -2626.7   -11911.9     4744.7    706.2    800.0    823.5 2023  1 16 18 25 35.240  3.2   1
     2212  27.096659  102.888949    15.305    -4895.0    16251.8     9168.7   1115.6    628.3    334.1 2023  1 16 19  2 17.180  2.7   1
     2219  26.983968  102.819710     6.861   -11771.6     3765.4      724.6    415.9    488.8    579.2 2023  1 16 21  1 28.460  2.8   1
     2224  26.657318  102.908317    16.792    -2978.2   -32428.4    10655.4    679.5    766.8    618.1 2023  1 16 21 49 53.100  1.1   1
     2230  26.880566  103.045459     9.865    10647.0    -7691.8     3728.6    753.8    935.1    756.4 2023  1 16 23  4  7.160  2.5   1
     2231  26.582835  102.962508     8.055     2410.0   -40681.2     1918.2    562.7    780.1    954.3 2023  1 16 23 51 20.800  2.3   1
     2234  27.206472  102.844482     4.474    -9303.1    28419.4    -1662.6    881.6    790.0   1408.7 2023  1 17  2  7 35.770  3.1   1
     2248  26.563383  103.068343    13.137    12937.9   -42836.6     7000.8    599.8    803.2    689.7 2023  1 17  7 15 21.930  4.3   1
     2255  27.213780  103.120418    14.398    18065.9    29229.0     8261.6    644.0   1143.2    545.3 2023  1 17  9 14 52.110  3.4   1
     2264  27.121391  102.814176     4.925   -12313.1    18992.2    -1211.6    462.8    581.1   1682.1 2023  1 17 12 11 25.270  2.8   1
     2266  27.140094  102.873674     9.319    -6409.4    21064.6     3182.9    416.8    265.2    513.4 2023  1 17 12 36 10.780  3.7   1
     2269  27.115442  102.881836     6.619    -5599.8    18333.1      482.3    827.0    472.3   1294.2 2023  1 17 12 55 13.130  3.6   1
     2271  26.776927  103.114787     7.533    17540.6   -19175.3     1396.7   1060.8    558.0    871.6 2023  1 17 13 44 12.520  1.0   1
     2275  27.089351  102.736214    11.891   -20051.9    15442.1     5754.5    811.2    899.1   1061.8 2023  1 17 14 23 48.860  2.8   1
     2281  27.066056  103.046859    11.011    10777.2    12861.0     4874.8    963.0    588.4   1147.8 2023  1 17 15 29  9.270  3.3   1
     2285  26.898763  102.756022    14.566   -18101.7    -5675.6     8429.5    498.8    530.2    445.0 2023  1 17 15 49 45.630  4.6   1
     2286  26.833246  102.950708     7.619     1235.7   -12935.1     1482.3    609.4    507.6    785.7 2023  1 17 16  1 33.800  2.9   1
     2293  26.825861  102.965413     9.055     2696.5   -13753.4     2918.7   3480.9   1953.6   2143.7 2023  1 17 18 26 33.720  2.6   1
     2296  26.984792  103.103719    15.527    16426.5     3856.7     9390.5   1345.9    932.7   1563.3 2023  1 17 19 11 52.580  3.0   1
     2298  26.884357  102.876546     7.353    -6130.9    -7271.8     1216.9    946.8    596.4    633.6 2023  1 17 19 20 34.640  2.7   1
     2301  27.068193  102.821370     2.136   -11602.0    13097.6    -4000.1    615.7    994.1   1169.1 2023  1 17 20  8  1.560  2.9   1
     2302  27.078963  102.915186     8.726    -2291.3    14291.0     2589.2    767.2    406.3    634.0 2023  1 17 20 12 10.240  3.8   1
     2303  27.131978  102.818286     1.884   -11905.4    20165.2    -4252.6    671.3    345.5   1955.6 2023  1 17 20 19  3.620  2.4   1
     2304  26.953975  102.909701     3.102    -2837.3      442.1    -3034.2    828.2    903.1   1065.3 2023  1 17 20 37 19.900  1.9   1
     2305  27.044566  102.843424     6.029    -9414.4    10479.7     -106.9    815.9    523.3   1644.2 2023  1 17 20 43 35.940  3.1   1
     2306  26.901717  102.896916    10.311    -4107.7    -5348.3     4174.5   1223.8    866.3    829.4 2023  1 17 20 57  4.440  2.7   1
     2311  27.077325  102.876237    12.243    -6156.9    14109.6     6106.7   1278.3    824.8    979.7 2023  1 17 21 24 35.720  2.9   1
     2312  27.060911  102.975008     7.053     3645.8    12290.8      917.1    894.4    839.7    887.2 2023  1 17 21 56 35.680  3.1   1
     2315  27.078497  102.668091     9.342   -26813.5    14239.5     3205.8    790.0   1114.9   1212.4 2023  1 17 23 24 12.560  2.4   1
     2330  26.753471  103.027962    17.237     8913.9   -21774.4    11100.2   1131.5    786.8    767.4 2023  1 18  2 58 19.520  3.0   1
     2348  27.000250  102.874772     6.125    -6303.8     5569.3      -11.7    994.3    577.7    699.2 2023  1 18  7 22 51.730  3.2   1
     2369  27.040533  103.035872    13.218     9687.8    10032.8     7081.7   3330.4   1353.2   1898.8 2023  1 18 14 19 31.340  3.3   1
     2376  27.119810  102.955778    11.505     1736.6    18817.1     5369.9   1659.0    816.3   1288.6 2023  1 18 17 49 34.480  2.6   1
     2377  26.822803  103.064282     5.661    12519.6   -14092.2     -475.7    876.8    901.0   1316.7 2023  1 18 17 54  8.640  2.4   1
     2380  27.102738  102.886060     7.140    -5180.9    16925.5     1003.7    544.7    339.0    780.0 2023  1 18 19 33 20.760  3.7   1
     2385  27.032359  102.814412    12.202   -12295.1     9127.2     6065.5    528.3    461.6    414.6 2023  1 18 21 12 59.400  3.2   1
     2392  26.810335  102.991829     8.513     5321.3   -15473.7     2376.3   1174.4    947.7   2093.8 2023  1 19  0  3 55.730  2.0   1
     2402  26.878941  103.126310     6.727    18677.7    -7872.0      590.3    434.8    513.5    526.0 2023  1 19  3 45  0.380  2.3   1
     2404  27.122312  102.831478     7.614   -10596.9    19094.3     1477.3    970.2    619.2    907.8 2023  1 19  3 59 42.160  3.2   1
     2409  26.958494  102.987939     6.399     4932.0      942.7      262.3    871.9    952.4    893.1 2023  1 19  5 13 45.370  2.7   1
     2411  27.028078  102.807064    17.287   -13024.3     8652.8    11150.8    775.4    586.2    582.2 2023  1 19  6 10  5.170  3.6   1
     2416  26.894578  102.936499    23.319     -175.9    -6139.2    17182.5   1126.4    625.3    714.1 2023  1 19  9 27 46.410  3.5   1
     2417  26.966168  103.016130    10.136     7730.4     1793.1     4000.1    776.6    851.3    703.4 2023  1 19  9 28 27.870  4.3   1
     2420  27.120681  102.789022     4.394   -14809.1    18913.5    -1741.2    589.0    396.4   1699.5 2023  1 19  9 44 51.830  3.6   1
     2433  26.962915  102.903060     8.509    -3496.3     1432.5     2372.7    817.8    692.4    448.2 2023  1 19 15 25 10.090  3.6   1
     2435  27.072321  103.085490     8.819    14610.3    13555.1     2683.1   1586.7   1314.7   2605.5 2023  1 19 16 57 47.290  2.6   1
     2440  26.991077  102.811247    12.039   -12611.5     4553.0     5902.7    575.5    495.3    384.0 2023  1 19 17 50  8.560  3.1   1
     2443  26.573726  103.042668    13.017    10383.6   -41690.5     6881.5    484.3    392.8    445.6 2023  1 19 18 37 36.240  3.7   1
     2447  26.861778  102.944222    11.809      591.3    -9773.8     5672.5    480.0    319.6    316.3 2023  1 19 22  6 22.960  3.6   1
     2451  26.860651  102.942261    11.073      396.2    -9898.6     4936.4    540.3    424.0    588.5 2023  1 19 22 42 21.840  3.2   1
     2453  26.931934  102.678149    12.222   -25832.2    -2000.2     6085.7    562.3    610.4    561.9 2023  1 19 23 53 15.560  1.7   1
     2454  27.275368  102.972217     4.762     3365.8    36053.3    -1374.3    910.0   1283.2    936.7 2023  1 20  1  0 26.460  2.1   1
     2456  26.837545  102.894873    14.059    -4311.8   -12458.8     7922.8    820.9    831.4    592.0 2023  1 20  5 12 16.740  3.1   1
     2463  26.990446  102.809603    13.750   -12774.4     4483.1     7613.4    571.0    447.8    537.5 2023  1 20  8 24  0.370  3.4   1
     2465  26.963623  102.891740    18.298    -4620.5     1511.1    12161.8   2085.2   1231.1   1798.3 2023  1 20 11 54 14.840  3.6   1
     2468  27.046814  102.847087    10.210    -9050.8    10728.8     4073.3   1216.3    547.2   2165.6 2023  1 20 14 49 58.820  3.6   1
     2473  26.995133  102.816243     7.072   -12115.0     5002.5      935.4    412.4    503.9    306.5 2023  1 20 16 10 14.250  2.5   1
     2476  26.940649  102.887093     8.228    -5082.5    -1034.5     2091.1    789.2   1002.5    972.7 2023  1 20 16 16 38.180  3.5   1
     2478  26.657825  103.017163    22.946     7843.5   -32372.2    16809.3    848.6   1106.7    792.6 2023  1 20 16 38 23.100  3.6   1
     2480  26.913548  102.955632    12.433     1724.1    -4037.4     6296.9   1228.2   1142.1   1071.5 2023  1 20 16 55 36.370  2.9   1
     2487  26.977128  102.895744    20.996    -4222.6     3007.4    14859.6   1367.0    810.7    959.8 2023  1 20 18 16 42.820  3.0   1
     2488  27.035775  102.788224    11.405   -14893.8     9505.7     5268.5   1095.9   1079.5    990.9 2023  1 20 18 41 40.800  3.3   1
     2489  26.992330  102.953035     3.089     1465.2     4691.8    -3047.2    695.6    852.1    945.6 2023  1 20 18 54  6.520  2.6   1
     2490  27.113599  102.818180    14.083   -11916.9    18128.8     7946.5    420.9    308.1    479.4 2023  1 20 19  7 17.640  3.4   1
     2491  26.685508  102.966634    22.436     2819.1   -29304.7    16299.8   2081.9   7002.1   1781.0 2023  1 20 19 16  7.020  2.7   1
     2493  27.093081  102.914616    11.046    -2347.4    15855.2     4910.1    985.6    503.0    595.7 2023  1 20 19 53 46.680  3.6   1
     2497  26.940417  102.886808     9.360    -5110.9    -1060.3     3223.5    600.3    602.5    672.4 2023  1 20 20 25  2.480  2.8   1
     2498  26.668579  103.003703    16.822     6505.0   -31180.5    10685.2   1008.5    965.8    763.1 2023  1 20 20 30 24.560  3.0   1
     2499  26.731866  102.897884    13.955    -4014.7   -24168.3     7819.0    459.5    654.6    516.6 2023  1 20 20 43 15.000  1.3   1
     2508  27.056785  102.783651    13.678   -15346.6    11833.7     7541.8    569.0    700.3    689.9 2023  1 20 21 58 54.200  3.0   1
     2510  27.033712  102.807088    14.170   -13021.4     9277.0     8033.2    721.4    606.1    507.3 2023  1 20 22 18 27.080  4.1   1
     2520  27.110409  102.613753     5.896   -32201.7    17775.3     -240.4   1029.7   1152.7   1465.5 2023  1 21 10 12 32.950  3.2   1
     2528  26.749674  102.982975     7.419     4442.9   -22195.0     1283.0    620.5    575.4    574.6 2023  1 21 14 55 16.830  2.8   1
     2534  26.758046  103.047355    11.626    10841.2   -21267.4     5489.3   5753.4    738.3   1046.7 2023  1 21 18 53 25.520  2.8   1
     2536  27.193437  103.001807     2.799     6302.4    26975.1    -3337.6    757.0    730.0   1687.8 2023  1 21 18 58 16.340  1.9   1
     2537  26.978709  102.799194    14.587   -13808.7     3182.6     8450.1    911.4    554.2   1026.9 2023  1 21 19 43 34.100  3.3   1
     2543  26.982511  102.834831    14.563   -10270.1     3603.9     8427.0    651.3    462.3    368.9 2023  1 21 23 20 39.120  2.4   1
     2544  27.098427  102.833862    13.554   -10361.3    16447.7     7418.1   1444.3   1468.2   1901.5 2023  1 21 23 20 59.640  2.4   1
     2545  26.970567  102.775391    13.069   -16172.7     2280.4     6932.2   1097.0    628.2   1021.5 2023  1 21 23 34 46.280  3.4   1
     2557  27.015031  102.870369    10.964    -6741.1     7207.2     4827.8   1149.5   1381.9    929.9 2023  1 22  4 54  9.810  3.5   1
     2561  26.860089  102.842017     7.880    -9561.9    -9960.9     1743.6    915.3    664.9    869.3 2023  1 22  5 44 11.220  2.9   1
     2570  27.105206  102.872298     9.865    -6546.4    17198.9     3728.9    934.2    590.2    662.1 2023  1 22 12 31 33.520  3.8   1
     2576  26.840308  102.908895    13.670    -2918.8   -12152.7     7533.5    900.5    588.0    563.4 2023  1 22 14 38 34.180  3.1   1
     2587  26.973378  103.002482    26.475     6375.3     2592.1    20338.1   2025.3   1733.9   1348.2 2023  1 22 18 20 47.680  2.6   1
     2590  27.129567  102.846729    11.369    -9083.4    19898.2     5232.2    775.5    471.4    680.7 2023  1 22 18 43 58.660  3.3   1
     2595  26.925403  102.935758    11.479     -249.4    -2723.8     5342.5    599.4    613.0    501.4 2023  1 22 20 25 59.880  2.7   1
     2597  27.082298  102.898722     7.604    -3925.2    14660.5     1467.3    886.2    417.5    664.5 2023  1 22 20 55 16.840  2.8   1
     2606  26.774626  103.067879     4.694    12879.7   -19430.3    -1442.2    544.1    473.8    680.9 2023  1 22 23 17 32.220  2.7   1
     2608  27.123962  102.795728    10.301   -14144.1    19277.1     4164.1    521.4    289.7    525.1 2023  1 22 23 57 49.340  3.1   1
     2620  27.013357  102.858122     4.097    -7956.3     7021.6    -2039.3   1027.3    579.7    709.8 2023  1 23  7 40  5.560  4.1   1
     2622  27.107058  102.876481    12.192    -6131.8    17404.1     6055.5   1215.7    707.8    895.0 2023  1 23  8 31 48.760  3.2   1
     2630  27.063885  103.131340     8.761    19161.4    12620.3     2624.3   1176.9   1009.4   2408.4 2023  1 23 13 50 46.020  3.2   1
     2632  27.037730  103.076457    16.573    13715.8     9722.4    10436.3   1597.3   1065.3   2268.0 2023  1 23 14 27 18.740  3.2   1
     2633  26.836812  102.909318    13.005    -2876.9   -12539.9     6868.8    215.5    161.5    235.9 2023  1 23 14 57 49.090  3.2   1
     2634  27.120512  102.813241     1.250   -12406.4    18894.8    -4886.6   1047.6    488.0   1947.8 2023  1 23 15 42 11.250  2.8   1
     2640  27.128206  102.856649     5.078    -8098.9    19747.4    -1058.6   1230.2    929.6   2112.8 2023  1 23 16 38 59.790  3.6   1
     2649  26.865358  102.917708    16.977    -2043.0    -9377.0    10840.7    628.3    526.3    582.5 2023  1 23 20  7 57.060  3.1   1
     2654  27.104091  102.849740    15.113    -8785.4    17075.4     8976.7    511.9    311.9    400.2 2023  1 23 21 54 10.300  4.3   1
     2664  27.058846  103.081274    13.618    14192.9    12062.0     7481.4   3122.2   6747.1   4204.1 2023  1 24  0 59 36.160  2.8   1
     2670  26.750016  103.036051     9.681     9718.0   -22157.2     3544.5    796.3    614.4    712.4 2023  1 24  3 45 58.170  2.8   1
     2671  27.173590  102.564681     8.299   -37061.2    24775.9     2163.0    586.5    600.1   1270.4 2023  1 24  3 51 25.320  2.8   1
     2674  27.113808  102.811084    11.420   -12620.3    18152.1     5283.8    400.9    263.9    375.5 2023  1 24  5 27  3.620  3.5   1
     2678  27.036330  102.874512    15.634    -6329.0     9567.1     9497.3   1241.5    664.0    979.7 2023  1 24  8 18 32.420  2.7   1
     2682  26.880074  102.875635     3.910    -6222.2    -7746.5    -2226.4   1167.7    825.9   1008.3 2023  1 24 10  7 40.410  2.4   1
     2686  26.749176  103.046615    13.530    10767.6   -22250.3     7393.1    868.9   1723.9    632.3 2023  1 24 11 11 23.350  3.1   1
     2689  26.705623  102.815365    15.852   -12217.5   -27076.1     9715.4   2047.8   1136.7   1664.1 2023  1 24 12 44  6.130  3.4   1
     2697  26.989301  102.881242     8.300    -5661.8     4356.3     2163.8    899.6    464.4    504.4 2023  1 24 16 18 14.540  3.7   1
     2700  26.979264  102.925854     8.839    -1233.3     3244.2     2702.6    649.6    698.2    325.4 2023  1 24 17  6 42.280  4.3   1
     2702  26.830088  102.869743    21.821    -6808.5   -13285.0    15684.1   1718.9   1281.9    838.0 2023  1 24 18 12 24.680  3.1   1
     2703  26.843296  102.932943    14.099     -529.3   -11821.5     7962.9    377.5    296.5    273.9 2023  1 24 18 28 40.720  5.3   1
     2705  26.844749  102.936296     9.959     -196.1   -11660.6     3823.0    480.6    351.2    444.4 2023  1 24 18 39  8.100  3.5   1
     2706  26.842625  102.942171    13.027      387.7   -11895.9     6890.6    420.8    192.3    281.6 2023  1 24 19  2 19.360  4.5   1
     2709  26.838308  102.931738     7.728     -648.8   -12374.3     1591.3    649.9    598.0    719.0 2023  1 24 19 16 39.160  3.5   1
     2717  27.158199  102.736100    15.567   -20057.4    23070.5     9430.7    486.9    351.2    783.0 2023  1 24 23 32 46.820  3.7   1
     2720  26.496279  102.980745    11.006     4225.9   -50271.9     4869.9    567.1    503.6    685.8 2023  1 24 23 44 49.420  3.2   1
     2729  26.861196  102.923828    13.855    -1434.9    -9838.1     7718.5    586.5    560.9    622.1 2023  1 25  2 54 46.450  3.1   1
     2735  26.921499  102.926034     5.609    -1215.9    -3156.5     -527.5    662.1    384.6    520.2 2023  1 25  7  1 11.130  2.1   1
     2737  26.888202  102.953459     6.784     1508.7    -6845.7      647.8    472.0    545.5    984.4 2023  1 25  9 11 23.170  2.4   1
     2738  27.022237  102.854215     4.995    -8344.2     8005.7    -1141.2    257.0    311.4    439.1 2023  1 25  9 13 17.260  0.7   1
     2748  26.969373  102.915544     8.512    -2256.7     2148.1     2375.2    471.6    540.6    381.2 2023  1 25 12 51 58.640  3.5   1
     2751  26.974711  102.919759     8.989    -1838.4     2739.7     2853.0    435.1    412.7    395.6 2023  1 25 14  8 38.810  3.4   1
     2754  26.500594  102.991992    10.757     5344.8   -49793.8     4620.7    582.8    531.8    706.0 2023  1 25 14 54 48.050  3.8   1
     2755  26.967220  102.924202     9.624    -1397.3     1909.5     3488.1    914.5    803.0   1885.9 2023  1 25 15  6 20.620  3.3   1
     2756  26.953487  102.928866     7.464     -933.8      387.9     1327.8    596.5    527.1    569.0 2023  1 25 15 29  8.450  3.3   1
     2757  27.005699  102.916064    10.294    -2204.5     6173.2     4157.9   1031.4    720.4    617.7 2023  1 25 15 48 38.800  3.1   1
     2759  27.140615  102.812061     6.847   -12522.6    21122.2      710.5    494.9    442.3    857.4 2023  1 25 16 41 11.500  1.9   1
     2762  26.948857  102.811963    12.034   -12542.9     -125.0     5897.7   1189.4   1316.5   1343.8 2023  1 25 17 38 26.140  2.5   1
     2773  27.320925  102.962166    11.042     2368.3    41101.1     4905.3    802.4    637.1    559.7 2023  1 25 20  6 44.000  3.7   1
     2775  26.960288  103.019409    23.625     8056.0     1141.5    17488.2   1880.4   1700.1   1373.2 2023  1 25 20 13 25.860  4.3   1
     2776  27.179985  103.086637     1.899    14717.3    25484.5    -4237.3    916.1    692.4   1752.0 2023  1 25 20 21 23.800  3.2   1
     2780  26.502625  103.026864    16.370     8814.1   -49568.7    10233.9    426.5    759.3    614.2 2023  1 25 20 56 11.560  3.3   1
     2790  26.727238  103.008171    11.933     6947.4   -24681.1     5797.1    454.2    336.2    369.1 2023  1 25 22 18 21.720  4.1   1
     2794  27.416250   96.125529    16.299  -675108.6    51663.2    10162.2  33541.1    894.8   1115.0 2023  1 25 22 32 56.280  2.5   1
     2804  26.736554  102.898226    13.567    -3980.6   -23648.8     7431.0    468.6    684.2    497.8 2023  1 25 23 33 14.880  3.5   1
     2805  27.373674  102.869938    15.713    -6772.9    46945.8     9576.6    818.2    903.8   1000.2 2023  1 25 23 33 41.920  4.4   1
     2812  26.988639  102.873258     7.747    -6455.1     4283.0     1610.4   1353.7    739.4   1400.6 2023  1 26  1 32 51.440  2.8   1
     2813  26.730802  102.993628    11.591     5502.3   -24286.2     5454.5    569.9    401.5    384.9 2023  1 26  2  7 33.290  3.4   1
     2816  26.839046  102.785832    10.749   -15144.7   -12292.4     4612.6   1571.9    959.9   1858.9 2023  1 26  3 42 17.800  3.0   1
     2823  26.981533  102.906836    18.853    -3121.3     3495.6    12716.9    297.0    320.0    552.7 2023  1 26  8 13 13.850  1.8   1
     2826  26.992029  102.818083    14.651   -11932.4     4658.4     8515.1    527.6    409.9    399.7 2023  1 26  8 57 51.390  3.5   1
     2829  26.911403  103.004036    13.547     6531.4    -4274.9     7410.3    980.1   2040.8    764.7 2023  1 26 10 15 33.030  3.2   1
     2831  27.434281  103.069141    15.803    12967.4    53661.1     9666.6    998.0    777.4   1151.3 2023  1 26 11  7 16.930  4.2   1
     2832  27.444560  103.100708    11.327    16094.4    54800.0     5191.0    907.5    783.6   1268.3 2023  1 26 12 17 52.050  4.0   1
     2836  27.131138  103.047852     8.110    10872.7    20072.1     1973.7   1180.9   1117.2   2527.7 2023  1 26 16 54 26.770  3.3   1
     2838  27.375712  102.837939    12.604    -9944.6    47171.7     6468.0   1342.4   1178.0   1620.5 2023  1 26 17 21 37.660  3.7   1
     2842  26.598193  103.058813    10.531    11987.6   -38979.5     4394.9    667.0    690.8    626.3 2023  1 26 18 20 19.960  3.3   1
     2844  27.113057  102.768929    11.336   -16803.8    18068.9     5199.3    809.0    734.4   1073.7 2023  1 26 18 35 29.480  3.1   1
     2851  26.946604  102.920890     9.828    -1726.3     -374.7     3692.1    975.6    928.4    600.9 2023  1 26 20 34 54.440  2.6   1
     2852  26.882320  102.945622    22.159      730.1    -7497.6    16022.4    913.1    632.0    739.3 2023  1 26 20 41 46.000  2.9   1
     2868  26.868899  102.930819    11.992     -740.7    -8984.7     5855.6    707.9    503.3    393.0 2023  1 27  3  4  5.290  3.2   1
     2872  27.045709  103.078646    20.969    13932.8    10606.5    14832.8   1634.0   1051.1   2357.0 2023  1 27  5 30 43.640  3.4   1
     2876  26.867145  102.960954    13.636     2252.7    -9179.0     7499.2    677.2    413.0    475.2 2023  1 27  6 13 52.750  3.3   1
     2877  26.687508  103.007723    14.122     6903.9   -29083.1     7985.6    918.5    525.7    530.7 2023  1 27  6 25 49.430  3.5   1
     2878  26.952622  102.975602     8.470     3707.1      292.0     2333.3    491.4    350.9    646.8 2023  1 27  7 22 12.700  2.3   1
     2889  26.989262  102.821175    12.925   -11626.0     4351.9     6788.6    575.5    411.7    467.1 2023  1 27 10 58 34.340  3.6   1
     2892  27.005996  103.070394    13.755    13116.2     6206.1     7618.4   1419.5   3221.1   1762.3 2023  1 27 11 10  5.580  3.3   1
     2895  26.979574  102.897201     9.584    -4078.2     3278.5     3447.8    583.0    471.6    401.8 2023  1 27 12  9 22.740  3.3   1
     2898  26.977555  102.926318     8.883    -1187.0     3054.9     2746.1    491.5    395.0    308.5 2023  1 27 13 50 19.660  3.3   1
     2903  26.986078  102.796029    11.767   -14122.4     3999.2     5630.7    708.4    643.8    654.4 2023  1 27 15 32  4.800  2.5   1
     2904  26.991736  102.832267    13.613   -10524.1     4626.1     7477.1    697.4    362.7    484.7 2023  1 27 15 33 31.920  3.2   1
     2908  27.278802  103.052148    16.014    11291.3    36433.8     9878.0   1789.4   1272.4   1643.5 2023  1 27 16  9  4.880  3.0   1
     2917  27.051147  102.754517     4.370   -18238.9    11208.9    -1766.8    597.8   1250.3    885.8 2023  1 27 18 35 17.800  1.3   1
     2922  27.110303  102.856136     9.176    -8150.2    17763.6     3039.6    518.3    309.1    506.5 2023  1 27 20 21  5.380  3.1   1
     2925  26.984922  103.028914     6.888     8999.0     3871.1      751.9    693.6    803.4    968.0 2023  1 27 21 17 31.860  2.8   1
     2929  27.023035  102.769149    14.205   -16788.9     8094.1     8068.4    605.6    735.3    532.4 2023  1 27 23 50 57.520  3.2   1
     2931  27.213633  102.997363    10.685     5860.6    29212.8     4548.3    431.7    512.6    624.3 2023  1 28  0 29  4.370  2.9   1
     2933  27.000694  102.907813     2.949    -3023.7     5618.5    -3187.9   1046.5    711.7   1304.3 2023  1 28  0 47 21.230  1.8   1
     2936  26.825364  102.966626    14.376     2816.7   -13808.3     8239.7    270.5    313.1    322.4 2023  1 28  2  0 52.420  3.3   1
     2937  27.122152  103.031820     3.149     9282.3    19076.4    -2987.6   1638.2    921.8   1789.7 2023  1 28  2 23 35.820  3.4   1
     2938  26.802830  102.942611    19.764      431.1   -16305.3    13627.9   1891.3   2442.9   1762.6 2023  1 28  2 39 18.540  2.6   1
     2944  27.023317  102.797054     7.685   -14018.1     8125.3     1548.6    463.7    839.7    480.5 2023  1 28  4 30 22.120  2.3   1
     2956  26.883795  102.872087    10.361    -6573.8    -7334.1     4224.6    720.7   1132.4    555.1 2023  1 28 10 40 14.790  2.7   1
     2958  26.973859  102.800863    15.071   -13643.0     2645.2     8934.1    981.0    564.3    965.4 2023  1 28 11 46 10.310  3.4   1
     2964  26.923027  102.902295     6.318    -3573.0    -2987.1      181.5    405.3    359.8    426.6 2023  1 28 12 13 23.580  3.3   1
     2966  27.197001  103.012321     5.528     7344.9    27369.9     -608.7    746.8    546.4   1347.0 2023  1 28 14 15 37.110  2.1   1
     2970  27.019566  102.825952    14.131   -11150.0     7709.6     7994.8   1066.9    676.9    827.3 2023  1 28 16 10 17.490  3.4   1
     2975  27.007361  102.815942    12.675   -12144.5     6357.4     6538.5    720.4    658.8    559.3 2023  1 28 17 16 52.620  2.7   1
     2982  26.932725  102.897225    10.106    -4076.5    -1912.6     3969.5    587.5    519.8    554.1 2023  1 28 19 57 32.200  3.4   1
     2983  26.827681  102.980111     7.177     4156.3   -13551.6     1040.6   1295.0   1062.4   1453.3 2023  1 28 20  3 15.040  1.2   1
     2984  27.086115  102.832878    12.823   -10459.1    15083.5     6687.0    807.5    494.9    637.4 2023  1 28 20 38 28.600  3.2   1
     2986  27.287925  103.030640    18.236     9158.6    37444.6    12099.5   1641.7   1316.9   1932.7 2023  1 28 21 11  2.480  2.6   1
     2989  26.964874  102.905371    14.320    -3267.0     1649.6     8183.6   1006.2    947.5   1470.6 2023  1 28 21 59 37.140  3.2   1
     2995  26.944080  102.930444     9.505     -777.2     -654.4     3368.6    638.0    645.2    856.4 2023  1 29  1  1 38.610  3.2   1
     2996  27.107489  102.868302     9.380    -6943.3    17451.7     3244.1   1137.0    502.9    678.5 2023  1 29  1  4 43.680  3.8   1
     3014  27.054122  102.854476    19.723    -8317.4    11538.6    13586.1   1520.7    749.8    993.7 2023  1 29 11 19 28.060  4.0   1
     3016  27.276324  102.896680    20.548    -4124.6    36159.2    14411.7   1054.5   1421.3    655.7 2023  1 29 11 55 33.760  3.1   1
     3018  26.996751  103.041309     7.359    10229.2     5181.8     1222.6   2881.7   2053.7   2780.3 2023  1 29 12 37 13.500  2.6   1
     3021  26.987773  102.894784     3.797    -4318.2     4186.9    -2339.8   1544.7    625.9   1152.0 2023  1 29 13 31 25.670  2.2   1
     3022  26.716260  103.017855    11.158     7910.1   -25897.4     5021.3    448.7    503.7    461.3 2023  1 29 13 41  6.720  3.2   1
     3025  27.002205  102.785815    17.168   -15135.6     5786.0    11031.6   1477.4   1311.9   1561.3 2023  1 29 15  3 13.780  0.8   1
     3026  27.018972  102.780916    18.132   -15620.9     7643.9    11995.4    967.8    736.0    853.0 2023  1 29 16 21 19.480  3.0   1
     3042  27.115428  102.750928     7.319   -18589.4    18331.5     1182.4   1419.5    760.7    917.1 2023  1 29 20 41  5.560  1.4   1
     3045  26.880564  102.958341    15.192     1993.0    -7692.0     9055.7    934.8    836.0    766.0 2023  1 29 22 13  6.640  3.5   1
     3047  26.863525  102.946403     8.743      807.4    -9580.0     2606.7    560.6    326.7    456.2 2023  1 29 22 51 44.600  3.2   1
     3048  26.845551  102.925350     6.723    -1283.5   -11571.7      586.7    960.3    791.1    647.2 2023  1 29 22 58 39.740  3.2   1
     3049  27.263277  102.971916     0.764     3335.9    34713.4    -5372.5   1169.3   1096.8   1222.6 2023  1 30  0  4 58.880  2.9   1
     3060  26.892788  102.945866    11.741      754.1    -6337.7     5604.6    969.8    741.7    769.8 2023  1 30  7 18 55.250  3.1   1
     3068  26.864624  102.939461    13.686      118.3    -9458.4     7550.1    473.9    584.2    769.6 2023  1 30 10 44 55.510  3.2   1
     3070  27.156805  103.128890     6.302    18910.5    22916.1      166.1    460.9    527.0   1528.4 2023  1 30 11  6 47.380  3.9   1
     3071  27.000922  102.913118     5.799    -2497.1     5643.8     -337.6   1294.1    642.5   1152.0 2023  1 30 11 30 15.280  2.7   1
     3073  26.838003  102.943351     9.763      504.2   -12408.0     3626.6    389.1    320.7    533.2 2023  1 30 12  1 48.770  3.0   1
     3077  26.855957  102.942114    15.556      381.8   -10418.7     9419.2    489.3    420.7    384.4 2023  1 30 12 26 51.580  3.5   1
     3084  26.860419  102.997380    23.333     5871.2    -9924.4    17196.8   2269.1   1870.7   1734.9 2023  1 30 13 55  3.130  2.5   1
     3095  26.948765  102.834570    14.875   -10297.7     -135.2     8738.5    751.4    583.6    613.8 2023  1 30 21 27  4.160  3.8   1
     3097  26.976902  102.876514    12.850    -6131.8     2982.3     6714.0   1633.9   1083.0    952.9 2023  1 30 21 54 14.160  2.8   1
     3101  26.860474  102.959155     7.125     2074.0    -9918.1      988.8    783.5    546.7    756.1 2023  1 30 23 34 55.420  2.2   1
     3102  26.452065  103.006112    15.242     6751.2   -55171.0     9105.3   1753.5    847.1   1228.4 2023  1 30 23 54 50.600  3.8   1
     3103  26.449249  102.806771    30.252   -13086.9   -55483.0    24115.3   1844.4   1812.2   1547.7 2023  1 30 23 57  8.280  3.0   1
     3111  26.697557  102.928084    18.079    -1012.8   -27969.9    11942.5   1657.6   1514.1    709.3 2023  1 31  4 35 54.090  2.4   1
     3113  27.154028  103.119718    13.424    18001.3    22608.5     7287.7    722.7    719.3    707.6 2023  1 31  7  0 35.670  3.4   1
     3123  26.731134  102.962907     7.883     2448.6   -24249.4     1746.9   1122.1   1016.6   1114.0 2023  1 31  9 18  8.250  2.7   1
     3136  26.624825  103.007414    12.164     6875.4   -36028.6     6027.7    450.2    392.0    252.6 2023  1 31 16 27 59.290  3.8   1
     3140  26.885655  102.923633     8.412    -1454.4    -7128.1     2275.7    540.2    454.0    431.5 2023  1 31 17  3 23.640  3.8   1
     3146  27.249687  102.980208    14.839     4158.6    33207.7     8702.3    936.6    521.8    735.0 2023  1 31 19  3 35.840  3.5   1
     3152  27.022331  102.945443     1.402      711.8     8016.0    -4734.7   1384.5   1176.2   2053.3 2023  1 31 19 52 21.760  2.3   1
     3153  26.929893  102.912020     8.611    -2607.0    -2226.4     2474.5    445.0    328.8    258.9 2023  1 31 20 31 50.780  2.5   1
     3156  26.962132  102.916162     9.666    -2195.9     1345.8     3529.3    433.9    404.6    329.3 2023  1 31 21 28 23.660  2.7   1
     3160  26.943866  102.912280    10.825    -2581.1     -678.2     4688.3    733.4    643.6    536.2 2023  1 31 22 18 58.560  2.6   1
     3161  26.926967  102.906925     6.982    -3112.9    -2550.6      845.8    464.8    393.8    460.2 2023  1 31 22 23 52.560  2.7   1
     3178  26.949121  102.898853     7.795    -3914.7      -95.7     1658.4    496.9    390.5    446.2 2023  2  1  8 53 40.230  3.3   1
     3183  27.127675  102.876644     4.832    -6115.0    19688.6    -1304.9    541.2    352.8    979.3 2023  2  1 10 35 39.330  3.0   1
     3199  27.009867  102.806641     5.620   -13067.2     6635.0     -516.4    436.0    447.9    575.4 2023  2  1 19 32 33.220  2.8   1
     3205  26.995697  102.860767     5.867    -7694.7     5064.9     -269.5   1197.7    660.5    753.6 2023  2  1 21 43 10.840  1.7   1
     3206  27.116581  102.802466     4.670   -13475.4    18459.1    -1466.0    931.4    526.6   1225.5 2023  2  1 21 53 51.380  2.9   1
     3207  26.800523  102.994482    13.318     5584.8   -16560.8     7181.2    502.2    533.9    589.5 2023  2  1 22 52 55.280  2.9   1
     3218  27.010706  102.938314     8.035        4.1     6728.0     1898.3   1092.4    849.4    767.8 2023  2  2  3 50 12.390  3.2   1
     3219  26.973368  102.947461     6.595      912.4     2590.9      459.0    816.1    783.2    668.3 2023  2  2  4 41  3.020  2.7   1
     3225  26.968691  102.930200    10.702     -801.9     2072.5     4565.5   1468.7   1081.9    736.1 2023  2  2  8  2 15.020  2.7   1
     3243  26.844122  102.938379    10.528       10.6   -11730.0     4391.9   1313.2    800.3   1121.3 2023  2  2 14 48 48.610  2.8   1
     3256  27.105688  102.764217     6.813   -17271.8    17252.2      677.0   1104.1    786.1    889.0 2023  2  2 18 28 39.720  2.2   1
     3259  26.963851  102.875977    12.826    -6185.6     1536.4     6689.6   1507.3    644.6   1026.5 2023  2  2 19  9  8.220  2.8   1
     3260  27.233413  103.001676    11.296     6287.9    31404.4     5159.1    401.4    462.1    506.9 2023  2  2 19 11 13.120  2.6   1
     3264  26.937889  102.931470    11.218     -675.4    -1340.5     5081.5    725.3    589.9    527.5 2023  2  2 20 27  4.280  2.9   1
     3269  26.832255  102.945280     6.867      696.0   -13044.8      731.1    594.1    489.3    764.1 2023  2  2 21 52 48.160  2.3   1
     3270  26.655237  103.006038    10.190     6737.6   -32659.1     4053.7    619.4    724.8    862.3 2023  2  2 22  9 23.980  2.8   1
     3291  27.105579  102.845378     9.022    -9218.2    17240.1     2885.6    367.1    323.7    421.1 2023  2  3  9 59 32.770  3.5   1
     3294  27.143313  102.846224     8.494    -9132.5    21421.2     2358.0    568.6    747.3    940.3 2023  2  3 12 41 11.350  3.3   1
     3324  26.794657  102.986011    17.730     4743.2   -17210.7    11594.1   2047.8   2992.9   1973.4 2023  2  4  4 50 31.870  3.3   1
     3336  27.164449  103.136711    11.273    19685.9    23763.0     5136.5    508.7    385.7    651.2 2023  2  4 10 29 17.550  4.6   1
     3356  26.971967  102.906820     1.635    -3122.7     2435.6    -4501.1    738.7   1461.9   2039.5 2023  2  4 16 28 44.010  2.2   1
     3365  26.953507  102.943709     8.421      539.6      390.2     2284.4    466.1    695.0    429.8 2023  2  4 19 34  7.760  2.5   1
     3366  26.984517  102.889030    20.335    -4889.3     3826.2    14198.3   1257.9    750.0    880.4 2023  2  4 20  3 14.540  1.6   1
     3367  26.850295  102.945361    14.082      704.0   -11046.1     7945.3    316.2    322.6    261.8 2023  2  4 20  7 36.480  2.5   1
     3368  26.734359  103.088086    11.348    14890.3   -23892.1     5212.1    990.5    665.9    461.4 2023  2  4 20 33 16.400 -0.2   1
     3372  27.026270  102.784937    14.391   -15221.0     8452.4     8254.9    793.4    481.2    920.9 2023  2  4 21  1 48.160  4.1   1
     3373  26.979997  102.912126     4.799    -2596.3     3325.2    -1337.5    732.8    693.9    744.1 2023  2  4 21 12 48.680  2.8   1
     3378  27.085655  102.886589    10.692    -5128.9    15032.6     4555.9    911.0    571.2    711.3 2023  2  4 22 14 28.720  2.8   1
     3386  26.479102  103.054899     5.595    11604.7   -52175.1     -541.2   1848.1   1445.2   1292.2 2023  2  5  6 55 19.300  2.5   1
     3392  26.488645  102.996436     9.872     5786.9   -51117.7     3735.6    875.8    677.4    655.0 2023  2  5 11 56 54.050  3.3   1
     3393  27.138308  103.117285     0.771    17761.3    20866.7    -5364.9    979.2    710.3    935.2 2023  2  5 12  4 38.300  1.9   1
     3394  27.038481  102.908651     7.017    -2940.7     9805.4      881.0    816.7    540.8    805.4 2023  2  5 12 37 36.850  3.1   1
     3395  26.984721  102.770785    12.123   -16629.2     3848.8     5986.7    396.6    425.5    335.1 2023  2  5 12 41 57.150  3.3   1
     3398  26.890519  102.957275     6.108     1887.2    -6589.2      -28.5    626.2    671.7    918.4 2023  2  5 16 41 16.840  3.0   1
     3405  27.000382  102.849430    16.311    -8820.3     5584.1    10174.8   2121.2   1549.2   1270.5 2023  2  5 20 21 55.300  2.4   1
     3419  26.970829  102.919604     9.272    -1853.9     2309.6     3135.4    398.0    424.2    362.9 2023  2  6  1 12 27.600  4.9   1
     3421  26.989994  102.940592     5.814      230.2     4433.1     -322.7    585.4    601.1    587.3 2023  2  6  1 43 57.790  3.2   1
     3423  27.012640  102.932658     4.415     -557.8     6942.3    -1721.1    732.8    518.3    733.1 2023  2  6  2 11 43.840  2.9   1
     3425  26.497786  103.004232    15.689     6562.7   -50104.8     9552.7    802.1    749.6    663.7 2023  2  6  4 54  6.790  3.2   1
     3426  26.891270  102.823161    16.463   -11433.5    -6505.9    10326.5   1130.4    995.9   1072.6 2023  2  6  5 20 41.670  2.9   1
     3432  26.374573  103.046134    17.719    10737.7   -63757.3    11582.4    602.4    383.0    796.1 2023  2  6  7 42 54.830  4.0   1
     3434  26.969885  102.912508    10.218    -2558.3     2204.8     4081.4    505.2    448.7    457.9 2023  2  6  8 30 31.150  4.5   1
     3435  26.971562  102.958016     9.380     1960.5     2390.6     3243.8    771.7    684.3    602.9 2023  2  6  9 40 26.610  2.8   1
     3442  26.993658  102.918750    11.368    -1938.5     4839.0     5231.8   1160.8    792.8    696.7 2023  2  6 14  5 30.640  2.4   1
     3443  27.108547  103.193604    24.168    25336.0    17569.0    18031.9    837.4    524.1    868.1 2023  2  6 14 31 52.910  4.2   1
     3444  26.804706  102.937467     7.411      -79.8   -16097.4     1274.8    951.4   1018.3   1259.3 2023  2  6 14 37 34.240  2.8   1
     3446  26.828542  102.933301    11.558     -494.2   -13456.4     5422.0    218.4    167.0    250.9 2023  2  6 14 57  0.150  2.9   1
     3455  27.018168  102.840837     5.461    -9672.1     7554.8     -675.8   1153.6    830.8   1665.0 2023  2  6 17 13 53.640  2.4   1
     3460  26.986239  102.933594    11.779     -464.9     4017.0     5642.6    902.6    819.0    705.5 2023  2  6 18 26 56.100  3.3   1
     3470  27.127720  102.877653     7.176    -6015.2    19693.5     1039.5    576.6    358.5    557.6 2023  2  6 22 10  4.780  2.6   1
     3478  26.648765  102.906730    11.165    -3136.7   -33376.0     5028.7    713.9   3212.1    698.7 2023  2  7  0 34 55.370  2.5   1
     3494  26.961751  102.890747    10.901    -4718.8     1303.6     4764.3    852.5    675.9    540.3 2023  2  7 10 51 42.860  2.7   1
     3497  26.577956  103.056649    11.324    11773.4   -41221.9     5187.2    431.8    348.9    438.4 2023  2  7 12 22 33.570  3.9   1
     3498  26.580658  103.051766    10.169    11288.2   -40922.4     4033.0    415.3    344.4    471.5 2023  2  7 12 27 52.750  3.8   1
     3499  26.571547  103.054085    11.115    11518.8   -41931.9     4978.5    437.1    373.4    460.0 2023  2  7 12 51 49.860  3.6   1
     3500  26.575478  102.966610     5.914     2818.3   -41496.4     -222.8    605.9    803.4    741.9 2023  2  7 13  0  6.440  3.7   1
     3505  27.021128  102.812638    17.218   -12471.4     7882.7    11081.5    941.4    754.9    724.3 2023  2  7 14  0  9.910  3.1   1
     3506  26.973678  102.932186     5.922     -604.2     2625.2     -214.6    609.0    565.4    527.9 2023  2  7 14 24 46.020  2.7   1
     3514  27.033864  102.848844    13.390    -8876.9     9294.0     7253.7   1066.2   1288.9   1039.4 2023  2  7 17 12 44.440  3.0   1
     3517  26.738875  102.741813     3.547   -19526.6   -23391.5    -2589.2    449.9    424.0    559.6 2023  2  7 18  6 57.520  1.4   1
     3521  26.574803  103.053613    11.695    11471.9   -41571.3     5558.7    295.4    277.2    359.7 2023  2  7 18 46 48.700  4.0   1
     3522  26.962817  102.836230    11.700   -10132.2     1421.7     5563.8   1703.5   1024.0   1150.3 2023  2  7 19  4 59.200  2.8   1
     3524  26.969897  102.843888    13.839    -9371.1     2206.3     7702.8   1018.2    700.9    498.5 2023  2  7 19 54 31.700  2.9   1
     3533  27.105817  102.849609    14.024    -8798.4    17266.4     7887.9    449.4    290.1    269.8 2023  2  7 22 51 25.800  4.0   1
     3536  26.908164  103.127311     7.883    18775.1    -4633.9     1746.8    735.6    700.7   1264.0 2023  2  7 23  7  0.840  2.8   1
     3539  27.148865  102.838005     6.523    -9948.2    22036.3      386.4    491.3    341.7    844.2 2023  2  7 23 17  1.760  3.1   1
     3556  26.925283  102.812931     7.843   -12447.4    -2737.3     1706.9   1239.7   1142.3   1766.1 2023  2  8 11 37 32.140  3.3   1
     3561  27.125106  102.849577    12.666    -8800.7    19403.7     6529.7    576.8    406.3    506.2 2023  2  8 15 37 19.870  3.9   1
     3567  27.167647  103.148413     6.700    20846.3    24117.6      563.4    864.7    724.5   1579.3 2023  2  8 18 26 14.220  3.0   1
     3572  27.096102  102.862345     7.146    -7534.8    16190.0     1009.6    496.1    389.6    782.5 2023  2  8 20 57 35.540  3.1   1
     3574  27.004879  102.879875    16.877    -5797.7     6082.2    10740.9   2044.6   1081.3   1492.2 2023  2  8 23 33 29.860  3.2   1
     3581  27.223842  102.996012     4.260     5726.4    30344.1    -1876.3   1019.8    766.2   1865.9 2023  2  9  4  5 17.070  1.8   1
     3584  26.830823  102.949788    16.756     1144.3   -13203.6    10619.8    451.5    472.0    393.6 2023  2  9  5 18 18.600  3.7   1
     3597  26.951971  102.939038    10.516       76.3      219.9     4379.7    485.1    554.8    498.4 2023  2  9 13 58 42.220  2.9   1
     3603  26.921987  102.914502     9.147    -2361.1    -3102.4     3010.5    670.4    533.6    391.3 2023  2  9 17 12 51.860  1.9   1
     3613  27.094507  103.082422     8.088    14304.5    16013.2     1951.4   1081.2    669.7   1971.0 2023  2  9 20 13 19.700  4.7   1
     3619  27.091357  103.054207    16.960    11504.8    15664.4    10823.6   1668.7   1253.9   1978.2 2023  2  9 21 52 15.780  3.4   1
     3621  26.992995  102.956755     4.525     1835.1     4765.5    -1611.8   1618.8    904.6   1648.8 2023  2  9 22 14 15.300  2.2   1
     3623  26.940942  102.804468    11.201   -13287.5    -1002.0     5064.9   2347.9   1218.1   1794.2 2023  2  9 22 39 57.040  3.0   1
     3624  26.897697  102.963794    16.840     2534.7    -5793.7    10703.7   1223.3   1131.9   1054.3 2023  2  9 23 37 29.840  2.8   1
     3641  26.821287  102.959131    13.136     2072.4   -14260.1     6999.8    446.6    431.2    390.7 2023  2 10  3 51 17.800  3.1   1
     3643  26.869222  102.940853     4.895      256.3    -8948.9    -1241.8    404.1    435.0    820.0 2023  2 10  4 12 31.530  3.3   1
     3654  26.929134  102.895972     2.898    -4200.8    -2310.5    -3238.2   1111.0    884.7   1223.3 2023  2 10 10  6 43.890  3.3   1
     3657  27.196667  102.806535    12.607   -13067.6    27332.9     6471.0   1162.8   1091.6    669.7 2023  2 10 10 23 28.880  3.0   1
     3658  27.035101  102.761198    11.436   -17577.1     9431.1     5299.6    901.7    746.9    825.2 2023  2 10 11 42 25.830  3.6   1
     3661  26.964954  102.923910     7.635    -1426.3     1658.4     1499.0    377.0    335.5    304.1 2023  2 10 13 44 34.240  3.2   1
     3668  26.920685  102.859635     8.980    -7809.4    -3246.6     2843.2    738.8    771.5    732.7 2023  2 10 15 49  8.740  1.8   1
     3673  27.006270  102.890389     1.879    -4753.3     6236.5    -4257.8    766.6    880.3    829.4 2023  2 10 16 46 56.170  2.0   1
     3676  26.850671  102.941813     7.514      352.0   -11004.4     1377.9    551.3    523.7    820.4 2023  2 10 18  5 36.080  2.7   1
     3677  26.981846  102.768229    13.153   -16882.6     3530.2     7016.9    474.1    438.2    303.7 2023  2 10 18 13 48.420  2.2   1
     3679  26.816996  102.965299    11.801     2685.1   -14735.6     5664.4    269.0    507.0    352.0 2023  2 10 18 51 51.000  2.9   1
     3681  26.816677  102.967212    15.652     2875.0   -14771.0     9515.3    358.0    387.2    417.8 2023  2 10 18 59 17.160  3.7   1
     3682  26.845294  103.005005    16.101     6629.3   -11600.1     9964.4   1082.2    913.7    764.1 2023  2 10 20  1 54.320  2.5   1
     3689  26.816380  102.979639    14.482     4109.7   -14803.9     8345.6    345.6    488.3    402.9 2023  2 10 21 25 36.460  3.2   1
     3690  27.004541  102.888590     9.204    -4932.3     6044.8     3067.2   1002.7    546.8    505.1 2023  2 10 21 35 25.200  3.2   1
     3691  26.739732  102.992887     9.313     5427.8   -23296.7     3176.2    613.6    490.0    492.2 2023  2 10 22  2 20.140  3.3   1
     3693  26.859115  102.873617     4.703    -6422.6   -10068.7    -1433.5    964.5    827.8   1096.7 2023  2 10 22 27 15.600  2.5   1
     3694  26.835510  102.962183    15.736     2375.1   -12684.2     9599.4    466.5    626.4    441.3 2023  2 10 22 52 55.800  3.0   1
     3696  26.817723  102.956925    12.013     1853.0   -14655.0     5876.6    334.8    451.3    336.5 2023  2 10 23 21 27.120  3.0   1
     3697  26.997681  102.809652     5.299   -12769.4     5284.8     -837.5    347.8    453.9    460.4 2023  2 10 23 27 25.760  2.8   1
     3703  26.925061  102.892822     9.797    -4513.8    -2761.8     3661.0    497.3    578.2    533.6 2023  2 11  0 34 33.290  3.9   1
     3708  27.190411  102.921476     9.375    -1666.0    26639.9     3238.7    334.8    352.0    556.8 2023  2 11  3 43 41.480  3.2   1
     3717  27.210891  102.986979     6.333     4830.9    28909.1      197.1   1472.4   1137.3   1742.2 2023  2 11  7 12 46.630  2.4   1
     3719  27.136595  102.731152    17.657   -20549.6    20676.7    11521.1    569.9    835.2    726.6 2023  2 11  8  1 17.770  2.8   1
     3721  27.127500  102.849959    10.830    -8762.5    19669.1     4693.8    424.4    281.4    406.8 2023  2 11  8 41  3.690  2.8   1
     3728  27.127734  103.157096    24.904    21711.7    19695.0    18768.0    603.8    816.6    621.2 2023  2 11 10 43  2.860  2.8   1
     3744  26.869576  102.938216     6.490       -5.4    -8909.6      354.1    363.9    463.5    679.5 2023  2 11 15  5 42.430  2.9   1
     3748  26.795072  102.966618     9.384     2816.7   -17164.9     3247.9    297.8    415.0    543.1 2023  2 11 16 32 54.340  2.5   1
     3763  26.683820  102.979028     8.214     4052.0   -29491.9     2077.2    874.3   1086.7   1361.6 2023  2 11 20 27 25.080  2.6   1
     3767  26.542594  103.020125    16.476     8142.0   -45140.0    10339.2   1436.9   1322.8   1265.6 2023  2 11 21 41 16.760  3.5   1
     3784  26.996311  102.928035     4.684    -1016.8     5133.1    -1452.2    539.7    526.2    539.6 2023  2 12  3  7  9.350  3.9   1
     3786  27.177614  102.829932     5.767   -10747.7    25221.8     -369.0    564.3    454.9    850.4 2023  2 12  3 32 54.620  4.6   1
     3787  27.000260  102.800220     4.355   -13705.9     5570.7    -1781.5    243.5    355.0    460.0 2023  2 12  3 34  5.200  4.2   1
     3788  26.846517  102.952344    12.989     1398.1   -11464.7     6853.0    718.6    528.4    313.5 2023  2 12  3 36 55.170  3.0   1
     3802  27.092851  102.850903    14.513    -8670.5    15829.9     8376.8    806.7    500.8    854.4 2023  2 12  7  2 15.470  3.4   1
     3803  26.861243  103.031079    24.159     9219.3    -9833.0    18023.1   2077.4   5291.2   1972.1 2023  2 12  7  4 59.880  3.3   1
     3819  26.816685  102.899618     9.340    -3841.0   -14770.0     3204.0   1790.2   1372.3   1213.1 2023  2 12 11 30 20.660  2.3   1
     3824  26.671126  102.908285    14.839    -2981.1   -30898.3     8702.7    642.9    790.4    572.2 2023  2 12 14  3 46.340  2.6   1
     3829  26.913426  103.001457    19.419     6275.3    -4051.0    13282.4    475.9    442.7    371.0 2023  2 12 15 20  6.950  3.0   1
     3830  26.874744  102.933154    15.143     -508.2    -8337.0     9006.7    654.4    433.6    603.8 2023  2 12 15 24 31.290  3.6   1
     3834  26.951196  102.870500    13.402    -6729.5      134.0     7265.8   1038.3    776.9    782.6 2023  2 12 16 51 25.630  2.9   1
     3835  26.834804  102.956803     5.517     1840.7   -12762.4     -619.8    495.6    429.0    759.3 2023  2 12 17  1 26.600  2.8   1
     3848  26.840230  102.891960    21.084    -4601.3   -12161.1    14948.0   1762.0   1348.5    835.1 2023  2 12 19 47 48.120  3.0   1
     3849  26.952834  102.788395     4.844   -14882.4      315.5    -1292.4    934.7    832.2   2162.9 2023  2 12 20 14 10.780  2.4   1
     3851  27.135779  103.138745    17.657    19890.4    20586.4    11520.1    954.4    928.5   1279.4 2023  2 12 20 45 24.600  3.6   1
     3868  26.875618  102.930648    12.918     -757.3    -8240.1     6781.9    685.9    682.9    508.2 2023  2 13  3 57 56.990  3.5   1
     3869  27.045443  102.677246    13.540   -25908.9    10576.8     7403.3    808.3   1117.0   1096.1 2023  2 13  4  8 58.450  3.3   1
     3877  26.843296  102.988387    16.446     4978.3   -11821.5    10309.8   1033.5    757.9    747.9 2023  2 13  6 58  8.040  3.1   1
     3886  26.495361  102.979622     9.161     4113.9   -50373.7     3024.7    432.1    406.7    461.7 2023  2 13 11 20 53.140  3.7   1
     3890  26.470156  102.973942    10.020     3549.1   -53166.5     3883.1    606.2    526.0    558.5 2023  2 13 12 44 44.880  3.3   1
     3913  27.106779  102.865186     9.417    -7252.9    17373.1     3280.8   1189.4    536.5    614.4 2023  2 13 22 17 53.520  3.0   1
     3932  26.949272  102.926237     9.954    -1195.5      -79.1     3817.9   1559.1    903.9    717.1 2023  2 14 11 57  2.330  2.5   1
     3936  27.087073  102.909155    17.070    -2889.6    15189.6    10933.8   1091.5    680.1    359.4 2023  2 14 14 12 31.560  2.6   1
     3940  26.497972  102.958081     9.736     1971.1   -50084.4     3599.7    939.0   1198.0   1263.0 2023  2 14 17 59 20.880  3.5   1
     3943  26.881134  102.960433    13.913     2201.4    -7628.9     7777.1    640.3    410.4    481.7 2023  2 14 21 11 56.760  3.0   1
     3948  27.110266  102.821541    14.077   -11583.2    17759.5     7940.6    570.9    351.5    411.0 2023  2 14 23  2 21.120  3.0   1
     3958  27.137583  102.862183     1.331    -7549.3    20786.3    -4805.0   1504.7   1092.5   2809.8 2023  2 15  5 48 57.830  3.6   1
     3959  27.095412  102.828223    16.923   -10920.6    16113.6    10786.1    711.5    434.2    534.9 2023  2 15  6 37 39.050  3.9   1
     3960  27.330172  102.963688    12.672     2519.6    42125.6     6535.8    842.8    643.3    552.7 2023  2 15  7 13 41.660  2.0   1
     3964  27.100592  102.836776    11.418   -10071.8    16687.6     5281.2    422.0    310.4    297.9 2023  2 15 10 22 17.840  3.4   1
     3970  27.113230  102.813322     9.953   -12398.9    18087.9     3816.3    435.5    261.4    358.1 2023  2 15 11 38  6.520  3.0   1
     3973  26.961053  102.909090     7.384    -2898.1     1226.2     1247.6    563.4    607.4    461.2 2023  2 15 14 54  0.720  2.3   1
     3976  27.107117  102.839762     8.216    -9775.0    17410.5     2079.7    286.5    271.3    466.2 2023  2 15 15 17 29.780  2.8   1
     3977  26.863997  102.945394    13.012      707.4    -9527.7     6875.8    795.6    481.6    480.8 2023  2 15 16  9 19.260  4.2   1
     3978  27.100798  102.858651     9.728    -7900.9    16710.3     3591.3    999.3    633.7   1889.1 2023  2 15 16 28  5.090  2.4   1
     3981  26.511167  102.994450     7.356     5588.7   -48622.2     1219.9    975.6    629.2    954.6 2023  2 15 19 12 44.440  3.8   1
     3982  26.986489  102.800887     8.637   -13640.3     4044.6     2501.0   1003.9   1161.6   1134.2 2023  2 15 19 18 16.120  4.0   1
     3983  26.841675  102.964111    16.864     2566.8   -12001.1    10727.1    587.5    414.7    371.3 2023  2 15 20 50 46.760  2.9   1
     4004  27.205076  102.833081    12.375   -10434.0    28264.7     6238.3    363.8    401.0    388.4 2023  2 16 15 18 47.110  2.6   1
     4005  27.135718  102.863647     6.841    -7404.0    20579.7      704.8    316.3    175.0    556.1 2023  2 16 15 51 51.340  2.9   1
     4007  27.039327  102.800985    13.177   -13626.9     9899.2     7040.4    591.0    630.5    676.4 2023  2 16 16 24  7.900  3.0   1
     4011  27.017010  102.962435    11.957     2398.5     7426.5     5820.8    882.9   1145.5    920.6 2023  2 16 17 18 28.080  2.5   1
     4027  27.373216  102.906291    13.852    -3170.0    46895.0     7715.2    875.6    923.5   1080.8 2023  2 17  2  5 10.840  3.4   1
     4028  26.950297  102.850863    12.763    -8679.9       34.5     6626.7    851.5   1501.1   1606.8 2023  2 17  2  5 13.360  3.0   1
     4041  26.950909  102.919881     7.007    -1826.0      102.3      870.6    566.0    495.3    458.8 2023  2 17 13 22  2.790  2.8   1
     4046  26.884947  102.911393     8.482    -2669.8    -7206.5     2345.2    788.6    620.5    665.8 2023  2 17 17 38 55.160  2.8   1
     4047  26.852932  102.911865    12.353    -2623.7   -10753.9     6216.3   1211.1    808.0    853.5 2023  2 17 17 44 19.540  2.7   1
     4048  26.849689  102.929484    18.990     -873.1   -11113.2    12853.5    829.3    587.0    645.8 2023  2 17 17 50 30.180  2.9   1
     4052  27.106297  102.851237     4.422    -8636.7    17319.7    -1714.1   1594.2   1122.7   2289.4 2023  2 17 22  3 44.000  3.0   1
     4058  26.829169  102.965324    13.383     2687.9   -13386.9     7246.9    383.6    286.7    293.5 2023  2 17 23  0 31.120  3.8   1
     4083  27.142497  102.864079    11.009    -7361.5    21330.8     4872.7    363.3    259.6    426.8 2023  2 18 11  9 37.300  4.4   1
     4084  26.831950  103.004508    15.205     6580.4   -13078.6     9068.5   1399.6   1483.7   1385.0 2023  2 18 11 25  4.350  3.4   1
     4086  27.110421  102.867017    10.041    -7070.9    17776.7     3904.3    665.4    355.6    688.0 2023  2 18 12  7 46.150  3.2   1
     4089  27.005859  102.865316     7.165    -7242.6     6191.0     1028.5   1131.7    959.6   1166.8 2023  2 18 16  4  9.000  2.2   1
     4094  27.213088  102.791593    10.933   -14548.2    29152.4     4796.4   1252.6    543.3   1639.4 2023  2 18 17 38 21.640  3.3   1
     4104  26.686849  102.812744     9.085   -12478.9   -29156.3     2948.5    918.1   3617.5   1329.0 2023  2 18 21 33 18.400  2.2   1
     4109  27.014384  102.840601     2.123    -9696.0     7135.5    -4013.7   1198.2    851.3   1619.6 2023  2 19  2 13 23.520  3.2   1
     4117  26.727458  102.959749     5.805     2134.5   -24656.7     -331.9    791.8    976.6   1833.9 2023  2 19  8 43 39.550  2.7   1
     4126  27.173476  102.838411    11.382    -9906.2    24763.3     5245.7    574.9    467.7    676.3 2023  2 19 16 51 35.070  3.0   1
     4131  27.064958  103.120467    13.168    18082.2    12739.1     7032.1    592.8    484.7    876.9 2023  2 19 20 12 42.980  3.6   1
     4134  27.193742  103.124650     9.737    18487.4    27008.9     3600.4    459.3    731.5    483.9 2023  2 19 21 32 17.360  3.1   1
     4135  26.938609  102.899585     6.288    -3841.7    -1260.6      152.0    906.8    888.7   1009.8 2023  2 19 21 46 38.960  1.5   1
     4138  26.896987  102.932576     6.481     -565.8    -5872.3      344.8    588.7    559.8   1032.3 2023  2 19 23 16 43.660  3.3   1
     4144  27.066380  102.994401     6.981     5570.2    12896.9      845.0    441.7    454.2    623.8 2023  2 20  1 49 31.540  3.9   1
     4154  26.736916  102.669409    17.753   -26722.6   -23608.6    11616.4   4856.3   1333.5    709.1 2023  2 20  7 13 59.890  3.2   1
     4167  26.984259  102.959074    12.014     2065.0     3797.5     5877.4   1373.7   1601.7   1472.2 2023  2 20 15 17 25.900  3.1   1
     4173  27.171259  102.986727    13.782     4806.6    24517.7     7646.5   1435.1   1106.9    927.9 2023  2 20 20 14 38.560  2.1   1
     4179  27.297632  103.019238    13.097     8027.2    38520.2     6960.6    922.0    588.2    377.3 2023  2 21  2 12 17.240  2.9   1
     4187  27.182833  103.055737    12.301    11651.9    25800.2     6164.9   1086.4   1154.5    961.1 2023  2 21  7 57 59.560  3.2   1
     4189  26.668760  103.027368    16.135     8858.0   -31160.5     9998.2    566.2    682.6    675.9 2023  2 21  8 52  8.020  4.0   1
     4191  27.125102  102.841463    12.984    -9606.0    19403.4     6847.9    594.6    425.9    321.4 2023  2 21 10 20 53.620  4.4   1
     4197  26.899736  103.007373    21.786     6863.2    -5567.9    15649.7   2174.5   1900.3   1721.6 2023  2 21 12 14 27.270  3.6   1
     4200  26.512850  103.061938    12.689    12303.5   -48435.9     6552.4   1139.6   1123.6   1412.8 2023  2 21 14 12  5.390  3.0   1
     4202  27.049609  103.148861    12.516    20902.2    11038.5     6380.1    844.0    738.8   1723.9 2023  2 21 14 40 45.690  3.3   1
     4208  27.104665  102.852889    14.406    -8472.6    17138.8     8269.4    368.9    287.6    376.3 2023  2 21 17 57 10.720  4.4   1
     4211  27.115155  102.835653     9.137   -10183.1    18301.1     3000.2   1364.8    962.2   1203.3 2023  2 21 18 55 10.460  2.6   1
     4212  26.691152  103.038127    15.965     9926.7   -28679.5     9828.2    538.5    515.4    478.6 2023  2 21 19 38 22.040  2.8   1
     4216  26.875439  102.899129     6.277    -3888.0    -8259.9      140.1    930.1    699.8   1576.1 2023  2 21 21 14 39.040  1.9   1
     4224  26.914215  102.910140     6.476    -2794.1    -3963.4      339.1    502.0    391.6    327.4 2023  2 21 23 18 40.080  4.2   1
     4226  27.121521  102.851424     6.832    -8617.9    19006.6      696.0    366.7    183.9    346.5 2023  2 21 23 53 52.720  4.6   1
     4230  26.920915  102.809644     9.864   -12774.2    -3221.0     3727.2   1265.1    988.3   1654.5 2023  2 22  4 37  4.290  3.5   1
     4231  26.514732  102.981348     1.968     4285.3   -48227.3    -4168.1    845.0    943.5   1650.1 2023  2 22  4 44 59.660  2.3   1
     4237  26.662771  102.998641    13.459     6002.4   -31824.2     7322.8    540.5    428.6    521.6 2023  2 22  7 42  7.120  3.2   1
     4248  26.596006  102.822144    16.859   -11549.3   -39221.9    10722.5    900.1   7702.1   1019.2 2023  2 22 13 15  7.400  2.7   1
     4255  27.120483  102.866715    14.335    -7100.2    18891.6     8199.0    354.3    267.2    424.0 2023  2 22 15 42 47.490  5.8   1
     4257  27.117456  102.843514     8.472    -9402.3    18556.1     2335.7    275.9    216.3    316.2 2023  2 22 16 22 50.940  3.6   1
     4259  26.889728  102.813590     6.965   -12384.0    -6676.7      828.2   1283.6    618.4   1135.3 2023  2 22 17  4 13.900  1.1   1
     4263  27.081293  102.860132    15.146    -7754.9    14549.3     9009.4   1060.9    886.5    724.2 2023  2 22 18 40 57.800  2.5   1
     4265  27.202039  102.813135    11.582   -12412.1    27928.0     5445.5    312.9    415.0    240.2 2023  2 22 19 25 30.120  3.7   1
     4267  26.887887  102.915731    14.501    -2238.7    -6880.8     8364.6    709.1    522.6    407.1 2023  2 22 19 45 21.380  3.1   1
     4268  26.883612  102.917578    12.637    -2055.9    -7354.3     6500.9    597.9    434.3    376.6 2023  2 22 19 47 48.020  2.6   1
     4273  27.210917  102.822062    12.208   -11526.2    28911.9     6071.3    673.4    592.1    498.8 2023  2 22 23 31 42.920  3.7   1
     4289  26.820656  102.903524     9.444    -3452.9   -14330.1     3307.2   1307.7    973.5   1125.0 2023  2 23 11 33 42.170  3.2   1
     4290  27.126990  103.117725     7.246    17805.2    19612.5     1109.6   1005.4    719.9   1249.2 2023  2 23 13 12 20.870  3.3   1
     4302  26.984263  102.784375     8.407   -15280.0     3798.0     2270.6    683.8    645.3   1040.0 2023  2 23 18 57 43.640  2.1   1
     4306  27.211066  102.875798     5.595    -6196.3    28928.4     -541.7    535.1   1071.6    913.5 2023  2 23 21 54 52.260  1.8   1
     4310  26.788590  102.952889     9.890     1452.2   -17883.0     3753.2    531.5    610.9    822.9 2023  2 24  1 32 18.140  3.5   1
     4311  27.213914  102.781771     6.984   -15522.4    29243.9      847.7    357.3    518.9    849.9 2023  2 24  1 42  1.350  3.7   1
     4315  26.964376  102.894442     7.723    -4352.2     1594.4     1586.4    574.0    497.7    418.8 2023  2 24  5 13 31.620  3.6   1
     4319  27.146450  102.919287     4.968    -1883.3    21768.8    -1168.0   1860.9    837.3   1572.4 2023  2 24  9 52 30.710  2.7   1
     4331  27.052976  103.112720    14.685    17314.3    11411.6     8548.5    601.0    450.7    746.7 2023  2 24 19 32 57.420  3.3   1
     4332  27.108254  103.102181    12.731    16264.3    17536.6     6594.8    821.1    929.5    968.2 2023  2 24 20  1 25.400  2.9   1
     4336  26.896822  102.954598     9.511     1621.8    -5890.7     3374.9    440.7    386.1    533.9 2023  2 24 22 37 37.160  2.0   1
     4339  26.986578  102.828328    16.606   -10915.6     4054.5    10469.3    733.9    501.7    555.6 2023  2 25  1 57 37.880  4.1   1
     4345  26.733728  103.023177     2.121     8438.7   -23962.0    -4015.6    391.6    405.9    440.2 2023  2 25  4 18  4.660  2.6   1
     4349  27.206224  102.799113    10.201   -13802.7    28391.9     4064.5    409.2    386.8    362.6 2023  2 25  5 47 20.360  3.6   1
     4352  27.178900  102.811133     3.152   -12612.5    25364.3    -2984.4    260.8    367.3    896.6 2023  2 25  8  7 55.330  2.9   1
     4354  27.173676  102.807308     5.829   -12991.6    24785.4     -307.4    376.1    575.7    736.3 2023  2 25  8 59 17.600  2.5   1
     4359  26.919769  102.922363     6.997    -1580.0    -3348.0      860.3    550.1    489.6    504.7 2023  2 25 10  3 21.110  2.7   1
     4360  27.010101  102.847884    17.029    -8973.0     6660.9    10892.7   1105.0    770.8    800.4 2023  2 25 10 16  9.730  3.5   1
     4367  27.235352  102.777808    12.308   -15913.8    31619.3     6171.5    634.3    820.5    592.8 2023  2 25 12  5 31.040  3.5   1
     4368  27.197902  102.846517    11.025    -9101.6    27469.8     4888.1    374.5    427.2    335.8 2023  2 25 12 17 17.830  2.5   1
     4374  27.218864  102.768953     4.322   -16793.0    29792.4    -1814.6    559.9    613.3   1268.1 2023  2 25 13  4  1.670  3.5   1
     4378  26.980918  102.842407    10.162    -9518.2     3427.4     4025.7    822.1    679.3    564.9 2023  2 25 14 21 14.710  2.5   1
     4383  27.127431  102.891414     7.273    -4649.7    19661.5     1137.0    515.9    269.2    872.2 2023  2 25 16 42 41.760  3.2   1
     4386  26.854952  102.950415    10.154     1206.0   -10530.0     4017.2    337.4    274.8    324.8 2023  2 25 17 28  3.480  3.4   1
     4391  26.986182  103.053752    25.745    11465.1     4010.5    19608.3   1364.0   1910.8   1091.2 2023  2 25 19 22 24.720  2.1   1
     4396  27.220388  102.794222     8.609   -14287.1    29961.3     2472.4    448.0    530.0    705.7 2023  2 25 20  8 33.840  2.4   1
     4401  27.202480  102.833244    11.556   -10417.6    27977.1     5420.0    340.5    425.6    392.6 2023  2 25 21 21 32.000  2.2   1
     4415  27.186639  102.882845    12.269    -5498.6    26221.9     6132.9    858.7    518.7    553.7 2023  2 26  2 40 13.080  5.0   1
     4419  27.209159  102.794767    11.427   -14234.0    28717.2     5291.0    407.4    402.9    330.8 2023  2 26  2 50 36.150  4.6   1
     4420  27.207050  102.796387     8.073   -14073.4    28483.4     1937.1    538.6    607.5   1211.6 2023  2 26  2 54 33.970  3.8   1
     4435  27.154891  102.878833    12.090    -5896.7    22704.0     5953.8    700.7    539.5    901.3 2023  2 26 10 19 17.390  2.7   1
     4440  26.982316  102.893766    22.321    -4419.1     3582.2    16184.5   1024.5    869.0   1040.3 2023  2 26 14 17  6.460  3.4   1
     4445  26.848995  102.968652     8.034     3018.0   -11190.1     1898.0    333.8    250.9    458.3 2023  2 26 16 17  1.720  2.8   1
     4454  26.779083  102.993888    12.638     5526.6   -18936.6     6501.3   1045.3   1309.6    937.8 2023  2 26 20 30 55.940  3.3   1
     4457  27.057481  102.841943     6.402    -9561.3    11910.8      265.2   1592.8   1354.1   1875.5 2023  2 26 22 17 28.660  2.7   1
     4463  27.098112  103.066642     5.346    12738.8    16412.7     -790.4   1543.0    893.0   2602.8 2023  2 27  0 17 42.440  3.7   1
     4464  26.923024  102.926432     8.089    -1176.1    -2987.4     1952.6    511.9    365.2    335.4 2023  2 27  1 33 45.570  4.1   1
     4466  27.038418  103.146110     8.618    20629.8     9798.5     2481.2   1112.7    996.8   1700.1 2023  2 27  3 17 32.080  3.9   1
     4470  27.075877  102.754093    11.203   -18278.7    13949.0     5066.3    818.1    887.0   1069.5 2023  2 27  5 49 27.430  4.4   1
     4471  26.870351  102.951855    14.481     1349.4    -8823.8     8344.9    755.4    524.2    684.8 2023  2 27  5 56 53.330  3.4   1
     4474  27.187730  103.104476    11.124    16486.9    26342.8     4988.1    445.9    981.5    665.9 2023  2 27  8  5 57.340  3.1   1
     4478  27.129175  102.851237    11.004    -8635.4    19854.6     4867.5    492.7    389.3    577.1 2023  2 27 11 59 33.760  4.3   1
     4487  27.086373  102.884399     7.765    -5346.3    15112.0     1628.6    963.2    488.1    733.7 2023  2 27 18 32  4.260  2.6   1
     4491  26.825584  102.973340    10.040     3484.3   -13784.1     3903.8    472.5    313.9    457.7 2023  2 27 20 25 38.820  3.6   1
     4499  26.796014  102.792261    13.955   -14508.6   -17060.5     7818.4    911.4   3481.9   1371.9 2023  2 28  0 32 32.570  2.5   1
     4510  26.795249  102.957284    13.176     1889.2   -17145.2     7039.7    630.4    611.9    608.0 2023  2 28 10 34 50.940  3.1   1
     4516  26.973987  102.849512    17.324    -8813.3     2659.5    11187.5   1071.5    875.3    685.0 2023  2 28 15  1  0.140  4.4   1
     4517  26.875279  102.928955    15.121     -925.5    -8277.7     8984.9    809.8    504.2    512.1 2023  2 28 15 11  5.610  3.4   1
     4521  26.629962  102.748503    19.341   -18870.0   -35459.5    13204.6   1290.5   1760.1   1790.9 2023  2 28 17 14 59.920  3.2   1
     4526  26.754702  103.008398    10.104     6969.0   -21638.1     3967.2    698.8    733.9    481.0 2023  2 28 18 42 34.080  2.2   1
     4527  27.004834  102.845361    16.179    -9224.2     6077.3    10042.6   1459.4    931.9   1587.4 2023  2 28 19 36 48.200  2.4   1
     4529  26.859544  102.915942    11.478    -2218.6   -10021.1     5341.7    505.6    357.6    481.8 2023  2 28 21 24  5.320  3.2   1
     4530  26.625360  103.014844    12.022     7614.1   -35969.3     5885.8    484.3    473.0    373.2 2023  2 28 21 42 45.880  3.9   1
     4540  26.942377  102.765771     6.775   -17130.1     -843.2      638.6    896.5   1564.6   1454.1 2023  3  1  5 57 41.830  3.5   1
     4541  26.874919  102.895256     5.248    -4273.1    -8317.6     -888.5   1326.6    962.8   1324.0 2023  3  1  8 20 19.090  2.2   1
     4546  26.843062  103.024341     9.882     8550.6   -11847.3     3745.7    613.1    617.4    702.9 2023  3  1 11 12 25.550  4.0   1
     4549  26.843742  102.972144     6.916     3364.6   -11772.1      779.2    587.6    521.5    774.2 2023  3  1 11 36  8.330  4.1   1
     4550  26.906936  102.917578    18.107    -2055.1    -4770.0    11970.9   1412.3   1134.0    837.2 2023  3  1 11 42 30.150  3.5   1
     4551  26.863448  102.942521    11.456      422.3    -9588.5     5319.4    361.4    323.8    271.6 2023  3  1 11 57 26.400  3.6   1
     4556  27.106948  102.947933     8.402      958.8    17391.8     2265.4   1158.2    624.7   1128.0 2023  3  1 14  5 42.690  2.5   1
     4560  26.841789  102.968896     7.235     3042.7   -11988.6     1098.2    307.3    278.4    506.6 2023  3  1 16 21 48.300  2.7   1
     4563  27.208093  102.778027     3.674   -15894.2    28599.0    -2462.0    394.7    648.5   1103.4 2023  3  1 18 54 27.200  3.0   1
     4565  26.850684  102.957902    12.819     1950.1   -11002.9     6682.3    334.1    318.4    206.3 2023  3  1 21 29 18.360  3.0   1
     4568  26.955066  102.810392    10.723   -12698.5      562.9     4586.5    733.9    692.6    717.2 2023  3  2  0 30 50.080  2.5   1
     4570  27.104169  102.980656     8.734     4205.4    17083.8     2598.0   1665.6    901.9   1477.3 2023  3  2  3 15 16.200  2.6   1
     4573  26.556691  102.926725    11.017    -1149.0   -43578.0     4880.4    346.6   1020.1    377.7 2023  3  2  5 11 40.330  3.3   1
     4576  27.133956  102.880005    11.154    -5781.6    20384.3     5017.4    345.5    291.2    502.0 2023  3  2  9 48 34.580  4.2   1
     4578  27.122917  102.907609     6.646    -3042.9    19161.2      509.3    439.3    242.1    396.6 2023  3  2 11 31 42.640  3.7   1
     4588  26.931120  102.871908     7.939    -6590.4    -2090.5     1802.2   5323.5    834.6   3025.2 2023  3  2 15 53 24.000  2.5   1
     4589  27.122420  102.908317    14.815    -2972.4    19106.1     8679.0   1674.0   1056.6    795.3 2023  3  2 16 21 30.880  3.1   1
     4591  27.007412  102.791496     4.394   -14571.4     6363.0    -1742.7    278.2    330.6    578.1 2023  3  2 16 50 48.560  4.2   1
     4592  26.957731  102.784074     5.966   -15311.7      858.2     -170.6    768.1   1107.9   1100.1 2023  3  2 16 54 11.820  2.8   1
     4595  26.835555  103.007992     5.826     6926.2   -12679.1     -310.6    385.1    427.3    880.6 2023  3  2 22 11 55.000  3.5   1
     4596  26.859145  102.962240    13.698     2380.6   -10065.3     7561.2    351.3    271.2    272.7 2023  3  2 22 25 24.180  5.2   1
     4597  26.855275  103.031470     6.865     9258.1   -10494.1      729.6    656.4    647.3   1057.9 2023  3  2 22 32 59.520  2.6   1
     4599  26.849927  102.977157     7.784     3862.5   -11086.8     1648.3    390.8    289.2    507.6 2023  3  2 22 48 55.160  3.7   1
     4601  26.838784  102.928963    13.954     -925.2   -12321.4     7818.1    494.8    343.8    404.1 2023  3  3  1 24  8.360  3.3   1
     4606  27.097437  102.915666     6.900    -2243.1    16337.9      763.7    654.3    539.8    797.5 2023  3  3  9 40 10.640  2.6   1
     4607  26.752665  102.940047    19.651      176.7   -21863.5    13514.5   2060.3   1022.2   1317.2 2023  3  3 10 45 13.520  4.7   1
     4611  26.794562  102.986426    13.449     4785.1   -17221.3     7312.9    632.9    444.3    664.0 2023  3  3 13 47 48.060  3.9   1
     4612  26.825500  102.896069     9.219    -4193.4   -13793.2     3083.0    956.1    692.8    778.4 2023  3  3 13 55 34.260  2.8   1
     4613  27.110866  102.912199    11.575    -2587.7    17826.0     5438.8   1263.6    519.9    470.3 2023  3  3 17 13  3.560  2.5   1
     4615  26.829844  102.962467    11.711     2403.4   -13311.9     5574.2    388.1    290.2    363.7 2023  3  3 18 35 13.960  2.7   1
     4616  26.945959  102.810815     9.523   -12657.0     -446.2     3386.3    625.5    910.3    568.8 2023  3  3 20 48  9.960  3.9   1
     4620  26.942082  103.004386     6.173     6565.3     -875.9       36.8    850.7   1014.6    956.8 2023  3  4  4  7 31.650  3.8   1
     4623  27.116313  102.895597     4.076    -4234.7    18429.5    -2060.4    423.0    254.8    976.5 2023  3  4  9  6 12.980  4.5   1
     4625  27.054413  102.974113     8.577     3557.4    11570.7     2440.5    696.3    916.3   1075.0 2023  3  4 10 54  7.440  2.3   1
     4627  26.905784  102.979720     5.863     4116.5    -4897.7     -273.8    296.9    431.4    313.3 2023  3  4 12 54 28.140  3.2   1
     4629  26.854775  102.945003     9.177      668.5   -10549.5     3040.3    611.2    499.2    713.4 2023  3  4 14 18 51.790  2.9   1
     4631  27.196779  102.821134     9.293   -11619.2    27345.3     3157.0    328.5    420.0    317.5 2023  3  4 16  3 21.110  3.2   1
     4639  26.391357  103.063444    23.322    12459.3   -61897.5    17186.0   2234.3   1362.4   1494.8 2023  3  4 18  2  4.160  3.4   1
     4641  27.187292  102.839933     8.539    -9754.8    26294.2     2402.5    377.0    364.1    531.3 2023  3  4 20 26 14.320  3.4   1
     4644  27.140790  102.812061    14.086   -12522.0    21141.6     7950.0    599.2    453.2    499.7 2023  3  4 21  6 18.080  3.0   1
     4645  27.214089  102.780485     8.525   -15649.8    29263.3     2388.9   1004.6    566.0   1306.2 2023  3  4 22 23 24.320  2.7   1
     4646  27.112807  102.860986     8.616    -7669.1    18041.0     2479.8    513.1    268.4    465.6 2023  3  4 22 34 25.720  3.0   1
     4647  27.216827  102.804061    11.891   -13311.3    29566.7     5754.7    520.4    419.3    470.9 2023  3  4 22 58 19.380  3.1   1
     4648  27.132941  102.792700     9.426   -14443.8    20271.8     3289.3    616.3    317.5    607.1 2023  3  5  0  8  8.700  3.6   1
     4650  26.975936  102.823185     4.833   -11426.6     2875.4    -1303.9    410.9    510.8    743.8 2023  3  5  7  8 51.980  3.3   1
     4651  26.857485  102.946932     8.670      860.3   -10249.4     2533.3    572.1    391.3    555.9 2023  3  5  8 40 14.220  2.9   1
     4654  26.980121  102.864168     4.630    -7357.9     3339.0    -1506.1   1555.6    529.4    813.8 2023  3  5 12 14 44.770  2.7   1
     4655  27.045284  103.151799    14.229    21194.0    10559.3     8092.5    858.1    891.6   1259.1 2023  3  5 13 24  1.700  3.3   1
     4656  27.050521  103.126351    11.375    18668.0    11139.5     5238.5    968.4    655.3    702.2 2023  3  5 14  7  6.940  4.1   1
     4659  26.857041  102.954940    11.244     1655.8   -10298.4     5107.9    298.8    256.8    247.4 2023  3  5 15 55  1.790  3.5   1
     4660  26.930265  102.868913    11.333    -6888.0    -2185.1     5196.3    976.7    845.4    695.0 2023  3  5 16 14 42.980  2.5   1
     4661  27.136764  102.792415    15.956   -14471.8    20695.5     9819.1    658.9    464.9    511.7 2023  3  5 16 38 53.730  3.4   1
     4666  27.342104  102.911499    12.621    -2654.1    43447.7     6485.1   1060.7    714.4    660.8 2023  3  5 23  8 42.920  2.9   1
     4667  27.110097  102.902970    12.578    -3503.2    17740.8     6441.7    664.6    483.0    610.1 2023  3  5 23 13 41.600  4.2   1
     4668  27.128689  102.858740     5.588    -7891.2    19800.7     -547.9   1217.4    732.8   1756.4 2023  3  5 23 36 50.360  3.5   1
     4669  27.056148  102.689502     5.353   -24691.2    11763.1     -783.6   9013.7    434.1    574.9 2023  3  5 23 54 13.880  1.9   1
     4672  27.195420  102.825822     1.395   -11154.3    27194.9    -4741.3    489.0    472.8    820.3 2023  3  6  3 17 19.800  3.0   1
     4673  26.863853  102.957381    12.637     1897.9    -9543.7     6500.7    283.6    302.3    282.1 2023  3  6  3 24 59.860  3.1   1
     4674  26.878585  103.061418    12.191    12231.8    -7911.5     6054.5   3151.2  12770.3   3969.3 2023  3  6  4 35 56.530  2.9   1
     4675  27.120874  103.180518    26.744    24036.2    18935.0    20608.0    596.7    864.3    614.3 2023  3  6  4 56 44.990  3.1   1
     4680  27.128160  102.820459    13.919   -11689.8    19742.1     7783.0    446.3    336.2    410.6 2023  3  6  7 11 16.110  4.4   1
     4682  27.130615  102.849951     9.897    -8763.2    20014.3     3760.7    460.2    303.9    363.0 2023  3  6  7 43  0.390  2.5   1
     4685  27.123281  102.854500     8.796    -8311.9    19201.5     2660.0    523.7    310.9    553.0 2023  3  6 11 41 37.020  4.0   1
     4686  27.124935  102.867660     7.691    -7006.4    19384.9     1554.3    357.5    225.1    379.2 2023  3  6 14 35 50.270  3.5   1
     4689  27.055896  102.902311    10.064    -3569.4    11735.2     3927.8   1560.6    981.8   1113.2 2023  3  6 17  7 19.200  3.2   1
     4694  27.127336  102.835636    13.785   -10183.4    19650.9     7648.3    555.1    389.1    507.7 2023  3  6 19 11 33.340  5.4   1
     4696  26.916384  102.957300     7.430     1890.0    -3723.2     1294.1    359.1    376.8    316.1 2023  3  6 20  7 20.980  3.0   1
     4699  26.854163  102.952547    14.474     1418.4   -10617.4     8337.4    635.2    441.6    382.8 2023  3  6 20 48 46.520  6.1   1
     4701  26.876298  102.899552     8.425    -3845.9    -8164.8     2288.4   1492.3    489.3   1039.7 2023  3  6 20 54 44.080  3.5   1
     4702  26.838118  102.987858     7.152     4926.3   -12395.1     1015.8    299.6    347.9    515.2 2023  3  6 21  4 33.560  2.8   1
     4703  26.970917  102.807690     2.209   -12965.5     2319.2    -3927.8    744.9    908.2   1564.8 2023  3  6 21 12 14.480  2.2   1
     4706  26.855235  102.905632     7.779    -3242.9   -10498.6     1642.5   1106.4    442.2   1132.8 2023  3  6 21 45 18.720  2.7   1
     4709  26.845510  102.974666    11.964     3615.1   -11576.1     5827.8    645.4    390.2    465.3 2023  3  6 21 58  3.300  3.2   1
     4710  26.858695  102.944417    10.360      610.7   -10115.1     4223.8    349.7    272.2    293.5 2023  3  6 22 22 54.720  3.4   1
     4713  26.832493  102.977653    15.855     3912.4   -13018.5     9718.5    438.8    421.4    371.2 2023  3  6 23 10 34.880  3.3   1
     4714  26.841052  102.974976     8.517     3646.0   -12070.1     2380.7    379.8    320.1    499.6 2023  3  6 23 14 54.440  2.9   1
     4716  26.863375  102.957536    12.100     1913.2    -9596.6     5963.7    328.4    233.6    258.6 2023  3  6 23 32 30.960  2.8   1
     4717  26.843791  102.916829    12.861    -2130.7   -11766.8     6724.1    832.5    354.0    363.8 2023  3  6 23 33 54.700  4.2   1
     4718  26.839091  102.992415     7.528     5378.5   -12287.5     1391.3    352.8    334.7    506.7 2023  3  6 23 47  1.200  2.9   1
     4719  26.859149  102.969336    14.084     3086.1   -10064.9     7947.8    327.9    278.5    271.8 2023  3  6 23 51 24.000  3.8   1
     4720  26.851133  102.933944    14.900     -430.0   -10953.0     8763.8    586.6    312.7    346.6 2023  3  7  0 14 25.750  3.6   1
     4721  26.833474  102.968595    10.290     3012.3   -12909.8     4153.2   1544.2    725.6    961.1 2023  3  7  0 22 44.000  3.0   1
     4722  26.818337  102.956299    22.294     1790.8   -14586.9    16157.1    962.7   1508.0   1159.7 2023  3  7  0 35 45.550  4.6   1
     4724  26.820113  102.885286     8.186    -5264.4   -14390.2     2049.4    976.1    690.1   1034.6 2023  3  7  1 17 14.930  3.4   1
     4726  26.867167  102.866146     3.584    -7164.4    -9176.6    -2552.0    527.3    556.9   1283.0 2023  3  7  1 24 15.120  3.8   1
     4727  26.855998  102.966398    11.659     2793.8   -10414.0     5522.4    477.1    336.9    448.0 2023  3  7  1 31 58.920  3.6   1
     4728  26.846023  102.962362    11.463     2392.7   -11519.4     5326.2    345.3    283.1    343.4 2023  3  7  2 24 32.150  4.1   1
     4730  26.850732  102.948234     7.860      989.9   -10997.5     1723.1    357.8    282.0    474.6 2023  3  7  3 21 32.720  3.4   1
     4731  26.851229  102.998104    13.860     5944.0   -10942.5     7723.4    603.6    496.9    457.8 2023  3  7  3 41 30.630  4.1   1
     4732  26.844415  102.983057     8.140     4448.8   -11697.6     2003.2    392.2    362.5    578.8 2023  3  7  4  7 50.350  3.1   1
     4733  27.149941  103.123771    10.918    18403.9    22155.6     4781.1    298.1    440.9    301.3 2023  3  7  4 18 49.650  3.6   1
     4734  26.862370  102.929728    10.690     -848.4    -9708.0     4553.6    561.8    377.9    379.4 2023  3  7  4 37  7.440  3.5   1
     4735  26.858877  102.997664    12.172     5899.9   -10095.2     6035.3    638.4    547.0    570.7 2023  3  7  4 41  0.980  3.4   1
     4738  27.035288  102.765348    13.629   -17164.9     9451.7     7492.2    600.1    752.5    559.2 2023  3  7  5 32 22.230  4.8   1
     4739  26.856262  102.971118     9.831     3263.0   -10384.8     3695.1    358.5    273.0    435.3 2023  3  7  5 48 34.360  3.6   1
     4741  26.858584  102.964901    13.646     2645.1   -10127.7     7509.8    365.6    292.9    316.4 2023  3  7  7  3 58.910  4.4   1
     4742  26.822949  103.004875    11.729     6617.0   -14075.9     5592.5    789.5    623.7    528.9 2023  3  7  7 16 26.350  3.0   1
     4743  26.844590  102.963631    10.211     2519.3   -11678.1     4074.1    418.8    348.1    398.3 2023  3  7  8  4 49.490  3.3   1
     4744  26.861523  102.936068    13.218     -219.2    -9801.9     7081.6    431.1    340.0    325.9 2023  3  7  8 29 47.790  3.6   1
     4745  26.847951  102.959701     7.556     2128.8   -11305.7     1419.5    394.8    307.5    533.5 2023  3  7  9  0 10.610  3.3   1
     4746  27.104936  102.947656     6.644      931.2    17169.0      507.9    634.4    433.4    762.4 2023  3  7  9 21 49.230  3.0   1
     4749  26.828835  102.934871    11.714     -338.0   -13423.8     5577.2   1002.7    324.8    445.2 2023  3  7 12  5  7.430  3.1   1
     4753  26.847418  102.947900    13.997      956.7   -11364.8     7860.3    467.8    406.9    304.5 2023  3  7 14  7 58.450  3.7   1
     4754  26.846387  102.928784    10.122     -942.8   -11479.1     3986.1    787.7    519.3    655.6 2023  3  7 14 12 42.270  4.2   1
     4755  26.854828  102.951449    11.539     1308.8   -10543.8     5402.4    369.0    289.5    337.0 2023  3  7 14 38 37.150  4.4   1
     4756  26.847060  102.974072    13.546     3556.6   -11404.4     7409.8    335.4    298.2    322.6 2023  3  7 14 40 28.990  5.1   1
     4757  26.837435  102.950277     6.656     1192.1   -12471.0      519.8    527.4    410.5    735.0 2023  3  7 14 45 52.360  3.4   1
     4759  26.842869  102.973267    11.694     3476.6   -11868.8     5557.7    586.8    307.9    366.8 2023  3  7 15 16 58.030  4.7   1
     4760  26.859298  102.935002     2.401     -325.0   -10048.4    -3735.7   1457.6   1078.2   1380.7 2023  3  7 15 19 57.140  3.6   1
     4764  26.854136  102.975667    11.344     3714.9   -10620.4     5207.7    457.4    342.4    264.7 2023  3  7 19  1 47.760  3.4   1
     4765  26.857505  102.972323    10.782     3382.8   -10247.2     4645.6    305.4    268.3    273.6 2023  3  7 19 34 57.800  3.5   1
     4769  26.850616  102.967448    14.655     2898.4   -11010.4     8518.5    346.4    311.1    418.7 2023  3  7 21 13 56.800  4.2   1
     4770  26.851070  102.988151    10.710     4954.8   -10960.2     4574.0    419.5    309.7    379.4 2023  3  7 21 21 38.080  4.7   1
     4771  26.853947  102.972209     7.216     3371.5   -10641.4     1079.4    315.3    293.5    465.6 2023  3  7 21 31 15.840  3.3   1
     4773  26.858413  102.972404     7.795     3390.2   -10146.5     1658.4    379.7    287.1    465.0 2023  3  7 21 37  4.420  3.1   1
     4774  26.851426  102.964339    15.545     2589.7   -10920.7     9409.0    470.2    367.4    442.4 2023  3  7 21 44 29.740  4.6   1
     4775  26.856091  102.943164    10.434      486.2   -10403.8     4297.3    389.6    304.2    357.4 2023  3  7 21 58 11.320  3.5   1
     4776  26.843162  102.942969     8.600      466.5   -11836.4     2463.5    586.3    470.3    761.3 2023  3  7 22 12 13.060  3.0   1
     4777  26.870412  102.942082    11.296      378.6    -8817.0     5160.0    357.7    266.8    279.4 2023  3  7 22 18  8.440  2.5   1
     4778  26.861230  102.939331     8.679      104.9    -9834.4     2542.3    644.5    437.0    548.6 2023  3  7 22 33 19.200  3.1   1
     4780  26.848492  102.981689     7.506     4313.1   -11245.8     1370.4    406.3    340.0    516.7 2023  3  7 22 43 48.740  3.1   1
     4782  26.928548  102.937988     9.189      -28.2    -2375.3     3052.2    431.9    441.6    379.3 2023  3  7 23 32 49.040  3.0   1
     4784  26.851345  102.988118    12.548     4951.9   -10929.7     6411.7    359.6    261.1    268.2 2023  3  7 23 35 24.520  3.5   1
     4785  26.870276  102.966593    15.073     2813.1    -8832.1     8936.6    587.8    467.7    700.3 2023  3  8  0  0 27.340  3.2   1
     4786  27.135048  102.835661    11.597   -10181.0    20505.4     5461.0    705.1    390.6    628.9 2023  3  8  0  7 29.320  3.2   1
     4787  26.865100  102.929460    15.710     -875.7    -9405.5     9573.2    761.7    547.1    616.0 2023  3  8  0 24 23.150  3.5   1
     4788  26.861530  102.949097    15.041     1075.4    -9801.3     8904.6    843.8    451.2    723.9 2023  3  8  0 27 48.520  3.5   1
     4789  26.853833  102.914323    14.962    -2379.1   -10654.0     8825.8   1008.4    789.5    816.7 2023  3  8  0 57 17.160  4.1   1
     4790  26.842690  102.970809    10.765     3232.3   -11888.7     4628.4    559.2    577.4    594.6 2023  3  8  1  6 50.680  2.6   1
     4791  26.848366  102.969865    12.434     3138.1   -11259.7     6297.1    439.3    353.5    315.4 2023  3  8  3  2 53.700  3.9   1
     4792  26.840226  102.946379     7.291      805.4   -12161.6     1154.6    611.0    564.1    980.4 2023  3  8  3 38 24.440  3.5   1
     4793  26.847894  102.934001     7.505     -424.8   -11312.0     1368.9    814.9    514.3    703.2 2023  3  8  4  9 43.640  4.0   1
     4795  26.864878  102.954061    14.418     1568.1    -9430.1     8281.2   1821.6   1331.8   1507.3 2023  3  8  4 54 27.230  3.8   1
     4796  26.853699  102.994857    11.453     5621.3   -10668.9     5317.0    529.8    346.9    462.6 2023  3  8  4 57 33.230  3.8   1
     4797  26.846716  102.943840    11.149      552.6   -11442.6     5012.2    586.3    412.1    636.7 2023  3  8  5 35 57.320  3.5   1
     4800  26.865641  102.958439    13.259     2003.2    -9345.6     7122.8    333.5    362.0    309.2 2023  3  8  8 34 31.720  2.9   1
     4801  26.836082  102.963607     4.971     2517.3   -12620.9    -1165.2    404.9    495.2    792.1 2023  3  8  9 54 42.780  3.5   1
     4802  26.766701  103.003800     4.235     6511.8   -20308.4    -1901.8    594.0   1076.6   1353.8 2023  3  8 10 42  1.040  3.5   1
     4804  26.859969  102.963501    14.116     2506.5    -9974.1     7979.8    371.4    281.4    257.6 2023  3  8 10 57 26.430  3.6   1
     4807  26.843610  102.981323    11.045     4276.8   -11786.8     4908.4    380.5    268.2    271.0 2023  3  8 11 16  2.730  4.7   1
     4808  26.848958  102.994491    11.425     5584.6   -11194.0     5288.7    539.0    328.3    271.7 2023  3  8 11 32  1.250  4.6   1
     4809  26.875128  102.989404    20.326     5078.7    -8294.4    14189.6    908.4    860.5    848.3 2023  3  8 11 36 49.380  4.0   1
     4810  26.862876  102.972648    15.973     3414.6    -9651.9     9836.2    500.7    403.8    503.9 2023  3  8 11 52 20.980  3.7   1
     4811  26.852236  102.983512    14.318     4494.5   -10831.0     8181.6    402.0    373.1    335.8 2023  3  8 12 16  0.270  3.5   1
     4812  27.119259  102.870475    13.043    -6727.4    18755.9     6906.4    410.6    268.0    504.2 2023  3  8 12 28 57.760  4.6   1
     4815  26.841838  102.924544     8.683    -1363.7   -11983.1     2547.1    750.2    513.0    633.9 2023  3  8 13 18 43.040  4.4   1
     4817  26.856165  102.976717     8.498     3819.0   -10395.6     2361.4    363.6    313.2    509.5 2023  3  8 14 11 31.600  3.5   1
     4819  26.863774  102.941463    13.906      317.1    -9552.5     7769.3    327.8    319.9    260.5 2023  3  8 14 20 24.160  3.3   1
     4820  26.866663  102.942505    16.439      420.2    -9232.5    10302.9    666.1    455.5    409.4 2023  3  8 14 27 34.400  3.3   1
     4822  26.859814  102.917798    13.217    -2034.4    -9991.2     7080.9    595.6    388.3    423.8 2023  3  8 15 29 19.270  2.8   1
     4823  26.887354  102.928914    17.630     -929.6    -6939.9    11493.8    900.9    692.8    666.1 2023  3  8 15 31 26.470  3.0   1
     4825  26.867896  102.908651     5.715    -2942.7    -9095.7     -421.5    678.5    518.5    675.8 2023  3  8 15 57  8.030  2.1   1
     4826  26.862661  102.993701    13.117     5506.1    -9675.9     6980.2    401.8    330.3    364.2 2023  3  8 16 15 45.670  3.2   1
     4829  27.129921  102.837305    10.500   -10018.2    19937.4     4364.1    309.5    278.1    334.7 2023  3  8 16 47  0.080  4.2   1
     4831  26.851410  102.936621     8.792     -164.5   -10922.4     2655.9    420.3    278.0    413.7 2023  3  8 17 18 39.800  3.2   1
     4833  26.856844  102.946411    13.754      808.5   -10320.4     7617.9    673.6    478.9    574.2 2023  3  8 17 31 52.760  3.1   1
     4835  26.934106  102.968123    21.024     2964.6    -1759.5    14887.6   1520.8   1759.5    885.0 2023  3  8 17 40 48.800  3.0   1
     4836  27.032607  102.826660     3.435   -11079.2     9154.6    -2701.0   1513.5    766.9   2301.1 2023  3  8 17 47 34.280  2.6   1
     4837  26.851009  102.949821    14.178     1147.1   -10967.0     8041.2    801.3    462.4    485.2 2023  3  8 17 50 50.880  4.7   1
     4840  26.795593  102.984855    14.721     4628.8   -17107.2     8584.3    671.3    527.6    752.6 2023  3  8 18 13 36.560  4.5   1
     4842  26.835079  102.969271     7.520     3079.9   -12732.1     1383.5    539.8    442.4    936.5 2023  3  8 18 28  0.140  3.5   1
     4844  26.856824  102.939844    14.526      155.7   -10322.6     8389.2    471.7    368.4    274.7 2023  3  8 18 45 27.760  2.8   1
     4845  26.834084  102.961434     6.003     2301.3   -12842.2     -133.5    482.2    373.1    847.8 2023  3  8 18 49 30.880  3.0   1
     4847  26.852159  102.980542     9.746     4198.7   -10839.5     3609.7    384.1    436.4    540.4 2023  3  8 18 57 27.600  2.7   1
     4849  26.956323  102.851864    12.736    -8580.5      702.2     6599.8   1100.0    877.4    899.1 2023  3  8 19  8 18.620  2.2   1
     4851  26.849316  102.942554     7.751      425.5   -11154.5     1614.1    463.8    289.1    488.3 2023  3  8 19 33  5.040  3.0   1
     4853  26.865021  102.898438    17.121    -3956.8    -9414.4    10985.0    941.1    683.9    651.4 2023  3  8 19 41 40.980  4.5   1
     4856  26.965383  102.846346    24.535    -9128.0     1706.2    18398.3   2774.9   1559.8   1622.3 2023  3  8 19 58 16.760  3.6   1
     4858  26.836910  102.906405     2.941    -3166.3   -12529.1    -3195.1    915.1    462.0   1193.4 2023  3  8 20 22 50.720  3.1   1
     4859  26.863505  102.890080     7.175    -4787.5    -9582.2     1038.1    896.0    564.1    735.4 2023  3  8 20 54 12.440  2.3   1
     4861  26.840906  102.959928     7.213     2151.2   -12086.4     1077.0    443.4    433.6    782.5 2023  3  8 21  9 17.160  3.3   1
     4863  26.850999  102.954159    10.748     1577.9   -10967.9     4611.8    395.4    317.7    391.5 2023  3  8 22  6  3.880  2.9   1
     4864  26.835071  102.933032     5.433     -521.0   -12732.8     -703.7    897.8    458.2   1408.5 2023  3  8 22 14 55.040  2.5   1
     4865  26.805253  103.002645    17.769     6396.2   -16036.7    11632.6   1152.0    600.9   1156.6 2023  3  8 22 22 31.160  3.0   1
     4866  26.860170  103.004395     7.365     6568.3    -9951.7     1228.8    665.0    718.6    761.5 2023  3  8 22 33 58.560  2.5   1
     4867  26.857381  102.977450    13.933     3891.9   -10260.9     7796.3    504.7    330.7    339.8 2023  3  8 22 37 23.320  5.3   1
     4868  26.864701  102.983919    15.140     4534.1    -9449.8     9003.4    984.2    956.3   1231.6 2023  3  8 22 44  6.640  2.9   1
     4869  26.844531  102.973193     9.632     3468.8   -11684.7     3495.5    462.3    350.5    538.5 2023  3  8 22 47 56.720  3.4   1
     4870  26.848071  102.962410    10.869     2398.2   -11292.3     4733.1    270.2    247.6    276.7 2023  3  8 22 53 20.080  4.4   1
     4871  26.864587  102.957064    11.562     1866.9    -9462.4     5425.8    502.2    360.6    364.3 2023  3  8 23  1 14.240  4.4   1
     4873  26.857715  102.969849    10.255     3136.9   -10223.8     4119.1    410.8    369.9    387.9 2023  3  8 23 12 30.480  3.6   1
     4874  26.853566  103.028402     7.567     8953.4   -10683.5     1430.5    631.0    586.4    985.7 2023  3  8 23 13 55.680  3.0   1
     4875  26.848381  102.949121     9.645     1077.8   -11258.2     3508.5    343.4    281.5    417.6 2023  3  8 23 18 10.680  3.7   1
     4876  26.848836  102.931958    11.415     -627.5   -11207.6     5278.3    476.7    288.5    364.6 2023  3  8 23 31 30.160  3.5   1
     4878  26.857581  102.988468    15.180     4986.2   -10238.8     9043.7    480.2    529.9    371.2 2023  3  8 23 45 23.320  3.4   1
     4879  26.840159  102.934993    10.970     -325.4   -12169.0     4833.6    582.4    400.9    429.0 2023  3  8 23 46 48.580  3.6   1
     4881  26.861418  102.943237     8.303      493.0    -9813.6     2166.3    355.2    280.3    451.0 2023  3  9  0  8 16.170  3.0   1
     4882  26.844027  103.001147     9.853     6246.1   -11740.4     3716.8    411.5    360.0    424.2 2023  3  9  0 11 33.010  3.5   1
     4883  26.858903  102.930021    11.341     -819.8   -10092.3     5204.9    730.9    553.7    528.0 2023  3  9  0 20 14.340  4.0   1
     4884  26.864266  102.952100    18.163     1373.3    -9498.0    12026.8    710.6    582.1    788.7 2023  3  9  0 23 50.010  4.0   1
     4886  26.891142  102.758228    18.559   -17882.9    -6520.0    12422.4    553.6    561.7    454.0 2023  3  9  0 34 17.400  2.9   1
     4888  27.202905  103.133765    11.344    19390.3    28024.2     5207.2    470.1    908.4    445.4 2023  3  9  1  1 20.590  3.9   1
     4889  26.847943  102.889941     4.358    -4801.5   -11306.6    -1778.1    806.5    602.4    823.8 2023  3  9  1 15 13.760  3.7   1
     4890  26.856903  102.932031    11.828     -620.1   -10313.8     5691.7    568.3    363.4    443.6 2023  3  9  1 40 14.960  3.8   1
     4891  26.835197  102.933228     5.343     -501.5   -12719.0     -793.6    760.9    506.8    939.0 2023  3  9  2 27 12.940  3.1   1
     4893  26.856925  102.971265    10.601     3277.6   -10311.2     4464.4    432.7    308.2    310.9 2023  3  9  5 13 22.700  5.9   1
     4894  26.853695  102.974992    13.821     3648.0   -10669.3     7684.9    439.6    343.2    309.6 2023  3  9  5 38 48.930  3.3   1
     4896  26.836867  103.051310     3.180    11229.7   -12533.7    -2956.0    862.1    889.8   2319.5 2023  3  9  6 11 37.020  2.8   1
     4897  26.873920  102.914632    12.055    -2348.3    -8428.3     5918.5    638.5    532.9    582.0 2023  3  9  6 15  2.590  3.8   1
     4898  26.865841  102.973031     8.459     3452.6    -9323.5     2323.0    389.2    377.4    443.1 2023  3  9  6 15 57.280  3.5   1
     4900  26.853223  102.977425    10.467     3889.5   -10721.6     4330.3    297.6    300.2    245.0 2023  3  9  6 32  3.540  4.3   1
     4901  26.837508  102.987451     8.643     4886.0   -12462.9     2506.3    677.1    515.6    715.1 2023  3  9  6 38 46.240  4.1   1
     4902  26.856486  102.971899    10.743     3340.6   -10360.0     4606.6    334.3    275.8    321.1 2023  3  9  6 45 48.880  4.0   1
     4903  26.862128  102.957593    10.809     1919.6    -9734.8     4672.9    586.7    417.9    517.0 2023  3  9  6 46 51.560  3.8   1
     4905  26.845498  102.953719     5.390     1534.6   -11577.6     -746.8    378.6    350.4    760.0 2023  3  9  7  8 25.460  3.1   1
     4908  26.884224  102.979256     6.286     4070.5    -7286.4      149.7   1152.7   1334.9   1132.8 2023  3  9  7 34  8.340  3.7   1
     4909  26.890147  102.892594    19.676    -4536.7    -6630.2    13539.8   2280.4   1132.8   1601.6 2023  3  9  7 34 40.850  4.3   1
     4910  26.862018  102.963257    11.404     2481.5    -9747.0     5267.9    312.2    267.4    252.7 2023  3  9  7 45 49.050  3.3   1
     4911  26.858970  102.984554    10.480     4597.3   -10084.9     4344.1    364.5    324.4    376.0 2023  3  9  7 50 26.180  3.9   1
     4912  26.843815  102.986247    11.808     4766.1   -11764.1     5672.0    849.1    393.6    479.1 2023  3  9  8  5  8.630  4.8   1
     4914  26.849375  102.946826     7.080      849.8   -11147.9      943.6    309.8    276.4    593.9 2023  3  9  8 52 12.370  3.2   1
     4915  26.907255  102.834733    12.229   -10283.6    -4734.7     6092.2   1594.0    664.5   2181.6 2023  3  9  8 54 15.880  2.3   1
     4916  26.854264  102.980745    11.386     4219.2   -10606.1     5249.4    319.5    283.2    319.7 2023  3  9  9  0 32.420  4.1   1
     4917  26.853129  102.977344     7.988     3881.5   -10732.1     1851.8    431.4    360.9    452.1 2023  3  9  9  4 21.020  3.5   1
     4918  26.854018  102.937793    10.534      -48.0   -10633.4     4397.2    682.4    382.0    508.3 2023  3  9  9 17 12.240  4.3   1
     4922  26.840942  102.964990     6.719     2654.6   -12082.2      582.7    567.6    469.2    504.9 2023  3  9  9 50 21.030  3.1   1
     4923  26.850146  102.943587     6.637      527.7   -11062.5      500.2    760.3    534.2    629.7 2023  3  9 10 14 26.460  3.2   1
     4926  27.117753  102.851782    11.320    -8582.4    18589.1     5183.2    514.6    306.7    350.0 2023  3  9 10 41  7.130  4.5   1
     4928  26.854392  102.958341     6.455     1993.6   -10592.0      318.9    357.6    322.8    525.6 2023  3  9 10 55  9.960  2.9   1
     4929  26.871035  102.962288    14.151     2385.5    -8748.0     8014.8    484.6    446.8    532.8 2023  3  9 11 29 18.650  3.4   1
     4930  26.859743  102.987158    10.668     4856.2    -9999.2     4531.4    401.4    377.2    403.1 2023  3  9 11 30 47.930  3.3   1
     4932  26.830522  102.972884    10.587     3438.3   -13236.9     4450.9    653.4    590.2    829.7 2023  3  9 11 48 52.580  3.7   1
     4937  27.176241  103.108561    13.747    16892.8    25069.7     7610.1    655.9    699.3    616.9 2023  3  9 12 14 19.580  4.0   1
     4941  26.849959  102.970028     6.997     3154.4   -11083.1      860.2    368.6    314.5    479.5 2023  3  9 12 37 23.010  3.2   1
     4944  26.869804  103.004175    12.738     6546.2    -8884.4     6601.6    949.3    578.6    631.0 2023  3  9 13 20 30.600  3.4   1
     4947  26.873792  102.990332    18.379     5170.9    -8442.6    12242.8    895.5    946.1    836.2 2023  3  9 14 15 34.310  3.5   1
     4948  26.840086  102.991325    10.947     5270.3   -12177.3     4811.0    390.0    307.3    311.3 2023  3  9 14 21 16.690  3.2   1
     4952  26.845363  102.996517     7.988     5786.0   -11592.5     1852.1    392.8    322.1    695.2 2023  3  9 16 32  5.440  4.1   1
     4953  26.832878  103.026050     3.736     8720.4   -12975.9    -2400.3    840.0    679.2   1045.6 2023  3  9 16 36 57.300  3.1   1
     4958  26.876994  102.861328    11.684    -7643.3    -8087.6     5548.1   1484.8    982.2   1081.1 2023  3  9 19  9 13.540  4.3   1
     4959  26.849813  102.928385    11.104     -982.2   -11099.5     4967.6    487.5    349.3    372.1 2023  3  9 19 16 19.620  2.8   1
     4962  26.850657  102.941602    16.381      330.4   -11005.8    10244.5    667.1    414.2    463.2 2023  3  9 20  3 57.880  2.9   1
     4963  26.854006  102.946867    11.241      854.0   -10634.9     5104.4    370.8    308.2    343.2 2023  3  9 20 12 33.500  2.8   1
     4965  26.826849  102.947624    16.182      929.3   -13643.8    10045.9    895.8    585.8    541.4 2023  3  9 20 24 24.560  5.8   1
     4966  26.858012  102.944458    13.686      614.4   -10191.0     7549.4    514.4    366.6    335.5 2023  3  9 20 28 34.180  3.9   1
     4967  26.838000  102.983162    11.562     4459.3   -12408.2     5425.9    430.9    368.8    645.7 2023  3  9 20 43  5.520  3.9   1
     4968  26.850875  102.972217    11.592     3371.9   -10981.8     5455.2    775.5    609.5    631.5 2023  3  9 20 45 26.880  3.4   1
     4969  26.849656  102.954134    10.375     1575.8   -11116.7     4239.0    452.4    299.9    449.9 2023  3  9 20 49 10.180  3.5   1
     4971  26.827818  102.970443     6.546     3196.5   -13536.5      409.7    679.7    463.2    735.7 2023  3  9 20 56  0.000  2.7   1
     4972  26.859070  102.952612    13.056     1424.4   -10073.7     6919.6    448.2    441.0    460.0 2023  3  9 20 59 26.520  3.3   1
     4974  26.864260  102.965161    13.207     2670.7    -9498.7     7070.2    457.7    382.4    486.2 2023  3  9 21  6 49.720  5.2   1
     4975  26.870585  102.936222    14.395     -203.4    -8797.7     8259.1    633.8    470.2    447.6 2023  3  9 21 12 28.800  3.3   1
     4977  26.889455  102.879305     8.220    -5856.8    -6707.0     2083.8    810.2    560.0    635.8 2023  3  9 21 21 14.400  2.6   1
     4978  26.853955  102.984294    14.292     4571.5   -10640.6     8155.6    537.3    368.1    453.7 2023  3  9 21 23 53.800  3.0   1
     4981  26.853170  102.955265    11.382     1687.7   -10727.4     5245.5    496.0    358.7    401.6 2023  3  9 21 36  5.360  3.9   1
     4982  26.856285  102.946761    14.367      843.2   -10382.2     8230.9    906.0    514.4    555.8 2023  3  9 21 40 47.760  3.0   1
     4983  26.872150  102.952873     8.219     1450.2    -8624.3     2082.6   1119.3    653.5   1340.5 2023  3  9 21 43 21.640  3.0   1
     4984  26.846747  102.989201    10.839     5059.1   -11439.2     4702.8    543.0    357.3    576.3 2023  3  9 21 46 59.720  2.8   1
     4988  26.878011  102.910254    12.175    -2782.9    -7975.0     6039.0    693.8    503.6    569.4 2023  3  9 22 21 41.340  2.9   1
     4990  26.856478  102.925798    11.106    -1239.2   -10361.0     4969.8    602.0    424.9    301.5 2023  3  9 22 27 35.960  3.4   1
     4992  26.861444  102.954338    10.899     1595.5    -9810.7     4762.5    517.0    341.0    387.0 2023  3  9 22 48 34.400  3.8   1
     4994  26.852482  102.976709    11.052     3818.2   -10803.7     4915.2    493.9    464.6    730.0 2023  3  9 23 23 57.040  3.0   1
     4997  26.861918  102.961108    12.613     2268.8    -9758.2     6476.7    324.3    315.2    300.5 2023  3 10  0 20 44.950  5.5   1
     4998  26.894362  102.874146     5.871    -6369.2    -6163.3     -265.5   1205.4    982.7   1453.2 2023  3 10  0 49 26.930  2.6   1
     4999  26.853925  102.951392    11.606     1303.6   -10643.7     5470.0    291.9    265.3    297.8 2023  3 10  0 50 10.610  4.2   1
     5000  26.851735  102.977751    14.719     3921.9   -10886.3     8582.8    428.9    356.0    367.0 2023  3 10  1 32 17.130  4.6   1
     5001  26.859652  102.966073    12.288     2761.5   -10009.3     6151.6    281.0    261.6    263.7 2023  3 10  1 58 31.600  2.6   1
     5002  26.940629  102.853410     8.040    -8426.9    -1036.7     1904.0    752.1    644.1    866.7 2023  3 10  2 12 39.300  3.4   1
     5004  26.866628  102.911157     9.165    -2693.8    -9236.2     3028.2    920.5    712.1    548.4 2023  3 10  2 51 15.710  3.4   1
     5005  26.946151  102.838810     9.773    -9876.7     -424.9     3636.6    678.4    516.5    590.1 2023  3 10  2 53 24.800  3.2   1
     5007  26.841958  102.976156     9.462     3763.8   -11969.8     3325.7    285.6    301.9    371.6 2023  3 10  3 17 29.440  3.0   1
     5009  26.846254  103.010335    14.504     7159.1   -11493.7     8368.0    731.5    523.4    507.1 2023  3 10  3 28 22.810  3.7   1
     5010  26.849497  102.948177    10.749      983.7   -11134.4     4613.0    586.7    357.3    530.6 2023  3 10  3 57 59.450  3.5   1
     5011  26.868191  102.931388    11.860     -683.8    -9063.1     5724.0    455.1    368.6    378.6 2023  3 10  5 39 33.770  2.9   1
     5012  26.950124  102.810832    10.926   -12655.0       15.3     4789.2   1017.0    657.6    718.0 2023  3 10  6  4 49.250  2.8   1
     5014  26.867395  102.953678    11.869     1529.9    -9151.2     5732.9    339.4    278.8    255.0 2023  3 10  6 35 52.600  3.3   1
     5015  26.977037  102.800920     9.387   -13637.6     2997.3     3250.3    735.5    672.5    960.0 2023  3 10  6 36 58.260  2.9   1
     5021  26.859812  102.913623     8.700    -2449.0    -9991.5     2563.6    534.4    430.6    472.2 2023  3 10 10 18  2.270  2.9   1
     5022  26.847565  102.994206    10.519     5556.9   -11348.6     4382.2    401.5    349.5    324.8 2023  3 10 11 21 23.550  3.4   1
     5023  26.859707  102.968359    13.906     2988.6   -10003.2     7769.2    317.1    331.3    225.7 2023  3 10 12 19 19.430  3.5   1
     5024  26.841030  102.977311    13.182     3878.6   -12072.5     7045.7    475.1    314.3    519.1 2023  3 10 13 19 22.060  4.1   1
     5030  26.859066  102.964347     9.818     2590.3   -10074.1     3681.9   1171.4    941.7   1245.3 2023  3 10 14 54 40.440  2.6   1
     5032  26.848083  102.945345    13.919      702.3   -11291.1     7783.1   1006.5    442.6    745.4 2023  3 10 16 13 27.840  3.8   1
     5033  26.522186  103.009285    14.276     7064.5   -47401.3     8139.8   1184.5   1051.0   1011.9 2023  3 10 16 25 17.000  4.2   1
     5036  27.033738  102.899398    11.207    -3858.8     9280.1     5070.6    746.3    397.7    369.9 2023  3 10 18  8  4.040  4.8   1
     5039  26.841622  102.908521     9.134    -2955.9   -12007.1     2997.7    736.5    477.2    614.8 2023  3 10 18 44 12.400  2.9   1
     5041  27.023336  102.895223    11.792    -4273.4     8127.4     5656.0    729.1    464.9    372.6 2023  3 10 18 52 49.780  3.7   1
     5042  27.035447  102.888403     7.845    -4950.4     9469.3     1708.4    581.3    415.7    562.7 2023  3 10 18 54 26.660  3.8   1
     5043  27.034568  102.899715     9.315    -3827.6     9371.9     3178.6    975.0    517.1    414.3 2023  3 10 18 57 22.840  3.7   1
     5044  27.029565  102.880924    10.336    -5693.0     8817.7     4199.1    768.4    358.0    335.5 2023  3 10 19  2 23.560  3.3   1
     5045  27.028945  102.900627     9.404    -3737.1     8748.9     3268.1    615.8    427.2    530.8 2023  3 10 19  5 56.440  3.2   1
     5046  27.036106  102.906120     7.923    -3191.6     9542.3     1786.2    737.9    582.4    402.1 2023  3 10 19  8  5.920  3.1   1
     5048  27.014557  102.897624    11.777    -4035.0     7154.7     5641.1    802.3    951.0    583.1 2023  3 10 19 23 42.860  2.3   1
     5049  26.867118  102.948193    10.115      985.2    -9181.9     3978.2    369.2    347.2    416.9 2023  3 10 19 42 54.160  3.0   1
     5051  27.030288  102.887386    12.528    -5051.5     8897.7     6391.9    772.8    513.1    389.7 2023  3 10 19 48 21.480  4.0   1
     5052  27.026143  102.901546     8.937    -3646.0     8438.4     2800.4    554.6    471.5    461.6 2023  3 10 19 55 36.560  3.2   1
     5053  26.978149  103.020573     8.548     8171.6     3120.6     2411.5    601.0    908.5    731.9 2023  3 10 20  2 56.200  2.9   1
     5054  26.856130  102.965918     7.684     2746.6   -10399.5     1548.0    632.6    460.7    630.6 2023  3 10 20 14 21.840  3.4   1
     5055  27.027810  102.897314    10.044    -4065.5     8623.2     3908.0    561.0    388.1    345.4 2023  3 10 20 25 37.900  3.9   1
     5056  27.019950  102.887817    14.639    -5009.0     7752.2     8502.4   1194.7    747.2    725.8 2023  3 10 20 28 52.880  3.1   1
     5061  26.856283  102.966479     8.509     2802.2   -10382.5     2372.1    488.9    331.1    607.0 2023  3 10 21  1 11.540  3.5   1
     5064  26.849296  102.970125     6.112     3163.9   -11156.8      -24.6    276.9    253.6    512.9 2023  3 10 21 25  8.900  3.2   1
     5065  26.845695  102.944824     9.457      650.4   -11555.6     3320.4    398.1    256.3    320.7 2023  3 10 21 37 59.520  3.1   1
     5066  27.038776  102.800431     8.989   -13682.1     9838.2     2853.1    760.9    826.2    663.9 2023  3 10 21 42 31.720  2.3   1
     5070  26.852985  102.967668     8.344     2919.8   -10748.1     2208.0    385.4    247.7    435.4 2023  3 10 22 15  6.200  3.0   1
     5071  27.120557  102.851587    13.655    -8601.5    18899.6     7518.8    499.5    325.1    368.0 2023  3 10 22 20 47.880  3.5   1
     5072  26.868850  102.937915    12.908      -35.7    -8990.1     6772.1    368.2    344.8    299.0 2023  3 10 22 47  7.080  2.2   1
     5074  26.912838  102.855924     8.067    -8178.7    -4116.1     1930.7    891.0    559.1    994.9 2023  3 10 22 54 53.120  2.8   1
     5078  27.084395  102.878467    12.297    -5934.8    14892.9     6160.8    846.3    471.4    455.1 2023  3 10 23  3 53.680  2.9   1
     5079  26.857552  102.949870     5.432     1151.9   -10241.8     -704.2    465.2    352.9    749.0 2023  3 10 23 16  8.140  3.5   1
     5080  26.869971  102.970435     9.202     3194.5    -8865.9     3066.0    441.9    299.9    420.9 2023  3 10 23 23 55.640  3.3   1
     5082  27.028802  102.926766     7.242    -1141.9     8733.1     1106.1    929.4    694.6    650.2 2023  3 10 23 55 58.480  3.3   1
     5083  27.106460  102.825513    10.176   -11189.0    17337.7     4039.3    415.9    221.0    274.6 2023  3 11  0  8 26.740  3.5   1
     5085  26.868416  102.934220    11.121     -402.2    -9038.1     4985.0    558.0    356.5    587.6 2023  3 11  3 10 54.210  2.8   1
     5087  26.860695  102.944873    13.577      655.8    -9893.7     7440.2    661.2    394.9    489.1 2023  3 11 13  1 44.270  3.3   1
     5088  26.863234  102.916838     8.949    -2129.6    -9612.4     2812.1   1162.0    476.9    662.6 2023  3 11 13 41 47.870  2.5   1
     5090  26.899687  102.954810    10.898     1642.7    -5573.4     4762.0    898.3    628.2    642.5 2023  3 11 14  5 56.920  3.6   1
     5091  26.948083  102.769922     7.257   -16717.3     -210.7     1120.8    917.6   1453.1   1282.3 2023  3 11 14 29 21.430  2.3   1
     5092  27.098792  102.817253     9.683   -12009.0    16488.2     3546.8    405.5    249.2    376.3 2023  3 11 14 41 36.040  2.8   1
     5101  26.966766  102.857918    18.697    -7978.7     1859.4    12560.3   1253.6    872.3   1067.3 2023  3 11 19 32 36.480  2.6   1
     5106  26.874762  102.877189     8.040    -6067.5    -8335.0     1904.0    721.2    581.8    723.9 2023  3 11 21  1 59.360  2.7   1
     5108  26.860380  103.013298    15.868     7453.2    -9928.5     9732.0    991.3   1498.7    784.8 2023  3 11 21 12 16.400  3.5   1
     5115  27.161428  103.124544    12.038    18479.3    23428.3     5901.9    373.8    286.9    372.4 2023  3 11 23 30 29.120  4.9   1
     5121  26.838609  102.942424    13.235      412.1   -12340.8     7098.9    377.4    244.9    412.5 2023  3 12  1 19  0.220  4.1   1
     5132  26.849213  102.956112    10.079     1771.9   -11166.0     3942.9    526.4    348.1    390.8 2023  3 12  8 12 14.250  3.6   1
     5137  26.967019  102.949585    22.943     1122.8     1887.4    16806.7   1113.9   1846.8    355.9 2023  3 12 10 58 37.420  3.1   1
     5142  27.053115  103.039087    10.151    10006.0    11426.9     4014.9    983.2    573.9   1483.4 2023  3 12 12 20  9.100  3.2   1
     5143  26.665330  103.006429    12.654     6776.5   -31540.6     6517.2    452.7    412.2    528.8 2023  3 12 13  0 24.520  2.7   1
     5145  27.049412  102.730143    11.501   -20657.9    11016.6     5364.5    765.8    490.8   1280.2 2023  3 12 13 52 15.170  3.9   1
     5147  27.106923  102.894076    10.933    -4386.0    17389.0     4796.9    887.9    475.7    504.5 2023  3 12 15  0 31.970  2.8   1
     5148  26.876489  102.894482    14.506    -4349.4    -8143.7     8369.4    859.6    590.1    572.8 2023  3 12 15 10  5.380  3.3   1
     5149  27.246033  102.946126    12.577      779.0    32802.9     6440.7    984.7    561.9    738.2 2023  3 12 15 25 59.050  4.1   1
     5150  27.023655  102.797257    18.019   -13998.0     8162.8    11882.8    799.5    700.0    615.8 2023  3 12 15 38 22.330  3.2   1
     5152  26.864762  102.932446     9.160     -578.4    -9443.0     3023.4    465.5    333.3    428.0 2023  3 12 16  1 19.410  2.5   1
     5157  26.870679  102.919897    14.041    -1824.9    -8787.5     7904.7    557.9    432.0    363.3 2023  3 12 19  9 25.120  3.2   1
     5158  27.004246  102.791488     3.649   -14572.2     6012.3    -2487.2    252.7    333.8    587.1 2023  3 12 19 23 38.260  3.5   1
     5161  27.129028  102.844792     6.372    -9275.7    19838.4      236.0    316.6    237.0    431.5 2023  3 12 20 16 48.520  3.8   1
     5162  27.131504  102.835832     7.689   -10164.0    20112.8     1552.4    409.4    220.8    739.9 2023  3 12 20 30 52.180  2.9   1
     5164  27.118518  102.858382     6.156    -7927.6    18673.9       19.7    565.8    451.1   1021.7 2023  3 12 20 59  2.920  3.1   1
     5165  26.943449  102.814445     4.860   -12296.3     -724.2    -1276.7    960.1    848.4   1694.4 2023  3 12 21 27  6.560  3.0   1
