        2  26.944779  102.934717    11.577     -353.2     -576.8     5440.1   2396.3   2429.8   2289.9 2022  8 23 15 13 44.310  2.5   1
        3  26.914941  102.843538    11.775    -9408.3    -3882.9     5638.8   1840.9   1678.8   1124.5 2022  8 23 16 29 48.550  1.9   1
        4  27.205935  102.899325     1.272    -3863.3    28359.8    -4864.6   2776.1   2795.9   3337.9 2022  8 24  0  4  1.570  2.7   1
       10  26.873187  102.819572    20.817   -11790.5    -8509.4    14681.0   2593.5   2268.6   3699.9 2022  8 25  5 42 34.720  3.1   1
       21  26.863342  102.903035    10.748    -3500.5    -9600.3     4611.8   2159.9   1541.2   1463.0 2022  8 26  0 10 20.460  2.9   1
       27  27.161444  103.025098     4.305     8613.6    23430.2    -1831.1   2226.1   2705.5   4364.2 2022  8 26  4 53 50.400  2.2   1
       30  26.736554  102.942847     2.901      454.5   -23648.9    -3235.9   2187.5   2996.5   3476.5 2022  8 26  7 53 47.970  2.8   1
       33  27.111580  103.197778     3.796    25750.6    17905.0    -2340.5   2700.0   2599.9   4969.1 2022  8 26 11 33 19.160  3.3   1
       34  27.134804  103.052775     4.117    11360.7    20478.4    -2019.6   2421.1   3896.3   4215.7 2022  8 26 11 45 18.180  2.6   1
       37  26.979458  102.882731    15.109    -5514.3     3265.6     8972.6   2411.8   2206.9   2384.2 2022  8 26 15 55  6.860  2.2   1
       38  26.883492  102.909196    19.618    -2887.9    -7367.7    13481.3   7831.8   2446.4   2616.7 2022  8 26 17 46 10.540  2.0   1
       41  27.140501  102.559831     9.826   -37547.2    21109.5     3689.8   1942.1   3388.5   2431.7 2022  8 26 20  0 27.640  2.7   1
       51  26.791600  103.093001     7.764    15375.2   -17549.6     1627.9   3119.8   2166.8   2378.9 2022  8 28 13 14 55.710  2.4   1
       53  27.297630  102.995679     6.320     5692.0    38520.0      183.5   1894.7   2213.6   2314.2 2022  8 28 13 35 16.260  2.2   1
       58  27.163479  103.042611     6.609    10350.6    23655.7      472.3   4599.4   2331.0   5543.7 2022  8 29  4 27 23.500  2.1   1
       59  27.285917  103.114502    19.442    17473.4    37222.2    13305.5   3876.2   3401.0   3594.7 2022  8 29  6 47 31.420  3.6   1
       64  26.905070  102.764884    14.836   -17221.1    -4976.8     8699.2   3222.0   2836.3   1866.3 2022  8 29 15 51  8.780  2.8   1
       71  27.073857  102.869393     9.667    -6836.1    13725.1     3530.9   1933.5   1468.7   1947.9 2022  8 29 19 57 47.120  2.7   1
       73  27.093058  102.908553     6.670    -2949.0    15852.8      533.7   3513.1   2908.4   4686.3 2022  8 30  4 26 34.420  1.5   1
       79  26.659884  102.783936     4.549   -15345.4   -32144.0    -1587.7   2964.2   2955.1   6841.0 2022  8 30 15 26 52.470  3.2   1
       89  26.907931  102.796883     6.954   -14042.3    -4659.9      817.8   2270.8   2541.2   3680.3 2022  8 31  7  3 37.080  3.6   1
       90  27.212756  102.963851     5.323     2537.3    29115.8     -813.8   2114.6   2333.4   2709.5 2022  8 31  7 11  2.020  3.3   1
       91  26.568056  103.227588    37.828    28777.0   -42318.9    31691.5   4012.1   3584.7   3378.9 2022  8 31 10 53 13.050  2.7   1
       93  26.954083  102.861043    25.105    -7668.6      453.9    18969.0   3220.6   2342.3   2704.6 2022  8 31 15 26 58.290  2.7   1
       98  26.811287  103.213273     8.367    27323.4   -15368.2     2230.8   2265.7   4038.6   3154.2 2022  8 31 19 14 47.980  2.3   1
       99  26.661595  103.007056    10.681     6838.3   -31954.5     4544.8   1837.3   2041.7   2098.4 2022  8 31 19 21 43.200  1.9   1
      103  27.161094  102.848934    10.376    -8863.3    23391.3     4239.3   3285.4   2181.0   3114.2 2022  9  1  2 23 47.100  3.0   1
      110  26.737374  102.943636    12.510      533.3   -23558.0     6373.2   3016.1   2060.6   2862.5 2022  9  1 14 13 43.450  2.6   1
      122  26.982788  102.939347    36.524      106.4     3634.5    30387.5   5899.3   3344.5   2374.9 2022  9  2  6 12 33.880  3.3   1
      123  26.521883  102.797933     2.767   -13961.5   -47434.9    -3369.3   2813.5   3090.3   5192.9 2022  9  2  7  0 50.150  2.7   1
      125  26.640696  103.062069    28.932    12309.7   -34270.2    22795.7   2416.7   1710.8   1848.2 2022  9  2 11 23 57.250  2.9   1
      126  27.066663  102.729110    23.618   -20758.9    12928.1    17481.5   3669.7   2060.6   3269.2 2022  9  2 12  7  5.920  3.6   1
      127  27.044916  102.848258    18.132    -8934.5    10518.5    11995.8   2203.2   1684.3   1708.0 2022  9  2 12 56 18.870  3.2   1
      131  27.357922  102.847965    12.812    -8951.7    45200.5     6675.3   2492.0   3047.2   3333.5 2022  9  2 16 43 50.880  3.8   1
      132  26.939001  102.817163    13.892   -12026.7    -1217.2     7755.4   4282.0   4225.8   4681.3 2022  9  2 16 49 23.410  3.5   1
      135  27.038527  103.137524     0.077    19777.6     9810.6    -6059.3   2015.6   2218.0   4079.1 2022  9  2 20 12 18.120  2.3   1
      136  27.044096  103.100448     3.755    16097.1    10427.7    -2381.8   2740.8   3198.0   8014.8 2022  9  2 20 33 28.560  3.1   1
      144  26.660323  103.319425    47.000    37895.9   -32095.3    40863.5   4280.4   5503.6  12144.0 2022  9  3  9 16  5.250  3.6   1
      145  26.947835  103.179020     2.753    23905.8     -238.4    -3383.3   2147.5   1903.5   3307.3 2022  9  3 13  3 45.790  1.9   1
      146  26.920968  102.876457    22.093    -6139.1    -3215.2    15957.0   3470.7   3230.9   1704.6 2022  9  3 15 14 17.430  2.9   1
      147  26.887528  103.151481     7.253    21177.5    -6920.3     1116.9   2003.6   2900.7   3428.1 2022  9  3 15 21 35.480  3.1   1
      157  27.237899  102.909538    36.040    -2849.4    31901.5    29903.6   2916.0   2207.2   2268.5 2022  9  4  3 45 26.740  3.8   1
      159  26.542554  102.998592     1.500     6000.3   -45144.6    -4636.4   1775.6   3237.6   3592.0 2022  9  4  6 31  7.150  3.1   1
      161  27.264807  103.043660     1.277    10450.5    34883.1    -4859.0   1334.3   2071.2   1963.6 2022  9  4  8 20 56.670  3.1   1
      162  27.272481  103.086955     4.980    14742.8    35733.4    -1156.4   2373.2   3285.0   3546.8 2022  9  4  8 50 12.620  2.8   1
      172  27.128125  103.178914   115.843    23877.0    19738.4   109706.6   1643.2   2026.9  21809.4 2022  9  4 21 26 53.620  3.1   1
      175  26.924021  103.101823    32.444    16242.3    -2877.0    26307.6   2179.2   1877.2   1118.8 2022  9  5 10 13  5.590  2.5   1
      177  27.425387  103.066683     9.037    12724.6    52675.7     2901.1   6257.4   2434.1   6654.8 2022  9  5 15 13 44.570  2.2   1
      196  27.282501  103.047127    29.391    10793.0    36843.7    23254.9   2527.7   3067.2   1848.1 2022  9  6 23 41 15.440  2.9   1
      197  27.306789  103.140202     6.866    20020.0    39534.8      729.7   4606.1   3276.8   3785.8 2022  9  7  0 40 13.210  4.2   1
      201  27.135384  103.081250    12.129    14186.0    20542.6     5992.2   2007.5   1094.7   1819.5 2022  9  7  6 26 59.330  2.9   1
      203  26.723433  102.990633     1.847     5204.4   -25102.5    -4289.1   2500.4   1962.4   4037.0 2022  9  7 12 55 18.100  2.7   1
      216  27.128453  103.421761    35.906    47972.6    19774.6    29769.7   1788.1   2577.3   1778.2 2022  9  8 13 38 13.970  3.1   1
      217  26.958582  102.814006    17.875   -12339.1      952.5    11738.9   2672.1   1729.1   2209.9 2022  9  8 14 45 37.570  2.2   1
      218  27.081812  102.873787     5.623    -6399.6    14606.7     -512.9   3039.9   2075.0   4060.1 2022  9  8 15 18 22.760  2.7   1
      220  26.449339  103.040804    18.128    10203.3   -55473.0    11991.8   3305.4   1261.5   1554.0 2022  9  8 15 41 42.610  2.8   1
      222  26.875081  102.785229    14.904   -15201.9    -8299.6     8767.5   2494.4   2720.6   3027.6 2022  9  8 17 34 28.040  3.0   1
      223  26.708695  102.976912     3.177     3840.7   -26735.5    -2959.2   3264.2   2262.9   2722.9 2022  9  8 19 30  1.880  2.0   1
      224  27.105326  103.111410     3.084    17180.2    17212.2    -3051.9   3157.3   2298.7   5682.9 2022  9  8 21 26 34.680  1.4   1
      225  27.396706  103.011117    19.568     7218.8    49497.7    13431.7   3923.9   2882.6   1875.9 2022  9  8 22 24  2.400  3.1   1
      237  27.163444  103.088110    16.498    14864.6    23651.7    10361.7   3271.9   1961.9   3001.6 2022  9 10  7 23 56.920  3.2   1
      250  26.961576  102.971916    15.014     3340.8     1284.2     8877.4   6451.7   7446.2  12785.9 2022  9 11  7 27 53.480  3.2   1
      255  26.873016  102.990584     8.548     5196.1    -8528.3     2411.9   1258.0   1077.9   1872.1 2022  9 11 19 18 35.380  2.0   1
      260  27.284412  103.187378    28.923    24699.3    37055.4    22786.4   3001.6   2801.2   2811.1 2022  9 12  8 47 31.400  3.4   1
      261  27.056635  102.640959    15.449   -29509.3    11817.0     9313.1   3737.9   4339.9   4487.9 2022  9 12 11 40 13.070  2.8   1
      262  26.555265  102.979907    30.287     4141.6   -43736.1    24150.9   2926.8   2135.7   1950.4 2022  9 12 11 43 50.160  3.3   1
      263  26.887140  102.898145    15.664    -3986.0    -6963.4     9528.0   2632.7   8688.2   3326.3 2022  9 12 14  2 34.620  3.1   1
      266  26.958775  102.877197     5.538    -6064.8      973.8     -598.4   2491.4   1885.8   2571.4 2022  9 12 15 20 33.940  2.3   1
      267  26.882688  103.110571    12.695    17114.4    -7456.7     6558.1   1776.0   3343.9   2032.5 2022  9 12 16  2 16.000  2.5   1
      271  26.824516  103.005387     8.384     6667.8   -13902.4     2247.6   3011.0   2599.6   3770.3 2022  9 12 18 53 45.840  1.8   1
      272  26.996875  102.969328    15.019     3083.5     5195.4     8882.7   4701.9   2624.8   4071.9 2022  9 12 19  3 14.960  0.6   1
      281  26.911961  103.141227    13.174    20156.3    -4213.2     7037.9   2355.3   2277.2   2576.8 2022  9 13  8 20 48.310  3.6   1
      291  26.838792  103.027051    19.863     8820.2   -12320.6    13727.0   3987.1   4696.4   2807.4 2022  9 13 20 33 39.680  1.4   1
      295  27.268803  102.900090     5.986    -3786.4    35325.8     -150.4   2540.6   2800.2   3145.0 2022  9 14  0 20  8.350  3.3   1
      309  27.162571  102.938761     2.951       48.7    23555.1    -3185.7   5451.9   1681.5   3345.0 2022  9 14 15 47 55.620  3.1   1
      313  26.912433  103.053646    25.590    11458.0    -4161.1    19453.5   4610.4   1680.4   2911.7 2022  9 14 21 53 11.260  1.4   1
      314  26.842137  103.148706     6.485    20905.7   -11950.0      348.7   3069.3   3659.6   3411.4 2022  9 14 22 24 46.880  1.7   1
      316  26.979626  103.235205    34.439    29481.0     3284.2    28302.7   2298.5   2066.6   1727.1 2022  9 15  2 11 57.940  3.5   1
      318  27.032491  103.014250    10.689     7541.8     9141.8     4552.5   3473.1   2996.2   5326.1 2022  9 15  3  5 22.120  2.4   1
      325  26.570695  103.057137     6.496    11823.0   -42026.5      359.4   4025.3   2976.8   5406.0 2022  9 15  9 35 18.800  2.4   1
      327  26.902327  103.025163    10.154     8629.5    -5280.6     4017.5   4588.1   5672.4   3364.8 2022  9 15 10 33 15.360  2.1   1
      334  26.991475  103.130900    13.795    19124.1     4597.2     7659.1   1777.1   2265.7   2849.6 2022  9 15 16  1 53.840  2.5   1
      341  26.916164  102.986051     9.428     4745.2    -3747.4     3291.2   2303.9   2899.4   3113.7 2022  9 16  5  3 54.060  2.4   1
      343  27.013070  102.780493     2.597   -15662.8     6989.9    -3538.9   2296.2   2870.1   3147.4 2022  9 16  8 45 59.600  2.6   1
      344  26.813873  103.024178     7.636     8535.6   -15081.6     1499.5   3766.2   3163.9   3805.4 2022  9 16  9 54 21.950  3.2   1
      347  26.845329  103.114648    18.873    17522.3   -11596.3    12736.2   1746.9   2141.3   1568.7 2022  9 16 15 14 30.520  2.9   1
      348  27.253235  103.071704    35.443    13232.2    33600.7    29306.4   2943.2   2628.9   2533.4 2022  9 16 15 32  0.300  3.0   1
      351  26.791536  102.886019    28.294    -5192.4   -17556.7    22157.6   4731.3   2521.7   2390.3 2022  9 16 19 50 22.680  2.8   1
      357  26.984318  102.694686     8.147   -24184.2     3804.2     2010.9   2447.6   2671.0   4614.1 2022  9 17  9 41 33.230  4.1   1
      368  27.042637  103.023568     3.174     8466.0    10266.1    -2962.7   2455.5   2468.6   3800.6 2022  9 18  1 55  6.930  3.4   1
      373  27.245557  102.866284    10.072    -7138.9    32750.0     3935.4   3894.3   3132.7   3356.7 2022  9 18 10 47 32.100  3.0   1
      378  27.033199  102.918555    11.628    -1957.6     9220.3     5491.8   3111.0   3528.9   3639.8 2022  9 18 18 53 14.400  1.1   1
      385  27.398741  102.953109    34.571     1470.1    49723.2    28434.4   4263.6   1797.3   2320.0 2022  9 19 11 51 36.930  3.2   1
      387  27.124656  102.730485    25.104   -20617.3    19354.0    18967.2   2794.9   1831.7   2177.6 2022  9 19 13 39 22.880  2.9   1
      391  26.740188  103.076864     4.723    13774.4   -23246.1    -1413.2   4244.2   3034.5   6119.3 2022  9 19 20 44 16.160  2.0   1
      395  27.011584  102.856453    14.198    -8122.2     6825.2     8061.4   2529.0   1199.5   1900.0 2022  9 19 21 41 25.680  3.4   1
      407  26.906293  102.951847     4.144     1348.5    -4841.3    -1992.4   3674.4   3212.4   4192.5 2022  9 20 16 13 32.640  2.4   1
      411  27.323903  102.872786     7.459    -6492.3    41431.0     1322.8   2378.2   1716.7   2142.2 2022  9 20 22  3 51.180  2.2   1
      417  27.129132  102.937655     7.830      -61.3    19849.9     1693.7   5634.2   2489.8   4906.4 2022  9 21  7 48 12.380  2.8   1
      418  27.090411  103.118644    23.658    17899.7    15559.6    17521.5   5067.7   2315.2   4389.3 2022  9 21 13 26 32.540  2.2   1
      420  26.813133  103.007397     4.456     6867.9   -15163.8    -1680.1   1621.4   1249.9   2234.7 2022  9 21 20 26 55.320  2.2   1
      424  27.141079  103.087223     8.265    14777.9    21173.5     2128.6   3270.5   2237.5   4228.4 2022  9 22 11 58 23.200  2.8   1
      433  26.645821  103.010718    29.981     7203.2   -33702.2    23844.2   2066.4   2682.5   1369.4 2022  9 23 11 52 29.660  3.1   1
      438  27.015328  102.979549     8.721     4097.5     7240.0     2584.8   2318.5   1814.9   1795.8 2022  9 24  1 23 23.490  3.1   1
      439  27.298159  103.016488     6.187     7754.5    38578.4       50.8   1966.4   2457.3   2814.7 2022  9 24  1 45 33.660  2.9   1
      443  26.498187  102.686833    25.011   -25016.9   -50060.5    18875.0   3171.4   2706.2   3524.3 2022  9 24  5 43 26.670  3.6   1
      444  27.020701  102.764160     9.471   -17283.7     7835.4     3334.5   3169.0   2840.3   2783.6 2022  9 24  7 41 55.320  2.6   1
      455  26.740633  103.016252    18.592     7750.7   -23196.8    12455.4   1890.2   1675.7   1757.6 2022  9 25  1 31  2.400  3.1   1
      457  26.852814  103.023983     0.901     8514.6   -10766.8    -5235.0   5889.9   3663.9   4710.4 2022  9 25  9 13 17.580  2.1   1
      458  26.802834  103.005428    35.266     6672.4   -16304.8    29129.8   8173.8   6150.1   5242.7 2022  9 25 14 27  6.740  2.8   1
      468  26.827993  102.780721     3.716   -15653.2   -13517.1    -2420.7   9805.5   3777.9   6848.2 2022  9 26 10 53 11.270  1.8   1
      474  27.181659  103.161475     4.488    22141.3    25670.0    -1648.0   6422.0   2066.8   1904.3 2022  9 26 22  8 38.160  2.4   1
      478  26.598796  103.162297     7.103    22279.6   -38912.8      967.0   1887.9   2612.3   2957.1 2022  9 27  0 14 59.990  2.7   1
      484  26.597734  102.906038    16.608    -3205.9   -39030.4    10471.7   1899.4   1738.2   2723.5 2022  9 27 12 57 34.810  2.6   1
      486  26.849792  103.207170    11.342    26712.9   -11101.6     5206.0   3082.1   2473.6   2906.9 2022  9 27 14  4 56.110  2.5   1
      490  27.146450  102.952881     3.431     1449.4    21768.8    -2705.8   3934.0   2780.6   3188.6 2022  9 27 20 13 31.480  2.8   1
      499  27.196387  103.057650    14.753    11840.9    27301.8     8616.9   4099.6   2708.9   2683.9 2022  9 28 10 37 37.360  2.9   1
      501  27.336308  102.847957     3.208    -8952.9    42805.5    -2928.6   2154.9   3009.4   5174.8 2022  9 28 11 41 58.410  2.9   1
      520  27.134810  102.621411     6.993   -31438.4    20479.1      856.6   2194.2   2466.1   4903.6 2022  9 29 14 11 26.150  3.3   1
      523  27.062378  102.870532     6.736    -6723.1    12453.3      599.1   2572.1   1631.2   4396.9 2022  9 29 17 23 38.880  2.1   1
      524  26.997469  102.802710     2.265   -13458.8     5261.3    -3871.5   2377.4   2829.3   4020.7 2022  9 29 18 31 37.720  2.7   1
      525  27.020260  102.852002     3.614    -8563.7     7786.5    -2522.4   2625.4   1750.9   5427.1 2022  9 29 19 13 43.660  2.0   1
      528  26.820876  102.945272    12.134      695.3   -14305.8     5997.7   6277.0   3652.7  11506.3 2022  9 29 22  6 38.880  1.7   1
      530  27.197091  102.885636    12.004    -5220.8    27379.8     5867.2   2241.1   1960.7   2400.6 2022  9 29 23 52 18.280  3.0   1
      537  26.928302  102.868612     9.652    -6918.3    -2402.5     3516.0   1764.5   2054.4   1659.3 2022  9 30 10 42  7.580  3.3   1
      539  26.977867  102.842749    11.999    -9484.0     3089.3     5862.5   2359.5   3504.4   2789.9 2022  9 30 15  4 17.540  2.1   1
      545  26.641254  103.141512    24.926    20209.0   -34208.3    18789.7   3062.8   2448.6   2352.7 2022  9 30 21 40  5.720  3.3   1
      546  27.204254  103.099544     7.851    15996.3    28173.6     1714.5   4967.4   2940.4   5039.5 2022  9 30 23 37 44.520  3.8   1
      551  26.858291  103.032104    34.330     9321.5   -10160.1    28193.3   2825.6   3239.6   3309.2 2022 10  1  9 13 10.740  2.2   1
      552  27.222548  103.013680     0.153     7478.7    30200.7    -5983.5   5795.4   1479.6   2463.5 2022 10  1 10  3 43.500  2.6   1
      553  27.201031  102.979264    12.352     4065.9    27816.4     6216.1   2404.9   2477.9   2158.1 2022 10  1 11  5 14.150  2.8   1
      556  27.336723  102.830241    25.170   -10709.5    42851.5    19033.7   3525.0   4065.4   1711.5 2022 10  1 17 41 19.680  2.9   1
      557  26.927818  102.865007    15.048    -7276.0    -2456.2     8911.1   2214.7   1759.7   1660.6 2022 10  2  2 39  6.470  2.6   1
      560  26.870915  102.886580    20.787    -5134.8    -8761.2    14650.4   2092.6   1859.5   1154.9 2022 10  2  6 10 39.130  3.0   1
      563  27.282302  103.003898     5.009     6507.1    36821.5    -1127.3   3349.9   2864.1   2897.7 2022 10  2 12 44 16.360  2.3   1
      564  26.844853  103.036222     6.684     9731.0   -11648.9      547.4   3201.1   2696.2   4305.0 2022 10  2 13 29 28.700  2.2   1
      572  26.869200  103.067025     8.705    12789.5    -8951.4     2568.5   2751.8   3148.2   3042.7 2022 10  2 21 50 13.720  1.9   1
      573  27.045748  102.907406     3.844    -3063.9    10610.7    -2292.1   4668.9   2206.5   3530.8 2022 10  2 21 56 34.600  0.4   1
      576  26.732454  102.724650    30.218   -21232.4   -24103.1    24081.1   4839.1   2499.4   4032.5 2022 10  3  4 16 29.080  3.1   1
      579  27.006571  102.768335     6.409   -16870.8     6269.8      273.0   2308.5   2378.1   3265.4 2022 10  3 22 21  8.080  2.6   1
      586  26.910421  102.804159    17.006   -13319.6    -4384.0    10869.9   2588.7   2940.5   4922.2 2022 10  4  7 25 50.510  3.1   1
      587  26.914136  103.091992     3.371    15266.5    -3972.3    -2765.6   2512.5   2024.3   4181.5 2022 10  4  7 27  3.710  3.3   1
      588  26.737268  102.944482     4.362      616.8   -23569.7    -1774.2   2159.2   2006.8   2069.3 2022 10  4  8  8  1.580  2.3   1
      589  27.040320  102.820117     4.611   -11727.9    10009.3    -1525.3   1764.3   2490.0   3565.6 2022 10  4 12 18 38.980  2.8   1
      593  27.104966  103.034172     9.183     9515.7    17172.3     3046.4   2946.3   2873.4   5009.9 2022 10  4 17  7 26.000  2.4   1
      606  27.209607  102.841113    17.398    -9636.9    28766.7    11261.8   2340.7   2475.5   2078.4 2022 10  5  8 48 50.950  3.4   1
      607  27.217926  103.117399     5.096    17766.1    29688.5    -1040.0   2357.7   2208.4   2961.7 2022 10  5 18 18 18.340  2.7   1
      608  27.211910  103.081689    11.732    14224.6    29022.0     5595.2   2004.0   2301.8   1529.2 2022 10  5 20 23 44.000  2.2   1
      617  26.618823  102.938680    13.870       40.5   -36693.7     7734.0   4857.6   2686.9   1467.4 2022 10  6 12 33 57.590  2.9   1
      618  27.082965  102.827881     1.843   -10955.8    14734.4    -4293.3   2259.8   2419.1   3698.7 2022 10  6 13 12 41.270  3.2   1
      619  26.579616  102.948901     3.636     1057.4   -41037.9    -2500.5   2913.4   2094.3   4804.7 2022 10  6 13 38  1.910  2.9   1
      623  26.564150  103.075285     8.066    13627.8   -42751.7     1929.3   3006.1   1873.7   2147.7 2022 10  6 18 50 15.640  2.2   1
      624  26.949221  103.006112     4.564     6736.2      -84.8    -1572.9   2631.7   3234.3   7518.6 2022 10  6 19 23 17.160  0.7   1
      625  26.949367  102.907821     2.527    -3024.1      -68.4    -3609.7   2462.4   2366.4   3622.5 2022 10  6 19 54 51.240  1.9   1
      631  26.955949  102.904240    10.909    -3379.6      660.8     4772.1   3396.9   1578.2   1711.7 2022 10  7  8 31 45.130  3.2   1
      632  27.028957  103.035018     8.853     9603.1     8750.2     2717.1   3169.1   2249.9   3682.9 2022 10  7 10  0 30.910  3.1   1
      638  26.885942  103.061279    13.912    12218.0    -7096.2     7775.4   3451.4   3617.3   3676.9 2022 10  7 17 33 52.460  2.9   1
      645  27.001001  102.929126    11.499     -907.9     5652.6     5362.2   6883.9   6121.1   5911.1 2022 10  8 14 54 26.920  2.5   1
      655  27.167096  103.032869     7.500     9384.3    24056.4     1363.7   2068.7   1665.9   2150.6 2022 10  9  1 55 24.090  2.7   1
      664  27.114618  102.653817     0.297   -28226.0    18241.7    -5838.9   2686.3   2117.3   3858.1 2022 10  9 12 43 34.610  2.8   1
      667  26.719035  103.190902     9.090    25111.0   -25590.0     2953.5   2833.2   1821.2   2371.9 2022 10  9 19 40 11.900  2.7   1
      669  26.802450  102.829508    56.441   -10807.3   -16347.5    50304.6   6451.9   1935.2   1479.7 2022 10  9 21 24  3.840  2.2   1
      672  26.808809  102.915959    11.342    -2217.4   -15642.6     5205.5   1375.7   1070.6    965.9 2022 10 10  3 35  1.940  3.7   1
      700  26.986908  102.911255    14.551    -2682.5     4091.0     8415.0   2980.3   2006.4   1915.3 2022 10 12  3 33 49.700  2.7   1
      704  27.163190  102.863395    30.167    -7428.6    23623.6    24030.9   3651.4   2782.7   3476.2 2022 10 12 11 28  8.650  3.4   1
      711  26.959886  102.662972     6.122   -27335.9     1097.0      -14.0   3068.7   2814.4   3118.8 2022 10 12 20 24  8.640  1.7   1
      712  27.209735  102.556071    16.837   -37908.7    28781.0    10700.7   2255.6   2569.1   4777.2 2022 10 12 23  7 53.400  3.5   1
      716  26.695540  103.004004     7.116     6533.9   -28193.3      979.7   1881.9   2471.5   1820.9 2022 10 13  7 53 44.320  2.8   1
      719  26.693294  103.031160    21.351     9233.8   -28442.0    15214.2   2600.9   2101.0   1885.0 2022 10 13 14 37 58.700  2.6   1
      720  27.027268  103.000944     8.996     6220.9     8563.1     2859.1   5284.1   3627.7   4996.1 2022 10 13 15 10 42.300  1.9   1
      728  27.321792  103.069718     5.315    13031.0    41197.0     -821.5   1787.1   2037.0   2682.3 2022 10 14  4  4 36.310  3.0   1
      730  26.798745  103.048592    12.884    10961.8   -16758.0     6747.1   2458.7   2579.5   2250.7 2022 10 14  6 42 28.000  3.0   1
      731  27.127075  102.688900     5.106   -24743.1    19622.0    -1030.6   3750.7   2216.3   4415.0 2022 10 14  8 54 11.830  3.3   1
      732  26.858927  103.112736    15.240    17330.8   -10089.6     9103.7   1975.1   1835.6   1725.7 2022 10 14 10 37 11.450  2.2   1
      733  27.014575  103.019751    11.480     8088.6     7156.6     5343.9   3515.9   3228.5   5656.0 2022 10 14 13 28 27.810  3.3   1
      735  27.234605  103.079997     8.251    14055.6    31536.7     2114.9   2323.9   2351.1   2473.3 2022 10 14 18 51 53.760  2.7   1
      737  27.067092  103.016162    29.147     7730.5    12975.6    23011.0   3647.2   1854.9   1865.8 2022 10 14 19 10 30.480  3.0   1
      740  27.067556  102.742594     5.584   -19420.4    13027.2     -552.5   2436.2   2158.8   2645.7 2022 10 15  0 31  2.400  2.9   1
      741  26.902266  103.129940    11.698    19035.9    -5287.3     5561.7   2508.9   2683.1   3433.7 2022 10 15  1  4 10.400  3.5   1
      743  26.743402  102.885099    34.551    -5284.9   -22889.9    28414.2   2882.6   1708.8   2419.1 2022 10 15  2 14 48.560  3.1   1
      747  26.754895  103.080729    18.657    14157.8   -21616.6    12520.4   2258.0   1391.4   2362.2 2022 10 15  3 44 27.520  3.0   1
      749  26.853223  102.748234    10.790   -18878.6   -10721.5     4653.3   2858.2   2860.9   3799.7 2022 10 15  4 56 47.550  3.2   1
      753  26.990497  102.879500    16.609    -5834.8     4488.8    10472.2   2751.7   1545.3   1835.1 2022 10 15 18 41 18.120  2.7   1
      759  26.867076  103.177108     8.693    23724.8    -9186.7     2556.9   1924.4   2293.0   1885.5 2022 10 16  3  9  9.820  2.0   1
      779  27.038829  102.713289     5.043   -22332.3     9844.1    -1093.9   3122.1   4163.3   2883.4 2022 10 17 22 37 48.240  2.6   1
      783  27.310876  102.790243     5.177   -14676.3    39987.7     -959.5   3078.6   2178.6   3858.9 2022 10 18  3 14 52.300  3.0   1
      789  27.239742  102.990039     4.824     5133.9    32105.8    -1312.3   2409.6   2446.1   2462.7 2022 10 18 16 41 47.000  1.7   1
      792  26.592126  103.037280    13.411     9846.9   -39651.7     7274.4   3231.0   2945.9   2121.7 2022 10 18 22 34 15.560  2.8   1
      796  27.155487  103.001156     8.012     6238.9    22770.2     1875.5   3342.1   2800.8   2999.5 2022 10 19  4 15 45.470  2.2   1
      808  27.278322  102.883171     1.048    -5464.0    36380.6    -5088.0   2050.3   2591.1   2290.9 2022 10 19 13  0 48.690  0.9   1
      810  27.076174  103.213924    11.896    27356.7    13982.1     5759.9   1628.9   1362.6   2481.7 2022 10 19 14 43 37.970  2.8   1
      811  26.536251  102.966569     4.906     2814.5   -45843.0    -1230.6   2838.7   2063.2   3253.0 2022 10 19 14 46 46.080  3.0   1
      824  26.787907  103.056600     8.518    11758.3   -17958.8     2381.7   1723.6   1754.5   1942.0 2022 10 20  3 33 31.120  3.0   1
      826  27.290358  102.967090     1.254     2857.5    37714.2    -4882.6   2321.2   2152.8   2903.1 2022 10 20  7 17 40.770  2.6   1
      827  26.722201  103.073063    15.961    13397.6   -25239.1     9824.9   1544.7   1615.3   1567.9 2022 10 20  7 26 55.510  3.2   1
      830  27.212815  102.652303    22.497   -28363.4    29122.1    16360.3   7700.3   5695.4   4311.6 2022 10 20 13 25 39.390  3.0   1
      835  27.235354  102.985970     4.480     4730.1    31619.4    -1656.8   1731.9   2008.3   2444.2 2022 10 20 15 36 17.530  1.9   1
      836  26.933004  102.739827    22.126   -19706.6    -1881.7    15990.0   2498.1   2378.7   2283.0 2022 10 20 15 45 38.020  3.1   1
      839  26.739986  103.023299     9.447     8451.0   -23268.5     3310.1   2255.2   1797.8   1695.6 2022 10 20 17 33 27.740  2.5   1
      843  27.134469  102.961751     3.033     2329.3    20441.1    -3103.0   4962.0   2226.0   4631.8 2022 10 20 19 55 15.280  1.5   1
      845  27.174339  102.751522     8.706   -18526.1    24858.9     2569.8   1808.6   2471.8   4029.6 2022 10 20 22  3 30.380  3.5   1
      856  26.779700  102.988688     8.530     5010.2   -18868.2     2393.7   1876.5   2021.9   1379.0 2022 10 22  4 14  5.820  2.5   1
      863  27.188997  102.989103     7.420     5042.0    26483.2     1283.6   3941.4   4587.9   3460.2 2022 10 23  0  3 56.840  2.5   1
      867  26.957043  102.930705     0.423     -751.2      782.1    -5713.9   2961.5   2957.6   2781.6 2022 10 23  9  7 59.550  2.4   1
      873  26.957910  103.212508    22.072    27230.3      878.1    15935.8   2034.7   1485.9   1251.2 2022 10 23 16  4  4.640  3.0   1
      876  26.662358  102.972583    13.076     3411.6   -31870.0     6939.1   1904.8   1386.7   1378.6 2022 10 23 20 56  3.260  2.5   1
      878  27.167318  102.950203     9.708     1183.5    24081.0     3571.4   2913.4   1761.0   5781.7 2022 10 24  1 23 36.490  2.8   1
      885  26.571505  103.180648    16.035    24107.8   -41936.6     9898.3   5328.9   3331.9   4419.8 2022 10 24  6 17  9.900  3.1   1
      887  26.741016  103.235978     2.072    29588.8   -23154.4    -4064.7   3376.4   2016.6   4172.4 2022 10 24  9 34 31.330  1.9   1
      890  27.060124  103.134871     8.973    19512.5    12203.5     2836.1   2042.1   2465.3   4394.7 2022 10 24 17 41 37.760  3.5   1
      892  26.656388  103.136141    20.885    19673.7   -32531.3    14748.6   4868.7   4494.3   3781.9 2022 10 24 20 11 42.160  1.9   1
      906  27.145846  103.057642    16.143    11843.3    21701.8    10006.2   2089.9   1356.4   1786.3 2022 10 27 10 21  4.120  3.4   1
      907  26.761371  102.879061    29.533    -5884.8   -20899.1    23396.4  11203.0   6549.6   3354.5 2022 10 27 22 51  0.380  2.7   1
      913  27.246456  102.855306     3.743    -8227.9    32849.7    -2393.0   1513.7   1749.5   2008.9 2022 10 28 12 53 48.030  1.6   1
      914  26.603599  103.111621    12.168    17239.1   -38380.6     6031.3   2364.8   2367.4   2278.2 2022 10 28 14 45 24.480  2.8   1
      921  26.585771  103.076335     8.149    13731.2   -40356.1     2012.5   1766.1   1762.8   2008.7 2022 10 29  4 17 17.520  2.3   1
      922  26.836348  102.686947    61.245   -24969.3   -12591.2    55108.8   6962.2   3758.1   2275.0 2022 10 29  4 38 30.110  2.6   1
      927  27.237437  102.980550     4.473     4192.9    31850.3    -1663.2   1929.5   2323.8   1693.2 2022 10 29 16 37 59.780  2.9   1
      928  27.309597  102.719279     3.131   -21711.5    39845.8    -3005.7   2786.3   1906.6   3393.1 2022 10 29 17 42 14.940  2.0   1
      937  27.205162  102.816553     4.335   -12073.0    28274.1    -1801.6   2184.9   3398.9   4698.3 2022 10 30  5  3 16.220  2.2   1
      946  27.263401  102.833057    20.943   -10433.7    34727.3    14806.3   1592.2   2586.7   1225.2 2022 10 30 21  5 22.240  3.3   1
      949  27.046519  103.078304    32.985    13899.1    10696.1    26849.0   3129.6   1783.6   2961.7 2022 10 30 23 23 13.360  1.7   1
      959  26.907086  102.816284     6.809   -12115.3    -4753.3      673.1   1820.3   4679.7   2276.4 2022 11  1  0 13 34.950  2.8   1
      965  26.786473  103.054102    32.150    11510.0   -18117.7    26013.4   2085.9   1732.0   3292.1 2022 11  1 13 44  8.820  2.7   1
      970  26.939060  103.138029    43.767    19836.5    -1210.5    37630.7   4507.0   1855.0   4187.5 2022 11  2 10 35 22.420  4.0   1
      972  26.843437  102.971102     9.438     3261.2   -11806.0     3301.7   3761.2   2715.8   3662.5 2022 11  2 15 22  5.280  2.7   1
      978  26.654460  102.989893    16.115     5132.6   -32745.1     9978.6   2872.5   2016.8   1714.4 2022 11  4  3 13 41.100  3.8   1
      986  26.833525  103.141479    18.284    20188.2   -12904.2    12147.4   2096.3   2646.4   2399.2 2022 11  4 22 37 24.840  1.9   1
      987  27.157528  102.932414     4.733     -581.6    22996.1    -1403.9   4474.0   3096.8   4340.6 2022 11  5  0 53 17.830  1.7   1
      992  26.943136  103.039014    11.902    10003.7     -759.0     5765.5   1921.7   2173.1   2259.8 2022 11  6  5 43 40.690  2.9   1
      995  26.627458  103.202425    14.001    26267.4   -35737.0     7864.1   1506.6   3317.8   1870.1 2022 11  6 20 57 32.020  2.9   1
      996  26.836104  103.248690     3.648    30839.1   -12618.4    -2488.5   2892.2   3041.3   3765.1 2022 11  6 22  7 16.520  2.2   1
      999  26.873293  103.153678    15.621    21396.9    -8497.8     9484.5   2335.4   2711.2   2235.6 2022 11  7 14 25 26.790  3.1   1
     1000  27.181779  103.023120    13.254     8416.6    25683.4     7117.2   2818.9   1915.6   2097.7 2022 11  7 14 44 27.860  3.0   1
     1002  27.192660  102.715454     1.017   -22102.1    26888.9    -5119.6   3149.7   2542.4   5274.6 2022 11  7 19 27 23.480  3.0   1
     1004  27.161556  102.905054    11.320    -3295.8    23442.6     5183.9   1447.1   1579.9   3291.5 2022 11  8  0  7 44.050  2.8   1
     1008  26.751809  102.888745    25.380    -4922.7   -21958.6    19243.2   3667.5   2127.7   2230.6 2022 11  8  9 49 50.740  2.1   1
     1009  27.336141  103.145410    26.139    20533.9    42786.9    20002.1   3405.4   2675.5   2341.6 2022 11  8 12  8 54.570  3.6   1
     1011  26.916667  102.863525     5.123    -7423.6    -3691.9    -1013.1   2731.1   3815.1   6677.9 2022 11  8 16 46  5.690  2.4   1
     1016  26.547430  103.100920     3.523    16179.4   -44604.3    -2613.1   2839.9   2523.7   3720.3 2022 11  9  5 41  9.940  2.7   1
     1022  26.405796  103.073389     9.585    13449.1   -60297.7     3448.2   2535.9   3498.5   2968.0 2022 11 11 10 43 49.670  3.9   1
     1026  26.889319  102.726489    21.136   -21035.2    -6722.0    14999.5   3564.3   3210.5   3508.7 2022 11 12 20 41 58.900  3.3   1
     1027  26.692340  103.005924    35.088     6724.9   -28547.9    28951.3   2416.2   2865.3   2241.0 2022 11 13 20  6 52.360  3.3   1
     1028  26.913257  102.844303    10.273    -9332.6    -4069.6     4136.7   3248.2   4668.3   2947.8 2022 11 14  8 57 37.060  3.0   1
     1037  27.042210  102.904110    16.277    -3391.3    10218.7    10140.5   1945.7   1321.9   1443.4 2022 11 21  1  6 48.740  4.6   1
     1042  26.540995  103.191024    11.577    25142.4   -45317.3     5440.8   2441.7   2884.3   3961.3 2022 11 22 21 25 32.480  2.7   1
     1044  27.411104  102.880965     2.009    -5678.7    51093.1    -4127.0   6490.2   2948.6   3862.1 2022 11 23 13 43 59.190  3.6   1
     1048  27.240279  102.926367     2.309    -1181.1    32165.4    -3827.6   1509.7   1827.5   3131.9 2022 11 25 21 27 58.080  2.7   1
     1056  27.124109  102.894157     5.853    -4377.0    19293.2     -283.3   1548.6   1102.0   2192.7 2022 11 28 18 55 11.400  1.8   1
     1058  27.050008  103.056120     2.095    11696.9    11082.7    -4041.2   1786.2   1266.2   2430.7 2022 11 29 21 55  4.020  3.0   1
     1060  26.565924  102.990519     2.289     5196.9   -42555.0    -3847.6   1920.5   3266.1   2613.2 2022 11 30 11 24 24.900  2.5   1
     1061  27.098558  102.812671     6.232   -12463.9    16462.1       95.5   2399.7   2154.9   4281.6 2022 11 30 12 51 31.400  2.8   1
     1065  26.939386  102.861466     7.646    -7627.2    -1174.5     1509.8   2432.0   4166.5   3427.6 2022 12  1 16 19 37.010  2.5   1
     1068  26.730239  103.087362     7.214    14818.6   -24348.6     1077.9   3369.3   2027.8   3044.2 2022 12  4 21  3 17.040  1.6   1
     1073  26.790452  102.801766    12.009   -13564.4   -17676.7     5872.1   2913.0   2110.6   3745.5 2022 12  7 23 17 55.060  3.4   1
     1078  26.758868  103.111515     0.668    17217.6   -21176.3    -5468.4   2940.0   1706.2   3909.0 2022 12  8 13 28 36.860  2.8   1
     1092  26.811110  103.265788     7.985    32541.8   -15387.9     1848.4   2239.8   2832.0   2754.3 2022 12 11 11 51 30.270  3.1   1
     1104  26.868813  102.912541    10.113    -2555.9    -8994.0     3976.3   1488.0   1054.9    933.8 2023  1  1  1  2 48.170  2.7   1
     1106  26.937925  102.715934    21.152   -22079.5    -1336.4    15015.7   2446.5   1695.3   2103.4 2023  1  1  2 33 26.890  3.0   1
     1108  26.877997  102.964364     9.539     2591.2    -7976.6     3402.7   4266.3   4206.1   3341.5 2023  1  1  3 15  6.530  2.8   1
     1111  27.219191  103.004647     1.399     6582.7    29828.7    -4736.9   2574.7   2232.1   2626.3 2023  1  1  5 37  1.930  2.4   1
     1113  26.614620  102.992236    12.307     5366.5   -37159.4     6170.4   1286.4   1317.6   1143.6 2023  1  1  5 59 15.820  2.3   1
     1120  27.186589  103.567277     1.726    62394.4    26216.2    -4410.8  12498.2   2406.3   2361.2 2023  1  1  8 59 58.740  1.1   1
     1126  27.117065  103.159489    46.620    21950.2    18512.8    40483.6   2435.9   1896.9   9749.8 2023  1  1 10  0 48.210  2.9   1
     1129  26.882678  102.928670    29.873     -953.8    -7458.0    23736.7   3487.8   1652.0   1448.2 2023  1  1 11 56  6.240  2.9   1
     1131  26.915025  102.714901    32.062   -22184.4    -3873.8    25925.3   3584.5   3718.9   2459.0 2023  1  1 12 28 35.040  3.2   1
     1138  26.988371  102.870728     4.892    -6706.3     4253.2    -1244.8   3094.6   2201.8   2485.3 2023  1  1 14 39 51.220  0.3   1
     1140  27.142625  102.903898     7.008    -3410.3    21344.9      871.8   3025.3   1588.8   3647.4 2023  1  1 15 21 35.450  1.8   1
     1141  26.879411  102.759220     2.670   -17785.0    -7819.8    -3466.9   2113.1   2333.8   2831.5 2023  1  1 15 40 39.150  3.6   1
     1142  27.252895  102.939559     9.153      127.5    33563.2     3017.0   4461.8   2095.9   7482.6 2023  1  1 15 48 13.820  2.2   1
     1143  26.887195  102.743132     2.891   -19382.8    -6957.4    -3245.6   1677.7   1769.9   4022.6 2023  1  1 15 51 56.140  3.3   1
     1144  27.107937  102.906494     1.905    -3153.2    17501.3    -4231.7   3535.4   1787.7   3353.1 2023  1  1 16 22 15.410  4.6   1
     1145  27.335036  102.953971     4.616     1556.0    42664.6    -1520.3   5469.6   2035.6   3796.9 2023  1  1 16 27  1.690  2.5   1
     1146  26.397837  102.701318    20.370   -23586.2   -61179.5    14233.2   4331.0   4812.8   5861.6 2023  1  1 16 29 49.210  1.8   1
     1148  26.915568  102.908765     8.124    -2930.9    -3813.6     1987.2   1628.1   1157.2   1338.4 2023  1  1 17  9 12.760  2.5   1
     1150  26.929657  102.927612     8.063    -1059.1    -2252.4     1926.2   1327.9   1051.3   1170.6 2023  1  1 17 54 31.060  2.5   1
     1154  26.739256  103.344954    28.823    40420.5   -23349.5    22686.3   3162.1   2638.9   2961.4 2023  1  1 18 52 18.640  2.7   1
     1157  27.312134  102.987948    13.986     4924.7    40127.0     7849.7   1738.4   1834.1   1654.3 2023  1  1 19 49  5.560  3.5   1
     1158  27.054236  102.736190    13.003   -20057.1    11551.3     6867.0   1433.6   1398.0   2144.7 2023  1  1 19 52 40.260  3.1   1
     1159  26.995131  102.862630     9.924    -7510.0     5002.3     3787.3   4136.3   2740.4   3588.8 2023  1  1 19 57 44.320  2.1   1
     1164  27.180261  102.783944    41.300   -15309.6    25515.2    35163.6   4066.4   2747.6   3458.3 2023  1  1 22 32 12.200  2.4   1
     1167  26.894637  102.935002    14.256     -325.2    -6132.7     8120.1   1916.9   1134.9   1452.6 2023  1  1 23 46  2.400  2.2   1
     1174  27.102146  102.927409    11.421    -1077.8    16859.8     5284.9   4277.8   2465.7   2624.5 2023  1  2  3  4 43.010  2.9   1
     1176  26.644920  102.892741    18.007    -4527.5   -33802.2    11870.4   2965.6   1839.1   2425.8 2023  1  2  3 50 57.410  2.7   1
     1180  27.099357  102.926831     7.628    -1135.5    16550.8     1491.2   1733.4   1083.5   1962.3 2023  1  2  7 38 34.340  3.9   1
     1181  26.968176  102.891349     4.944    -4659.3     2015.6    -1192.1   1990.6   2550.7   3303.1 2023  1  2  8 41 56.500  2.5   1
     1182  26.804165  102.726847     2.220   -21007.8   -16157.4    -3916.6   2369.6   2030.4   7302.1 2023  1  2  9 13 40.100  3.2   1
     1184  26.983624  103.045825     7.420    10677.9     3727.2     1283.8   2109.6   1917.4   2961.2 2023  1  2  9 54  6.500  3.1   1
     1185  26.529024  102.968327    12.653     2989.4   -46643.7     6516.8   2163.0   1599.7   1437.9 2023  1  2 10 17  2.450  4.1   1
     1188  27.018671  102.906689    12.526    -3135.6     7610.4     6389.6   4342.1   4745.5   3499.9 2023  1  2 11 33 27.780  3.1   1
     1190  26.491341  102.987695    14.702     4917.5   -50819.0     8565.7   1832.3   1708.1   2107.8 2023  1  2 12 24  6.860  2.9   1
     1191  27.122534  102.951644     1.811     1327.0    19118.8    -4325.9   1953.7   1506.4   5470.0 2023  1  2 12 34 34.610  3.0   1
     1193  27.117853  103.122835    13.302    18313.5    18600.1     7165.5   1474.4   1019.0   1680.6 2023  1  2 13 11 15.030  3.5   1
     1194  26.819128  102.943245    13.206      494.4   -14499.4     7069.7    926.9    900.4    964.3 2023  1  2 13 15 59.500  3.7   1
     1196  26.474093  102.984847    11.488     4634.8   -52730.2     5351.9   1863.3   1637.0   2624.6 2023  1  2 13 51 42.270  3.6   1
     1198  27.000991  102.832072     3.519   -10543.7     5651.5    -2617.9   2328.0   2968.2   2847.2 2023  1  2 14 19 57.550  1.0   1
     1199  26.838359  102.923771    17.767    -1440.5   -12368.5    11630.8   1169.1    981.9   1126.0 2023  1  2 14 42 20.610  3.5   1
     1200  27.401912  102.671094     4.452   -26477.8    50074.7    -1684.3   3082.1   3170.7   4858.6 2023  1  2 14 57 37.110  2.6   1
     1201  26.829120  102.939982    14.803      169.9   -13392.3     8667.0   1139.9    970.5   1287.9 2023  1  2 15 26 49.650  3.6   1
     1205  27.063629  102.945882    17.561      755.2    12592.1    11424.1   3075.7   3412.3   2125.2 2023  1  2 16 59  0.680  2.6   1
     1207  26.617100  103.007878    21.908     6921.9   -36884.6    15771.8   1543.2   2060.0   2043.9 2023  1  2 18 17 20.500  2.1   1
     1213  26.981984  102.900830     9.240    -3717.4     3545.5     3103.9   1845.7   2331.4   1434.2 2023  1  2 20 38 12.040  2.4   1
     1214  26.977531  102.909888    21.109    -2818.5     3052.0    14973.1   1841.2   1612.4   1604.7 2023  1  2 20 43 14.180  0.7   1
     1220  26.920017  102.944263    10.359      594.9    -3320.6     4222.5   1534.1   1274.6   1106.9 2023  1  2 22 31 21.360  1.6   1
     1223  26.542517  103.110425    22.494    17124.6   -45148.7    16357.7   2118.3   1584.7   1161.0 2023  1  3  0 24 48.340  2.6   1
     1224  26.729958  102.828931     0.189   -10867.8   -24379.6    -5947.2   1974.4   2958.5   2937.6 2023  1  3  0 29 53.720  1.5   1
     1231  27.152820  102.852881     8.840    -8471.7    22474.6     2703.7   1442.0    978.2   1651.1 2023  1  3  3 32  1.810  4.9   1
     1232  26.657393  102.971655     8.982     3318.8   -32419.9     2845.5   1464.0   1834.5   2147.1 2023  1  3  3 44 20.830  2.5   1
     1233  27.110618  102.969686    10.846     3116.8    17798.4     4709.5   3656.8   2041.9   2883.3 2023  1  3  3 48 43.310  3.1   1
     1236  26.932017  103.129525    30.759    18992.7    -1991.1    24622.2   1885.6   2758.5   1507.8 2023  1  3  5  0 32.020  3.4   1
     1240  27.042914  102.811003     7.053   -12632.4    10296.8      916.6   1944.4   1589.9   2622.7 2023  1  3  6  1 52.590  2.8   1
     1248  27.118516  102.847176    13.931    -9039.1    18673.7     7794.8   2098.0   1193.4   1434.8 2023  1  3 10 35 16.200  2.6   1
     1249  26.864677  102.894515     4.987    -4346.6    -9452.4    -1149.4   1801.0   2011.7   2987.9 2023  1  3 11 42 43.620  2.3   1
     1252  27.061346  102.961255    15.913     2280.9    12339.1     9776.2   2272.4   1924.5   1808.3 2023  1  3 12 47  7.960  3.2   1
     1258  26.447754  102.853890    27.460    -8397.8   -55648.6    21324.1   2578.7   2649.1   2751.1 2023  1  3 13 53 37.410  2.4   1
     1259  27.220732  102.835286    14.625   -10214.5    29999.3     8488.3   2105.4   2246.0   2321.4 2023  1  3 15  4 15.740  1.9   1
     1266  27.180251  103.090837    15.303    15134.1    25514.1     9166.8   1726.8   1167.4   1683.9 2023  1  3 16 18 35.630  3.5   1
     1269  26.530082  102.961247     5.171     2285.8   -46526.4     -965.3   1898.1   2081.6   2498.4 2023  1  3 17  5 17.760  3.4   1
     1270  27.107060  102.791081     1.601   -14605.7    17404.2    -4535.6   1920.1   1458.1   2881.6 2023  1  3 17  7 56.840  2.8   1
     1271  26.928442  102.870394    22.959    -6741.2    -2387.2    16822.2   4529.7  13173.2   3152.1 2023  1  3 17 12 40.700  2.0   1
     1273  26.927667  102.723242     2.223   -21354.1    -2472.9    -3913.4   1490.7   3695.1   3494.9 2023  1  3 17 25 41.040  3.0   1
     1275  27.205227  103.537728    27.269    59458.1    28281.3    21132.6   3091.0   4707.2   3494.2 2023  1  3 17 52 38.920  2.9   1
     1280  26.948785  103.005534     7.691     6679.1     -133.1     1554.4   2460.1   4174.1   2611.5 2023  1  3 18 37 22.120  2.0   1
     1283  26.562838  103.030371    14.058     9161.0   -42896.9     7922.0   1181.9   1275.9   1081.1 2023  1  3 19  7 30.080  3.1   1
     1285  27.055764  102.924634    25.589    -1353.4    11720.5    19452.7   6585.3   3975.8   3640.7 2023  1  3 19 38 26.460  2.6   1
     1294  27.100704  102.504818    13.190   -43013.2    16699.9     7054.1   2875.4   4896.4   4204.5 2023  1  3 21 18 10.200  2.4   1
     1298  26.967865  103.324976    19.408    38395.9     1981.0    13272.0   1945.9   2250.3   2929.9 2023  1  3 22  8 53.840  3.2   1
     1299  26.529386  103.024333     2.638     8561.0   -46603.5    -3498.2   2039.3   1945.6   2461.8 2023  1  3 22 12 14.160  3.2   1
     1301  27.053426  102.799048    29.783   -13818.9    11461.5    23646.9   3275.1   1943.8   1650.1 2023  1  3 23 15 54.560  3.6   1
     1303  27.395689  102.872021    11.800    -6565.6    49385.1     5663.7   2648.4   2135.2   2337.2 2023  1  4  2 10 41.950  3.5   1
     1304  27.104409  102.865649    13.333    -7206.6    17110.4     7196.7   1594.6    894.2   1361.7 2023  1  4  2 22 33.690  2.9   1
     1306  26.605265  102.943205     2.675      490.6   -38195.9    -3461.1   1640.5   2504.5   2983.5 2023  1  4  3 34 45.440  3.1   1
     1309  26.619179  103.050594    17.446    11169.5   -36654.2    11309.9   3977.3   5019.2   3563.7 2023  1  4  4 20 50.570  2.1   1
     1314  26.829616  102.890763    15.493    -4720.5   -13337.3     9356.7   6304.9   4694.2   4234.9 2023  1  4  6 20 24.050  2.6   1
     1318  26.982892  102.876099    20.888    -6173.2     3646.1    14751.2   6156.1   3277.0   3053.7 2023  1  4  9  3 14.180  0.9   1
     1319  26.845575  103.001554    28.860     6286.7   -11569.0    22723.2   2505.2   1803.1   1401.2 2023  1  4  9 30 28.960  3.7   1
     1320  26.955499  102.718555    13.536   -21817.1      611.0     7399.4   2011.0   2303.0   2275.8 2023  1  4  9 46 54.060  2.9   1
     1327  27.071865  102.754533    20.637   -18235.2    13504.4    14500.7   3137.0   2187.5   1980.2 2023  1  4 12 15 51.310  2.8   1
     1329  26.875989  102.976318    16.622     3779.3    -8199.1    10485.5   6176.7   3377.9   2632.4 2023  1  4 12 40 27.430  2.5   1
     1331  27.151076  102.868335     6.811    -6938.8    22281.4      674.8   1919.6   1499.4   2925.0 2023  1  4 14 29  2.600  2.2   1
     1334  26.707357  103.016097     3.238     7735.8   -26883.9    -2898.7   2360.6   2876.2   2379.1 2023  1  4 15 35 17.780  1.9   1
     1337  26.806814  102.954110     9.650     1573.7   -15863.8     3513.8   1045.0   1363.0   1192.0 2023  1  4 16  0 43.930  1.9   1
     1338  26.976880  102.929118    22.970     -908.7     2980.0    16834.0   2371.8   1993.2   1696.5 2023  1  4 16 33 13.890  0.9   1
     1343  26.947752  103.269995    33.621    32940.2     -247.4    27484.7   4346.0   2366.6   5140.8 2023  1  4 17 33 10.120  1.9   1
     1344  26.947414  103.282023    22.153    34134.3     -285.0    16017.1   3856.8   3789.6   5539.0 2023  1  4 18  3 32.720  2.5   1
     1345  27.194126  102.879574    12.715    -5822.5    27051.5     6578.9   1362.3   1804.8    919.0 2023  1  4 18 10 21.920  2.2   1
     1346  27.171399  102.823747    13.799   -11361.5    24533.2     7662.5   2003.3   1208.5   1903.0 2023  1  4 18 32 45.360  5.0   1
     1347  26.864111  102.814478     8.404   -12297.1    -9515.0     2267.9   2819.0   2350.5   2674.4 2023  1  4 18 46 41.840  3.5   1
     1350  26.848914  102.954924    13.730     1654.3   -11199.1     7593.9    939.6    858.5    840.1 2023  1  4 19 27 11.020  3.5   1
     1351  26.544497  103.269743    35.202    32972.9   -44929.3    29065.9   4526.7   2765.5   3265.0 2023  1  4 20  2 23.160  3.1   1
     1352  26.798822  102.931030    16.406     -719.4   -16749.3    10269.2   1076.5   1166.7   1379.8 2023  1  4 20  3 39.800  2.3   1
     1353  26.876390  102.953027     5.273     1465.2    -8154.6     -863.4   2410.9   3554.8   2916.9 2023  1  4 20 12 38.840  1.5   1
     1354  26.847249  103.190243    20.332    25031.2   -11383.5    14195.2   2087.3   1744.2   2020.0 2023  1  4 20 15 26.820  3.0   1
     1359  26.976837  102.821224     3.707   -11621.6     2975.2    -2429.1   5928.0   4272.6   4342.0 2023  1  4 22 27 52.560  2.3   1
     1360  26.966158  102.928353     5.177     -984.8     1791.9     -959.1   1410.1   1406.2   1557.3 2023  1  4 22 34  8.940  2.1   1
     1362  26.562349  102.949756    29.139     1141.9   -42951.1    23002.4   2240.6   2492.7   2223.9 2023  1  4 22 58 12.480  3.6   1
     1366  27.093390  102.961947    12.349     2348.9    15889.5     6212.2   1980.5    965.2   1775.4 2023  1  5  2 34 39.060  3.3   1
     1367  27.058813  102.702995    20.125   -23352.1    12058.4    13988.6   2356.5   3311.9   2173.9 2023  1  5  2 57 46.840  2.4   1
     1378  27.262931  102.972843     4.124     3427.8    34675.1    -2012.2   2125.9   2098.6   2111.3 2023  1  5  8 54 25.770  1.9   1
     1385  27.227710  102.932096    28.532     -612.7    30772.5    22395.2   3032.1   3054.0   1541.9 2023  1  5 11 23 38.460  3.3   1
     1386  26.900183  102.986686     6.946     4808.2    -5518.3      809.2   2485.9   2804.9   4452.7 2023  1  5 13 33 39.590  2.7   1
     1387  26.852307  102.949976     8.302     1162.5   -10823.0     2165.2   1243.6   1114.4   1739.0 2023  1  5 13 36 43.040  3.8   1
     1388  27.273846  103.017424    21.725     7848.1    35884.5    15589.1   2734.9   1714.4   1901.6 2023  1  5 14  9 48.720  2.1   1
     1389  26.975022  102.823503    22.881   -11395.0     2774.2    16744.2   3970.1   1573.2   1580.7 2023  1  5 14 14 32.310  2.5   1
     1391  26.993317  102.932544     1.977     -569.1     4801.1    -4159.0   2295.0   2679.8   2886.4 2023  1  5 15  6 46.440  2.4   1
     1394  27.172335  102.732886    18.048   -20374.7    24636.9    11912.1   2687.0   1672.2   3117.5 2023  1  5 16 10 24.250  2.9   1
     1395  26.922542  102.912614     7.545    -2548.1    -3040.7     1408.6   1290.7   1035.1   1263.2 2023  1  5 16 58 37.710  3.2   1
     1398  27.336182  103.013127    17.160     7420.2    42791.5    11023.6   1895.9   1719.8   1466.4 2023  1  5 17 38 29.560  4.0   1
     1399  26.835997  102.928467    30.775     -974.1   -12630.2    24638.8   2007.4   1825.4   3007.3 2023  1  5 17 49 51.840  1.6   1
     1402  26.803927  102.954647     8.558     1627.1   -16183.8     2421.7   1783.5   2540.1   2579.5 2023  1  5 18 21 45.880  2.2   1
     1404  26.999015  102.812492     4.232   -12487.3     5432.6    -1904.5   1504.3   1451.3   1715.2 2023  1  5 18 26 49.340  2.6   1
     1405  26.797278  102.974927    14.214     3642.3   -16920.4     8077.3    914.9   1063.4   1014.9 2023  1  5 18 48 23.160  3.0   1
     1406  26.978855  102.910791    18.946    -2729.0     3198.8    12809.3   1657.1   1415.4   1872.8 2023  1  5 18 53 13.880  1.2   1
     1407  26.999764  103.026636    12.373     8772.1     5515.5     6236.1   2246.2   2504.1   3212.9 2023  1  5 18 57 42.640  2.6   1
     1409  26.814732  102.960970     7.828     2254.8   -14986.4     1691.8    905.2    978.6   1704.1 2023  1  5 19  4  4.640  2.9   1
     1410  26.844633  102.948617     4.518     1027.9   -11673.4    -1618.6   1046.6   1341.8   2480.7 2023  1  5 19 19 20.860  2.6   1
     1411  26.918628  102.840194    10.576    -9740.6    -3474.4     4439.6   1783.0   2102.5   1879.6 2023  1  5 19 20 31.660  2.4   1
     1412  26.849270  102.944702     5.652      638.7   -11159.6     -484.3   1007.7   1267.7   2253.2 2023  1  5 19 34 36.200  2.3   1
     1413  26.848061  102.924577    12.611    -1360.7   -11293.5     6474.3   1053.2    862.2   1196.4 2023  1  5 19 38 54.920  3.3   1
     1414  27.032153  102.901392    13.441    -3661.0     9104.5     7304.8   1949.7   1429.0   1404.4 2023  1  5 19 41 40.220  2.8   1
     1415  26.868791  102.829647    13.395   -10790.3    -8996.7     7258.9   2435.0   1936.8   2336.9 2023  1  5 19 43 26.120  3.0   1
     1417  26.848216  102.922225    13.765    -1594.1   -11276.4     7628.4   1430.2   1064.9   1181.9 2023  1  5 19 57 22.800  2.6   1
     1422  27.119942  103.057397     7.199    11820.3    18831.6     1062.9   5546.2   2498.7   3653.7 2023  1  5 20 40 40.720  2.3   1
     1424  27.004134  102.907324     6.852    -3072.1     5999.8      715.3   1338.3    976.8   1277.1 2023  1  5 21  2 21.260  3.1   1
     1425  26.830937  102.968571    14.805     3009.7   -13190.9     8668.6    942.5    954.4    807.2 2023  1  5 21  4 48.560  3.5   1
     1428  26.825378  102.965576    17.195     2713.0   -13806.7    11058.7    979.5   1103.1    990.9 2023  1  5 21 57 36.580  5.6   1
     1431  26.831315  102.956112    11.195     1772.0   -13149.1     5059.1    853.2    908.0    868.8 2023  1  5 22  4  9.800  4.9   1
     1432  26.863259  102.861198     8.991    -7656.3    -9609.6     2854.2   1177.9   1166.9   1667.3 2023  1  5 22  8 18.040  2.8   1
     1433  26.834041  102.943009    10.028      470.6   -12846.8     3891.6   1310.1   1173.5   1260.6 2023  1  5 22 15 54.360  2.9   1
     1434  27.088446  102.865007    36.074    -7270.8    15341.8    29938.1   3331.0   2237.5   2011.8 2023  1  5 22 19 13.560  4.1   1
     1435  26.656663  103.000602    22.500     6197.0   -32500.9    16363.3   1925.1   2108.0   1825.9 2023  1  5 22 19 14.540  2.5   1
     1436  26.828202  102.958252    14.650     1985.3   -13493.8     8513.6    919.0    894.3   1056.4 2023  1  5 22 21  5.480  5.6   1
     1437  26.834908  102.968351    12.213     2988.0   -12750.9     6076.4   1507.3   1139.7   1725.1 2023  1  5 22 27 45.960  4.0   1
     1439  26.857363  102.999959    14.449     6127.5   -10262.9     8312.4   1648.3   1382.8   1178.0 2023  1  5 22 43 29.800  5.2   1
     1440  26.829836  102.962329    13.210     2389.7   -13313.0     7073.2    918.6    924.9   1058.1 2023  1  5 22 45 17.520  4.8   1
     1441  26.835834  102.961556    12.288     2313.3   -12648.4     6151.9    856.6    920.3    699.0 2023  1  5 22 47 20.320  3.1   1
     1442  26.817212  102.947355    16.474      902.7   -14711.7    10337.1   1834.8   1282.3   1468.5 2023  1  5 22 55 34.980  3.9   1
     1444  26.823804  102.968368    14.892     2990.1   -13981.3     8755.7    840.3    923.9    863.8 2023  1  5 23  2 29.760  3.2   1
     1445  26.836051  102.965479    12.205     2702.9   -12624.2     6068.3    920.3    834.9    912.3 2023  1  5 23  5 44.480  4.0   1
     1446  26.840938  102.949707    16.212     1136.2   -12082.7    10076.1    966.0    967.1   1134.8 2023  1  5 23 11 18.480  3.4   1
     1447  26.725441  103.005290    12.378     6661.5   -24880.1     6242.1   3370.8   4210.4   3317.4 2023  1  5 23 25 50.960  1.9   1
     1448  26.819385  102.961304    14.833     2288.5   -14471.0     8696.1   1003.0    957.5   1408.1 2023  1  5 23 27 57.080  5.4   1
     1449  26.837347  102.960368     7.548     2195.0   -12480.5     1411.8   2614.5   2124.2   3514.7 2023  1  5 23 33 36.320  3.2   1
     1450  26.817548  102.944914    15.414      659.7   -14674.5     9278.1   1854.9   1475.9   1248.6 2023  1  5 23 38 26.920  3.7   1
     1451  26.837950  102.968774    17.655     3030.4   -12413.9    11518.8   1471.4    955.5   1118.9 2023  1  6  0 11 42.800  3.5   1
     1453  26.721143  102.986816    41.231     4824.8   -25356.4    35094.1   2313.5   2780.6   8606.0 2023  1  6  0 35 33.900  3.2   1
     1455  26.554519  103.038729    44.107     9992.2   -43818.7    37970.5   2073.3   2032.6   2281.1 2023  1  6  0 56 25.170  2.8   1
     1457  26.408223  102.994328    22.488     5579.4   -60028.8    16351.8   1868.6   2292.4   2284.2 2023  1  6  1 10 23.390  3.8   1
     1461  26.836469  102.914990    10.883    -2312.9   -12577.9     4746.6   1283.3   1045.1   1244.6 2023  1  6  2  9 13.140  3.6   1
     1465  26.833594  102.961523    16.651     2310.0   -12896.6    10514.2    903.5    975.6    988.2 2023  1  6  2 50 22.410  5.9   1
     1466  26.809196  102.974259     5.994     3575.9   -15599.9     -142.2   2011.8   2063.8   4646.6 2023  1  6  2 56 23.490  3.5   1
     1467  26.836820  102.958537    11.999     2012.8   -12539.1     5862.6    872.8    839.4    774.5 2023  1  6  2 57  1.020  3.8   1
     1468  26.935901  102.645996    16.767   -29024.5    -1560.7    10630.7   1098.3   1707.0   2323.8 2023  1  6  2 58 46.510  3.6   1
     1469  26.835254  102.953979    12.412     1560.7   -12712.5     6275.4    850.8    859.4    842.2 2023  1  6  3  0 59.270  3.6   1
     1470  26.829333  102.950212    13.312     1186.3   -13368.5     7175.3    938.6    909.8   1010.9 2023  1  6  3 25  4.030  3.7   1
     1473  26.636318  102.772884    18.693   -16445.5   -34755.2    12556.9   3410.6   2330.0   3574.4 2023  1  6  3 38  3.330  3.7   1
     1474  26.837807  102.950041    14.997     1169.2   -12429.8     8860.4    912.4    953.1    957.4 2023  1  6  3 41 32.280  3.4   1
     1478  26.830322  102.963444    15.484     2501.1   -13259.0     9347.2   2194.0   1453.7   1337.3 2023  1  6  4 27  4.690  3.8   1
     1479  26.835089  102.962142    14.146     2371.2   -12730.9     8009.2   1030.7   1172.1    994.5 2023  1  6  4 27 46.330  3.9   1
     1480  26.824886  102.968660    13.147     3019.4   -13861.3     7010.2   1012.3    847.4    961.8 2023  1  6  4 51 23.310  3.7   1
     1481  26.444165  103.031755    13.346     9302.7   -56046.4     7209.6   1810.8   2010.4   2180.8 2023  1  6  4 53 43.510  3.3   1
     1482  27.034580  103.080046    27.826    14072.6     9373.3    21689.4   2099.3   1712.6   1736.2 2023  1  6  5  4 13.620  3.5   1
     1488  26.979041  102.832829     1.866   -10469.2     3219.3    -4270.7   2950.9   2678.3   3416.8 2023  1  6  5 46 37.750  1.4   1
     1489  26.809941  102.968449    11.921     2998.0   -15517.5     5784.1    911.7   1025.3    866.7 2023  1  6  6  5 52.330  3.0   1
     1490  26.833079  102.948934    12.547     1059.0   -12953.6     6410.1   1125.5    925.8   1233.2 2023  1  6  6  8 33.500  3.0   1
     1491  26.854018  102.964836    10.270     2638.7   -10633.6     4133.8   2395.3   2055.7   5234.9 2023  1  6  6 12 13.430  3.1   1
     1494  26.937919  102.840381    13.510    -9720.8    -1337.0     7373.7   1767.7   1551.1   1283.5 2023  1  6  7  0 26.850  3.4   1
     1496  26.831283  102.961792    13.403     2336.3   -13152.6     7266.2    863.3    931.7    892.2 2023  1  6  7 51  6.930  4.0   1
     1498  27.386827  103.028068     1.011     8899.5    48403.0    -5125.3   2837.3   2962.4   5500.2 2023  1  6  8 23 59.510  3.4   1
     1500  26.794688  103.179549    13.980    23974.6   -17207.4     7843.1   1960.6   2169.0   1864.8 2023  1  6  8 56 51.730  2.6   1
     1501  27.045109  103.158390     8.562    21848.2    10539.9     2425.9   2213.0   2445.3   2999.9 2023  1  6  9  8 30.110  3.1   1
     1506  26.696619  103.129622     2.878    19021.9   -28073.8    -3257.9   3546.9   1846.9   6429.2 2023  1  6 10 34 47.490  2.5   1
     1509  26.832054  102.987834    17.499     4923.6   -13067.1    11362.4   1255.6    985.0   1074.0 2023  1  6 11  5  1.410  3.2   1
     1510  26.984637  102.927433     8.752    -1076.4     3839.4     2615.1   1702.0   1547.3   1430.2 2023  1  6 11 15 40.300  5.4   1
     1511  26.831069  102.964705    13.537     2625.8   -13176.4     7400.2    915.8    925.8   1326.5 2023  1  6 11 24 59.760  3.7   1
     1516  26.826546  102.924268    18.606    -1391.4   -13677.3    12470.0   1533.0   1253.0   2059.3 2023  1  6 12 54 52.290  3.0   1
     1519  26.815507  102.957699     1.267     1930.0   -14900.5    -4869.1   1192.1   1026.5   1856.5 2023  1  6 13 50 16.640  3.4   1
     1520  26.839604  102.952987    14.726     1461.5   -12230.7     8589.7    920.4    949.6   1287.9 2023  1  6 14 37 17.560  3.7   1
     1525  27.106848  102.820231    20.582   -11713.3    17380.7    14445.7   2798.4   1457.3   1797.3 2023  1  6 15 51 55.290  3.3   1
     1529  27.094135  103.081771     4.165    14240.0    15972.1    -1970.9   2819.9   2154.6   4064.0 2023  1  6 16  9 54.970  1.4   1
     1530  26.841911  102.945426    12.437      711.0   -11975.0     6300.3   1627.2   1210.1   1708.0 2023  1  6 16 14 42.600  2.7   1
     1531  26.877378  102.939819    10.281      153.7    -8045.2     4144.9   2445.3   3665.6   7284.0 2023  1  6 16 35 36.810  2.5   1
     1532  27.087272  103.080119    35.158    14076.6    15211.8    29021.7   3024.9   2377.5   2616.8 2023  1  6 16 38 49.130  1.9   1
     1534  26.506596  103.005216     6.245     6659.9   -49128.8      108.2   1372.8   1568.9   1783.3 2023  1  6 16 48 36.090  3.5   1
     1537  26.855166  102.948527    11.556     1018.8   -10506.3     5420.0   4818.5   2862.9   2994.2 2023  1  6 17  3 15.420  1.1   1
     1538  26.784857  102.976473     5.939     3795.8   -18296.6     -197.6   1477.4   1980.3   2991.5 2023  1  6 17  7 21.200  2.2   1
     1546  26.873466  102.899854     2.476    -3815.9    -8478.7    -3660.7   3958.6   2263.0   3695.1 2023  1  6 18 53 36.500  2.2   1
     1548  26.994088  102.892660    11.840    -4528.5     4886.7     5704.1   1947.4   1367.8   1969.2 2023  1  6 19 28 33.340  2.8   1
     1549  27.043396  103.016634     4.831     7778.4    10350.2    -1305.7   3621.6   2643.6   4251.4 2023  1  6 19 36 35.120  1.4   1
     1551  26.824866  102.950708    13.469     1235.7   -13863.7     7332.9    902.8    863.2    667.1 2023  1  6 20 36  5.420  3.7   1
     1555  27.151853  102.839453     7.252    -9804.1    22367.4     1115.7   1479.7    979.3   1681.6 2023  1  6 21  7 33.880  4.9   1
     1556  26.916583  102.976587    15.912     3804.9    -3701.1     9775.9   6122.8   3951.7   2779.4 2023  1  6 21 11 25.420  2.5   1
     1557  27.109521  103.124308     2.563    18460.1    17677.1    -3573.2   1481.3   1364.9   4621.5 2023  1  6 21 27 24.520  3.2   1
     1558  26.830481  102.963688    12.789     2524.7   -13241.5     6653.0    856.3    862.5   1005.8 2023  1  6 21 38 29.200  4.3   1
     1559  27.048533  102.952246    14.217     1386.9    10919.2     8080.2   4759.0   1815.0   2748.3 2023  1  6 21 58 12.060  2.7   1
     1561  26.822628  102.966951    16.985     2849.7   -14111.6    10848.7   1038.8   1001.8   1069.6 2023  1  6 22 13 55.780  4.5   1
     1563  26.398265  103.308960    24.902    36897.8   -61132.1    18766.0   3674.8   5135.9   5785.8 2023  1  6 22 35 50.260  3.4   1
     1566  26.828579  103.017578    14.033     7879.4   -13452.3     7896.1   1414.7   1198.0   1195.1 2023  1  6 23 10 13.040  3.2   1
     1573  27.085004  102.982088     4.730     4347.8    14960.5    -1406.0   2273.5   1902.2   4025.5 2023  1  7  0 47 17.390  3.2   1
     1578  27.200130  102.844596    10.253    -9291.5    27716.7     4116.3   2224.6   1727.5   1451.4 2023  1  7  2 53 57.070  2.2   1
     1584  26.924538  102.669352    13.194   -26706.9    -2819.6     7057.8   2325.9   2718.4   1799.6 2023  1  7  5 10 35.680  2.9   1
     1587  26.806500  102.997786     2.362     5913.4   -15898.6    -3774.5   1331.9   1379.5   3065.2 2023  1  7  6 59  0.730  3.5   1
     1590  26.973387  102.942326    27.648      402.5     2592.9    21511.2  15330.5   5689.9   3634.1 2023  1  7  7 30 50.280  2.3   1
     1597  26.840371  102.921452    22.527    -1671.4   -12145.6    16390.8   1549.6   2329.6   3922.6 2023  1  7 11 13 16.360  1.4   1
     1598  26.844415  102.944767    15.227      645.5   -11697.4     9091.0   1199.2   1141.9    873.3 2023  1  7 11 38 45.550  3.3   1
     1601  26.877531  102.872209     1.444    -6562.0    -8028.1    -4692.3   1841.8   1549.2   2381.7 2023  1  7 13 18  6.020  2.6   1
     1602  27.068945  102.956803     0.211     1838.8    13181.1    -5925.7   4968.6   2315.2   6357.1 2023  1  7 13 25 37.160  3.2   1
     1603  27.290330  102.977262    14.623     3865.9    37711.0     8486.7   1850.3   1901.3   1286.4 2023  1  7 14 10 41.150  2.8   1
     1604  27.264646  102.909766    16.345    -2827.1    34865.1    10208.8   1749.8   2171.9   1309.6 2023  1  7 15 10 53.790  1.8   1
     1606  27.078988  103.107039     4.317    16748.8    14293.8    -1819.1   4040.4   3401.7   6434.0 2023  1  7 15 19 54.330  1.3   1
     1607  26.967572  102.891960     9.138    -4598.9     1948.5     3001.6   1377.2    975.4   1401.3 2023  1  7 15 39 14.060  2.9   1
     1608  27.105489  102.864600    13.344    -7310.4    17230.2     7207.7   1621.6    863.1   1299.8 2023  1  7 15 40  8.830  4.2   1
     1611  26.837211  102.949878    14.134     1152.7   -12495.6     7997.1    885.0    950.8   1010.6 2023  1  7 16 37 55.380  2.6   1
     1612  26.914606  103.202897    32.747    26281.0    -3920.2    26610.7   7258.6   5535.1   3821.2 2023  1  7 17  8 26.540  2.1   1
     1614  26.893087  102.977620     6.286     3908.1    -6304.5      149.7   1460.3   1338.9   1613.1 2023  1  7 17 17 23.380  2.4   1
     1616  27.099803  102.810286     0.495   -12701.0    16600.2    -5641.7   2399.3   1769.1   5424.8 2023  1  7 18 24  7.060  2.5   1
     1620  26.815210  102.957088    12.361     1869.3   -14933.5     6224.4    827.2    881.0    785.7 2023  1  7 20 13  6.540  3.4   1
     1626  27.073472  102.686287     2.970   -25008.2    13682.6    -3166.8   2225.3   2752.3   3615.7 2023  1  7 21 13 44.480  2.9   1
     1628  26.971816  102.961141    10.461     2270.9     2418.8     4324.6   1800.6   1575.7   1349.4 2023  1  7 22 20 54.920  2.8   1
     1634  26.749534  103.013550    20.008     7481.3   -22210.6    13872.0   2540.5   2289.2   7183.1 2023  1  8  1 33 16.530  1.6   1
     1635  26.989349  102.907487    10.995    -3056.7     4361.6     4858.3   1633.1   1610.3   1312.0 2023  1  8  2 20 23.170  3.0   1
     1638  26.495190  102.937484     7.441      -78.5   -50392.6     1304.5   1646.2   1403.4   2240.9 2023  1  8  2 44 31.880  3.3   1
     1641  26.734827  102.849699    12.000    -8803.9   -23840.1     5863.8   2231.9   2073.8   1753.6 2023  1  8  4 26  9.320  3.1   1
     1642  26.805310  102.936442    18.393     -181.8   -16030.5    12256.9   3160.7   2973.9   2243.9 2023  1  8  4 29 56.750  2.5   1
     1643  26.782591  102.963900     5.177     2546.8   -18547.8     -959.7   1723.8   2057.9   3439.0 2023  1  8  4 44 11.920  2.7   1
     1644  26.836084  102.948665    14.220     1032.3   -12620.7     8084.1    871.8    883.8    916.8 2023  1  8  5 28 16.570  3.7   1
     1646  26.835191  102.892041     8.953    -4593.5   -12719.7     2816.2   1395.9   1034.8   1789.5 2023  1  8  5 59 42.990  5.1   1
     1648  26.757438  102.907837    14.606    -3024.5   -21334.8     8469.8   1358.4   1656.5   1227.4 2023  1  8  6 30 28.370  2.9   1
     1651  27.012691  102.923893     8.034    -1427.2     6947.9     1897.4   2390.8   1891.9   2362.5 2023  1  8  7  1 45.160  3.4   1
     1652  26.841441  102.971655    15.303     3316.0   -12027.1     9167.0   1181.9   1130.3   1878.3 2023  1  8  7 43 55.900  3.2   1
     1653  26.834959  102.953825    13.872     1544.9   -12745.3     7735.8    824.6    864.5    882.7 2023  1  8  9 21  3.240  3.7   1
     1654  27.466142  103.072152    28.885    13263.4    57191.5    22748.8   6175.3   3271.8   3012.7 2023  1  8  9 30 30.330  3.3   1
     1655  27.023952  102.805721    14.023   -13158.3     8195.7     7887.0   1851.5   1595.8   1880.2 2023  1  8  9 44 14.220  3.2   1
     1656  26.841884  102.914006     9.912    -2411.1   -11977.9     3775.5   2380.6   1929.1   2363.0 2023  1  8 10 17 33.540  3.0   1
     1657  27.131832  102.877824    13.229    -5997.5    20149.1     7093.1   1893.6   1032.8   1283.1 2023  1  8 10 34 34.150  4.5   1
     1659  27.131413  102.764543     6.642   -17237.4    20102.6      505.4   2252.8   1469.2   3696.5 2023  1  8 11  7 30.660  2.9   1
     1662  26.832011  102.951082    13.213     1272.4   -13072.0     7077.0    915.3    873.0   1014.0 2023  1  8 12 18 53.450  3.6   1
     1664  26.547559  103.269076     8.799    32906.5   -44590.0     2662.4   2854.7   2764.9   3479.9 2023  1  8 13  4 11.910  2.2   1
     1665  27.078597  102.740576     5.048   -19620.4    14250.4    -1088.1   1406.0   1559.4   3173.4 2023  1  8 13 31 36.480  3.7   1
     1670  26.868807  102.815169     6.422   -12228.4    -8994.8      285.7   3031.4   3668.6   2519.2 2023  1  8 16 10 24.950  2.6   1
     1674  26.501310  103.018880    10.423     8020.3   -49714.3     4286.6   1384.2   1491.9   1905.3 2023  1  8 16 58 43.770  3.5   1
     1675  26.831329  102.952441    11.223     1407.4   -13147.5     5086.3    905.0    834.1   1136.8 2023  1  8 17  5 43.960  3.1   1
     1676  27.156187  102.987988     4.105     4931.8    22847.7    -2031.0   3203.7   1732.6   2546.9 2023  1  8 17 41 21.880  2.9   1
     1678  26.682568  103.001969    14.591     6332.1   -29630.5     8455.1   1135.3   1216.9   1290.9 2023  1  8 18  3 48.840  3.2   1
     1679  26.911312  102.972323    18.286     3381.9    -4285.1    12149.4   1317.9   1576.1   1709.3 2023  1  8 18 10 39.480  2.5   1
     1682  26.871108  102.937565    30.294      -70.6    -8739.8    24157.4   2379.3   2282.5   2521.2 2023  1  8 18 53 14.080  1.6   1
     1688  26.824656  102.962695    15.249     2426.5   -13886.9     9112.9    914.4   1037.1   1609.9 2023  1  8 20 59 20.120  3.0   1
     1690  26.989844  102.881877    15.270    -5599.3     4416.4     9133.4   1759.1   1155.0   1670.4 2023  1  8 21 29 31.160  2.8   1
     1691  26.936224  102.861466    12.994    -7627.5    -1524.7     6857.9   1757.3   1286.7   1455.9 2023  1  8 21 39 13.640  3.3   1
     1692  26.939762  102.873918    13.743    -6391.1    -1132.8     7607.0   1767.7   1166.4   1329.4 2023  1  8 21 47 29.700  3.2   1
     1694  26.530876  102.990291     8.663     5175.1   -46438.5     2526.3   1392.8   2324.4   2386.8 2023  1  8 22 47 19.760  4.4   1
     1696  26.890118  102.924341    10.540    -1383.7    -6633.5     4403.7   1230.2   1085.8   1032.5 2023  1  9  1  2 25.250  3.1   1
     1700  26.541046  103.146012    26.024    20665.6   -45311.6    19887.7   1723.3   2146.9   2339.4 2023  1  9  4 33 32.050  4.0   1
     1702  26.563123  102.850651     1.684    -8715.4   -42865.6    -4452.8   4462.7   1776.5   3574.2 2023  1  9  5  3 47.640  2.7   1
     1703  27.196722  102.995679     9.905     5693.9    27339.2     3768.7   2226.8   1894.3   3817.2 2023  1  9  5 52  9.980  4.2   1
     1708  26.991416  102.580526    15.935   -35517.9     4590.6     9799.0   2948.6   4466.6   4904.3 2023  1  9  7  0 50.600  3.6   1
     1709  26.720878  102.970614    14.176     3214.4   -25385.7     8039.5   1205.9   1332.7   1997.6 2023  1  9  7  7 25.610  3.3   1
     1710  26.569676  103.046973    10.147    10812.1   -42139.4     4011.0   3731.3   2090.2   3644.4 2023  1  9  7 20 13.850  4.1   1
     1712  27.145982  103.262020    14.191    32120.1    21716.9     8054.6   1244.5   1348.0   1550.3 2023  1  9  9 18 53.240  4.3   1
     1717  27.125328  103.011393     6.837     7254.9    19428.4      700.8   2120.9   1782.6   3520.9 2023  1  9 15 16  1.350  3.2   1
     1719  26.880249  102.939355     9.069      107.2    -7727.0     2932.6   1288.2   1092.8   1676.1 2023  1  9 16  6 17.470  3.2   1
     1720  26.875578  102.943042    10.456      473.4    -8244.5     4319.6    973.5    862.0   1089.6 2023  1  9 16 14 24.770  3.0   1
     1721  26.875885  102.943823     9.716      551.6    -8210.5     3579.3    891.5    934.0    999.7 2023  1  9 16 39 28.720  3.0   1
     1722  26.869328  102.956169    15.074     1777.9    -8937.2     8937.3   1206.8   1065.3   1560.5 2023  1  9 16 57 16.400  4.2   1
     1723  26.668359  103.013452    21.799     7474.0   -31204.9    15662.4   1499.2   1862.0   1749.6 2023  1  9 17 10 38.240  3.9   1
     1725  26.402897  103.016715    27.151     7807.9   -60618.9    21014.7   2330.0   2919.2   3195.9 2023  1  9 18  8 50.720  4.4   1
     1726  26.888314  103.015299    11.736     7651.0    -6833.4     5600.0   1229.6   1196.8   1034.2 2023  1  9 18 14 29.100  2.3   1
     1727  26.884363  102.961963    10.960     2353.4    -7271.2     4823.8   1017.7    968.3   1088.3 2023  1  9 19  8 37.980  2.9   1
     1728  26.913123  102.921761    11.806    -1639.5    -4084.6     5669.1   2101.5   1619.9   1972.3 2023  1  9 19 14  0.800  2.3   1
     1729  26.964559  102.908268     3.154    -2979.2     1614.8    -2982.0   1955.1   1545.6   2414.9 2023  1  9 19 18 43.680  2.5   1
     1730  26.861983  102.940739     7.125      245.1    -9750.9      989.0   1443.0   1044.3   1610.9 2023  1  9 19 27 32.440  2.9   1
     1731  26.933858  102.877490    10.326    -6035.9    -1787.1     4189.7   1326.3   1115.8   1245.1 2023  1  9 19 36  8.060  2.9   1
     1732  26.874876  102.945890    10.967      756.3    -8322.3     4830.4   1036.7    939.2    939.9 2023  1  9 20 35 17.380  4.9   1
     1733  26.880324  102.945215    10.619      689.3    -7718.8     4482.2   1181.8   1007.6   1039.0 2023  1  9 20 39 20.860  3.4   1
     1734  26.874636  102.943717     8.652      540.9    -8349.0     2515.3   1323.5    963.9   1107.1 2023  1  9 21 45  5.440  3.0   1
     1736  26.476835  102.994255     6.221     5570.3   -52426.4       84.2   1453.2   1458.5   2038.0 2023  1  9 21 58 22.960  2.5   1
     1737  26.882790  102.942131    10.729      383.5    -7445.4     4592.8   1117.9    923.5   1081.8 2023  1  9 22  7  4.500  3.6   1
     1738  26.881171  102.941203    11.968      290.7    -7624.8     5831.5   1136.3    975.4    931.1 2023  1  9 22 12 25.440  3.7   1
     1741  26.567594  102.785555    12.602   -15190.3   -42370.1     6465.7   2147.5   2994.0   6070.6 2023  1  9 23 13 34.340  3.6   1
     1742  27.029926  102.830257    11.893   -10722.3     8857.6     5756.1   1291.9   1024.4   1474.0 2023  1  9 23 27  6.800  3.3   1
     1743  26.613175  102.692920    36.704   -24399.6   -37319.4    30567.6   2849.4   3432.0   2973.2 2023  1 10  0  1  6.610  2.5   1
     1744  26.602146  102.803133    18.533   -13439.9   -38541.4    12396.3   2522.1   1994.5   1560.2 2023  1 10  1  8 19.670  2.8   1
     1748  26.879665  102.937109     9.567     -115.4    -7791.6     3430.2   1559.1   1078.9   1355.3 2023  1 10  1 44 54.780  2.7   1
     1752  26.910219  102.938241     8.909       -3.5    -4406.2     2772.4   1329.5   1204.1   2072.3 2023  1 10  4 13  0.530  2.8   1
     1754  27.344763  102.830973    14.759   -10636.6    43742.3     8622.2   2670.7   1744.1   2201.5 2023  1 10  5 10 41.510  2.8   1
     1756  26.862303  102.825309    23.167   -11221.3    -9715.5    17030.9   2354.6   1394.0   1504.5 2023  1 10  5 52 45.990  3.1   1
     1757  27.111835  102.860327     7.587    -7734.4    17933.3     1450.8   1930.1   1396.1   2699.9 2023  1 10  6 47 57.870  3.4   1
     1759  26.978560  102.717163     9.680   -21953.3     3166.3     3543.8   3355.2   4550.8   3774.6 2023  1 10  7 15 53.240  2.7   1
     1760  27.011403  102.796387     5.580   -14085.3     6805.2     -555.9   1362.4   2054.0   1921.1 2023  1 10  7 20 18.320  3.0   1
     1765  26.986802  102.860571     8.663    -7714.4     4079.2     2527.1   2042.7   1519.6   1483.0 2023  1 10  8 19 50.520  3.9   1
     1770  26.870850  102.926506     7.927    -1169.1    -8768.5     1790.8   1268.7   1063.6   1076.7 2023  1 10  9 51  7.700  3.4   1
     1778  26.866180  102.929948    18.124     -826.9    -9285.9    11987.6   1774.8   1445.6   1335.3 2023  1 10 13 34 23.820  3.4   1
     1779  26.845990  102.930859    10.877     -736.2   -11523.0     4740.5   1121.0    932.7   1252.8 2023  1 10 13 36 48.280  3.4   1
     1780  26.862069  102.946346     6.592      802.3    -9741.4      455.7   1164.4    993.8   2337.9 2023  1 10 14 22  2.390  2.8   1
     1781  26.825246  102.956470    10.933     1807.5   -13821.4     4796.9   1136.4    993.0   1203.4 2023  1 10 15  7 20.700  2.9   1
     1783  26.855328  102.929517    15.191     -869.6   -10488.4     9055.0   1009.5    907.1   1042.9 2023  1 10 15 13 25.930  3.7   1
     1784  27.241174  103.084310     1.456    14482.8    32264.5    -4680.0   2946.2   3245.9   3855.2 2023  1 10 16 15 34.780  2.9   1
     1785  26.848352  102.934774    13.106     -347.8   -11261.4     6969.6   1057.7    979.7   1096.9 2023  1 10 16 19 19.210  2.9   1
     1787  27.362122  102.867716    11.933    -6993.4    45665.8     5797.1   3889.8   2475.8   3133.8 2023  1 10 17  1 31.000  2.0   1
     1789  26.863741  102.942472    22.096      417.2    -9556.1    15959.4   3810.6   3645.6   3088.0 2023  1 10 18 13 13.560  0.6   1
     1790  26.978052  102.925195     6.453    -1298.4     3109.7      316.3   1112.4    978.0   1185.0 2023  1 10 18 32 50.840  2.7   1
     1795  27.012429  102.810490    12.680   -12684.9     6918.9     6544.0   2872.0   1875.8   2792.7 2023  1 10 20 13 13.680  0.7   1
     1802  26.391530  103.036165    21.946     9744.0   -61878.3    15810.0   2068.4   2876.7   1340.7 2023  1 10 21 28 35.140  3.3   1
     1803  27.169073  102.796216     7.202   -14092.8    24275.6     1065.8   2188.8   1471.9   3039.9 2023  1 10 21 55 53.060  3.0   1
     1805  27.121560  102.805233     8.275   -13201.2    19010.9     2139.0   1685.9   1101.8   1898.4 2023  1 10 22 46 21.860  3.2   1
     1807  27.380072  102.782031     8.046   -15485.3    47654.7     1909.5   2855.9   2797.1   3758.6 2023  1 10 23 13 39.160  3.8   1
     1809  26.728271  102.688867    11.104   -24790.1   -24566.6     4968.0   4131.8   2997.2   3173.3 2023  1 10 23 56  1.040  1.9   1
     1810  26.848690  102.936572    15.395     -169.4   -11223.9     9258.9   1271.8    889.4   1161.3 2023  1 11  0  7 17.780  3.6   1
     1812  26.949707  102.900293     8.466    -3771.4      -30.8     2329.5   1419.0   1201.0   1435.4 2023  1 11  0 36  5.800  2.7   1
     1817  27.327667  102.896370    18.361    -4154.2    41848.2    12224.6   1957.7   1709.2   1853.3 2023  1 11  3  3 58.590  3.4   1
     1820  26.852521  102.937907    14.936      -36.3   -10799.4     8799.4   1676.0   2391.0   1773.6 2023  1 11  4 17  3.990  2.8   1
     1821  27.113483  103.160775    16.646    22078.4    18115.9    10509.3   1955.5   1657.9   2431.3 2023  1 11  4 20 43.270  3.9   1
     1823  27.112297  102.840177    14.205    -9734.1    17984.6     8069.1   1669.5    904.0   1254.7 2023  1 11  4 48 26.140  4.3   1
     1828  27.122028  102.804354     6.464   -13287.9    19062.7      327.8   1679.5   1413.6   3010.7 2023  1 11  7 16 53.220  3.3   1
     1833  27.150641  102.708830    29.743   -22763.1    22233.1    23606.1   2676.2   1423.9   2216.9 2023  1 11 10 17 52.360  3.2   1
     1836  26.714809  102.827702    32.690   -10991.0   -26058.3    26553.8   5183.9   6417.0   4090.0 2023  1 11 10 36 27.390  2.7   1
     1837  27.185785  103.188298    18.985    24801.0    26127.1    12848.7   3524.7   2680.9   5649.4 2023  1 11 10 53 24.830  3.1   1
     1845  26.979964  102.891146     8.174    -4679.2     3321.7     2037.9   3794.5   2750.2   2912.3 2023  1 11 12 38 42.830  1.7   1
     1846  26.880967  102.934847    12.310     -340.5    -7647.5     6174.0   1095.6   1073.9   1205.8 2023  1 11 12 40 18.140  3.3   1
     1847  27.105495  102.857121    12.593    -8053.2    17230.8     6456.3   1470.4    878.6   1473.2 2023  1 11 12 47 56.460  2.5   1
     1851  26.909749  103.110311    13.325    17086.6    -4458.2     7188.2   2388.3   2493.6   3720.9 2023  1 11 14 30 33.100  2.7   1
     1854  27.067749  103.097453     7.459    15798.6    13048.5     1322.4   2532.9   1731.4   3574.7 2023  1 11 15 17 27.400  3.6   1
     1855  26.878304  102.937923    10.209      -34.8    -7942.6     4073.0   1177.2    936.2   1095.6 2023  1 11 15 39  2.760  3.5   1
     1856  26.498155  102.957015    29.390     1864.9   -50064.1    23253.6   8529.6   3203.8   3925.9 2023  1 11 16 39  8.350  2.6   1
     1862  26.883079  102.931991    10.279     -624.0    -7413.5     4142.2    989.8    987.7    992.5 2023  1 11 18 31 49.400  3.0   1
     1868  26.870553  102.951213    19.891     1285.3    -8801.3    13754.7   1258.2   1127.9   1260.0 2023  1 11 20 35 25.940  2.9   1
     1874  27.275871  102.921175     3.457    -1695.4    36108.9    -2679.2   2135.3   2122.2   2978.6 2023  1 11 23 41 30.080  1.5   1
     1878  27.028935  102.795801    17.173   -14142.4     8747.7    11036.9   1622.9    907.7   1656.5 2023  1 12  1 42  2.140  3.9   1
     1880  27.132031  103.018408     8.850     7950.7    20171.1     2713.5   2880.8   2560.9   7383.4 2023  1 12  2 48 34.720  3.3   1
     1884  27.107705  102.866007    16.351    -7170.8    17475.7    10214.1   2099.8   1084.9   1630.9 2023  1 12  6 25 51.630  6.0   1
     1885  27.118103  102.802425    14.323   -13479.8    18627.8     8186.5   1675.9   1051.2   1431.5 2023  1 12  6 36 45.960  5.0   1
     1886  27.122416  102.826432     6.926   -11097.3    19105.8      789.1   1745.4   1250.4   4442.8 2023  1 12  6 54  8.120  3.2   1
     1891  26.687899  103.205575     8.277    26573.1   -29040.0     2140.8   6031.7   3492.2   6535.0 2023  1 12  9  0 32.700  2.7   1
     1892  26.484932  102.896924     6.039    -4114.0   -51529.1      -97.4   2056.2   1722.9   4477.7 2023  1 12  9  8 39.320  3.4   1
     1893  26.998576  102.901912     1.838    -3609.6     5383.8    -4298.6   1777.9   2005.7   2363.5 2023  1 12  9 17 59.720  2.8   1
     1895  27.083126  102.931250    17.638     -696.7    14752.3    11501.3   2024.0   1181.8   1583.8 2023  1 12  9 24 17.860  3.9   1
     1896  27.080267  103.078768    18.491    13942.8    14435.5    12354.3   4102.4   4456.3   7079.7 2023  1 12  9 50 19.320  3.6   1
     1897  27.011662  102.844629     6.331    -9296.0     6833.8      194.3   3321.1   2536.6   4753.4 2023  1 12  9 59 56.900  2.5   1
     1898  27.120013  102.807015    13.328   -13024.3    18839.6     7191.3   1448.4    911.4   1615.0 2023  1 12 11  0 25.500  4.2   1
     1901  27.207351  102.915723     2.162    -2236.8    28516.7    -3974.7   2284.9   1965.5   3817.7 2023  1 12 14  9 59.800  3.5   1
     1908  26.908134  102.739071     3.940   -19784.4    -4637.2    -2196.2   2001.7   1971.5   3521.0 2023  1 12 17 52 37.920  2.6   1
     1910  26.681809  103.206641     3.945    26680.0   -29714.6    -2191.0   2849.7   2726.5   4945.4 2023  1 12 18 13 54.760  2.7   1
     1912  27.102358  102.807300    16.566   -12997.0    16883.3    10429.7   1832.3   1000.9   1759.7 2023  1 12 18 39  9.000  3.1   1
     1918  26.947890  102.802222     9.462   -13510.3     -232.1     3325.8   2518.9   1687.2   2271.9 2023  1 12 19 47 23.600  2.7   1
     1920  26.858490  102.995841     7.322     5718.8   -10137.9     1185.5   1060.6   1038.9   1437.2 2023  1 12 20 14 58.940  2.5   1
     1921  27.240635  103.256405    43.096    31549.5    32204.8    36959.6   3067.4   2787.0   3240.7 2023  1 12 20 23 46.400  3.3   1
     1923  27.116496  102.825667    13.714   -11173.3    18449.8     7577.9   1520.0    903.0   1589.0 2023  1 12 21 27 16.860  4.8   1
     1924  27.120988  102.825350    13.265   -11204.6    18947.6     7128.2   1630.6    874.5   1558.5 2023  1 12 22 30 23.240  3.9   1
     1925  26.883752  102.918359     6.789    -1977.6    -7338.8      653.1   3128.2   2171.2   2942.5 2023  1 12 22 42 18.720  2.7   1
     1926  27.109074  102.814624    14.533   -12269.9    17627.3     8396.5   1526.5   1100.5   1557.2 2023  1 12 22 45 29.160  3.7   1
     1927  27.048716  103.062581    10.001    12338.0    10939.6     3864.2   2878.5   2038.2   4340.3 2023  1 12 23 40  4.880  3.0   1
     1928  27.102504  102.855876    12.987    -8176.4    16899.6     6850.6   1767.1   1012.6   1449.7 2023  1 13  0  2  4.850  3.5   1
     1932  26.955322  102.808683    15.593   -12868.1      591.2     9456.2   1438.9   1173.3   1414.8 2023  1 13  1 21 27.390  3.5   1
     1934  27.106248  102.869124    12.011    -6861.5    17314.2     5874.9   1466.9    829.0   1370.4 2023  1 13  1 42 41.480  3.2   1
     1937  26.873232  102.910506     4.703    -2758.3    -8504.6    -1433.7   1578.1   1659.4   3296.4 2023  1 13  2 33 16.350  1.8   1
     1938  27.187956  103.077702     9.774    13831.0    26367.7     3638.1   1703.5   1603.7   2023.7 2023  1 13  2 33 38.280  3.0   1
     1939  26.661548  103.091357    13.789    15220.1   -31959.6     7652.2   4124.6   2421.7   2100.6 2023  1 13  3 49  3.850  2.5   1
     1940  26.495913  102.769385    13.855   -16803.4   -50312.4     7718.5   2575.6   2545.4   7814.9 2023  1 13  4 23 54.520  3.0   1
     1941  26.829065  102.973910    10.743     3540.6   -13398.4     4606.8   1191.4    990.6   1100.8 2023  1 13  5 13  5.790  3.6   1
     1944  27.170111  103.136548    12.677    19669.1    24390.4     6540.8   2864.3   2481.9   2539.2 2023  1 13  7 14 30.280  3.2   1
     1946  27.043992  103.308260    23.290    36724.4    10416.3    17153.3   1681.5   1596.4   1569.9 2023  1 13  7 37 45.540  4.0   1
     1947  27.110189  102.830786    15.019   -10665.9    17751.0     8882.3   1669.3   1209.8   1426.7 2023  1 13  9 37 46.380  2.8   1
     1948  27.109989  102.867188    14.576    -7053.5    17728.7     8439.2   1598.7    902.1   1195.7 2023  1 13  9 48 48.310  3.4   1
     1951  26.579020  103.066341     9.955    12737.5   -41104.0     3818.7   1572.4   1740.0   1934.5 2023  1 13 10 14 16.080  2.4   1
     1957  27.116659  102.833805    10.116   -10366.2    18467.8     3980.0   1505.9    889.3   1477.3 2023  1 13 11 23 47.790  3.1   1
     1959  27.113837  102.842716     4.527    -9481.7    18155.1    -1609.4   1611.2   1001.5   2317.5 2023  1 13 11 56 17.150  3.2   1
     1960  26.878566  103.068148     6.772    12900.6    -7913.4      635.5   1618.4   2740.4   2433.5 2023  1 13 12  0 12.650  2.8   1
     1961  27.096484  102.903882    13.902    -3413.2    16232.5     7765.7   1842.2   1208.9   1458.0 2023  1 13 12  4 18.040  2.8   1
     1962  27.123409  102.900366    10.318    -3761.5    19215.8     4181.4   1947.8   1025.2   1649.5 2023  1 13 12 33 23.730  4.1   1
     1964  26.873857  103.051123     5.617    11209.7    -8435.3     -519.2   4069.8   3132.6   3710.6 2023  1 13 13 51 47.420  2.6   1
     1965  27.104610  102.820776    13.033   -11659.7    17132.7     6896.7   1563.9    848.8   1518.0 2023  1 13 13 55 47.290  3.4   1
     1968  27.093292  102.914917    17.393    -2318.0    15878.8    11256.5   1862.1   1015.4   1335.0 2023  1 13 14 55 59.380  2.5   1
     1969  26.590902  102.946558    10.208      823.9   -39787.5     4071.5   2302.3   2245.1   3507.4 2023  1 13 15  1  1.130  3.0   1
     1970  26.647288  103.027669    19.374     8888.5   -33539.8    13237.1   2952.8   4164.9   3353.7 2023  1 13 15 36 38.950  3.8   1
     1972  27.085364  103.248153     4.390    30752.3    15000.3    -1746.0   1796.4   1937.9   4415.4 2023  1 13 16  4 20.420  2.9   1
     1975  27.117183  102.844377    11.244    -9316.6    18525.9     5107.4   1668.3   1041.2   1831.2 2023  1 13 17 40 58.040  2.8   1
     1977  27.498629  103.012703    29.012     7372.9    60791.1    22875.7   3921.7   2160.4   1821.7 2023  1 13 18  3  8.720  3.1   1
     1979  27.070184  103.003410    20.696     6464.7    13318.4    14559.4   4376.8   5215.6   3470.1 2023  1 13 18 15 54.260  1.7   1
     1981  27.153363  103.124699     4.706    18495.2    22534.8    -1430.2   1445.0   1414.3   2462.6 2023  1 13 18 35 34.340  3.6   1
     1983  27.098830  102.879134    12.703    -5868.6    16492.3     6566.3   1729.4   1005.4   1324.3 2023  1 13 18 44 10.720  3.2   1
     1986  27.095007  102.958691     5.712     2026.2    16068.7     -424.5   2042.7   1563.6   3177.2 2023  1 13 20 24 47.360  2.4   1
     1987  27.126593  102.791105     7.180   -14602.4    19568.5     1043.2   1468.9   1046.4   1579.9 2023  1 13 20 28 56.680  3.1   1
     1993  27.057699  102.867220     6.977    -7052.3    11935.0      840.7   2308.1   1168.4   2231.2 2023  1 13 23  5 10.780  2.7   1
     1995  27.231201  103.012581     4.078     7369.3    31159.4    -2058.4   1980.1   2083.3   2632.0 2023  1 13 23 58 19.000  2.0   1
     1999  26.787455  102.975684    12.653     3717.7   -18008.8     6517.0    894.6   1007.6   1332.0 2023  1 14  2  9 10.410  3.6   1
     2001  26.755310  103.023055    17.646     8426.2   -21570.5    11509.4   1987.0   3563.9   1842.5 2023  1 14  2 11 22.390  3.5   1
     2002  26.782432  102.983569    15.105     4501.1   -18565.4     8968.9    963.4   1078.2   1020.1 2023  1 14  2 13 49.160  3.6   1
     2006  27.098212  102.860067    17.018    -7761.0    16423.7    10881.4   1954.0   1138.4   1471.1 2023  1 14  4 22 24.510  3.2   1
     2008  26.856378  102.853158     4.933    -8455.1   -10372.0    -1203.7   2527.2   1328.7   3706.4 2023  1 14  5 22 43.770  2.9   1
     2014  26.877806  102.930802     9.417     -742.1    -7997.8     3280.9   1249.5    935.1   1013.5 2023  1 14  8 57 20.990  2.8   1
     2016  26.738468  102.785897     9.045   -15144.6   -23436.7     2908.9   2600.2   2314.0   2287.4 2023  1 14  9 26 46.190  2.7   1
     2017  26.977873  103.068514     8.015    12931.3     3090.0     1878.9   1937.7   1692.2   2475.8 2023  1 14  9 52  5.450  3.3   1
     2019  27.059939  102.449959    44.153   -48465.5    12183.1    38016.6  12599.7   2850.9   2034.1 2023  1 14 10 23 12.400  1.9   1
     2024  27.227610  102.891146     0.435    -4673.6    30761.5    -5701.4   2114.9   1731.1   3180.7 2023  1 14 12 30 16.260  2.3   1
     2026  26.979114  102.982267    10.726     4368.3     3227.4     4589.9   1443.3   1268.3   1405.5 2023  1 14 13 17 19.210  2.6   1
     2030  27.089803  102.996908     3.712     5818.4    15492.1    -2424.3   4233.3   2181.8   4721.1 2023  1 14 14  8 42.590  3.6   1
     2031  26.855986  102.924186    11.739    -1399.0   -10415.5     5603.0   1614.3   1243.9   1270.1 2023  1 14 14 35  3.700  3.0   1
     2032  26.846305  102.891854     7.960    -4611.6   -11488.1     1823.3   1744.0   1270.9   1558.9 2023  1 14 14 39 41.820  3.4   1
     2044  26.937636  102.905290     6.384    -3275.4    -1368.4      248.0   1234.5   1045.0   1351.3 2023  1 14 16 43 43.950  2.8   1
     2045  26.927712  102.878451    11.020    -5941.1    -2468.0     4884.1   2870.9   3011.0   3370.5 2023  1 14 17  1 56.200  2.9   1
     2047  27.159096  103.204069     6.247    26369.3    23170.1      110.1   1993.7   2457.6   3304.4 2023  1 14 17 18  1.000  2.6   1
     2051  27.027242  102.878402     5.060    -5943.1     8560.2    -1076.2   2764.2   1823.6   2896.7 2023  1 14 20 43 41.180  3.5   1
     2057  26.955577  102.920939     8.196    -1721.2      619.5     2059.1   1080.3    952.5   1204.7 2023  1 14 21 31 33.240  2.7   1
     2060  27.235343  102.856307     5.343    -8128.6    31618.4     -793.5   1492.0   2305.8   1920.2 2023  1 14 21 48 47.400  1.9   1
     2063  27.108750  102.814681     9.522   -12263.9    17591.6     3385.3   1469.3   1043.4   1771.9 2023  1 14 23 36 57.880  3.7   1
     2066  26.791856  102.975724    28.208     3721.3   -17521.2    22071.6   2532.3   1714.2   1372.6 2023  1 15  1 14 27.300  3.0   1
     2067  26.739455  102.800293    12.051   -13713.7   -23327.3     5914.8   1777.4   2381.9   2009.8 2023  1 15  1 23 56.700  2.5   1
     2072  27.045577  102.684261     7.092   -25212.9    10591.7      955.4   2536.4   2604.8   2973.8 2023  1 15  1 56 54.790  3.0   1
     2076  26.618384  102.856698    25.544    -8112.4   -36742.4    19407.6   3523.2   2413.5   2591.2 2023  1 15  2 20 18.550  3.4   1
     2077  27.067775  103.118612    14.450    17897.8    13051.3     8313.7   1412.9    935.4   1558.8 2023  1 15  3  5 26.790  3.6   1
     2078  26.919464  103.126644    49.516    18707.8    -3382.0    43379.6   4863.9   2021.9   4726.4 2023  1 15  3 53  9.460  2.6   1
     2079  26.840983  103.018896     4.061     8009.4   -12077.7    -2075.6   5460.0   2332.6   5301.0 2023  1 15  4  0 31.110  3.1   1
     2080  26.814565  103.013932    11.740     7517.2   -15005.0     5603.2   4865.4   3468.3   3921.3 2023  1 15  4  4 10.860  3.1   1
     2083  26.888686  103.150846    14.882    21114.2    -6792.2     8745.8   1584.8   2533.3   1656.3 2023  1 15  5 32 14.670  3.1   1
     2084  27.049959  102.999650     2.799     6092.3    11077.3    -3337.6   2129.9   1903.0   4018.8 2023  1 15  5 40 13.010  2.7   1
     2085  26.958036  103.023275    11.442     8440.0      891.9     5305.5   1798.9   1725.4   1835.7 2023  1 15  5 52  9.340  2.7   1
     2091  27.587866  102.924927    24.362    -1321.2    70678.7    18225.3   4067.6   2991.1   3697.1 2023  1 15  8 20 55.270  3.9   1
     2093  26.671096  103.128109    13.437    18873.8   -30901.7     7301.0   3166.7   2021.4   2758.2 2023  1 15  8 44 35.800  2.4   1
     2105  26.748558  102.758138     1.836   -17903.3   -22318.8    -4300.4   3129.1   2805.7   3499.3 2023  1 15 13 25 48.110  1.9   1
     2114  27.105375  103.148454     5.267    20856.2    17217.6     -869.8   1451.7   1327.3   2909.1 2023  1 15 16  5 58.880  3.7   1
     2116  27.175657  102.984757     2.353     4611.3    25005.0    -3783.0   2957.9   1944.5   3098.4 2023  1 15 16 30 19.120  2.8   1
     2118  26.599125  103.125708    13.515    18640.7   -38876.3     7378.9   1840.6   2119.8   2053.7 2023  1 15 16 52 10.380  1.9   1
     2119  27.107762  102.845793    14.522    -9177.2    17481.9     8386.1   1603.5    874.4   1493.6 2023  1 15 17 11  5.080  3.8   1
     2120  26.833868  102.905103     9.599    -3295.3   -12866.2     3462.1   2086.0   1552.7   1279.9 2023  1 15 17 24 37.540  2.8   1
     2121  26.887728  102.866951     7.787    -7084.3    -6898.3     1650.2   4484.9   2375.1   2418.7 2023  1 15 17 27 46.360  2.8   1
     2124  26.635128  103.001896    10.773     6326.4   -34887.2     4636.4   1695.4   1542.6   1666.7 2023  1 15 18 44 18.460  2.7   1
     2127  26.935484  102.949951    19.745     1160.0    -1606.9    13608.8   2666.8   2889.8   1292.7 2023  1 15 19 40 19.120  3.1   1
     2134  26.842407  102.874976    10.870    -6288.7   -11920.1     4733.4   5100.3   3343.0   2789.4 2023  1 15 20 43 16.800  0.8   1
     2137  26.900083  103.246761     5.134    30639.4    -5529.3    -1002.6   2430.6   2338.8   2637.5 2023  1 15 21 51 18.920  2.8   1
     2142  27.053347  103.599797    35.088    65658.8    11452.7    28951.7   2295.2   4028.8   3166.2 2023  1 15 22 18 33.540  3.8   1
     2143  27.087185  103.033691    12.082     9469.5    15201.9     5946.1   5249.2   2613.4   2360.3 2023  1 15 22 30 14.240  2.7   1
     2145  26.859391  102.860254    10.180    -7750.6   -10038.1     4043.9   1332.5   1367.7   1306.0 2023  1 15 23 22 58.340  2.6   1
     2148  27.018719  103.001188    32.808     6245.7     7615.9    26671.9   2635.3   1575.0   1445.0 2023  1 15 23 39 53.180  2.8   1
     2149  26.897323  103.120630     4.880    18111.8    -5835.1    -1256.1   1513.8   1744.2   2631.5 2023  1 15 23 45 28.480  3.5   1
     2153  26.836566  102.953540    12.887     1517.0   -12567.2     6750.6    765.6    824.0    730.3 2023  1 16  2 13 26.450  3.6   1
     2154  26.839284  103.327173     1.213    38636.4   -12265.9    -4923.4   2185.6   3592.3   3656.1 2023  1 16  2 27  4.180  2.9   1
     2155  27.106903  102.804736     5.773   -13251.1    17386.8     -363.5   1863.5   1141.6   2022.8 2023  1 16  2 44 33.220  3.1   1
     2157  27.167031  102.872144     6.584    -6560.3    24049.3      447.5   2696.1   1983.8   4275.2 2023  1 16  3 47 40.300  3.3   1
     2158  27.030713  103.061312    29.065    12212.9     8944.8    22928.7   2204.2   1400.2   1577.0 2023  1 16  4 10 57.510  4.7   1
     2163  26.956677  102.828166     3.849   -10933.6      741.5    -2287.8   2392.7   2468.2   9274.5 2023  1 16  5  6 14.980  2.7   1
     2170  26.824677  102.786523     6.972   -15076.6   -13884.6      835.5   2129.8   2866.8   2459.6 2023  1 16  7 54 11.670  2.0   1
     2171  26.974520  102.975293     6.674     3675.6     2718.4      537.1   1394.7   1568.7   1375.8 2023  1 16  8 21 20.280  3.6   1
     2172  26.968414  102.962614     6.448     2417.1     2041.9      312.0   1474.1   1670.5   1614.2 2023  1 16  8 34  0.500  3.8   1
     2173  26.859538  102.936279    11.836     -198.2   -10021.8     5699.5   1050.3    869.3    907.6 2023  1 16  8 53 26.520  3.6   1
     2174  27.065983  103.038753     4.371     9972.2    12852.7    -1765.0   3492.3   3020.6   5656.9 2023  1 16  8 57 43.090  3.1   1
     2175  26.858689  102.968945    16.542     3046.6   -10115.9    10405.1    972.4    996.4   1337.1 2023  1 16  8 58 50.730  3.3   1
     2178  26.879742  103.001009    11.841     6231.7    -7783.1     5704.6   2870.2   3591.5   3417.7 2023  1 16  9 41 12.860  3.0   1
     2180  26.844432  102.943164     5.242      486.2   -11695.7     -894.2   1096.0    990.0   1524.8 2023  1 16 10 14 47.540  2.7   1
     2185  27.089864  103.009456     1.714     7063.8    15498.9    -4422.3   1936.8   1775.1   2993.4 2023  1 16 12  1 53.030  2.9   1
     2187  27.046470  103.234855     1.877    29437.6    10690.7    -4259.1   2088.2   2333.0   3663.0 2023  1 16 13  2 13.650  3.2   1
     2194  27.272970  102.854395    30.752    -8317.1    35787.5    24615.8   4693.1   3539.9   2975.8 2023  1 16 15 26  9.820  2.4   1
     2195  26.835604  102.984375    12.666     4580.1   -12673.7     6529.3   1247.5    896.4   1036.0 2023  1 16 16  3 18.920  3.4   1
     2196  26.988611  102.920223     0.126    -1791.7     4279.7    -6010.1   2029.7   2302.0   3542.8 2023  1 16 16 10  8.970  2.5   1
     2198  26.978741  102.926335     9.016    -1185.2     3186.2     2879.5   1263.2   1017.9   1218.9 2023  1 16 16 16 44.450  3.2   1
     2199  26.967955  102.939364     8.862      108.1     1991.0     2725.9   1710.3   1073.6   1414.1 2023  1 16 16 20  5.830  3.0   1
     2206  27.090509  103.259611    12.718    31889.2    15570.3     6582.0   2057.9   1706.2   5538.1 2023  1 16 17 24 34.440  3.5   1
     2207  27.019486  102.716032    19.165   -22061.5     7700.8    13028.8   8730.1   6095.5   3612.0 2023  1 16 17 43 45.000  2.1   1
     2208  26.839616  102.920101     9.379    -1805.5   -12229.3     3242.4   1963.1   1569.1   2133.2 2023  1 16 18 25 35.240  3.2   1
     2209  26.964577  102.859814     8.572    -7790.7     1616.7     2435.8   2842.3   2762.2   3372.8 2023  1 16 18 30 57.880  1.8   1
     2212  27.092415  102.910083    15.624    -2797.9    15781.5     9487.8   1644.3    970.3   1259.1 2023  1 16 19  2 17.180  2.7   1
     2215  26.474978  102.983569     2.691     4507.2   -52632.2    -3445.4   2257.7   1847.7   3510.8 2023  1 16 19 35 29.480  2.0   1
     2218  27.071431  103.342318     4.199    40099.5    13456.6    -1937.2   2139.6   3969.3   3310.3 2023  1 16 20  4 27.280  3.7   1
     2219  26.981620  102.824121     6.776   -11333.5     3505.1      639.8   1291.7   1480.8   1684.0 2023  1 16 21  1 28.460  2.8   1
     2223  27.255658  102.746273     9.720   -19039.7    33869.3     3583.4  12229.9   5258.3   2838.0 2023  1 16 21 34 16.360  2.6   1
     2224  26.649479  102.910091    16.883    -2801.8   -33297.0    10747.1   1783.7   1974.3   1831.2 2023  1 16 21 49 53.100  1.1   1
     2227  26.634884  102.586784    18.670   -34950.8   -34914.1    12533.8   5569.2   5922.3   7098.2 2023  1 16 22 30 13.560  2.2   1
     2229  26.599727  103.108073     7.537    16886.8   -38809.6     1400.7   2367.3   2789.3   2550.6 2023  1 16 22 46 57.800  1.9   1
     2230  26.886257  103.050090     9.290    11106.5    -7061.3     3153.2   2523.4   2299.7   2995.2 2023  1 16 23  4  7.160  2.5   1
     2231  26.573110  102.950822     7.107     1248.4   -41758.7      971.1   2115.6   2506.7   3863.1 2023  1 16 23 51 20.800  2.3   1
     2234  27.213021  102.851896     2.115    -8567.3    29145.0    -4021.8   1929.5   1656.9   2389.9 2023  1 17  2  7 35.770  3.1   1
     2236  27.084403  103.182593    13.053    24246.6    14893.9     6916.3   1918.5   1350.2   2193.2 2023  1 17  2 35 57.360  3.8   1
     2243  27.058999  103.063916     1.207    12470.0    12078.8    -4929.8   2947.5   1868.4   4079.1 2023  1 17  3 53 43.470  3.2   1
     2244  27.200043  102.902848     0.713    -3513.4    27706.9    -5423.3   2361.9   2008.1   3622.0 2023  1 17  4 52 29.550  2.5   1
     2247  27.033620  102.991024    24.996     5235.8     9266.8    18859.6   2138.6   3121.6   2019.0 2023  1 17  5 46 52.500  2.2   1
     2248  26.568614  103.067147    13.419    12818.2   -42257.0     7282.2   1509.3   2259.7   2018.4 2023  1 17  7 15 21.930  4.3   1
     2251  27.205440  102.873006     1.085    -6473.9    28305.1    -5051.8   3572.8   2058.7   3399.3 2023  1 17  8  1 11.420  2.2   1
     2255  27.194840  103.098397    13.577    15883.0    27130.6     7440.8   2717.4   1813.9   2793.5 2023  1 17  9 14 52.110  3.4   1
     2259  26.908069  103.065340    10.531    12620.3    -4644.4     4394.7   1805.7   2738.1   2357.2 2023  1 17 10  7  6.440  2.6   1
     2261  26.973236  103.151147    20.487    21136.4     2576.2    14350.6   2063.7   1220.1   2338.1 2023  1 17 11 15 17.050  3.2   1
     2263  27.102924  103.100895    21.831    16137.2    16945.9    15695.0   2793.6   5763.4   2496.0 2023  1 17 11 41 37.350  2.9   1
     2264  27.124845  102.811947     1.398   -12534.4    19375.0    -4737.9   1363.0   1048.8   2447.9 2023  1 17 12 11 25.270  2.8   1
     2266  27.140865  102.872233     9.577    -6552.2    21150.0     3440.4   1647.8   1001.3   1518.8 2023  1 17 12 36 10.780  3.7   1
     2269  27.118113  102.876147     5.327    -6164.2    18629.0     -808.9   2263.5   1284.5   2024.6 2023  1 17 12 55 13.130  3.6   1
     2271  26.764600  103.141935     7.254    20240.1   -20541.2     1117.5   2464.7   1710.7   2779.4 2023  1 17 13 44 12.520  1.0   1
     2272  27.146497  103.059871     2.082    12064.3    21773.9    -4053.9   1719.3   1777.8   4292.1 2023  1 17 14  3 40.640  3.0   1
     2275  27.086873  102.745369    13.009   -19143.7    15167.5     6872.6   2123.7   2188.8   2734.1 2023  1 17 14 23 48.860  2.8   1
     2281  27.064555  103.059993     3.930    12080.8    12694.6    -2206.2   2026.2   1932.8   3910.6 2023  1 17 15 29  9.270  3.3   1
     2284  27.306834  102.849829    23.629    -8768.8    39539.7    17493.0   2042.3   2627.9   1258.6 2023  1 17 15 49 45.030  3.8   1
     2285  26.890965  102.758529    14.697   -17852.8    -6539.6     8560.5   2045.7   2136.0   3071.2 2023  1 17 15 49 45.630  4.6   1
     2286  26.836928  102.956380     9.526     1799.3   -12527.1     3389.4   1189.1    997.0   1545.3 2023  1 17 16  1 33.800  2.9   1
     2287  27.053038  102.949650     8.553     1129.4    11418.3     2416.8   3554.6   1598.9   2836.9 2023  1 17 16 55 13.260  2.1   1
     2288  27.129246  102.722868    27.315   -21372.7    19862.5    21178.6   3487.6   2469.8   2921.3 2023  1 17 17 40 49.280  3.0   1
     2289  27.243888  102.801359     8.273   -13577.6    32565.2     2136.2   2587.0   2534.2   3036.3 2023  1 17 17 41 23.980  3.0   1
     2293  26.835887  102.986051    15.415     4746.9   -12642.5     9278.2   3096.4   2458.5   2232.9 2023  1 17 18 26 33.720  2.6   1
     2294  27.126469  102.802246     1.466   -13497.2    19554.9    -4670.8   1328.5   1140.6   2267.2 2023  1 17 18 47 54.980  3.6   1
     2296  26.988137  103.090820    15.045    15145.4     4227.3     8909.0   1433.8   1388.9   1485.7 2023  1 17 19 11 52.580  3.0   1
     2298  26.879960  102.882113     8.290    -5578.6    -7758.9     2153.2   2448.4   2496.9   2898.9 2023  1 17 19 20 34.640  2.7   1
     2301  27.076329  102.817871     3.846   -11949.3    13999.0    -2290.9   2750.8   2549.6   3572.3 2023  1 17 20  8  1.560  2.9   1
     2302  27.081167  102.908887     9.255    -2916.3    14535.3     3118.6   1660.9    842.7   1375.1 2023  1 17 20 12 10.240  3.8   1
     2303  27.132692  102.818351     3.639   -11899.0    20244.5    -2497.5   1752.9   1179.4   2310.0 2023  1 17 20 19  3.620  2.4   1
     2304  26.947024  102.919434     3.528    -1870.5     -328.2    -2608.4   2681.9   2629.9   2221.8 2023  1 17 20 37 19.900  1.9   1
     2305  27.044678  102.848674     7.647    -8893.5    10492.2     1510.2   1380.7   1226.0   1815.3 2023  1 17 20 43 35.940  3.1   1
     2306  26.902081  102.909204    11.897    -2887.2    -5307.9     5761.1   2655.8   1759.2   1692.7 2023  1 17 20 57  4.440  2.7   1
     2311  27.078335  102.883887    13.180    -5397.6    14221.5     7043.8   2108.5   1166.1   1476.7 2023  1 17 21 24 35.720  2.9   1
     2312  27.055990  102.986499     7.394     4786.9    11745.4     1257.7   1619.2   1342.1   2338.5 2023  1 17 21 56 35.680  3.1   1
     2315  27.096836  102.668555     9.167   -26765.8    16271.4     3030.1   1804.8   2053.2   3742.1 2023  1 17 23 24 12.560  2.4   1
     2322  27.169497  102.772030    36.653   -16491.6    24322.3    30516.7   7057.2   8255.1   4792.2 2023  1 18  0 12 18.530  4.5   1
     2326  27.037022  102.858667    15.335    -7901.6     9643.8     9199.0   1813.5   1883.3   1924.0 2023  1 18  1 13 25.750  3.3   1
     2327  26.806118  103.028499    30.382     8965.4   -15941.1    24246.0   2184.9   1644.6   1602.8 2023  1 18  1 23 41.130  3.2   1
     2328  27.253750  103.012655     5.178     7376.5    33657.9     -958.5   2471.1   2913.6   2748.2 2023  1 18  2 17 51.990  2.3   1
     2330  26.765623  103.019336    16.422     8056.3   -20428.0    10286.0   1067.1   1338.1   1093.6 2023  1 18  2 58 19.520  3.0   1
     2339  27.102470  102.795955     0.326   -14122.9    16895.6    -5810.7   1915.5   1464.0   2453.5 2023  1 18  6 11 30.060  3.3   1
     2346  26.797331  102.869548    31.463    -6828.7   -16914.5    25327.1   2555.9   1961.7   1388.1 2023  1 18  6 46 59.320  2.6   1
     2347  26.695361  103.145955    19.811    20645.8   -28213.1    13674.9   3374.9   2353.3   2501.4 2023  1 18  7 15 29.410  2.8   1
     2348  27.001550  102.881364     5.256    -5649.6     5713.6     -880.2   3587.0   2011.3   2145.2 2023  1 18  7 22 51.730  3.2   1
     2351  26.499428  102.956348     2.257     1798.2   -49923.0    -3879.5   2299.6   2146.2   4356.8 2023  1 18  8 32  4.740  3.3   1
     2358  26.975895  102.939909    19.211      162.5     2870.9    13074.9   3718.5   2129.4   1748.2 2023  1 18 11 48 27.580  3.0   1
     2362  27.077405  103.062476     9.920    12326.2    14118.4     3783.7   1732.7   2245.9   4571.4 2023  1 18 13  5 53.640  3.1   1
     2363  27.109505  103.379484    12.691    43781.1    17675.3     6554.7   3567.9   1872.3   5985.7 2023  1 18 13 20 34.460  3.3   1
     2364  27.146071  103.416211    24.269    47417.8    21726.9    18132.4   2689.2   2341.1   2787.9 2023  1 18 13 49 14.610  3.5   1
     2369  27.044682  103.032568    10.174     9359.2    10492.6     4037.3   2256.5   1794.5   2625.7 2023  1 18 14 19 31.340  3.3   1
     2373  27.008376  102.796094     1.021   -14114.4     6469.7    -5115.5   3073.4   2705.6   3765.6 2023  1 18 16 34 25.770  2.7   1
     2375  26.930929  102.916634     8.666    -2148.5    -2111.6     2529.9   4204.6   3132.2   3327.5 2023  1 18 17 22 49.960  2.3   1
     2376  27.120654  102.957267     9.603     1884.5    18910.5     3467.1   1827.4   1418.7   1735.8 2023  1 18 17 49 34.480  2.6   1
     2377  26.829116  103.051497     5.485    11249.2   -13392.8     -651.5   1184.5   1284.7   2712.9 2023  1 18 17 54  8.640  2.4   1
     2380  27.104144  102.889486     7.141    -4840.9    17081.2     1004.2   1555.5    855.3   1652.2 2023  1 18 19 33 20.760  3.7   1
     2385  27.034430  102.819865    12.280   -11753.8     9356.7     6143.6   1658.6   1084.7   1534.8 2023  1 18 21 12 59.400  3.2   1
     2388  27.189353  103.174365     1.071    23419.3    26522.5    -5065.8   2817.9   1496.5   4721.1 2023  1 18 23 13 43.100  3.3   1
     2389  26.788253  102.781689    51.273   -15559.3   -17920.4    45136.3  46886.6  19979.5  12821.2 2023  1 18 23 25 24.140  2.4   1
     2392  26.809894  102.987712     5.147     4912.1   -15522.5     -989.0   1987.1   1743.6   4201.2 2023  1 19  0  3 55.730  2.0   1
     2401  26.731301  103.186662    14.978    24688.0   -24230.9     8841.6   3548.7   2721.7   2659.1 2023  1 19  2 40 30.360  2.7   1
     2402  26.878066  103.113981     5.230    17453.5    -7969.0     -906.8   1501.6   1516.3   1967.9 2023  1 19  3 45  0.380  2.3   1
     2404  27.119631  102.849463    10.544    -8812.6    18797.0     4407.4   2092.1   1274.3   1598.9 2023  1 19  3 59 42.160  3.2   1
     2406  27.004846  103.047225    21.533    10816.3     6078.8    15396.3   1851.4   2486.9   1638.9 2023  1 19  4 12  8.720  3.6   1
     2408  26.805210  102.983162     8.581     4460.2   -16041.5     2444.4   5166.3   2998.5   4976.5 2023  1 19  5  8 52.100  2.7   1
     2409  26.971606  103.003312     5.323     6457.7     2395.6     -813.0   2802.5   2989.0   5108.8 2023  1 19  5 13 45.370  2.7   1
     2411  27.027966  102.793197    17.008   -14401.2     8640.6    10872.0   2788.1   1505.1   2716.5 2023  1 19  6 10  5.170  3.6   1
     2412  26.820404  102.908805     3.883    -2927.6   -14357.9    -2253.6   2602.5   1936.9   5430.6 2023  1 19  6 58 19.360  2.4   1
     2413  27.182900  102.857048     3.318    -8057.7    25807.5    -2817.9   1852.3   1946.1   2548.0 2023  1 19  8 25  9.990  2.6   1
     2416  26.899152  102.927035    23.389    -1116.2    -5632.5    17252.3   2063.9   2001.9   1433.3 2023  1 19  9 27 46.410  3.5   1
     2417  26.967377  103.011580    11.233     7279.0     1927.0     5097.1   1525.4   1581.2   1466.4 2023  1 19  9 28 27.870  4.3   1
     2420  27.124105  102.782463     2.850   -15460.3    19292.9    -3285.0   1511.1   1172.1   2583.5 2023  1 19  9 44 51.830  3.6   1
     2421  27.322312  103.190682     0.255    25022.5    41254.9    -5880.9   1955.1   3138.0   4451.7 2023  1 19  9 54  4.080  3.0   1
     2422  26.968101  103.112695    16.475    17318.5     2007.1    10338.9   2520.7   3968.3   6663.1 2023  1 19 11  0 29.410  2.9   1
     2423  27.084766  102.881242    15.625    -5660.2    14933.9     9488.4   4911.2   3760.7   3830.1 2023  1 19 11  7 47.160  2.8   1
     2424  27.213900  102.913216     0.454    -2485.0    29242.3    -5682.2   2110.1   1691.6   4167.8 2023  1 19 12 30 30.810  2.8   1
     2428  27.157753  102.798494    17.985   -13867.0    23021.3    11848.7   1460.7   1534.4   1929.4 2023  1 19 13 53 27.420  2.1   1
     2432  26.855408  103.250285     7.096    30995.0   -10479.4      960.1   1839.0   3541.4   2682.7 2023  1 19 14 55 50.830  2.6   1
     2433  26.982534  102.911320     9.627    -2675.8     3606.3     3491.0   1400.1   1502.9   1482.8 2023  1 19 15 25 10.090  3.6   1
     2434  27.131360  103.089591     3.704    15014.0    20096.7    -2431.9   1884.9   1732.9   4545.8 2023  1 19 16 24 48.140  2.9   1
     2435  27.079527  103.086117    10.225    14672.5    14353.5     4089.1   2184.3   2020.1   4657.2 2023  1 19 16 57 47.290  2.6   1
     2440  26.990485  102.811157    12.489   -12620.2     4487.5     6352.3   1138.8   1000.7   1506.2 2023  1 19 17 50  8.560  3.1   1
     2443  26.569826  103.044238    12.998    10539.5   -42122.7     6862.6   1132.1   1552.6   1571.6 2023  1 19 18 37 36.240  3.7   1
     2447  26.862319  102.943140    11.667      483.1    -9713.8     5530.3   1197.4   1016.7    883.1 2023  1 19 22  6 22.960  3.6   1
     2451  26.863780  102.939079    12.406       80.2    -9551.8     6269.9   1081.2    980.9   1136.3 2023  1 19 22 42 21.840  3.2   1
     2453  26.925175  102.693913    11.928   -24267.2    -2749.2     5792.0   1730.1   2603.9   2717.8 2023  1 19 23 53 15.560  1.7   1
     2454  27.257503  102.969832     4.683     3129.4    34073.8    -1453.9   1849.2   2808.4   1778.6 2023  1 20  1  0 26.460  2.1   1
     2456  26.841020  102.913395    13.887    -2471.7   -12073.7     7750.4   1473.7   1355.1   1071.0 2023  1 20  5 12 16.740  3.1   1
     2457  27.199917  102.920964     1.072    -1716.7    27692.9    -5064.2   1758.8   2681.8   3117.4 2023  1 20  5 22 20.660  2.7   1
     2459  26.899837  103.081844    22.389    14259.3    -5556.6    16252.6   4244.0   2522.2   4188.2 2023  1 20  6 33 12.660  2.1   1
     2460  30.188145  102.781226    27.708   -15367.1   358796.6    21572.1   6422.1  38300.9   3539.4 2023  1 20  6 56 35.830  1.8   1
     2463  26.994586  102.812541    14.271   -12482.8     4941.9     8134.4   1691.6   1276.4   1530.1 2023  1 20  8 24  0.370  3.4   1
     2464  26.826333  102.918473    25.374    -1966.9   -13701.0    19237.7   2652.8   1499.3   1191.3 2023  1 20 11 15 59.630  2.9   1
     2465  26.951546  102.915487    17.859    -2262.3      172.9    11722.5   2600.3   1495.3   1866.7 2023  1 20 11 54 14.840  3.6   1
     2468  27.046867  102.840951     8.137    -9659.9    10734.7     2000.8   1483.9    968.3   1726.5 2023  1 20 14 49 58.820  3.6   1
     2472  26.837604  103.134619    12.248    19506.6   -12452.3     6111.5   2088.3   2417.1   2131.5 2023  1 20 16  8 14.920  2.7   1
     2473  26.994572  102.821419     7.241   -11601.0     4940.3     1104.7   1067.7   2510.5   1832.9 2023  1 20 16 10 14.250  2.5   1
     2476  26.943892  102.875594     7.905    -6224.0     -675.2     1768.6   2598.6   1970.9   2876.3 2023  1 20 16 16 38.180  3.5   1
     2478  26.602242  103.042676    22.411    10382.5   -38531.0    16275.0   1589.9   1503.4   1472.7 2023  1 20 16 38 23.100  3.6   1
     2480  26.914500  102.946224    14.112      789.7    -3932.0     7975.1   1340.7   1078.0   1331.2 2023  1 20 16 55 36.370  2.9   1
     2482  26.987421  102.956104    15.702     1770.6     4147.9     9565.7   2389.9   2133.6   1751.7 2023  1 20 17 47 26.860  2.4   1
     2487  26.975466  102.957511    21.609     1909.7     2823.4    15472.3   3099.9   2222.7   2609.9 2023  1 20 18 16 42.820  3.0   1
     2488  27.054626  102.809465    10.511   -12784.9    11594.6     4374.2   1563.4   1304.8   1761.6 2023  1 20 18 41 40.800  3.3   1
     2489  26.993892  102.950179     3.776     1181.9     4864.9    -2359.9   2325.2   2070.5   2202.9 2023  1 20 18 54  6.520  2.6   1
     2490  27.112832  102.832479    14.206   -10497.8    18043.8     8069.3   2070.9   1061.8   1235.6 2023  1 20 19  7 17.640  3.4   1
     2491  26.736914  102.973869    22.071     3538.0   -23608.9    15934.6   1439.3   2130.3   1692.5 2023  1 20 19 16  7.020  2.7   1
     2493  27.096279  102.911605    11.211    -2646.8    16209.6     5074.5   2035.9   1158.3   1599.9 2023  1 20 19 53 46.680  3.6   1
     2494  27.311021  102.703442    14.013   -23281.5    40003.7     7876.8   1586.9   1965.4   2284.1 2023  1 20 20 12 32.940  3.6   1
     2496  27.238782  103.247559     3.610    30672.9    31999.4    -2526.1   2924.0   2785.6   3782.4 2023  1 20 20 20 59.740  2.5   1
     2497  26.935372  102.894743    10.131    -4322.5    -1619.3     3995.0   2041.6   1693.3   1877.1 2023  1 20 20 25  2.480  2.8   1
     2498  26.650704  102.992350    16.607     5376.8   -33161.2    10471.0   1238.2   1291.0   2305.8 2023  1 20 20 30 24.560  3.0   1
     2499  26.726444  102.900016    14.003    -3802.8   -24769.0     7866.2   1484.6   1733.5   1624.0 2023  1 20 20 43 15.000  1.3   1
     2505  26.891675  102.894971    12.113    -4300.6    -6461.0     5976.8   3397.4   2873.6   2944.0 2023  1 20 21 35 46.120  1.7   1
     2508  27.057849  102.775594    13.033   -16146.4    11951.5     6896.6   2202.4   1824.8   2299.1 2023  1 20 21 58 54.200  3.0   1
     2510  27.038924  102.807959    14.180   -12934.7     9854.7     8043.9   1467.4   1007.9   1548.1 2023  1 20 22 18 27.080  4.1   1
     2520  27.104498  102.600212     8.473   -33546.3    17120.3     2337.1   2131.8   3298.3   3285.1 2023  1 21 10 12 32.950  3.2   1
     2522  26.985059  102.768693    23.228   -16836.7     3886.2    17091.9   2499.6   2655.0   2360.4 2023  1 21 12 43 51.950  1.9   1
     2528  26.756655  102.984285     7.773     4572.6   -21421.5     1636.7   1142.4   1559.1   1365.6 2023  1 21 14 55 16.830  2.8   1
     2529  26.756702  103.286784    37.475    34635.7   -21416.4    31338.3  11908.6   5870.8   4784.9 2023  1 21 15 38 42.750  1.5   1
     2531  27.099813  103.032804     1.032     9380.6    16601.2    -5104.3   7180.6   2746.3   4419.5 2023  1 21 16 13 30.400  2.3   1
     2534  26.755182  103.048519    10.813    10956.8   -21584.8     4677.0   1899.4   1453.0   1780.4 2023  1 21 18 53 25.520  2.8   1
     2536  27.204842  103.011816     2.529     7294.9    28238.8    -3607.4   2658.8   1838.8   2501.6 2023  1 21 18 58 16.340  1.9   1
     2537  26.986719  102.795166    14.385   -14207.7     4070.1     8248.1   1228.1   1153.4   1460.0 2023  1 21 19 43 34.100  3.3   1
     2541  26.790131  102.960571     8.578     2216.0   -17712.4     2441.2   1301.4   1494.5   3771.1 2023  1 21 21 43 15.780  0.4   1
     2543  26.987809  102.824764    14.510   -11269.5     4190.9     8373.7   1677.3   1370.5   1326.1 2023  1 21 23 20 39.120  2.4   1
     2544  27.098171  102.824170     8.164   -11323.0    16419.2     2027.9   2189.3   2059.3   3107.9 2023  1 21 23 20 59.640  2.4   1
     2545  26.960793  102.807202    14.958   -13014.7     1197.5     8821.7   1918.5   1440.2   1912.9 2023  1 21 23 34 46.280  3.4   1
     2548  26.884357  102.777360     7.189   -15983.5    -7272.0     1052.8   2952.6   2152.9   2763.4 2023  1 22  1 13 32.120  2.5   1
     2551  27.313692  103.148551     7.583    20846.7    40299.7     1447.0   2623.4   3209.1   4703.8 2023  1 22  2 11 12.740  3.2   1
     2557  27.011633  102.851888    12.416    -8575.2     6830.6     6279.2   2034.9    923.6   1523.6 2023  1 22  4 54  9.810  3.5   1
     2561  26.863562  102.816691    10.810   -12077.9    -9576.1     4673.8   5111.7   3760.9   4494.4 2023  1 22  5 44 11.220  2.9   1
     2570  27.110773  102.866626    10.247    -7109.1    17815.6     4110.6   1537.1    840.9   1411.6 2023  1 22 12 31 33.520  3.8   1
     2573  27.200539  103.093172    23.486    15364.7    27762.0    17350.0   3320.2   2510.2   2564.9 2023  1 22 14  3 24.140  3.2   1
     2576  26.841246  102.907536    14.103    -3053.8   -12048.7     7967.1   1423.9   1084.5   1331.5 2023  1 22 14 38 34.180  3.1   1
     2580  26.466223  102.352279    33.254   -58311.7   -53602.2    27117.9   3212.3   3250.2   3642.9 2023  1 22 15  3 10.600  2.2   1
     2587  26.962760  103.006185    25.110     6743.6     1415.5    18973.3   2023.5   1949.9   1543.7 2023  1 22 18 20 47.680  2.6   1
     2589  26.539665  103.200789    21.158    26114.5   -45464.6    15021.3   2110.5   3012.8   1471.3 2023  1 22 18 41 17.800  3.1   1
     2590  27.133368  102.835856    10.951   -10161.8    20319.1     4814.2   2144.4   1151.6   3185.8 2023  1 22 18 43 58.660  3.3   1
     2591  26.994462  102.703532     2.728   -23305.1     4928.2    -3408.2   2249.9   2005.6   4284.0 2023  1 22 18 50 39.680  1.4   1
     2595  26.923877  102.933879    11.775     -436.5    -2893.0     5638.3   1361.3   1137.3   1159.2 2023  1 22 20 25 59.880  2.7   1
     2597  27.081413  102.906844     7.427    -3119.0    14562.5     1290.3   2906.5   1442.7   2087.2 2023  1 22 20 55 16.840  2.8   1
     2598  26.734273  103.108594     9.751    16928.6   -23901.5     3615.1   3440.4   1906.6   2525.2 2023  1 22 21  8 14.360  2.2   1
     2601  27.131897  103.103475    16.884    16391.5    20156.3    10747.7   6149.7   4084.8   4250.7 2023  1 22 21 52 39.360  2.6   1
     2602  27.127146  102.821729     5.144   -11563.4    19629.9     -992.1   1830.3   1317.1   3475.0 2023  1 22 22 11 29.720  2.8   1
     2606  26.773110  103.069849     5.362    13075.7   -19598.3     -774.9   3127.9   1527.3   3825.0 2023  1 22 23 17 32.220  2.7   1
     2608  27.124801  102.799113     9.836   -13807.9    19370.0     3700.1   1425.3   1013.9   1778.3 2023  1 22 23 57 49.340  3.1   1
     2619  27.207939  102.993644     7.507     5492.2    28581.8     1370.1   1708.9   3278.6   1765.1 2023  1 23  6 43 30.470  2.6   1
     2620  27.009257  102.870052     4.597    -6772.2     6567.3    -1539.5   2733.2   1869.9   1984.5 2023  1 23  7 40  5.560  4.1   1
     2622  27.107538  102.858789    14.062    -7887.0    17457.2     7925.2   1625.7   1157.5   2187.9 2023  1 23  8 31 48.760  3.2   1
     2625  26.668996  102.904476    14.728    -3359.9   -31134.4     8591.6   1979.8   1719.1   2287.0 2023  1 23 11  3 15.640  1.5   1
     2630  27.053605  103.148543    16.948    20870.3    11481.4    10811.9   1755.2   1341.6   2405.6 2023  1 23 13 50 46.020  3.2   1
     2632  27.032916  103.103898    18.592    16440.5     9188.8    12455.3   2754.9   1973.8   2653.8 2023  1 23 14 27 18.740  3.2   1
     2633  26.830033  102.909920    13.813    -2817.1   -13291.0     7676.4   2775.6   2387.5   2274.9 2023  1 23 14 57 49.090  3.2   1
     2634  27.120656  102.831877     2.742   -10557.5    18910.7    -3394.2   1905.0   1303.6   3602.9 2023  1 23 15 42 11.250  2.8   1
     2640  27.129171  102.867879    13.522    -6984.8    19854.2     7385.9   1713.1   1032.7   1461.1 2023  1 23 16 38 59.790  3.6   1
     2643  26.489974  103.054370    25.281    11551.4   -50970.5    19144.8   2646.3   2707.0   1777.4 2023  1 23 17 43 23.540  3.0   1
     2649  26.861536  102.926725    17.124    -1147.4    -9800.6    10987.4   1394.4   1137.4   1300.0 2023  1 23 20  7 57.060  3.1   1
     2651  26.643675  102.921867     1.501    -1631.7   -33940.0    -4635.2   1552.7   2023.4   4219.1 2023  1 23 20 24 48.320  2.9   1
     2654  27.106596  102.845972    14.372    -9159.4    17352.7     8235.4   1688.6    942.1   1428.1 2023  1 23 21 54 10.300  4.3   1
     2657  27.193333  102.894092     0.715    -4382.6    26963.6    -5421.8   2785.0   2851.1   3345.4 2023  1 23 22 57 54.600  3.1   1
     2662  27.126296  102.789412     0.807   -14770.5    19535.7    -5329.4   1373.5   1091.6   3816.6 2023  1 24  0 35 17.620  2.5   1
     2664  27.026361  103.057609     9.603    11845.8     8462.7     3466.3   1868.3   2463.3   2872.7 2023  1 24  0 59 36.160  2.8   1
     2670  26.747896  103.036230     9.765     9736.1   -22392.1     3628.7   1735.2   1446.5   1625.6 2023  1 24  3 45 58.170  2.8   1
     2671  27.164351  102.586719     5.537   -34876.3    23752.3     -599.6   2585.4   3809.0   5435.3 2023  1 24  3 51 25.320  2.8   1
     2672  27.046389  103.057536     3.797    11838.0    10681.7    -2339.8   3412.8   2272.7   4185.0 2023  1 24  3 57  8.160  2.7   1
     2673  26.941791  102.941642    15.677      334.8     -907.9     9540.4   1666.3   1273.6   2238.2 2023  1 24  4 15 24.140  2.9   1
     2674  27.114195  102.816187    11.499   -12114.1    18194.7     5362.7   1391.1    884.8   1678.2 2023  1 24  5 27  3.620  3.5   1
     2678  27.041467  102.865267    17.171    -7246.3    10136.4    11034.6   2699.1   1701.2   2165.6 2023  1 24  8 18 32.420  2.7   1
     2680  27.085219  103.078670     2.838    13933.1    14984.2    -3298.2   2165.8   1495.2   3921.0 2023  1 24  9 50  5.610  2.8   1
     2682  26.877531  102.881934     4.260    -5596.0    -8028.2    -1876.3   1886.7   1490.2   2237.5 2023  1 24 10  7 40.410  2.4   1
     2685  27.240753  103.000252     0.636     6146.6    32217.8    -5500.2   1613.4   2737.7   2219.4 2023  1 24 11  0 35.670  1.6   1
     2686  26.721877  103.041569    13.388    10267.4   -25275.1     7252.1   1144.5   1541.8   1401.7 2023  1 24 11 11 23.350  3.1   1
     2687  27.096346  102.992879    13.385     5419.0    16217.1     7248.5   2202.6   2828.2   4227.7 2023  1 24 11 20 41.600  3.1   1
     2689  26.709721  102.800806    14.422   -13664.9   -26622.0     8285.8   4284.6   2685.7   3797.5 2023  1 24 12 44  6.130  3.4   1
     2693  27.226320  103.234725    31.682    29401.4    30618.7    25545.4   4070.0   5176.7   4201.7 2023  1 24 13 44 22.140  3.4   1
     2695  26.844604  102.845915     7.195    -9175.6   -11676.4     1058.5   2975.4   1725.1   3818.5 2023  1 24 14 40 41.650  3.2   1
     2696  26.923535  103.117204    30.618    17769.7    -2930.7    24481.6   2089.9   2146.0   1824.0 2023  1 24 14 53 11.210  1.1   1
     2697  26.988454  102.883960     8.856    -5392.4     4262.4     2719.3   1412.4   1149.0   1322.0 2023  1 24 16 18 14.540  3.7   1
     2699  26.603416  102.951562     7.325     1321.8   -38400.9     1188.2   2331.2   2422.7   3649.2 2023  1 24 16 53 16.460  3.5   1
     2700  26.977836  102.942546     9.055      424.5     3085.9     2918.7   1707.5   1700.7   1463.3 2023  1 24 17  6 42.280  4.3   1
     2702  26.845284  102.888949    21.506    -4900.5   -11601.2    15369.6   1759.2   1507.8   1079.6 2023  1 24 18 12 24.680  3.1   1
     2703  26.841805  102.934985    14.017     -326.4   -11986.8     7880.3    971.2    924.3   1043.4 2023  1 24 18 28 40.720  5.3   1
     2705  26.843951  102.935457     9.745     -279.7   -11748.8     3608.5   1271.2   1110.2   1462.2 2023  1 24 18 39  8.100  3.5   1
     2706  26.841496  102.943644    12.773      533.9   -12020.9     6636.3    891.5    837.2    967.7 2023  1 24 19  2 19.360  4.5   1
     2708  26.760789  102.970378    33.716     3190.7   -20963.5    27579.9   1722.8   1850.0   1657.7 2023  1 24 19  9 49.140 -0.4   1
     2709  26.835221  102.934408     6.165     -383.7   -12716.3       28.2   1122.1    998.9   1617.5 2023  1 24 19 16 39.160  3.5   1
     2711  26.845589  102.854492    13.422    -8322.8   -11567.4     7286.0   5285.9   4339.6   5164.5 2023  1 24 20 15  2.840  2.1   1
     2713  26.521676  103.039526    21.289    10073.0   -47457.9    15152.3   1804.3   1733.3   1229.7 2023  1 24 21 41 54.200  2.4   1
     2717  27.159070  102.738916    16.453   -19778.1    23167.1    10316.1   1644.2   1196.0   2259.8 2023  1 24 23 32 46.820  3.7   1
     2718  26.792165  102.792822    15.122   -14453.0   -17487.0     8985.5   1706.1   1934.2   1851.0 2023  1 24 23 32 49.920  3.5   1
     2720  26.502856  102.980273    10.001     4178.6   -49543.0     3864.9   1424.5   1475.9   1839.6 2023  1 24 23 44 49.420  3.2   1
     2725  27.223055  102.644816     9.653   -29104.9    30256.8     3516.3   2055.8   2809.0   5393.8 2023  1 25  1  1 45.630  3.6   1
     2726  26.961544  102.838957     7.870    -9861.2     1280.8     1733.7   2615.8   2277.5   2714.4 2023  1 25  2  1 48.020  1.4   1
     2727  27.031775  102.814242    10.186   -12311.5     9062.5     4049.9   2099.6   1948.7   2048.8 2023  1 25  2 29 32.970  3.4   1
     2729  26.859595  102.921370    13.758    -1679.1   -10015.6     7621.4   1049.3    961.7   1139.5 2023  1 25  2 54 46.450  3.1   1
     2735  26.918465  102.921240     5.611    -1691.9    -3492.6     -525.1   1466.2   1119.1   1266.1 2023  1 25  7  1 11.130  2.1   1
     2737  26.887907  102.956047     7.110     1765.2    -6878.5      973.5   1206.9   1198.7   2442.1 2023  1 25  9 11 23.170  2.4   1
     2738  27.027112  102.840560     4.713    -9699.8     8545.9    -1423.6   3153.2   3084.5   3703.0 2023  1 25  9 13 17.260  0.7   1
     2741  26.803153  102.983162     1.204     4460.5   -16269.4    -4932.7   4194.8   4421.5   6436.7 2023  1 25 10 53 15.050  1.3   1
     2746  27.294775  103.106234     6.296    16652.8    38203.5      159.8   1945.4   3115.6   3621.6 2023  1 25 12 37  2.990  3.5   1
     2748  26.969688  102.917293     8.930    -2083.4     2183.1     2793.5   1332.5   1056.4   1364.3 2023  1 25 12 51 58.640  3.5   1
     2749  26.520296  102.980583     8.970     4209.2   -47610.8     2833.5   1763.8   1942.2   1844.4 2023  1 25 13 56 19.520  3.0   1
     2751  26.973458  102.920011     9.178    -1813.1     2600.8     3041.4   1198.2    974.5   1294.6 2023  1 25 14  8 38.810  3.4   1
     2754  26.497915  102.990007     9.387     5147.2   -50090.8     3250.8   1447.0   1544.7   1913.1 2023  1 25 14 54 48.050  3.8   1
     2755  26.970343  102.939974     2.506      169.2     2255.7    -3630.3   2023.2   2167.9   2536.1 2023  1 25 15  6 20.620  3.3   1
     2756  26.963177  102.938997     8.664       71.9     1461.8     2527.9   1647.1   1094.9   1479.6 2023  1 25 15 29  8.450  3.3   1
     2757  27.011102  102.919141    10.113    -1899.3     6771.8     3976.5   1557.1   1100.7   1291.2 2023  1 25 15 48 38.800  3.1   1
     2758  26.844358  102.875993     6.575    -6187.6   -11703.9      438.2   2076.5   1349.9   2356.5 2023  1 25 16 14 14.070  0.8   1
     2759  27.141876  102.812752     7.471   -12453.5    21261.9     1334.9   1545.4   1021.6   1739.9 2023  1 25 16 41 11.500  1.9   1
     2762  26.953251  102.812809    13.039   -12458.4      361.7     6903.0   1932.5   1658.3   1644.2 2023  1 25 17 38 26.140  2.5   1
     2769  26.896067  102.993660    23.311     5501.1    -5974.4    17174.9   2191.6   2289.5   2014.9 2023  1 25 19  6 32.980  2.0   1
     2771  26.831337  102.891016     6.353    -4695.3   -13146.6      216.8   1731.0   1269.8   2274.3 2023  1 25 19 33 16.700  0.8   1
     2772  27.134149  103.161239    22.996    22122.7    20405.8    16859.1   6767.1   4303.9   4496.9 2023  1 25 20  4  7.580  2.6   1
     2773  27.324510  102.963037    10.973     2454.8    41498.2     4836.4   1830.7   1261.3   1232.2 2023  1 25 20  6 44.000  3.7   1
     2774  26.761668  102.953426    33.092     1505.8   -20866.0    26955.5   1614.5   1879.1   3213.6 2023  1 25 20  9 53.960 -0.3   1
     2775  26.954388  103.012044    24.346     7325.1      487.8    18210.1   2381.1   2426.0   2036.7 2023  1 25 20 13 25.860  4.3   1
     2776  27.167039  103.080965     0.787    14155.3    24050.0    -5349.8   1756.6   2106.3   3495.4 2023  1 25 20 21 23.800  3.2   1
     2777  27.067397  102.906665    19.878    -3137.2    13009.4    13741.8   2430.2   2106.5   1745.4 2023  1 25 20 32 35.540  3.4   1
     2778  27.035856  103.757666    40.347    81334.3     9514.7    34210.7   3447.1   4659.1   4271.7 2023  1 25 20 46 22.960  0.2   1
     2779  27.260868  103.018335    22.452     7939.6    34446.6    16316.1   3845.0   2484.7   2114.5 2023  1 25 20 52 31.320  3.5   1
     2780  26.504097  103.030192    15.795     9145.4   -49405.6     9658.9   1772.5   1750.5   1777.6 2023  1 25 20 56 11.560  3.3   1
     2783  26.995290  103.098958    32.961    15953.0     5019.7    26824.3   3029.8   3183.2   2498.0 2023  1 25 21  6 55.080  2.8   1
     2785  26.976813  102.767244    37.067   -16981.4     2972.5    30930.8   3438.9   2801.2   2951.8 2023  1 25 21 33 47.900  3.9   1
     2786  27.276841  102.888656    14.363    -4920.1    36216.4     8226.3   4198.4   3240.1   2997.6 2023  1 25 21 45 11.720  2.0   1
     2790  26.725297  103.007332    12.743     6864.4   -24896.0     6606.2    973.8   1057.7   1253.0 2023  1 25 22 18 21.720  4.1   1
     2794  27.366825  102.962492    18.131     2400.3    46186.9    11994.8   4282.8   2979.7   2277.7 2023  1 25 22 32 56.280  2.5   1
     2795  27.422093  102.785653    57.981   -15123.9    52310.7    51844.8  17282.9  17960.6  11425.2 2023  1 25 22 41 11.660  3.3   1
     2796  27.286869  103.086426    43.004    14689.8    37327.6    36867.2   3755.5   3159.4   2958.0 2023  1 25 22 55 54.200  3.0   1
     2797  26.603589  102.659530    15.134   -27720.9   -38381.7     8997.8   4091.8   2802.7   5284.9 2023  1 25 23  4 52.420  3.2   1
     2799  27.227555  102.905534     9.894    -3246.7    30755.4     3757.4   1872.1   2178.6   2007.9 2023  1 25 23 12 57.200  2.8   1
     2804  26.736513  102.895443    14.089    -4257.1   -23653.2     7952.4   1170.5   1609.0   1510.6 2023  1 25 23 33 14.880  3.5   1
     2805  27.357593  102.896940    17.166    -4096.9    45163.9    11029.3   2584.4   1947.2   2127.7 2023  1 25 23 33 41.920  4.4   1
     2806  26.881759  102.975236    12.372     3671.2    -7559.7     6235.3   2558.8   3342.7   5127.7 2023  1 26  0 23 53.620  2.5   1
     2808  26.970207  102.816610     1.046   -12080.4     2240.5    -5090.5   2960.8   4398.5   5414.2 2023  1 26  1  3 17.230  1.9   1
     2810  27.384383  102.847534     6.393    -8992.7    48132.3      256.1   1685.6   1911.7   2943.3 2023  1 26  1 14 37.110  3.1   1
     2812  26.969141  102.857731     7.851    -7997.2     2122.5     1714.9   2323.2   1745.5   2426.4 2023  1 26  1 32 51.440  2.8   1
     2813  26.725582  102.998348    11.747     5970.9   -24864.5     5610.4   1113.9   1245.5   1395.2 2023  1 26  2  7 33.290  3.4   1
     2816  26.848639  102.814909     6.787   -12255.5   -11229.5      650.7   3028.1   1733.4   3129.9 2023  1 26  3 42 17.800  3.0   1
     2823  26.986167  102.909310    18.625    -2876.0     4009.0    12488.2   1488.3   1524.0   1490.7 2023  1 26  8 13 13.850  1.8   1
     2826  26.993245  102.819474    14.771   -11794.5     4793.2     8634.8   1806.9   1117.0   1706.7 2023  1 26  8 57 51.390  3.5   1
     2827  27.168872  102.829004    13.401   -10840.1    24253.3     7264.2   3238.1   2155.2   2798.8 2023  1 26  9  1 50.390  4.0   1
     2829  26.905164  103.018400    13.471     7958.4    -4966.4     7334.5   1753.8   2426.0   1701.4 2023  1 26 10 15 33.030  3.2   1
     2830  27.153951  102.958325     3.757     1989.7    22599.8    -2379.5   4147.2   1856.8   3303.7 2023  1 26 10 57 59.800  2.8   1
     2831  27.443809  103.067814    14.349    12835.1    54717.0     8212.8   2099.0   1388.6   1598.8 2023  1 26 11  7 16.930  4.2   1
     2832  27.434613  103.089502    14.124    14984.9    53697.9     7987.4   2524.1   1679.0   2260.0 2023  1 26 12 17 52.050  4.0   1
     2834  27.458636  103.127189     3.358    18717.2    56359.8    -2778.4   3722.1   2452.5   4733.3 2023  1 26 16  3 30.150  3.9   1
     2836  27.140086  103.010010     3.920     7117.2    21063.5    -2216.7   2830.8   1641.2   2903.9 2023  1 26 16 54 26.770  3.3   1
     2838  27.339750  102.860913     6.382    -7668.7    43186.8      245.9   2105.7   2744.2   3441.3 2023  1 26 17 21 37.660  3.7   1
     2842  26.594773  103.064754    10.449    12578.6   -39358.4     4312.8   1581.9   1563.9   1462.2 2023  1 26 18 20 19.960  3.3   1
     2844  27.118542  102.769132     9.841   -16783.1    18676.5     3704.8   1589.7   1088.8   2052.1 2023  1 26 18 35 29.480  3.1   1
     2845  27.127521  102.848429    28.443    -8914.7    19671.3    22306.3   4735.2   5335.9   3763.0 2023  1 26 19  0 30.240  2.5   1
     2847  27.220225  103.306193    19.444    36490.7    29943.3    13307.4   2173.3   2150.7   2587.9 2023  1 26 20  4 23.880  5.6   1
     2848  26.724638  103.048104    29.855    10916.5   -24969.1    23718.6   2091.7   2011.6   1757.6 2023  1 26 20 10  7.120  3.4   1
     2851  26.942928  102.922477    11.029    -1568.4     -781.9     4893.1   2089.3   2200.4   1677.0 2023  1 26 20 34 54.440  2.6   1
     2852  26.885398  102.954134    21.612     1575.5    -7156.4    15475.1   2094.4   1324.2   1887.5 2023  1 26 20 41 46.000  2.9   1
     2853  26.762132  102.988623    17.885     5004.0   -20814.6    11748.9   4415.3   4455.3   3119.5 2023  1 26 20 53 58.640  1.7   1
     2858  27.079291  102.931698    11.351     -652.6    14327.4     5214.2   6113.4   2858.5   2822.5 2023  1 26 23 12 37.340  2.8   1
     2859  27.195630  102.520996    25.438   -41390.3    27218.1    19301.6   2561.2   2697.8   3027.2 2023  1 26 23 33 45.900  2.9   1
     2865  26.748739  103.109521     3.190    17019.5   -22298.8    -2945.9   2213.5   2106.7   3787.7 2023  1 27  2 13 46.360  3.7   1
     2866  27.223279  102.807064    16.233   -13013.4    30281.7    10096.8   4101.2   3433.6   8070.7 2023  1 27  2 48 38.850  3.4   1
     2868  26.872882  102.921313    12.075    -1684.6    -8543.4     5938.2   1400.7   1080.3   1073.2 2023  1 27  3  4  5.290  3.2   1
     2870  26.931317  103.207161     3.554    26702.2    -2068.4    -2581.9   2772.7   2175.8   3211.4 2023  1 27  4 50  4.880  3.2   1
     2872  27.035213  103.111328    13.700    17178.0     9443.4     7563.8   2660.0   1854.5   4094.4 2023  1 27  5 30 43.640  3.4   1
     2876  26.868121  102.950716    13.802     1235.7    -9070.8     7665.7   1038.7    913.2    929.1 2023  1 27  6 13 52.750  3.3   1
     2877  26.689113  103.020638    15.359     8188.2   -28905.2     9222.6   1704.1   1210.9   1351.8 2023  1 27  6 25 49.430  3.5   1
     2878  26.963106  102.981836    10.921     4325.7     1453.7     4784.4   3039.6   4283.8   3460.7 2023  1 27  7 22 12.700  2.3   1
     2883  26.848688  102.861117    15.392    -7665.1   -11224.2     9255.4   1817.2   1235.3   1152.7 2023  1 27  8 51 46.310  3.2   1
     2889  26.990417  102.825033    12.758   -11242.5     4479.9     6622.1   1653.2   1264.1   1784.9 2023  1 27 10 58 34.340  3.6   1
     2892  27.007583  103.053564    13.133    11445.1     6381.9     6996.5   1655.1   1825.7   2003.8 2023  1 27 11 10  5.580  3.3   1
     2893  27.176377  103.084351     8.316    14491.1    25084.8     2179.2   5661.0   2705.6   3126.4 2023  1 27 11 32  3.620  2.5   1
     2895  26.979736  102.896102     9.949    -4186.7     3296.4     3812.5   1339.2   1104.3   1347.2 2023  1 27 12  9 22.740  3.3   1
     2898  26.978530  102.926855     9.259    -1133.8     3162.7     3122.5   1146.0    861.2   1240.5 2023  1 27 13 50 19.660  3.3   1
     2899  26.961648  102.908431    16.824    -2962.8     1292.2    10687.7   4970.6   2868.7   5922.9 2023  1 27 14  5  8.470  2.4   1
     2900  26.965466  103.016423    29.375     7759.5     1715.3    23238.1   2676.3   1508.3   1797.4 2023  1 27 14 24 47.620  2.7   1
     2901  27.123230  102.708049    15.453   -22844.0    19195.9     9316.6   1496.1   1903.9   1687.2 2023  1 27 15 19 12.700  2.3   1
     2903  26.993781  102.806641    12.171   -13068.1     4852.5     6034.6   1272.8    979.8   1453.4 2023  1 27 15 32  4.800  2.5   1
     2904  26.994153  102.832446    14.047   -10506.7     4893.7     7910.2   1752.5   1057.9   1513.4 2023  1 27 15 33 31.920  3.2   1
     2906  26.650791  102.972648     5.324     3417.8   -33151.6     -812.8   2029.7   1814.3   6859.1 2023  1 27 15 52 39.090  2.9   1
     2907  27.215653  103.019596    25.611     8065.9    29436.6    19474.6   5520.7   4005.9   3816.5 2023  1 27 16  0 57.920  2.8   1
     2908  27.253389  103.042440    14.774    10329.6    33617.9     8637.5   2757.0   1807.8   2259.4 2023  1 27 16  9  4.880  3.0   1
     2914  26.878556  102.895133     0.667    -4285.0    -7914.6    -5469.5   1545.7   2045.7   3557.3 2023  1 27 17 18 11.400  2.7   1
     2917  27.044629  102.743457     3.765   -19336.9    10486.6    -2371.0   2620.5   4228.9   2795.9 2023  1 27 18 35 17.800  1.3   1
     2918  27.152281  102.650431     9.965   -28557.0    22414.8     3828.3   3459.0   2234.4   4296.7 2023  1 27 18 37 16.940  2.2   1
     2919  27.008500  102.729867    18.059   -20689.0     6483.5    11922.3   2666.6   2169.4   1835.7 2023  1 27 19  4  7.400  3.0   1
     2922  27.110333  102.859424     9.590    -7824.1    17766.9     3453.5   1709.4    993.9   1508.3 2023  1 27 20 21  5.380  3.1   1
     2925  26.970508  103.024561     8.253     8567.8     2273.9     2117.0   2398.9   2866.0   4448.0 2023  1 27 21 17 31.860  2.8   1
     2927  26.775169  103.150244     1.218    21064.7   -19370.1    -4918.7   2847.1   1775.0   3189.4 2023  1 27 22 16 43.840  2.1   1
     2928  26.633488  103.050439     0.129    11153.4   -35068.7    -6007.7   2289.6   3357.0   7829.5 2023  1 27 22 54 57.720  2.8   1
     2929  27.016272  102.780428    13.771   -15669.6     7344.6     7634.6   1678.8   1388.0   1765.7 2023  1 27 23 50 57.520  3.2   1
     2931  27.195949  102.980306     7.929     4169.1    27253.5     1792.4   2282.0   1697.4   3380.8 2023  1 28  0 29  4.370  2.9   1
     2933  27.009029  102.895679     2.315    -4228.2     6542.2    -3821.8   3402.1   2755.9   2418.9 2023  1 28  0 47 21.230  1.8   1
     2936  26.824654  102.967920    14.344     2945.3   -13887.1     8207.2    777.7    891.2    772.7 2023  1 28  2  0 52.420  3.3   1
     2937  27.118624  103.038403     7.090     9935.2    18685.6      953.6   3526.5   1948.0   3220.5 2023  1 28  2 23 35.820  3.4   1
     2938  26.802899  102.935620    19.256     -263.3   -16297.6    13120.1   1533.6   1315.9   1413.2 2023  1 28  2 39 18.540  2.6   1
     2940  27.183732  102.700269     9.491   -23609.5    25899.7     3354.7   7548.6   8256.3   5320.1 2023  1 28  2 50  9.490  3.2   1
     2941  27.205005  103.219059    17.414    27850.6    28256.9    11277.2   2966.8   2795.6   2872.9 2023  1 28  3  0 38.340  3.7   1
     2942  27.199282  103.158301    29.534    21824.7    27622.6    23397.5   2866.7   2433.5   2935.2 2023  1 28  3 31 45.120  2.8   1
     2944  27.023189  102.790609     6.365   -14658.2     8111.2      229.1   1853.9   2334.6   2569.6 2023  1 28  4 30 22.120  2.3   1
     2945  27.353512  102.894035    16.479    -4384.8    44711.8    10342.5   3350.6   2857.0   3089.3 2023  1 28  4 48 33.100  3.1   1
     2956  26.883954  102.892961    10.149    -4500.8    -7316.6     4012.4   1940.4   1351.3   1721.9 2023  1 28 10 40 14.790  2.7   1
     2958  26.974756  102.799447    14.779   -13783.9     2744.6     8642.9   1429.3   1287.8   1356.7 2023  1 28 11 46 10.310  3.4   1
     2959  27.245426  103.006787    16.722     6794.4    32735.6    10585.9   5332.8   2628.3   2247.7 2023  1 28 11 52 12.810  3.4   1
     2964  26.923309  102.901888     6.797    -3613.5    -2955.8      660.2   1254.7   1114.3   1354.4 2023  1 28 12 13 23.580  3.3   1
     2966  27.195734  103.004549     2.565     6573.7    27229.5    -3571.9   2568.2   1580.1   2471.4 2023  1 28 14 15 37.110  2.1   1
     2968  27.071423  103.109774     0.917    17021.1    13455.6    -5219.4   1517.6   1429.2   4905.7 2023  1 28 15 19 11.300  3.0   1
     2970  27.016746  102.826082    14.928   -11137.2     7397.1     8791.3   1388.4    883.0   1453.0 2023  1 28 16 10 17.490  3.4   1
     2973  27.226245  103.098291     4.713    15870.1    30610.4    -1423.8   2124.2   2935.7   4191.2 2023  1 28 17  1 40.880  2.2   1
     2974  27.110211  103.059416     6.093    12021.0    17753.3      -43.0   2133.4   2380.4   5536.8 2023  1 28 17  6  5.340  3.2   1
     2975  27.016895  102.806421    12.079   -13089.2     7413.6     5943.0   1514.7   1494.6   1545.5 2023  1 28 17 16 52.620  2.7   1
     2979  27.055269  103.300716     5.025    35973.8    11665.8    -1111.2   1628.4   2579.2   3287.8 2023  1 28 19 24  6.920  3.8   1
     2982  26.932092  102.900423    10.597    -3758.5    -1982.7     4460.8   1419.4   1128.4   1320.8 2023  1 28 19 57 32.200  3.4   1
     2983  26.819169  103.013615    10.703     7486.1   -14494.8     4566.9   3197.6   1831.5   3342.7 2023  1 28 20  3 15.040  1.2   1
     2984  27.085146  102.847119    13.704    -9046.5    14976.0     7568.1   1970.5   1092.8   1654.0 2023  1 28 20 38 28.600  3.2   1
     2985  26.898897  103.196436    17.055    25641.4    -5660.8    10918.2   4482.7   3940.4   4209.8 2023  1 28 21  4 15.840  1.8   1
     2986  27.286316  103.035083    16.197     9599.2    37266.3    10060.9   2239.9   2095.7   2036.3 2023  1 28 21 11  2.480  2.6   1
     2987  26.897756  102.795223    19.181   -14207.8    -5787.2    13044.5   5471.5   4481.8   3273.5 2023  1 28 21 28 22.960  2.2   1
     2989  26.973000  102.909961    15.606    -2811.0     2550.1     9469.2   1630.4   1698.3   1545.8 2023  1 28 21 59 37.140  3.2   1
     2990  27.393939  102.768880     5.469   -16787.3    49191.2     -667.1   2596.4   2387.6   3535.3 2023  1 28 22  0  5.560  3.3   1
     2995  26.955493  102.938517    11.253       24.2      610.2     5116.9   1625.3   1664.2   1768.5 2023  1 29  1  1 38.610  3.2   1
     2996  27.109288  102.891748    12.580    -4616.8    17651.1     6443.8   4742.8   2777.4   3104.1 2023  1 29  1  4 43.680  3.8   1
     2998  26.709591  102.968433    37.867     2997.8   -26636.4    31730.3   3423.2   3154.6   3165.8 2023  1 29  1  9 49.050  2.5   1
     3002  26.827877  103.107275    13.638    16791.1   -13529.9     7501.3   2945.2   3348.2   3780.8 2023  1 29  3  4  5.630  3.2   1
     3003  27.108950  103.093766    19.868    15429.6    17613.6    13731.4   1403.3   1235.1   1275.5 2023  1 29  5 21 27.670  3.7   1
     3010  27.143429  102.889551    13.848    -4833.7    21434.0     7711.8   2005.1   1201.8   1507.5 2023  1 29  9 12 25.110  3.0   1
     3014  27.046486  102.873747    19.150    -6404.4    10692.6    13013.1   2181.9   1448.7   1696.1 2023  1 29 11 19 28.060  4.0   1
     3016  27.280471  102.909603    18.806    -2843.1    36618.6    12669.6   2391.3   1838.4   1587.0 2023  1 29 11 55 33.760  3.1   1
     3018  27.011839  103.065039    10.504    12584.2     6853.4     4367.8   3771.4   3429.3   3916.0 2023  1 29 12 37 13.500  2.6   1
     3021  26.971106  102.895768     4.688    -4220.5     2340.2    -1448.2   3663.3   2110.2   3188.1 2023  1 29 13 31 25.670  2.2   1
     3022  26.710840  103.013452    10.986     7472.7   -26498.0     4849.4   1220.7   1268.7   1436.3 2023  1 29 13 41  6.720  3.2   1
     3025  27.012708  102.789844    19.107   -14735.1     6949.8    12970.3   2686.3   1709.2   3457.5 2023  1 29 15  3 13.780  0.8   1
     3026  27.025706  102.777987    17.122   -15911.2     8390.0    10985.4   1483.3   1475.8   1653.7 2023  1 29 16 21 19.480  3.0   1
     3027  27.230042  102.725423     5.512   -21109.5    31030.8     -624.5   3700.6   2567.5   4524.8 2023  1 29 16 21 43.620  1.9   1
     3028  26.586910  103.113208    16.760    17398.8   -40229.7    10623.2   1619.5   2114.9   1442.7 2023  1 29 16 38 20.180  3.1   1
     3031  26.444110  103.002783     8.784     6419.7   -56052.5     2647.5   1645.5   1810.0   1953.7 2023  1 29 18 18 40.860  2.7   1
     3039  27.222776  103.168262     8.168    22810.4    30226.0     2031.7   2008.2   4545.2   3181.4 2023  1 29 20 13 29.160  2.8   1
     3042  27.104102  102.768359     3.469   -16860.8    17076.3    -2667.6   2331.2   1736.5   3195.4 2023  1 29 20 41  5.560  1.4   1
     3045  26.882971  102.940251    15.158      196.2    -7425.5     9021.4   1131.0    929.2   1005.9 2023  1 29 22 13  6.640  3.5   1
     3047  26.863241  102.948193     8.677      985.4    -9611.6     2540.8   1455.9   1148.2   1396.4 2023  1 29 22 51 44.600  3.2   1
     3048  26.857198  102.943034     7.106      472.6   -10281.0      969.3   1559.1   1313.2   1187.5 2023  1 29 22 58 39.740  3.2   1
     3049  27.236908  102.981950     0.937     4331.6    31791.8    -5199.7   1430.4   2072.2   1836.4 2023  1 30  0  4 58.880  2.9   1
     3053  27.382638  103.109798     5.197    16999.8    47939.0     -939.8   3150.5   3594.2   6210.2 2023  1 30  3  8 16.940  3.1   1
     3056  26.405924  102.879354     8.405    -5864.7   -60283.4     2268.9   2789.0   2871.3   5630.6 2023  1 30  4  8  2.650  3.0   1
     3060  26.899243  102.972030    12.289     3352.6    -5622.3     6152.4   1564.9   1148.6   1395.2 2023  1 30  7 18 55.250  3.1   1
     3063  27.001512  102.879484     4.472    -5836.5     5709.2    -1664.2   1966.5   2143.4   5316.7 2023  1 30  7 50 47.920  2.4   1
     3068  26.852020  102.944775    12.289      646.0   -10854.9     6152.6   1084.4    985.0   1129.9 2023  1 30 10 44 55.510  3.2   1
     3069  26.762301  103.031632     4.283     9278.3   -20796.0    -1853.4   2364.2   2395.8   1753.5 2023  1 30 10 52 18.940  2.7   1
     3070  27.153131  103.123958     7.909    18421.5    22509.0     1772.7   1710.6   1569.1   3756.5 2023  1 30 11  6 47.380  3.9   1
     3071  26.986969  102.878434     3.327    -5941.3     4097.7    -2809.5   2781.4   2271.3   4843.7 2023  1 30 11 30 15.280  2.7   1
     3073  26.836068  102.943717     9.460      541.0   -12622.4     3323.5   1028.5    988.7   1431.7 2023  1 30 12  1 48.770  3.0   1
     3077  26.855908  102.942424    16.150      412.1   -10424.0    10013.6    895.8    919.2   1124.7 2023  1 30 12 26 51.580  3.5   1
     3078  26.935400  102.933651    13.893     -459.1    -1616.0     7756.5   2039.4   2662.2   2076.8 2023  1 30 12 30 57.860  2.9   1
     3080  26.846989  102.610376    34.331   -32574.4   -11412.2    28195.1   2946.3   2523.9   2778.4 2023  1 30 13  9 19.720  3.1   1
     3084  26.861774  102.991707    24.326     5308.2    -9774.1    18190.0   2084.2   1536.6   1317.2 2023  1 30 13 55  3.130  2.5   1
     3088  26.953906  103.133000     5.448    19335.8      434.4     -688.6   2344.4   2549.0   3581.1 2023  1 30 14 57 18.630  2.2   1
     3092  26.981278  103.003735    11.723     6499.2     3467.3     5586.9   2503.5   2394.5   2273.9 2023  1 30 19  2 49.420  2.7   1
     3095  26.948218  102.838232    15.416    -9934.2     -195.9     9279.9   1331.5   1270.2   1663.9 2023  1 30 21 27  4.160  3.8   1
     3097  26.987276  102.866292    12.847    -7146.4     4131.9     6711.1   1898.1   1070.7   1329.3 2023  1 30 21 54 14.160  2.8   1
     3101  26.856140  102.970020     5.856     3153.7   -10398.4     -280.6   1363.2   1499.8   2101.3 2023  1 30 23 34 55.420  2.2   1
     3102  26.463350  102.999764    14.559     6118.6   -53920.4     8423.1   1625.9   1521.7   1682.0 2023  1 30 23 54 50.600  3.8   1
     3103  26.441302  102.781738    31.653   -15578.0   -56363.5    25516.2   2832.7   2806.4   2483.2 2023  1 30 23 57  8.280  3.0   1
     3104  27.273789  102.616447     1.746   -31911.6    35878.4    -4390.1   2396.7   2340.5   3644.8 2023  1 31  0 13 59.110  3.0   1
     3105  26.686926  103.153646     8.265    21411.3   -29147.8     2128.2   1929.4   1524.5   2651.8 2023  1 31  0 40 34.940  3.0   1
     3109  26.673393  103.139591     8.443    20015.1   -30647.3     2306.8   2026.0   2548.1   3037.7 2023  1 31  2 39  1.250  3.3   1
     3111  26.731215  102.969971    17.104     3150.2   -24240.4    10967.1   1788.8   2284.4   1816.9 2023  1 31  4 35 54.090  2.4   1
     3112  27.231038  102.915804     4.015    -2228.3    31141.4    -2121.2   1983.8   1854.8   2845.8 2023  1 31  4 42 30.280  2.4   1
     3113  27.151402  103.110693    13.278    17105.9    22317.4     7141.2   1482.4   1208.1   1773.8 2023  1 31  7  0 35.670  3.4   1
     3116  27.239394  102.880965     6.486    -5683.0    32067.2      349.2   2195.6   1867.2   2174.1 2023  1 31  7 39 44.420  2.5   1
     3123  26.723411  102.958748     9.147     2035.6   -25105.1     3010.6   2898.1   2684.2   2967.2 2023  1 31  9 18  8.250  2.7   1
     3124  26.836700  102.884798    36.873    -5313.0   -12552.3    30736.4   2838.7   2698.1   2924.0 2023  1 31  9 47  7.120  3.1   1
     3130  27.229165  103.149910     2.475    20989.4    30933.7    -3661.5   2294.2   2168.4   2921.1 2023  1 31 11 58 12.950  3.3   1
     3136  26.621617  103.008952    12.048     7028.2   -36384.1     5911.5   1323.3   1295.1   1491.7 2023  1 31 16 27 59.290  3.8   1
     3140  26.883870  102.922534     8.844    -1563.4    -7325.7     2707.2   1122.6    876.0   1305.2 2023  1 31 17  3 23.640  3.8   1
     3141  27.038369  102.908439    14.346    -2961.5     9793.0     8209.8   7311.0   3670.4   3177.5 2023  1 31 17 15 58.240  2.4   1
     3146  27.252334  102.979215    14.243     4060.0    33500.9     8106.3   2755.9   1937.7   1867.9 2023  1 31 19  3 35.840  3.5   1
     3151  26.997121  102.781763    17.819   -15538.1     5222.8    11682.7   2135.6   1696.9   1771.2 2023  1 31 19 46 29.480  1.8   1
     3152  27.023433  102.943294     3.501      498.6     8138.1    -2635.5   1621.0   1588.2   2367.4 2023  1 31 19 52 21.760  2.3   1
     3153  26.928743  102.914152     8.788    -2395.1    -2353.6     2651.6   1264.2   1084.2   1196.8 2023  1 31 20 31 50.780  2.5   1
     3155  26.845890  102.818921    12.398   -11856.6   -11534.1     6261.6   3050.2   1653.2   2305.2 2023  1 31 20 59 14.080  0.7   1
     3156  26.963141  102.916683    10.117    -2143.9     1457.6     3980.8   1717.5   1451.4   1284.2 2023  1 31 21 28 23.660  2.7   1
     3160  26.946059  102.915283    11.549    -2283.2     -435.1     5412.5   1549.0   1237.2   1303.5 2023  1 31 22 18 58.560  2.6   1
     3161  26.925979  102.901571     6.706    -3645.3    -2660.0      569.7   1324.6   1238.3   1233.5 2023  1 31 22 23 52.560  2.7   1
     3167  26.927330  102.875765     1.080    -6207.3    -2510.4    -5056.0   2437.0   2338.3   2669.1 2023  2  1  2  6 37.090  0.5   1
     3175  27.052625  103.183634    19.853    24353.5    11372.6    13716.3   1764.4   1903.9   5900.9 2023  2  1  7 40 48.000  3.9   1
     3178  26.947461  102.903784     8.389    -3424.6     -279.8     2252.3   1256.2   1185.7   1373.8 2023  2  1  8 53 40.230  3.3   1
     3183  27.128029  102.879948     7.357    -5787.2    19727.7     1220.7   2463.6   1725.1   9836.9 2023  2  1 10 35 39.330  3.0   1
     3197  27.011827  102.928524    18.771     -968.1     6852.1    12634.7   3528.8   2381.2   5207.1 2023  2  1 16 36 59.180  2.3   1
     3198  26.703841  103.057788     8.184    11880.1   -27273.4     2047.3   3876.7   2497.7   6176.0 2023  2  1 18 41 17.000  1.5   1
     3199  27.009910  102.811532     5.598   -12582.1     6639.7     -538.1   1746.6   1886.8   2080.9 2023  2  1 19 32 33.220  2.8   1
     3204  27.299642  102.947599    17.775      924.5    38742.7    11638.2   2767.7   2289.6   2232.9 2023  2  1 21 43  9.300  2.3   1
     3205  26.990662  102.874520     5.289    -6329.8     4506.9     -847.8   2315.0   1580.1   1910.3 2023  2  1 21 43 10.840  1.7   1
     3206  27.114136  102.814185     6.345   -12313.2    18188.2      208.6   1565.8   1072.7   1934.1 2023  2  1 21 53 51.380  2.9   1
     3207  26.795111  102.993262    11.714     5463.8   -17160.6     5577.5   1886.1   2237.2   3155.2 2023  2  1 22 52 55.280  2.9   1
     3211  27.087716  103.547591    38.902    60468.3    15260.9    32765.2   2401.1   2799.4   3350.7 2023  2  2  1 14 38.300  4.6   1
     3214  27.313912  102.728377    19.884   -20809.3    40324.0    13748.1   2456.9   2403.0   2452.0 2023  2  2  2 17 57.960  3.0   1
     3218  27.006781  102.939404     9.237      112.3     6293.2     3100.7   1837.2   1676.4   1325.1 2023  2  2  3 50 12.390  3.2   1
     3219  26.976685  102.954842     7.127     1645.2     2958.4      990.8   1517.8   1645.6   1304.9 2023  2  2  4 41  3.020  2.7   1
     3225  26.960626  102.897176    12.020    -4080.6     1178.9     5883.5   1913.4   1296.6   1330.8 2023  2  2  8  2 15.020  2.7   1
     3226  26.874119  102.968384     6.182     2991.0    -8406.2       45.3   3620.0   2224.9   3449.6 2023  2  2  8 21 14.930  2.3   1
     3230  27.435590  103.188485     4.836    24792.9    53806.2    -1300.5   5868.0   4359.7   6250.9 2023  2  2 11 38  7.070  2.8   1
     3231  26.582202  103.010303    37.758     7163.7   -40751.4    31621.4   2456.4   2874.2   3433.1 2023  2  2 11 55  1.030  3.4   1
     3234  27.192485  103.159033    12.492    21898.2    26869.5     6356.0   2149.2   3155.4   4721.7 2023  2  2 12 38 10.580  4.0   1
     3239  26.821061  102.810946    16.285   -12650.6   -14285.2    10148.8   1540.3   1318.1   1660.0 2023  2  2 14  7 31.990  3.3   1
     3243  26.847343  102.943660    11.105      535.5   -11373.1     4968.1   2351.0   1782.7   2909.5 2023  2  2 14 48 48.610  2.8   1
     3245  27.162252  103.296932    15.175    35581.4    23519.6     9038.3   1499.7   1606.3   3253.1 2023  2  2 15  8 25.040  5.5   1
     3246  27.188298  103.301579    19.824    36037.7    26405.5    13687.9   2042.5   1552.0   2274.3 2023  2  2 15 14 28.990  3.2   1
     3249  27.085413  103.099845    18.545    16034.4    15005.7    12408.7   4636.9   2152.6   2828.3 2023  2  2 16  7 47.120  2.2   1
     3250  26.818758  103.101326     9.135    16200.6   -14540.5     2998.6   1852.1   1629.9   2151.2 2023  2  2 16 18 11.310  2.7   1
     3253  26.961601  102.850317    10.618    -8733.3     1286.9     4482.0   4843.1   3431.7   4241.5 2023  2  2 16 39  2.540  3.0   1
     3255  26.915774  102.801668    17.479   -13566.4    -3790.8    11342.7   2675.5   2528.3   2257.0 2023  2  2 18 24 29.920  1.7   1
     3256  27.100456  102.761637     5.648   -17528.4    16672.5     -488.8   2569.7   1565.1   3541.4 2023  2  2 18 28 39.720  2.2   1
     3259  26.963574  102.839380    12.007    -9819.3     1505.7     5870.7   2382.9   1694.9   1663.3 2023  2  2 19  9  8.220  2.8   1
     3260  27.217983  102.990934     7.837     5223.3    29694.8     1700.4   2256.0   3091.4   4265.3 2023  2  2 19 11 13.120  2.6   1
     3261  27.017743  103.211491    20.669    27122.3     7507.7    14532.1   2127.7   2345.0   1891.3 2023  2  2 19 22 39.340  2.7   1
     3264  26.932296  102.938664    11.407       39.1    -1960.2     5270.9   1342.1   1151.2   1282.7 2023  2  2 20 27  4.280  2.9   1
     3266  26.444110  102.931982    14.315     -625.9   -56052.2     8179.0   2550.6   2692.8   4935.9 2023  2  2 20 44 36.740  2.4   1
     3269  26.830265  102.946501     6.443      817.5   -13265.3      307.0   1119.6    969.6   1265.8 2023  2  2 21 52 48.160  2.3   1
     3270  26.653288  103.003182    10.780     6453.9   -32875.0     4643.8   1255.2   1342.3   1906.6 2023  2  2 22  9 23.980  2.8   1
     3283  27.000686  102.691398    25.226   -24508.8     5617.7    19089.8   3569.4   3589.8   3631.9 2023  2  3  6 48  0.210  3.8   1
     3286  26.370455  102.964388    24.582     2600.2   -64213.7    18445.6   1897.4   2957.8   1672.2 2023  2  3  7 43 51.490  4.4   1
     3291  27.105127  102.853459     9.157    -8416.5    17190.2     3020.2   1281.4    838.3   1510.1 2023  2  3  9 59 32.770  3.5   1
     3294  27.142027  102.843774     8.822    -9375.6    21278.7     2686.1   1206.3   1676.0   2798.9 2023  2  3 12 41 11.350  3.3   1
     3301  27.024898  103.270125    26.945    32942.1     8300.5    20808.6   2132.2   2389.1   1694.6 2023  2  3 18 15 11.560  2.9   1
     3303  27.218001  102.754224     3.901   -18254.2    29696.9    -2235.8   3075.3   2523.6   3284.2 2023  2  3 19 14 57.320  2.6   1
     3307  27.058376  103.130135    27.674    19042.4    12010.0    21538.0   2011.3   1658.5   1560.5 2023  2  3 19 51 56.720  3.0   1
     3310  27.018347  102.783390    12.592   -15375.4     7574.7     6455.6   1594.5   1950.6   1718.3 2023  2  3 20 44 11.440  1.8   1
     3311  27.123535  102.877498     2.091    -6029.9    19229.8    -4045.6   1792.6   1242.6   4537.9 2023  2  3 21 18 48.160  2.4   1
     3313  27.135370  102.833634    30.553   -10381.7    20541.0    24416.9   2702.8   1398.8   1460.1 2023  2  3 22 15  8.140  1.6   1
     3321  26.683164  102.961735    22.844     2332.5   -29564.5    16707.9   3367.4   3428.7   2912.0 2023  2  4  3 36 57.350  3.7   1
     3324  26.758262  103.015470    23.750     7672.0   -21243.4    17613.2   2878.8   2135.8   2446.4 2023  2  4  4 50 31.870  3.3   1
     3329  26.817358  102.708407     8.306   -22838.8   -14695.6     2169.9   1776.6   1779.5   2148.6 2023  2  4  6 34 26.240  2.7   1
     3335  27.231995  102.896509     0.196    -4142.1    31247.3    -5939.9   2108.0   1772.9   2579.0 2023  2  4  9 55  4.260  2.1   1
     3336  27.164358  103.138656    11.767    19879.1    23753.0     5630.6   1312.8   1093.7   1663.1 2023  2  4 10 29 17.550  4.6   1
     3344  27.096454  102.747843    27.979   -18897.4    16229.0    21842.9   2535.1   2244.0   1558.5 2023  2  4 12 56 23.680  2.4   1
     3345  27.164152  102.806958    20.255   -13027.6    23730.2    14118.7   2953.4   1240.7   1952.2 2023  2  4 13  5 48.250  2.0   1
     3346  27.307076  102.917464    13.989    -2063.3    39566.6     7852.9   2732.7   2492.2   3831.6 2023  2  4 13 27 54.810  1.7   1
     3347  27.138180  103.159611     4.857    21960.5    20852.3    -1279.7   1734.7   1708.8   2464.7 2023  2  4 13 48 25.880  3.9   1
     3356  26.977850  102.903467     0.750    -3456.0     3087.5    -5386.7   2510.9   2590.5   3552.1 2023  2  4 16 28 44.010  2.2   1
     3361  27.045522  102.833724     3.971   -10377.6    10585.7    -2165.1   2780.4   3022.3   3364.0 2023  2  4 18 21  0.760  2.3   1
     3365  26.957560  102.946867     8.767      853.7      839.2     2630.7   1374.0   1809.9   1235.0 2023  2  4 19 34  7.760  2.5   1
     3366  26.972581  102.901204    22.038    -3680.2     2503.6    15901.8   2880.4   2125.9   1725.4 2023  2  4 20  3 14.540  1.6   1
     3367  26.848411  102.946305    14.151      798.0   -11254.9     8014.6    885.3    879.0    819.2 2023  2  4 20  7 36.480  2.5   1
     3368  26.723387  103.073983     7.665    13489.5   -25107.7     1528.2   4040.5   2303.8   3680.5 2023  2  4 20 33 16.400 -0.2   1
     3372  27.026925  102.809025    18.476   -12829.6     8525.0    12340.1   2139.9   1316.3   1619.3 2023  2  4 21  1 48.160  4.1   1
     3373  26.979826  102.912646     4.466    -2544.4     3306.3    -1670.0   2176.2   1666.0   1779.1 2023  2  4 21 12 48.680  2.8   1
     3378  27.082503  102.901416    10.406    -3658.0    14683.2     4269.3   1746.2   1004.2   1455.8 2023  2  4 22 14 28.720  2.8   1
     3386  26.511584  103.022192     4.486     8349.1   -48576.0    -1650.6   1749.2   1396.6   1680.9 2023  2  5  6 55 19.300  2.5   1
     3391  27.047683  102.777979    16.521   -15910.2    10825.1    10384.5   5287.6   3143.6   3249.6 2023  2  5 10  8 55.650  2.3   1
     3392  26.489667  102.991911     7.803     5337.1   -51004.6     1667.1   2434.8   2362.0   2542.4 2023  2  5 11 56 54.050  3.3   1
     3393  27.128827  103.071932     9.912    13261.6    19816.2     3775.8   3860.2   5064.4   5579.6 2023  2  5 12  4 38.300  1.9   1
     3394  27.041083  102.918994     7.483    -1913.3    10093.7     1346.3   1946.6   1427.5   1592.1 2023  2  5 12 37 36.850  3.1   1
     3395  26.987179  102.772518    12.673   -16456.3     4121.0     6536.1   1283.9   1176.4   1636.7 2023  2  5 12 41 57.150  3.3   1
     3398  26.894991  102.960124     7.831     2170.2    -6093.5     1694.5   1396.5   1028.2   1524.4 2023  2  5 16 41 16.840  3.0   1
     3404  26.616854  102.822160     3.119   -11546.8   -36911.8    -3017.5   1796.8   2861.9   4170.5 2023  2  5 19 53 51.640  2.7   1
     3405  27.008901  102.851196    15.222    -8644.6     6527.9     9085.7   2190.9   1450.1   1803.9 2023  2  5 20 21 55.300  2.4   1
     3407  26.958346  103.109749    12.213    17027.2      926.2     6076.9   1622.2   2153.6   1388.7 2023  2  5 20 50 57.760  2.9   1
     3408  26.866339  103.057918    10.064    11885.3    -9268.2     3927.8   4227.2   2888.0   4646.3 2023  2  5 20 54 15.600  2.3   1
     3417  27.010376  102.883431    20.039    -5444.5     6691.3    13903.0   3853.4   4031.8   2732.2 2023  2  6  1  3 11.860  1.8   1
     3419  26.969997  102.919019     9.473    -1912.1     2217.4     3336.2   1177.9   1010.3   1253.0 2023  2  6  1 12 27.600  4.9   1
     3421  26.992957  102.942204     6.347      390.1     4761.2      210.7   1419.1   1297.5   1252.3 2023  2  6  1 43 57.790  3.2   1
     3422  26.845437  102.974373     1.197     3586.0   -11584.3    -4939.3   2086.7   1954.5   3506.3 2023  2  6  1 52 17.550  2.4   1
     3423  27.007908  102.927238     6.249    -1095.2     6417.8      112.2   1381.8   1088.8   1314.8 2023  2  6  2 11 43.840  2.9   1
     3425  26.496236  102.996012    14.188     5744.7   -50276.5     8051.2   1890.2   1607.6   2049.9 2023  2  6  4 54  6.790  3.2   1
     3426  26.874375  102.830648    14.298   -10690.5    -8377.9     8162.0   1567.3   1322.1   1233.0 2023  2  6  5 20 41.670  2.9   1
     3427  27.104234  103.160767     7.637    22078.1    17091.0     1500.2   1627.9   1543.0   3375.8 2023  2  6  6 15 17.400  2.9   1
     3429  26.946840  103.167236    33.108    22736.0     -348.5    26971.4   3651.4   1897.5   2020.2 2023  2  6  6 55 21.740  3.2   1
     3432  26.392940  103.056698    19.571    11787.8   -61722.2    13434.4   2309.8   2136.7   1824.6 2023  2  6  7 42 54.830  4.0   1
     3434  26.969985  102.913151    10.629    -2494.2     2216.0     4492.7   1374.2   1179.5   1351.0 2023  2  6  8 30 31.150  4.5   1
     3435  26.972768  102.952726    10.030     1435.1     2524.3     3893.6   1559.4   1299.4   1595.5 2023  2  6  9 40 26.610  2.8   1
     3442  26.983409  102.930656    11.424     -756.5     3703.3     5288.0   1649.6   1319.8   1420.1 2023  2  6 14  5 30.640  2.4   1
     3443  27.108114  103.187093    21.149    24690.6    17521.0    15012.2   1803.1   1180.7   3434.9 2023  2  6 14 31 52.910  4.2   1
     3444  26.797044  102.940991     5.116      270.1   -16946.4    -1020.9   1847.8   2036.2   4502.3 2023  2  6 14 37 34.240  2.8   1
     3446  26.815129  102.940658    10.353      237.0   -14942.5     4216.5   2247.1   2313.5   2917.5 2023  2  6 14 57  0.150  2.9   1
     3449  26.788940  102.791545     5.468   -14580.1   -17844.3     -668.4   2272.2   1794.9   2187.2 2023  2  6 15  2 10.700  2.4   1
     3455  27.038786  102.845109     6.027    -9247.4     9839.4     -109.8   2809.1   2807.1   5056.8 2023  2  6 17 13 53.640  2.4   1
     3460  26.994299  102.948722    12.056     1037.5     4910.1     5919.3   1472.4   1257.8   1428.2 2023  2  6 18 26 56.100  3.3   1
     3467  26.956986  102.842660    18.309    -9494.4      775.8    12173.0   2379.4   2724.1   2621.8 2023  2  6 21 10 17.240  2.8   1
     3470  27.130711  102.876042     6.945    -6175.0    20024.7      809.0   1255.2    974.1   1590.1 2023  2  6 22 10  4.780  2.6   1
     3473  26.858510  102.722965    18.037   -21388.6   -10135.7    11901.0   2035.3   1610.4   1372.4 2023  2  6 23 11  6.960  3.1   1
     3478  26.728931  102.900814    11.459    -3723.1   -24493.5     5322.4   1884.8   1661.2   1687.1 2023  2  7  0 34 55.370  2.5   1
     3479  27.112046  103.124064     4.773    18436.0    17956.8    -1363.6   1480.3   1381.0   4615.1 2023  2  7  1 23 37.160  4.2   1
     3480  27.025623  103.283626    15.637    34281.8     8380.7     9500.4   1947.4   1279.7   3082.4 2023  2  7  1 48  4.770  4.9   1
     3493  26.709725  103.003426     9.873     6476.2   -26621.6     3736.5   2109.2   2300.1   3765.0 2023  2  7  9 25  0.280  2.5   1
     3494  26.966345  102.896615    10.634    -4136.7     1812.6     4497.3   1525.4   1024.4   1467.3 2023  2  7 10 51 42.860  2.7   1
     3497  26.573376  103.060994    11.324    12206.1   -41729.4     5187.5   1862.8   1682.4   1703.6 2023  2  7 12 22 33.570  3.9   1
     3498  26.575734  103.054240    10.392    11534.2   -41468.1     4255.7   1297.0   1640.2   1972.5 2023  2  7 12 27 52.750  3.8   1
     3499  26.568292  103.055046    11.042    11614.5   -42292.7     4905.9   1503.0   1693.0   1562.9 2023  2  7 12 51 49.860  3.6   1
     3500  26.566807  102.966976     5.936     2854.9   -42457.1     -200.1   1902.9   2398.7   2663.6 2023  2  7 13  0  6.440  3.7   1
     3503  26.693182  103.154207    23.884    21466.2   -28454.4    17747.1   2132.1   2088.4   1720.8 2023  2  7 13 48 39.930  3.2   1
     3505  27.026398  102.830135    17.327   -10734.1     8466.7    11190.9   1891.8    932.3   1627.2 2023  2  7 14  0  9.910  3.1   1
     3506  26.970846  102.928955     6.639     -924.8     2311.4      502.5   1399.6   1370.6   1348.9 2023  2  7 14 24 46.020  2.7   1
     3507  26.843001  103.056087    10.270    11704.4   -11854.2     4133.4   2956.2   3037.9   3693.1 2023  2  7 14 28 58.760  2.5   1
     3514  27.035533  102.843864    13.963    -9371.2     9478.7     7827.0   1814.6   1395.1   1711.5 2023  2  7 17 12 44.440  3.0   1
     3515  27.089709  102.830469     9.655   -10698.3    15481.8     3519.0   2123.0   1242.8   1778.1 2023  2  7 17 42 19.220  2.7   1
     3517  26.741018  102.748600     2.714   -18851.6   -23154.2    -3422.1   2668.3   2380.0   2500.7 2023  2  7 18  6 57.520  1.4   1
     3519  26.466209  103.258333     4.866    31848.7   -53603.8    -1270.2   4845.8   5085.2   6871.8 2023  2  7 18 34 54.560  3.1   1
     3521  26.571501  103.054663    11.537    11576.2   -41937.0     5401.1   1434.5   1529.5   1410.0 2023  2  7 18 46 48.700  4.0   1
     3522  26.969063  102.831502    12.051   -10601.5     2113.9     5914.1   1460.4   1052.8   1467.9 2023  2  7 19  4 59.200  2.8   1
     3524  26.977004  102.831112    13.526   -10640.1     2993.7     7389.5   1542.3   1187.9   1418.5 2023  2  7 19 54 31.700  2.9   1
     3526  26.902073  102.947681     2.986      934.7    -5308.8    -3150.6   3972.6   2988.0   3711.5 2023  2  7 20 51 58.100  2.3   1
     3530  26.874963  102.872616    29.630    -6522.1    -8312.6    23493.4   2582.5   1985.6   1466.7 2023  2  7 22 10 15.520  3.0   1
     3533  27.106468  102.853532    13.959    -8408.8    17338.7     7822.3   1535.1    827.0   1258.3 2023  2  7 22 51 25.800  4.0   1
     3534  26.780343  102.823877    18.157   -11368.1   -18797.0    12020.6   9347.7   7948.0   5765.7 2023  2  7 22 54 11.560  2.1   1
     3535  26.544126  102.981453     4.434     4295.0   -44970.3    -1702.5   1459.1   2028.3   2070.2 2023  2  7 23  6 45.840  3.1   1
     3536  26.920160  103.119995     6.065    18047.3    -3304.7      -71.2   1955.0   2359.6   6420.6 2023  2  7 23  7  0.840  2.8   1
     3539  27.150033  102.841626     7.687    -9588.8    22165.8     1551.0   1427.5    987.8   1664.4 2023  2  7 23 17  1.760  3.1   1
     3546  27.193717  102.750138     7.382   -18661.6    27006.2     1246.0   2423.8   2394.2   3930.9 2023  2  8  4 40 22.700  3.3   1
     3556  26.926265  102.789575     6.641   -14767.3    -2628.3      504.5   2209.7   3237.3   2793.4 2023  2  8 11 37 32.140  3.3   1
     3558  26.984963  102.899854     4.145    -3814.7     3875.5    -1991.1   3868.1   2959.5   4814.2 2023  2  8 12  8 20.810  3.0   1
     3559  26.943410  102.768237    12.584   -16884.7     -728.6     6447.5   2075.0   1875.7   2083.5 2023  2  8 14 25 53.970  2.9   1
     3560  27.201886  102.705762    17.537   -23062.2    27911.1    11400.5   1502.7   2061.5   1909.8 2023  2  8 14 55 10.530  3.0   1
     3561  27.124500  102.857642    13.184    -8000.6    19336.5     7047.1   1619.9    936.3   1465.4 2023  2  8 15 37 19.870  3.9   1
     3562  27.120038  102.913672    12.177    -2440.8    18842.3     6040.5   4432.1   3204.1   3787.1 2023  2  8 15 41 55.900  2.4   1
     3565  26.807727  102.674268     4.196   -26231.5   -15762.7    -1940.0   4529.3   3607.9   5071.8 2023  2  8 17 43 21.000  2.9   1
     3566  26.765991  103.103304    14.221    16401.0   -20387.2     8084.6   2209.3   1904.7   1386.4 2023  2  8 18  5  8.560  2.4   1
     3567  27.176927  103.105135    17.959    16552.5    25145.6    11822.4   2641.8   1823.9   4931.6 2023  2  8 18 26 14.220  3.0   1
     3572  27.098254  102.862199     7.099    -7549.0    16428.6      962.7   1460.9   1006.7   1666.2 2023  2  8 20 57 35.540  3.1   1
     3573  27.190407  103.640894    34.367    69695.7    26639.3    28230.8   2820.2   3074.1   3157.8 2023  2  8 21  5 12.980  4.2   1
     3574  26.997253  102.911466    14.711    -2661.1     5237.4     8574.4   2520.1   1448.2   1727.7 2023  2  8 23 33 29.860  3.2   1
     3578  27.274679  102.940999    10.537      270.1    35976.9     4401.1   1761.7   2330.2   1831.3 2023  2  9  0 42 45.450  2.1   1
     3581  27.225224  102.993156     4.575     5443.3    30497.2    -1561.3   2986.3   1913.9   3367.9 2023  2  9  4  5 17.070  1.8   1
     3584  26.828383  102.951196    16.514     1283.8   -13473.8    10377.2   1092.3   1068.7   1171.1 2023  2  9  5 18 18.600  3.7   1
     3586  26.471832  103.163444    21.669    22406.0   -52980.6    15532.9   3001.3   1691.6   2511.6 2023  2  9  9 11 45.640  4.1   1
     3588  27.230859  102.850968    11.445    -8658.6    31121.5     5308.5   2361.4   2795.7   3367.3 2023  2  9 10 16 18.210  3.8   1
     3589  27.058516  102.944263    17.691      594.4    12025.4    11554.9   4270.2   3470.8   4133.3 2023  2  9 10 31 57.000  3.0   1
     3597  26.949333  102.938924    10.562       65.0      -72.3     4425.4   1378.9   1214.0   1187.3 2023  2  9 13 58 42.220  2.9   1
     3599  26.958610  102.834245    14.266   -10329.8      955.5     8130.1   6227.0   3251.0   3032.0 2023  2  9 15 25 30.750  2.4   1
     3603  26.917975  102.908911     9.389    -2916.0    -3546.8     3252.8   1555.9   1387.9   1224.4 2023  2  9 17 12 51.860  1.9   1
     3605  27.009125  102.738989     9.560   -19783.5     6552.8     3423.2   1592.4   2133.7   2247.7 2023  2  9 17 50 12.280  2.9   1
     3610  26.889884  103.089331    21.883    15003.9    -6659.5    15747.0  10405.8   4419.6   3172.9 2023  2  9 19 42  9.060  2.3   1
     3611  27.354226  103.037231    13.760     9809.0    44790.9     7624.0   3115.8   2250.7   2068.9 2023  2  9 19 51 51.100  3.0   1
     3613  27.097957  103.089233     2.771    14980.4    16395.5    -3365.4   1370.1   1312.5   2588.0 2023  2  9 20 13 19.700  4.7   1
     3614  27.071397  102.718579    14.772   -21803.5    13452.6     8635.1   1923.2   1132.3   2207.3 2023  2  9 20 22 26.860  4.2   1
     3615  26.964927  102.958765    19.287     2034.6     1655.6    13150.5   4376.1   3223.2   2379.3 2023  2  9 20 44 56.560  2.9   1
     3616  27.534123  103.249699     1.547    30844.2    64723.9    -4589.2   3434.0   3488.9   6151.4 2023  2  9 20 45  4.760  1.9   1
     3617  26.692426  102.944987    11.995      667.6   -28538.4     5859.0   1343.2   2206.2   1503.8 2023  2  9 20 50 45.960  1.9   1
     3619  27.083881  103.064665    14.843    12543.3    14835.8     8706.8   2214.5   1338.9   3933.6 2023  2  9 21 52 15.780  3.4   1
     3621  26.978117  102.910946     4.374    -2712.9     3116.9    -1762.2   3830.7   2295.4   2877.6 2023  2  9 22 14 15.300  2.2   1
     3622  27.091101  103.109709     1.020    17012.9    15636.0    -5116.2   1560.7   1286.8   2958.1 2023  2  9 22 30 18.460  3.0   1
     3623  26.964211  102.852970    12.797    -8469.8     1576.1     6660.4   2308.5   1492.7   1871.1 2023  2  9 22 39 57.040  3.0   1
     3624  26.892607  102.949105    15.963     1075.6    -6357.7     9826.7   1142.2   1162.0   1509.0 2023  2  9 23 37 29.840  2.8   1
     3626  26.867820  102.936686     5.643     -157.5    -9104.1     -493.2   1131.3   1438.2   2242.6 2023  2  9 23 58 10.260  3.0   1
     3629  27.132951  103.180412    10.132    24024.8    20273.1     3996.0   1544.7   1552.0   2829.7 2023  2 10  0 50 22.900  3.2   1
     3636  26.660925  102.680037    30.996   -25675.2   -32028.8    24859.6   2688.4   3344.1   2529.3 2023  2 10  2 35 52.370  3.8   1
     3640  27.008386  102.752043     2.289   -18487.7     6470.9    -3847.3   3484.0   2147.1   3174.8 2023  2 10  3 50 47.810  2.0   1
     3641  26.819065  102.960938    13.116     2252.0   -14506.3     6979.3   1262.2   1238.0   1270.0 2023  2 10  3 51 17.800  3.1   1
     3643  26.865639  102.943953     4.885      564.2    -9345.8    -1251.3   1277.4   1184.6   2529.6 2023  2 10  4 12 31.530  3.3   1
     3645  26.743449  102.829606    15.282   -10800.7   -22884.9     9145.8   1458.0   1773.7   1395.0 2023  2 10  4 24 55.790  3.2   1
     3650  27.108742  102.753947     6.655   -18290.3    17590.7      518.8   2990.0   2376.6   3707.7 2023  2 10  8 31 13.530  2.7   1
     3654  26.926601  102.901506     4.689    -3651.1    -2591.2    -1447.8   2166.4   1615.1   1710.5 2023  2 10 10  6 43.890  3.3   1
     3657  27.205280  102.819645    19.209   -11766.3    28287.1    13073.0   5529.9   4513.6   2493.8 2023  2 10 10 23 28.880  3.0   1
     3658  27.039162  102.763452    11.630   -17352.6     9880.9     5493.4   1223.6   1108.0   1803.4 2023  2 10 11 42 25.830  3.6   1
     3659  26.675415  102.850529    14.034    -8723.5   -30423.1     7897.4   2583.5   1784.8   2046.5 2023  2 10 13 28 25.100  3.2   1
     3661  26.968563  102.927661     8.233    -1053.9     2058.3     2096.7   1282.6   1043.8   1333.3 2023  2 10 13 44 34.240  3.2   1
     3664  27.040542  102.737899    29.711   -19889.2    10033.8    23574.8   2963.2   1715.5   2633.4 2023  2 10 14 24  6.670  2.5   1
     3668  26.917080  102.860840    11.003    -7689.9    -3646.0     4867.1   3291.6   3404.6   3198.7 2023  2 10 15 49  8.740  1.8   1
     3673  26.994877  102.893140     1.907    -4481.2     4974.2    -4229.1   2841.4   2234.5   2970.8 2023  2 10 16 46 56.170  2.0   1
     3676  26.861841  102.940218     7.201      193.6    -9766.8     1064.3   1161.9   1610.3   3478.7 2023  2 10 18  5 36.080  2.7   1
     3677  26.985386  102.766512    12.750   -17053.2     3922.5     6614.1   1507.4   1644.6   1533.7 2023  2 10 18 13 48.420  2.2   1
     3679  26.814746  102.966569    11.886     2811.6   -14985.0     5749.3    841.5   1060.6    904.6 2023  2 10 18 51 51.000  2.9   1
     3681  26.816532  102.968587    15.483     3011.9   -14787.0     9347.0   1115.8   1055.8   1457.5 2023  2 10 18 59 17.160  3.7   1
     3682  26.850464  103.000163    16.178     6147.9   -11027.2    10041.3   1293.4   1169.9   1344.3 2023  2 10 20  1 54.320  2.5   1
     3683  27.046702  103.018286    17.965     7942.2    10716.5    11828.6   3937.9   3608.4   3400.5 2023  2 10 20  3 14.280  0.7   1
     3685  27.194484  103.216081    20.239    27556.7    27091.2    14102.5   2545.3   2481.4   3010.9 2023  2 10 20 13 49.880  2.6   1
     3689  26.818492  102.980298    14.461     4175.2   -14570.0     8324.3    800.5    950.1    858.0 2023  2 10 21 25 36.460  3.2   1
     3690  27.004215  102.890259     9.633    -4766.8     6008.7     3496.9   1404.5   1257.2   1358.8 2023  2 10 21 35 25.200  3.2   1
     3691  26.742112  102.993213     9.151     5460.3   -23032.8     3015.0   1161.4   1504.2   1794.7 2023  2 10 22  2 20.140  3.3   1
     3692  26.711552  102.982918     7.985     4438.0   -26419.2     1848.6   1099.2   1527.6   1570.7 2023  2 10 22 13 22.860  2.7   1
     3693  26.858341  102.889038     5.067    -4890.7   -10154.3    -1069.2   2886.7   1303.9   2398.5 2023  2 10 22 27 15.600  2.5   1
     3694  26.816949  102.969482    16.187     3100.5   -14740.7    10050.3   1281.9   1862.6   1407.8 2023  2 10 22 52 55.800  3.0   1
     3695  27.022406  102.707747    14.287   -22884.1     8024.3     8150.6   3907.7   2944.4   3821.6 2023  2 10 23 10 21.920  3.1   1
     3696  26.814958  102.958757    12.288     2035.6   -14961.6     6151.8    855.3    867.4    753.6 2023  2 10 23 21 27.120  3.0   1
     3697  27.003054  102.813973     5.733   -12339.7     5880.1     -403.3   1267.6   1848.3   1602.5 2023  2 10 23 27 25.760  2.8   1
     3699  26.569259  103.063143     3.725    12420.2   -42185.5    -2411.8   2274.3   2342.4   2510.2 2023  2 10 23 50 20.420  2.4   1
     3700  27.125755  102.919206    21.835    -1891.8    19475.8    15698.6   2586.5   1389.3   1020.1 2023  2 11  0  0 47.700  3.3   1
     3701  27.127285  102.917253    15.189    -2085.7    19645.2     9052.9   3787.7   2449.1   3201.1 2023  2 11  0 14 26.360  3.0   1
     3703  26.924379  102.898918    10.643    -3908.3    -2837.2     4506.2   1337.0   1104.3   1334.2 2023  2 11  0 34 33.290  3.9   1
     3705  26.933492  103.142814    14.760    20312.3    -1827.5     8623.6   3072.4   3254.2   7257.6 2023  2 11  2 18  8.280  2.5   1
     3708  27.188729  102.919604    10.370    -1851.8    26453.4     4233.6   1852.2   1983.7   2405.8 2023  2 11  3 43 41.480  3.2   1
     3713  26.896552  103.003068     7.976     6435.5    -5920.7     1839.1   3231.6   4882.5   6269.9 2023  2 11  6 24 40.760  2.2   1
     3715  27.052541  103.419230     0.890    47736.8    11363.5    -5245.9   1653.2   3111.4   2250.4 2023  2 11  6 54  0.990  3.9   1
     3716  27.345402  102.616536    17.988   -31892.2    43813.1    11851.2   2615.8   3784.0   5517.1 2023  2 11  7  5 44.440  3.5   1
     3717  27.207959  102.965633     2.893     2713.9    28584.0    -3243.4   2083.7   1914.1   3588.6 2023  2 11  7 12 46.630  2.4   1
     3719  27.131626  102.734090    17.621   -20258.6    20126.4    11484.6   1786.0   1169.1   2374.8 2023  2 11  8  1 17.770  2.8   1
     3721  27.129325  102.849349    10.514    -8823.5    19871.3     4378.0   1422.7    908.0   1305.5 2023  2 11  8 41  3.690  2.8   1
     3722  26.958724  102.661572    20.739   -27474.9      968.3    14602.1   2265.4   3147.3   2718.9 2023  2 11  9  1 48.320  3.8   1
     3728  27.118502  103.159041    24.729    21905.4    18672.1    18592.5   1394.8   2193.8   1554.5 2023  2 11 10 43  2.860  2.8   1
     3729  26.844759  102.705876     3.900   -23087.3   -11659.5    -2235.9   2033.6   1975.4   4059.4 2023  2 11 10 57 56.570  2.7   1
     3742  26.789156  103.114079    21.006    17469.4   -17820.4    14869.8   2876.4   1691.8   1693.6 2023  2 11 13 57 47.070  2.6   1
     3744  26.870315  102.940291     7.200      200.7    -8827.9     1063.8   1221.5   1245.1   2176.7 2023  2 11 15  5 42.430  2.9   1
     3748  26.785413  102.969629     9.322     3116.1   -18235.1     3185.1   1614.0   1914.7   7529.2 2023  2 11 16 32 54.340  2.5   1
     3750  27.036281  102.899935    10.243    -3805.6     9561.7     4106.7   2331.6   1706.1   2547.9 2023  2 11 16 48  8.620  2.1   1
     3753  27.218980  103.612191    42.760    66840.5    29805.3    36623.8   2827.0   6551.8   4110.4 2023  2 11 17 20 36.940  3.7   1
     3762  26.563287  103.250090    11.042    31015.2   -42847.3     4906.0   2592.4   3639.4   3785.1 2023  2 11 20  3 36.720  2.9   1
     3763  26.680304  102.984310    11.775     4576.6   -29881.5     5638.8   1407.3   1199.9   1869.3 2023  2 11 20 27 25.080  2.6   1
     3764  27.137933  103.121981     5.586    18226.9    20825.0     -550.2   4421.3   3107.5   5832.6 2023  2 11 21  4 18.760  2.6   1
     3767  26.549510  103.025049    16.254     8631.6   -44373.8    10117.4   2020.8   2018.4   1695.4 2023  2 11 21 41 16.760  3.5   1
     3778  26.619484  102.965308    13.427     2688.7   -36620.4     7290.2   3432.6   3448.8   2515.4 2023  2 12  0 40 41.680  2.6   1
     3784  26.992582  102.922648     5.805    -1550.9     4719.8     -331.3   1389.6   1225.5   1517.3 2023  2 12  3  7  9.350  3.9   1
     3785  27.031993  103.202140     8.068    26192.0     9086.6     1931.3   1895.9   2113.4   3306.7 2023  2 12  3 21 49.170  3.6   1
     3786  27.181061  102.837052     7.297   -10041.2    25603.7     1160.7   1506.6   1486.0   2191.7 2023  2 12  3 32 54.620  4.6   1
     3787  27.001503  102.805477     4.754   -13183.5     5708.3    -1382.3   1204.0   1340.7   2018.7 2023  2 12  3 34  5.200  4.2   1
     3788  26.847455  102.947770    12.889      943.1   -11360.7     6752.6   1200.3   1025.1   1137.8 2023  2 12  3 36 55.170  3.0   1
     3790  27.009056  102.796411    23.821   -14083.2     6545.1    17684.6   3270.6   1685.0   2093.1 2023  2 12  3 46 34.860  2.1   1
     3796  27.146464  102.942904     7.629      459.5    21770.3     1492.8   5636.4   1712.9   4015.9 2023  2 12  5  7 32.040  2.7   1
     3797  27.095693  102.944727    26.966      640.1    16144.7    20829.6   2991.7   2201.9   2317.6 2023  2 12  5 37 32.460  2.7   1
     3802  27.091264  102.859448    16.504    -7822.5    15653.9    10367.6   1733.5   1277.1   1524.8 2023  2 12  7  2 15.470  3.4   1
     3803  26.694482  102.999284    27.488     6065.0   -28310.4    21351.3   2701.6   2830.1   2601.6 2023  2 12  7  4 59.880  3.3   1
     3804  26.991884  102.910506    95.381    -2757.0     4642.5    89244.7   3389.2   2192.5  14952.7 2023  2 12  7 14 36.140  2.9   1
     3805  26.648476  102.912760     2.431    -2537.0   -33408.1    -3705.3   5138.3   3849.1   6317.0 2023  2 12  7 28 30.560  2.9   1
     3809  26.822467  102.595109    14.126   -34095.2   -14129.5     7989.4   5707.5   8164.9  23013.1 2023  2 12  8  7 10.040  3.2   1
     3811  27.085799  103.129663     5.175    18993.1    15048.4     -961.3   4143.5   3276.0   4903.3 2023  2 12  9 24 42.700  1.7   1
     3818  26.943309  102.779614     5.686   -15754.9     -739.8     -450.3   2053.0   2355.8   6278.1 2023  2 12 11 20 54.740  2.8   1
     3819  26.823193  102.879338     8.508    -5855.4   -14049.0     2371.8   1382.0    935.1   1665.4 2023  2 12 11 30 20.660  2.3   1
     3824  26.690234  102.895833    13.709    -4218.8   -28781.2     7572.3   1560.0   2146.7   1224.1 2023  2 12 14  3 46.340  2.6   1
     3829  26.905644  103.004460    18.236     6573.7    -4913.2    12099.1   1905.7   1896.5   1905.5 2023  2 12 15 20  6.950  3.0   1
     3830  26.873238  102.934334    14.799     -391.2    -8503.8     8662.7   1697.6   1230.5   1052.6 2023  2 12 15 24 31.290  3.6   1
     3834  26.956250  102.899927    13.539    -3807.4      694.0     7402.5   2087.2   1516.1   1350.6 2023  2 12 16 51 25.630  2.9   1
     3835  26.836190  102.955990     6.853     1760.4   -12608.8      716.2   1115.7    994.7   1403.7 2023  2 12 17  1 26.600  2.8   1
     3841  26.963588  103.103988     7.848    16454.3     1507.1     1711.3   2505.6   2059.6   2261.9 2023  2 12 18 20 17.200  2.9   1
     3848  26.824314  102.876017    21.226    -6185.6   -13924.8    15089.2   1330.2   1171.4   1379.1 2023  2 12 19 47 48.120  3.0   1
     3849  26.959703  102.787500     5.758   -14970.8     1076.7     -378.5   2757.4   2174.4   4060.6 2023  2 12 20 14 10.780  2.4   1
     3851  27.130699  103.143840    19.038    20396.3    20023.5    12901.4   1550.6   1226.0   1689.9 2023  2 12 20 45 24.600  3.6   1
     3856  26.663938  103.026042    63.018     8726.3   -31694.9    56881.4   8202.5  10195.9   4044.2 2023  2 12 23 18 38.760  3.1   1
     3858  26.624636  103.083325    12.020    14423.6   -36049.5     5883.7   1310.7   1232.9   1717.7 2023  2 12 23 47  4.320  3.6   1
     3860  26.486401  103.088696     4.558    14967.5   -51366.3    -1578.8   2541.9   1579.5   2466.1 2023  2 13  1 13 59.280  3.0   1
     3868  26.879051  102.927987    13.341    -1021.4    -7859.9     7204.4   1164.4   1027.0   1036.9 2023  2 13  3 57 56.990  3.5   1
     3869  27.061373  102.696916    10.844   -23954.9    12341.9     4707.8   1769.0   2473.4   2338.6 2023  2 13  4  8 58.450  3.3   1
     3873  27.017592  102.730493    11.518   -20625.9     7490.9     5382.1   2670.0   1249.9   3617.3 2023  2 13  6 34 32.170  2.8   1
     3877  26.843404  103.000407    16.065     6172.5   -11809.5     9928.6   1320.5   1131.1   1133.2 2023  2 13  6 58  8.040  3.1   1
     3880  27.319527  102.898486     5.932    -3944.1    40946.2     -204.0   2859.2   2645.1   3733.9 2023  2 13  8 44  9.760  3.4   1
     3884  27.145646  102.817212    14.827   -12011.2    21679.8     8690.8   2361.1   1654.0   5018.8 2023  2 13 10 36 54.440  2.8   1
     3886  26.492784  102.977620     8.215     3914.8   -50659.3     2078.6   1461.0   1404.6   2415.8 2023  2 13 11 20 53.140  3.7   1
     3890  26.472620  102.970589     8.205     3215.9   -52893.4     2068.3   3006.4   2201.5   3357.8 2023  2 13 12 44 44.880  3.3   1
     3892  26.855892  103.116040     1.210    17659.2   -10425.8    -4926.2   2462.7   2867.0   3681.3 2023  2 13 14 14 17.890  2.1   1
     3893  26.582642  102.920060    25.635    -1811.4   -40702.6    19498.2   1949.3   2254.3   1604.9 2023  2 13 14 35 47.320  3.2   1
     3894  26.940460  103.048600    14.707    10955.8    -1055.4     8570.7   3311.8   4102.4   3217.9 2023  2 13 14 40 28.050  2.4   1
     3897  26.886688  103.278719    10.806    33815.4    -7013.5     4669.4   4916.3   5415.5   4181.2 2023  2 13 15  2 33.870  2.4   1
     3906  26.825330  102.739404     5.533   -19758.6   -13812.2     -603.1   2143.8   1763.3   2685.6 2023  2 13 19 30 15.820  1.4   1
     3913  27.107015  102.884473     9.233    -5339.0    17399.2     3096.7   1707.7    946.8   1396.3 2023  2 13 22 17 53.520  3.0   1
     3922  26.607896  103.104403     1.854    16520.9   -37904.5    -4282.8   2198.4   1744.9   2771.6 2023  2 14  2 57 33.440  3.3   1
     3932  26.935028  102.897062     9.974    -4092.5    -1657.4     3837.8   2562.1   2196.3   2500.2 2023  2 14 11 57  2.330  2.5   1
     3934  27.149404  103.094515     5.722    15501.3    22096.1     -414.3   1832.7   2301.0   3903.5 2023  2 14 13 23 47.720  2.4   1
     3936  27.091280  102.909863    16.359    -2819.6    15655.7    10222.7   2380.8   1380.8   1783.6 2023  2 14 14 12 31.560  2.6   1
     3939  27.244604  103.058659    21.646    11938.9    32644.6    15509.9   3297.7   2446.2   1837.0 2023  2 14 17 31 36.040  3.0   1
     3940  26.495939  102.967928     9.874     2950.7   -50309.6     3737.7   2771.6   1572.6   3739.6 2023  2 14 17 59 20.880  3.5   1
     3943  26.878951  102.956429    13.578     1803.2    -7870.8     7441.9   1615.8   1048.3   1217.7 2023  2 14 21 11 56.760  3.0   1
     3944  27.116138  102.830005     1.438   -10742.9    18410.1    -4698.0   1633.2   1294.6   3478.8 2023  2 14 21 35 59.520  2.9   1
     3945  26.721132  102.818368    17.084   -11918.1   -25357.6    10947.9   1257.7   2533.0   2053.3 2023  2 14 22 33 58.840  3.5   1
     3946  26.663735  102.931608     5.879     -662.4   -31717.2     -257.6   2603.5   2432.7   3941.8 2023  2 14 22 54 14.600  2.7   1
     3948  27.110726  102.823511    13.654   -11387.5    17810.5     7517.6   1515.9    901.6   1547.9 2023  2 14 23  2 21.120  3.0   1
     3954  26.979592  102.888737    15.864    -4918.2     3280.5     9728.0   3545.4   2042.2   2314.0 2023  2 15  2 44 14.520  3.0   1
     3958  27.142845  102.864282     3.762    -7340.7    21369.2    -2374.5   2286.3   1558.8   3512.8 2023  2 15  5 48 57.830  3.6   1
     3959  27.098222  102.831047    17.020   -10640.3    16425.0    10883.9   1900.2   1098.7   1825.0 2023  2 15  6 37 39.050  3.9   1
     3960  27.320656  102.963086    12.656     2460.3    41071.3     6519.2   1852.2   1565.6   1637.9 2023  2 15  7 13 41.660  2.0   1
     3964  27.101516  102.840527    11.417    -9700.0    16789.9     5280.6   1528.3    876.1   1517.7 2023  2 15 10 22 17.840  3.4   1
     3970  27.113245  102.819222    10.170   -11813.2    18089.5     4033.6   1364.3    909.1   1645.0 2023  2 15 11 38  6.520  3.0   1
     3973  26.963521  102.911727     7.480    -2635.5     1499.8     1343.4   1666.0   1574.1   1399.9 2023  2 15 14 54  0.720  2.3   1
     3976  27.107737  102.844124     8.257    -9342.6    17479.4     2120.6   1243.2    856.7   1581.1 2023  2 15 15 17 29.780  2.8   1
     3977  26.862410  102.936466    12.911     -179.6    -9703.5     6774.8   1359.2    995.9   1029.6 2023  2 15 16  9 19.260  4.2   1
     3978  27.105455  102.864193     6.706    -7350.7    17226.4      569.2   1397.4    860.3   1963.1 2023  2 15 16 28  5.090  2.4   1
     3979  26.814480  103.224943    24.967    28482.6   -15014.4    18830.1   2592.5   2178.1   2046.1 2023  2 15 16 34 48.890  2.9   1
     3981  26.503524  102.998608     7.473     6002.7   -49469.2     1336.2   2186.2   1693.5   3678.1 2023  2 15 19 12 44.440  3.8   1
     3982  26.989062  102.791634     9.101   -14558.2     4329.8     2964.3   1126.9   1042.2   1482.5 2023  2 15 19 18 16.120  4.0   1
     3983  26.841394  102.964372    17.147     2593.0   -12032.2    11010.2   1077.4   1002.9    962.5 2023  2 15 20 50 46.760  2.9   1
     3991  26.626740  102.962760     3.086     2435.3   -35816.5    -3050.0   3390.9   2098.0   3675.9 2023  2 16  3 38 27.700  3.5   1
     3995  26.854091  102.846973    22.952    -9070.0   -10625.2    16815.6   6332.3   4366.4   3208.6 2023  2 16  8 43 16.710  2.0   1
     3996  26.717365  102.837850    28.324    -9982.1   -25775.1    22187.9   6070.9  12357.7   4316.5 2023  2 16  9 59 23.210  3.3   1
     3999  26.510274  102.832642     1.250   -10509.4   -48721.2    -4886.1   6137.1   4417.3   6942.8 2023  2 16 12 21 49.350  2.9   1
     4003  26.976048  102.894556    28.768    -4340.5     2887.7    22631.7   4338.1   2415.3   2863.7 2023  2 16 15  4 14.150  3.3   1
     4004  27.204816  102.845264    12.705    -9225.4    28235.7     6568.4   1588.0   1293.4   1235.9 2023  2 16 15 18 47.110  2.6   1
     4005  27.137095  102.863859     6.773    -7383.4    20732.2      636.4   1278.0    898.8   1632.6 2023  2 16 15 51 51.340  2.9   1
     4007  27.044930  102.799707    12.228   -13753.8    10520.1     6091.9   1378.8   1341.7   1678.1 2023  2 16 16 24  7.900  3.0   1
     4011  27.008313  102.959578    12.616     2115.1     6462.8     6479.4   1737.7   1689.0   1338.7 2023  2 16 17 18 28.080  2.5   1
     4016  27.016486  102.884880    40.861    -5300.6     7368.4    34724.9   3950.4   2208.0   2892.1 2023  2 16 18 47 56.800  2.5   1
     4024  27.119051  102.812101     8.063   -12519.6    18732.9     1926.5   1955.9   1268.3   1658.5 2023  2 17  0 14 51.630  3.4   1
     4027  27.358708  102.900000    15.713    -3793.5    45287.4     9576.1   2169.2   1583.1   1659.8 2023  2 17  2  5 10.840  3.4   1
     4028  26.926750  102.853027     9.854    -8465.6    -2574.7     3717.5   2843.7   2055.7   1784.4 2023  2 17  2  5 13.360  3.0   1
     4033  26.840188  102.909090     5.018    -2898.9   -12165.9    -1118.9   7515.1   3809.6   3085.2 2023  2 17  5 33 51.020  2.5   1
     4037  26.788228  103.191341    10.519    25147.1   -17923.2     4383.0   1680.5   2673.5   2530.3 2023  2 17  9 58 48.950  4.2   1
     4041  26.946857  102.909302     6.705    -2876.9     -346.8      569.0   1790.2   1302.8   1560.5 2023  2 17 13 22  2.790  2.8   1
     4046  26.884515  102.902091     7.786    -3593.6    -7254.3     1649.8   1443.2    992.9   1162.7 2023  2 17 17 38 55.160  2.8   1
     4047  26.857762  102.904761    12.784    -3329.2   -10218.7     6647.8   1685.7   1465.5   1609.4 2023  2 17 17 44 19.540  2.7   1
     4048  26.852665  102.929069    18.634     -914.2   -10783.4    12497.7   1392.4    989.3   1450.6 2023  2 17 17 50 30.180  2.9   1
     4052  27.118150  102.847607     5.693    -8996.7    18633.1     -443.6   1466.3    911.1   2620.4 2023  2 17 22  3 44.000  3.0   1
     4053  27.163735  102.885579     4.239    -5227.4    23683.9    -1897.5   1922.2   2016.4   4403.1 2023  2 17 22 11  1.380  2.3   1
     4058  26.829323  102.966634    13.097     2817.7   -13369.7     6960.9    970.0    870.3    858.3 2023  2 17 23  0 31.120  3.8   1
     4059  27.135378  103.195288     1.785    25500.4    20542.0    -4351.4   1251.7   1695.1   4102.8 2023  2 18  0 57 15.640  4.3   1
     4066  27.267853  102.899495    10.021    -3845.2    35220.5     3884.3   1839.8   2215.4   1482.8 2023  2 18  5 47 29.680  2.8   1
     4070  27.093333  102.734871    29.674   -20185.2    15883.1    23537.3   5021.1   2660.7   2555.2 2023  2 18  6 23 13.990  2.5   1
     4073  26.521731  103.210539    30.083    27086.0   -47451.9    23946.8   7194.3   9579.3   5518.3 2023  2 18  7  7 59.650  3.0   1
     4083  27.143394  102.866764    11.131    -7094.7    21430.2     4994.7   1613.6   1004.4   1323.3 2023  2 18 11  9 37.300  4.4   1
     4084  26.831649  103.014811    16.777     7604.4   -13112.1    10640.5   1395.8   1236.2   1198.8 2023  2 18 11 25  4.350  3.4   1
     4086  27.115023  102.832479     9.810   -10498.1    18286.6     3674.0   6639.5   2860.2   2341.3 2023  2 18 12  7 46.150  3.2   1
     4087  26.617466  102.718400    29.949   -21864.7   -36844.0    23812.2   3342.7   2864.5   2640.0 2023  2 18 13 43 24.480  3.2   1
     4088  27.136092  103.035799    16.049     9676.0    20621.1     9912.6   5239.0   3380.0   3035.6 2023  2 18 14 31 26.180  2.7   1
     4089  27.010002  102.872412     8.676    -6538.4     6649.8     2540.0   2443.3   1779.9   1792.6 2023  2 18 16  4  9.000  2.2   1
     4094  27.199809  102.770809     1.574   -16610.9    27681.0    -4562.7   1991.4   2185.2   3747.3 2023  2 18 17 38 21.640  3.3   1
     4095  27.060797  102.732170     7.292   -20455.9    12278.1     1155.4   2024.4   1951.7   2911.0 2023  2 18 18  7 22.560  2.7   1
     4096  27.050250  102.676766    25.517   -25956.1    11109.7    19381.1   2553.8   2063.8   2565.4 2023  2 18 18 10 57.640  3.2   1
     4103  27.128125  103.065804     3.616    12653.4    19738.2    -2520.7   1921.2   1492.9   3532.3 2023  2 18 21 13 39.680  3.9   1
     4104  26.744283  102.806820     6.102   -13064.8   -22792.5      -34.0   2311.5   3630.4   6239.6 2023  2 18 21 33 18.400  2.2   1
     4109  27.019285  102.858496     4.011    -7919.4     7678.6    -2125.9   2615.6   1862.4   3508.4 2023  2 19  2 13 23.520  3.2   1
     4110  27.363312  103.059757    10.003    12040.9    45797.6     3866.9   2443.9   1657.6   1843.4 2023  2 19  2 53 39.520  2.2   1
     4112  26.522168  102.992139     8.723     5359.1   -47403.4     2586.6   1924.1   2098.2   2747.7 2023  2 19  4 19 14.990  2.4   1
     4113  27.049516  103.130729    15.250    19102.6    11028.2     9114.1   2656.3   1709.0   3419.1 2023  2 19  4 45 28.730  3.4   1
     4116  27.097398  103.001383     1.414     6263.1    16333.6    -4722.1   2694.2   1642.4   4818.9 2023  2 19  6 32 11.650  3.1   1
     4117  26.739329  102.978589     5.703     4007.4   -23341.3     -433.5   4852.9   3317.7   3055.4 2023  2 19  8 43 39.550  2.7   1
     4119  27.137602  102.881771     2.720    -5605.9    20788.3    -3416.2   3727.7   2858.3   6378.1 2023  2 19 10 30 19.390  2.9   1
     4123  27.298185  102.916992     0.779    -2110.2    38581.3    -5357.8   1461.5   1751.5   3064.8 2023  2 19 14 35  1.820  2.4   1
     4125  27.167190  102.512622    11.490   -42226.3    24066.8     5353.7   2354.3   2913.6   5250.8 2023  2 19 15 52 13.700  3.1   1
     4126  27.177718  102.836328    11.534   -10113.2    25233.4     5397.2   1550.4   1085.0   1567.5 2023  2 19 16 51 35.070  3.0   1
     4129  27.183718  102.764461    15.610   -17241.3    25898.1     9474.0   1866.3   1671.1   4858.6 2023  2 19 19 35 46.600  2.6   1
     4131  27.064571  103.121517    15.287    18186.4    12696.3     9150.2   1403.1   1147.2   2066.2 2023  2 19 20 12 42.980  3.6   1
     4134  27.193795  103.105566    10.380    16594.4    27014.6     4243.6   1805.6   1532.1   1375.8 2023  2 19 21 32 17.360  3.1   1
     4135  26.938971  102.887899     6.958    -5002.4    -1220.4      821.5   3183.4   2655.7   2116.8 2023  2 19 21 46 38.960  1.5   1
     4138  26.897520  102.943319     7.193      500.8    -5813.3     1056.7   1270.4   1066.2   1505.0 2023  2 19 23 16 43.660  3.3   1
     4144  27.072980  102.992521     6.253     5384.1    13628.1      117.0   1655.7   1896.8   3100.5 2023  2 20  1 49 31.540  3.9   1
     4145  27.200494  102.960522     3.945     2207.2    27757.0    -2191.3   2788.9   1562.6   1994.3 2023  2 20  2 42 49.690  2.0   1
     4147  27.145337  102.979199     5.457     4060.2    21645.4     -679.3   2290.2   1527.6   2860.2 2023  2 20  3 17 29.960  2.6   1
     4149  27.504008  102.582365    57.712   -35254.9    61387.1    51575.2  15053.6  16459.3  12124.8 2023  2 20  4 45 38.990  3.2   1
     4150  27.146619  102.972485     1.928     3394.3    21787.4    -4208.0   3894.7   2180.2   4302.8 2023  2 20  5  7 42.400  3.0   1
     4154  26.719220  102.996362    18.334     5773.8   -25569.5    12197.1   1504.6   1840.0   1534.3 2023  2 20  7 13 59.890  3.2   1
     4156  27.064557  102.593807    31.558   -34187.9    12694.8    25422.0   3188.3   5873.8   3067.1 2023  2 20  9  5 16.860  3.3   1
     4162  26.918282  103.082137    12.809    14287.6    -3512.9     6672.9   2426.1   4294.0   2689.8 2023  2 20 11 14 14.280  2.6   1
     4167  26.998029  102.927938    12.293    -1026.3     5323.3     6156.7   2638.2   1551.0   1367.0 2023  2 20 15 17 25.900  3.1   1
     4169  27.113076  102.717399     9.402   -21916.8    18070.8     3266.0   4121.5   1736.2   6790.9 2023  2 20 17 23 58.680  2.8   1
     4173  27.164134  103.007731    11.117     6890.9    23728.2     4981.4   2598.9   1957.4   2105.4 2023  2 20 20 14 38.560  2.1   1
     4175  26.971806  103.342098    15.609    40095.7     2417.7     9472.9   2278.3   1732.3   4017.1 2023  2 20 21 40 46.400  3.5   1
     4176  27.164010  102.838794     2.895    -9869.2    23714.3    -3241.3   2197.1   2378.6   4167.7 2023  2 20 23 10 21.480  2.7   1
     4177  27.218070  103.004964    36.831     6614.6    29704.6    30694.3   3028.0   3003.8   2988.0 2023  2 21  0 49 27.000  2.6   1
     4179  27.302586  103.013468    13.816     7455.5    39069.0     7680.1   2558.1   1935.3   1904.3 2023  2 21  2 12 17.240  2.9   1
     4183  26.972465  102.948055    21.441      971.5     2490.7    15304.5   2445.2   2575.4   1268.1 2023  2 21  5 15  0.580  3.1   1
     4187  27.172316  103.033317    11.336     9428.8    24634.8     5199.4   1871.6   1547.2   1733.5 2023  2 21  7 57 59.560  3.2   1
     4189  26.662972  103.026164    15.644     8738.7   -31802.0     9507.4   1348.2   1218.3   1688.3 2023  2 21  8 52  8.020  4.0   1
     4191  27.122644  102.858447    13.121    -7920.8    19131.1     6984.7   1981.8   1174.3   2650.4 2023  2 21 10 20 53.620  4.4   1
     4192  26.862071  103.105387    33.389    16600.8    -9741.2    27252.6   2649.4   1945.8   2767.6 2023  2 21 10 23 53.200  3.2   1
     4197  26.908978  102.995785    23.753     5711.8    -4543.7    17617.0   2449.6   2007.5   1824.4 2023  2 21 12 14 27.270  3.6   1
     4200  26.478599  103.015446     8.885     7678.8   -52231.0     2748.4   2251.6   1581.3   4010.1 2023  2 21 14 12  5.390  3.0   1
     4202  27.051105  103.142464    15.623    20267.3    11204.2     9486.7   1070.8   1156.8   1800.0 2023  2 21 14 40 45.690  3.3   1
     4204  26.800053  102.988753     9.442     5016.3   -16613.0     3305.7   3161.8   1910.8   3106.7 2023  2 21 15 16 32.970  4.1   1
     4208  27.105817  102.862630    13.775    -7506.2    17266.4     7638.6   1464.4    856.6   1536.5 2023  2 21 17 57 10.720  4.4   1
     4210  26.627482  102.855290     0.073    -8251.9   -35734.3    -6063.0   2995.1   3159.2   5969.5 2023  2 21 18 21 46.280  1.5   1
     4211  27.095207  102.834090    12.345   -10338.7    16090.8     6208.5   2285.7   1621.4   2311.4 2023  2 21 18 55 10.460  2.6   1
     4212  26.680562  103.033740    15.710     9491.1   -29852.7     9573.1   1320.9   1419.8   1635.9 2023  2 21 19 38 22.040  2.8   1
     4213  27.008164  102.854867    14.318    -8279.7     6446.5     8182.0  16379.5   5014.8   3551.2 2023  2 21 19 39  8.040  2.5   1
     4216  26.870892  102.887044     3.247    -5088.9    -8763.8    -2889.5   2273.5   1899.7   3151.7 2023  2 21 21 14 39.040  1.9   1
     4217  27.029392  102.901652    19.299    -3635.5     8798.5    13162.6   3800.6   3178.3   1601.1 2023  2 21 21 28  1.920  2.3   1
     4224  26.911959  102.911621     6.583    -2647.0    -4213.4      446.4   1451.3   1203.8   1231.6 2023  2 21 23 18 40.080  4.2   1
     4226  27.122522  102.852498     7.400    -8511.2    19117.5     1263.3   1362.3    940.6   1649.4 2023  2 21 23 53 52.720  4.6   1
     4230  26.924921  102.806022     9.060   -13133.7    -2777.2     2924.0   2425.8   1909.6   1932.2 2023  2 22  4 37  4.290  3.5   1
     4231  26.510579  102.982625     4.889     4412.4   -48687.3    -1247.5   8319.6   5133.5   5378.7 2023  2 22  4 44 59.660  2.3   1
     4232  26.710168  102.950537     1.675     1219.1   -26572.4    -4461.5   2194.1   1928.4   3081.3 2023  2 22  4 54  5.420  2.7   1
     4234  27.151274  103.243701    27.098    30302.0    22303.3    20962.0   3070.5   2184.9   3271.8 2023  2 22  6 11 45.440  3.3   1
     4235  26.794293  102.794246     3.314   -14311.8   -17251.1    -2822.0   3635.6   2114.2   4179.5 2023  2 22  6 25 40.830  2.7   1
     4237  26.656681  102.996151    13.343     5754.8   -32498.8     7206.9   1430.5   1351.0   1897.3 2023  2 22  7 42  7.120  3.2   1
     4246  26.711259  102.944613    28.209      629.8   -26451.6    22072.1   1959.7   2156.3  12422.1 2023  2 22 12 25 46.160  3.0   1
     4248  27.239909  102.838379    20.332    -9906.9    32124.3    14195.6   2726.3   2471.9   2304.5 2023  2 22 13 15  7.400  2.7   1
     4249  27.224508  102.896924     1.083    -4101.1    30417.8    -5053.7   2648.3   1787.1   1804.2 2023  2 22 13 53 29.500  2.2   1
     4251  26.521867  102.959961     0.734     2157.8   -47436.6    -5402.3   2453.9   2464.9   4054.8 2023  2 22 14 13 33.930  2.9   1
     4252  26.883374  102.743604     8.133   -19336.0    -7380.7     1996.6   2151.0   2501.6   3403.9 2023  2 22 14 35 16.880  2.3   1
     4255  27.120231  102.867415    14.800    -7030.9    18863.6     8663.6   1742.1    889.2   1424.0 2023  2 22 15 42 47.490  5.8   1
     4257  27.118392  102.844816     8.548    -9273.4    18659.9     2412.0   1402.7    916.1   1453.5 2023  2 22 16 22 50.940  3.6   1
     4259  26.883655  102.877051    10.459    -6080.9    -7349.7     4322.1   2587.6   2753.0   1977.6 2023  2 22 17  4 13.900  1.1   1
     4263  27.076933  102.884701    13.634    -5316.5    14066.1     7497.4   1762.3   1088.8   1905.1 2023  2 22 18 40 57.800  2.5   1
     4265  27.201652  102.820703    11.734   -11661.8    27885.2     5597.7   1251.6   1324.0   1294.4 2023  2 22 19 25 30.120  3.7   1
     4266  26.944232  102.943612    36.668      530.1     -637.4    30531.8   6490.8   6359.3   3783.6 2023  2 22 19 36 56.340  2.9   1
     4267  26.884753  102.910636    14.402    -2744.8    -7227.9     8266.0   1696.6   1160.6   1419.0 2023  2 22 19 45 21.380  3.1   1
     4268  26.881753  102.918091    12.662    -2004.8    -7560.5     6525.8   1430.6   1091.4   1047.4 2023  2 22 19 47 48.020  2.6   1
     4270  26.930044  103.014486    33.406     7568.8    -2209.7    27269.3   1683.7   2108.6   1729.0 2023  2 22 20  1 15.380  3.3   1
     4273  27.223401  102.804272    11.080   -13290.3    30295.2     4943.2   1654.8   1757.6   1806.1 2023  2 22 23 31 42.920  3.7   1
     4275  27.162008  103.032039    10.213     9301.9    23492.7     4076.2   2590.6   2038.5   2501.6 2023  2 22 23 54 10.280  3.0   1
     4278  27.138717  102.852515    27.864    -8509.0    20911.8    21727.2   6853.2   6647.2   4763.1 2023  2 23  5 10 28.110  3.1   1
     4286  26.879537  102.687069    21.792   -24952.1    -7806.0    15655.2   5527.3   5242.7   3763.5 2023  2 23  9 55 34.130  2.6   1
     4287  26.828841  103.017383     3.971     7859.5   -13423.2    -2165.7   3132.3   1821.8   2381.1 2023  2 23 10  7 29.760  2.9   1
     4289  26.815955  102.915535    10.563    -2258.8   -14851.1     4427.1   2619.9   1496.2   1748.0 2023  2 23 11 33 42.170  3.2   1
     4290  27.119692  103.094694     4.078    15521.2    18804.0    -2057.9   1777.1   1745.1   4047.5 2023  2 23 13 12 20.870  3.3   1
     4293  26.622624  103.264876    12.421    32477.9   -36272.6     6284.2   2575.5   2404.6   2917.8 2023  2 23 14 31 31.300  3.0   1
     4295  27.215953  103.010295    14.732     7143.5    29469.9     8595.5   2963.7   2029.7   2702.8 2023  2 23 15 42  2.220  2.7   1
     4301  27.235738  102.798185    15.636   -13893.2    31662.1     9500.0   2546.5   2249.2   2587.6 2023  2 23 17 47 25.960  2.2   1
     4302  26.979777  102.781234     8.509   -15591.7     3300.9     2372.8   1988.7   2431.5   3651.8 2023  2 23 18 57 43.640  2.1   1
     4305  27.020111  102.877474     7.074    -6035.5     7770.0      937.8   3471.6   3110.9   4162.1 2023  2 23 20 53 17.400  1.4   1
     4306  27.221700  102.877563     5.500    -6021.1    30106.6     -636.9   2178.2   1934.6   2144.3 2023  2 23 21 54 52.260  1.8   1
     4308  26.693921  102.842367     0.022    -9533.9   -28372.7    -6114.3   2332.8   2203.2   2948.2 2023  2 23 23  4 16.160  1.7   1
     4310  26.790924  102.957503    10.950     1911.0   -17624.5     4814.0   1078.6    925.3   1052.4 2023  2 24  1 32 18.140  3.5   1
     4311  27.217739  102.777677     4.905   -15928.6    29667.6    -1231.4   1284.3   1445.8   2452.5 2023  2 24  1 42  1.350  3.7   1
     4313  26.815143  103.117700    25.722    17827.5   -14941.0    19585.1   2046.1   1782.8   1944.1 2023  2 24  3  8  4.130  3.2   1
     4315  26.962410  102.892171     7.894    -4577.3     1376.7     1757.3   1331.7   1163.8   1377.2 2023  2 24  5 13 31.620  3.6   1
     4319  27.146688  102.879118     5.659    -5869.0    21795.1     -477.7   4283.2   2514.8   3372.7 2023  2 24  9 52 30.710  2.7   1
     4322  26.558142  103.066073     2.416    12712.0   -43417.4    -3720.5   3314.5   2964.1   4210.4 2023  2 24 12 38 47.950  3.1   1
     4323  27.065959  102.814982    14.804   -12236.6    12850.1     8667.4   1782.5   1094.4   1723.4 2023  2 24 13 14 46.580  2.9   1
     4331  27.051788  103.115373    14.955    17578.2    11279.9     8818.9   1269.9   1226.0   1984.0 2023  2 24 19 32 57.420  3.3   1
     4332  27.119389  103.097770    15.079    15826.4    18770.3     8942.5   1536.0   1331.0   2596.0 2023  2 24 20  1 25.400  2.9   1
     4335  27.141307  102.773161     3.953   -16381.7    21198.8    -2183.5   5628.6   2364.4   3960.8 2023  2 24 21 51 35.000  2.3   1
     4336  26.896893  102.955184     9.578     1679.5    -5882.7     3441.5   1211.0   1039.6   1135.2 2023  2 24 22 37 37.160  2.0   1
     4339  26.990179  102.827474    16.645   -11000.4     4453.5    10509.1   2117.2   1375.2   1548.5 2023  2 25  1 57 37.880  4.1   1
     4344  27.322947  102.942847    18.036      453.1    41325.0    11899.9   1975.2   1842.4   1460.3 2023  2 25  4 13 57.120  2.1   1
     4345  26.732332  103.024626     2.302     8582.8   -24116.6    -3834.6   1929.2   2011.0   2219.2 2023  2 25  4 18  4.660  2.6   1
     4348  27.159959  102.878621    24.358    -5918.3    23265.6    18221.3   3442.1   2391.6   2073.5 2023  2 25  5 38 58.420  4.1   1
     4349  27.207664  102.799292    10.402   -13784.8    28551.5     4266.0   1275.5   1226.1   1545.3 2023  2 25  5 47 20.360  3.6   1
     4352  27.181549  102.814111     5.197   -12317.0    25657.8     -939.3   1276.1   1389.8   2883.4 2023  2 25  8  7 55.330  2.9   1
     4354  27.173258  102.810718     5.874   -12653.5    24739.3     -262.7   1354.3   1227.9   2937.8 2023  2 25  8 59 17.600  2.5   1
     4356  26.912331  102.722160    10.645   -21463.4    -4172.3     4508.5   1800.4   1669.5   2233.5 2023  2 25  9 41 42.090  3.5   1
     4358  27.112710  102.892814     5.856    -4511.1    18030.1     -280.3   6898.2   1758.7   2906.9 2023  2 25  9 56  6.430  3.1   1
     4359  26.919432  102.919751     7.321    -1839.9    -3385.6     1184.2   3201.9   2142.4   2234.7 2023  2 25 10  3 21.110  2.7   1
     4360  27.010329  102.832992    17.217   -10451.2     6686.3    11080.7   2681.0   1387.4   1988.1 2023  2 25 10 16  9.730  3.5   1
     4361  27.197312  102.800155     1.419   -13699.9    27404.4    -4717.6   1591.3   1048.9   2185.7 2023  2 25 10 54 17.720  3.3   1
     4364  27.339170  103.100065     2.674    16038.2    43122.6    -3462.3   3210.1   3625.7   6093.4 2023  2 25 11 30  4.280  3.5   1
     4367  27.221073  102.794849    13.207   -14224.7    30037.2     7070.9   1354.8   1240.1   1373.0 2023  2 25 12  5 31.040  3.5   1
     4368  27.199084  102.849479    10.964    -8807.5    27600.8     4827.2   1490.1   1298.3   1209.2 2023  2 25 12 17 17.830  2.5   1
     4373  27.221999  102.757756     1.292   -17903.7    30139.8    -4844.4   1438.5   1204.5   1992.8 2023  2 25 12 59 18.390  3.1   1
     4374  27.216848  102.781242     7.766   -15574.4    29569.0     1629.2   1183.3   1361.6   1828.1 2023  2 25 13  4  1.670  3.5   1
     4377  27.347137  102.883594     9.868    -5420.4    44005.5     3731.4   2569.7   2447.3   2454.0 2023  2 25 13 28  9.650  3.1   1
     4378  26.986698  102.846924     9.980    -9069.1     4067.9     3843.9   1618.4   1342.8   1276.7 2023  2 25 14 21 14.710  2.5   1
     4379  26.787465  103.078263    29.670    13910.7   -18007.8    23533.1   2658.0   1931.3   2291.0 2023  2 25 14 34  6.980  3.2   1
     4380  27.237962  102.746737    11.130   -18995.6    31908.5     4994.0   2254.1   2489.2   2533.7 2023  2 25 14 53 53.120  3.1   1
     4381  27.101021  103.154004    35.079    21407.8    16735.1    28942.8   1920.2   1532.4   1563.1 2023  2 25 15 37  7.300  3.1   1
     4383  27.128697  102.892358     5.332    -4555.8    19801.6     -804.6   1415.9   1125.6   2875.1 2023  2 25 16 42 41.760  3.2   1
     4386  26.855019  102.949162    10.359     1081.4   -10522.6     4223.1   1259.3    943.2    887.3 2023  2 25 17 28  3.480  3.4   1
     4391  27.031714  103.054028    25.229    11490.5     9055.7    19093.1   1878.2   1730.8   1406.6 2023  2 25 19 22 24.720  2.1   1
     4393  26.943298  102.934009    16.962     -423.3     -741.0    10826.0   3201.1   1835.4   2151.1 2023  2 25 19 37 55.280  3.0   1
     4396  27.216252  102.803035     9.983   -13413.3    29502.9     3847.0   1264.3   1409.3   1422.7 2023  2 25 20  8 33.840  2.4   1
     4400  27.268020  103.122445     8.156    18262.3    35239.0     2019.8   1820.3   2567.1   3150.4 2023  2 25 21 13 44.880  1.6   1
     4401  27.202106  102.840430    11.770    -9704.6    27935.5     5633.4   1190.2   1134.9   1114.5 2023  2 25 21 21 32.000  2.2   1
     4408  27.196383  102.973096    12.763     3453.9    27301.4     6626.8   6264.8   2100.2   4768.2 2023  2 26  0  5 32.000  3.1   1
     4412  27.373617  102.809180     4.834   -12794.7    46939.3    -1302.7   2373.5   2872.3   3665.1 2023  2 26  2 11 15.200  3.6   1
     4415  27.190509  102.880200    12.895    -5760.4    26650.7     6758.9   2149.6   1278.7   1489.9 2023  2 26  2 40 13.080  5.0   1
     4416  27.212134  102.792855     1.150   -14423.2    29046.7    -4986.8   1703.5   1476.8   2340.5 2023  2 26  2 43 41.150  3.3   1
     4419  27.207839  102.800952    11.382   -13620.2    28570.7     5245.3   1260.1   1084.8   1616.3 2023  2 26  2 50 36.150  4.6   1
     4420  27.213491  102.790096     5.948   -14696.8    29197.0     -188.9   1404.7   1854.8   3183.8 2023  2 26  2 54 33.970  3.8   1
     4422  27.214262  102.807039    15.850   -13016.4    29282.5     9713.7   2672.3   1531.9   2266.1 2023  2 26  3 56 46.530  4.0   1
     4428  27.273993  103.029061    29.669     9002.1    35900.9    23532.2   3477.8   2554.3   1133.0 2023  2 26  7 50 13.860  3.4   1
     4434  26.766305  102.823437     1.215   -11412.5   -20352.4    -4921.8   2278.9   1553.4   2331.5 2023  2 26 10  9 12.080  2.0   1
     4435  27.156545  102.877718    11.161    -6007.7    22887.4     5024.7   1315.7    906.5   1162.1 2023  2 26 10 19 17.390  2.7   1
     4439  27.002010  102.836882    21.299   -10066.1     5764.5    15162.9   2607.7   1472.4   1592.5 2023  2 26 13 38 56.280  3.7   1
     4440  26.988940  102.879688    21.639    -5816.7     4316.3    15502.2   2528.9   1466.0   1422.8 2023  2 26 14 17  6.460  3.4   1
     4443  27.341471  102.807788    13.511   -12934.4    43377.7     7374.7   1581.9   1578.0   1435.0 2023  2 26 15 56 27.190  3.0   1
     4444  26.505880  102.608813    21.876   -32778.6   -49208.0    15739.4   4001.0   3324.8   3454.1 2023  2 26 15 56 28.780  2.3   1
     4445  26.847555  102.964535     7.609     2609.2   -11349.6     1472.4   1167.3   1030.6   1413.6 2023  2 26 16 17  1.720  2.8   1
     4452  26.923873  102.813444    18.173   -12396.9    -2893.4    12036.2   4258.2   2867.8   1748.3 2023  2 26 19 40 28.800  2.6   1
     4454  26.758915  103.017969    14.868     7920.0   -21171.2     8732.1   1531.9   1063.0   1625.7 2023  2 26 20 30 55.940  3.3   1
     4457  27.064370  102.834269     8.477   -10322.7    12674.0     2340.8   1638.8   1324.5   1607.0 2023  2 26 22 17 28.660  2.7   1
     4458  27.366461  102.969507    19.890     3095.6    46146.6    13754.0   1990.8   1628.2   1641.0 2023  2 26 22 36 57.360  2.0   1
     4462  27.066917  102.984814    11.955     4618.8    12956.2     5818.3   3098.8   3017.8   4037.1 2023  2 27  0  0 16.530  3.1   1
     4463  27.103314  103.045882     3.693    10678.0    16989.2    -2443.4   2715.0   1752.9   3390.3 2023  2 27  0 17 42.440  3.7   1
     4464  26.919362  102.925765     7.808    -1242.2    -3393.3     1671.1   1664.5   1293.4   1656.4 2023  2 27  1 33 45.570  4.1   1
     4466  27.041785  103.136808    11.749    19706.3    10171.5     5612.9   1899.2   1554.1   2433.0 2023  2 27  3 17 32.080  3.9   1
     4470  27.078290  102.764412    12.059   -17254.7    14216.3     5923.0   1382.4   1312.9   1801.6 2023  2 27  5 49 27.430  4.4   1
     4471  26.872257  102.956372    14.797     1798.1    -8612.4     8661.1   1370.6   1061.3   1239.5 2023  2 27  5 56 53.330  3.4   1
     4474  27.198313  103.103052    11.383    16344.5    27515.3     5246.2   1939.6   1834.0   2052.2 2023  2 27  8  5 57.340  3.1   1
     4476  26.971623  103.076603    29.120    13735.1     2397.3    22983.6  11557.3   2193.8   2085.4 2023  2 27 10 16 56.540  3.3   1
     4478  27.129317  102.848877    11.337    -8870.0    19870.5     5200.8   1633.6   1049.3   1418.4 2023  2 27 11 59 33.760  4.3   1
     4482  26.705363  103.164518    20.424    22490.2   -27104.8    14287.4   3216.1   3194.7   2729.1 2023  2 27 15 12 18.750  3.1   1
     4485  26.927983  102.832227     2.425   -10531.1    -2437.9    -3711.4   3293.0   2917.9   3795.0 2023  2 27 17 29 29.200  2.3   1
     4487  27.085315  102.908984     7.028    -2906.6    14994.8      891.8   3085.2   1829.7   2744.9 2023  2 27 18 32  4.260  2.6   1
     4489  27.087083  103.102979     1.734    16344.8    15190.6    -4402.0   1785.7   2758.8   4216.3 2023  2 27 18 45  9.760  2.5   1
     4491  26.824571  102.975236     9.946     3672.3   -13896.3     3809.7    969.6    970.6   1125.3 2023  2 27 20 25 38.820  3.6   1
     4496  27.263582  103.149748    21.580    20969.9    34747.3    15443.7   4059.9   5347.3   3487.9 2023  2 27 22 55 17.340  2.7   1
     4498  27.311613  103.161353    20.280    22116.6    40069.3    14143.8   2837.9   2455.5   2152.2 2023  2 28  0  6  9.500  3.7   1
     4499  26.748806  102.802148    11.229   -13529.0   -22291.2     5092.7   1870.8   3113.7   1914.4 2023  2 28  0 32 32.570  2.5   1
     4500  26.889209  102.956698    23.443     1829.6    -6734.2    17306.7   3880.7   2523.5   1486.9 2023  2 28  2  6  5.530  3.4   1
     4503  26.982442  102.675806    30.329   -26059.1     3596.2    24192.8   2910.7   2332.9   2327.3 2023  2 28  8 28 16.160  2.8   1
     4507  26.802877  103.070540    15.247    13142.2   -16300.1     9110.5   1153.3   1351.4   1822.0 2023  2 28  9 28 21.510  3.8   1
     4509  26.973604  103.144124     6.155    20438.7     2616.9       18.7   3221.0   3146.4   5778.1 2023  2 28 10 34  5.360  2.9   1
     4510  26.795416  102.952580    13.177     1421.4   -17126.6     7040.7    950.4   1008.3   1103.1 2023  2 28 10 34 50.940  3.1   1
     4512  26.819666  102.929663    26.891     -855.2   -14439.8    20754.1  10935.2   4854.8   4732.7 2023  2 28 12 43 13.070  1.6   1
     4513  27.040485  102.974878     3.789     3633.6    10027.5    -2347.0   4240.7   2297.5   5008.8 2023  2 28 13 13 40.180  2.6   1
     4514  27.241960  103.089998    21.687    15046.5    32351.5    15550.1   1786.4   1919.8   1605.0 2023  2 28 14 38 49.290  2.8   1
     4516  26.948643  102.858854    15.531    -7886.5     -148.9     9394.1   2817.1   1934.8   2286.3 2023  2 28 15  1  0.140  4.4   1
     4517  26.873889  102.937956    15.226      -31.7    -8431.6     9089.2   1430.0   1042.3   1179.4 2023  2 28 15 11  5.610  3.4   1
     4518  27.080479  102.962345    40.921     2389.4    14459.0    34784.2   8912.8   6265.5   4758.6 2023  2 28 15 21 59.850  3.0   1
     4520  27.260264  103.138615    17.690    19866.5    34379.7    11553.6   2855.3   2923.8   2927.7 2023  2 28 16  5 29.290  4.2   1
     4521  26.669240  102.763786    17.614   -17347.9   -31107.3    11478.1   1760.2   2672.6   2109.4 2023  2 28 17 14 59.920  3.2   1
     4524  27.016866  102.689909    11.549   -24654.7     7410.6     5412.5   2714.6   3037.9   4154.3 2023  2 28 18 13 14.180  2.0   1
     4526  26.740145  102.990422     9.734     5183.1   -23250.8     3597.9   2425.6   1740.2   1446.6 2023  2 28 18 42 34.080  2.2   1
     4527  27.002035  102.831266    13.611   -10623.3     5767.2     7475.1   2457.7   1451.9   2236.3 2023  2 28 19 36 48.200  2.4   1
     4528  27.040521  102.594539    29.373   -34118.6    10031.5    23236.4   4402.7   9099.8   3415.9 2023  2 28 20 31 54.400  2.8   1
     4529  26.858626  102.917228    11.485    -2090.3   -10122.8     5348.6   1311.6    920.1   1065.4 2023  2 28 21 24  5.320  3.2   1
     4530  26.619208  103.011141    11.720     7246.4   -36651.1     5584.1   1455.0   1511.5   1805.2 2023  2 28 21 42 45.880  3.9   1
     4532  27.033405  102.998649    23.484     5993.3     9243.1    17348.1   5133.7   3402.4   2553.4 2023  2 28 22 44 21.540  2.5   1
     4540  26.922192  102.761930     5.003   -17513.0    -3079.6    -1133.5   1955.0   2254.3   3256.8 2023  3  1  5 57 41.830  3.5   1
     4541  26.874223  102.896232     6.607    -4175.9    -8394.8      470.6   1609.6   1033.1   1757.3 2023  3  1  8 20 19.090  2.2   1
     4544  27.082483  102.737533    25.849   -19922.1    14681.0    19712.8   2316.0   2128.8   2096.5 2023  3  1 10 14  7.510  3.8   1
     4545  27.137215  103.126546    63.456    18680.3    20745.5    57319.1   9221.9  11750.7   4010.4 2023  3  1 10 38 30.990  3.9   1
     4546  26.837445  103.028573     9.118     8971.3   -12469.7     2981.1    958.6    986.9   1789.3 2023  3  1 11 12 25.550  4.0   1
     4548  26.797135  102.919100     6.274    -1905.4   -16936.2      137.4   3276.6   1591.3   3801.1 2023  3  1 11 24 51.410  3.0   1
     4549  26.840507  102.972534     3.380     3403.6   -12130.6    -2756.0   1726.2   1291.3   2247.8 2023  3  1 11 36  8.330  4.1   1
     4550  26.920131  102.920907    18.921    -1724.5    -3307.8    12784.4   2115.5   1401.6   1158.6 2023  3  1 11 42 30.150  3.5   1
     4551  26.862211  102.940560    11.314      227.1    -9725.6     5177.1   1102.0    904.7    729.5 2023  3  1 11 57 26.400  3.6   1
     4556  27.111080  102.929712     8.770     -849.5    17849.6     2633.2   1742.0   1003.6   1849.3 2023  3  1 14  5 42.690  2.5   1
     4559  26.954663  102.826831     9.566   -11065.8      518.2     3429.8   2437.7   1497.4   2776.3 2023  3  1 16 14 10.010  3.4   1
     4560  26.839140  102.967716     6.114     2925.1   -12282.1      -22.1   1088.7    941.4   1559.5 2023  3  1 16 21 48.300  2.7   1
     4563  27.210052  102.779972     5.791   -15700.7    28816.1     -345.2   1271.5   1280.5   2137.3 2023  3  1 18 54 27.200  3.0   1
     4565  26.849817  102.959025    12.864     2061.3   -11098.9     6727.5    837.7    861.5    929.1 2023  3  1 21 29 18.360  3.0   1
     4568  26.945583  102.811165     9.891   -12621.8     -487.9     3754.9   1896.6   2043.1   2176.0 2023  3  2  0 30 50.080  2.5   1
     4570  27.101272  102.959399    11.689     2096.3    16762.9     5552.1   2398.9   1474.6   1624.5 2023  3  2  3 15 16.200  2.6   1
     4573  26.553750  102.941170    11.736      288.0   -43904.0     5600.0   2637.4   1988.4   2206.9 2023  3  2  5 11 40.330  3.3   1
     4574  26.795595  102.943351    49.094      504.9   -17106.8    42957.3   7057.7   3637.0   2095.7 2023  3  2  5 28 25.260  2.8   1
     4576  27.134456  102.877702    11.269    -6010.1    20439.7     5132.7   1927.4   1113.0   1488.3 2023  3  2  9 48 34.580  4.2   1
     4577  26.988546  103.277271    12.145    33656.2     4272.5     6008.7   8908.6   2693.0   5892.1 2023  3  2 11  3 18.300  2.0   1
     4578  27.123252  102.910555     7.275    -2750.5    19198.3     1138.6   1956.2   1171.5   2322.2 2023  3  2 11 31 42.640  3.7   1
     4579  27.005813  102.779972     6.950   -15715.2     6185.7      813.9   2547.4   2110.4   3991.0 2023  3  2 11 35 43.970  2.1   1
     4588  26.923922  102.800366     5.880   -13695.3    -2887.9     -256.0   2044.4   2198.6   3136.8 2023  3  2 15 53 24.000  2.5   1
     4589  27.108641  102.944002    14.322      568.2    17579.4     8185.5   2377.5   1389.4   1193.3 2023  3  2 16 21 30.880  3.1   1
     4591  27.009930  102.793660     4.268   -14356.3     6642.0    -1868.6   1508.2   1832.0   2268.1 2023  3  2 16 50 48.560  4.2   1
     4592  26.962614  102.799056     8.816   -13823.7     1399.2     2679.6   1301.9   1798.6   1858.9 2023  3  2 16 54 11.820  2.8   1
     4595  26.836513  103.006852     6.463     6813.5   -12573.0      326.3   1050.8   1032.0   1801.2 2023  3  2 22 11 55.000  3.5   1
     4596  26.858813  102.962459    13.709     2403.0   -10102.1     7572.4   1061.6    844.3    920.4 2023  3  2 22 25 24.180  5.2   1
     4597  26.857222  103.029631     6.977     9075.2   -10278.5      842.0   1154.3    967.7   1303.9 2023  3  2 22 32 59.520  2.6   1
     4599  26.847386  102.976383     7.322     3786.3   -11368.4     1186.5   1169.2    941.8   1206.5 2023  3  2 22 48 55.160  3.7   1
     4601  26.838359  102.925602    13.727    -1258.6   -12368.5     7590.5    936.2    830.9    948.2 2023  3  3  1 24  8.360  3.3   1
     4606  27.106024  102.900879     3.710    -3711.0    17289.5    -2426.3   3296.9   1782.9   4666.7 2023  3  3  9 40 10.640  2.6   1
     4607  26.745744  102.969743    19.233     3127.5   -22630.5    13097.1   1341.6   1055.0   1024.6 2023  3  3 10 45 13.520  4.7   1
     4611  26.799705  102.982812    14.190     4425.9   -16651.6     8053.8   1203.2   1072.7   1382.8 2023  3  3 13 47 48.060  3.9   1
     4612  26.831242  102.887923     9.767    -5002.2   -13157.2     3630.2   1716.8   1156.1   2028.8 2023  3  3 13 55 34.260  2.8   1
     4613  27.114362  102.921737    12.594    -1640.8    18213.2     6457.5   5289.7   2790.8   2760.8 2023  3  3 17 13  3.560  2.5   1
     4615  26.830760  102.961304    11.747     2288.0   -13210.5     5610.7   1412.1    987.7   1360.6 2023  3  3 18 35 13.960  2.7   1
     4616  26.960716  102.813428    10.324   -12396.3     1188.8     4187.2   1470.8   1314.7   1459.9 2023  3  3 20 48  9.960  3.9   1
     4618  27.127228  102.795011     0.481   -14214.6    19638.8    -5655.1   1409.6   1215.0   2395.4 2023  3  4  3  1  2.620  3.2   1
     4620  26.948399  103.004102     6.850     6536.7     -175.8      714.1   1684.0   2620.1   1917.4 2023  3  4  4  7 31.650  3.8   1
     4622  27.096214  103.314535    16.755    37338.2    16202.5    10618.5   2093.0   2785.5   5491.0 2023  3  4  8 55 28.650  5.2   1
     4623  27.117460  102.900220     6.076    -3776.2    18556.6      -60.5   1569.3    974.2   1624.9 2023  3  4  9  6 12.980  4.5   1
     4625  27.050319  102.988778     8.829     5012.9    11117.1     2692.7   3746.9   2267.5   2724.8 2023  3  4 10 54  7.440  2.3   1
     4626  27.292295  103.063395    11.163    12405.9    37928.9     5026.3   2072.9   2382.4   1673.1 2023  3  4 12 14 34.720  3.4   1
     4627  26.902964  102.982552     5.918     4397.5    -5210.1     -218.2   2426.6   2710.3   2907.3 2023  3  4 12 54 28.140  3.2   1
     4628  27.132896  103.089469     8.255    15001.5    20267.0     2118.6   1672.8   1339.7   1891.9 2023  3  4 13 16 47.910  3.6   1
     4629  26.858816  102.929297     9.136     -891.6   -10101.8     3000.0   2428.4   1521.0   1498.8 2023  3  4 14 18 51.790  2.9   1
     4631  27.197249  102.826286     9.821   -11108.3    27397.6     3684.9   1181.9   1200.3   1428.8 2023  3  4 16  3 21.110  3.2   1
     4636  26.774536  103.115088    20.412    17571.0   -19440.4    14275.5   3262.2   2824.3   2589.5 2023  3  4 17  5  2.020  4.0   1
     4638  27.214939  102.942773     2.509      446.0    29357.6    -3627.5   1974.2   3066.8   2950.9 2023  3  4 17 43 19.120  1.4   1
     4639  26.392177  103.019865    23.559     8122.0   -61806.6    17422.8   2355.5   2654.8   2019.4 2023  3  4 18  2  4.160  3.4   1
     4641  27.190627  102.843400     9.218    -9411.2    26663.8     3081.5   1352.1   1220.7   1624.6 2023  3  4 20 26 14.320  3.4   1
     4644  27.139681  102.819637    13.770   -11770.9    21018.7     7633.9   1528.2    973.3   1525.4 2023  3  4 21  6 18.080  3.0   1
     4645  27.213442  102.777889     5.255   -15907.3    29191.7     -881.4   1567.2   1591.3   2917.0 2023  3  4 22 23 24.320  2.7   1
     4646  27.113955  102.863013     8.918    -7468.2    18168.3     2782.1   1890.3   1016.3   1367.0 2023  3  4 22 34 25.720  3.0   1
     4647  27.221777  102.795117    11.161   -14198.0    30115.2     5024.5   1230.5   1812.4   1582.4 2023  3  4 22 58 19.380  3.1   1
     4648  27.133110  102.792025    10.067   -14510.7    20290.5     3930.4   1387.5   1004.0   1930.7 2023  3  5  0  8  8.700  3.6   1
     4650  26.981486  102.829085     5.913   -10840.8     3490.4     -223.3   1612.6   1627.1   1569.2 2023  3  5  7  8 51.980  3.3   1
     4651  26.851522  102.959269     7.975     2085.9   -10910.1     1838.2   1828.2   1560.4   2198.0 2023  3  5  8 40 14.220  2.9   1
     4654  26.987136  102.825618     4.379   -11184.5     4116.4    -1757.4   3043.8   2416.5   2910.7 2023  3  5 12 14 44.770  2.7   1
     4655  27.048539  103.150814    13.819    21095.7    10920.0     7682.2   1332.8   1214.6   1814.2 2023  3  5 13 24  1.700  3.3   1
     4656  27.048208  103.128206    12.001    18852.1    10883.3     5864.4   1191.3   1154.2   1977.8 2023  3  5 14  7  6.940  4.1   1
     4657  26.861216  102.817977     5.955   -11949.8    -9835.9     -181.4   4050.5   3816.0   3759.2 2023  3  5 15 29 57.310  2.8   1
     4659  26.856927  102.952620    10.973     1425.4   -10311.1     4836.8   1291.1    987.3    754.9 2023  3  5 15 55  1.790  3.5   1
     4660  26.920542  102.875399    11.375    -6244.5    -3262.5     5238.8   4134.5   3284.4   2920.1 2023  3  5 16 14 42.980  2.5   1
     4661  27.138407  102.798177    15.396   -13899.7    20877.7     9259.1   1382.3   1130.4   1556.7 2023  3  5 16 38 53.730  3.4   1
     4665  27.274160  103.104395     9.920    16471.9    35919.4     3783.3   2291.7   3588.1   1512.4 2023  3  5 20 44 39.120  2.7   1
     4666  27.341705  102.907031    12.824    -3097.0    43403.7     6688.0   1592.1   1847.0   1683.1 2023  3  5 23  8 42.920  2.9   1
     4667  27.107920  102.909652    12.531    -2840.2    17499.5     6394.1   1760.3   1025.4   1320.5 2023  3  5 23 13 41.600  4.2   1
     4668  27.130046  102.837199     6.939   -10028.5    19951.2      802.2   1552.4   1158.9   2446.7 2023  3  5 23 36 50.360  3.5   1
     4669  27.055330  102.875895     5.252    -6191.2    11672.4     -884.7   5574.4   1901.6   3043.0 2023  3  5 23 54 13.880  1.9   1
     4670  27.047483  102.766243     6.114   -17074.9    10803.1      -22.3   2146.9   3058.7   3813.7 2023  3  6  1  7 13.520  3.1   1
     4672  27.190981  102.833944     3.772   -10348.7    26702.9    -2364.4   1413.9   1466.6   3250.2 2023  3  6  3 17 19.800  3.0   1
     4673  26.863222  102.955916    12.551     1752.3    -9613.7     6415.0   1344.7   1033.6   1025.3 2023  3  6  3 24 59.860  3.1   1
     4674  27.013483  103.068970     4.635    12974.4     7035.6    -1500.9   1523.2   1938.7   3631.3 2023  3  6  4 35 56.530  2.9   1
     4675  27.122294  103.167643    26.920    22759.0    19092.3    20783.3   1985.7   1614.9   1768.9 2023  3  6  4 56 44.990  3.1   1
     4676  27.056492  103.034847    10.274     9585.0    11801.2     4137.6   2458.7   1597.9   3214.8 2023  3  6  5 42 56.100  3.3   1
     4677  27.162687  102.685360    16.919   -25090.9    23567.9    10782.4   4664.0   4344.3   3264.9 2023  3  6  5 56  1.180  2.3   1
     4679  26.920184  103.019124    13.282     8029.3    -3302.1     7145.8   7213.5   6574.1   3934.7 2023  3  6  6 40  4.380  2.2   1
     4680  27.128463  102.828182    14.058   -10923.2    19775.7     7922.1   1832.6    896.2   1615.2 2023  3  6  7 11 16.110  4.4   1
     4681  27.209229  102.855436     6.521    -8216.4    28724.9      385.1   1610.5   1454.6   1676.7 2023  3  6  7 20 38.370  2.5   1
     4682  27.132084  102.852344     9.825    -8525.5    20176.9     3688.2   1281.4    915.5   1351.5 2023  3  6  7 43  0.390  2.5   1
     4685  27.126776  102.848389     6.654    -8918.2    19588.8      517.4   1231.9    867.3   1453.2 2023  3  6 11 41 37.020  4.0   1
     4686  27.127069  102.865218     8.442    -7249.0    19621.3     2305.3   1695.6   1003.4   1711.1 2023  3  6 14 35 50.270  3.5   1
     4687  26.557878  102.787565    28.603   -14990.6   -43446.6    22466.8   3741.2   3705.0   5359.6 2023  3  6 15 13 13.830  1.8   1
     4689  27.069208  102.872583     9.343    -6519.7    13210.1     3206.7   1960.8   1261.9   1755.4 2023  3  6 17  7 19.200  3.2   1
     4691  27.285374  103.084245    14.172    14473.2    37161.8     8035.2   1934.8   2507.7   2148.8 2023  3  6 18  3 29.740  2.9   1
     4694  27.130125  102.829850    13.050   -10758.1    19959.8     6913.4   1711.6   1032.1   1616.8 2023  3  6 19 11 33.340  5.4   1
     4696  26.913957  102.965511     7.735     2705.1    -3992.0     1598.7   2541.6   3053.3   2424.4 2023  3  6 20  7 20.980  3.0   1
     4698  26.516107  102.960303    30.703     2191.5   -48074.8    24566.4   4502.2   2397.5   2499.8 2023  3  6 20 18 32.040  3.4   1
     4699  26.855343  102.950016    14.500     1166.4   -10486.7     8363.7   1300.5    995.1   1076.8 2023  3  6 20 48 46.520  6.1   1
     4700  27.160819  102.983569    19.213     4493.8    23360.9    13077.0   4091.7   4633.6   3279.7 2023  3  6 20 52 48.120  3.1   1
     4701  26.875210  102.925977     8.942    -1221.5    -8285.4     2805.9   3557.7   2261.1   2820.9 2023  3  6 20 54 44.080  3.5   1
     4702  26.835836  102.987174     6.303     4858.7   -12648.2      166.6    995.6   1031.7   1862.1 2023  3  6 21  4 33.560  2.8   1
     4703  26.991262  102.815739     6.020   -12165.5     4573.5     -116.1   2324.7   1894.5   2930.5 2023  3  6 21 12 14.480  2.2   1
     4706  26.857385  102.932658     5.907     -558.0   -10260.4     -229.8   5127.3   2262.0   2804.2 2023  3  6 21 45 18.720  2.7   1
     4709  26.846094  102.970646    11.864     3215.9   -11511.5     5727.9   1103.7    904.0    804.8 2023  3  6 21 58  3.300  3.2   1
     4710  26.858388  102.943132    10.069      482.3   -10149.2     3933.0   1205.7    952.8   1208.1 2023  3  6 22 22 54.720  3.4   1
     4712  26.825484  102.999731     5.156     6105.8   -13795.2     -980.4   1340.3   1148.5   2740.6 2023  3  6 22 37  0.580  3.8   1
     4713  26.832212  102.984530    15.576     4596.0   -13049.7     9439.6   1021.6    957.6    927.3 2023  3  6 23 10 34.880  3.3   1
     4714  26.840715  102.971191     8.585     3270.4   -12107.6     2448.8   1022.2    917.5   1211.1 2023  3  6 23 14 54.440  2.9   1
     4716  26.862968  102.955111    12.028     1672.4    -9641.9     5891.5   1173.2    989.2    938.0 2023  3  6 23 32 30.960  2.8   1
     4717  26.845966  102.926164    12.924    -1203.1   -11525.7     6787.1   1343.4   1097.5   1119.3 2023  3  6 23 33 54.700  4.2   1
     4718  26.838519  102.989014     7.270     5041.1   -12350.7     1133.4    965.1    950.6   1487.2 2023  3  6 23 47  1.200  2.9   1
     4719  26.858126  102.969710    13.955     3122.9   -10178.2     7818.4    891.2    917.3   1020.0 2023  3  6 23 51 24.000  3.8   1
     4720  26.848853  102.938981    14.401       70.5   -11205.9     8264.3    998.3    989.9   1438.7 2023  3  7  0 14 25.750  3.6   1
     4721  26.856370  102.878337     8.148    -5953.9   -10372.9     2011.2   3285.6   2534.9   3402.9 2023  3  7  0 22 44.000  3.0   1
     4722  26.830900  102.961768    20.434     2333.9   -13195.0    14297.6   1764.4   1105.4   1377.6 2023  3  7  0 35 45.550  4.6   1
     4724  26.825761  102.867855     8.896    -6996.4   -13764.5     2759.2   2033.6   1404.4   1796.7 2023  3  7  1 17 14.930  3.4   1
     4726  26.868050  102.867293     3.639    -7050.9    -9078.7    -2497.3   2344.3   1750.6   2380.6 2023  3  7  1 24 15.120  3.8   1
     4727  26.853066  102.966732    11.078     2826.8   -10738.9     4941.7    929.1    942.1   1103.0 2023  3  7  1 31 58.920  3.6   1
     4728  26.845437  102.960303    10.957     2188.4   -11584.2     4820.6   1417.8   1033.5   1070.0 2023  3  7  2 24 32.150  4.1   1
     4729  26.852494  102.961369    10.394     2294.0   -10802.2     4257.1   1635.2   2265.3   2657.2 2023  3  7  2 52 36.050  3.2   1
     4730  26.849164  102.944279     7.386      596.9   -11171.3     1249.5   1280.5    924.1   1181.7 2023  3  7  3 21 32.720  3.4   1
     4731  26.846645  103.004858    13.859     6615.1   -11450.3     7722.5   1142.1   1072.9    989.8 2023  3  7  3 41 30.630  4.1   1
     4732  26.839181  102.974910     8.173     3639.6   -12277.5     2036.5   1831.7   1375.6   2340.8 2023  3  7  4  7 50.350  3.1   1
     4733  27.150102  103.118921    11.039    17922.7    22173.3     4902.9   1485.7   1547.0   2216.8 2023  3  7  4 18 49.650  3.6   1
     4734  26.860632  102.932357    10.206     -587.6    -9900.7     4069.4   1621.2   1188.7   1109.1 2023  3  7  4 37  7.440  3.5   1
     4735  26.856032  102.995524    12.350     5687.2   -10410.4     6213.5   1179.1   1154.5   1509.5 2023  3  7  4 41  0.980  3.4   1
     4738  27.032680  102.773812    14.563   -16325.1     9162.9     8426.5   1512.5   1262.6   1992.6 2023  3  7  5 32 22.230  4.8   1
     4739  26.854887  102.971004    10.174     3251.7   -10537.3     4037.3   1345.8    915.9   1426.7 2023  3  7  5 48 34.360  3.6   1
     4741  26.857332  102.964290    13.513     2584.4   -10266.3     7376.6   1023.4    844.4    935.3 2023  3  7  7  3 58.910  4.4   1
     4742  26.825545  102.990340    11.772     5173.1   -13788.4     5635.8   1488.5   1326.0   1303.6 2023  3  7  7 16 26.350  3.0   1
     4743  26.845245  102.963574    10.777     2513.4   -11605.5     4640.7   1101.4    895.0   1439.5 2023  3  7  8  4 49.490  3.3   1
     4744  26.861076  102.932992    13.138     -524.5    -9851.5     7001.5   1318.0    916.9    968.5 2023  3  7  8 29 47.790  3.6   1
     4745  26.847306  102.957446     7.285     1905.1   -11377.2     1148.9   1197.2    955.0   1289.9 2023  3  7  9  0 10.610  3.3   1
     4746  27.100977  102.965715     4.609     2722.9    16730.2    -1527.5   2137.0   1584.4   3772.3 2023  3  7  9 21 49.230  3.0   1
     4748  26.635665  103.100692    23.504    16150.1   -34827.5    17367.7   6361.0   4649.2   3365.3 2023  3  7 12  0 41.130  2.9   1
     4749  26.826088  102.948315    11.872      997.7   -13728.2     5735.8    962.5    867.2    721.7 2023  3  7 12  5  7.430  3.1   1
     4753  26.847229  102.947965    13.864      962.8   -11385.7     7727.4   1085.5    825.6   1064.5 2023  3  7 14  7 58.450  3.7   1
     4754  26.839374  102.944604     9.938      629.2   -12256.2     3801.3   1386.7   1028.7   1441.5 2023  3  7 14 12 42.270  4.2   1
     4755  26.855312  102.948503    11.471     1015.9   -10490.1     5334.2   1190.1    898.8   1010.6 2023  3  7 14 38 37.150  4.4   1
     4756  26.847107  102.972030    13.559     3353.5   -11399.3     7422.3   1258.0    925.6    918.0 2023  3  7 14 40 28.990  5.1   1
     4757  26.830845  102.960246     5.202     2182.7   -13201.2     -934.8   1709.3   1200.9   2673.1 2023  3  7 14 45 52.360  3.4   1
     4759  26.842283  102.973934    11.685     3542.6   -11933.7     5548.7   1059.7    835.1   1007.3 2023  3  7 15 16 58.030  4.7   1
     4760  26.838039  102.959595     5.312     2118.3   -12403.9     -824.7   1872.1   1833.8   4213.6 2023  3  7 15 19 57.140  3.6   1
     4762  26.985870  102.797144    21.743   -14012.1     3976.2    15608.0   1825.5   1556.1   1489.3 2023  3  7 18 49 41.400  3.9   1
     4764  26.854551  102.968408    11.440     2993.8   -10574.4     5303.5   1475.7    999.7    963.6 2023  3  7 19  1 47.760  3.4   1
     4765  26.856734  102.970239    10.711     3175.4   -10332.4     4574.4    908.3    844.5    952.3 2023  3  7 19 34 57.800  3.5   1
     4766  26.943840  102.872754    17.850    -6505.9     -681.1    11714.1   5045.0   2744.8   4353.5 2023  3  7 19 43 29.160  2.8   1
     4767  26.990354  102.744727    17.255   -19215.3     4472.9    11119.0   1579.8   2586.0   1903.8 2023  3  7 19 54 49.760  2.9   1
     4769  26.850024  102.969735    14.325     3125.5   -11075.9     8189.0   1401.6    985.6    869.9 2023  3  7 21 13 56.800  4.2   1
     4770  26.848195  102.990104    10.323     5149.0   -11278.7     4186.6   1264.3    876.8   1096.2 2023  3  7 21 21 38.080  4.7   1
     4771  26.851369  102.972249     6.556     3374.9   -10927.0      420.0    786.1    850.3   1477.7 2023  3  7 21 31 15.840  3.3   1
     4773  26.857056  102.970573     7.716     3209.0   -10296.8     1579.9   1012.0    872.4    977.4 2023  3  7 21 37  4.420  3.1   1
     4774  26.849825  102.966569    15.208     2811.0   -11098.0     9071.9   1244.7    946.6   1222.8 2023  3  7 21 44 29.740  4.6   1
     4775  26.856315  102.942863    10.228      456.0   -10378.9     4091.2   1254.0    926.1    982.9 2023  3  7 21 58 11.320  3.5   1
     4776  26.842417  102.938932     8.084       65.6   -11918.8     1947.2   1771.9   1370.6   2152.4 2023  3  7 22 12 13.060  3.0   1
     4777  26.868654  102.940885    10.970      259.2    -9011.8     4833.6   1115.5    974.5    939.5 2023  3  7 22 18  8.440  2.5   1
     4778  26.859932  102.939681     8.782      140.1    -9978.1     2645.8   1319.1   1048.9   1690.7 2023  3  7 22 33 19.200  3.1   1
     4780  26.837972  102.976855     7.000     3833.3   -12411.5      863.6   1942.7   1687.8   3010.9 2023  3  7 22 43 48.740  3.1   1
     4782  26.926554  102.939412     9.312      113.5    -2596.2     3176.0   1441.1   1272.5   1193.4 2023  3  7 23 32 49.040  3.0   1
     4784  26.850026  102.986076    12.417     4749.1   -11075.8     6280.4    906.0    944.9    993.9 2023  3  7 23 35 24.520  3.5   1
     4785  26.866282  102.952189    14.257     1382.0    -9274.6     8120.8   1394.5   1058.3   1400.6 2023  3  8  0  0 27.340  3.2   1
     4786  27.135000  102.834058    13.302   -10340.3    20500.1     7165.3   1677.3   1077.7   1545.9 2023  3  8  0  7 29.320  3.2   1
     4787  26.865472  102.946517    16.680      818.9    -9364.3    10543.5   1687.6   1148.7   1260.8 2023  3  8  0 24 23.150  3.5   1
     4788  26.858630  102.946940    14.368      861.3   -10122.3     8231.2   1704.9   1015.7   1791.8 2023  3  8  0 27 48.520  3.5   1
     4789  26.849815  102.912590    14.535    -2551.9   -11099.3     8398.9   1312.1    964.9   1317.8 2023  3  8  0 57 17.160  4.1   1
     4790  26.833197  102.961475    10.623     2305.2   -12940.6     4487.0   2640.8   2023.2   2080.7 2023  3  8  1  6 50.680  2.6   1
     4791  26.847363  102.966170    12.649     2771.0   -11370.9     6512.5   1067.8    871.6    985.2 2023  3  8  3  2 53.700  3.9   1
     4792  26.837315  102.947673     6.750      934.1   -12484.1      613.6   1505.5   1155.6   1775.2 2023  3  8  3 38 24.440  3.5   1
     4793  26.852625  102.917041     7.320    -2109.4   -10787.9     1183.9   4090.7   2499.2   2915.2 2023  3  8  4  9 43.640  4.0   1
     4795  26.862490  102.954598    14.233     1621.4    -9694.7     8096.7   3194.2   2111.1   2150.4 2023  3  8  4 54 27.230  3.8   1
     4796  26.850470  103.005892    11.357     6717.4   -11026.7     5220.7   1023.1   1013.2   1195.8 2023  3  8  4 57 33.230  3.8   1
     4797  26.843756  102.936947    10.200     -132.1   -11770.6     4063.2   1447.2    998.3   1275.1 2023  3  8  5 35 57.320  3.5   1
     4798  26.665106  103.078035    60.587    13895.8   -31565.4    54450.8  33340.5  24043.1  12598.9 2023  3  8  6  1 13.280  3.0   1
     4800  26.864022  102.958130    13.214     1972.4    -9525.0     7077.5   1260.1   1055.4    972.1 2023  3  8  8 34 31.720  2.9   1
     4801  26.832692  102.962150     3.943     2371.8   -12996.4    -2193.7   1283.1   1148.7   2615.9 2023  3  8  9 54 42.780  3.5   1
     4802  26.784945  103.000871     8.922     6220.6   -18286.9     2785.7   1795.5   1393.0   2155.0 2023  3  8 10 42  1.040  3.5   1
     4804  26.859023  102.962516    14.068     2408.0   -10079.0     7931.5    951.0    879.2    914.8 2023  3  8 10 57 26.430  3.6   1
     4807  26.840965  102.982642    10.787     4407.8   -12079.9     4650.2   1089.0    885.6    870.9 2023  3  8 11 16  2.730  4.7   1
     4808  26.848018  102.991138    11.185     5251.9   -11298.2     5049.0   1164.1    877.2   1137.3 2023  3  8 11 32  1.250  4.6   1
     4809  26.870272  102.977319    19.979     3878.9    -8832.4    13842.6   1320.9   1199.0   1336.1 2023  3  8 11 36 49.380  4.0   1
     4810  26.858014  102.970418    15.273     3193.4   -10190.7     9136.7   1129.5    885.8   1278.2 2023  3  8 11 52 20.980  3.7   1
     4811  26.851499  102.982332    14.031     4377.1   -10912.5     7894.3   1044.8    947.3    917.1 2023  3  8 12 16  0.270  3.5   1
     4812  27.119843  102.870386    13.208    -6735.7    18820.5     7071.6   1715.0    919.8   1336.0 2023  3  8 12 28 57.760  4.6   1
     4815  26.845664  102.911190     8.503    -2690.5   -11559.2     2366.9   1289.1    954.0   1243.6 2023  3  8 13 18 43.040  4.4   1
     4816  26.829714  103.095622     5.289    15632.7   -13326.5     -847.3   2523.6   2933.0   3912.7 2023  3  8 13 21 55.630  3.1   1
     4817  26.854331  102.973177     7.968     3467.5   -10598.8     1831.5   1143.3   1068.5   1723.7 2023  3  8 14 11 31.600  3.5   1
     4819  26.863041  102.942269    13.817      396.8    -9633.7     7680.3   1487.4   1029.0   1091.1 2023  3  8 14 20 24.160  3.3   1
     4820  26.863987  102.947266    16.315      893.3    -9528.9    10178.1   1477.0   1016.9   1251.1 2023  3  8 14 27 34.400  3.3   1
     4821  27.100559  102.852425     1.313    -8519.0    16684.0    -4823.6   1929.7   1466.0   3388.0 2023  3  8 14 33 43.100  2.8   1
     4822  26.856997  102.915706    12.864    -2242.1   -10303.5     6727.7   1540.6   1074.2   1270.6 2023  3  8 15 29 19.270  2.8   1
     4823  26.887219  102.932772    17.276     -546.4    -6954.6    11139.6   1535.3   1169.5   1299.1 2023  3  8 15 31 26.470  3.0   1
     4825  26.858765  102.893026     5.027    -4494.7   -10107.5    -1109.7   4180.8   2833.0   4986.6 2023  3  8 15 57  8.030  2.1   1
     4826  26.861112  102.988582    13.060     4997.2    -9847.4     6923.8   1010.6    891.4   1009.9 2023  3  8 16 15 45.670  3.2   1
     4829  27.131376  102.837378    10.158   -10010.4    20098.6     4021.7   1292.1    933.3   1625.3 2023  3  8 16 47  0.080  4.2   1
     4831  26.850962  102.936702     8.675     -156.3   -10972.1     2538.6   1282.6    927.3    996.0 2023  3  8 17 18 39.800  3.2   1
     4833  26.854203  102.941642    12.807      334.9   -10613.0     6670.3   1571.5   1065.9   1383.4 2023  3  8 17 31 52.760  3.1   1
     4835  26.915761  102.974772    21.327     3624.7    -3792.1    15190.8   2276.8   1877.0   1446.7 2023  3  8 17 40 48.800  3.0   1
     4836  27.033504  102.794466     3.710   -14275.0     9254.1    -2426.3   2193.0   2038.9   4735.4 2023  3  8 17 47 34.280  2.6   1
     4837  26.851524  102.939925    14.169      164.2   -10909.9     8032.4   1165.9    983.4   1070.5 2023  3  8 17 50 50.880  4.7   1
     4839  27.154392  102.824862    19.077   -11251.7    22648.9    12940.7   1941.8   1130.0   1592.2 2023  3  8 18  7 10.320  3.2   1
     4840  26.800486  102.977458    15.015     3893.5   -16564.9     8878.4    981.7    962.2    829.8 2023  3  8 18 13 36.560  4.5   1
     4841  26.962303  102.916854    19.852    -2126.8     1364.9    13715.4   3175.6   2948.7   2097.3 2023  3  8 18 21 47.320  3.0   1
     4842  26.829215  102.979924     5.956     4137.9   -13381.7     -180.5   1702.2   1369.1   1676.9 2023  3  8 18 28  0.140  3.5   1
     4844  26.855900  102.938761    14.268       48.6   -10424.9     8131.3   1429.7    988.3   1161.7 2023  3  8 18 45 27.760  2.8   1
     4845  26.829952  102.965104     4.328     2665.7   -13300.1    -1808.3   1240.3   1101.7   2271.6 2023  3  8 18 49 30.880  3.0   1
     4846  26.867102  102.824951    18.833   -11257.0    -9183.7    12696.4   4217.9   4137.5   2775.7 2023  3  8 18 52 11.660  2.8   1
     4847  26.846025  102.971346    10.480     3285.6   -11519.3     4343.3   2585.5   1778.3   2086.4 2023  3  8 18 57 27.600  2.7   1
     4848  26.769747  102.884318     8.836    -5361.8   -19971.0     2700.0   8459.4   4027.2   3952.4 2023  3  8 19  4 21.760  2.8   1
     4849  26.959715  102.833545    12.473   -10399.3     1078.1     6336.9   3383.1   2499.4   3066.1 2023  3  8 19  8 18.620  2.2   1
     4851  26.848045  102.938330     7.186        5.4   -11295.4     1050.1   1265.9    937.0   1263.8 2023  3  8 19 33  5.040  3.0   1
     4852  26.397607  103.306812    32.504    36683.7   -61205.1    26367.5   2596.3   8514.8   4207.8 2023  3  8 19 33 48.560  2.9   1
     4853  26.861593  102.914624    16.594    -2349.3    -9794.3    10457.3   1648.9   1144.9   1609.8 2023  3  8 19 41 40.980  4.5   1
     4855  27.197630  102.992424    34.186     5371.5    27439.6    28049.7   3384.3   2700.9   1718.7 2023  3  8 19 46 44.880  3.6   1
     4856  26.951597  102.873022    22.859    -6479.3      178.6    16722.8   2476.4   1429.4   1666.5 2023  3  8 19 58 16.760  3.6   1
     4858  26.835476  102.917806     4.018    -2033.1   -12688.0    -2118.5   1803.4   1377.4   2239.7 2023  3  8 20 22 50.720  3.1   1
     4859  26.863135  102.883838     6.580    -5407.5    -9623.3      444.1   1804.8   1372.4   1431.4 2023  3  8 20 54 12.440  2.3   1
     4860  26.524697  102.801351    27.495   -13621.5   -47123.0    21358.2   2393.6   1971.8   2348.7 2023  3  8 21  4 13.340  4.1   1
     4861  26.837402  102.956681     6.937     1828.9   -12474.5      800.9   1357.8    961.9   1185.7 2023  3  8 21  9 17.160  3.3   1
     4862  26.664874  102.681641    11.096   -25515.1   -31591.1     4959.6   2244.1   4673.2   2777.6 2023  3  8 21 46 27.540  3.0   1
     4863  26.850454  102.953182    10.925     1481.0   -11028.5     4788.4   1258.4    923.5    879.0 2023  3  8 22  6  3.880  2.9   1
     4864  26.834104  102.923348     3.119    -1483.0   -12840.0    -3017.8   1616.1   1165.5   2092.7 2023  3  8 22 14 55.040  2.5   1
     4865  26.810067  102.985506    19.802     4693.0   -15503.3    13665.3   1517.0   1148.6   1027.8 2023  3  8 22 22 31.160  3.0   1
     4866  26.839038  102.998551     7.493     5988.8   -12293.3     1356.5   2241.5   2219.4   1713.0 2023  3  8 22 33 58.560  2.5   1
     4867  26.856818  102.970996    13.748     3250.4   -10323.2     7611.3   1157.1    877.9   1118.4 2023  3  8 22 37 23.320  5.3   1
     4868  26.870705  102.964787    17.328     2633.5    -8784.6    11191.2   1652.5   1468.9   1580.5 2023  3  8 22 44  6.640  2.9   1
     4869  26.843170  102.971452     9.281     3296.1   -11835.4     3144.4   1086.6    910.7   1108.9 2023  3  8 22 47 56.720  3.4   1
     4870  26.847219  102.963257    10.781     2481.8   -11386.9     4644.6   1110.3    903.4   1085.4 2023  3  8 22 53 20.080  4.4   1
     4871  26.867934  102.947168    11.405      883.3    -9091.6     5268.5   1143.2    933.2    897.9 2023  3  8 23  1 14.240  4.4   1
     4873  26.856543  102.966895    10.588     2842.9   -10353.8     4451.5    910.6    910.7    823.8 2023  3  8 23 12 30.480  3.6   1
     4874  26.852199  103.020874     7.557     8205.7   -10835.0     1420.4   1309.2   1075.5   2006.1 2023  3  8 23 13 55.680  3.0   1
     4875  26.846769  102.946663     9.164      833.7   -11436.6     3027.8   1252.2    933.5   1065.5 2023  3  8 23 18 10.680  3.7   1
     4876  26.849640  102.928459    11.461     -974.8   -11118.5     5324.1   1151.4    906.3    788.8 2023  3  8 23 31 30.160  3.5   1
     4878  26.855924  102.986125    14.746     4753.3   -10422.2     8609.7    933.4    991.6   1256.0 2023  3  8 23 45 23.320  3.4   1
     4879  26.840139  102.928434    11.434     -977.1   -12171.3     5297.3   1520.7   1095.4   1290.4 2023  3  8 23 46 48.580  3.6   1
     4880  26.844714  102.894173     3.029    -4381.4   -11664.3    -3107.0   2912.9   2041.9   3282.2 2023  3  8 23 55 34.780  2.9   1
     4881  26.858577  102.942896     7.792      458.9   -10128.3     1655.6   1323.2   1050.6   1199.1 2023  3  9  0  8 16.170  3.0   1
     4882  26.843677  102.998128     9.568     5946.1   -11779.2     3431.6    976.5    904.3   1064.9 2023  3  9  0 11 33.010  3.5   1
     4883  26.868180  102.910522    11.147    -2756.4    -9064.2     5010.9   1570.9   1102.2    967.4 2023  3  9  0 20 14.340  4.0   1
     4884  26.863818  102.953149    17.845     1478.1    -9547.7    11708.8   1477.9   1016.9   1311.6 2023  3  9  0 23 50.010  4.0   1
     4886  26.889539  102.775374    17.424   -16179.8    -6697.8    11287.5   2669.1   1646.4   2138.9 2023  3  9  0 34 17.400  2.9   1
     4888  27.194525  103.132910    11.958    19306.1    27095.6     5821.9   1652.0   1740.8   2201.3 2023  3  9  1  1 20.590  3.9   1
     4889  26.851377  102.890959     5.350    -4700.3   -10926.1     -786.7   1626.5   1173.3   1877.5 2023  3  9  1 15 13.760  3.7   1
     4890  26.859056  102.925537    11.361    -1265.0   -10075.4     5224.3   1439.6   1019.1   1020.7 2023  3  9  1 40 14.960  3.8   1
     4891  26.839347  102.933765     7.263     -447.7   -12259.0     1127.0   1628.6   1139.3   1774.4 2023  3  9  2 27 12.940  3.1   1
     4893  26.856315  102.971452    10.671     3295.6   -10379.0     4535.0   1051.3    905.8    936.1 2023  3  9  5 13 22.700  5.9   1
     4894  26.850189  102.981576    13.622     4301.9   -11057.7     7485.8   1185.4   1059.9   1108.4 2023  3  9  5 38 48.930  3.3   1
     4896  26.826318  103.057853     3.559    11880.8   -13702.7    -2577.3   1153.8   1326.0   4268.2 2023  3  9  6 11 37.020  2.8   1
     4897  26.877205  102.899373    11.028    -3863.8    -8064.2     4891.7   2645.2   1609.6   1701.9 2023  3  9  6 15  2.590  3.8   1
     4898  26.865991  102.973063     8.646     3456.0    -9306.7     2509.3   1098.4    949.7   1406.9 2023  3  9  6 15 57.280  3.5   1
     4899  26.831158  103.036108     3.143     9719.6   -13166.3    -2993.6   3271.6   1901.8   3354.8 2023  3  9  6 18 55.090  2.5   1
     4900  26.851436  102.977091    10.207     3856.0   -10919.6     4070.4   1101.5    962.3    952.0 2023  3  9  6 32  3.540  4.3   1
     4901  26.822723  102.986027    10.138     4744.7   -14101.0     4002.1   1232.9   1079.3   1471.1 2023  3  9  6 38 46.240  4.1   1
     4902  26.855977  102.969108    10.691     3063.0   -10416.3     4554.8    970.9    895.0    887.9 2023  3  9  6 45 48.880  4.0   1
     4903  26.862712  102.958008    11.579     1960.5    -9670.2     5442.6   1513.1   1041.7   1523.7 2023  3  9  6 46 51.560  3.8   1
     4905  26.841858  102.955200     4.209     1681.3   -11980.7    -1927.6    924.1    972.6   1342.1 2023  3  9  7  8 25.460  3.1   1
     4908  26.865114  102.983407     5.661     4483.8    -9404.0     -475.1   2102.7   2376.3   2832.9 2023  3  9  7 34  8.340  3.7   1
     4909  26.878261  102.911637    18.211    -2645.8    -7947.2    12074.7   1986.8   1333.8   1553.1 2023  3  9  7 34 40.850  4.3   1
     4910  26.861277  102.960124    11.278     2170.9    -9829.2     5141.8   1067.7    896.0    759.8 2023  3  9  7 45 49.050  3.3   1
     4911  26.859153  102.979744    10.613     4119.5   -10064.5     4476.9   1033.0    924.3    848.5 2023  3  9  7 50 26.180  3.9   1
     4912  26.842645  102.977588    12.083     3905.7   -11893.6     5946.7   1365.6    921.2    992.3 2023  3  9  8  5  8.630  4.8   1
     4914  26.847518  102.945630     6.664      730.5   -11353.7      527.9   1156.8    855.7   1176.6 2023  3  9  8 52 12.370  3.2   1
     4915  26.908746  102.808895     7.313   -12849.2    -4569.5     1177.0   5175.0   2667.0   2581.5 2023  3  9  8 54 15.880  2.3   1
     4916  26.854740  102.977148    11.466     3862.2   -10553.5     5330.1    985.1    860.7    832.7 2023  3  9  9  0 32.420  4.1   1
     4917  26.853876  102.974015     8.118     3550.8   -10649.2     1982.0   1016.5    928.8   1155.1 2023  3  9  9  4 21.020  3.5   1
     4918  26.850936  102.941260     9.833      296.7   -10975.1     3696.8   1426.2    973.5   1462.8 2023  3  9  9 17 12.240  4.3   1
     4921  26.847900  102.919141     1.600    -1900.8   -11311.3    -4536.9   3181.5   1966.2   4035.3 2023  3  9  9 35 12.390  2.7   1
     4922  26.837522  102.956144     6.162     1775.2   -12461.3       25.6   2052.0   1548.6   2507.1 2023  3  9  9 50 21.030  3.1   1
     4923  26.843073  102.951237     5.898     1288.2   -11846.2     -238.5   2767.7   1928.3   2719.7 2023  3  9 10 14 26.460  3.2   1
     4924  27.162781  103.274007     1.705    33307.3    23578.2    -4431.4   1678.2   2508.4   2457.6 2023  3  9 10 23 25.460  4.5   1
     4926  27.116876  102.862386    11.083    -7530.2    18491.9     4946.2   1340.7    898.3   1287.0 2023  3  9 10 41  7.130  4.5   1
     4927  26.860187  102.972152    14.589     3365.3    -9950.0     8453.1   3030.7   1349.0   1857.9 2023  3  9 10 51 15.590  3.2   1
     4928  26.853320  102.956803     6.295     1841.1   -10710.7      158.7   1108.8    918.2   1204.8 2023  3  9 10 55  9.960  2.9   1
     4929  26.873950  102.966569    14.742     2810.4    -8424.9     8605.9   1300.9   1112.3   1317.3 2023  3  9 11 29 18.650  3.4   1
     4930  26.861804  102.981966    11.014     4340.6    -9770.8     4877.5   1064.6    979.3    941.6 2023  3  9 11 30 47.930  3.3   1
     4931  26.859617  102.821045    18.397   -11645.4   -10013.0    12260.8   3794.0   3512.8   2543.0 2023  3  9 11 40 41.810  2.3   1
     4932  26.825659  102.973910     9.047     3541.0   -13775.8     2910.2   1349.3   1213.3   2153.9 2023  3  9 11 48 52.580  3.7   1
     4936  26.824683  102.789087     5.455   -14822.0   -13883.9     -681.8   3074.3   1783.9   3744.2 2023  3  9 12 13  4.190  3.8   1
     4937  27.180617  103.115299    14.155    17560.6    25554.6     8019.0   1795.4   1479.2   1969.0 2023  3  9 12 14 19.580  4.0   1
     4941  26.842120  102.955664    11.958     1728.0   -11951.8     5821.5   2050.4   1785.0   6003.7 2023  3  9 12 37 23.010  3.2   1
     4942  26.982664  102.737313    21.347   -19952.6     3620.9    15210.4   1796.4   1516.3   1757.6 2023  3  9 12 40 58.270  3.0   1
     4944  26.863023  103.020907    11.640     8208.3    -9635.7     5503.5   1258.0   1269.7   1138.8 2023  3  9 13 20 30.600  3.4   1
     4947  26.889189  102.998999    19.808     6032.0    -6736.4    13671.8   1625.2   1653.6   1533.5 2023  3  9 14 15 34.310  3.5   1
     4948  26.840204  102.987565    10.692     4896.8   -12164.2     4555.3   1007.2    970.4   1027.1 2023  3  9 14 21 16.690  3.2   1
     4950  26.815377  103.142537    29.734    20294.9   -14915.1    23597.9   8888.9  27150.4   4395.7 2023  3  9 15 33 32.020  2.3   1
     4951  26.856403  102.856681     9.268    -8105.0   -10369.3     3131.7   4432.9   2723.3   4884.0 2023  3  9 15 45 48.130  2.2   1
     4952  26.845127  102.996501     7.838     5784.9   -11618.6     1701.5   1017.8    992.8   1505.9 2023  3  9 16 32  5.440  4.1   1
     4953  26.832945  103.022583     4.012     8376.2   -12968.4    -2124.7   1209.3   1152.0   2261.1 2023  3  9 16 36 57.300  3.1   1
     4954  27.046047  103.068424    30.166    12918.5    10643.8    24029.2   9180.4   5497.6   3727.0 2023  3  9 17 42 57.340  2.4   1
     4958  26.859212  102.883049    12.017    -5485.6   -10057.9     5880.2   1465.4    976.5   1068.5 2023  3  9 19  9 13.540  4.3   1
     4959  26.848230  102.928923    10.687     -928.6   -11274.8     4551.1   1285.0    938.8   1123.7 2023  3  9 19 16 19.620  2.8   1
     4962  26.848954  102.944572    16.324      625.8   -11194.5    10187.5   1410.0   1088.4   1277.4 2023  3  9 20  3 57.880  2.9   1
     4963  26.855337  102.941968    11.059      367.3   -10487.4     4922.6   1262.1    955.0   1047.6 2023  3  9 20 12 33.500  2.8   1
     4965  26.832591  102.938574    17.066       30.3   -13007.6    10930.1   1337.6    993.1   1106.4 2023  3  9 20 24 24.560  5.8   1
     4966  26.856795  102.946134    13.654      781.0   -10325.7     7517.7   1109.5    857.5    976.4 2023  3  9 20 28 34.180  3.9   1
     4967  26.833498  102.978215     9.584     3968.4   -12907.2     3448.0   1427.9   1071.4   1659.6 2023  3  9 20 43  5.520  3.9   1
     4968  26.856396  102.972485    12.733     3398.4   -10369.9     6596.5   1073.6    887.2   1690.7 2023  3  9 20 45 26.880  3.4   1
     4969  26.849040  102.951473    10.133     1311.5   -11185.2     3997.0   1240.7    936.1    995.7 2023  3  9 20 49 10.180  3.5   1
     4971  26.827254  102.977059     6.851     3853.4   -13598.9      714.7   1299.3   1119.3   1721.3 2023  3  9 20 56  0.000  2.7   1
     4972  26.859845  102.955827    13.664     1743.8    -9987.9     7528.0   1221.5   1234.0   1100.1 2023  3  9 20 59 26.520  3.3   1
     4974  26.863550  102.962866    13.217     2442.8    -9577.4     7080.3   1087.5    855.6    989.2 2023  3  9 21  6 49.720  5.2   1
     4975  26.872532  102.932397    15.812     -583.3    -8582.0     9675.8   1378.7   1145.9   1493.2 2023  3  9 21 12 28.800  3.3   1
     4977  26.882664  102.883407     7.722    -5449.4    -7459.5     1585.2   1375.6   1026.4   1310.6 2023  3  9 21 21 14.400  2.6   1
     4978  26.852061  102.984961    14.806     4637.7   -10850.3     8669.3   1163.0   1054.6   1070.0 2023  3  9 21 23 53.800  3.0   1
     4981  26.856946  102.950203    12.095     1184.9   -10309.1     5958.8   1025.3    886.5   1149.8 2023  3  9 21 36  5.360  3.9   1
     4982  26.858854  102.923576    15.742    -1460.3   -10097.6     9606.1   1496.5   1069.6   1788.2 2023  3  9 21 40 47.760  3.0   1
     4983  26.881478  102.954858     8.549     1647.2    -7590.8     2412.2   1442.3   1439.2   1783.4 2023  3  9 21 43 21.640  3.0   1
     4984  26.846621  102.984733    11.556     4615.2   -11453.2     5419.2    919.6    952.4   1249.0 2023  3  9 21 46 59.720  2.8   1
     4985  27.344307  102.815723    13.066   -12147.9    43691.8     6929.3   1281.3   1931.3   1743.9 2023  3  9 21 47 21.480  3.4   1
     4987  26.844550  102.688110    11.953   -24852.0   -11682.6     5816.7   2403.3   2384.0   3280.5 2023  3  9 22  4 25.600  2.9   1
     4988  26.878520  102.904574    12.792    -3347.6    -7918.7     6655.7   1483.0    968.0   1104.0 2023  3  9 22 21 41.340  2.9   1
     4990  26.859275  102.931779    11.646     -645.3   -10050.9     5509.4   1364.1    947.4   1005.6 2023  3  9 22 27 35.960  3.4   1
     4991  26.915200  103.053776    14.441    11471.0    -3854.3     8304.9   1609.3   2500.6   1810.4 2023  3  9 22 30  7.120  2.9   1
     4992  26.861855  102.950203    11.066     1185.4    -9765.0     4929.9    965.2    904.2    993.0 2023  3  9 22 48 34.400  3.8   1
     4993  26.919360  102.920353    17.180    -1779.6    -3393.4    11044.0   7025.9   4725.9   3050.9 2023  3  9 23 12 44.980  3.2   1
     4994  26.846588  102.966138     9.165     2768.0   -11456.8     3029.1   1718.5   1221.8   1939.5 2023  3  9 23 23 57.040  3.0   1
     4997  26.861123  102.957967    12.555     1956.2    -9846.3     6418.3   1031.3    823.3    848.3 2023  3 10  0 20 44.950  5.5   1
     4998  26.905308  102.856136     7.179    -8157.5    -4950.4     1042.2   2831.8   2319.8   6154.0 2023  3 10  0 49 26.930  2.6   1
     4999  26.853526  102.950342    11.721     1198.5   -10688.1     5585.0   1070.3    840.1   1037.1 2023  3 10  0 50 10.610  4.2   1
     5000  26.851414  102.981071    14.247     4251.4   -10922.0     8110.8   1526.8    989.2   1251.3 2023  3 10  1 32 17.130  4.6   1
     5001  26.858875  102.963306    12.067     2487.0   -10095.4     5930.5   1250.5    980.2   1011.4 2023  3 10  1 58 31.600  2.6   1
     5002  26.942049  102.924365    16.997    -1381.0     -879.4    10860.4   5108.8   2994.1   2711.7 2023  3 10  2 12 39.300  3.4   1
     5003  26.467973  102.876847     1.842    -6112.0   -53408.3    -4293.9   2204.5   1782.0   4920.2 2023  3 10  2 15  8.720  2.8   1
     5004  26.863525  102.915942     8.815    -2218.2    -9580.1     2678.8   1533.9   1117.3   1046.3 2023  3 10  2 51 15.710  3.4   1
     5005  26.940243  102.866154    14.290    -7161.6    -1079.6     8153.5   3708.5   2488.7   3240.6 2023  3 10  2 53 24.800  3.2   1
     5007  26.841921  102.972249     9.302     3375.7   -11973.8     3166.0    925.4    895.5    982.7 2023  3 10  3 17 29.440  3.0   1
     5009  26.842586  102.998983    14.352     6031.4   -11900.2     8215.4   1578.3   1060.8   1424.2 2023  3 10  3 28 22.810  3.7   1
     5010  26.851335  102.947583    11.802      925.2   -10930.9     5665.1   1265.2    991.9   1230.3 2023  3 10  3 57 59.450  3.5   1
     5011  26.868317  102.935498    11.808     -275.9    -9049.1     5671.3   1230.7   1019.4    889.4 2023  3 10  5 39 33.770  2.9   1
     5012  26.946220  102.821265    10.300   -11619.0     -417.4     4163.4   1756.4   1593.5   1734.5 2023  3 10  6  4 49.250  2.8   1
     5014  26.866573  102.952059    11.786     1369.2    -9242.2     5649.2   1075.4    924.2    833.6 2023  3 10  6 35 52.600  3.3   1
     5015  26.974925  102.798494     9.376   -13878.0     2763.2     3240.0   2432.8   2320.7   2743.1 2023  3 10  6 36 58.260  2.9   1
     5016  26.454991  102.995028    32.854     5648.1   -54846.7    26717.1   2876.2   2007.8   2017.6 2023  3 10  6 42  5.050  3.1   1
     5018  26.960850  103.103687    30.138    16424.4     1203.7    24001.6   2937.4   2209.0   1919.7 2023  3 10  8  5 55.620  4.0   1
     5019  26.835663  102.981771     1.864     4321.7   -12667.3    -4272.3   2977.9   2761.4   4148.3 2023  3 10  9 22 50.310  3.5   1
     5021  26.861261  102.906600     8.184    -3146.0    -9830.9     2047.2   1539.3    982.2   1380.8 2023  3 10 10 18  2.270  2.9   1
     5022  26.847988  102.991366    10.375     5274.4   -11301.6     4238.6    971.1    941.5   1041.5 2023  3 10 11 21 23.550  3.4   1
     5023  26.858563  102.965454    13.705     2700.0   -10130.0     7569.1   1158.5    929.8    913.4 2023  3 10 12 19 19.430  3.5   1
     5024  26.839697  102.974626    12.705     3611.3   -12220.4     6568.9   1126.8    850.8   1208.3 2023  3 10 13 19 22.060  4.1   1
     5030  26.854049  102.957593     8.456     1919.2   -10630.0     2319.2   1633.1   1253.2   1411.6 2023  3 10 14 54 40.440  2.6   1
     5031  26.873157  103.021370    19.835     8253.9    -8512.8    13698.2   2290.3   1570.4   2048.4 2023  3 10 15 26 52.480  3.2   1
     5032  26.850269  102.941056    14.428      276.9   -11048.9     8291.3   1272.8   1008.8   1076.7 2023  3 10 16 13 27.840  3.8   1
     5033  26.539510  103.041951    15.497    10313.6   -45481.8     9360.4   1407.9   2354.6   1646.4 2023  3 10 16 25 17.000  4.2   1
     5036  27.032375  102.899691    11.630    -3830.0     9129.0     5493.7   1939.8   1023.0   1411.1 2023  3 10 18  8  4.040  4.8   1
     5037  26.850317  103.060083    14.795    12100.6   -11043.5     8658.9   1390.8   1544.3   1326.7 2023  3 10 18 24 11.920  3.2   1
     5039  26.846840  102.897510     9.571    -4049.5   -11428.7     3434.1   1455.2    984.5   1187.5 2023  3 10 18 44 12.400  2.9   1
     5040  27.056842  102.939502     7.153      122.2    11839.9     1017.0   2975.5   2683.2   3852.6 2023  3 10 18 51 11.580  3.8   1
     5041  27.024526  102.887760    11.806    -5014.1     8259.2     5669.1   2270.9   1045.0   1428.5 2023  3 10 18 52 49.780  3.7   1
     5042  27.035968  102.888281     8.430    -4962.1     9527.0     2293.3   1555.8   1021.3   1438.2 2023  3 10 18 54 26.660  3.8   1
     5043  27.033032  102.889095     9.740    -4881.7     9201.7     3603.9   1670.4   1048.3   1365.9 2023  3 10 18 57 22.840  3.7   1
     5044  27.031767  102.884424    10.498    -5345.6     9061.6     4361.5   1503.7    990.9   1459.6 2023  3 10 19  2 23.560  3.3   1
     5045  27.030914  102.908618     9.339    -2943.6     8967.1     3202.8   1744.1   1088.9   1427.5 2023  3 10 19  5 56.440  3.2   1
     5046  27.038049  102.902840     9.067    -3517.0     9757.6     2930.3   1757.3   1265.1   2098.2 2023  3 10 19  8  5.920  3.1   1
     5048  27.011619  102.893563    12.341    -4438.6     6829.1     6204.3   1610.9   1489.9   1369.3 2023  3 10 19 23 42.860  2.3   1
     5049  26.863920  102.947868     9.626      953.0    -9536.3     3489.3   1061.5    910.7    861.7 2023  3 10 19 42 54.160  3.0   1
     5050  27.042072  102.904476    11.047    -3354.6    10203.3     4910.2   3900.6   2478.0   2196.0 2023  3 10 19 43 53.320  2.3   1
     5051  27.029439  102.883976    12.802    -5389.5     8803.7     6665.5   1797.2    961.4   1346.2 2023  3 10 19 48 21.480  4.0   1
     5052  27.028591  102.900789     8.769    -3721.1     8709.6     2632.2   1536.3   1064.5   1336.0 2023  3 10 19 55 36.560  3.2   1
     5053  26.983809  103.026359     9.461     8745.6     3747.9     3324.7   2929.2   3321.0   4272.0 2023  3 10 20  2 56.200  2.9   1
     5054  26.858024  102.956226     8.028     1783.5   -10189.7     1891.2   1284.4   1051.2   1636.9 2023  3 10 20 14 21.840  3.4   1
     5055  27.029732  102.896582    10.204    -4138.6     8836.1     4067.4   1400.7    899.0   1400.2 2023  3 10 20 25 37.900  3.9   1
     5056  27.017155  102.882072    14.863    -5578.9     7442.4     8726.5   1887.1   1310.6   1446.5 2023  3 10 20 28 52.880  3.1   1
     5057  27.017275  102.840243    10.706    -9731.4     7455.8     4569.7   2949.6   2536.7   2234.0 2023  3 10 20 42 23.920  2.8   1
     5058  27.091634  102.976986    13.881     3841.6    15695.0     7744.7   2335.6   1803.1   1535.2 2023  3 10 20 43 45.460  3.6   1
     5059  27.303719  102.796102    15.698   -14095.4    39194.7     9561.2   2699.8   2472.6   2736.4 2023  3 10 20 54 43.840  2.3   1
     5060  27.019344  102.869303    18.316    -6846.2     7685.0    12179.6   7411.4   3805.1   3014.5 2023  3 10 20 58 56.520  2.7   1
     5061  26.853735  102.953735     7.930     1536.1   -10664.7     1793.4   1619.6   1118.9   1588.1 2023  3 10 21  1 11.540  3.5   1
     5064  26.846993  102.969344     5.410     3086.8   -11411.9     -726.6    831.7    932.8   1266.8 2023  3 10 21 25  8.900  3.2   1
     5065  26.844816  102.945915     9.486      759.5   -11653.2     3349.9   1304.4    944.4   1005.6 2023  3 10 21 37 59.520  3.1   1
     5066  27.051788  102.796981    10.283   -14023.7    11279.9     4146.9   4051.6   2488.8   3935.8 2023  3 10 21 42 31.720  2.3   1
     5068  26.753507  102.806258     0.311   -13119.9   -21770.3    -5825.4   1766.7   2144.1   2242.3 2023  3 10 21 57 50.320  2.1   1
     5069  27.082749  102.784155    13.157   -15295.1    14710.5     7020.2   2261.4   1419.4   2076.4 2023  3 10 22  4 39.760  2.7   1
     5070  26.851538  102.962850     7.889     2441.2   -10908.3     1752.1    994.6    867.8    976.6 2023  3 10 22 15  6.200  3.0   1
     5071  27.120782  102.855827    13.426    -8180.6    18924.8     7289.2   1522.0    928.5   1293.1 2023  3 10 22 20 47.880  3.5   1
     5072  26.867859  102.935506    12.816     -275.0    -9099.9     6679.4   1203.6    898.3    906.3 2023  3 10 22 47  7.080  2.2   1
     5074  26.916374  102.855632     6.955    -8207.5    -3724.2      818.4   2812.8   2162.6   3343.0 2023  3 10 22 54 53.120  2.8   1
     5078  27.086039  102.871696    12.794    -6607.2    15075.1     6657.7   2505.4   1357.0   2217.6 2023  3 10 23  3 53.680  2.9   1
     5079  26.856213  102.946134     6.066      780.6   -10390.3      -70.9   1198.5    966.6   1681.2 2023  3 10 23 16  8.140  3.5   1
     5080  26.869495  102.967782     9.328     2931.0    -8918.6     3191.9   1130.0   1103.3   1167.2 2023  3 10 23 23 55.640  3.3   1
     5081  26.919157  102.867057    11.920    -7072.6    -3415.9     5783.6   2496.9   1860.2   1506.7 2023  3 10 23 37 25.440  2.8   1
     5082  27.024369  102.925301     7.837    -1287.8     8241.8     1700.4   1521.2   1203.3   1311.1 2023  3 10 23 55 58.480  3.3   1
     5083  27.108148  102.824585     9.808   -11281.4    17524.8     3672.1   1313.8    926.9   1561.3 2023  3 11  0  8 26.740  3.5   1
     5084  26.765179  102.807666    63.819   -12979.9   -20477.0    57682.3   3702.4   1960.3  15527.9 2023  3 11  1 54  6.140  3.5   1
     5085  26.871179  102.932316    11.837     -591.6    -8732.0     5700.5   1132.8    891.6    929.3 2023  3 11  3 10 54.210  2.8   1
     5086  27.063253  103.234505    23.788    29401.0    12550.2    17651.5   2296.5   2236.6   2386.6 2023  3 11  9 41 57.060  3.9   1
     5087  26.861792  102.941960    14.181      366.0    -9772.2     8044.8   1222.7    898.7   1298.7 2023  3 11 13  1 44.270  3.3   1
     5088  26.865108  102.893717     9.836    -4426.1    -9404.6     3699.5   4096.0   2629.2   3312.4 2023  3 11 13 41 47.870  2.5   1
     5090  26.897404  102.958504    11.148     2009.7    -5826.2     5011.4   1198.1   1014.6   1167.2 2023  3 11 14  5 56.920  3.6   1
     5091  26.934056  102.780900     8.457   -15628.4    -1765.1     2320.7   2336.6   3624.5   3564.4 2023  3 11 14 29 21.430  2.3   1
     5092  27.099644  102.819010     9.877   -11835.0    16582.6     3740.8   1393.1    998.9   1711.2 2023  3 11 14 41 36.040  2.8   1
     5094  27.234308  103.074235    17.216    13483.6    31503.7    11079.9   4205.8   3120.5   2386.9 2023  3 11 17 35 13.900  3.0   1
     5097  27.024579  102.945190    27.118      686.6     8265.1    20981.8   2725.6   2742.6   2059.9 2023  3 11 18 52 44.640  2.7   1
     5101  26.947829  102.865332    18.594    -7243.1     -239.0    12458.0   2166.7   1847.6   1532.2 2023  3 11 19 32 36.480  2.6   1
     5102  27.285984  103.131079    12.852    19117.1    37229.6     6715.3   2454.8   3359.3   3175.3 2023  3 11 19 38 13.900  2.3   1
     5106  26.875804  102.865820     7.497    -7196.7    -8219.6     1361.1   1612.8   1227.3   2185.5 2023  3 11 21  1 59.360  2.7   1
     5108  26.869210  103.027954    17.020     8908.7    -8950.3    10883.8   1550.0   1422.4   1874.8 2023  3 11 21 12 16.400  3.5   1
     5109  27.196322  102.866366     7.857    -7132.4    27294.6     1720.9   1553.9   1745.6   5119.7 2023  3 11 21 13 39.920  2.6   1
     5114  27.149298  103.075382    32.124    13603.2    22084.4    25987.4   4782.6   6298.7   3307.9 2023  3 11 23 17 37.340  4.2   1
     5115  27.162553  103.119141    13.222    17943.3    23553.1     7085.6   1489.2   1467.9   2051.3 2023  3 11 23 30 29.120  4.9   1
     5121  26.837653  102.942293    12.901      399.8   -12446.8     6764.6    963.4    854.6    953.8 2023  3 12  1 19  0.220  4.1   1
     5128  27.132015  102.824390     0.147   -11299.2    20169.3    -5989.6   1572.3   1070.9   3173.8 2023  3 12  6 46 59.510  3.6   1
     5132  26.853674  102.944287    10.121      597.6   -10671.6     3984.7   1321.7    943.5    967.2 2023  3 12  8 12 14.250  3.6   1
     5135  26.985081  102.876676    17.379    -6115.5     3888.6    11242.9   2256.6   1389.0   1954.6 2023  3 12  9 31 38.510  3.5   1
     5136  27.122241  102.791545     2.498   -14559.1    19086.3    -3638.6   1379.1   1359.2   2390.5 2023  3 12  9 45 22.730  4.0   1
     5137  26.938562  102.949634    22.738     1128.5    -1265.7    16601.5   2919.0   1983.4   1395.1 2023  3 12 10 58 37.420  3.1   1
     5142  27.053440  103.026937    11.965     8800.3    11463.1     5828.7   2306.4   2429.8   5408.7 2023  3 12 12 20  9.100  3.2   1
     5143  26.675517  103.014453    11.040     7573.3   -30411.9     4903.2   1592.7   1791.6   1813.2 2023  3 12 13  0 24.520  2.7   1
     5145  27.053444  102.720931     5.485   -21571.7    11463.5     -651.0   1712.7   1185.5   2475.9 2023  3 12 13 52 15.170  3.9   1
     5146  26.963733  102.904940    24.077    -3309.6     1523.1    17940.7   2491.4   1676.8   1723.9 2023  3 12 14 24 45.970  3.6   1
     5147  27.109532  102.884684    11.493    -5317.5    17678.1     5356.8   2670.0   1349.6   1831.7 2023  3 12 15  0 31.970  2.8   1
     5148  26.877435  102.889819    14.597    -4813.0    -8038.8     8460.4   1649.5   1154.7   1115.6 2023  3 12 15 10  5.380  3.3   1
     5149  27.236344  102.953418    12.357     1501.7    31729.3     6221.1   2155.4   1673.8   1747.7 2023  3 12 15 25 59.050  4.1   1
     5150  27.034953  102.793978    17.467   -14322.9     9414.5    11330.6   1658.7   1363.1   1737.7 2023  3 12 15 38 22.330  3.2   1
     5152  26.864091  102.933732     9.145     -451.2    -9517.4     3008.6   1310.9    981.9    941.9 2023  3 12 16  1 19.410  2.5   1
     5157  26.870919  102.916219    14.033    -2190.9    -8760.8     7896.9   1428.9   1031.9   1085.0 2023  3 12 19  9 25.120  3.2   1
     5158  27.008726  102.789811     2.485   -14738.6     6508.6    -3650.9   1608.5   1656.3   3227.9 2023  3 12 19 23 38.260  3.5   1
     5159  26.913039  102.921493    15.666    -1666.6    -4093.7     9529.5   3086.7   2312.3   2336.9 2023  3 12 19 58 34.680  2.9   1
     5161  27.130243  102.844360     6.560    -9318.3    19972.9      423.6   1456.5    994.4   1537.4 2023  3 12 20 16 48.520  3.8   1
     5162  27.132904  102.832471     6.839   -10497.8    20267.9      703.0   1875.2   1045.8   2292.3 2023  3 12 20 30 52.180  2.9   1
     5164  27.120809  102.856844     4.292    -8079.7    18927.6    -1844.7   1449.7   1031.6   4113.1 2023  3 12 20 59  2.920  3.1   1
     5165  26.953206  102.806795     5.042   -13055.8      356.9    -1093.9   2570.0   2215.7   4034.6 2023  3 12 21 27  6.560  3.0   1
     5166  27.083085  103.025326    23.570     8639.1    14747.7    17434.1   2102.7   1325.3   1230.4 2023  3 12 22 39 51.300  2.4   1
