       32  27.083130  102.932056     7.315     -425.3    13212.1      606.3      5.5      5.9      9.4 2022  8 25 14 53 16.350  1.9     0     0    10    12 -9.000  0.027   1
      252  27.061460  102.848853    12.932    -8682.7    10811.1     6222.5      2.8      1.1      2.6 2022  9  2 12 56 18.590  3.5     0     0     2     0 -9.000  0.000   1
      375  27.091911  102.930534    10.538     -576.8    14185.2     3829.5      2.1      1.7      4.1 2022  9  6  2 46 36.390  2.0     0     0     7     3 -9.000  0.007   1
      554  26.973281  102.975366     2.624     3874.6     1040.6    -4085.4     10.6     12.2      7.5 2022  9 11 22 24  0.680  3.3     0     0     2     1 -9.000  0.018   1
      580  26.985347  102.905013    18.608    -3110.4     2377.7    11898.8      8.5      4.4     13.0 2022  9 12 19  3 13.920  1.2     0     0    16     5 -9.000  0.017   1
      655  27.079242  102.937085     6.020       73.4    12781.4     -688.2      5.5      3.1     12.1 2022  9 14 23 56 36.320 -0.2     0     0    13    14 -9.000  0.014   1
      856  27.088782  102.923324     5.580    -1292.0    13838.4    -1128.2      7.3      4.2      6.5 2022  9 21  0 33 16.520  1.9     0     0     8     6 -9.000  0.007   1
      934  27.084257  102.930404     7.765     -589.7    13337.1     1056.7      5.9      7.5      8.9 2022  9 24  6  3 16.360  1.2     0     0     6    11 -9.000  0.036   1
      945  26.985168  102.904622    18.759    -3149.3     2357.8    12049.9      7.6      3.3      7.2 2022  9 24 14 46 33.900  0.8     0     0    14     8 -9.000  0.014   1
      973  27.088859  102.925220     5.516    -1104.3    13847.0    -1191.9      7.6      4.8     11.5 2022  9 25 19 33 16.520  0.8     0     0     9     8 -9.000  0.028   1
     1134  26.964069  102.905273     6.845    -3084.9       19.8      136.9     24.4     16.2     15.6 2022  9 30 10 42  8.570  3.7     0     0     1     2 -9.000  0.016   1
     1201  27.092037  102.930876    11.057     -543.0    14199.1     4348.6      2.8      1.4      9.7 2022 10  2 11 26 36.360  1.6     0     0     7     2 -9.000  0.011   1
     1336  26.985738  102.906478    18.550    -2965.3     2420.8    11840.8     13.7      7.5     15.3 2022 10  6 19 23 13.920  1.2     0     0     6     3 -9.000  0.014   1
     1435  26.812299  102.920076     9.457    -1616.6   -16796.7     2748.0      1.9      1.0      1.2 2022 10 10  3 35  1.930  4.0     0     0     1     1 -9.000  0.000   1
     1828  27.083226  102.931925     7.397     -438.5    13222.9      688.9      5.8      7.8      8.1 2022 10 22  7 36 36.350  1.4     0     0    10    12 -9.000  0.024   1
     1890  26.859385  102.975627    11.969     3901.6   -11579.5     5259.7     18.2      6.2     19.9 2022 10 24  7 59 12.060  3.2     0     0     1     0 -9.000  0.000   1
     2153  27.079181  102.936759     6.280       41.4    12774.5     -428.9      8.7      2.4      4.1 2022 11  4  3  6 36.320  2.0     0     0     8    10 -9.000  0.013   1
     2192  27.116425  102.897868    12.317    -3817.6    16901.4     5607.8    154.0    128.7    152.2 2022 11  5  9 45  8.740  3.4     0     0     1     1 -9.000  0.003   1
     2240  26.740503  102.861450    22.851    -7443.4   -24752.0    16142.0      3.2      1.8      2.8 2022 11  8  9 49 49.600  2.4     0     0     1     2 -9.000  0.001   1
     2243  27.083982  102.930754     7.921     -554.9    13306.6     1212.9      8.7      9.2     11.0 2022 11  8 13 23 16.350  2.6     0     0     2     3 -9.000  0.004   1
     2507  26.870524  102.890780     7.537    -4526.0   -10345.1      827.3     12.2      9.3      9.1 2023  1  1  1  2 48.230  3.0     0     0    12     7 -9.000  0.029   1
     2563  26.919653  102.898747     7.144    -3733.5    -4901.6      434.4      7.3      6.4      4.6 2023  1  1 17  9 12.480  2.8     0     0     9     0 -9.000  0.023   1
     2639  26.822459  102.943319    11.391      693.3   -15671.0     4681.5     25.5     20.9     18.1 2023  1  2 13 15 59.700  4.0     0     0    10     6 -9.000  0.045   1
     2647  26.829272  102.927197    14.846     -908.6   -14916.0     8136.3     28.4     19.9     18.4 2023  1  2 14 42 20.940  3.8     0     0     3     0 -9.000  0.004   1
     2668  26.970748  102.897054     6.330    -3901.2      759.9     -379.6     29.2     39.2     20.7 2023  1  2 20 38 12.480  2.7     0     0     4     0 -9.000  0.002   1
     2757  26.979651  102.929085     3.694     -721.0     1746.3    -3015.0     11.9     13.1      9.4 2023  1  3 18 21 29.960  2.7     0     0     9     5 -9.000  0.032   1
     2769  27.091980  102.930404    10.422     -589.6    14192.7     3713.7      2.8      1.5      8.6 2023  1  3 20 33 16.400  1.1     0     0     8     3 -9.000  0.008   1
     2787  27.107357  102.830062     9.355   -10545.4    15896.5     2645.7     22.4     23.8     32.8 2023  1  4  2 22 33.650  3.2     0     0     2     1 -9.000  0.018   1
     2837  26.798735  102.949170     5.646     1274.1   -18299.7    -1062.5      3.5      2.5      6.0 2023  1  4 14 13 16.080  1.7     0     0     3     2 -9.000  0.002   1
     2857  27.079036  102.936434     6.827        8.6    12758.6      118.7      9.3      3.0     13.7 2023  1  4 19 13 16.280  1.6     0     0     2     2 -9.000  0.007   1
     2858  26.849668  102.963436    12.044     2691.1   -12656.0     5335.0     35.5     37.3     35.8 2023  1  4 19 27 10.800  3.9     0     0     6     5 -9.000  0.049   1
     2918  26.845178  102.958887     7.583     2239.3   -13153.5      873.5     23.0     25.8     30.9 2023  1  5 13 36 43.060  4.1     0     0    12     0 -9.000  0.042   1
     2926  26.923470  102.917521     5.866    -1868.9    -4478.5     -842.9     16.9     19.9     17.3 2023  1  5 16 58 37.850  3.6     0     0    17     4 -9.000  0.036   1
     2937  26.984886  102.903296    18.915    -3281.1     2326.3    12205.7      6.9      4.1      8.9 2023  1  5 18 53 13.880  1.5     0     0    13     6 -9.000  0.012   1
     2954  26.824786  102.953076    11.675     1662.2   -15413.1     4965.6     35.4     28.0     22.9 2023  1  5 21  4 48.880  3.9     0     0     9     4 -9.000  0.030   1
     2958  26.829063  102.952507     8.913     1605.7   -14939.2     2203.4     13.8     19.8     22.8 2023  1  5 22  4  9.880  5.2     0     0    14     7 -9.000  0.031   1
     2960  26.836281  102.947428     8.688     1100.8   -14139.4     1978.8     13.9     25.1     20.3 2023  1  5 22 15 54.000  3.2     0     0     6     3 -9.000  0.039   1
     2963  26.819061  102.949276    11.717     1284.5   -16047.4     5007.8     24.5     16.7     15.1 2023  1  5 22 21  5.560  5.9     0     0    19    13 -9.000  0.042   1
     2967  26.827722  102.961678    11.701     2517.1   -15087.7     4991.5     20.9     20.1     20.8 2023  1  5 22 45 17.360  5.1     0     0    16    11 -9.000  0.043   1
     2968  26.837539  102.962988     9.514     2646.9   -13999.9     2804.5     19.0     21.0     21.1 2023  1  5 22 47 20.420  3.4     0     0    15     7 -9.000  0.044   1
     2969  26.805772  102.941349    14.806      497.1   -17519.9     8096.8     38.8     20.5     26.9 2023  1  5 22 55 34.800  4.2     0     0     3     2 -9.000  0.051   1
     2970  26.812177  102.972485    15.195     3591.0   -16810.2     8485.9     22.4     22.6     17.0 2023  1  5 23  2 29.480  3.6     0     0     3     0 -9.000  0.003   1
     2971  26.830804  102.962899     9.999     2637.8   -14746.3     3289.9     20.2     16.7     17.9 2023  1  5 23  5 44.420  4.4     0     0    25    16 -9.000  0.042   1
     2972  26.836802  102.941309    14.511      493.4   -14081.6     7801.5     10.0      6.1     13.6 2023  1  5 23 11 18.600  3.8     0     0    10     2 -9.000  0.048   1
     2974  26.818109  102.959098    12.126     2260.4   -16152.9     5416.4     18.1     23.6     16.0 2023  1  5 23 27 56.960  5.8     0     0    21     9 -9.000  0.048   1
     2975  26.860732  102.983724     9.382     4706.5   -11430.1     2673.0     24.2     18.9     19.7 2023  1  5 23 33 35.820  3.7     0     0     3     4 -9.000  0.029   1
     2976  26.811387  102.928076    13.457     -821.4   -16897.6     6747.2     37.7     22.7     25.4 2023  1  5 23 38 26.620  4.1     0     0     3     2 -9.000  0.051   1
     2991  26.828743  102.951562    15.083     1511.9   -14974.5     8373.5     20.2     18.3     21.2 2023  1  6  2 50 22.380  6.2     0     0     7     6 -9.000  0.047   1
     2993  26.830318  102.954354     7.020     1789.1   -14800.2      310.9     24.5     29.2     31.0 2023  1  6  2 57  1.470  4.1     0     0     0     2 -9.000  0.004   1
     2995  26.834149  102.948592    10.636     1216.9   -14375.5     3926.7     27.9     30.6     23.4 2023  1  6  3  0 59.020  3.9     0     0    13    19 -9.000  0.048   1
     2997  26.827948  102.950659    11.418     1422.1   -15062.6     4709.0     17.5     18.6     13.3 2023  1  6  3 25  4.260  4.0     0     0    23    19 -9.000  0.035   1
     3000  26.815456  102.951221    13.024     1477.7   -16446.8     6315.0     20.9     25.9     22.9 2023  1  6  3 41 32.420  3.7     0     0     7     6 -9.000  0.046   1
     3004  26.831480  102.980282    11.607     4364.8   -14671.4     4897.8     29.7     44.9     35.0 2023  1  6  4 51 22.890  4.0     0     0     5     3 -9.000  0.024   1
     3011  26.808177  102.966130     9.750     2959.0   -17253.3     3040.6     12.3     16.1     21.2 2023  1  6  6  5 52.560  3.4     0     0     5     8 -9.000  0.044   1
     3012  26.836249  102.967537    11.357     3098.8   -14143.0     4647.7     19.1     24.8     22.9 2023  1  6  6  8 32.900  3.4     0     0    10     5 -9.000  0.035   1
     3018  26.944307  102.842025    12.169    -9365.8    -2169.6     5460.0     11.8      8.9      7.5 2023  1  6  7  0 26.530  3.7     0     0     2     0 -9.000  0.000   1
     3019  26.830774  102.962476    12.498     2596.3   -14749.6     5788.8     15.7     15.1     17.6 2023  1  6  7 51  6.760  4.4     0     0    23    22 -9.000  0.047   1
     3039  26.975114  102.917114     6.225    -1908.9     1243.6     -484.2     22.4     17.5     19.5 2023  1  6 11 15 40.650  5.8     0     0     6     5 -9.000  0.047   1
     3040  26.834837  102.956462    11.700     1998.1   -14299.4     4990.8     13.8     14.2     16.2 2023  1  6 11 24 59.490  4.0     0     0    20    14 -9.000  0.032   1
     3053  26.846999  102.927710     9.814     -858.0   -12951.9     3104.1     23.7     19.0     16.4 2023  1  6 16 14 43.460  3.0     0     0     5     3 -9.000  0.030   1
     3074  26.824701  102.949658    11.502     1322.9   -15422.5     4792.3     28.9     19.7     16.0 2023  1  6 20 36  5.620  4.0     0     0    27    12 -9.000  0.050   1
     3079  26.923651  102.913835     8.081    -2234.9    -4458.6     1371.3     19.2     14.4     13.1 2023  1  6 21 11 24.800  2.8     0     0     3     2 -9.000  0.027   1
     3080  26.826414  102.963249    11.580     2672.9   -15232.7     4870.9     20.2     16.9     19.5 2023  1  6 21 38 29.200  4.6     0     0    22    16 -9.000  0.047   1
     3168  26.973724  102.896313     7.485    -3974.5     1089.7      775.7     28.8     18.8     19.5 2023  1  7 15 39 13.870  3.2     0     0     4     1 -9.000  0.006   1
     3195  26.803141  102.957625    10.523     2114.5   -17811.3     3813.3     24.8     25.4     18.6 2023  1  7 20 13  6.520  3.8     0     0     4     4 -9.000  0.041   1
     3198  26.898059  102.942969    10.577      658.2    -7294.1     3867.2     40.2     33.9     46.8 2023  1  7 20 33 43.560  1.5     0     0     2     1 -9.000  0.006   1
     3208  26.860830  102.822778     4.857   -11280.8   -11419.3    -1851.9      7.4      2.7     18.5 2023  1  7 23  3 16.560  1.4     0     0    11    11 -9.000  0.008   1
     3229  26.798562  102.949430     5.739     1300.3   -18318.7     -969.5      2.0      2.4      4.8 2023  1  8  4 29 56.080  2.9     0     0     5     3 -9.000  0.002   1
     3232  26.837358  102.945207    10.580      880.6   -14020.2     3870.8     43.4     36.7     37.4 2023  1  8  5 28 16.850  4.0     0     0     9     5 -9.000  0.055   1
     3246  26.833567  102.952930    12.403     1647.9   -14440.0     5694.0     20.7     22.4     24.0 2023  1  8  9 21  3.110  4.0     0     0    20    19 -9.000  0.054   1
     3258  26.823649  102.941943    10.432      556.6   -15538.9     3722.4     24.7     37.6     25.4 2023  1  8 12 18 53.500  3.9     0     0    10     4 -9.000  0.042   1
     3266  27.104209  102.853581    18.394    -8212.3    15547.9    11684.2      0.2      0.3      0.2 2023  1  8 14  2 26.880  3.0     0     0     0     2 -9.000  0.000   1
     3284  26.829942  102.952075     9.926     1562.8   -14841.8     3216.5     17.0     19.3     23.8 2023  1  8 17  5 44.160  3.4     0     0    14     5 -9.000  0.040   1
     3289  26.683510  103.009456    12.551     7268.3   -31066.8     5841.7     27.9     17.7     19.2 2023  1  8 18  3 49.040  3.6     0     0     3     1 -9.000  0.056   1
     3297  26.652775  102.942358     4.833      597.8   -34472.3    -1875.4      2.7      2.8     11.4 2023  1  8 20  6 36.720 -0.2     0     0    11     9 -9.000  0.009   1
     3304  26.818559  102.961816    12.719     2531.0   -16103.0     6010.0     19.5     25.3     25.9 2023  1  8 20 59 20.720  3.3     0     0    24     9 -9.000  0.049   1
     3308  26.939610  102.856592    11.369    -7919.5    -2690.3     4659.4     51.9     26.6     33.1 2023  1  8 21 39 13.800  3.6     0     0     3     3 -9.000  0.084   1
     3310  26.942312  102.876489    11.678    -5943.6    -2390.8     4969.0     37.4     26.7     32.6 2023  1  8 21 47 29.640  3.6     0     0     3     3 -9.000  0.084   1
     3357  26.886460  102.932902     9.138     -341.8    -8579.3     2428.4     28.2     21.9     19.2 2023  1  9 16  6 17.250  3.5     0     0    11     3 -9.000  0.043   1
     3358  26.876495  102.941846     8.481      546.8    -9683.6     1771.7     27.7     21.5     19.2 2023  1  9 16 14 24.780  3.4     0     0     4     5 -9.000  0.031   1
     3360  26.875600  102.935392     7.655      -94.5    -9782.8      946.0     20.0     19.6     25.3 2023  1  9 16 39 28.660  3.4     0     0    15     7 -9.000  0.053   1
     3362  26.865306  102.971460    12.440     3488.1   -10923.3     5730.5     18.5     11.5     22.6 2023  1  9 16 57 15.950  4.5     0     0     2     2 -9.000  0.010   1
     3365  26.875566  102.935392     7.960      -94.8    -9786.6     1250.4     21.9     21.4     27.3 2023  1  9 17  8 11.840  2.8     0     0    12     9 -9.000  0.051   1
     3372  26.881124  102.947599     8.701     1117.9    -9170.6     1991.8     20.2     19.8     21.0 2023  1  9 19  8 38.000  3.2     0     0    13     5 -9.000  0.025   1
     3376  26.871997  102.939030     7.260      266.5   -10181.9      550.8     21.4     20.5     16.1 2023  1  9 19 27 32.080  3.2     0     0     9     2 -9.000  0.026   1
     3380  26.877608  102.952669     7.559     1621.8    -9560.3      849.3     26.3     23.3     24.1 2023  1  9 20 35 17.360  5.2     0     0    12     8 -9.000  0.045   1
     3381  26.888888  102.947380     9.501     1096.2    -8310.3     2791.7     31.4     25.2     25.7 2023  1  9 20 39 20.640  3.7     0     0    16     8 -9.000  0.057   1
     3384  26.893840  102.939095    13.092      273.4    -7761.8     6382.3      3.1      7.9      7.3 2023  1  9 21 15 29.980  2.7     0     0     2     2 -9.000  0.005   1
     3385  26.881571  102.939502     8.226      313.9    -9121.1     1516.3     16.1     15.7     16.0 2023  1  9 21 45  5.280  3.4     0     0    21    12 -9.000  0.051   1
     3388  26.883675  102.936914     9.162       56.7    -8888.1     2452.1     30.1     17.3     21.5 2023  1  9 22  7  4.240  4.0     0     0    16     6 -9.000  0.043   1
     3405  26.891665  102.923901     9.727    -1235.5    -8002.8     3017.1     40.0     35.4     31.3 2023  1 10  1 44 54.200  3.1     0     0     3     2 -9.000  0.048   1
     3441  26.878111  102.915226     7.198    -2097.3    -9504.6      488.4     32.2     28.9     25.7 2023  1 10  9 51  7.490  3.8     0     0     8     1 -9.000  0.019   1
     3456  26.846665  102.935726    10.108      -61.8   -12988.8     3398.1     18.4     19.0     19.0 2023  1 10 13 36 48.100  3.8     0     0    14    10 -9.000  0.052   1
     3464  26.854409  102.924829    13.937    -1143.8   -12130.8     7227.5      2.3      2.9      2.5 2023  1 10 15 13 25.780  4.0     0     0     2     3 -9.000  0.012   1
     3468  26.850596  102.944076     9.285      768.4   -12553.2     2575.8     28.4     24.0     28.6 2023  1 10 16 19 19.100  3.2     0     0     4     3 -9.000  0.040   1
     3471  26.957387  102.896834     4.261    -3923.3     -720.5    -2448.4     32.9     32.2     20.8 2023  1 10 18 32 51.000  3.0     0     0     3     1 -9.000  0.008   1
     3496  26.841901  102.946094    14.840      968.2   -13516.7     8130.5      9.8      6.6     12.6 2023  1 11  0  7 17.400  4.0     0     0     4     0 -9.000  0.009   1
     3497  26.950962  102.900179     7.356    -3591.1    -1432.4      646.5     25.0     30.3     15.8 2023  1 11  0 36  5.040  3.0     0     0     1     1 -9.000  0.019   1
     3514  27.117741  102.816439    10.896   -11897.4    17047.2     4186.7     25.2     19.4     26.4 2023  1 11  4 48 25.970  4.7     0     0     5     4 -9.000  0.049   1
     3543  27.102291  102.859245    10.025    -7650.2    15335.2     3315.1     24.4     14.2     15.2 2023  1 11 12 47 56.330  2.8     0     0     8     9 -9.000  0.048   1
     3551  27.087980  102.925024     6.674    -1123.3    13749.6      -34.4      6.9      4.2     12.9 2023  1 11 14 46 36.460  1.1     0     0     4     2 -9.000  0.023   1
     3555  26.882351  102.938037     8.872      168.3    -9034.7     2163.0     15.8     16.9     16.5 2023  1 11 15 39  2.520  3.8     0     0    33    17 -9.000  0.050   1
     3564  26.882473  102.940120     7.676      375.0    -9021.3      966.9     20.3     18.6     23.3 2023  1 11 18 31 49.240  3.3     0     0    15     8 -9.000  0.047   1
     3607  27.100958  102.859546    16.753    -7620.2    15187.5    10043.7      0.3      0.3      0.2 2023  1 12  9 20 26.380  3.9     0     0     0     2 -9.000  0.000   1
     3612  27.116280  102.824121    11.380   -11134.6    16885.3     4670.7     17.3     13.9     17.1 2023  1 12 11  0 25.460  4.5     0     0     3     4 -9.000  0.018   1
     3639  26.865995  102.989079     7.786     5237.8   -10846.9     1076.5     46.8     48.7     44.7 2023  1 12 20 14 58.520  2.8     0     0     1     1 -9.000  0.001   1
     3648  27.101615  102.826636    12.228   -10886.3    15260.4     5518.5     28.0     23.4     24.6 2023  1 12 22 45 29.580  4.0     0     0    10     4 -9.000  0.048   1
     3653  27.107373  102.854810     9.479    -8090.5    15898.3     2769.4     21.0     13.3     17.2 2023  1 13  0  2  4.990  3.8     0     0     4     4 -9.000  0.044   1
     3672  26.835400  102.957585    10.623     2109.9   -14237.0     3913.2     20.3     15.1     16.4 2023  1 13  5 13  5.510  3.9     0     0    15     9 -9.000  0.039   1
     3686  27.113369  102.824715    11.244   -11075.7    16562.6     4534.2     15.9     12.3     17.5 2023  1 13  9 37 46.500  3.2     0     0    12    15 -9.000  0.042   1
     3688  27.120266  102.836670    10.767    -9889.2    17326.9     4057.7     39.9     24.7     38.7 2023  1 13  9 48 48.130  3.8     0     0     1     2 -9.000  0.008   1
     3709  27.107308  102.822266    10.005   -11319.5    15891.1     3295.3     30.9     21.8     33.0 2023  1 13 13 55 47.220  3.8     0     0     2     3 -9.000  0.044   1
     3728  27.107865  102.840413    10.020    -9518.7    15953.0     3310.4     26.9     20.8     20.5 2023  1 13 17 40 57.320  3.1     0     0     5     2 -9.000  0.043   1
     3763  26.777150  102.974056    13.170     3747.3   -20691.3     6460.9     22.0     27.8     17.5 2023  1 14  2  9 10.150  3.9     0     0     3     2 -9.000  0.031   1
     3765  26.795099  102.972054    13.761     3548.4   -18702.4     7051.1     22.3     28.8     16.1 2023  1 14  2 13 49.380  4.0     0     0     3     2 -9.000  0.031   1
     3769  27.104152  102.843994    12.342    -9163.9    15541.5     5632.7     18.6     12.3     16.3 2023  1 14  4 22 24.700  3.5     0     0     9     4 -9.000  0.045   1
     3777  26.875387  102.918953     6.819    -1727.6    -9806.4      109.1     27.5     23.1     22.6 2023  1 14  8 57 21.050  3.1     0     0    11     4 -9.000  0.037   1
     3840  26.952799  102.923063     5.827    -1318.6    -1228.9     -882.4     15.6     11.6     13.0 2023  1 14 21 31 33.200  3.0     0     0     3     2 -9.000  0.018   1
     3865  27.118571  102.803849     7.720   -13145.8    17139.1     1010.5     43.4     25.5     61.6 2023  1 15  4 24 51.430  3.4     0     0     3     2 -9.000  0.052   1
     3931  27.078982  102.937891     6.694      153.4    12752.4      -14.8      8.4      6.4     14.9 2023  1 15 20 13 16.300  0.8     0     0     4     5 -9.000  0.034   1
     3939  27.120966  102.819686     6.227   -11574.7    17404.4     -481.9     22.6     13.7     29.3 2023  1 15 21 57 28.520  3.7     0     0     6     5 -9.000  0.048   1
     3957  26.833331  102.954419    11.481     1795.9   -14466.3     4771.5     19.2     16.2     14.2 2023  1 16  2 13 26.260  4.0     0     0    27    20 -9.000  0.049   1
     3981  26.967818  102.989583     2.561     5285.5      435.3    -4148.9     10.7     11.7      7.4 2023  1 16  8 21 19.850  4.0     0     0     2     1 -9.000  0.018   1
     3990  27.085453  102.928882     7.211     -740.6    13469.7      502.2      8.4      7.3     14.2 2023  1 16 11 43 16.400  1.9     0     0    16    17 -9.000  0.038   1
     4005  26.833779  102.978385     9.942     4176.1   -14416.7     3232.5     30.7     22.3     31.0 2023  1 16 16  3 19.020  3.8     0     0     5     0 -9.000  0.027   1
     4008  26.971263  102.922144     6.358    -1410.1      816.9     -351.6     28.4     21.5     20.5 2023  1 16 16 16 44.590  3.5     0     0     9     5 -9.000  0.045   1
     4025  27.108592  102.855672    10.039    -8005.0    16033.4     3329.2     21.7     13.8     16.4 2023  1 16 19  2 17.560  3.0     0     0     2     3 -9.000  0.024   1
     4113  26.653269  102.942879     5.538      649.9   -34417.5    -1170.8      1.9      2.0      6.0 2023  1 17 15 23 16.710  1.0     0     0    11     8 -9.000  0.007   1
     4130  27.106708  102.826554    13.395   -10893.6    15824.7     6685.9     20.4     19.4     21.6 2023  1 17 18 47 54.200  3.9     0     0     6     3 -9.000  0.037   1
     4159  26.861245  102.819344     2.185   -11622.1   -11373.4    -4523.9      1.4      1.2      6.7 2023  1 18  0  3 16.600  0.8     0     0     8     5 -9.000  0.002   1
     4201  27.102775  102.893140     7.617    -4287.4    15388.8      907.9     10.3      2.5     15.4 2023  1 18  9  8 42.450  3.0     0     0     1     3 -9.000  0.013   1
     4226  26.926654  102.915511     7.271    -2068.5    -4125.8      561.9     12.7     13.7     14.1 2023  1 18 17 22 49.000  2.7     0     0     9     3 -9.000  0.029   1
     4325  26.574028  103.040422    10.171    10351.0   -43197.8     3462.0      8.6     13.7     14.0 2023  1 19 18 37 36.640  4.0     0     0     3     1 -9.000  0.020   1
     4331  26.858223  102.930835    10.262     -547.7   -11708.1     3552.1     19.9     16.8     14.3 2023  1 19 22  6 22.880  4.0     0     0    16     4 -9.000  0.026   1
     4408  27.107546  102.833439    12.355   -10210.7    15917.6     5645.6     26.6     18.2     16.6 2023  1 20 19  7 17.240  3.8     0     0     7     4 -9.000  0.050   1
     4430  26.797795  102.951270     2.562     1483.2   -18403.9    -4146.5      2.8      3.0      4.1 2023  1 20 22 39 56.080  2.4     0     0     8    10 -9.000  0.004   1
     4476  26.990295  102.775846    11.390   -15933.3     2925.9     4680.9     40.0     36.8     42.7 2023  1 21 19 43 34.080  3.6     0     0     3     1 -9.000  0.037   1
     4506  27.014284  102.858260     9.792    -7750.7     5583.8     3082.4     27.6     34.0     24.3 2023  1 22  4 54 10.260  3.8     0     0     1     2 -9.000  0.033   1
     4529  27.101622  102.892708     6.387    -4330.0    15261.0     -322.0     10.2      2.5     16.6 2023  1 22 12 31 33.490  4.1     0     0     1     3 -9.000  0.013   1
     4537  26.834208  102.913118    11.603    -2307.7   -14369.0     4893.9     27.5     18.8     22.4 2023  1 22 14 38 34.520  3.4     0     0     4     4 -9.000  0.029   1
     4548  27.119928  102.878076    11.184    -5781.2    17289.5     4475.4      1.9      0.9      4.6 2023  1 22 17 43 16.680  0.9     0     0     2     3 -9.000  0.002   1
     4558  26.921924  102.924235     8.574    -1202.2    -4649.8     1865.0     31.7     28.3     28.1 2023  1 22 20 26  0.200  3.0     0     0     1     2 -9.000  0.049   1
     4561  26.984853  102.903304    18.884    -3280.4     2322.7    12174.7      6.8      4.3      7.3 2023  1 22 21 43 13.880  3.7     0     0    15     6 -9.000  0.010   1
     4569  27.121741  102.820174     5.920   -11525.8    17490.3     -789.4     22.4     13.7     33.1 2023  1 22 23 57 49.480  3.5     0     0     3     3 -9.000  0.045   1
     4652  26.869358  102.899862    15.040    -3623.8   -10474.4     8330.1      6.2      3.7      7.2 2023  1 23 20  7 57.300  3.5     0     0     1     3 -9.000  0.004   1
     4663  27.102301  102.852897    12.620    -8280.2    15336.4     5910.8     34.0     34.9     21.1 2023  1 23 21 54 10.080  4.5     0     0     3     2 -9.000  0.079   1
     4699  27.109041  102.817668    10.451   -11775.3    16083.2     3741.4     22.8     18.2     31.3 2023  1 24  5 27  3.440  3.8     0     0     5     2 -9.000  0.037   1
     4710  27.045188  102.842505    12.812    -9313.5     9008.1     6102.3      2.7      1.0      2.6 2023  1 24  8 18 32.320  3.0     0     0     2     0 -9.000  0.000   1
     4749  26.836656  102.914062    10.861    -2213.6   -14097.9     4151.5     47.9     16.4     19.1 2023  1 24 18 28 40.800  5.6     0     0     4     2 -9.000  0.033   1
     4751  26.838605  102.942391     8.010      600.8   -13882.0     1301.0     14.9     14.9     18.4 2023  1 24 18 39  7.920  3.8     0     0    11     8 -9.000  0.042   1
     4752  26.846096  102.926799     9.941     -948.7   -13052.0     3231.2     23.9     17.5     17.6 2023  1 24 19  2 19.500  4.9     0     0    12     3 -9.000  0.043   1
     4760  26.920249  102.900057     6.179    -3603.2    -4835.4     -530.2      6.9      6.3      5.0 2023  1 24 20 15  3.040  2.4     0     0     5     1 -9.000  0.025   1
     4772  26.653271  102.942879     5.546      650.0   -34417.3    -1162.3      2.0      2.0      5.9 2023  1 24 22 23 16.720  0.8     0     0    11     8 -9.000  0.007   1
     4792  26.864956  102.929102    14.111     -719.3   -10962.1     7401.5      2.4      3.0      2.7 2023  1 25  2 54 46.650  3.5     0     0     2     2 -9.000  0.000   1
     4801  27.088401  102.924382     6.245    -1186.8    13796.2     -463.1      5.8      4.6     10.7 2023  1 25  6 53 16.480  1.5     0     0    16    10 -9.000  0.027   1
     4804  26.653408  102.943001     5.730      661.7   -34402.3     -978.1      2.9      3.1     10.3 2023  1 25  8  9 56.700 -0.7     0     0    11     8 -9.000  0.009   1
     4818  26.967037  102.913981     6.706    -2220.1      348.8       -3.7     18.8     13.2     18.2 2023  1 25 12 51 58.540  3.8     0     0    17    13 -9.000  0.044   1
     4822  26.977765  102.923934     7.852    -1232.4     1537.5     1142.5     22.2     12.7     18.3 2023  1 25 14  8 38.550  3.7     0     0    16     9 -9.000  0.045   1
     4827  26.947375  102.910156     5.356    -2600.5    -1829.8    -1353.6     16.8     11.1     15.4 2023  1 25 15 29  9.120  3.7     0     0     3     2 -9.000  0.018   1
     4862  26.797758  102.951221     2.544     1478.4   -18407.9    -4164.8      2.1      2.1      3.1 2023  1 25 21 49 56.080  0.9     0     0    11    10 -9.000  0.004   1
     4866  26.713129  102.995728     8.732     5902.4   -27784.9     2023.0     10.1     12.1     11.9 2023  1 25 22 18 22.160  4.4     0     0     3     1 -9.000  0.006   1
     4882  26.858441  102.889274     7.036    -4675.2   -11684.0      327.0     23.5     15.8     25.1 2023  1 26  0 29 31.340  3.0     0     0     3     2 -9.000  0.034   1
     4890  26.707528  103.004891     9.653     6813.4   -28405.5     2944.0      7.4      7.5      7.2 2023  1 26  2  7 33.180  3.8     0     0     3     2 -9.000  0.017   1
     4914  26.985105  102.903190    18.945    -3291.4     2350.7    12236.0      7.4      2.9     10.5 2023  1 26  8 13 13.870  2.1     0     0    12     4 -9.000  0.013   1
     4980  26.862526  102.927425     9.623     -885.9   -11231.3     2914.0     31.6     21.4     24.8 2023  1 27  3  4  4.990  3.6     0     0    11     7 -9.000  0.043   1
     4992  26.866278  102.972786    11.121     3619.8   -10815.5     4411.3     19.4     20.1     21.6 2023  1 27  6 13 52.450  3.7     0     0    13     7 -9.000  0.044   1
     4994  26.688833  103.003044    11.583     6630.3   -30477.2     4873.6     26.4     17.5     20.0 2023  1 27  6 25 49.640  3.8     0     0     3     1 -9.000  0.056   1
     5006  26.990816  102.825106    10.417   -11043.1     2983.5     3707.3     23.1     11.2     22.7 2023  1 27 10 58 34.150  4.0     0     0     8     1 -9.000  0.035   1
     5016  26.975789  102.895768     9.021    -4028.7     1318.5     2311.2     32.2     23.7     21.2 2023  1 27 12  9 22.630  3.7     0     0     3     0 -9.000  0.008   1
     5023  26.977171  102.933480     7.900     -284.6     1471.7     1190.1     21.2     19.4     15.3 2023  1 27 13 50 19.710  3.6     0     0     7     1 -9.000  0.030   1
     5030  26.992607  102.813078    10.640   -12236.9     3182.0     3930.4     15.4     16.2     17.2 2023  1 27 15 32  4.380  2.9     0     0     6     3 -9.000  0.039   1
     5031  26.996781  102.821493    10.988   -11401.8     3644.6     4278.7     18.5      9.6     19.4 2023  1 27 15 33 32.140  3.6     0     0     8     2 -9.000  0.024   1
     5061  26.913200  102.911711     5.532    -2446.3    -5616.5    -1177.3     15.1     17.1     17.4 2023  1 27 22 15  4.320  2.6     0     0     7     1 -9.000  0.029   1
     5074  26.842716  102.979932    13.836     4329.6   -13426.3     7126.4     37.8     22.7     22.0 2023  1 28  1 40  9.800  3.6     0     0     1     2 -9.000  0.042   1
     5139  26.925264  102.884489     7.878    -5149.3    -4279.8     1168.9     25.0     19.6     17.1 2023  1 28 19 57 32.440  3.8     0     0     3     2 -9.000  0.055   1
     5183  27.130920  103.105420    13.801    16774.6    18507.5     7092.0     36.2     38.0     40.9 2023  1 29  5 21 28.540  4.0     0     0     1     1 -9.000  0.000   1
     5199  27.109296  102.804167    11.765   -13115.1    16111.4     5055.3     59.0     38.5     67.0 2023  1 29  9 19  2.490  4.0     0     0     3     2 -9.000  0.048   1
     5210  27.062628  102.833732     8.676   -10183.9    10940.5     1966.8     38.1     13.8     22.8 2023  1 29 12 18 41.550  3.1     0     0     1     2 -9.000  0.027   1
     5216  26.714451  103.011800     8.550     7499.7   -27638.5     1840.5      6.8      5.5      7.6 2023  1 29 13 41  6.700  3.6     0     0     6     3 -9.000  0.013   1
     5219  26.740570  102.860978    22.784    -7490.5   -24744.3    16074.3      3.1      1.8      2.8 2023  1 29 14  9 49.600 -0.3     0     0     1     2 -9.000  0.001   1
     5255  26.861324  102.944417     7.553      801.5   -11364.4      843.5     20.9     17.7     17.3 2023  1 29 22 51 44.400  3.5     0     0    14     5 -9.000  0.030   1
     5300  26.834062  102.949007     8.098     1257.8   -14385.2     1388.6     14.4     14.9     20.9 2023  1 30 12  1 48.910  3.4     0     0     7     8 -9.000  0.041   1
     5305  26.856732  102.940015    12.871      364.7   -11873.4     6161.3     20.7     23.3     18.0 2023  1 30 12 26 52.020  3.9     0     0     4     4 -9.000  0.027   1
     5322  27.084281  102.930477     7.700     -581.9    13339.7      991.9      7.3      6.4      9.9 2023  1 30 17 46 36.360 -0.1     0     0    13    15 -9.000  0.026   1
     5323  26.935622  102.838696    13.366    -9696.3    -3132.1     6656.9     12.1      9.0      7.3 2023  1 30 18  8 31.900  3.1     0     0     2     0 -9.000  0.000   1
     5386  26.799300  102.949105     5.722     1267.5   -18237.0     -986.4      1.2      2.3      5.1 2023  1 31  8 33 16.070  1.6     0     0     2     1 -9.000  0.000   1
     5413  26.617283  103.010620     9.298     7385.7   -38404.9     2588.3     19.9     17.9     11.0 2023  1 31 16 27 59.250  4.1     0     0     3     1 -9.000  0.004   1
     5418  26.880233  102.906877     6.263    -2926.7    -9269.4     -446.7     35.8     29.0     24.8 2023  1 31 17  3 23.800  4.2     0     0     5     2 -9.000  0.015   1
     5430  27.014703  102.932218     2.578     -409.5     5630.3    -4131.0     29.4     28.4     41.5 2023  1 31 19 52 21.600  2.6     0     0     2     0 -9.000  0.002   1
     5432  26.929028  102.913062     6.961    -2311.7    -3862.8      251.7     16.9     13.3     18.4 2023  1 31 20 31 50.740  2.8     0     0    23     8 -9.000  0.042   1
     5437  26.967116  102.910685     8.548    -2547.7      357.6     1838.6     27.1     33.7     19.3 2023  1 31 21 28 23.440  3.1     0     0     8     3 -9.000  0.040   1
     5442  26.934833  102.907853     6.785    -2829.3    -3219.6       75.4     19.7     13.9     22.5 2023  1 31 22 23 52.140  3.0     0     0    14     0 -9.000  0.024   1
     5502  27.012390  102.823071     3.956   -11244.1     5374.0    -2753.6     47.4     43.3     64.1 2023  2  1 19 32 32.760  3.1     0     0     4     0 -9.000  0.033   1
     5503  27.058673  102.847135     8.043    -8853.6    10502.4     1333.9     11.6      8.3     12.2 2023  2  1 20  5  2.880  3.6     0     0     8     7 -9.000  0.031   1
     5533  27.015544  102.933700     3.219     -262.4     5723.3    -3490.3     30.2     29.2     42.3 2023  2  2  3 50 12.990  3.5     0     0     2     0 -9.000  0.002   1
     5538  26.988361  102.941675     4.501      529.2     2711.4    -2208.7     24.8     25.6     23.0 2023  2  2  4 41  3.370  3.0     0     0     2     2 -9.000  0.022   1
     5609  26.937830  102.892236     8.495    -4379.8    -2887.4     1785.4     25.2     22.3     17.5 2023  2  2 20 27  4.200  3.2     0     0     3     2 -9.000  0.055   1
     5615  26.838021  102.941724     6.715      534.6   -13946.6        5.4     19.3     21.3     34.4 2023  2  2 21 52 48.000  2.7     0     0     4     4 -9.000  0.027   1
     5656  27.107005  102.853003     6.469    -8269.5    15857.5     -240.9     26.5     22.5     27.0 2023  2  3  9 59 32.520  3.8     0     0     2     1 -9.000  0.009   1
     5658  26.652356  102.942000     4.627      562.5   -34518.9    -2081.3      3.3      3.7     11.7 2023  2  3 10 59 56.730  0.6     0     0     8     9 -9.000  0.010   1
     5778  26.855540  102.938631    11.455      227.1   -12005.5     4745.7     27.7     36.6     38.9 2023  2  4 20  7 36.680  2.9     0     0     5     3 -9.000  0.044   1
     5785  26.986477  102.926961     3.331     -931.5     2502.6    -3378.0     12.2     12.6     13.1 2023  2  4 21 12 47.960  3.0     0     0     4     4 -9.000  0.020   1
     5791  27.090906  102.876807     7.721    -5907.7    14073.8     1011.8      3.3      2.0      3.3 2023  2  4 22 14 28.360  3.1     0     0     1     2 -9.000  0.000   1
     5869  26.898293  102.907951     4.757    -2820.2    -7268.4    -1951.2     21.9     15.5     22.2 2023  2  5 20 48 23.920  2.9     0     0     4     0 -9.000  0.027   1
     5886  26.967204  102.918115     8.140    -1809.5      367.3     1430.6     22.2     25.4     14.0 2023  2  6  1 12 27.310  5.2     0     0    22     9 -9.000  0.042   1
     5889  26.981525  102.933439     3.367     -288.6     1954.1    -3342.7      8.1     12.7     10.9 2023  2  6  1 43 58.220  3.5     0     0     6     3 -9.000  0.035   1
     5917  26.970249  102.915568     8.512    -2062.8      704.8     1802.1     13.6     19.7     12.8 2023  2  6  8 30 30.960  4.8     0     0    13     3 -9.000  0.030   1
     5995  26.860817  102.820150     2.416   -11541.5   -11420.6    -4292.0      1.4      1.1      3.1 2023  2  7  5 29 56.610  1.7     0     0    11     8 -9.000  0.003   1
     6008  26.961875  102.885734     5.521    -5025.1     -223.1    -1187.9     43.2     36.1     25.9 2023  2  7 10 51 42.840  3.0     0     0     1     0 -9.000  0.000   1
     6016  26.577781  103.055965     9.057    11896.9   -42781.9     2347.7     12.9     16.6     19.4 2023  2  7 12 22 33.540  4.3     0     0     4     0 -9.000  0.012   1
     6029  26.975358  102.916569     4.310    -1963.1     1270.7    -2399.0     22.0     27.8     12.2 2023  2  7 14 24 46.290  3.0     0     0     6     2 -9.000  0.036   1
     6042  27.009347  102.862174     9.765    -7362.3     5036.9     3055.5     27.0     34.6     24.1 2023  2  7 17 12 44.900  3.3     0     0     1     2 -9.000  0.033   1
     6051  26.575122  103.048698     9.908    11174.2   -43076.5     3198.4      7.7      8.7     10.0 2023  2  7 18 46 49.040  4.3     0     0     7     1 -9.000  0.016   1
     6052  26.962008  102.814803     7.398   -12067.7     -208.5      688.2      1.6      0.8      1.8 2023  2  7 19  4 59.480  3.2     0     0     2     1 -9.000  0.000   1
     6065  27.105070  102.858870    11.734    -7687.4    15643.2     5024.1     35.7     34.2     22.1 2023  2  7 22 51 25.800  4.3     0     0     6     6 -9.000  0.073   1
     6124  27.125462  102.844466     9.242    -9115.5    17902.6     2532.6     32.0     21.1     39.7 2023  2  8 15 37 19.590  4.2     0     0     3     2 -9.000  0.051   1
     6170  26.838544  102.959530    15.414     2303.5   -13888.6     8704.9     29.5     35.6     22.9 2023  2  9  5 18 18.340  4.0     0     0     3     1 -9.000  0.016   1
     6203  26.924746  102.921834     7.797    -1440.7    -4337.2     1087.1     28.6     26.6     21.2 2023  2  9 17 12 52.040  2.2     0     0    10     4 -9.000  0.047   1
     6222  26.901396  102.911190     3.302    -2498.1    -6924.4    -3407.1     20.8     15.1     30.5 2023  2  9 20 44 58.680  2.7     0     0     4     0 -9.000  0.027   1
     6234  26.979083  102.813997     6.915   -12147.0     1683.6      205.6      1.6      0.9      1.7 2023  2  9 22 39 56.920  3.3     0     0     2     1 -9.000  0.000   1
     6239  26.894299  102.944100    14.522      770.7    -7710.8     7812.5      2.9      8.2      7.2 2023  2  9 23 37 29.600  3.3     0     0     2     2 -9.000  0.005   1
     6311  26.976835  102.778687    10.873   -15652.1     1434.5     4163.7     39.4     35.2     42.1 2023  2 10 18 13 48.200  2.5     0     0     3     1 -9.000  0.037   1
     6313  27.088761  102.923389     5.626    -1285.4    13836.1    -1082.0      7.0      4.1      5.9 2023  2 10 18 26 36.520  1.8     0     0     8     6 -9.000  0.007   1
     6315  26.824935  102.966097     9.379     2955.7   -15396.5     2669.5     17.3     26.8     26.0 2023  2 10 18 51 51.160  3.2     0     0     6     7 -9.000  0.030   1
     6317  26.815413  102.961491    14.564     2498.1   -16451.5     7854.5     21.6     22.4     17.3 2023  2 10 18 59 17.320  4.1     0     0     5     1 -9.000  0.029   1
     6322  26.852148  102.989754    14.198     5305.6   -12381.3     7488.9     19.4     15.4     13.0 2023  2 10 20  1 54.380  2.9     0     0     2     4 -9.000  0.040   1
     6336  26.842015  102.955509    12.912     1903.9   -13504.0     6202.3     32.3     35.0     34.8 2023  2 10 22 52 55.840  3.4     0     0     2     3 -9.000  0.008   1
     6337  26.812425  102.959985    10.336     2348.6   -16782.8     3626.3     21.4     21.9     19.0 2023  2 10 23 21 27.200  3.2     0     0     4     7 -9.000  0.026   1
     6343  26.928699  102.905021     8.486    -3110.2    -3899.2     1776.5     34.7     32.5     25.6 2023  2 11  0 34 33.460  4.3     0     0     3     2 -9.000  0.034   1
     6365  27.127273  102.860213     7.641    -7553.3    18103.4      931.6     21.9     13.3     25.6 2023  2 11  8 41  3.580  3.1     0     0     4     4 -9.000  0.027   1
     6436  26.989962  102.922144     2.855    -1409.5     2888.9    -3854.9     12.6     15.2     14.3 2023  2 12  3  7  9.490  4.3     0     0     4     4 -9.000  0.038   1
     6441  26.855725  102.947998    12.215     1157.6   -11984.9     5505.4     26.5     34.6     27.8 2023  2 12  3 36 55.090  3.3     0     0     8     3 -9.000  0.041   1
     6478  26.877555  102.917586    14.261    -1863.5    -9566.0     7551.4     22.9     18.1     17.4 2023  2 12 15 24 31.460  3.9     0     0     2     2 -9.000  0.035   1
     6485  26.840814  102.952132     2.605     1568.6   -13637.1    -4104.4     21.1     20.3     31.8 2023  2 12 17  1 26.740  3.1     0     0     2     2 -9.000  0.047   1
     6642  27.079209  102.937199     6.153       84.9    12777.8     -555.1      7.4      2.5      8.0 2023  2 14 20 23 16.320  1.0     0     0    15    17 -9.000  0.016   1
     6645  26.872530  102.959880    12.039     2337.3   -10122.8     5329.3     20.8     22.2     21.1 2023  2 14 21 11 56.540  3.3     0     0     4     1 -9.000  0.028   1
     6646  27.109159  102.858545     0.955    -7719.4    16096.2    -5754.5      8.6      5.5     10.0 2023  2 14 21 35 59.380  3.3     0     0     1     3 -9.000  0.001   1
     6672  27.103251  102.845703    12.644    -8994.2    15441.7     5934.7     18.8     14.7     15.4 2023  2 15  6 37 39.600  4.2     0     0     7     1 -9.000  0.044   1
     6679  27.107542  102.842285     9.732    -9333.1    15917.0     3022.2     35.4     21.9     23.5 2023  2 15 10 22 17.600  3.7     0     0     5     4 -9.000  0.043   1
     6691  26.866606  102.979761    17.713     4312.8   -10779.3    11003.7     15.9     11.7     13.1 2023  2 15 12 37 42.850  3.5     0     0     1     2 -9.000  0.023   1
     6703  27.110913  102.842619     5.352    -9300.1    16290.5    -1357.1     25.6     14.6     30.5 2023  2 15 15 17 29.630  3.1     0     0     4     2 -9.000  0.021   1
     6706  27.111304  102.846468     3.666    -8917.4    16333.8    -3043.4     45.0     33.5    119.5 2023  2 15 16 28  5.050  2.7     0     0     2     0 -9.000  0.009   1
     6719  26.832623  102.949178    15.248     1275.1   -14544.6     8538.5     23.0     18.1     21.3 2023  2 15 20 50 46.780  3.2     0     0     1     3 -9.000  0.016   1
     6723  27.068077  102.856226     7.001    -7950.8    11544.1      291.7     30.6     20.6     28.5 2023  2 15 22 10 54.280  3.5     0     0     5     1 -9.000  0.041   1
     6774  26.861292  102.819019     0.774   -11654.2   -11368.1    -5934.9      2.4      1.4      6.9 2023  2 16 20 43 16.600  0.8     0     0     6     3 -9.000  0.005   1
     6783  27.109772  102.828727    10.293   -10678.2    16164.2     3583.4     20.1     12.9     19.1 2023  2 17  0 14 51.000  3.8     0     0    10     7 -9.000  0.041   1
     6834  26.826630  102.960840    11.304     2433.3   -15208.8     4595.0     25.9     17.3     15.5 2023  2 17 23  0 31.040  4.1     0     0    30    16 -9.000  0.040   1
     7044  27.128715  102.828337     9.954   -10715.7    18263.1     3244.2     30.8     21.7     37.1 2023  2 21 10 20 53.720  4.7     0     0     3     2 -9.000  0.051   1
     7083  26.919187  102.904329     5.252    -3179.1    -4953.2    -1457.4     16.0     16.9     17.4 2023  2 21 23 18 39.780  4.7     0     0     7     1 -9.000  0.029   1
     7151  27.203912  102.819051    10.554   -11633.2    26595.1     3844.8     11.3     23.1     13.1 2023  2 22 19 25 29.720  4.1     0     0     9     6 -9.000  0.039   1
     7153  26.892122  102.890202    13.459    -4582.9    -7952.1     6750.1      4.1      2.9      2.1 2023  2 22 19 45 20.800  3.4     0     0     2     1 -9.000  0.000   1
     7177  26.797809  102.951204     2.527     1476.5   -18402.2    -4181.9      2.4      2.6      2.8 2023  2 23  9 23 16.090  1.7     0     0     8     6 -9.000  0.001   1
     7182  26.804976  102.910425    10.088    -2575.2   -17607.9     3378.4      1.7      1.0      1.2 2023  2 23 11 33 42.560  3.5     0     0     1     1 -9.000  0.000   1
     7186  27.107202  102.840763     0.932    -9483.8    15879.5    -5777.1      8.2      5.6     10.0 2023  2 23 14  5 41.170  3.0     0     0     1     3 -9.000  0.001   1
     7270  27.128239  103.110018    13.057    17231.2    18210.5     6347.2     35.7     37.5     42.9 2023  2 24 20  1 25.240  3.2     0     0     1     1 -9.000  0.000   1
     7290  27.205743  102.814437     9.080   -12090.7    26798.0     2370.9     27.0     25.7     37.3 2023  2 25  5 47 20.380  3.9     0     0     8     3 -9.000  0.036   1
     7332  26.856380  102.948836     7.197     1240.6   -11912.3      487.3     21.2     14.3     14.8 2023  2 25 17 28  3.340  3.7     0     0     9     5 -9.000  0.038   1
     7374  27.207648  102.808105    10.848   -12719.1    27009.2     4139.1     12.0     23.9     14.6 2023  2 26  2 50 36.020  5.0     0     0     9     5 -9.000  0.042   1
     7375  27.197013  102.830005     8.890   -10547.2    25830.7     2180.9     58.9     48.0     69.4 2023  2 26  2 54 34.340  4.3     0     0     4     3 -9.000  0.016   1
     7377  27.204140  102.812915     9.037   -12241.7    26620.4     2327.6     24.9     19.8     29.5 2023  2 26  3 56 47.460  4.3     0     0     6     5 -9.000  0.029   1
     7413  26.851050  102.946509     6.829     1009.9   -12502.9      119.2     15.5     13.6     23.6 2023  2 26 16 17  1.730  3.2     0     0    19     9 -9.000  0.039   1
     7429  27.059302  102.843896     7.331    -9175.1    10571.8      621.6     14.0     10.4     15.6 2023  2 26 22 17 28.580  3.0     0     0     5     2 -9.000  0.012   1
     7438  26.922565  102.924414     6.468    -1184.6    -4578.8     -241.0     19.8     19.4     17.0 2023  2 27  1 33 44.960  4.5     0     0    16     5 -9.000  0.056   1
     7446  26.859650  102.948494    10.716     1207.0   -11550.1     4007.0     24.9     20.2     21.3 2023  2 27  5 56 54.190  3.8     0     0    10     6 -9.000  0.056   1
     7483  26.834542  102.938981     7.832      262.3   -14332.1     1122.3     13.4     13.8     18.8 2023  2 27 20 25 39.080  3.9     0     0    10     8 -9.000  0.032   1
     7526  26.859778  102.926074    11.626    -1020.4   -11535.9     4916.6     17.6     17.0     16.5 2023  2 28 15 11  6.250  3.8     0     0     4     2 -9.000  0.035   1
     7544  26.864439  102.903402     8.590    -3272.3   -11019.3     1880.8     16.2     12.9     12.4 2023  2 28 21 24  5.440  3.6     0     0     5     2 -9.000  0.028   1
     7545  26.625262  103.007007     9.228     7026.3   -37520.9     2518.2     20.0     18.1     11.3 2023  2 28 21 42 45.800  4.3     0     0     3     1 -9.000  0.004   1
     7547  26.797072  102.951888     2.091     1544.7   -18483.8    -4617.4      4.8      3.7     10.9 2023  2 28 22 13 16.080  1.9     0     0    11     8 -9.000  0.003   1
     7574  26.850753  102.951335     6.727     1489.2   -12535.9       17.7     23.2     17.0     27.9 2023  3  1 10 42 47.170  3.7     0     0    12     9 -9.000  0.055   1
     7582  26.886947  102.919531    13.859    -1669.9    -8525.5     7149.7     22.8     18.8     16.5 2023  3  1 11 42 31.070  3.8     0     0     4     4 -9.000  0.030   1
     7583  26.857743  102.940698    10.172      432.5   -11761.3     3462.5     18.8     17.4     17.6 2023  3  1 11 57 26.170  4.0     0     0    40    19 -9.000  0.041   1
     7594  26.846680  102.965299     6.562     2876.3   -12987.1     -147.1     16.4     10.8     20.3 2023  3  1 16 21 47.940  3.1     0     0    16    12 -9.000  0.039   1
     7605  26.853534  102.955241    11.082     1877.3   -12227.8     4372.2     52.5     55.1     34.3 2023  3  1 21 29 18.520  3.4     0     0    11     3 -9.000  0.049   1
     7629  26.860935  102.821883     4.194   -11369.5   -11407.7    -2514.7      3.4      1.6     11.1 2023  3  2  9 46 36.600  1.5     0     0    13    13 -9.000  0.004   1
     7651  27.118921  102.913843    11.390    -2232.6    17177.8     4680.6    161.6    125.3    154.4 2023  3  2 16 21 30.800  3.4     0     0     1     1 -9.000  0.003   1
     7653  27.012368  102.815210     5.372   -12024.9     5371.5    -1337.2     48.4     43.3     59.5 2023  3  2 16 50 48.130  4.5     0     0     4     0 -9.000  0.033   1
     7662  26.794645  102.941504     2.079      512.4   -18752.8    -4629.0     16.0      9.1     11.2 2023  3  2 21 56 36.060  1.1     0     0     9     6 -9.000  0.009   1
     7666  26.859344  102.950203    12.442     1376.5   -11584.0     5732.7     17.1     14.9     17.0 2023  3  2 22 25 24.200  5.5     0     0    28    16 -9.000  0.047   1
     7671  26.854464  102.964998     8.039     2846.1   -12124.8     1329.1     20.2     17.1     26.8 2023  3  2 22 48 54.960  4.1     0     0    26    15 -9.000  0.048   1
     7696  26.860555  102.823722     4.474   -11187.2   -11449.7    -2234.4      2.3      1.3      6.6 2023  3  3 13 16 36.600  1.6     0     0     8     8 -9.000  0.004   1
     7697  26.860927  102.821891     4.193   -11368.8   -11408.5    -2515.2      3.0      1.2     10.9 2023  3  3 13 26 36.600  1.8     0     0    13    13 -9.000  0.004   1
     7701  26.864431  102.819840     3.488   -11572.8   -11020.3    -3220.0      4.0      2.8     10.9 2023  3  3 16 43 17.230  1.1     0     0     3     2 -9.000  0.001   1
     7709  26.822898  102.958545     9.467     2205.5   -15622.2     2757.5     19.1     18.3     30.8 2023  3  3 18 35 14.000  3.0     0     0    10     6 -9.000  0.052   1
     7755  27.143974  102.815715    10.625   -11967.6    19953.8     3915.1     22.2     12.3     25.5 2023  3  4 21  6 18.000  3.3     0     0     3     2 -9.000  0.031   1
     7763  26.865637  102.902572     9.363    -3354.2   -10886.6     2653.3     14.7     10.5      9.1 2023  3  5  3 25 55.960  3.2     0     0     6     2 -9.000  0.039   1
     7770  26.848181  102.965869     5.581     2933.0   -12820.8    -1127.9     12.4     12.2     21.1 2023  3  5  8 40 13.980  3.2     0     0     8     5 -9.000  0.038   1
     7783  26.864431  102.819816     2.885   -11575.0   -11020.2    -3823.6      4.0      2.7      5.6 2023  3  5 15 29 57.220  3.1     0     0     3     2 -9.000  0.001   1
     7785  26.857359  102.945076    10.618      867.2   -11803.9     3908.2     23.8     17.7     23.5 2023  3  5 15 55  1.420  3.8     0     0    39    11 -9.000  0.042   1
     7813  26.866368  102.955965    11.063     1948.7   -10805.8     4353.7     22.8     18.1     20.4 2023  3  6  3 24 59.830  3.4     0     0    26    16 -9.000  0.049   1
     7825  27.129425  102.806673    10.412   -12865.5    18341.8     3702.4     22.1     12.4     25.7 2023  3  6  7 11 15.890  4.7     0     0     3     2 -9.000  0.031   1
     7827  27.126552  102.869352     6.835    -6646.7    18023.5      125.9     24.2     13.4     27.0 2023  3  6  7 43  0.260  2.9     0     0     2     2 -9.000  0.031   1
     7839  27.062834  102.853011     8.567    -8270.6    10963.3     1857.2     17.7     12.0     18.3 2023  3  6 17  7 18.600  3.6     0     0     3     2 -9.000  0.020   1
     7853  26.843382  102.944027    12.051      763.2   -13352.5     5341.3     44.8     28.2     36.4 2023  3  6 20 48 46.300  6.5     0     0     7     4 -9.000  0.023   1
     7856  26.842029  102.977189     7.565     4057.2   -13502.6      856.0     23.8     17.7     33.1 2023  3  6 21  4 33.200  3.1     0     0    10     8 -9.000  0.047   1
     7859  26.875594  102.898926     8.872    -3716.5    -9783.5     2162.9     27.6     21.9     26.1 2023  3  6 21 24 19.720  3.2     0     0     7     4 -9.000  0.047   1
     7865  26.849333  102.935148    10.268     -119.2   -12693.2     3558.3     22.2     20.3     14.3 2023  3  6 21 58  3.400  3.6     0     0     9     1 -9.000  0.013   1
     7866  26.860828  102.914551     8.289    -2164.4   -11419.6     1579.7     25.6     16.6     22.2 2023  3  6 22 22 54.820  3.7     0     0    18    11 -9.000  0.057   1
     7871  26.848885  102.959001     6.641     2250.6   -12742.8      -68.1     24.2     18.4     24.8 2023  3  6 23 14 54.360  3.2     0     0     7     5 -9.000  0.048   1
     7873  26.866538  102.952669    10.457     1621.7   -10786.7     3747.2     18.0     12.7     19.5 2023  3  6 23 32 30.880  3.2     0     0    37    23 -9.000  0.037   1
     7875  26.848484  102.917993    12.481    -1822.8   -12787.2     5771.7     24.2     20.1     22.4 2023  3  6 23 42 50.040  3.6     0     0     4     4 -9.000  0.021   1
     7877  26.862038  102.971362    13.072     3478.7   -11285.4     6362.9     25.1     28.3     29.1 2023  3  6 23 51 23.960  4.2     0     0     7     7 -9.000  0.056   1
     7878  26.843319  102.917285     7.003    -1893.6   -13359.6      293.7     27.5     18.7     27.0 2023  3  7  0  4  1.920  4.0     0     0     8     4 -9.000  0.021   1
     7880  26.850226  102.930916    13.492     -539.5   -12594.3     6782.4     34.0     22.1     24.3 2023  3  7  0 14 26.030  4.0     0     0     2     1 -9.000  0.002   1
     7889  26.855725  102.952938     9.414     1648.4   -11985.0     2704.6     21.2     24.1     20.3 2023  3  7  1 31 59.050  3.9     0     0    20    16 -9.000  0.041   1
     7891  26.846737  102.954891    10.226     1842.6   -12981.0     3516.7     22.6     19.8     22.7 2023  3  7  2 24 31.590  4.5     0     0    22    10 -9.000  0.044   1
     7894  26.851725  102.923397     6.803    -1285.8   -12428.2       93.3     13.9      8.5     14.6 2023  3  7  3 21 32.450  3.8     0     0    23    10 -9.000  0.038   1
     7895  26.851609  102.962158    11.736     2564.6   -12441.1     5027.0     76.6     57.9     74.6 2023  3  7  3 41 31.660  4.4     0     0     3     2 -9.000  0.015   1
     7897  27.154307  103.110360     6.974    17262.8    21098.8      264.3     41.4     41.5     75.2 2023  3  7  4 18 49.540  3.9     0     0     3     1 -9.000  0.018   1
     7899  26.864197  102.928638     9.192     -765.6   -11046.2     2483.0     16.5     16.8     10.7 2023  3  7  4 37  7.010  3.8     0     0    14    11 -9.000  0.047   1
     7900  26.860911  102.961922    10.312     2540.8   -11410.2     3602.2     37.6     26.4     35.9 2023  3  7  4 41  1.830  3.8     0     0     5     3 -9.000  0.014   1
     7905  26.857424  102.959465     8.437     2296.7   -11796.8     1727.9     20.7     13.1     19.9 2023  3  7  5 48 34.900  3.9     0     0    10     6 -9.000  0.038   1
     7908  26.854541  102.967049    12.025     3050.2   -12116.2     5315.6     20.7     17.8     17.4 2023  3  7  7  3 58.650  4.7     0     0    22    18 -9.000  0.048   1
     7917  26.854871  102.940576    11.516      420.6   -12079.6     4807.0     30.4     28.2     27.5 2023  3  7  8 29 47.590  3.9     0     0    14     4 -9.000  0.037   1
     7918  26.853953  102.943270     6.419      687.9   -12181.2     -290.6     16.0     11.5     25.4 2023  3  7  9  0 10.340  3.6     0     0    16    15 -9.000  0.045   1
     7925  26.838251  102.895890    10.508    -4018.6   -13921.2     3798.9     36.1     16.7     17.0 2023  3  7 12  5  7.670  3.4     0     0     2     2 -9.000  0.023   1
     7935  26.857208  102.941341     9.677      496.2   -11820.6     2967.1     15.5     16.3     13.1 2023  3  7 14 38 37.060  4.7     0     0    37    20 -9.000  0.041   1
     7936  26.838033  102.970874    10.796     3430.5   -13945.3     4086.9     20.7     21.4     19.8 2023  3  7 14 40 28.790  5.5     0     0    10     7 -9.000  0.045   1
     7941  26.838076  102.968522     9.440     3196.7   -13940.5     2730.7     23.0     24.0     29.6 2023  3  7 15 16 57.950  5.0     0     0    12    10 -9.000  0.034   1
     7951  26.852307  102.978263     8.824     4163.9   -12363.6     2115.1     20.8     17.5     24.6 2023  3  7 19  1 47.320  3.7     0     0    11     4 -9.000  0.034   1
     7952  26.853156  102.947852     9.706     1143.0   -12269.7     2996.9     26.6     32.5     27.6 2023  3  7 19 34 57.680  3.8     0     0    20     1 -9.000  0.027   1
     7957  26.850641  102.969523    13.404     3295.7   -12548.2     6694.1     18.8     19.6     19.2 2023  3  7 21 13 56.400  4.6     0     0    17    12 -9.000  0.055   1
     7958  26.847247  102.980534     9.809     4389.4   -12924.4     3099.4     16.3     15.1     20.3 2023  3  7 21 21 37.800  5.0     0     0    16     5 -9.000  0.044   1
     7959  26.852563  102.959440     6.144     2294.3   -12335.2     -565.7     17.5     15.3     27.3 2023  3  7 21 31 15.800  3.7     0     0     4     3 -9.000  0.049   1
     7961  26.854948  102.955892     6.092     1941.4   -12071.0     -617.3     20.4     18.5     35.0 2023  3  7 21 37  4.480  3.4     0     0    14     7 -9.000  0.043   1
     7962  26.853001  102.966838    14.411     3029.3   -12286.8     7701.4     26.1     22.5     23.2 2023  3  7 21 44 29.500  5.0     0     0     9     5 -9.000  0.053   1
     7963  27.119932  102.878019    11.236    -5787.1    17290.0     4527.5      1.9      0.9      4.6 2023  3  7 21 49 56.680  2.0     0     0     2     3 -9.000  0.002   1
     7965  26.857920  102.937370     8.269      101.6   -11741.6     1559.3     20.6     16.8     27.0 2023  3  7 21 58 11.240  3.8     0     0    15     9 -9.000  0.064   1
     7967  26.871893  102.930965     9.982     -534.2   -10193.5     3272.4     17.0     17.1     11.0 2023  3  7 22 18  8.200  2.9     0     0    16    12 -9.000  0.031   1
     7972  26.842712  102.966406     6.251     2986.1   -13426.8     -458.3     20.3     15.1     26.3 2023  3  7 22 43 48.300  3.5     0     0    10     5 -9.000  0.037   1
     7973  26.870343  102.953532    12.135     1707.0   -10365.3     5425.7     11.8     14.4     11.0 2023  3  7 22 56 19.900  2.8     0     0     4     2 -9.000  0.041   1
     7978  26.931441  102.926896     8.149     -938.6    -3595.5     1439.4     36.3     30.4     20.4 2023  3  7 23 32 48.900  3.4     0     0     6     1 -9.000  0.048   1
     7981  26.856384  102.930094     9.181     -620.5   -11912.0     2471.1     15.4     13.8     19.5 2023  3  7 23 40 52.640  3.3     0     0    18    10 -9.000  0.040   1
     7984  26.862964  102.925903    12.535    -1037.3   -11182.9     5825.7     21.1     21.7     19.0 2023  3  8  0 24 24.290  3.9     0     0     2     1 -9.000  0.007   1
     7987  26.863534  102.918042    13.340    -1818.0   -11119.7     6630.2     20.9     19.8     17.0 2023  3  8  0 57 16.840  4.4     0     0     9     5 -9.000  0.032   1
     7990  26.860937  102.821794     4.131   -11378.9   -11407.4    -2577.6      3.9      1.3     12.3 2023  3  8  2 36 36.600  2.5     0     0    16    15 -9.000  0.004   1
     7991  26.847054  102.972135    10.178     3555.2   -12945.8     3468.6     22.2     25.8     28.9 2023  3  8  3  2 53.730  4.3     0     0     5     2 -9.000  0.033   1
     7998  26.852376  102.977482     8.525     4086.6   -12355.9     1815.4     17.0     14.4     23.0 2023  3  8  4 57 33.940  4.1     0     0    20    11 -9.000  0.040   1
     7999  26.853400  102.948210     9.248     1178.6   -12242.6     2538.4     21.5     16.7     19.7 2023  3  8  5 35 56.710  3.8     0     0    15     2 -9.000  0.042   1
     8001  26.848234  102.994710     7.365     5798.2   -12814.9      655.9     16.8     13.7     28.7 2023  3  8  5 58 31.450  3.9     0     0     4     2 -9.000  0.025   1
     8005  26.851717  102.949251     9.733     1282.1   -12429.0     3023.8     30.8     22.2     18.8 2023  3  8  7 58 32.550  4.1     0     0     6    14 -9.000  0.046   1
     8006  26.863704  102.966471    10.684     2992.4   -11100.8     3974.8     33.9     27.4     30.0 2023  3  8  8 34 31.870  3.2     0     0     6     6 -9.000  0.048   1
     8009  26.847591  102.926571     7.585     -970.7   -12886.2      875.1     14.2     11.3     16.0 2023  3  8  9 54 43.010  3.8     0     0     7     3 -9.000  0.027   1
     8010  26.849829  102.977848    11.713     4123.2   -12638.3     5003.5     22.2     20.2     27.2 2023  3  8 10 17 27.190  3.4     0     0     4     6 -9.000  0.031   1
     8014  26.862740  102.972493    12.630     3590.9   -11207.6     5920.4     21.3     20.4     17.2 2023  3  8 10 57 26.200  3.9     0     0     8     5 -9.000  0.037   1
     8017  26.854055  102.977295    10.508     4067.8   -12169.9     3798.7     24.4     21.2     20.1 2023  3  8 11 16  2.650  5.1     0     0     7     5 -9.000  0.034   1
     8018  26.865025  102.949479    12.902     1304.7   -10954.5     6192.9     12.5     14.1     10.4 2023  3  8 11 18  4.450  3.6     0     0     4     2 -9.000  0.010   1
     8024  26.851851  102.975513    12.613     3890.7   -12414.1     5903.7     15.1     16.3     15.1 2023  3  8 12 16  0.100  3.8     0     0    15    14 -9.000  0.039   1
     8028  26.849127  102.912028     6.834    -2415.6   -12715.9      124.9     33.1     25.4     35.3 2023  3  8 13 18 43.510  4.7     0     0     3     1 -9.000  0.061   1
     8032  26.863171  102.974251     8.127     3765.7   -11159.9     1417.4     22.9     22.5     31.5 2023  3  8 14 11 31.160  3.8     0     0     4     3 -9.000  0.039   1
     8034  26.867063  102.943001    12.435      661.3   -10728.7     5725.9     17.2     16.8     13.1 2023  3  8 14 20 24.250  3.6     0     0    12     4 -9.000  0.035   1
     8036  26.858256  102.932926    14.728     -339.1   -11704.4     8018.6     12.4      8.1     11.7 2023  3  8 14 27 34.350  3.7     0     0     2     1 -9.000  0.007   1
     8040  26.856342  102.920028    11.565    -1620.5   -11916.7     4855.1     20.7     17.1     15.4 2023  3  8 15 16  6.700  3.0     0     0    15     8 -9.000  0.042   1
     8041  26.858073  102.927889    11.062     -840.0   -11724.9     4352.6     22.2     21.0     17.1 2023  3  8 15 29 18.960  3.2     0     0     4     2 -9.000  0.047   1
     8045  26.867668  102.986230    12.269     4955.2   -10661.7     5559.6     29.3     18.8     28.1 2023  3  8 16 15 45.510  3.5     0     0     2     2 -9.000  0.061   1
     8048  27.126103  102.836279     6.617    -9928.4    17973.8      -92.3     38.4     29.8     39.6 2023  3  8 16 47  0.040  4.6     0     0     4     0 -9.000  0.052   1
     8052  26.854470  102.929858     6.791     -644.1   -12124.1       81.7     15.3     12.2     14.6 2023  3  8 17 18 39.640  3.5     0     0    12     6 -9.000  0.045   1
     8055  26.853906  102.941659    13.371      528.2   -12186.4     6661.9     25.8     16.0     19.5 2023  3  8 17 31 51.800  3.5     0     0     4     2 -9.000  0.026   1
     8060  26.797795  102.951237     2.556     1479.5   -18403.7    -4152.0      2.0      2.5      3.8 2023  3  8 18  3 16.080  3.2     0     0    15    12 -9.000  0.004   1
     8069  26.853933  102.934814    12.856     -151.9   -12183.6     6146.8     20.4     17.3     16.3 2023  3  8 18 45 27.540  3.1     0     0    15     9 -9.000  0.033   1
     8076  26.851774  102.910465     6.379    -2570.9   -12422.6     -330.9     31.1     20.6     23.2 2023  3  8 19 33  4.980  3.3     0     0     6     3 -9.000  0.026   1
     8077  26.870253  102.896444    16.220    -3962.9   -10375.2     9510.4      6.2      3.9      7.0 2023  3  8 19 41 40.680  4.8     0     0     1     3 -9.000  0.004   1
     8083  26.853306  102.913330     8.053    -2286.5   -12253.0     1343.1     22.1     15.8     18.9 2023  3  8 20 22 49.920  3.6     0     0    10     4 -9.000  0.057   1
     8086  26.864927  102.876139     4.920    -5980.6   -10965.2    -1789.3     37.7     28.9     41.3 2023  3  8 20 54 12.340  2.7     0     0     1     3 -9.000  0.048   1
     8088  26.843937  102.935954     6.713      -38.9   -13291.1        3.4     25.8     19.1     34.6 2023  3  8 21  9 16.720  3.6     0     0    11     8 -9.000  0.042   1
     8091  26.852970  102.945711     7.999      930.1   -12290.1     1289.2     14.9     13.6     17.9 2023  3  8 22  6  3.880  3.2     0     0    17     9 -9.000  0.053   1
     8092  26.859316  102.917977    12.013    -1824.5   -11587.0     5303.8     23.8     18.5     19.2 2023  3  8 22 12 10.060  4.3     0     0    13     7 -9.000  0.046   1
     8095  26.862528  102.961906     8.126     2539.1   -11231.1     1416.2     36.4     29.1     35.3 2023  3  8 22 33 59.480  2.8     0     0     1     2 -9.000  0.020   1
     8096  26.852590  102.975610    13.077     3900.5   -12332.2     6368.0     19.1     15.2     16.0 2023  3  8 22 37 22.840  5.7     0     0     8     8 -9.000  0.036   1
     8099  26.846771  102.938957    10.344      259.5   -12977.1     3634.5     37.5     23.9     29.9 2023  3  8 22 53 20.280  4.7     0     0     8     0 -9.000  0.029   1
     8101  26.875527  102.919084    12.012    -1714.6    -9790.9     5303.0     32.7     24.8     26.5 2023  3  8 23  6  0.800  3.6     0     0     8     6 -9.000  0.049   1
     8103  26.849888  102.966097     8.694     2955.8   -12631.8     1984.1     27.1     12.0     33.4 2023  3  8 23 12 30.580  4.0     0     0     4     5 -9.000  0.044   1
     8105  26.853261  102.927913     8.659     -837.6   -12257.9     1949.1     14.9     15.8     19.0 2023  3  8 23 18 10.400  4.0     0     0    21    10 -9.000  0.054   1
     8107  26.860181  102.996029    13.123     5928.8   -11491.2     6413.7     18.7     17.9     16.3 2023  3  8 23 45 23.120  3.7     0     0     3     4 -9.000  0.055   1
     8108  26.842800  102.923470     8.953    -1278.6   -13417.1     2243.6     15.6     11.2     13.9 2023  3  8 23 46 48.460  3.9     0     0     7     3 -9.000  0.047   1
     8110  26.844641  102.986466     8.645     4978.7   -13213.0     1935.8     17.5     13.4     28.1 2023  3  9  0 11 32.840  3.8     0     0    20    11 -9.000  0.038   1
     8111  26.846375  102.937166     9.277       81.6   -13021.0     2567.9     19.7     16.4     19.6 2023  3  9  0 20 14.370  4.3     0     0     9     5 -9.000  0.039   1
     8112  26.861812  102.972941    17.635     3634.8   -11310.5    10925.3     15.9     12.0     13.0 2023  3  9  0 23 49.560  4.3     0     0     1     2 -9.000  0.023   1
     8127  26.863464  102.979679    12.745     4304.2   -11127.4     6035.2     36.1     29.6     28.3 2023  3  9  5 38 49.280  3.6     0     0     6     4 -9.000  0.060   1
     8131  26.885101  102.878776    10.725    -5718.1    -8729.9     4015.2      1.7      1.4      1.3 2023  3  9  6 15  1.920  4.2     0     0     1     1 -9.000  0.000   1
     8132  26.867489  102.952791     7.543     1633.3   -10681.6      833.5     20.1     15.2     19.5 2023  3  9  6 15 57.580  3.8     0     0    10     5 -9.000  0.033   1
     8135  26.859902  102.966699     9.021     3014.8   -11522.0     2311.1     15.2     12.0     19.3 2023  3  9  6 32  3.490  4.6     0     0    12     8 -9.000  0.046   1
     8136  26.836448  102.962996     8.559     2648.0   -14120.8     1849.6     39.1     20.4     24.3 2023  3  9  6 38 46.780  4.4     0     0     3     1 -9.000  0.024   1
     8137  26.858830  102.957992     9.424     2150.0   -11640.8     2714.9     24.9     24.6     18.0 2023  3  9  6 45 48.780  4.3     0     0    37    24 -9.000  0.042   1
     8140  26.849858  102.949756     3.818     1332.2   -12635.0    -2891.4     21.3     20.5     38.0 2023  3  9  7  8 25.370  3.4     0     0     4     4 -9.000  0.050   1
     8144  26.860238  102.941382    10.638      500.3   -11485.0     3928.5     19.6     12.4     22.4 2023  3  9  7 34 41.280  4.7     0     0     2     2 -9.000  0.031   1
     8145  26.865938  102.950602    10.198     1416.3   -10853.3     3488.5     22.0     17.9     21.0 2023  3  9  7 45 48.840  3.7     0     0    34    19 -9.000  0.048   1
     8146  26.861326  102.971395     9.461     3481.7   -11364.3     2751.6     22.9     28.8     27.8 2023  3  9  7 50 26.150  4.2     0     0    12     6 -9.000  0.047   1
     8147  26.845520  102.976497    11.100     3988.4   -13115.8     4390.5     27.8     18.5     32.5 2023  3  9  8  5  8.460  5.2     0     0     6     5 -9.000  0.043   1
     8150  26.855882  102.937793     9.039      144.0   -11967.5     2329.7     36.0     23.4     21.2 2023  3  9  8 35  7.290  3.8     0     0    12     3 -9.000  0.036   1
     8151  26.857463  102.930273     5.325     -602.9   -11792.5    -1384.1     32.2     25.1     49.9 2023  3  9  8 52 12.380  3.5     0     0     4     1 -9.000  0.028   1
     8154  26.859599  102.974552     9.812     3794.9   -11555.7     3102.6     26.0     26.7     24.5 2023  3  9  9  0 32.320  4.4     0     0    15     8 -9.000  0.047   1
     8155  26.853453  102.970532     6.786     3395.7   -12236.7       76.6     29.0     25.6     30.7 2023  3  9  9  4 20.880  3.9     0     0     9     9 -9.000  0.039   1
     8156  26.854502  102.944352     6.923      795.3   -12120.4      213.4     17.9     12.8     25.2 2023  3  9  9 17 11.790  4.6     0     0    13    10 -9.000  0.047   1
     8164  27.117413  102.848535     7.661    -8712.2    17010.9      951.5     18.9     14.5     30.9 2023  3  9 10 41  7.180  4.8     0     0     8     3 -9.000  0.035   1
     8165  26.861532  102.924919    10.796    -1135.2   -11341.5     4087.1     24.0     21.6     20.9 2023  3  9 10 47 38.330  4.0     0     0     4     1 -9.000  0.032   1
     8167  26.855516  102.929321     4.612     -697.3   -12008.1    -2097.6     30.7     29.9     58.0 2023  3  9 10 55  9.970  3.2     0     0     1     1 -9.000  0.014   1
     8168  26.867961  102.960319    10.692     2381.0   -10629.3     3982.8     27.0     21.1     23.2 2023  3  9 11 29 19.350  3.7     0     0     8     3 -9.000  0.058   1
     8182  26.854460  102.948128     6.483     1170.6   -12125.1     -226.6     18.3     12.9     25.0 2023  3  9 12 37 22.580  3.5     0     0     7     8 -9.000  0.039   1
     8184  26.864541  102.922754     7.877    -1350.2   -11008.1     1167.2      7.6      4.0     10.2 2023  3  9 12 47 42.030  3.1     0     0     1     2 -9.000  0.004   1
     8189  26.863047  102.931340    12.706     -497.2   -11173.7     5996.2     26.1     19.2     19.5 2023  3  9 14  4  0.120  3.2     0     0    12     5 -9.000  0.032   1
     8191  26.843937  102.984627     9.892     4796.1   -13291.0     3182.9     13.5     17.2     20.6 2023  3  9 14 21 16.440  3.5     0     0    15     8 -9.000  0.049   1
     8206  26.853961  102.873576     8.037    -6235.2   -12180.4     1327.9      2.1      3.0      8.4 2023  3  9 19  9 13.960  4.6     0     0     1     3 -9.000  0.001   1
     8210  26.856862  102.980086    14.903     4345.1   -11859.0     8193.4     36.6     25.1     28.6 2023  3  9 20  3 57.760  3.3     0     0     4     3 -9.000  0.039   1
     8211  26.851013  102.941187     9.929      480.7   -12507.0     3219.9     16.0     16.0     18.2 2023  3  9 20 12 33.100  3.2     0     0    41    23 -9.000  0.043   1
     8214  26.858046  102.937118    12.236       76.6   -11727.8     5526.2     22.6     15.4     15.9 2023  3  9 20 28 34.160  4.3     0     0    20    12 -9.000  0.031   1
     8217  26.852486  102.943058    10.398      667.1   -12343.7     3688.3     15.5     15.6     14.9 2023  3  9 20 49  9.860  3.8     0     0    28    10 -9.000  0.040   1
     8220  26.852094  102.943587    11.144      719.1   -12387.4     4434.7     16.4     13.7     15.5 2023  3  9 20 59 26.880  3.6     0     0     7     6 -9.000  0.040   1
     8222  26.865739  102.964608    11.776     2807.5   -10875.4     5066.7     16.6     17.9     15.2 2023  3  9 21  6 49.400  5.5     0     0    21     8 -9.000  0.047   1
     8225  26.890057  102.858521     5.005    -7729.1    -8180.7    -1704.3     24.1     18.0     27.7 2023  3  9 21 21 14.320  2.9     0     0     2     3 -9.000  0.058   1
     8226  26.845858  102.945532    10.896      912.7   -13078.2     4186.4     19.9     17.7     18.3 2023  3  9 21 23 54.960  3.3     0     0     4     2 -9.000  0.007   1
     8229  26.856641  102.942269     9.657      588.2   -11883.4     2947.1     24.9     17.3     21.5 2023  3  9 21 36  5.600  4.2     0     0     4     3 -9.000  0.046   1
     8230  26.861434  102.939689    14.904      332.6   -11352.5     8194.3     11.3      8.2     11.8 2023  3  9 21 40 47.780  3.3     0     0     2     1 -9.000  0.007   1
     8232  26.846720  102.974927     9.896     3832.9   -12982.8     3186.8     17.2     10.7     18.8 2023  3  9 21 46 60.000  3.1     0     0    24     6 -9.000  0.034   1
     8238  26.867255  102.912573     8.266    -2361.3   -10707.3     1556.8      7.9      4.1      9.6 2023  3  9 22 21 41.640  3.2     0     0     1     2 -9.000  0.004   1
     8242  26.850419  102.967855     8.810     3129.8   -12572.9     2101.0     22.1     15.8     23.9 2023  3  9 22 48 34.080  4.1     0     0    18     6 -9.000  0.032   1
     8249  26.862097  102.934269    11.607     -206.1   -11278.9     4897.4     28.9     21.1     18.1 2023  3 10  0 20 44.950  5.9     0     0    15     5 -9.000  0.039   1
     8252  26.850362  102.943424     9.323      703.6   -12579.1     2613.7     20.8     17.5     30.8 2023  3 10  0 50 10.710  4.5     0     0     9     5 -9.000  0.044   1
     8253  26.870996  102.952783     8.453     1633.1   -10292.8     1743.4     19.7     20.0     19.5 2023  3 10  1  0 57.730  3.6     0     0     8    11 -9.000  0.053   1
     8255  26.855353  102.970280    14.402     3371.3   -12026.2     7692.2     27.0     19.3     26.4 2023  3 10  1 32 16.860  4.9     0     0    12     6 -9.000  0.048   1
     8257  26.850987  102.933358     9.611     -296.5   -12509.9     2901.9     18.8     21.3     29.3 2023  3 10  1 49 34.370  3.2     0     0     6     6 -9.000  0.052   1
     8259  26.863641  102.956567    10.813     2009.0   -11107.8     4103.2     18.7     17.4     13.8 2023  3 10  1 58 31.470  3.0     0     0    30    18 -9.000  0.033   1
     8262  26.864421  102.900342     7.735    -3576.4   -11021.5     1025.3     23.4     16.6     20.9 2023  3 10  2 51 15.510  3.8     0     0     9     5 -9.000  0.047   1
     8266  26.847192  102.960799     8.710     2429.3   -12930.5     2001.0     22.2     24.6     28.4 2023  3 10  3 17 29.250  3.3     0     0     8     8 -9.000  0.043   1
     8269  26.861367  102.926400    10.222     -988.1   -11359.8     3513.0     16.1     21.6     14.2 2023  3 10  3 35  0.230  3.7     0     0     6     3 -9.000  0.051   1
     8270  26.843520  102.924740     7.612    -1152.9   -13337.3      902.6     16.3     12.1     18.7 2023  3 10  3 57 59.930  3.8     0     0     3     1 -9.000  0.019   1
     8273  26.858761  102.962915     6.191     2639.7   -11648.5     -518.3     25.5     17.0     30.5 2023  3 10  5 16 46.140  3.4     0     0     8     6 -9.000  0.039   1
     8274  26.870664  102.936670     9.365       32.0   -10329.7     2655.6     24.5     17.2     19.1 2023  3 10  5 39 33.910  3.2     0     0    14     2 -9.000  0.027   1
     8278  26.868331  102.944808    10.252      840.7   -10588.1     3542.9     16.5     14.2     14.3 2023  3 10  6 35 52.530  3.7     0     0    43    26 -9.000  0.033   1
     8283  26.857056  102.933529     9.965     -279.7   -11837.4     3255.5     24.2     19.2     14.4 2023  3 10  7 38 58.260  3.4     0     0    27    13 -9.000  0.040   1
     8292  26.874148  102.885254     7.383    -5075.0    -9943.6      673.9     14.6     10.4     17.2 2023  3 10 10 18  1.900  3.2     0     0     2     2 -9.000  0.010   1
     8295  26.846008  102.985205     8.425     4853.6   -13061.7     1715.4     18.7     14.1     26.4 2023  3 10 11 21 23.380  3.7     0     0    17     7 -9.000  0.046   1
     8296  26.853636  102.951237    12.460     1479.4   -12216.5     5750.9     22.6     21.2     14.9 2023  3 10 12 19 19.310  3.8     0     0     9     3 -9.000  0.029   1
     8299  26.838519  102.957308    11.855     2082.5   -13891.3     5145.6     19.2     21.9     26.9 2023  3 10 13 19 21.930  4.4     0     0    19    10 -9.000  0.051   1
     8303  26.900313  102.896183    12.884    -3988.6    -7044.5     6174.5      4.2      2.8      2.0 2023  3 10 14 11 46.060  3.1     0     0     2     1 -9.000  0.000   1
     8306  26.863279  102.938525     9.496      216.8   -11148.0     2786.8     20.5     19.2     15.5 2023  3 10 14 54 39.550  3.0     0     0     7     3 -9.000  0.056   1
     8311  26.846897  102.915356    13.065    -2084.7   -12963.1     6355.7     25.0     22.1     26.8 2023  3 10 16 13 27.700  4.2     0     0     3     2 -9.000  0.009   1
     8318  27.033480  102.886678     8.956    -4929.4     7710.7     2246.6     68.0     24.6     31.0 2023  3 10 18  8  4.120  5.1     0     0     5     4 -9.000  0.046   1
     8322  26.854401  102.863387     7.642    -7247.6   -12131.6      933.1      1.7      3.1      9.2 2023  3 10 18 44 12.160  3.2     0     0     1     3 -9.000  0.001   1
     8326  27.038082  102.893245     4.315    -4277.9     8220.8    -2394.0     34.6     17.8     23.6 2023  3 10 18 54 26.660  4.2     0     0     3     2 -9.000  0.054   1
     8327  27.038871  102.903817     6.994    -3228.8     8308.3      284.4     31.5     22.2     24.2 2023  3 10 18 57 22.520  4.0     0     0     5     6 -9.000  0.027   1
     8328  27.019430  102.890454     8.204    -4554.9     6154.0     1494.5     29.7     15.5     18.0 2023  3 10 19  2 23.420  3.6     0     0     9     4 -9.000  0.039   1
     8329  27.029830  102.894222     6.913    -4180.7     7306.4      203.8     19.3     11.5     11.9 2023  3 10 19  5 56.400  3.5     0     0    12     6 -9.000  0.028   1
     8330  27.039860  102.902026     4.750    -3406.5     8417.7    -1959.6     32.5     18.0     23.3 2023  3 10 19  8  6.500  3.5     0     0     3     2 -9.000  0.054   1
     8334  26.869743  102.922323     9.286    -1392.4   -10431.7     2576.7     23.0     14.3     13.1 2023  3 10 19 42 53.960  3.4     0     0    12     6 -9.000  0.025   1
     8337  27.027401  102.898633     6.791    -3743.3     7037.1       81.9     26.1     16.2     11.7 2023  3 10 19 55 36.400  3.6     0     0    10     5 -9.000  0.028   1
     8340  26.855607  102.964876     5.291     2834.1   -11998.1    -1418.4     40.0     31.1     53.1 2023  3 10 20 14 21.600  3.7     0     0     2     3 -9.000  0.044   1
     8341  27.044979  102.907609     8.000    -2852.3     8984.9     1290.4     37.7     29.6     28.0 2023  3 10 20 18 50.880  3.5     0     0     1     1 -9.000  0.016   1
     8342  27.026239  102.897835     7.526    -3822.1     6908.4      816.9     21.0     13.6      8.9 2023  3 10 20 25 38.040  4.2     0     0    14     2 -9.000  0.024   1
     8348  26.858236  102.946110     8.199      969.9   -11706.8     1489.7     24.4     17.5     30.8 2023  3 10 21  1 10.820  3.8     0     0    10     6 -9.000  0.048   1
     8351  26.848706  102.966300     4.729     2975.4   -12762.6    -1980.0     14.6     14.6     27.0 2023  3 10 21 25  8.780  3.5     0     0     6     5 -9.000  0.051   1
     8352  26.850871  102.922917     7.112    -1334.3   -12522.7      402.3     15.8     14.8     25.9 2023  3 10 21 37 59.640  3.4     0     0    10     5 -9.000  0.057   1
     8359  26.855497  102.949382     7.968     1294.9   -12010.1     1258.1     19.4     18.7     21.4 2023  3 10 22 15  6.000  3.3     0     0    23    11 -9.000  0.046   1
     8360  27.117617  102.853377     9.869    -8231.6    17033.5     3159.9     30.5     21.7     21.9 2023  3 10 22 20 47.780  3.8     0     0     1     2 -9.000  0.001   1
     8361  26.865045  102.941016    10.972      463.8   -10952.3     4263.0     25.3     19.6     19.7 2023  3 10 22 47  7.000  2.6     0     0    30    14 -9.000  0.033   1
     8367  27.092668  102.872233     7.704    -6361.9    14268.9      994.2      3.3      2.0      3.3 2023  3 10 23  3 54.240  3.1     0     0     1     2 -9.000  0.000   1
     8368  26.863479  102.937630     5.945      127.4   -11125.9     -764.9     26.4     18.6     39.2 2023  3 10 23 16  7.960  3.8     0     0    11    10 -9.000  0.038   1
     8369  26.866593  102.956934     7.931     2044.7   -10780.7     1221.7     28.3     22.4     28.5 2023  3 10 23 23 55.520  3.7     0     0     6     5 -9.000  0.058   1
     8387  26.858488  102.976457     8.408     3984.2   -11678.9     1698.4     21.2     16.5     31.4 2023  3 11 12 29 14.010  3.8     0     0     3     1 -9.000  0.038   1
     8389  26.853524  102.940348    10.698      397.6   -12228.9     3989.0     19.5     10.5     23.0 2023  3 11 13  1 44.590  3.6     0     0     4     5 -9.000  0.044   1
     8396  27.097180  102.833171     5.855   -10237.8    14769.1     -854.8     24.1     14.7     25.9 2023  3 11 14 41 36.280  3.2     0     0     2     2 -9.000  0.025   1
     8415  26.875494  102.861589     4.726    -7425.2    -9794.3    -1983.5     24.6     17.1     29.4 2023  3 11 21  1 59.360  3.0     0     0     3     6 -9.000  0.054   1
     8425  27.166172  103.117220     6.280    17942.5    22413.5     -429.5     40.7     41.5     80.1 2023  3 11 23 30 29.900  5.2     0     0     3     1 -9.000  0.018   1
     8433  26.836582  102.925846    12.197    -1042.9   -14106.1     5487.4     19.3     13.7     15.2 2023  3 12  1 19  0.180  4.4     0     0     6     4 -9.000  0.037   1
     8448  26.985506  102.895614     5.806    -4043.4     2395.1     -903.7     19.5     25.3     15.8 2023  3 12  7 30 14.880  4.3     0     0     2     0 -9.000  0.002   1
     8451  26.846743  102.948193     8.803     1177.1   -12980.3     2093.8     24.0     19.4     26.0 2023  3 12  8 12 14.030  3.9     0     0    19     6 -9.000  0.045   1
     8456  26.962974  102.915820     4.172    -2038.1     -101.4    -2537.4     26.1     28.8     16.4 2023  3 12  9 34 52.820  3.1     0     0     6     1 -9.000  0.006   1
     8477  26.870288  102.888013    11.080    -4800.8   -10371.4     4371.0      1.7      1.3      1.3 2023  3 12 15 10  5.500  3.7     0     0     1     1 -9.000  0.000   1
     8482  26.865523  102.922021     7.108    -1423.0   -10899.2      398.5     25.7     21.9     25.5 2023  3 12 16  1 19.490  2.8     0     0    15     6 -9.000  0.048   1
     8484  26.841705  102.923210     8.461    -1305.2   -13538.3     1751.4     36.4     28.4     32.2 2023  3 12 16 51 30.830  2.8     0     0     7     1 -9.000  0.036   1
     8490  26.865017  102.924276    11.853    -1198.8   -10955.4     5144.0     13.3     13.8     12.9 2023  3 12 19  9 25.300  3.5     0     0    15     7 -9.000  0.037   1
     8503  26.886552  102.908675    12.779    -2747.8    -8569.3     6069.1     35.6     27.8     18.5 2023  3 12 21 27  7.280  3.4     0     0     2     2 -9.000  0.024   1
      291  26.693107  103.107650     0.487     1346.3     -223.4     -511.9    499.6    480.2    739.2 2022  9  3 13 29 19.250  2.7     0     0     2    10 -9.000  0.503   2
     1066  26.685229  103.124748     0.935     3047.9    -1096.2      -64.5    421.4    515.1    514.3 2022  9 28 20 50 44.040  1.5     0     0     4     9 -9.000  0.328   2
     1654  26.694729  103.117676     0.141     2343.7      -43.8     -858.2    608.0    466.0    683.6 2022 10 17  6 27 44.510  2.6     0     0     4    11 -9.000  0.382   2
     5779  26.698625  103.103076     0.703      890.6      388.1     -295.7    701.5    680.8    909.9 2023  2  4 20 33 16.460  0.1     0     0     5     7 -9.000  0.591   2
     6242  26.687496  103.109416     0.869     1521.9     -845.1     -130.2    594.8    354.5    667.1 2023  2 10  0 26 35.850  1.4     0     0     3    11 -9.000  0.410   2
     1288  26.897268  103.162061     0.505     3562.8     -895.6    -2156.5     46.7     41.2     60.0 2022 10  5  6 51 23.950  3.2     0     0     1     2 -9.000  0.181   3
     1598  26.934572  103.109473     0.960    -1661.1     3237.7    -1701.4     27.6     21.0     32.2 2022 10 15  6 43 42.760  3.7     0     0     0     1 -9.000  0.040   3
     3950  26.913430  103.126042     0.849      -15.3      895.2    -1812.7     64.6     70.0    135.6 2023  1 15 23 45 28.440  3.8     0     0     1     3 -9.000  0.471   3
     4128  26.924434  103.114705     1.718    -1141.1     2114.5     -943.0     26.9     21.2    105.2 2023  1 17 18 26 33.680  3.0     0     0     1     4 -9.000  0.421   3
     4837  26.910850  103.169808     0.221     4332.3      609.3    -2440.7     45.6     39.5     59.1 2023  1 25 18 32 16.920  1.9     0     0     1     2 -9.000  0.181   3
       17  26.970433  102.936466     1.679    -1236.6    -1552.2      679.5    240.8    200.6    284.5 2022  8 24 19 43 12.880  2.0     0     0     5     4 -9.000  0.104   4
      247  26.998716  102.951221     1.530      228.0     1581.9      531.4    297.4    231.8    363.2 2022  9  2  8 36  2.680  3.1     0     0     5     7 -9.000  0.145   4
      704  26.971997  102.957902     2.850      891.1    -1378.7     1850.5    204.2    196.1    277.5 2022  9 16 11 33 13.480  2.3     0     0     1     2 -9.000  0.140   4
     1372  27.007597  102.964966     0.501     1592.4     2565.9     -497.7    199.8    133.0    229.9 2022 10  7 19 56 32.560  1.3     0     0     3     4 -9.000  0.048   4
     1517  26.973179  102.944531     0.462     -435.9    -1247.7     -536.6    193.0    247.3    296.7 2022 10 12 18 46 32.960  0.5     0     0     5     4 -9.000  0.117   4
     1675  26.994891  102.939168     0.777     -968.9     1157.9     -221.6    185.8    146.8    209.6 2022 10 17 19 43 12.380  1.3     0     0     7     6 -9.000  0.106   4
     1966  26.992027  102.932316     0.023    -1649.0      840.7     -976.1    159.2    133.3    190.3 2022 10 27 20 13 12.260  1.2     0     0     5     4 -9.000  0.077   4
     2088  26.998299  102.944564     0.414     -433.0     1535.7     -584.8    205.8    146.6    230.9 2022 10 31 15 53 12.360  2.0     0     0     8     6 -9.000  0.112   4
     3929  27.006234  102.966650     1.768     1759.1     2414.7      769.4    204.3    136.3    253.5 2023  1 15 19 56 32.620  2.2     0     0     4     5 -9.000  0.075   4
     5595  26.974559  102.948315     1.132      -60.3    -1094.9      133.1    186.4    202.8    545.1 2023  2  2 17 56 33.080  1.6     0     0     5     6 -9.000  0.106   4
     2536  26.840320  102.881616     0.365       25.8      106.6     -633.6    499.3    678.0    810.5 2023  1  1  9 39 55.850  2.4     0     0     1     5 -9.000  0.212   5
     5142  26.831047  102.876156     0.204     -516.8     -920.8     -795.2    658.7    930.0   1280.4 2023  1 28 20 26 15.240  1.1     0     0     0     4 -9.000  0.358   5
     6314  26.846606  102.878735     0.915     -260.5      803.1      -83.5    583.4    733.3    892.8 2023  2 10 18 29 55.960  0.2     0     0     1     5 -9.000  0.308   5
      340  27.067550  102.848047     0.950      507.0    -1515.6      -49.1      4.4      3.5      3.0 2022  9  4 23  3 16.560  1.8     0     0    10     8 -9.000  0.052   6
      487  27.083199  102.854297  4041.320     1127.1      218.5  4040320.8      8.1      8.4  11256.5 2022  9  9  8 36 36.300  1.5     0     0     9     8 -9.000  0.062   6
      652  27.067645  102.847762     0.984      479.0    -1505.0      -15.5      4.5      4.7      7.2 2022  9 14 19 53 16.560  1.3     0     0    10     8 -9.000  0.053   6
     1503  27.067570  102.847925     0.915      494.5    -1513.4      -83.9      1.6      4.3      8.0 2022 10 12  9 23 16.560  1.4     0     0    10     8 -9.000  0.052   6
     4262  27.083254  102.855135     0.713     1210.0      224.6     -286.3      8.1      8.3     10.4 2023  1 19  1 43 16.260  2.3     0     0     9     8 -9.000  0.071   6
     1603  26.879148  103.008455     0.363     -914.4       71.7     -636.3     89.0    101.3    111.5 2022 10 15 12 16 36.240  0.9     0     0     1     2 -9.000  0.115   7
     6077  26.868044  103.011621     0.972     -599.8    -1158.7      -27.5     88.6    106.6    111.5 2023  2  8  2  6 36.540  0.3     0     0     1     2 -9.000  0.115   7
     1638  26.865889  103.034131     0.965      679.4      519.6      -34.4      0.2      0.4      0.4 2022 10 16 16 33 16.820  1.1     0     0     2     3 -9.000  0.001   8
     1896  26.865934  103.034139     0.968      679.8      524.7      -31.1      0.2      0.4      0.4 2022 10 24 14  6 36.820  1.5     0     0     2     3 -9.000  0.001   8
     5001  26.931333  102.650187     0.800      327.9    -1428.2     -812.4     87.9    103.7    120.7 2023  1 27  8 51 44.840  3.6     0     0     2     2 -9.000  0.250   9
     8054  26.941748  102.638908     1.177     -792.0     -274.1     -435.2     88.3    106.3    167.9 2023  3  8 17 25 24.640  3.1     0     0     2     2 -9.000  0.250   9
      427  26.986184  102.831877     0.952      759.6      -41.4      -47.1      2.8      3.9      5.3 2022  9  7 10 43 16.910  1.7     0     0     5     6 -9.000  0.010  10
     2209  26.986424  102.831706     0.923      742.6      -14.7      -76.4      3.5      4.9      5.2 2022 11  6 21  3 16.920  1.1     0     0     5     6 -9.000  0.009  10
     2730  26.977466  102.816187     0.942     -798.2    -1007.3      -57.0      9.0     11.6     13.7 2023  1  3 13 29 56.810  0.9     0     0     3     0 -9.000  0.018  10
     6613  26.986218  102.831852     0.933      756.7      -37.4      -66.0      3.1      4.2      4.6 2023  2 14  7 19 56.920  1.4     0     0     5     6 -9.000  0.008  10
     2336  26.851103  102.682235     0.166     4274.6     6132.8     -655.3    191.7    331.8    263.6 2022 11 21 17 37 21.480  3.6     0     0     1     1 -9.000  0.672  11
     4317  26.858348  102.668693     0.177     2928.2     6935.7     -645.8    192.0    327.1    263.6 2023  1 19 17  4 30.000  3.3     0     0     1     1 -9.000  0.672  11
     2277  26.856104  102.967537     0.729    -1337.5     -611.8     -270.3     38.6     39.5     53.5 2022 11 11  4 59 56.800  1.6     0     0     4     2 -9.000  0.063  12
     4108  26.866803  102.977401     0.964     -357.6      573.8      -35.5      9.8      9.5     15.5 2023  1 17 14 23 17.030  1.4     0     0     5     3 -9.000  0.039  12
     6494  26.866905  102.977271     0.995     -370.5      584.9       -4.4     10.3     10.3     15.8 2023  2 12 19 33 17.040  1.2     0     0     5     3 -9.000  0.039  12
     3101  26.726190  102.976034     1.442    -1224.4      445.7      443.0    417.8    249.7    335.0 2023  1  7  0 57  1.850  2.6     0     0     1     3 -9.000  0.432  13
     4251  26.731517  102.997982     1.209      959.8     1035.9      209.8    239.4    146.0    266.6 2023  1 18 23 25 24.120  2.7     0     0     3     7 -9.000  0.239  13
     6332  26.723088  103.007039     0.578     1860.9      102.0     -421.4    358.6    140.7    378.6 2023  2 10 22  2 20.480  3.5     0     0     4     5 -9.000  0.299  13
     6789  26.737677  102.990446     0.831      209.4     1718.4     -167.6    240.9    156.0    184.6 2023  2 17  2 47 27.220  2.8     0     0     1     5 -9.000  0.300  13
     7212  26.721348  102.993319     1.273      495.5      -90.9      274.0    238.8    147.2    258.2 2023  2 23 22 39 27.600  2.8     0     0     5    10 -9.000  0.329  13
       33  26.570176  103.044417     1.192     -240.9    -2251.7      192.7    418.6    283.4    330.8 2022  8 25 16 10 33.300  2.2     0     0     3     4 -9.000  0.255  14
      305  26.621375  103.049837     0.866      299.0     3421.0     -132.6    490.2    225.2    620.4 2022  9  3 22  2  0.900  2.8     0     0     3     2 -9.000  0.241  14
     1714  26.563481  103.051847     0.757      499.4    -2993.6     -242.4    499.1    287.2    289.2 2022 10 19  3  3 49.180  2.3     0     0     1     2 -9.000  0.247  14
     2683  26.612154  103.040324     1.283     -648.5     2399.4      283.6    323.5    219.5    836.1 2023  1  3  0 39 29.540  3.1     0     0     3     2 -9.000  0.241  14
     2881  26.594643  103.041260     1.342     -555.1      459.2      343.0   1017.2    519.7   1335.4 2023  1  5  0 25 58.430  3.3     0     0     3     1 -9.000  0.197  14
     6519  26.582495  103.051058     0.851      420.4     -886.8     -148.4    874.8    489.9    692.6 2023  2 13  2 48 50.630  3.2     0     0     5     3 -9.000  0.231  14
     1991  26.772111  103.149072     1.227     -638.7     -117.3      227.7     67.8     27.2    105.4 2022 10 28 16  1 21.310  2.8     0     0     2     3 -9.000  0.066  16
     6232  26.780965  103.162866     0.880      733.5      863.9     -119.1     49.3     36.2     52.8 2023  2  9 22 25 42.360  2.0     0     0     2     3 -9.000  0.052  16
     6431  26.780721  103.155436     0.884       -6.1      836.9     -115.5     42.4     34.6     46.4 2023  2 12  1 48 36.420  3.4     0     0     2     2 -9.000  0.052  16
      636  26.973499  102.906714     1.132     -485.4     1229.9      133.4    132.7    231.8     80.9 2022  9 14  7 11 21.890  2.8     0     0     4     5 -9.000  0.132  20
     2147  26.959536  102.903426     0.912     -812.2     -317.2      -86.9    152.4    231.6    334.4 2022 11  3 23 31 11.400  3.4     0     0     3     6 -9.000  0.201  20
     2219  26.950771  102.900789     0.081    -1073.8    -1288.3     -918.3    262.1    307.7    413.8 2022 11  7  8 36 39.440  1.3     0     0     0     2 -9.000  0.172  20
     2403  26.964256  102.912614     1.195      100.0      205.8      196.1    152.8    218.6    165.6 2022 11 30 21 45 22.320  2.7     0     0     3     5 -9.000  0.171  20
     1162  26.840379  103.136849     1.013     1058.6     1704.0       14.2    268.9    227.7    364.6 2022 10  1  4 32  9.710  2.8     0     0     3     3 -9.000  0.352  21
     2205  26.833553  103.141382     0.958     1509.7      947.6      -41.0    221.7    205.5    250.4 2022 11  6 13 48 25.520  3.3     0     0     3     3 -9.000  0.313  21
     2686  26.833411  103.138517     1.395     1225.1      931.9      395.7    175.3    207.5    280.2 2023  1  3  0 50 29.900  3.0     0     0     0     2 -9.000  0.278  21
     2140  27.169312  102.907943     0.976       -5.9     -120.5      -22.9    335.2    383.4    544.2 2022 11  3 12 12 28.750  3.0     0     0     1     2 -9.000  0.327  22
     8250  27.171533  102.910645     0.900      262.5      125.6      -98.9    335.3    383.2    544.2 2023  3 10  0 34 54.290  3.3     0     0     1     2 -9.000  0.327  22
       96  27.247052  103.033927     0.943     3122.4     -393.1      -55.7    161.2    449.2    272.1 2022  8 27 21  7 17.300  2.4     0     0     1     2 -9.000  0.116  23
     1271  27.245846  103.001733     0.926      -66.4     -526.9      -73.3    252.5    307.2    136.0 2022 10  4 16 15 53.440  1.5     0     0     4     5 -9.000  0.367  23
     4725  27.260073  102.998714     1.092     -364.8     1049.6       93.1    251.1    284.1    336.2 2023  1 24 11  0 35.400  1.8     0     0     2     2 -9.000  0.300  23
     5470  27.249589  103.015397     1.025     1287.4     -112.1       26.4    166.0    351.2    195.7 2023  2  1  8 15 13.530  2.2     0     0     3     5 -9.000  0.334  23
     6418  26.688814  103.163843     1.200     2423.3      838.1    -1116.2     26.8     34.0     50.7 2023  2 11 22 13 32.880  2.5     0     0     2     3 -9.000  0.914  27
     8104  26.696208  103.151131     0.040     1158.6     1657.3    -2277.4     26.8     33.5     36.3 2023  3  8 23 13 49.680  3.6     0     0     2     3 -9.000  0.914  27
     4407  27.060974  102.911930     0.951    -1271.8     -557.0      -48.3      5.6      4.9      6.6 2023  1 20 18 58 43.360  1.9     0     0     3     2 -9.000  0.350  28
     8332  27.050094  102.897095     0.980    -2743.1    -1762.7      -18.6      4.8      5.0      6.6 2023  3 10 19 23 43.760  2.4     0     0     3     2 -9.000  0.350  28
     2685  27.135166  102.851025     0.970    -1459.9      101.5      -28.9    704.2    339.2    622.6 2023  1  3  0 47 58.280  2.3     0     0     2     2 -9.000  0.218  30
     3654  27.124636  102.882316     0.860     1641.5    -1065.4     -138.5    640.0    369.3    469.9 2023  1 13  1  9 56.490  1.5     0     0     3     2 -9.000  0.133  30
     5893  27.130798  102.874593     1.040      876.1     -382.5       41.1    612.9    370.1    840.4 2023  2  6  2 53 16.550  1.4     0     0     3     2 -9.000  0.133  30
     7598  27.146598  102.855632     0.945    -1003.3     1368.2      -53.7    682.5    339.7    622.6 2023  3  1 18  3 16.640  2.0     0     0     2     2 -9.000  0.218  30
      191  27.128973  102.939958     1.083     1384.2      384.8       83.8    278.0    138.9    487.4 2022  8 31  3 29 56.480  1.5     0     0     2     3 -9.000  0.085  36
     4799  27.132644  102.935026     1.021      895.4      791.4       22.2    234.7    138.8    483.4 2023  1 25  5 36 36.500  2.6     0     0     2     3 -9.000  0.085  36
     3446  26.980497  103.048641     0.972     2570.0     3296.2      -27.1     97.5     85.4    123.4 2023  1 10 10 57 50.070  3.2     0     0     3     2 -9.000  0.411  37
     3679  26.965186  103.043433     0.998     2053.3     1599.7       -1.1     99.0     77.5    123.4 2023  1 13  6  6 58.540  3.3     0     0     3     2 -9.000  0.411  37
     3660  27.020394  102.776953     0.926     2625.6    -2782.0      -73.3      4.0      3.9      4.0 2023  1 13  2  3 46.600  3.2     0     0     2     3 -9.000  0.247  40
     5203  27.034424  102.766064     1.070     1544.8    -1227.5       71.1      4.0      4.2      5.5 2023  1 29 10 29  4.460  3.6     0     0     2     3 -9.000  0.247  40
     1183  27.289709  102.888249     1.070    -2548.9     1630.0       70.6    372.8    244.3    403.9 2022 10  1 23  0 39.680  4.0     0     0     2     3 -9.000  0.234  42
     2232  27.284239  102.875765     0.954    -3785.2     1023.7      -45.2    359.9    250.6    309.2 2022 11  7 21  8 21.600  2.8     0     0     2     3 -9.000  0.234  42
       78  27.064124  103.001237     1.141     -223.7     -512.7      141.7   3298.8   1087.0   2329.1 2022  8 27  0 27 27.390  4.1     0     0     5     4 -9.000  0.368  43
     2485  27.076982  102.994523     0.978     -889.3      912.0      -21.0   2977.2    377.3    732.4 2022 12 12 15  6 47.750  3.4     0     0     5     4 -9.000  0.361  43
     4339  27.069824  102.983659     0.922    -1967.4      119.0      -77.5   1984.4    398.9    792.2 2023  1 19 23 50 38.320  2.5     0     0     4     4 -9.000  0.385  43
      107  26.759005  102.981999     0.999      796.1      388.1        1.1      0.0      0.0      0.0 2022  8 28 13 13 14.780  1.7     0     0     3     4 -9.000  0.000  47
     1656  26.759005  102.981999     0.999      796.1      388.1        1.1      0.0      0.0      0.0 2022 10 17  6 39 54.770  1.6     0     0     3     4 -9.000  0.000  47
     4293  26.759013  102.982023     1.090      797.9      389.1       91.4      0.0      0.0      0.1 2023  1 19 11 53 14.780  1.3     0     0     2     2 -9.000  0.000  47
     1236  26.861806  103.065828     1.526     -887.5     1031.1      527.2    560.5    655.7    737.9 2022 10  3  8 44 14.240  2.9     0     0     2     3 -9.000  0.511  48
     1545  26.861190  103.090283     1.006     1543.1      962.9        6.6    550.1    643.4    296.3 2022 10 13 18 42  8.920  2.6     0     0     2     3 -9.000  0.564  48
     1777  26.850057  103.075138     0.994       38.0     -270.7       -5.3    321.9    349.2    375.0 2022 10 20 19 15 19.580  2.8     0     0     4     9 -9.000  0.520  48
     5454  26.838450  103.067334     0.813     -737.8    -1556.9     -185.6    390.8    368.8    323.1 2023  2  1  2 24 50.030  2.9     0     0     0     3 -9.000  0.455  48
      294  26.930760  103.146745     0.971     -348.0      278.2      -28.0     56.8     88.5     81.0 2022  9  3 15 21 35.140  2.9     0     0     2     2 -9.000  0.505  49
      541  26.925234  103.163875     0.996     1353.4     -334.2       -3.2     55.6     91.3     81.0 2022  9 11 13  5 23.830  3.4     0     0     2     2 -9.000  0.505  49
      846        NaN         NaN       NaN        NaN        NaN        NaN      NaN      NaN      NaN **** ** ** **  3 36.000  1.1     0     0     9     6 -9.000    NaN  50
     1173        NaN         NaN       NaN        NaN        NaN        NaN      NaN      NaN      NaN **** ** ** **  6 36.800  1.6     0     0     9     6 -9.000    NaN  50
     6443        NaN         NaN       NaN        NaN        NaN        NaN      NaN      NaN      NaN **** ** ** ** 23 36.000  2.3     0     0     9     6 -9.000    NaN  50
     7488        NaN         NaN       NaN        NaN        NaN        NaN      NaN      NaN      NaN **** ** ** ** 26 36.160  0.7     0     0     9     6 -9.000    NaN  50
     1163  26.844002  102.874007     0.999        0.6        0.2        1.2      0.2      0.1      0.2 2022 10  1  7 33 15.960  1.9     0     0     9     6 -9.000  0.001  51
     1165  26.843998  102.873983     0.994       -1.5       -0.3       -5.4      0.3      0.3      0.3 2022 10  1  8 43 15.960  2.2     0     0     9     6 -9.000  0.002  51
     2224  26.844000  102.874007     0.999        0.7       -0.0        1.4      0.1      0.1      0.2 2022 11  7 14 19 55.960  1.6     0     0     9     6 -9.000  0.001  51
     7546  26.844000  102.874007     1.000        0.8       -0.0        1.6      0.2      0.1      0.2 2023  2 28 21 49 55.960  1.0     0     0     9     6 -9.000  0.001  51
     5882  26.974337  102.921346     1.093     -925.1       37.5       94.4    456.0    507.2    552.6 2023  2  6  0 27 48.690  2.1     0     0     2     3 -9.000  0.242  54
     7267  26.985024  102.924699     0.943     -591.9     1221.5      -56.0    504.1    426.7    543.2 2023  2 24 19 15 17.000  2.0     0     0     2     3 -9.000  0.242  54
     1133  27.232220  102.960010     0.962       98.9     1760.4      -37.1      3.9     10.3     11.9 2022  9 30  9 49 58.870  1.5     0     0     2     2 -9.000  0.071  55
     6943  27.217855  102.959098     0.994        9.0      168.5       -4.8      4.2      8.6     11.9 2023  2 19 19 13 18.680  1.1     0     0     2     2 -9.000  0.071  55
     1116  26.842120  103.062354     1.018     -460.8     1379.8      159.2      5.7      4.1     14.0 2022  9 29 22 53 32.440  2.3     0     0     3     2 -9.000  0.306  61
     6072  26.832747  103.077734     0.612     1068.2      341.3     -248.1      5.5      6.2      9.9 2023  2  7 23 20 40.200  1.9     0     0     3     2 -9.000  0.306  61
     4473  26.926316  103.064225     1.357      784.3       72.0      358.4     28.1     20.4     37.9 2023  1 21 18 43 40.920  1.6     0     0     1     1 -9.000  0.686  70
     5756  26.939221  103.052808     0.964     -349.7     1501.8      -35.4     29.5     20.2     24.8 2023  2  4 14 38  6.810  2.9     0     0     1     1 -9.000  0.686  70
     3331  26.993829  102.859033     1.168    -1287.8    -1164.0      169.0     95.2    126.5    283.7 2023  1  9  4 54 36.940  3.2     0     0     2     3 -9.000  0.442  71
     4445  26.999965  102.874943     0.998      291.8     -484.0       -1.3     98.1    108.4    114.1 2023  1 21  5 23 35.340  3.4     0     0     2     3 -9.000  0.442  71
     3419  27.034338  102.903695     0.935     -129.5    -1218.2      -63.7    515.0    657.5    674.4 2023  1 10  4 50 48.450  3.3     0     0     2     3 -9.000  0.255  72
     4435  27.049109  102.902547     0.968     -242.7      418.4      -31.1    580.2    325.4    466.5 2023  1 21  2  8  0.760  3.1     0     0     2     5 -9.000  0.258  72
     6726  27.052767  102.909701     1.252      466.4      823.7      252.8    663.1    323.2   1062.9 2023  2 15 23 51 16.280  3.7     0     0     0     2 -9.000  0.264  72
     3503  26.781999  102.967008     0.998      -99.4     -147.8       -0.7      0.0      0.0      0.0 2023  1 11  2 13 15.520  1.0     0     0     3     2 -9.000  0.000  77
     5238  26.781989  102.967008     0.999      -99.4     -148.9        1.1      0.0      0.0      0.0 2023  1 29 18 53 15.520  0.6     0     0     3     2 -9.000  0.000  77
      888  26.974349  102.883309     1.286       -3.0     -515.2      286.8    343.1    400.2    729.1 2022  9 22  5 10 53.080  2.9     0     0     4     6 -9.000  0.375  78
     2616  26.975816  102.895662     0.789     1223.2     -352.5     -210.3    345.8    390.4    542.5 2023  1  2  8 41 56.510  2.8     0     0     2     3 -9.000  0.320  78
     5284  26.986969  102.870850     1.080    -1239.8      883.3       81.4    375.2    822.4   1764.4 2023  1 30  7 50 47.910  2.7     0     0     2     3 -9.000  0.423  78
      123  26.491140  103.068652     0.999      330.7    -1277.0        0.2    244.4     85.6    133.7 2022  8 28 21 35 59.920  3.2     0     0     3     2 -9.000  0.698  83
     4142  26.490849  103.050968     1.086    -1432.2    -1309.1       87.4    224.2     85.0    247.1 2023  1 17 20 58 57.440  3.2     0     0     3     2 -9.000  0.698  83
     2302  26.802810  103.075692     0.911      929.8      532.8      -88.1   1044.4    985.7   1239.4 2022 11 16 13 43 51.310  3.6     0     0     1     3 -9.000  0.305  85
     4642  26.801105  103.073429     1.019      704.5      343.9       20.4   1053.7    980.8   2298.3 2023  1 23 17 52 28.280  2.8     0     0     1     3 -9.000  0.305  85
      500  27.054036  102.763265     0.983     1019.1     -254.8      -15.8     61.5     64.9     80.9 2022  9  9 23 44 24.760  3.2     0     0     3     2 -9.000  0.225  87
     1845  27.066870  102.753939     0.976       93.4     1167.4      -23.2     59.5     56.2     80.9 2022 10 23  0 47 22.540  3.1     0     0     3     2 -9.000  0.225  87
       40  26.788719  103.007080     0.910     -788.1     1187.8      -88.9   2257.6   1984.2   2786.9 2022  8 25 20 44 20.600  2.4     0     0     3     2 -9.000  0.390  92
     1632  26.783226  103.008927     1.303     -604.4      579.2      304.2   1857.3   1965.9   5394.3 2022 10 16 14 37  5.130  3.1     0     0     3     2 -9.000  0.390  92
      277  26.792769  103.114421     0.946      307.6      454.7      -53.1     61.8     27.8     39.9 2022  9  3  3 47 10.850  3.2     0     0     3     5 -9.000  0.080  93
     1606  26.776921  103.113143     0.978      180.5    -1301.4      -21.3     46.5     45.9     71.8 2022 10 15 15 20 30.520  3.1     0     0     2     3 -9.000  0.060  93
     2105  26.796393  103.106364     1.092     -493.8      856.1       93.5     56.9     28.0     54.1 2022 11  1 14 52 17.600  2.7     0     0     1     2 -9.000  0.105  93
      556  26.730774  103.166715     0.981      337.0      270.4      -18.0      7.2      5.4      6.6 2022  9 12  1 19 58.030  1.7     0     0     2     3 -9.000  0.631  94
     1556  26.737221  103.184627     0.957     2118.8      984.8      -42.3      6.3      5.5      6.6 2022 10 14  1 33 45.870  2.8     0     0     2     3 -9.000  0.631  94
     1221  27.066235  102.950146     0.832       13.9     -897.1     -167.3    658.4    338.2    439.1 2022 10  2 21 56 34.620  0.7     0     0     4     3 -9.000  0.291  97
     1407  27.076048  102.955607     1.409      555.2      190.0      409.8    424.4    210.8   1228.7 2022 10  9  2 23 14.970  2.1     0     0     5     5 -9.000  0.249  97
     4713  27.080703  102.945361     0.966     -461.0      705.8      -32.8    440.4    193.5    316.0 2023  1 24  8 29 55.010  1.8     0     0     3     4 -9.000  0.106  97
      224  26.985370  102.617253     1.125     -339.3    -2840.2      126.4    553.8    969.2    946.1 2022  9  1  8 51 55.070  3.7     0     0     2     3 -9.000  0.553  99
      965  26.997801  102.619743     0.944      -92.3    -1462.9      -54.8    549.6   1008.3    756.5 2022  9 25 10  5 15.360  3.1     0     0     2     3 -9.000  0.553  99
      449  27.162950  102.818555     0.960     -242.5     -264.3       58.1   1952.9   2307.6   1741.2 2022  9  8  1 41 17.830  2.8     0     0     4     6 -9.000  0.444 101
      470  27.167922  102.817342     0.752     -362.8      286.8     -151.2   2788.7   1826.7   3117.7 2022  9  8 16  7 51.370  2.8     0     0     3     6 -9.000  0.443 101
     6002  27.165153  102.827197     0.988      614.1      -20.1       85.9   2090.3   1923.3   2286.4 2023  2  7  8  3 24.480  3.1     0     0     3     6 -9.000  0.298 101
     8043  26.858997  102.839966     1.000       47.1       -0.3        1.6      3.0      2.4      3.6 2023  3  8 15 46 36.180  1.3     0     0     3     2 -9.000  0.011 110
     8438  26.859003  102.839022     0.997      -46.6        0.4       -1.6      3.0      2.4      3.6 2023  3 12  3 43 16.170  1.1     0     0     3     2 -9.000  0.011 110
      131  27.156984  102.927791     1.053      276.8      940.4       53.9      0.2      0.0      0.1 2022  8 29  4 27 23.500  2.4     0     0     2     1 -9.000  0.158 121
     8016  27.140015  102.921908     0.977     -306.8     -940.1      -21.6      0.2      0.0      0.1 2023  3  8 11  3 36.540  3.0     0     0     2     1 -9.000  0.158 121
     7635  26.892546  103.072461     0.976      394.0      559.1      -23.1    773.8    907.9   1122.3 2023  3  2 11 21 29.590  3.3     0     0     2     3 -9.000  0.424 122
     7979  26.882444  103.064502     1.029     -397.1     -560.1       29.9    817.1    897.1   1791.8 2023  3  7 23 34 35.580  3.9     0     0     2     3 -9.000  0.424 122
     1334  26.708067  102.998869     1.185      435.1      838.2      186.9     18.3     10.1     35.4 2022 10  6 18 34 28.340  3.8     0     0     3     2 -9.000  0.399 123
     7924  26.692938  102.990194     0.993     -428.2     -838.0       -6.1     18.0     10.1     13.0 2023  3  7 12  0 41.130  3.3     0     0     3     2 -9.000  0.399 123
     6836  27.215940  102.958000     0.991      -99.1     -782.2       -7.9     14.8     12.6     16.8 2023  2 17 23 53 18.600  1.1     0     0     3     2 -9.000  0.073 124
     7841  27.230086  102.959993     0.997       98.6      785.1       -1.2     13.6     15.3     73.4 2023  3  6 17 43 18.840  1.3     0     0     3     2 -9.000  0.073 124
     4047  26.935024  102.820964     1.117     -401.2      833.6      120.5      3.1      2.3     11.8 2023  1 16 23 58 32.340  2.0     0     0     2     3 -9.000  0.251 125
     7822  26.919985  102.829028     0.992      399.7     -832.7       -7.1      3.2      2.3      3.3 2023  3  6  6 40  4.400  2.5     0     0     2     3 -9.000  0.251 125
     1838  26.945949  102.920874     1.063     -359.5      271.4       64.2     93.1     34.4     95.9 2022 10 22 17  6 39.300  0.1     0     0     1     1 -9.000  0.067 130
     7657  26.941052  102.926774     0.995      225.9     -271.2       -4.0    127.6     34.4     53.9 2023  3  2 19  6 39.500  0.6     0     0     1     1 -9.000  0.067 130
     5163  27.300852  102.974284     1.000      127.4     -238.1        2.4    458.7    257.2    436.9 2023  1 28 23 23 18.760  0.9     0     0     1     2 -9.000  0.169 132
     7590  27.305149  102.971704     0.961     -128.0      238.0      -37.8    451.2    257.9    436.9 2023  3  1 14 13 18.460  1.2     0     0     1     2 -9.000  0.169 132
     5566  26.734180  102.910002     0.977      498.2      518.6      -21.8    304.5    415.8    768.2 2023  2  2 11 11  2.430  2.5     0     0     2     3 -9.000  0.415 134
     7568  26.724823  102.900008     1.000     -496.5     -518.2        2.5    287.7    424.5    768.2 2023  3  1  8 45 27.170  2.7     0     0     2     3 -9.000  0.415 134
     5022  26.738108  102.858879     1.047     -708.7     -154.2       48.5     89.1     85.2    194.8 2023  1 27 13 20 47.080  2.4     0     0     2     1 -9.000  0.090 154
     7037  26.740896  102.873136     0.994      709.7      154.5       -5.0     91.4     83.8    114.4 2023  2 21  6 41 38.250  2.2     0     0     2     1 -9.000  0.090 154
      606  26.859727  102.934408     1.049       89.8     -473.4       50.9   3346.4   1438.2   4146.4 2022  9 13 13 51 44.130  3.4     0     0     2     3 -9.000  0.428 164
     6850  26.868274  102.932528     0.974      -96.8      473.5      -25.2   3386.8   1437.8   3288.0 2023  2 18  6  4 57.160  2.8     0     0     2     3 -9.000  0.428 164
     2028  27.075157  102.923039     0.962      -95.4      737.6      -36.6      0.0      0.0      0.0 2022 10 29 16 35 13.790  2.3     0     0     0     1 -9.000  0.020 175
     6655  27.061845  102.924886     1.082       87.7     -737.4       82.9      0.0      0.0      0.0 2023  2 15  0 42 21.580  3.5     0     0     0     1 -9.000  0.020 175
     3839  26.673153  102.927791     0.961      -70.9      681.7      -37.9    168.3    162.0    220.7 2023  1 14 21 24 14.780  2.4     0     0     2     3 -9.000  0.556 206
     6011  26.660887  102.929167     1.445       66.6     -677.4      445.7    163.2    165.8    954.4 2023  2  7 11 57 42.260  2.8     0     0     2     3 -9.000  0.556 206
     5253        NaN         NaN       NaN        NaN        NaN        NaN      NaN      NaN      NaN **** ** ** ** 43 36.000  0.9     0     0     3     2 -9.000    NaN 221
     5572        NaN         NaN       NaN        NaN        NaN        NaN      NaN      NaN      NaN **** ** ** **  9 36.320  0.4     0     0     3     2 -9.000    NaN 221
     4514  27.206921  103.069979     1.018      939.1      268.3       19.7      0.3      0.2      0.3 2023  1 22  7  4 31.560  3.0     0     0     3     2 -9.000  0.166 222
     5537  27.202079  103.051034     0.988     -938.1     -268.4      -10.8      0.3      0.2      0.3 2023  2  2  4 25 15.440  2.9     0     0     3     2 -9.000  0.166 222
     2498  26.886072  103.097990     1.249     -894.8      174.2      250.1     12.8     14.0     49.7 2022 12 19 14 32 10.100  3.3     0     0     2     3 -9.000  0.495 226
     5405  26.882941  103.116048     0.962      899.3     -172.8      -36.6     14.9     13.6     22.6 2023  1 31 14 45  4.950  2.2     0     0     2     3 -9.000  0.495 226
     4432  26.806834  102.897998     0.959     -248.6      148.0      -39.9   3027.6   2066.9   3389.3 2023  1 20 22 50 45.320  1.6     0     0     2     3 -9.000  0.373 228
     5352  26.804169  102.902979     1.023      247.1     -147.5       23.5   2979.0   2084.2   6024.6 2023  1 30 23 37 43.680  2.1     0     0     2     3 -9.000  0.373 228
     3410  26.834951  102.926383     1.011      584.5      271.5       11.6   1010.8    933.1   1695.2 2023  1 10  2 11 57.170  3.3     0     0     2     3 -9.000  0.444 230
     5320  26.830044  102.914624     0.974     -583.8     -272.4      -25.2    997.1    931.4   1246.5 2023  1 30 16  8 12.140  2.2     0     0     2     3 -9.000  0.444 230
     5038  26.811981  102.926188     1.002      117.8      108.6        3.4    490.2    293.8    776.5 2023  1 27 16 54 12.430  1.9     0     0     2     3 -9.000  0.141 236
     5130  26.810018  102.923828     0.993     -116.8     -108.8       -4.6    482.4    294.5    518.8 2023  1 28 18 11 42.200  1.6     0     0     2     3 -9.000  0.141 236
     2663  26.754980  102.926001    14.582       49.0       53.2       27.3     10.6     11.5     13.1 2023  1  2 19 33 14.840  1.7     0     0     4     1 -9.000  0.009 246
     4878  26.754018  102.925008    14.528      -49.3      -53.4      -27.3     10.8     11.5     13.2 2023  1 25 23 39 54.840 -0.0     0     0     4     1 -9.000  0.009 246
       26  27.095998  103.011995     0.997       48.2       -0.3       -1.6      2.7      1.1      2.0 2022  8 25  9 33 14.870  1.6     0     0     2     3 -9.000  0.009 250
     4800  27.096004  103.011011     1.000      -49.3        0.4        1.6      2.7      1.1      2.0 2023  1 25  6 49 54.880  0.3     0     0     2     3 -9.000  0.009 250
        1  26.980011  102.851025     0.994      150.9     -164.8       -4.5     21.9     33.6     27.7 2022  3 22  3 12 46.260  2.2     0     0     1     3 -9.000  0.046 251
     4644  26.982994  102.847974     1.000     -151.6      165.8        4.9     21.0     42.4     28.9 2023  1 23 18 35 50.520  2.1     0     0     1     3 -9.000  0.046 251
     1816  26.986969  102.829045     0.990      -45.5       -3.3       -8.5     26.8     31.6     40.4 2022 10 21 19 26 36.980  0.8     0     0     2     3 -9.000  0.025 253
     4442  26.987028  102.829964     1.005       45.8        3.3        6.3     26.9     31.6     76.1 2023  1 21  5  3 17.000  1.9     0     0     2     3 -9.000  0.025 253
        2  26.977985  102.996061     0.995     -391.0      718.3       -4.3     10.8      5.9     13.0 2022  8 23 15 13 44.540  2.7     0     0     2     1 -9.000  0.061 254
     4275  26.965023  103.003939     1.001      391.1     -717.9        4.3     10.4      6.0     15.7 2023  1 19  5 13 45.370  3.0     0     0     2     1 -9.000  0.061 254
     2141  27.245150  102.820882     0.964      682.0     -205.1      -35.5    407.5    414.0    557.7 2022 11  3 12 13 57.860  3.1     0     0     2     3 -9.000  0.384 256
     4203  27.248846  102.807129     1.015     -680.3      204.4       15.6    415.9    409.9   1052.7 2023  1 18  9 37 24.970  3.4     0     0     2     3 -9.000  0.384 256
      643        NaN         NaN       NaN        NaN        NaN        NaN      NaN      NaN      NaN **** ** ** ** 13 36.320  1.8     0     0     3     2 -9.000    NaN 259
     4176        NaN         NaN       NaN        NaN        NaN        NaN      NaN      NaN      NaN **** ** ** **  3 36.640  1.5     0     0     3     2 -9.000    NaN 259
     2513  26.866109  102.897607     0.954     -784.5     -430.9      -45.5     10.2      4.5     10.6 2023  1  1  3 15  6.550  3.0     0     0     2     3 -9.000  0.251 268
     3974  26.873897  102.913477     0.999      792.8      432.0       -0.3     10.4      4.5     10.6 2023  1 16  7 20 30.830  2.8     0     0     2     3 -9.000  0.251 268
      343  26.916917  102.901831     1.073     -116.6      932.7       74.5      7.5      8.5     13.6 2022  9  4 23 45 24.320  2.7     0     0     3     3 -9.000  0.373 288
     2742  26.900151  102.904191     0.962      117.7     -925.1      -37.5      8.4      8.2     11.1 2023  1  3 16  4 52.410  2.2     0     0     3     3 -9.000  0.373 288
      955  26.878971  102.965063     0.998     -887.7     -390.9        3.1      1.2      1.3      2.3 2022  9 24 22 33 41.040  2.8     0     0     3     2 -9.000  0.545 290
     2662  26.886033  102.982935     0.989      888.2      391.5       -9.7      1.3      1.2      2.3 2023  1  2 19 24 45.180  2.5     0     0     3     2 -9.000  0.545 290
     1940  26.929008  102.918896     0.967      784.7     -331.4      -31.5     44.7     30.1     39.3 2022 10 26 11 38 16.150  3.1     0     0     3     2 -9.000  0.313 296
     2457  26.934979  102.903166     1.042     -777.3      330.2       42.7     33.8     29.9     45.4 2022 12  8 19 27 39.520  2.3     0     0     3     2 -9.000  0.313 296
     2184  27.109039  102.952051     1.040      -44.4      336.9       41.1    491.7    752.4   1022.0 2022 11  5  4 38 10.190  3.5     0     0     3     2 -9.000  0.228 308
     2234  27.102956  102.952962     0.971       45.6     -337.2      -28.1    485.7    758.7    777.2 2022 11  8  0  7 43.530  3.2     0     0     3     2 -9.000  0.228 308
     1451  26.992326  102.701408     1.052     -257.1     -739.5       52.6   1060.4   1300.5   1639.5 2022 10 10 15  6 31.830  2.6     0     0     2     3 -9.000  0.646 309
     2221  27.005691  102.706559     0.966      254.1      741.3      -33.3   1069.1   1292.6   1295.4 2022 11  7  9 58 29.550  3.1     0     0     2     3 -9.000  0.646 309
      646  27.113261  103.086100     1.104      258.2      -81.8      104.6   3665.5   2997.4   5007.3 2022  9 14 15  1 41.730  1.0     0     0     2     3 -9.000  0.519 315
     2148  27.114738  103.080908     0.882     -256.3       81.8     -116.7   3665.6   2993.8   4070.9 2022 11  3 23 46 33.040  2.0     0     0     2     3 -9.000  0.519 315
      963  26.826054  102.972778     0.989       77.6     -437.2      -10.3    189.4     97.0    148.0 2022  9 25  8 20 30.540  3.1     0     0     2     3 -9.000  0.209 317
     2125  26.833946  102.971224     1.009      -77.0      437.0        9.9    186.3     97.1    318.9 2022 11  2 15 22  5.280  3.0     0     0     2     3 -9.000  0.209 317
      486        NaN         NaN       NaN        NaN        NaN        NaN      NaN      NaN      NaN **** ** ** **  3 36.000  1.1     0     0     2     3 -9.000    NaN 343
     1317        NaN         NaN       NaN        NaN        NaN        NaN      NaN      NaN      NaN **** ** ** ** 39 36.000  1.7     0     0     2     3 -9.000    NaN 343
      678  26.851373  103.047786     1.112     -567.7       41.4      112.6    253.4    355.5   1922.3 2022  9 15 10 34 43.470  3.2     0     0     2     3 -9.000  0.366 347
     1069  26.850616  103.059212     0.928      567.6      -42.4      -70.9    253.9    361.3    483.2 2022  9 28 21 58 22.720  2.5     0     0     2     3 -9.000  0.366 347
      865  26.689010  102.996102     1.101        9.6      610.7      103.4    961.2    468.4   1620.3 2022  9 21 10  3 38.180  3.3     0     0     2     3 -9.000  0.206 351
      911  26.677989  102.995898     0.983      -10.3     -610.4      -16.2    961.1    468.5    732.7 2022  9 23  5 38 13.120  3.4     0     0     2     3 -9.000  0.206 351
      696  27.213023  102.975977     0.993     -100.7      556.7       -6.3     46.8     34.1     59.1 2022  9 16  2 31 18.680  2.9     0     0     2     1 -9.000  0.052 352
      730  27.202976  102.978035     1.018      102.9     -556.5       19.3     52.8     33.0     93.0 2022  9 17  7 39 29.830  3.1     0     0     2     1 -9.000  0.052 352
       32  27.083130  102.932056     7.315     -425.3    13212.1      606.3      5.5      5.9      9.4 2022  8 25 14 53 16.350  1.9     0     0    10    12 -9.000  0.027   1
      252  27.061460  102.848853    12.932    -8682.7    10811.1     6222.5      2.8      1.1      2.6 2022  9  2 12 56 18.590  3.5     0     0     2     0 -9.000  0.000   1
      375  27.091911  102.930534    10.538     -576.8    14185.2     3829.5      2.1      1.7      4.1 2022  9  6  2 46 36.390  2.0     0     0     7     3 -9.000  0.007   1
      554  26.973281  102.975366     2.624     3874.6     1040.6    -4085.4     10.6     12.2      7.5 2022  9 11 22 24  0.680  3.3     0     0     2     1 -9.000  0.018   1
      580  26.985347  102.905013    18.608    -3110.4     2377.7    11898.8      8.5      4.4     13.0 2022  9 12 19  3 13.920  1.2     0     0    16     5 -9.000  0.017   1
      655  27.079242  102.937085     6.020       73.4    12781.4     -688.2      5.5      3.1     12.1 2022  9 14 23 56 36.320 -0.2     0     0    13    14 -9.000  0.014   1
      856  27.088782  102.923324     5.580    -1292.0    13838.4    -1128.2      7.3      4.2      6.5 2022  9 21  0 33 16.520  1.9     0     0     8     6 -9.000  0.007   1
      934  27.084257  102.930404     7.765     -589.7    13337.1     1056.7      5.9      7.5      8.9 2022  9 24  6  3 16.360  1.2     0     0     6    11 -9.000  0.036   1
      945  26.985168  102.904622    18.759    -3149.3     2357.8    12049.9      7.6      3.3      7.2 2022  9 24 14 46 33.900  0.8     0     0    14     8 -9.000  0.014   1
      973  27.088859  102.925220     5.516    -1104.3    13847.0    -1191.9      7.6      4.8     11.5 2022  9 25 19 33 16.520  0.8     0     0     9     8 -9.000  0.028   1
     1134  26.964069  102.905273     6.845    -3084.9       19.8      136.9     24.4     16.2     15.6 2022  9 30 10 42  8.570  3.7     0     0     1     2 -9.000  0.016   1
     1201  27.092037  102.930876    11.057     -543.0    14199.1     4348.6      2.8      1.4      9.7 2022 10  2 11 26 36.360  1.6     0     0     7     2 -9.000  0.011   1
     1336  26.985738  102.906478    18.550    -2965.3     2420.8    11840.8     13.7      7.5     15.3 2022 10  6 19 23 13.920  1.2     0     0     6     3 -9.000  0.014   1
     1435  26.812299  102.920076     9.457    -1616.6   -16796.7     2748.0      1.9      1.0      1.2 2022 10 10  3 35  1.930  4.0     0     0     1     1 -9.000  0.000   1
     1828  27.083226  102.931925     7.397     -438.5    13222.9      688.9      5.8      7.8      8.1 2022 10 22  7 36 36.350  1.4     0     0    10    12 -9.000  0.024   1
     1890  26.859385  102.975627    11.969     3901.6   -11579.5     5259.7     18.2      6.2     19.9 2022 10 24  7 59 12.060  3.2     0     0     1     0 -9.000  0.000   1
     2153  27.079181  102.936759     6.280       41.4    12774.5     -428.9      8.7      2.4      4.1 2022 11  4  3  6 36.320  2.0     0     0     8    10 -9.000  0.013   1
     2192  27.116425  102.897868    12.317    -3817.6    16901.4     5607.8    154.0    128.7    152.2 2022 11  5  9 45  8.740  3.4     0     0     1     1 -9.000  0.003   1
     2240  26.740503  102.861450    22.851    -7443.4   -24752.0    16142.0      3.2      1.8      2.8 2022 11  8  9 49 49.600  2.4     0     0     1     2 -9.000  0.001   1
     2243  27.083982  102.930754     7.921     -554.9    13306.6     1212.9      8.7      9.2     11.0 2022 11  8 13 23 16.350  2.6     0     0     2     3 -9.000  0.004   1
     2507  26.870524  102.890780     7.537    -4526.0   -10345.1      827.3     12.2      9.3      9.1 2023  1  1  1  2 48.230  3.0     0     0    12     7 -9.000  0.029   1
     2563  26.919653  102.898747     7.144    -3733.5    -4901.6      434.4      7.3      6.4      4.6 2023  1  1 17  9 12.480  2.8     0     0     9     0 -9.000  0.023   1
     2639  26.822459  102.943319    11.391      693.3   -15671.0     4681.5     25.5     20.9     18.1 2023  1  2 13 15 59.700  4.0     0     0    10     6 -9.000  0.045   1
     2647  26.829272  102.927197    14.846     -908.6   -14916.0     8136.3     28.4     19.9     18.4 2023  1  2 14 42 20.940  3.8     0     0     3     0 -9.000  0.004   1
     2668  26.970748  102.897054     6.330    -3901.2      759.9     -379.6     29.2     39.2     20.7 2023  1  2 20 38 12.480  2.7     0     0     4     0 -9.000  0.002   1
     2757  26.979651  102.929085     3.694     -721.0     1746.3    -3015.0     11.9     13.1      9.4 2023  1  3 18 21 29.960  2.7     0     0     9     5 -9.000  0.032   1
     2769  27.091980  102.930404    10.422     -589.6    14192.7     3713.7      2.8      1.5      8.6 2023  1  3 20 33 16.400  1.1     0     0     8     3 -9.000  0.008   1
     2787  27.107357  102.830062     9.355   -10545.4    15896.5     2645.7     22.4     23.8     32.8 2023  1  4  2 22 33.650  3.2     0     0     2     1 -9.000  0.018   1
     2837  26.798735  102.949170     5.646     1274.1   -18299.7    -1062.5      3.5      2.5      6.0 2023  1  4 14 13 16.080  1.7     0     0     3     2 -9.000  0.002   1
     2857  27.079036  102.936434     6.827        8.6    12758.6      118.7      9.3      3.0     13.7 2023  1  4 19 13 16.280  1.6     0     0     2     2 -9.000  0.007   1
     2858  26.849668  102.963436    12.044     2691.1   -12656.0     5335.0     35.5     37.3     35.8 2023  1  4 19 27 10.800  3.9     0     0     6     5 -9.000  0.049   1
     2918  26.845178  102.958887     7.583     2239.3   -13153.5      873.5     23.0     25.8     30.9 2023  1  5 13 36 43.060  4.1     0     0    12     0 -9.000  0.042   1
     2926  26.923470  102.917521     5.866    -1868.9    -4478.5     -842.9     16.9     19.9     17.3 2023  1  5 16 58 37.850  3.6     0     0    17     4 -9.000  0.036   1
     2937  26.984886  102.903296    18.915    -3281.1     2326.3    12205.7      6.9      4.1      8.9 2023  1  5 18 53 13.880  1.5     0     0    13     6 -9.000  0.012   1
     2954  26.824786  102.953076    11.675     1662.2   -15413.1     4965.6     35.4     28.0     22.9 2023  1  5 21  4 48.880  3.9     0     0     9     4 -9.000  0.030   1
     2958  26.829063  102.952507     8.913     1605.7   -14939.2     2203.4     13.8     19.8     22.8 2023  1  5 22  4  9.880  5.2     0     0    14     7 -9.000  0.031   1
     2960  26.836281  102.947428     8.688     1100.8   -14139.4     1978.8     13.9     25.1     20.3 2023  1  5 22 15 54.000  3.2     0     0     6     3 -9.000  0.039   1
     2963  26.819061  102.949276    11.717     1284.5   -16047.4     5007.8     24.5     16.7     15.1 2023  1  5 22 21  5.560  5.9     0     0    19    13 -9.000  0.042   1
     2967  26.827722  102.961678    11.701     2517.1   -15087.7     4991.5     20.9     20.1     20.8 2023  1  5 22 45 17.360  5.1     0     0    16    11 -9.000  0.043   1
     2968  26.837539  102.962988     9.514     2646.9   -13999.9     2804.5     19.0     21.0     21.1 2023  1  5 22 47 20.420  3.4     0     0    15     7 -9.000  0.044   1
     2969  26.805772  102.941349    14.806      497.1   -17519.9     8096.8     38.8     20.5     26.9 2023  1  5 22 55 34.800  4.2     0     0     3     2 -9.000  0.051   1
     2970  26.812177  102.972485    15.195     3591.0   -16810.2     8485.9     22.4     22.6     17.0 2023  1  5 23  2 29.480  3.6     0     0     3     0 -9.000  0.003   1
     2971  26.830804  102.962899     9.999     2637.8   -14746.3     3289.9     20.2     16.7     17.9 2023  1  5 23  5 44.420  4.4     0     0    25    16 -9.000  0.042   1
     2972  26.836802  102.941309    14.511      493.4   -14081.6     7801.5     10.0      6.1     13.6 2023  1  5 23 11 18.600  3.8     0     0    10     2 -9.000  0.048   1
     2974  26.818109  102.959098    12.126     2260.4   -16152.9     5416.4     18.1     23.6     16.0 2023  1  5 23 27 56.960  5.8     0     0    21     9 -9.000  0.048   1
     2975  26.860732  102.983724     9.382     4706.5   -11430.1     2673.0     24.2     18.9     19.7 2023  1  5 23 33 35.820  3.7     0     0     3     4 -9.000  0.029   1
     2976  26.811387  102.928076    13.457     -821.4   -16897.6     6747.2     37.7     22.7     25.4 2023  1  5 23 38 26.620  4.1     0     0     3     2 -9.000  0.051   1
     2991  26.828743  102.951562    15.083     1511.9   -14974.5     8373.5     20.2     18.3     21.2 2023  1  6  2 50 22.380  6.2     0     0     7     6 -9.000  0.047   1
     2993  26.830318  102.954354     7.020     1789.1   -14800.2      310.9     24.5     29.2     31.0 2023  1  6  2 57  1.470  4.1     0     0     0     2 -9.000  0.004   1
     2995  26.834149  102.948592    10.636     1216.9   -14375.5     3926.7     27.9     30.6     23.4 2023  1  6  3  0 59.020  3.9     0     0    13    19 -9.000  0.048   1
     2997  26.827948  102.950659    11.418     1422.1   -15062.6     4709.0     17.5     18.6     13.3 2023  1  6  3 25  4.260  4.0     0     0    23    19 -9.000  0.035   1
     3000  26.815456  102.951221    13.024     1477.7   -16446.8     6315.0     20.9     25.9     22.9 2023  1  6  3 41 32.420  3.7     0     0     7     6 -9.000  0.046   1
     3004  26.831480  102.980282    11.607     4364.8   -14671.4     4897.8     29.7     44.9     35.0 2023  1  6  4 51 22.890  4.0     0     0     5     3 -9.000  0.024   1
     3011  26.808177  102.966130     9.750     2959.0   -17253.3     3040.6     12.3     16.1     21.2 2023  1  6  6  5 52.560  3.4     0     0     5     8 -9.000  0.044   1
     3012  26.836249  102.967537    11.357     3098.8   -14143.0     4647.7     19.1     24.8     22.9 2023  1  6  6  8 32.900  3.4     0     0    10     5 -9.000  0.035   1
     3018  26.944307  102.842025    12.169    -9365.8    -2169.6     5460.0     11.8      8.9      7.5 2023  1  6  7  0 26.530  3.7     0     0     2     0 -9.000  0.000   1
     3019  26.830774  102.962476    12.498     2596.3   -14749.6     5788.8     15.7     15.1     17.6 2023  1  6  7 51  6.760  4.4     0     0    23    22 -9.000  0.047   1
     3039  26.975114  102.917114     6.225    -1908.9     1243.6     -484.2     22.4     17.5     19.5 2023  1  6 11 15 40.650  5.8     0     0     6     5 -9.000  0.047   1
     3040  26.834837  102.956462    11.700     1998.1   -14299.4     4990.8     13.8     14.2     16.2 2023  1  6 11 24 59.490  4.0     0     0    20    14 -9.000  0.032   1
     3053  26.846999  102.927710     9.814     -858.0   -12951.9     3104.1     23.7     19.0     16.4 2023  1  6 16 14 43.460  3.0     0     0     5     3 -9.000  0.030   1
     3074  26.824701  102.949658    11.502     1322.9   -15422.5     4792.3     28.9     19.7     16.0 2023  1  6 20 36  5.620  4.0     0     0    27    12 -9.000  0.050   1
     3079  26.923651  102.913835     8.081    -2234.9    -4458.6     1371.3     19.2     14.4     13.1 2023  1  6 21 11 24.800  2.8     0     0     3     2 -9.000  0.027   1
     3080  26.826414  102.963249    11.580     2672.9   -15232.7     4870.9     20.2     16.9     19.5 2023  1  6 21 38 29.200  4.6     0     0    22    16 -9.000  0.047   1
     3168  26.973724  102.896313     7.485    -3974.5     1089.7      775.7     28.8     18.8     19.5 2023  1  7 15 39 13.870  3.2     0     0     4     1 -9.000  0.006   1
     3195  26.803141  102.957625    10.523     2114.5   -17811.3     3813.3     24.8     25.4     18.6 2023  1  7 20 13  6.520  3.8     0     0     4     4 -9.000  0.041   1
     3198  26.898059  102.942969    10.577      658.2    -7294.1     3867.2     40.2     33.9     46.8 2023  1  7 20 33 43.560  1.5     0     0     2     1 -9.000  0.006   1
     3208  26.860830  102.822778     4.857   -11280.8   -11419.3    -1851.9      7.4      2.7     18.5 2023  1  7 23  3 16.560  1.4     0     0    11    11 -9.000  0.008   1
     3229  26.798562  102.949430     5.739     1300.3   -18318.7     -969.5      2.0      2.4      4.8 2023  1  8  4 29 56.080  2.9     0     0     5     3 -9.000  0.002   1
     3232  26.837358  102.945207    10.580      880.6   -14020.2     3870.8     43.4     36.7     37.4 2023  1  8  5 28 16.850  4.0     0     0     9     5 -9.000  0.055   1
     3246  26.833567  102.952930    12.403     1647.9   -14440.0     5694.0     20.7     22.4     24.0 2023  1  8  9 21  3.110  4.0     0     0    20    19 -9.000  0.054   1
     3258  26.823649  102.941943    10.432      556.6   -15538.9     3722.4     24.7     37.6     25.4 2023  1  8 12 18 53.500  3.9     0     0    10     4 -9.000  0.042   1
     3266  27.104209  102.853581    18.394    -8212.3    15547.9    11684.2      0.2      0.3      0.2 2023  1  8 14  2 26.880  3.0     0     0     0     2 -9.000  0.000   1
     3284  26.829942  102.952075     9.926     1562.8   -14841.8     3216.5     17.0     19.3     23.8 2023  1  8 17  5 44.160  3.4     0     0    14     5 -9.000  0.040   1
     3289  26.683510  103.009456    12.551     7268.3   -31066.8     5841.7     27.9     17.7     19.2 2023  1  8 18  3 49.040  3.6     0     0     3     1 -9.000  0.056   1
     3297  26.652775  102.942358     4.833      597.8   -34472.3    -1875.4      2.7      2.8     11.4 2023  1  8 20  6 36.720 -0.2     0     0    11     9 -9.000  0.009   1
     3304  26.818559  102.961816    12.719     2531.0   -16103.0     6010.0     19.5     25.3     25.9 2023  1  8 20 59 20.720  3.3     0     0    24     9 -9.000  0.049   1
     3308  26.939610  102.856592    11.369    -7919.5    -2690.3     4659.4     51.9     26.6     33.1 2023  1  8 21 39 13.800  3.6     0     0     3     3 -9.000  0.084   1
     3310  26.942312  102.876489    11.678    -5943.6    -2390.8     4969.0     37.4     26.7     32.6 2023  1  8 21 47 29.640  3.6     0     0     3     3 -9.000  0.084   1
     3357  26.886460  102.932902     9.138     -341.8    -8579.3     2428.4     28.2     21.9     19.2 2023  1  9 16  6 17.250  3.5     0     0    11     3 -9.000  0.043   1
     3358  26.876495  102.941846     8.481      546.8    -9683.6     1771.7     27.7     21.5     19.2 2023  1  9 16 14 24.780  3.4     0     0     4     5 -9.000  0.031   1
     3360  26.875600  102.935392     7.655      -94.5    -9782.8      946.0     20.0     19.6     25.3 2023  1  9 16 39 28.660  3.4     0     0    15     7 -9.000  0.053   1
     3362  26.865306  102.971460    12.440     3488.1   -10923.3     5730.5     18.5     11.5     22.6 2023  1  9 16 57 15.950  4.5     0     0     2     2 -9.000  0.010   1
     3365  26.875566  102.935392     7.960      -94.8    -9786.6     1250.4     21.9     21.4     27.3 2023  1  9 17  8 11.840  2.8     0     0    12     9 -9.000  0.051   1
     3372  26.881124  102.947599     8.701     1117.9    -9170.6     1991.8     20.2     19.8     21.0 2023  1  9 19  8 38.000  3.2     0     0    13     5 -9.000  0.025   1
     3376  26.871997  102.939030     7.260      266.5   -10181.9      550.8     21.4     20.5     16.1 2023  1  9 19 27 32.080  3.2     0     0     9     2 -9.000  0.026   1
     3380  26.877608  102.952669     7.559     1621.8    -9560.3      849.3     26.3     23.3     24.1 2023  1  9 20 35 17.360  5.2     0     0    12     8 -9.000  0.045   1
     3381  26.888888  102.947380     9.501     1096.2    -8310.3     2791.7     31.4     25.2     25.7 2023  1  9 20 39 20.640  3.7     0     0    16     8 -9.000  0.057   1
     3384  26.893840  102.939095    13.092      273.4    -7761.8     6382.3      3.1      7.9      7.3 2023  1  9 21 15 29.980  2.7     0     0     2     2 -9.000  0.005   1
     3385  26.881571  102.939502     8.226      313.9    -9121.1     1516.3     16.1     15.7     16.0 2023  1  9 21 45  5.280  3.4     0     0    21    12 -9.000  0.051   1
     3388  26.883675  102.936914     9.162       56.7    -8888.1     2452.1     30.1     17.3     21.5 2023  1  9 22  7  4.240  4.0     0     0    16     6 -9.000  0.043   1
     3405  26.891665  102.923901     9.727    -1235.5    -8002.8     3017.1     40.0     35.4     31.3 2023  1 10  1 44 54.200  3.1     0     0     3     2 -9.000  0.048   1
     3441  26.878111  102.915226     7.198    -2097.3    -9504.6      488.4     32.2     28.9     25.7 2023  1 10  9 51  7.490  3.8     0     0     8     1 -9.000  0.019   1
     3456  26.846665  102.935726    10.108      -61.8   -12988.8     3398.1     18.4     19.0     19.0 2023  1 10 13 36 48.100  3.8     0     0    14    10 -9.000  0.052   1
     3464  26.854409  102.924829    13.937    -1143.8   -12130.8     7227.5      2.3      2.9      2.5 2023  1 10 15 13 25.780  4.0     0     0     2     3 -9.000  0.012   1
     3468  26.850596  102.944076     9.285      768.4   -12553.2     2575.8     28.4     24.0     28.6 2023  1 10 16 19 19.100  3.2     0     0     4     3 -9.000  0.040   1
     3471  26.957387  102.896834     4.261    -3923.3     -720.5    -2448.4     32.9     32.2     20.8 2023  1 10 18 32 51.000  3.0     0     0     3     1 -9.000  0.008   1
     3496  26.841901  102.946094    14.840      968.2   -13516.7     8130.5      9.8      6.6     12.6 2023  1 11  0  7 17.400  4.0     0     0     4     0 -9.000  0.009   1
     3497  26.950962  102.900179     7.356    -3591.1    -1432.4      646.5     25.0     30.3     15.8 2023  1 11  0 36  5.040  3.0     0     0     1     1 -9.000  0.019   1
     3514  27.117741  102.816439    10.896   -11897.4    17047.2     4186.7     25.2     19.4     26.4 2023  1 11  4 48 25.970  4.7     0     0     5     4 -9.000  0.049   1
     3543  27.102291  102.859245    10.025    -7650.2    15335.2     3315.1     24.4     14.2     15.2 2023  1 11 12 47 56.330  2.8     0     0     8     9 -9.000  0.048   1
     3551  27.087980  102.925024     6.674    -1123.3    13749.6      -34.4      6.9      4.2     12.9 2023  1 11 14 46 36.460  1.1     0     0     4     2 -9.000  0.023   1
     3555  26.882351  102.938037     8.872      168.3    -9034.7     2163.0     15.8     16.9     16.5 2023  1 11 15 39  2.520  3.8     0     0    33    17 -9.000  0.050   1
     3564  26.882473  102.940120     7.676      375.0    -9021.3      966.9     20.3     18.6     23.3 2023  1 11 18 31 49.240  3.3     0     0    15     8 -9.000  0.047   1
     3607  27.100958  102.859546    16.753    -7620.2    15187.5    10043.7      0.3      0.3      0.2 2023  1 12  9 20 26.380  3.9     0     0     0     2 -9.000  0.000   1
     3612  27.116280  102.824121    11.380   -11134.6    16885.3     4670.7     17.3     13.9     17.1 2023  1 12 11  0 25.460  4.5     0     0     3     4 -9.000  0.018   1
     3639  26.865995  102.989079     7.786     5237.8   -10846.9     1076.5     46.8     48.7     44.7 2023  1 12 20 14 58.520  2.8     0     0     1     1 -9.000  0.001   1
     3648  27.101615  102.826636    12.228   -10886.3    15260.4     5518.5     28.0     23.4     24.6 2023  1 12 22 45 29.580  4.0     0     0    10     4 -9.000  0.048   1
     3653  27.107373  102.854810     9.479    -8090.5    15898.3     2769.4     21.0     13.3     17.2 2023  1 13  0  2  4.990  3.8     0     0     4     4 -9.000  0.044   1
     3672  26.835400  102.957585    10.623     2109.9   -14237.0     3913.2     20.3     15.1     16.4 2023  1 13  5 13  5.510  3.9     0     0    15     9 -9.000  0.039   1
     3686  27.113369  102.824715    11.244   -11075.7    16562.6     4534.2     15.9     12.3     17.5 2023  1 13  9 37 46.500  3.2     0     0    12    15 -9.000  0.042   1
     3688  27.120266  102.836670    10.767    -9889.2    17326.9     4057.7     39.9     24.7     38.7 2023  1 13  9 48 48.130  3.8     0     0     1     2 -9.000  0.008   1
     3709  27.107308  102.822266    10.005   -11319.5    15891.1     3295.3     30.9     21.8     33.0 2023  1 13 13 55 47.220  3.8     0     0     2     3 -9.000  0.044   1
     3728  27.107865  102.840413    10.020    -9518.7    15953.0     3310.4     26.9     20.8     20.5 2023  1 13 17 40 57.320  3.1     0     0     5     2 -9.000  0.043   1
     3763  26.777150  102.974056    13.170     3747.3   -20691.3     6460.9     22.0     27.8     17.5 2023  1 14  2  9 10.150  3.9     0     0     3     2 -9.000  0.031   1
     3765  26.795099  102.972054    13.761     3548.4   -18702.4     7051.1     22.3     28.8     16.1 2023  1 14  2 13 49.380  4.0     0     0     3     2 -9.000  0.031   1
     3769  27.104152  102.843994    12.342    -9163.9    15541.5     5632.7     18.6     12.3     16.3 2023  1 14  4 22 24.700  3.5     0     0     9     4 -9.000  0.045   1
     3777  26.875387  102.918953     6.819    -1727.6    -9806.4      109.1     27.5     23.1     22.6 2023  1 14  8 57 21.050  3.1     0     0    11     4 -9.000  0.037   1
     3840  26.952799  102.923063     5.827    -1318.6    -1228.9     -882.4     15.6     11.6     13.0 2023  1 14 21 31 33.200  3.0     0     0     3     2 -9.000  0.018   1
     3865  27.118571  102.803849     7.720   -13145.8    17139.1     1010.5     43.4     25.5     61.6 2023  1 15  4 24 51.430  3.4     0     0     3     2 -9.000  0.052   1
     3931  27.078982  102.937891     6.694      153.4    12752.4      -14.8      8.4      6.4     14.9 2023  1 15 20 13 16.300  0.8     0     0     4     5 -9.000  0.034   1
     3939  27.120966  102.819686     6.227   -11574.7    17404.4     -481.9     22.6     13.7     29.3 2023  1 15 21 57 28.520  3.7     0     0     6     5 -9.000  0.048   1
     3957  26.833331  102.954419    11.481     1795.9   -14466.3     4771.5     19.2     16.2     14.2 2023  1 16  2 13 26.260  4.0     0     0    27    20 -9.000  0.049   1
     3981  26.967818  102.989583     2.561     5285.5      435.3    -4148.9     10.7     11.7      7.4 2023  1 16  8 21 19.850  4.0     0     0     2     1 -9.000  0.018   1
     3990  27.085453  102.928882     7.211     -740.6    13469.7      502.2      8.4      7.3     14.2 2023  1 16 11 43 16.400  1.9     0     0    16    17 -9.000  0.038   1
     4005  26.833779  102.978385     9.942     4176.1   -14416.7     3232.5     30.7     22.3     31.0 2023  1 16 16  3 19.020  3.8     0     0     5     0 -9.000  0.027   1
     4008  26.971263  102.922144     6.358    -1410.1      816.9     -351.6     28.4     21.5     20.5 2023  1 16 16 16 44.590  3.5     0     0     9     5 -9.000  0.045   1
     4025  27.108592  102.855672    10.039    -8005.0    16033.4     3329.2     21.7     13.8     16.4 2023  1 16 19  2 17.560  3.0     0     0     2     3 -9.000  0.024   1
     4113  26.653269  102.942879     5.538      649.9   -34417.5    -1170.8      1.9      2.0      6.0 2023  1 17 15 23 16.710  1.0     0     0    11     8 -9.000  0.007   1
     4130  27.106708  102.826554    13.395   -10893.6    15824.7     6685.9     20.4     19.4     21.6 2023  1 17 18 47 54.200  3.9     0     0     6     3 -9.000  0.037   1
     4159  26.861245  102.819344     2.185   -11622.1   -11373.4    -4523.9      1.4      1.2      6.7 2023  1 18  0  3 16.600  0.8     0     0     8     5 -9.000  0.002   1
     4201  27.102775  102.893140     7.617    -4287.4    15388.8      907.9     10.3      2.5     15.4 2023  1 18  9  8 42.450  3.0     0     0     1     3 -9.000  0.013   1
     4226  26.926654  102.915511     7.271    -2068.5    -4125.8      561.9     12.7     13.7     14.1 2023  1 18 17 22 49.000  2.7     0     0     9     3 -9.000  0.029   1
     4325  26.574028  103.040422    10.171    10351.0   -43197.8     3462.0      8.6     13.7     14.0 2023  1 19 18 37 36.640  4.0     0     0     3     1 -9.000  0.020   1
     4331  26.858223  102.930835    10.262     -547.7   -11708.1     3552.1     19.9     16.8     14.3 2023  1 19 22  6 22.880  4.0     0     0    16     4 -9.000  0.026   1
     4408  27.107546  102.833439    12.355   -10210.7    15917.6     5645.6     26.6     18.2     16.6 2023  1 20 19  7 17.240  3.8     0     0     7     4 -9.000  0.050   1
     4430  26.797795  102.951270     2.562     1483.2   -18403.9    -4146.5      2.8      3.0      4.1 2023  1 20 22 39 56.080  2.4     0     0     8    10 -9.000  0.004   1
     4476  26.990295  102.775846    11.390   -15933.3     2925.9     4680.9     40.0     36.8     42.7 2023  1 21 19 43 34.080  3.6     0     0     3     1 -9.000  0.037   1
     4506  27.014284  102.858260     9.792    -7750.7     5583.8     3082.4     27.6     34.0     24.3 2023  1 22  4 54 10.260  3.8     0     0     1     2 -9.000  0.033   1
     4529  27.101622  102.892708     6.387    -4330.0    15261.0     -322.0     10.2      2.5     16.6 2023  1 22 12 31 33.490  4.1     0     0     1     3 -9.000  0.013   1
     4537  26.834208  102.913118    11.603    -2307.7   -14369.0     4893.9     27.5     18.8     22.4 2023  1 22 14 38 34.520  3.4     0     0     4     4 -9.000  0.029   1
     4548  27.119928  102.878076    11.184    -5781.2    17289.5     4475.4      1.9      0.9      4.6 2023  1 22 17 43 16.680  0.9     0     0     2     3 -9.000  0.002   1
     4558  26.921924  102.924235     8.574    -1202.2    -4649.8     1865.0     31.7     28.3     28.1 2023  1 22 20 26  0.200  3.0     0     0     1     2 -9.000  0.049   1
     4561  26.984853  102.903304    18.884    -3280.4     2322.7    12174.7      6.8      4.3      7.3 2023  1 22 21 43 13.880  3.7     0     0    15     6 -9.000  0.010   1
     4569  27.121741  102.820174     5.920   -11525.8    17490.3     -789.4     22.4     13.7     33.1 2023  1 22 23 57 49.480  3.5     0     0     3     3 -9.000  0.045   1
     4652  26.869358  102.899862    15.040    -3623.8   -10474.4     8330.1      6.2      3.7      7.2 2023  1 23 20  7 57.300  3.5     0     0     1     3 -9.000  0.004   1
     4663  27.102301  102.852897    12.620    -8280.2    15336.4     5910.8     34.0     34.9     21.1 2023  1 23 21 54 10.080  4.5     0     0     3     2 -9.000  0.079   1
     4699  27.109041  102.817668    10.451   -11775.3    16083.2     3741.4     22.8     18.2     31.3 2023  1 24  5 27  3.440  3.8     0     0     5     2 -9.000  0.037   1
     4710  27.045188  102.842505    12.812    -9313.5     9008.1     6102.3      2.7      1.0      2.6 2023  1 24  8 18 32.320  3.0     0     0     2     0 -9.000  0.000   1
     4749  26.836656  102.914062    10.861    -2213.6   -14097.9     4151.5     47.9     16.4     19.1 2023  1 24 18 28 40.800  5.6     0     0     4     2 -9.000  0.033   1
     4751  26.838605  102.942391     8.010      600.8   -13882.0     1301.0     14.9     14.9     18.4 2023  1 24 18 39  7.920  3.8     0     0    11     8 -9.000  0.042   1
     4752  26.846096  102.926799     9.941     -948.7   -13052.0     3231.2     23.9     17.5     17.6 2023  1 24 19  2 19.500  4.9     0     0    12     3 -9.000  0.043   1
     4760  26.920249  102.900057     6.179    -3603.2    -4835.4     -530.2      6.9      6.3      5.0 2023  1 24 20 15  3.040  2.4     0     0     5     1 -9.000  0.025   1
     4772  26.653271  102.942879     5.546      650.0   -34417.3    -1162.3      2.0      2.0      5.9 2023  1 24 22 23 16.720  0.8     0     0    11     8 -9.000  0.007   1
     4792  26.864956  102.929102    14.111     -719.3   -10962.1     7401.5      2.4      3.0      2.7 2023  1 25  2 54 46.650  3.5     0     0     2     2 -9.000  0.000   1
     4801  27.088401  102.924382     6.245    -1186.8    13796.2     -463.1      5.8      4.6     10.7 2023  1 25  6 53 16.480  1.5     0     0    16    10 -9.000  0.027   1
     4804  26.653408  102.943001     5.730      661.7   -34402.3     -978.1      2.9      3.1     10.3 2023  1 25  8  9 56.700 -0.7     0     0    11     8 -9.000  0.009   1
     4818  26.967037  102.913981     6.706    -2220.1      348.8       -3.7     18.8     13.2     18.2 2023  1 25 12 51 58.540  3.8     0     0    17    13 -9.000  0.044   1
     4822  26.977765  102.923934     7.852    -1232.4     1537.5     1142.5     22.2     12.7     18.3 2023  1 25 14  8 38.550  3.7     0     0    16     9 -9.000  0.045   1
     4827  26.947375  102.910156     5.356    -2600.5    -1829.8    -1353.6     16.8     11.1     15.4 2023  1 25 15 29  9.120  3.7     0     0     3     2 -9.000  0.018   1
     4862  26.797758  102.951221     2.544     1478.4   -18407.9    -4164.8      2.1      2.1      3.1 2023  1 25 21 49 56.080  0.9     0     0    11    10 -9.000  0.004   1
     4866  26.713129  102.995728     8.732     5902.4   -27784.9     2023.0     10.1     12.1     11.9 2023  1 25 22 18 22.160  4.4     0     0     3     1 -9.000  0.006   1
     4882  26.858441  102.889274     7.036    -4675.2   -11684.0      327.0     23.5     15.8     25.1 2023  1 26  0 29 31.340  3.0     0     0     3     2 -9.000  0.034   1
     4890  26.707528  103.004891     9.653     6813.4   -28405.5     2944.0      7.4      7.5      7.2 2023  1 26  2  7 33.180  3.8     0     0     3     2 -9.000  0.017   1
     4914  26.985105  102.903190    18.945    -3291.4     2350.7    12236.0      7.4      2.9     10.5 2023  1 26  8 13 13.870  2.1     0     0    12     4 -9.000  0.013   1
     4980  26.862526  102.927425     9.623     -885.9   -11231.3     2914.0     31.6     21.4     24.8 2023  1 27  3  4  4.990  3.6     0     0    11     7 -9.000  0.043   1
     4992  26.866278  102.972786    11.121     3619.8   -10815.5     4411.3     19.4     20.1     21.6 2023  1 27  6 13 52.450  3.7     0     0    13     7 -9.000  0.044   1
     4994  26.688833  103.003044    11.583     6630.3   -30477.2     4873.6     26.4     17.5     20.0 2023  1 27  6 25 49.640  3.8     0     0     3     1 -9.000  0.056   1
     5006  26.990816  102.825106    10.417   -11043.1     2983.5     3707.3     23.1     11.2     22.7 2023  1 27 10 58 34.150  4.0     0     0     8     1 -9.000  0.035   1
     5016  26.975789  102.895768     9.021    -4028.7     1318.5     2311.2     32.2     23.7     21.2 2023  1 27 12  9 22.630  3.7     0     0     3     0 -9.000  0.008   1
     5023  26.977171  102.933480     7.900     -284.6     1471.7     1190.1     21.2     19.4     15.3 2023  1 27 13 50 19.710  3.6     0     0     7     1 -9.000  0.030   1
     5030  26.992607  102.813078    10.640   -12236.9     3182.0     3930.4     15.4     16.2     17.2 2023  1 27 15 32  4.380  2.9     0     0     6     3 -9.000  0.039   1
     5031  26.996781  102.821493    10.988   -11401.8     3644.6     4278.7     18.5      9.6     19.4 2023  1 27 15 33 32.140  3.6     0     0     8     2 -9.000  0.024   1
     5061  26.913200  102.911711     5.532    -2446.3    -5616.5    -1177.3     15.1     17.1     17.4 2023  1 27 22 15  4.320  2.6     0     0     7     1 -9.000  0.029   1
     5074  26.842716  102.979932    13.836     4329.6   -13426.3     7126.4     37.8     22.7     22.0 2023  1 28  1 40  9.800  3.6     0     0     1     2 -9.000  0.042   1
     5139  26.925264  102.884489     7.878    -5149.3    -4279.8     1168.9     25.0     19.6     17.1 2023  1 28 19 57 32.440  3.8     0     0     3     2 -9.000  0.055   1
     5183  27.130920  103.105420    13.801    16774.6    18507.5     7092.0     36.2     38.0     40.9 2023  1 29  5 21 28.540  4.0     0     0     1     1 -9.000  0.000   1
     5199  27.109296  102.804167    11.765   -13115.1    16111.4     5055.3     59.0     38.5     67.0 2023  1 29  9 19  2.490  4.0     0     0     3     2 -9.000  0.048   1
     5210  27.062628  102.833732     8.676   -10183.9    10940.5     1966.8     38.1     13.8     22.8 2023  1 29 12 18 41.550  3.1     0     0     1     2 -9.000  0.027   1
     5216  26.714451  103.011800     8.550     7499.7   -27638.5     1840.5      6.8      5.5      7.6 2023  1 29 13 41  6.700  3.6     0     0     6     3 -9.000  0.013   1
     5219  26.740570  102.860978    22.784    -7490.5   -24744.3    16074.3      3.1      1.8      2.8 2023  1 29 14  9 49.600 -0.3     0     0     1     2 -9.000  0.001   1
     5255  26.861324  102.944417     7.553      801.5   -11364.4      843.5     20.9     17.7     17.3 2023  1 29 22 51 44.400  3.5     0     0    14     5 -9.000  0.030   1
     5300  26.834062  102.949007     8.098     1257.8   -14385.2     1388.6     14.4     14.9     20.9 2023  1 30 12  1 48.910  3.4     0     0     7     8 -9.000  0.041   1
     5305  26.856732  102.940015    12.871      364.7   -11873.4     6161.3     20.7     23.3     18.0 2023  1 30 12 26 52.020  3.9     0     0     4     4 -9.000  0.027   1
     5322  27.084281  102.930477     7.700     -581.9    13339.7      991.9      7.3      6.4      9.9 2023  1 30 17 46 36.360 -0.1     0     0    13    15 -9.000  0.026   1
     5323  26.935622  102.838696    13.366    -9696.3    -3132.1     6656.9     12.1      9.0      7.3 2023  1 30 18  8 31.900  3.1     0     0     2     0 -9.000  0.000   1
     5386  26.799300  102.949105     5.722     1267.5   -18237.0     -986.4      1.2      2.3      5.1 2023  1 31  8 33 16.070  1.6     0     0     2     1 -9.000  0.000   1
     5413  26.617283  103.010620     9.298     7385.7   -38404.9     2588.3     19.9     17.9     11.0 2023  1 31 16 27 59.250  4.1     0     0     3     1 -9.000  0.004   1
     5418  26.880233  102.906877     6.263    -2926.7    -9269.4     -446.7     35.8     29.0     24.8 2023  1 31 17  3 23.800  4.2     0     0     5     2 -9.000  0.015   1
     5430  27.014703  102.932218     2.578     -409.5     5630.3    -4131.0     29.4     28.4     41.5 2023  1 31 19 52 21.600  2.6     0     0     2     0 -9.000  0.002   1
     5432  26.929028  102.913062     6.961    -2311.7    -3862.8      251.7     16.9     13.3     18.4 2023  1 31 20 31 50.740  2.8     0     0    23     8 -9.000  0.042   1
     5437  26.967116  102.910685     8.548    -2547.7      357.6     1838.6     27.1     33.7     19.3 2023  1 31 21 28 23.440  3.1     0     0     8     3 -9.000  0.040   1
     5442  26.934833  102.907853     6.785    -2829.3    -3219.6       75.4     19.7     13.9     22.5 2023  1 31 22 23 52.140  3.0     0     0    14     0 -9.000  0.024   1
     5502  27.012390  102.823071     3.956   -11244.1     5374.0    -2753.6     47.4     43.3     64.1 2023  2  1 19 32 32.760  3.1     0     0     4     0 -9.000  0.033   1
     5503  27.058673  102.847135     8.043    -8853.6    10502.4     1333.9     11.6      8.3     12.2 2023  2  1 20  5  2.880  3.6     0     0     8     7 -9.000  0.031   1
     5533  27.015544  102.933700     3.219     -262.4     5723.3    -3490.3     30.2     29.2     42.3 2023  2  2  3 50 12.990  3.5     0     0     2     0 -9.000  0.002   1
     5538  26.988361  102.941675     4.501      529.2     2711.4    -2208.7     24.8     25.6     23.0 2023  2  2  4 41  3.370  3.0     0     0     2     2 -9.000  0.022   1
     5609  26.937830  102.892236     8.495    -4379.8    -2887.4     1785.4     25.2     22.3     17.5 2023  2  2 20 27  4.200  3.2     0     0     3     2 -9.000  0.055   1
     5615  26.838021  102.941724     6.715      534.6   -13946.6        5.4     19.3     21.3     34.4 2023  2  2 21 52 48.000  2.7     0     0     4     4 -9.000  0.027   1
     5656  27.107005  102.853003     6.469    -8269.5    15857.5     -240.9     26.5     22.5     27.0 2023  2  3  9 59 32.520  3.8     0     0     2     1 -9.000  0.009   1
     5658  26.652356  102.942000     4.627      562.5   -34518.9    -2081.3      3.3      3.7     11.7 2023  2  3 10 59 56.730  0.6     0     0     8     9 -9.000  0.010   1
     5778  26.855540  102.938631    11.455      227.1   -12005.5     4745.7     27.7     36.6     38.9 2023  2  4 20  7 36.680  2.9     0     0     5     3 -9.000  0.044   1
     5785  26.986477  102.926961     3.331     -931.5     2502.6    -3378.0     12.2     12.6     13.1 2023  2  4 21 12 47.960  3.0     0     0     4     4 -9.000  0.020   1
     5791  27.090906  102.876807     7.721    -5907.7    14073.8     1011.8      3.3      2.0      3.3 2023  2  4 22 14 28.360  3.1     0     0     1     2 -9.000  0.000   1
     5869  26.898293  102.907951     4.757    -2820.2    -7268.4    -1951.2     21.9     15.5     22.2 2023  2  5 20 48 23.920  2.9     0     0     4     0 -9.000  0.027   1
     5886  26.967204  102.918115     8.140    -1809.5      367.3     1430.6     22.2     25.4     14.0 2023  2  6  1 12 27.310  5.2     0     0    22     9 -9.000  0.042   1
     5889  26.981525  102.933439     3.367     -288.6     1954.1    -3342.7      8.1     12.7     10.9 2023  2  6  1 43 58.220  3.5     0     0     6     3 -9.000  0.035   1
     5917  26.970249  102.915568     8.512    -2062.8      704.8     1802.1     13.6     19.7     12.8 2023  2  6  8 30 30.960  4.8     0     0    13     3 -9.000  0.030   1
     5995  26.860817  102.820150     2.416   -11541.5   -11420.6    -4292.0      1.4      1.1      3.1 2023  2  7  5 29 56.610  1.7     0     0    11     8 -9.000  0.003   1
     6008  26.961875  102.885734     5.521    -5025.1     -223.1    -1187.9     43.2     36.1     25.9 2023  2  7 10 51 42.840  3.0     0     0     1     0 -9.000  0.000   1
     6016  26.577781  103.055965     9.057    11896.9   -42781.9     2347.7     12.9     16.6     19.4 2023  2  7 12 22 33.540  4.3     0     0     4     0 -9.000  0.012   1
     6029  26.975358  102.916569     4.310    -1963.1     1270.7    -2399.0     22.0     27.8     12.2 2023  2  7 14 24 46.290  3.0     0     0     6     2 -9.000  0.036   1
     6042  27.009347  102.862174     9.765    -7362.3     5036.9     3055.5     27.0     34.6     24.1 2023  2  7 17 12 44.900  3.3     0     0     1     2 -9.000  0.033   1
     6051  26.575122  103.048698     9.908    11174.2   -43076.5     3198.4      7.7      8.7     10.0 2023  2  7 18 46 49.040  4.3     0     0     7     1 -9.000  0.016   1
     6052  26.962008  102.814803     7.398   -12067.7     -208.5      688.2      1.6      0.8      1.8 2023  2  7 19  4 59.480  3.2     0     0     2     1 -9.000  0.000   1
     6065  27.105070  102.858870    11.734    -7687.4    15643.2     5024.1     35.7     34.2     22.1 2023  2  7 22 51 25.800  4.3     0     0     6     6 -9.000  0.073   1
     6124  27.125462  102.844466     9.242    -9115.5    17902.6     2532.6     32.0     21.1     39.7 2023  2  8 15 37 19.590  4.2     0     0     3     2 -9.000  0.051   1
     6170  26.838544  102.959530    15.414     2303.5   -13888.6     8704.9     29.5     35.6     22.9 2023  2  9  5 18 18.340  4.0     0     0     3     1 -9.000  0.016   1
     6203  26.924746  102.921834     7.797    -1440.7    -4337.2     1087.1     28.6     26.6     21.2 2023  2  9 17 12 52.040  2.2     0     0    10     4 -9.000  0.047   1
     6222  26.901396  102.911190     3.302    -2498.1    -6924.4    -3407.1     20.8     15.1     30.5 2023  2  9 20 44 58.680  2.7     0     0     4     0 -9.000  0.027   1
     6234  26.979083  102.813997     6.915   -12147.0     1683.6      205.6      1.6      0.9      1.7 2023  2  9 22 39 56.920  3.3     0     0     2     1 -9.000  0.000   1
     6239  26.894299  102.944100    14.522      770.7    -7710.8     7812.5      2.9      8.2      7.2 2023  2  9 23 37 29.600  3.3     0     0     2     2 -9.000  0.005   1
     6311  26.976835  102.778687    10.873   -15652.1     1434.5     4163.7     39.4     35.2     42.1 2023  2 10 18 13 48.200  2.5     0     0     3     1 -9.000  0.037   1
     6313  27.088761  102.923389     5.626    -1285.4    13836.1    -1082.0      7.0      4.1      5.9 2023  2 10 18 26 36.520  1.8     0     0     8     6 -9.000  0.007   1
     6315  26.824935  102.966097     9.379     2955.7   -15396.5     2669.5     17.3     26.8     26.0 2023  2 10 18 51 51.160  3.2     0     0     6     7 -9.000  0.030   1
     6317  26.815413  102.961491    14.564     2498.1   -16451.5     7854.5     21.6     22.4     17.3 2023  2 10 18 59 17.320  4.1     0     0     5     1 -9.000  0.029   1
     6322  26.852148  102.989754    14.198     5305.6   -12381.3     7488.9     19.4     15.4     13.0 2023  2 10 20  1 54.380  2.9     0     0     2     4 -9.000  0.040   1
     6336  26.842015  102.955509    12.912     1903.9   -13504.0     6202.3     32.3     35.0     34.8 2023  2 10 22 52 55.840  3.4     0     0     2     3 -9.000  0.008   1
     6337  26.812425  102.959985    10.336     2348.6   -16782.8     3626.3     21.4     21.9     19.0 2023  2 10 23 21 27.200  3.2     0     0     4     7 -9.000  0.026   1
     6343  26.928699  102.905021     8.486    -3110.2    -3899.2     1776.5     34.7     32.5     25.6 2023  2 11  0 34 33.460  4.3     0     0     3     2 -9.000  0.034   1
     6365  27.127273  102.860213     7.641    -7553.3    18103.4      931.6     21.9     13.3     25.6 2023  2 11  8 41  3.580  3.1     0     0     4     4 -9.000  0.027   1
     6436  26.989962  102.922144     2.855    -1409.5     2888.9    -3854.9     12.6     15.2     14.3 2023  2 12  3  7  9.490  4.3     0     0     4     4 -9.000  0.038   1
     6441  26.855725  102.947998    12.215     1157.6   -11984.9     5505.4     26.5     34.6     27.8 2023  2 12  3 36 55.090  3.3     0     0     8     3 -9.000  0.041   1
     6478  26.877555  102.917586    14.261    -1863.5    -9566.0     7551.4     22.9     18.1     17.4 2023  2 12 15 24 31.460  3.9     0     0     2     2 -9.000  0.035   1
     6485  26.840814  102.952132     2.605     1568.6   -13637.1    -4104.4     21.1     20.3     31.8 2023  2 12 17  1 26.740  3.1     0     0     2     2 -9.000  0.047   1
     6642  27.079209  102.937199     6.153       84.9    12777.8     -555.1      7.4      2.5      8.0 2023  2 14 20 23 16.320  1.0     0     0    15    17 -9.000  0.016   1
     6645  26.872530  102.959880    12.039     2337.3   -10122.8     5329.3     20.8     22.2     21.1 2023  2 14 21 11 56.540  3.3     0     0     4     1 -9.000  0.028   1
     6646  27.109159  102.858545     0.955    -7719.4    16096.2    -5754.5      8.6      5.5     10.0 2023  2 14 21 35 59.380  3.3     0     0     1     3 -9.000  0.001   1
     6672  27.103251  102.845703    12.644    -8994.2    15441.7     5934.7     18.8     14.7     15.4 2023  2 15  6 37 39.600  4.2     0     0     7     1 -9.000  0.044   1
     6679  27.107542  102.842285     9.732    -9333.1    15917.0     3022.2     35.4     21.9     23.5 2023  2 15 10 22 17.600  3.7     0     0     5     4 -9.000  0.043   1
     6691  26.866606  102.979761    17.713     4312.8   -10779.3    11003.7     15.9     11.7     13.1 2023  2 15 12 37 42.850  3.5     0     0     1     2 -9.000  0.023   1
     6703  27.110913  102.842619     5.352    -9300.1    16290.5    -1357.1     25.6     14.6     30.5 2023  2 15 15 17 29.630  3.1     0     0     4     2 -9.000  0.021   1
     6706  27.111304  102.846468     3.666    -8917.4    16333.8    -3043.4     45.0     33.5    119.5 2023  2 15 16 28  5.050  2.7     0     0     2     0 -9.000  0.009   1
     6719  26.832623  102.949178    15.248     1275.1   -14544.6     8538.5     23.0     18.1     21.3 2023  2 15 20 50 46.780  3.2     0     0     1     3 -9.000  0.016   1
     6723  27.068077  102.856226     7.001    -7950.8    11544.1      291.7     30.6     20.6     28.5 2023  2 15 22 10 54.280  3.5     0     0     5     1 -9.000  0.041   1
     6774  26.861292  102.819019     0.774   -11654.2   -11368.1    -5934.9      2.4      1.4      6.9 2023  2 16 20 43 16.600  0.8     0     0     6     3 -9.000  0.005   1
     6783  27.109772  102.828727    10.293   -10678.2    16164.2     3583.4     20.1     12.9     19.1 2023  2 17  0 14 51.000  3.8     0     0    10     7 -9.000  0.041   1
     6834  26.826630  102.960840    11.304     2433.3   -15208.8     4595.0     25.9     17.3     15.5 2023  2 17 23  0 31.040  4.1     0     0    30    16 -9.000  0.040   1
     7044  27.128715  102.828337     9.954   -10715.7    18263.1     3244.2     30.8     21.7     37.1 2023  2 21 10 20 53.720  4.7     0     0     3     2 -9.000  0.051   1
     7083  26.919187  102.904329     5.252    -3179.1    -4953.2    -1457.4     16.0     16.9     17.4 2023  2 21 23 18 39.780  4.7     0     0     7     1 -9.000  0.029   1
     7151  27.203912  102.819051    10.554   -11633.2    26595.1     3844.8     11.3     23.1     13.1 2023  2 22 19 25 29.720  4.1     0     0     9     6 -9.000  0.039   1
     7153  26.892122  102.890202    13.459    -4582.9    -7952.1     6750.1      4.1      2.9      2.1 2023  2 22 19 45 20.800  3.4     0     0     2     1 -9.000  0.000   1
     7177  26.797809  102.951204     2.527     1476.5   -18402.2    -4181.9      2.4      2.6      2.8 2023  2 23  9 23 16.090  1.7     0     0     8     6 -9.000  0.001   1
     7182  26.804976  102.910425    10.088    -2575.2   -17607.9     3378.4      1.7      1.0      1.2 2023  2 23 11 33 42.560  3.5     0     0     1     1 -9.000  0.000   1
     7186  27.107202  102.840763     0.932    -9483.8    15879.5    -5777.1      8.2      5.6     10.0 2023  2 23 14  5 41.170  3.0     0     0     1     3 -9.000  0.001   1
     7270  27.128239  103.110018    13.057    17231.2    18210.5     6347.2     35.7     37.5     42.9 2023  2 24 20  1 25.240  3.2     0     0     1     1 -9.000  0.000   1
     7290  27.205743  102.814437     9.080   -12090.7    26798.0     2370.9     27.0     25.7     37.3 2023  2 25  5 47 20.380  3.9     0     0     8     3 -9.000  0.036   1
     7332  26.856380  102.948836     7.197     1240.6   -11912.3      487.3     21.2     14.3     14.8 2023  2 25 17 28  3.340  3.7     0     0     9     5 -9.000  0.038   1
     7374  27.207648  102.808105    10.848   -12719.1    27009.2     4139.1     12.0     23.9     14.6 2023  2 26  2 50 36.020  5.0     0     0     9     5 -9.000  0.042   1
     7375  27.197013  102.830005     8.890   -10547.2    25830.7     2180.9     58.9     48.0     69.4 2023  2 26  2 54 34.340  4.3     0     0     4     3 -9.000  0.016   1
     7377  27.204140  102.812915     9.037   -12241.7    26620.4     2327.6     24.9     19.8     29.5 2023  2 26  3 56 47.460  4.3     0     0     6     5 -9.000  0.029   1
     7413  26.851050  102.946509     6.829     1009.9   -12502.9      119.2     15.5     13.6     23.6 2023  2 26 16 17  1.730  3.2     0     0    19     9 -9.000  0.039   1
     7429  27.059302  102.843896     7.331    -9175.1    10571.8      621.6     14.0     10.4     15.6 2023  2 26 22 17 28.580  3.0     0     0     5     2 -9.000  0.012   1
     7438  26.922565  102.924414     6.468    -1184.6    -4578.8     -241.0     19.8     19.4     17.0 2023  2 27  1 33 44.960  4.5     0     0    16     5 -9.000  0.056   1
     7446  26.859650  102.948494    10.716     1207.0   -11550.1     4007.0     24.9     20.2     21.3 2023  2 27  5 56 54.190  3.8     0     0    10     6 -9.000  0.056   1
     7483  26.834542  102.938981     7.832      262.3   -14332.1     1122.3     13.4     13.8     18.8 2023  2 27 20 25 39.080  3.9     0     0    10     8 -9.000  0.032   1
     7526  26.859778  102.926074    11.626    -1020.4   -11535.9     4916.6     17.6     17.0     16.5 2023  2 28 15 11  6.250  3.8     0     0     4     2 -9.000  0.035   1
     7544  26.864439  102.903402     8.590    -3272.3   -11019.3     1880.8     16.2     12.9     12.4 2023  2 28 21 24  5.440  3.6     0     0     5     2 -9.000  0.028   1
     7545  26.625262  103.007007     9.228     7026.3   -37520.9     2518.2     20.0     18.1     11.3 2023  2 28 21 42 45.800  4.3     0     0     3     1 -9.000  0.004   1
     7547  26.797072  102.951888     2.091     1544.7   -18483.8    -4617.4      4.8      3.7     10.9 2023  2 28 22 13 16.080  1.9     0     0    11     8 -9.000  0.003   1
     7574  26.850753  102.951335     6.727     1489.2   -12535.9       17.7     23.2     17.0     27.9 2023  3  1 10 42 47.170  3.7     0     0    12     9 -9.000  0.055   1
     7582  26.886947  102.919531    13.859    -1669.9    -8525.5     7149.7     22.8     18.8     16.5 2023  3  1 11 42 31.070  3.8     0     0     4     4 -9.000  0.030   1
     7583  26.857743  102.940698    10.172      432.5   -11761.3     3462.5     18.8     17.4     17.6 2023  3  1 11 57 26.170  4.0     0     0    40    19 -9.000  0.041   1
     7594  26.846680  102.965299     6.562     2876.3   -12987.1     -147.1     16.4     10.8     20.3 2023  3  1 16 21 47.940  3.1     0     0    16    12 -9.000  0.039   1
     7605  26.853534  102.955241    11.082     1877.3   -12227.8     4372.2     52.5     55.1     34.3 2023  3  1 21 29 18.520  3.4     0     0    11     3 -9.000  0.049   1
     7629  26.860935  102.821883     4.194   -11369.5   -11407.7    -2514.7      3.4      1.6     11.1 2023  3  2  9 46 36.600  1.5     0     0    13    13 -9.000  0.004   1
     7651  27.118921  102.913843    11.390    -2232.6    17177.8     4680.6    161.6    125.3    154.4 2023  3  2 16 21 30.800  3.4     0     0     1     1 -9.000  0.003   1
     7653  27.012368  102.815210     5.372   -12024.9     5371.5    -1337.2     48.4     43.3     59.5 2023  3  2 16 50 48.130  4.5     0     0     4     0 -9.000  0.033   1
     7662  26.794645  102.941504     2.079      512.4   -18752.8    -4629.0     16.0      9.1     11.2 2023  3  2 21 56 36.060  1.1     0     0     9     6 -9.000  0.009   1
     7666  26.859344  102.950203    12.442     1376.5   -11584.0     5732.7     17.1     14.9     17.0 2023  3  2 22 25 24.200  5.5     0     0    28    16 -9.000  0.047   1
     7671  26.854464  102.964998     8.039     2846.1   -12124.8     1329.1     20.2     17.1     26.8 2023  3  2 22 48 54.960  4.1     0     0    26    15 -9.000  0.048   1
     7696  26.860555  102.823722     4.474   -11187.2   -11449.7    -2234.4      2.3      1.3      6.6 2023  3  3 13 16 36.600  1.6     0     0     8     8 -9.000  0.004   1
     7697  26.860927  102.821891     4.193   -11368.8   -11408.5    -2515.2      3.0      1.2     10.9 2023  3  3 13 26 36.600  1.8     0     0    13    13 -9.000  0.004   1
     7701  26.864431  102.819840     3.488   -11572.8   -11020.3    -3220.0      4.0      2.8     10.9 2023  3  3 16 43 17.230  1.1     0     0     3     2 -9.000  0.001   1
     7709  26.822898  102.958545     9.467     2205.5   -15622.2     2757.5     19.1     18.3     30.8 2023  3  3 18 35 14.000  3.0     0     0    10     6 -9.000  0.052   1
     7755  27.143974  102.815715    10.625   -11967.6    19953.8     3915.1     22.2     12.3     25.5 2023  3  4 21  6 18.000  3.3     0     0     3     2 -9.000  0.031   1
     7763  26.865637  102.902572     9.363    -3354.2   -10886.6     2653.3     14.7     10.5      9.1 2023  3  5  3 25 55.960  3.2     0     0     6     2 -9.000  0.039   1
     7770  26.848181  102.965869     5.581     2933.0   -12820.8    -1127.9     12.4     12.2     21.1 2023  3  5  8 40 13.980  3.2     0     0     8     5 -9.000  0.038   1
     7783  26.864431  102.819816     2.885   -11575.0   -11020.2    -3823.6      4.0      2.7      5.6 2023  3  5 15 29 57.220  3.1     0     0     3     2 -9.000  0.001   1
     7785  26.857359  102.945076    10.618      867.2   -11803.9     3908.2     23.8     17.7     23.5 2023  3  5 15 55  1.420  3.8     0     0    39    11 -9.000  0.042   1
     7813  26.866368  102.955965    11.063     1948.7   -10805.8     4353.7     22.8     18.1     20.4 2023  3  6  3 24 59.830  3.4     0     0    26    16 -9.000  0.049   1
     7825  27.129425  102.806673    10.412   -12865.5    18341.8     3702.4     22.1     12.4     25.7 2023  3  6  7 11 15.890  4.7     0     0     3     2 -9.000  0.031   1
     7827  27.126552  102.869352     6.835    -6646.7    18023.5      125.9     24.2     13.4     27.0 2023  3  6  7 43  0.260  2.9     0     0     2     2 -9.000  0.031   1
     7839  27.062834  102.853011     8.567    -8270.6    10963.3     1857.2     17.7     12.0     18.3 2023  3  6 17  7 18.600  3.6     0     0     3     2 -9.000  0.020   1
     7853  26.843382  102.944027    12.051      763.2   -13352.5     5341.3     44.8     28.2     36.4 2023  3  6 20 48 46.300  6.5     0     0     7     4 -9.000  0.023   1
     7856  26.842029  102.977189     7.565     4057.2   -13502.6      856.0     23.8     17.7     33.1 2023  3  6 21  4 33.200  3.1     0     0    10     8 -9.000  0.047   1
     7859  26.875594  102.898926     8.872    -3716.5    -9783.5     2162.9     27.6     21.9     26.1 2023  3  6 21 24 19.720  3.2     0     0     7     4 -9.000  0.047   1
     7865  26.849333  102.935148    10.268     -119.2   -12693.2     3558.3     22.2     20.3     14.3 2023  3  6 21 58  3.400  3.6     0     0     9     1 -9.000  0.013   1
     7866  26.860828  102.914551     8.289    -2164.4   -11419.6     1579.7     25.6     16.6     22.2 2023  3  6 22 22 54.820  3.7     0     0    18    11 -9.000  0.057   1
     7871  26.848885  102.959001     6.641     2250.6   -12742.8      -68.1     24.2     18.4     24.8 2023  3  6 23 14 54.360  3.2     0     0     7     5 -9.000  0.048   1
     7873  26.866538  102.952669    10.457     1621.7   -10786.7     3747.2     18.0     12.7     19.5 2023  3  6 23 32 30.880  3.2     0     0    37    23 -9.000  0.037   1
     7875  26.848484  102.917993    12.481    -1822.8   -12787.2     5771.7     24.2     20.1     22.4 2023  3  6 23 42 50.040  3.6     0     0     4     4 -9.000  0.021   1
     7877  26.862038  102.971362    13.072     3478.7   -11285.4     6362.9     25.1     28.3     29.1 2023  3  6 23 51 23.960  4.2     0     0     7     7 -9.000  0.056   1
     7878  26.843319  102.917285     7.003    -1893.6   -13359.6      293.7     27.5     18.7     27.0 2023  3  7  0  4  1.920  4.0     0     0     8     4 -9.000  0.021   1
     7880  26.850226  102.930916    13.492     -539.5   -12594.3     6782.4     34.0     22.1     24.3 2023  3  7  0 14 26.030  4.0     0     0     2     1 -9.000  0.002   1
     7889  26.855725  102.952938     9.414     1648.4   -11985.0     2704.6     21.2     24.1     20.3 2023  3  7  1 31 59.050  3.9     0     0    20    16 -9.000  0.041   1
     7891  26.846737  102.954891    10.226     1842.6   -12981.0     3516.7     22.6     19.8     22.7 2023  3  7  2 24 31.590  4.5     0     0    22    10 -9.000  0.044   1
     7894  26.851725  102.923397     6.803    -1285.8   -12428.2       93.3     13.9      8.5     14.6 2023  3  7  3 21 32.450  3.8     0     0    23    10 -9.000  0.038   1
     7895  26.851609  102.962158    11.736     2564.6   -12441.1     5027.0     76.6     57.9     74.6 2023  3  7  3 41 31.660  4.4     0     0     3     2 -9.000  0.015   1
     7897  27.154307  103.110360     6.974    17262.8    21098.8      264.3     41.4     41.5     75.2 2023  3  7  4 18 49.540  3.9     0     0     3     1 -9.000  0.018   1
     7899  26.864197  102.928638     9.192     -765.6   -11046.2     2483.0     16.5     16.8     10.7 2023  3  7  4 37  7.010  3.8     0     0    14    11 -9.000  0.047   1
     7900  26.860911  102.961922    10.312     2540.8   -11410.2     3602.2     37.6     26.4     35.9 2023  3  7  4 41  1.830  3.8     0     0     5     3 -9.000  0.014   1
     7905  26.857424  102.959465     8.437     2296.7   -11796.8     1727.9     20.7     13.1     19.9 2023  3  7  5 48 34.900  3.9     0     0    10     6 -9.000  0.038   1
     7908  26.854541  102.967049    12.025     3050.2   -12116.2     5315.6     20.7     17.8     17.4 2023  3  7  7  3 58.650  4.7     0     0    22    18 -9.000  0.048   1
     7917  26.854871  102.940576    11.516      420.6   -12079.6     4807.0     30.4     28.2     27.5 2023  3  7  8 29 47.590  3.9     0     0    14     4 -9.000  0.037   1
     7918  26.853953  102.943270     6.419      687.9   -12181.2     -290.6     16.0     11.5     25.4 2023  3  7  9  0 10.340  3.6     0     0    16    15 -9.000  0.045   1
     7925  26.838251  102.895890    10.508    -4018.6   -13921.2     3798.9     36.1     16.7     17.0 2023  3  7 12  5  7.670  3.4     0     0     2     2 -9.000  0.023   1
     7935  26.857208  102.941341     9.677      496.2   -11820.6     2967.1     15.5     16.3     13.1 2023  3  7 14 38 37.060  4.7     0     0    37    20 -9.000  0.041   1
     7936  26.838033  102.970874    10.796     3430.5   -13945.3     4086.9     20.7     21.4     19.8 2023  3  7 14 40 28.790  5.5     0     0    10     7 -9.000  0.045   1
     7941  26.838076  102.968522     9.440     3196.7   -13940.5     2730.7     23.0     24.0     29.6 2023  3  7 15 16 57.950  5.0     0     0    12    10 -9.000  0.034   1
     7951  26.852307  102.978263     8.824     4163.9   -12363.6     2115.1     20.8     17.5     24.6 2023  3  7 19  1 47.320  3.7     0     0    11     4 -9.000  0.034   1
     7952  26.853156  102.947852     9.706     1143.0   -12269.7     2996.9     26.6     32.5     27.6 2023  3  7 19 34 57.680  3.8     0     0    20     1 -9.000  0.027   1
     7957  26.850641  102.969523    13.404     3295.7   -12548.2     6694.1     18.8     19.6     19.2 2023  3  7 21 13 56.400  4.6     0     0    17    12 -9.000  0.055   1
     7958  26.847247  102.980534     9.809     4389.4   -12924.4     3099.4     16.3     15.1     20.3 2023  3  7 21 21 37.800  5.0     0     0    16     5 -9.000  0.044   1
     7959  26.852563  102.959440     6.144     2294.3   -12335.2     -565.7     17.5     15.3     27.3 2023  3  7 21 31 15.800  3.7     0     0     4     3 -9.000  0.049   1
     7961  26.854948  102.955892     6.092     1941.4   -12071.0     -617.3     20.4     18.5     35.0 2023  3  7 21 37  4.480  3.4     0     0    14     7 -9.000  0.043   1
     7962  26.853001  102.966838    14.411     3029.3   -12286.8     7701.4     26.1     22.5     23.2 2023  3  7 21 44 29.500  5.0     0     0     9     5 -9.000  0.053   1
     7963  27.119932  102.878019    11.236    -5787.1    17290.0     4527.5      1.9      0.9      4.6 2023  3  7 21 49 56.680  2.0     0     0     2     3 -9.000  0.002   1
     7965  26.857920  102.937370     8.269      101.6   -11741.6     1559.3     20.6     16.8     27.0 2023  3  7 21 58 11.240  3.8     0     0    15     9 -9.000  0.064   1
     7967  26.871893  102.930965     9.982     -534.2   -10193.5     3272.4     17.0     17.1     11.0 2023  3  7 22 18  8.200  2.9     0     0    16    12 -9.000  0.031   1
     7972  26.842712  102.966406     6.251     2986.1   -13426.8     -458.3     20.3     15.1     26.3 2023  3  7 22 43 48.300  3.5     0     0    10     5 -9.000  0.037   1
     7973  26.870343  102.953532    12.135     1707.0   -10365.3     5425.7     11.8     14.4     11.0 2023  3  7 22 56 19.900  2.8     0     0     4     2 -9.000  0.041   1
     7978  26.931441  102.926896     8.149     -938.6    -3595.5     1439.4     36.3     30.4     20.4 2023  3  7 23 32 48.900  3.4     0     0     6     1 -9.000  0.048   1
     7981  26.856384  102.930094     9.181     -620.5   -11912.0     2471.1     15.4     13.8     19.5 2023  3  7 23 40 52.640  3.3     0     0    18    10 -9.000  0.040   1
     7984  26.862964  102.925903    12.535    -1037.3   -11182.9     5825.7     21.1     21.7     19.0 2023  3  8  0 24 24.290  3.9     0     0     2     1 -9.000  0.007   1
     7987  26.863534  102.918042    13.340    -1818.0   -11119.7     6630.2     20.9     19.8     17.0 2023  3  8  0 57 16.840  4.4     0     0     9     5 -9.000  0.032   1
     7990  26.860937  102.821794     4.131   -11378.9   -11407.4    -2577.6      3.9      1.3     12.3 2023  3  8  2 36 36.600  2.5     0     0    16    15 -9.000  0.004   1
     7991  26.847054  102.972135    10.178     3555.2   -12945.8     3468.6     22.2     25.8     28.9 2023  3  8  3  2 53.730  4.3     0     0     5     2 -9.000  0.033   1
     7998  26.852376  102.977482     8.525     4086.6   -12355.9     1815.4     17.0     14.4     23.0 2023  3  8  4 57 33.940  4.1     0     0    20    11 -9.000  0.040   1
     7999  26.853400  102.948210     9.248     1178.6   -12242.6     2538.4     21.5     16.7     19.7 2023  3  8  5 35 56.710  3.8     0     0    15     2 -9.000  0.042   1
     8001  26.848234  102.994710     7.365     5798.2   -12814.9      655.9     16.8     13.7     28.7 2023  3  8  5 58 31.450  3.9     0     0     4     2 -9.000  0.025   1
     8005  26.851717  102.949251     9.733     1282.1   -12429.0     3023.8     30.8     22.2     18.8 2023  3  8  7 58 32.550  4.1     0     0     6    14 -9.000  0.046   1
     8006  26.863704  102.966471    10.684     2992.4   -11100.8     3974.8     33.9     27.4     30.0 2023  3  8  8 34 31.870  3.2     0     0     6     6 -9.000  0.048   1
     8009  26.847591  102.926571     7.585     -970.7   -12886.2      875.1     14.2     11.3     16.0 2023  3  8  9 54 43.010  3.8     0     0     7     3 -9.000  0.027   1
     8010  26.849829  102.977848    11.713     4123.2   -12638.3     5003.5     22.2     20.2     27.2 2023  3  8 10 17 27.190  3.4     0     0     4     6 -9.000  0.031   1
     8014  26.862740  102.972493    12.630     3590.9   -11207.6     5920.4     21.3     20.4     17.2 2023  3  8 10 57 26.200  3.9     0     0     8     5 -9.000  0.037   1
     8017  26.854055  102.977295    10.508     4067.8   -12169.9     3798.7     24.4     21.2     20.1 2023  3  8 11 16  2.650  5.1     0     0     7     5 -9.000  0.034   1
     8018  26.865025  102.949479    12.902     1304.7   -10954.5     6192.9     12.5     14.1     10.4 2023  3  8 11 18  4.450  3.6     0     0     4     2 -9.000  0.010   1
     8024  26.851851  102.975513    12.613     3890.7   -12414.1     5903.7     15.1     16.3     15.1 2023  3  8 12 16  0.100  3.8     0     0    15    14 -9.000  0.039   1
     8028  26.849127  102.912028     6.834    -2415.6   -12715.9      124.9     33.1     25.4     35.3 2023  3  8 13 18 43.510  4.7     0     0     3     1 -9.000  0.061   1
     8032  26.863171  102.974251     8.127     3765.7   -11159.9     1417.4     22.9     22.5     31.5 2023  3  8 14 11 31.160  3.8     0     0     4     3 -9.000  0.039   1
     8034  26.867063  102.943001    12.435      661.3   -10728.7     5725.9     17.2     16.8     13.1 2023  3  8 14 20 24.250  3.6     0     0    12     4 -9.000  0.035   1
     8036  26.858256  102.932926    14.728     -339.1   -11704.4     8018.6     12.4      8.1     11.7 2023  3  8 14 27 34.350  3.7     0     0     2     1 -9.000  0.007   1
     8040  26.856342  102.920028    11.565    -1620.5   -11916.7     4855.1     20.7     17.1     15.4 2023  3  8 15 16  6.700  3.0     0     0    15     8 -9.000  0.042   1
     8041  26.858073  102.927889    11.062     -840.0   -11724.9     4352.6     22.2     21.0     17.1 2023  3  8 15 29 18.960  3.2     0     0     4     2 -9.000  0.047   1
     8045  26.867668  102.986230    12.269     4955.2   -10661.7     5559.6     29.3     18.8     28.1 2023  3  8 16 15 45.510  3.5     0     0     2     2 -9.000  0.061   1
     8048  27.126103  102.836279     6.617    -9928.4    17973.8      -92.3     38.4     29.8     39.6 2023  3  8 16 47  0.040  4.6     0     0     4     0 -9.000  0.052   1
     8052  26.854470  102.929858     6.791     -644.1   -12124.1       81.7     15.3     12.2     14.6 2023  3  8 17 18 39.640  3.5     0     0    12     6 -9.000  0.045   1
     8055  26.853906  102.941659    13.371      528.2   -12186.4     6661.9     25.8     16.0     19.5 2023  3  8 17 31 51.800  3.5     0     0     4     2 -9.000  0.026   1
     8060  26.797795  102.951237     2.556     1479.5   -18403.7    -4152.0      2.0      2.5      3.8 2023  3  8 18  3 16.080  3.2     0     0    15    12 -9.000  0.004   1
     8069  26.853933  102.934814    12.856     -151.9   -12183.6     6146.8     20.4     17.3     16.3 2023  3  8 18 45 27.540  3.1     0     0    15     9 -9.000  0.033   1
     8076  26.851774  102.910465     6.379    -2570.9   -12422.6     -330.9     31.1     20.6     23.2 2023  3  8 19 33  4.980  3.3     0     0     6     3 -9.000  0.026   1
     8077  26.870253  102.896444    16.220    -3962.9   -10375.2     9510.4      6.2      3.9      7.0 2023  3  8 19 41 40.680  4.8     0     0     1     3 -9.000  0.004   1
     8083  26.853306  102.913330     8.053    -2286.5   -12253.0     1343.1     22.1     15.8     18.9 2023  3  8 20 22 49.920  3.6     0     0    10     4 -9.000  0.057   1
     8086  26.864927  102.876139     4.920    -5980.6   -10965.2    -1789.3     37.7     28.9     41.3 2023  3  8 20 54 12.340  2.7     0     0     1     3 -9.000  0.048   1
     8088  26.843937  102.935954     6.713      -38.9   -13291.1        3.4     25.8     19.1     34.6 2023  3  8 21  9 16.720  3.6     0     0    11     8 -9.000  0.042   1
     8091  26.852970  102.945711     7.999      930.1   -12290.1     1289.2     14.9     13.6     17.9 2023  3  8 22  6  3.880  3.2     0     0    17     9 -9.000  0.053   1
     8092  26.859316  102.917977    12.013    -1824.5   -11587.0     5303.8     23.8     18.5     19.2 2023  3  8 22 12 10.060  4.3     0     0    13     7 -9.000  0.046   1
     8095  26.862528  102.961906     8.126     2539.1   -11231.1     1416.2     36.4     29.1     35.3 2023  3  8 22 33 59.480  2.8     0     0     1     2 -9.000  0.020   1
     8096  26.852590  102.975610    13.077     3900.5   -12332.2     6368.0     19.1     15.2     16.0 2023  3  8 22 37 22.840  5.7     0     0     8     8 -9.000  0.036   1
     8099  26.846771  102.938957    10.344      259.5   -12977.1     3634.5     37.5     23.9     29.9 2023  3  8 22 53 20.280  4.7     0     0     8     0 -9.000  0.029   1
     8101  26.875527  102.919084    12.012    -1714.6    -9790.9     5303.0     32.7     24.8     26.5 2023  3  8 23  6  0.800  3.6     0     0     8     6 -9.000  0.049   1
     8103  26.849888  102.966097     8.694     2955.8   -12631.8     1984.1     27.1     12.0     33.4 2023  3  8 23 12 30.580  4.0     0     0     4     5 -9.000  0.044   1
     8105  26.853261  102.927913     8.659     -837.6   -12257.9     1949.1     14.9     15.8     19.0 2023  3  8 23 18 10.400  4.0     0     0    21    10 -9.000  0.054   1
     8107  26.860181  102.996029    13.123     5928.8   -11491.2     6413.7     18.7     17.9     16.3 2023  3  8 23 45 23.120  3.7     0     0     3     4 -9.000  0.055   1
     8108  26.842800  102.923470     8.953    -1278.6   -13417.1     2243.6     15.6     11.2     13.9 2023  3  8 23 46 48.460  3.9     0     0     7     3 -9.000  0.047   1
     8110  26.844641  102.986466     8.645     4978.7   -13213.0     1935.8     17.5     13.4     28.1 2023  3  9  0 11 32.840  3.8     0     0    20    11 -9.000  0.038   1
     8111  26.846375  102.937166     9.277       81.6   -13021.0     2567.9     19.7     16.4     19.6 2023  3  9  0 20 14.370  4.3     0     0     9     5 -9.000  0.039   1
     8112  26.861812  102.972941    17.635     3634.8   -11310.5    10925.3     15.9     12.0     13.0 2023  3  9  0 23 49.560  4.3     0     0     1     2 -9.000  0.023   1
     8127  26.863464  102.979679    12.745     4304.2   -11127.4     6035.2     36.1     29.6     28.3 2023  3  9  5 38 49.280  3.6     0     0     6     4 -9.000  0.060   1
     8131  26.885101  102.878776    10.725    -5718.1    -8729.9     4015.2      1.7      1.4      1.3 2023  3  9  6 15  1.920  4.2     0     0     1     1 -9.000  0.000   1
     8132  26.867489  102.952791     7.543     1633.3   -10681.6      833.5     20.1     15.2     19.5 2023  3  9  6 15 57.580  3.8     0     0    10     5 -9.000  0.033   1
     8135  26.859902  102.966699     9.021     3014.8   -11522.0     2311.1     15.2     12.0     19.3 2023  3  9  6 32  3.490  4.6     0     0    12     8 -9.000  0.046   1
     8136  26.836448  102.962996     8.559     2648.0   -14120.8     1849.6     39.1     20.4     24.3 2023  3  9  6 38 46.780  4.4     0     0     3     1 -9.000  0.024   1
     8137  26.858830  102.957992     9.424     2150.0   -11640.8     2714.9     24.9     24.6     18.0 2023  3  9  6 45 48.780  4.3     0     0    37    24 -9.000  0.042   1
     8140  26.849858  102.949756     3.818     1332.2   -12635.0    -2891.4     21.3     20.5     38.0 2023  3  9  7  8 25.370  3.4     0     0     4     4 -9.000  0.050   1
     8144  26.860238  102.941382    10.638      500.3   -11485.0     3928.5     19.6     12.4     22.4 2023  3  9  7 34 41.280  4.7     0     0     2     2 -9.000  0.031   1
     8145  26.865938  102.950602    10.198     1416.3   -10853.3     3488.5     22.0     17.9     21.0 2023  3  9  7 45 48.840  3.7     0     0    34    19 -9.000  0.048   1
     8146  26.861326  102.971395     9.461     3481.7   -11364.3     2751.6     22.9     28.8     27.8 2023  3  9  7 50 26.150  4.2     0     0    12     6 -9.000  0.047   1
     8147  26.845520  102.976497    11.100     3988.4   -13115.8     4390.5     27.8     18.5     32.5 2023  3  9  8  5  8.460  5.2     0     0     6     5 -9.000  0.043   1
     8150  26.855882  102.937793     9.039      144.0   -11967.5     2329.7     36.0     23.4     21.2 2023  3  9  8 35  7.290  3.8     0     0    12     3 -9.000  0.036   1
     8151  26.857463  102.930273     5.325     -602.9   -11792.5    -1384.1     32.2     25.1     49.9 2023  3  9  8 52 12.380  3.5     0     0     4     1 -9.000  0.028   1
     8154  26.859599  102.974552     9.812     3794.9   -11555.7     3102.6     26.0     26.7     24.5 2023  3  9  9  0 32.320  4.4     0     0    15     8 -9.000  0.047   1
     8155  26.853453  102.970532     6.786     3395.7   -12236.7       76.6     29.0     25.6     30.7 2023  3  9  9  4 20.880  3.9     0     0     9     9 -9.000  0.039   1
     8156  26.854502  102.944352     6.923      795.3   -12120.4      213.4     17.9     12.8     25.2 2023  3  9  9 17 11.790  4.6     0     0    13    10 -9.000  0.047   1
     8164  27.117413  102.848535     7.661    -8712.2    17010.9      951.5     18.9     14.5     30.9 2023  3  9 10 41  7.180  4.8     0     0     8     3 -9.000  0.035   1
     8165  26.861532  102.924919    10.796    -1135.2   -11341.5     4087.1     24.0     21.6     20.9 2023  3  9 10 47 38.330  4.0     0     0     4     1 -9.000  0.032   1
     8167  26.855516  102.929321     4.612     -697.3   -12008.1    -2097.6     30.7     29.9     58.0 2023  3  9 10 55  9.970  3.2     0     0     1     1 -9.000  0.014   1
     8168  26.867961  102.960319    10.692     2381.0   -10629.3     3982.8     27.0     21.1     23.2 2023  3  9 11 29 19.350  3.7     0     0     8     3 -9.000  0.058   1
     8182  26.854460  102.948128     6.483     1170.6   -12125.1     -226.6     18.3     12.9     25.0 2023  3  9 12 37 22.580  3.5     0     0     7     8 -9.000  0.039   1
     8184  26.864541  102.922754     7.877    -1350.2   -11008.1     1167.2      7.6      4.0     10.2 2023  3  9 12 47 42.030  3.1     0     0     1     2 -9.000  0.004   1
     8189  26.863047  102.931340    12.706     -497.2   -11173.7     5996.2     26.1     19.2     19.5 2023  3  9 14  4  0.120  3.2     0     0    12     5 -9.000  0.032   1
     8191  26.843937  102.984627     9.892     4796.1   -13291.0     3182.9     13.5     17.2     20.6 2023  3  9 14 21 16.440  3.5     0     0    15     8 -9.000  0.049   1
     8206  26.853961  102.873576     8.037    -6235.2   -12180.4     1327.9      2.1      3.0      8.4 2023  3  9 19  9 13.960  4.6     0     0     1     3 -9.000  0.001   1
     8210  26.856862  102.980086    14.903     4345.1   -11859.0     8193.4     36.6     25.1     28.6 2023  3  9 20  3 57.760  3.3     0     0     4     3 -9.000  0.039   1
     8211  26.851013  102.941187     9.929      480.7   -12507.0     3219.9     16.0     16.0     18.2 2023  3  9 20 12 33.100  3.2     0     0    41    23 -9.000  0.043   1
     8214  26.858046  102.937118    12.236       76.6   -11727.8     5526.2     22.6     15.4     15.9 2023  3  9 20 28 34.160  4.3     0     0    20    12 -9.000  0.031   1
     8217  26.852486  102.943058    10.398      667.1   -12343.7     3688.3     15.5     15.6     14.9 2023  3  9 20 49  9.860  3.8     0     0    28    10 -9.000  0.040   1
     8220  26.852094  102.943587    11.144      719.1   -12387.4     4434.7     16.4     13.7     15.5 2023  3  9 20 59 26.880  3.6     0     0     7     6 -9.000  0.040   1
     8222  26.865739  102.964608    11.776     2807.5   -10875.4     5066.7     16.6     17.9     15.2 2023  3  9 21  6 49.400  5.5     0     0    21     8 -9.000  0.047   1
     8225  26.890057  102.858521     5.005    -7729.1    -8180.7    -1704.3     24.1     18.0     27.7 2023  3  9 21 21 14.320  2.9     0     0     2     3 -9.000  0.058   1
     8226  26.845858  102.945532    10.896      912.7   -13078.2     4186.4     19.9     17.7     18.3 2023  3  9 21 23 54.960  3.3     0     0     4     2 -9.000  0.007   1
     8229  26.856641  102.942269     9.657      588.2   -11883.4     2947.1     24.9     17.3     21.5 2023  3  9 21 36  5.600  4.2     0     0     4     3 -9.000  0.046   1
     8230  26.861434  102.939689    14.904      332.6   -11352.5     8194.3     11.3      8.2     11.8 2023  3  9 21 40 47.780  3.3     0     0     2     1 -9.000  0.007   1
     8232  26.846720  102.974927     9.896     3832.9   -12982.8     3186.8     17.2     10.7     18.8 2023  3  9 21 46 60.000  3.1     0     0    24     6 -9.000  0.034   1
     8238  26.867255  102.912573     8.266    -2361.3   -10707.3     1556.8      7.9      4.1      9.6 2023  3  9 22 21 41.640  3.2     0     0     1     2 -9.000  0.004   1
     8242  26.850419  102.967855     8.810     3129.8   -12572.9     2101.0     22.1     15.8     23.9 2023  3  9 22 48 34.080  4.1     0     0    18     6 -9.000  0.032   1
     8249  26.862097  102.934269    11.607     -206.1   -11278.9     4897.4     28.9     21.1     18.1 2023  3 10  0 20 44.950  5.9     0     0    15     5 -9.000  0.039   1
     8252  26.850362  102.943424     9.323      703.6   -12579.1     2613.7     20.8     17.5     30.8 2023  3 10  0 50 10.710  4.5     0     0     9     5 -9.000  0.044   1
     8253  26.870996  102.952783     8.453     1633.1   -10292.8     1743.4     19.7     20.0     19.5 2023  3 10  1  0 57.730  3.6     0     0     8    11 -9.000  0.053   1
     8255  26.855353  102.970280    14.402     3371.3   -12026.2     7692.2     27.0     19.3     26.4 2023  3 10  1 32 16.860  4.9     0     0    12     6 -9.000  0.048   1
     8257  26.850987  102.933358     9.611     -296.5   -12509.9     2901.9     18.8     21.3     29.3 2023  3 10  1 49 34.370  3.2     0     0     6     6 -9.000  0.052   1
     8259  26.863641  102.956567    10.813     2009.0   -11107.8     4103.2     18.7     17.4     13.8 2023  3 10  1 58 31.470  3.0     0     0    30    18 -9.000  0.033   1
     8262  26.864421  102.900342     7.735    -3576.4   -11021.5     1025.3     23.4     16.6     20.9 2023  3 10  2 51 15.510  3.8     0     0     9     5 -9.000  0.047   1
     8266  26.847192  102.960799     8.710     2429.3   -12930.5     2001.0     22.2     24.6     28.4 2023  3 10  3 17 29.250  3.3     0     0     8     8 -9.000  0.043   1
     8269  26.861367  102.926400    10.222     -988.1   -11359.8     3513.0     16.1     21.6     14.2 2023  3 10  3 35  0.230  3.7     0     0     6     3 -9.000  0.051   1
     8270  26.843520  102.924740     7.612    -1152.9   -13337.3      902.6     16.3     12.1     18.7 2023  3 10  3 57 59.930  3.8     0     0     3     1 -9.000  0.019   1
     8273  26.858761  102.962915     6.191     2639.7   -11648.5     -518.3     25.5     17.0     30.5 2023  3 10  5 16 46.140  3.4     0     0     8     6 -9.000  0.039   1
     8274  26.870664  102.936670     9.365       32.0   -10329.7     2655.6     24.5     17.2     19.1 2023  3 10  5 39 33.910  3.2     0     0    14     2 -9.000  0.027   1
     8278  26.868331  102.944808    10.252      840.7   -10588.1     3542.9     16.5     14.2     14.3 2023  3 10  6 35 52.530  3.7     0     0    43    26 -9.000  0.033   1
     8283  26.857056  102.933529     9.965     -279.7   -11837.4     3255.5     24.2     19.2     14.4 2023  3 10  7 38 58.260  3.4     0     0    27    13 -9.000  0.040   1
     8292  26.874148  102.885254     7.383    -5075.0    -9943.6      673.9     14.6     10.4     17.2 2023  3 10 10 18  1.900  3.2     0     0     2     2 -9.000  0.010   1
     8295  26.846008  102.985205     8.425     4853.6   -13061.7     1715.4     18.7     14.1     26.4 2023  3 10 11 21 23.380  3.7     0     0    17     7 -9.000  0.046   1
     8296  26.853636  102.951237    12.460     1479.4   -12216.5     5750.9     22.6     21.2     14.9 2023  3 10 12 19 19.310  3.8     0     0     9     3 -9.000  0.029   1
     8299  26.838519  102.957308    11.855     2082.5   -13891.3     5145.6     19.2     21.9     26.9 2023  3 10 13 19 21.930  4.4     0     0    19    10 -9.000  0.051   1
     8303  26.900313  102.896183    12.884    -3988.6    -7044.5     6174.5      4.2      2.8      2.0 2023  3 10 14 11 46.060  3.1     0     0     2     1 -9.000  0.000   1
     8306  26.863279  102.938525     9.496      216.8   -11148.0     2786.8     20.5     19.2     15.5 2023  3 10 14 54 39.550  3.0     0     0     7     3 -9.000  0.056   1
     8311  26.846897  102.915356    13.065    -2084.7   -12963.1     6355.7     25.0     22.1     26.8 2023  3 10 16 13 27.700  4.2     0     0     3     2 -9.000  0.009   1
     8318  27.033480  102.886678     8.956    -4929.4     7710.7     2246.6     68.0     24.6     31.0 2023  3 10 18  8  4.120  5.1     0     0     5     4 -9.000  0.046   1
     8322  26.854401  102.863387     7.642    -7247.6   -12131.6      933.1      1.7      3.1      9.2 2023  3 10 18 44 12.160  3.2     0     0     1     3 -9.000  0.001   1
     8326  27.038082  102.893245     4.315    -4277.9     8220.8    -2394.0     34.6     17.8     23.6 2023  3 10 18 54 26.660  4.2     0     0     3     2 -9.000  0.054   1
     8327  27.038871  102.903817     6.994    -3228.8     8308.3      284.4     31.5     22.2     24.2 2023  3 10 18 57 22.520  4.0     0     0     5     6 -9.000  0.027   1
     8328  27.019430  102.890454     8.204    -4554.9     6154.0     1494.5     29.7     15.5     18.0 2023  3 10 19  2 23.420  3.6     0     0     9     4 -9.000  0.039   1
     8329  27.029830  102.894222     6.913    -4180.7     7306.4      203.8     19.3     11.5     11.9 2023  3 10 19  5 56.400  3.5     0     0    12     6 -9.000  0.028   1
     8330  27.039860  102.902026     4.750    -3406.5     8417.7    -1959.6     32.5     18.0     23.3 2023  3 10 19  8  6.500  3.5     0     0     3     2 -9.000  0.054   1
     8334  26.869743  102.922323     9.286    -1392.4   -10431.7     2576.7     23.0     14.3     13.1 2023  3 10 19 42 53.960  3.4     0     0    12     6 -9.000  0.025   1
     8337  27.027401  102.898633     6.791    -3743.3     7037.1       81.9     26.1     16.2     11.7 2023  3 10 19 55 36.400  3.6     0     0    10     5 -9.000  0.028   1
     8340  26.855607  102.964876     5.291     2834.1   -11998.1    -1418.4     40.0     31.1     53.1 2023  3 10 20 14 21.600  3.7     0     0     2     3 -9.000  0.044   1
     8341  27.044979  102.907609     8.000    -2852.3     8984.9     1290.4     37.7     29.6     28.0 2023  3 10 20 18 50.880  3.5     0     0     1     1 -9.000  0.016   1
     8342  27.026239  102.897835     7.526    -3822.1     6908.4      816.9     21.0     13.6      8.9 2023  3 10 20 25 38.040  4.2     0     0    14     2 -9.000  0.024   1
     8348  26.858236  102.946110     8.199      969.9   -11706.8     1489.7     24.4     17.5     30.8 2023  3 10 21  1 10.820  3.8     0     0    10     6 -9.000  0.048   1
     8351  26.848706  102.966300     4.729     2975.4   -12762.6    -1980.0     14.6     14.6     27.0 2023  3 10 21 25  8.780  3.5     0     0     6     5 -9.000  0.051   1
     8352  26.850871  102.922917     7.112    -1334.3   -12522.7      402.3     15.8     14.8     25.9 2023  3 10 21 37 59.640  3.4     0     0    10     5 -9.000  0.057   1
     8359  26.855497  102.949382     7.968     1294.9   -12010.1     1258.1     19.4     18.7     21.4 2023  3 10 22 15  6.000  3.3     0     0    23    11 -9.000  0.046   1
     8360  27.117617  102.853377     9.869    -8231.6    17033.5     3159.9     30.5     21.7     21.9 2023  3 10 22 20 47.780  3.8     0     0     1     2 -9.000  0.001   1
     8361  26.865045  102.941016    10.972      463.8   -10952.3     4263.0     25.3     19.6     19.7 2023  3 10 22 47  7.000  2.6     0     0    30    14 -9.000  0.033   1
     8367  27.092668  102.872233     7.704    -6361.9    14268.9      994.2      3.3      2.0      3.3 2023  3 10 23  3 54.240  3.1     0     0     1     2 -9.000  0.000   1
     8368  26.863479  102.937630     5.945      127.4   -11125.9     -764.9     26.4     18.6     39.2 2023  3 10 23 16  7.960  3.8     0     0    11    10 -9.000  0.038   1
     8369  26.866593  102.956934     7.931     2044.7   -10780.7     1221.7     28.3     22.4     28.5 2023  3 10 23 23 55.520  3.7     0     0     6     5 -9.000  0.058   1
     8387  26.858488  102.976457     8.408     3984.2   -11678.9     1698.4     21.2     16.5     31.4 2023  3 11 12 29 14.010  3.8     0     0     3     1 -9.000  0.038   1
     8389  26.853524  102.940348    10.698      397.6   -12228.9     3989.0     19.5     10.5     23.0 2023  3 11 13  1 44.590  3.6     0     0     4     5 -9.000  0.044   1
     8396  27.097180  102.833171     5.855   -10237.8    14769.1     -854.8     24.1     14.7     25.9 2023  3 11 14 41 36.280  3.2     0     0     2     2 -9.000  0.025   1
     8415  26.875494  102.861589     4.726    -7425.2    -9794.3    -1983.5     24.6     17.1     29.4 2023  3 11 21  1 59.360  3.0     0     0     3     6 -9.000  0.054   1
     8425  27.166172  103.117220     6.280    17942.5    22413.5     -429.5     40.7     41.5     80.1 2023  3 11 23 30 29.900  5.2     0     0     3     1 -9.000  0.018   1
     8433  26.836582  102.925846    12.197    -1042.9   -14106.1     5487.4     19.3     13.7     15.2 2023  3 12  1 19  0.180  4.4     0     0     6     4 -9.000  0.037   1
     8448  26.985506  102.895614     5.806    -4043.4     2395.1     -903.7     19.5     25.3     15.8 2023  3 12  7 30 14.880  4.3     0     0     2     0 -9.000  0.002   1
     8451  26.846743  102.948193     8.803     1177.1   -12980.3     2093.8     24.0     19.4     26.0 2023  3 12  8 12 14.030  3.9     0     0    19     6 -9.000  0.045   1
     8456  26.962974  102.915820     4.172    -2038.1     -101.4    -2537.4     26.1     28.8     16.4 2023  3 12  9 34 52.820  3.1     0     0     6     1 -9.000  0.006   1
     8477  26.870288  102.888013    11.080    -4800.8   -10371.4     4371.0      1.7      1.3      1.3 2023  3 12 15 10  5.500  3.7     0     0     1     1 -9.000  0.000   1
     8482  26.865523  102.922021     7.108    -1423.0   -10899.2      398.5     25.7     21.9     25.5 2023  3 12 16  1 19.490  2.8     0     0    15     6 -9.000  0.048   1
     8484  26.841705  102.923210     8.461    -1305.2   -13538.3     1751.4     36.4     28.4     32.2 2023  3 12 16 51 30.830  2.8     0     0     7     1 -9.000  0.036   1
     8490  26.865017  102.924276    11.853    -1198.8   -10955.4     5144.0     13.3     13.8     12.9 2023  3 12 19  9 25.300  3.5     0     0    15     7 -9.000  0.037   1
     8503  26.886552  102.908675    12.779    -2747.8    -8569.3     6069.1     35.6     27.8     18.5 2023  3 12 21 27  7.280  3.4     0     0     2     2 -9.000  0.024   1
      291  26.693107  103.107650     0.487     1346.3     -223.4     -511.9    499.6    480.2    739.2 2022  9  3 13 29 19.250  2.7     0     0     2    10 -9.000  0.503   2
     1066  26.685229  103.124748     0.935     3047.9    -1096.2      -64.5    421.4    515.1    514.3 2022  9 28 20 50 44.040  1.5     0     0     4     9 -9.000  0.328   2
     1654  26.694729  103.117676     0.141     2343.7      -43.8     -858.2    608.0    466.0    683.6 2022 10 17  6 27 44.510  2.6     0     0     4    11 -9.000  0.382   2
     5779  26.698625  103.103076     0.703      890.6      388.1     -295.7    701.5    680.8    909.9 2023  2  4 20 33 16.460  0.1     0     0     5     7 -9.000  0.591   2
     6242  26.687496  103.109416     0.869     1521.9     -845.1     -130.2    594.8    354.5    667.1 2023  2 10  0 26 35.850  1.4     0     0     3    11 -9.000  0.410   2
     1288  26.897268  103.162061     0.505     3562.8     -895.6    -2156.5     46.7     41.2     60.0 2022 10  5  6 51 23.950  3.2     0     0     1     2 -9.000  0.181   3
     1598  26.934572  103.109473     0.960    -1661.1     3237.7    -1701.4     27.6     21.0     32.2 2022 10 15  6 43 42.760  3.7     0     0     0     1 -9.000  0.040   3
     3950  26.913430  103.126042     0.849      -15.3      895.2    -1812.7     64.6     70.0    135.6 2023  1 15 23 45 28.440  3.8     0     0     1     3 -9.000  0.471   3
     4128  26.924434  103.114705     1.718    -1141.1     2114.5     -943.0     26.9     21.2    105.2 2023  1 17 18 26 33.680  3.0     0     0     1     4 -9.000  0.421   3
     4837  26.910850  103.169808     0.221     4332.3      609.3    -2440.7     45.6     39.5     59.1 2023  1 25 18 32 16.920  1.9     0     0     1     2 -9.000  0.181   3
       17  26.970433  102.936466     1.679    -1236.6    -1552.2      679.5    240.8    200.6    284.5 2022  8 24 19 43 12.880  2.0     0     0     5     4 -9.000  0.104   4
      247  26.998716  102.951221     1.530      228.0     1581.9      531.4    297.4    231.8    363.2 2022  9  2  8 36  2.680  3.1     0     0     5     7 -9.000  0.145   4
      704  26.971997  102.957902     2.850      891.1    -1378.7     1850.5    204.2    196.1    277.5 2022  9 16 11 33 13.480  2.3     0     0     1     2 -9.000  0.140   4
     1372  27.007597  102.964966     0.501     1592.4     2565.9     -497.7    199.8    133.0    229.9 2022 10  7 19 56 32.560  1.3     0     0     3     4 -9.000  0.048   4
     1517  26.973179  102.944531     0.462     -435.9    -1247.7     -536.6    193.0    247.3    296.7 2022 10 12 18 46 32.960  0.5     0     0     5     4 -9.000  0.117   4
     1675  26.994891  102.939168     0.777     -968.9     1157.9     -221.6    185.8    146.8    209.6 2022 10 17 19 43 12.380  1.3     0     0     7     6 -9.000  0.106   4
     1966  26.992027  102.932316     0.023    -1649.0      840.7     -976.1    159.2    133.3    190.3 2022 10 27 20 13 12.260  1.2     0     0     5     4 -9.000  0.077   4
     2088  26.998299  102.944564     0.414     -433.0     1535.7     -584.8    205.8    146.6    230.9 2022 10 31 15 53 12.360  2.0     0     0     8     6 -9.000  0.112   4
     3929  27.006234  102.966650     1.768     1759.1     2414.7      769.4    204.3    136.3    253.5 2023  1 15 19 56 32.620  2.2     0     0     4     5 -9.000  0.075   4
     5595  26.974559  102.948315     1.132      -60.3    -1094.9      133.1    186.4    202.8    545.1 2023  2  2 17 56 33.080  1.6     0     0     5     6 -9.000  0.106   4
     2536  26.840320  102.881616     0.365       25.8      106.6     -633.6    499.3    678.0    810.5 2023  1  1  9 39 55.850  2.4     0     0     1     5 -9.000  0.212   5
     5142  26.831047  102.876156     0.204     -516.8     -920.8     -795.2    658.7    930.0   1280.4 2023  1 28 20 26 15.240  1.1     0     0     0     4 -9.000  0.358   5
     6314  26.846606  102.878735     0.915     -260.5      803.1      -83.5    583.4    733.3    892.8 2023  2 10 18 29 55.960  0.2     0     0     1     5 -9.000  0.308   5
      340  27.067550  102.848047     0.950      507.0    -1515.6      -49.1      4.4      3.5      3.0 2022  9  4 23  3 16.560  1.8     0     0    10     8 -9.000  0.052   6
      487  27.083199  102.854297  4041.320     1127.1      218.5  4040320.8      8.1      8.4  11256.5 2022  9  9  8 36 36.300  1.5     0     0     9     8 -9.000  0.062   6
      652  27.067645  102.847762     0.984      479.0    -1505.0      -15.5      4.5      4.7      7.2 2022  9 14 19 53 16.560  1.3     0     0    10     8 -9.000  0.053   6
     1503  27.067570  102.847925     0.915      494.5    -1513.4      -83.9      1.6      4.3      8.0 2022 10 12  9 23 16.560  1.4     0     0    10     8 -9.000  0.052   6
     4262  27.083254  102.855135     0.713     1210.0      224.6     -286.3      8.1      8.3     10.4 2023  1 19  1 43 16.260  2.3     0     0     9     8 -9.000  0.071   6
     1603  26.879148  103.008455     0.363     -914.4       71.7     -636.3     89.0    101.3    111.5 2022 10 15 12 16 36.240  0.9     0     0     1     2 -9.000  0.115   7
     6077  26.868044  103.011621     0.972     -599.8    -1158.7      -27.5     88.6    106.6    111.5 2023  2  8  2  6 36.540  0.3     0     0     1     2 -9.000  0.115   7
     1638  26.865889  103.034131     0.965      679.4      519.6      -34.4      0.2      0.4      0.4 2022 10 16 16 33 16.820  1.1     0     0     2     3 -9.000  0.001   8
     1896  26.865934  103.034139     0.968      679.8      524.7      -31.1      0.2      0.4      0.4 2022 10 24 14  6 36.820  1.5     0     0     2     3 -9.000  0.001   8
     5001  26.931333  102.650187     0.800      327.9    -1428.2     -812.4     87.9    103.7    120.7 2023  1 27  8 51 44.840  3.6     0     0     2     2 -9.000  0.250   9
     8054  26.941748  102.638908     1.177     -792.0     -274.1     -435.2     88.3    106.3    167.9 2023  3  8 17 25 24.640  3.1     0     0     2     2 -9.000  0.250   9
      427  26.986184  102.831877     0.952      759.6      -41.4      -47.1      2.8      3.9      5.3 2022  9  7 10 43 16.910  1.7     0     0     5     6 -9.000  0.010  10
     2209  26.986424  102.831706     0.923      742.6      -14.7      -76.4      3.5      4.9      5.2 2022 11  6 21  3 16.920  1.1     0     0     5     6 -9.000  0.009  10
     2730  26.977466  102.816187     0.942     -798.2    -1007.3      -57.0      9.0     11.6     13.7 2023  1  3 13 29 56.810  0.9     0     0     3     0 -9.000  0.018  10
     6613  26.986218  102.831852     0.933      756.7      -37.4      -66.0      3.1      4.2      4.6 2023  2 14  7 19 56.920  1.4     0     0     5     6 -9.000  0.008  10
     2336  26.851103  102.682235     0.166     4274.6     6132.8     -655.3    191.7    331.8    263.6 2022 11 21 17 37 21.480  3.6     0     0     1     1 -9.000  0.672  11
     4317  26.858348  102.668693     0.177     2928.2     6935.7     -645.8    192.0    327.1    263.6 2023  1 19 17  4 30.000  3.3     0     0     1     1 -9.000  0.672  11
     2277  26.856104  102.967537     0.729    -1337.5     -611.8     -270.3     38.6     39.5     53.5 2022 11 11  4 59 56.800  1.6     0     0     4     2 -9.000  0.063  12
     4108  26.866803  102.977401     0.964     -357.6      573.8      -35.5      9.8      9.5     15.5 2023  1 17 14 23 17.030  1.4     0     0     5     3 -9.000  0.039  12
     6494  26.866905  102.977271     0.995     -370.5      584.9       -4.4     10.3     10.3     15.8 2023  2 12 19 33 17.040  1.2     0     0     5     3 -9.000  0.039  12
     3101  26.726190  102.976034     1.442    -1224.4      445.7      443.0    417.8    249.7    335.0 2023  1  7  0 57  1.850  2.6     0     0     1     3 -9.000  0.432  13
     4251  26.731517  102.997982     1.209      959.8     1035.9      209.8    239.4    146.0    266.6 2023  1 18 23 25 24.120  2.7     0     0     3     7 -9.000  0.239  13
     6332  26.723088  103.007039     0.578     1860.9      102.0     -421.4    358.6    140.7    378.6 2023  2 10 22  2 20.480  3.5     0     0     4     5 -9.000  0.299  13
     6789  26.737677  102.990446     0.831      209.4     1718.4     -167.6    240.9    156.0    184.6 2023  2 17  2 47 27.220  2.8     0     0     1     5 -9.000  0.300  13
     7212  26.721348  102.993319     1.273      495.5      -90.9      274.0    238.8    147.2    258.2 2023  2 23 22 39 27.600  2.8     0     0     5    10 -9.000  0.329  13
       33  26.570176  103.044417     1.192     -240.9    -2251.7      192.7    418.6    283.4    330.8 2022  8 25 16 10 33.300  2.2     0     0     3     4 -9.000  0.255  14
      305  26.621375  103.049837     0.866      299.0     3421.0     -132.6    490.2    225.2    620.4 2022  9  3 22  2  0.900  2.8     0     0     3     2 -9.000  0.241  14
     1714  26.563481  103.051847     0.757      499.4    -2993.6     -242.4    499.1    287.2    289.2 2022 10 19  3  3 49.180  2.3     0     0     1     2 -9.000  0.247  14
     2683  26.612154  103.040324     1.283     -648.5     2399.4      283.6    323.5    219.5    836.1 2023  1  3  0 39 29.540  3.1     0     0     3     2 -9.000  0.241  14
     2881  26.594643  103.041260     1.342     -555.1      459.2      343.0   1017.2    519.7   1335.4 2023  1  5  0 25 58.430  3.3     0     0     3     1 -9.000  0.197  14
     6519  26.582495  103.051058     0.851      420.4     -886.8     -148.4    874.8    489.9    692.6 2023  2 13  2 48 50.630  3.2     0     0     5     3 -9.000  0.231  14
     1991  26.772111  103.149072     1.227     -638.7     -117.3      227.7     67.8     27.2    105.4 2022 10 28 16  1 21.310  2.8     0     0     2     3 -9.000  0.066  16
     6232  26.780965  103.162866     0.880      733.5      863.9     -119.1     49.3     36.2     52.8 2023  2  9 22 25 42.360  2.0     0     0     2     3 -9.000  0.052  16
     6431  26.780721  103.155436     0.884       -6.1      836.9     -115.5     42.4     34.6     46.4 2023  2 12  1 48 36.420  3.4     0     0     2     2 -9.000  0.052  16
      636  26.973499  102.906714     1.132     -485.4     1229.9      133.4    132.7    231.8     80.9 2022  9 14  7 11 21.890  2.8     0     0     4     5 -9.000  0.132  20
     2147  26.959536  102.903426     0.912     -812.2     -317.2      -86.9    152.4    231.6    334.4 2022 11  3 23 31 11.400  3.4     0     0     3     6 -9.000  0.201  20
     2219  26.950771  102.900789     0.081    -1073.8    -1288.3     -918.3    262.1    307.7    413.8 2022 11  7  8 36 39.440  1.3     0     0     0     2 -9.000  0.172  20
     2403  26.964256  102.912614     1.195      100.0      205.8      196.1    152.8    218.6    165.6 2022 11 30 21 45 22.320  2.7     0     0     3     5 -9.000  0.171  20
     1162  26.840379  103.136849     1.013     1058.6     1704.0       14.2    268.9    227.7    364.6 2022 10  1  4 32  9.710  2.8     0     0     3     3 -9.000  0.352  21
     2205  26.833553  103.141382     0.958     1509.7      947.6      -41.0    221.7    205.5    250.4 2022 11  6 13 48 25.520  3.3     0     0     3     3 -9.000  0.313  21
     2686  26.833411  103.138517     1.395     1225.1      931.9      395.7    175.3    207.5    280.2 2023  1  3  0 50 29.900  3.0     0     0     0     2 -9.000  0.278  21
     2140  27.169312  102.907943     0.976       -5.9     -120.5      -22.9    335.2    383.4    544.2 2022 11  3 12 12 28.750  3.0     0     0     1     2 -9.000  0.327  22
     8250  27.171533  102.910645     0.900      262.5      125.6      -98.9    335.3    383.2    544.2 2023  3 10  0 34 54.290  3.3     0     0     1     2 -9.000  0.327  22
       96  27.247052  103.033927     0.943     3122.4     -393.1      -55.7    161.2    449.2    272.1 2022  8 27 21  7 17.300  2.4     0     0     1     2 -9.000  0.116  23
     1271  27.245846  103.001733     0.926      -66.4     -526.9      -73.3    252.5    307.2    136.0 2022 10  4 16 15 53.440  1.5     0     0     4     5 -9.000  0.367  23
     4725  27.260073  102.998714     1.092     -364.8     1049.6       93.1    251.1    284.1    336.2 2023  1 24 11  0 35.400  1.8     0     0     2     2 -9.000  0.300  23
     5470  27.249589  103.015397     1.025     1287.4     -112.1       26.4    166.0    351.2    195.7 2023  2  1  8 15 13.530  2.2     0     0     3     5 -9.000  0.334  23
     6418  26.688814  103.163843     1.200     2423.3      838.1    -1116.2     26.8     34.0     50.7 2023  2 11 22 13 32.880  2.5     0     0     2     3 -9.000  0.914  27
     8104  26.696208  103.151131     0.040     1158.6     1657.3    -2277.4     26.8     33.5     36.3 2023  3  8 23 13 49.680  3.6     0     0     2     3 -9.000  0.914  27
     4407  27.060974  102.911930     0.951    -1271.8     -557.0      -48.3      5.6      4.9      6.6 2023  1 20 18 58 43.360  1.9     0     0     3     2 -9.000  0.350  28
     8332  27.050094  102.897095     0.980    -2743.1    -1762.7      -18.6      4.8      5.0      6.6 2023  3 10 19 23 43.760  2.4     0     0     3     2 -9.000  0.350  28
     2685  27.135166  102.851025     0.970    -1459.9      101.5      -28.9    704.2    339.2    622.6 2023  1  3  0 47 58.280  2.3     0     0     2     2 -9.000  0.218  30
     3654  27.124636  102.882316     0.860     1641.5    -1065.4     -138.5    640.0    369.3    469.9 2023  1 13  1  9 56.490  1.5     0     0     3     2 -9.000  0.133  30
     5893  27.130798  102.874593     1.040      876.1     -382.5       41.1    612.9    370.1    840.4 2023  2  6  2 53 16.550  1.4     0     0     3     2 -9.000  0.133  30
     7598  27.146598  102.855632     0.945    -1003.3     1368.2      -53.7    682.5    339.7    622.6 2023  3  1 18  3 16.640  2.0     0     0     2     2 -9.000  0.218  30
      191  27.128973  102.939958     1.083     1384.2      384.8       83.8    278.0    138.9    487.4 2022  8 31  3 29 56.480  1.5     0     0     2     3 -9.000  0.085  36
     4799  27.132644  102.935026     1.021      895.4      791.4       22.2    234.7    138.8    483.4 2023  1 25  5 36 36.500  2.6     0     0     2     3 -9.000  0.085  36
     3446  26.980497  103.048641     0.972     2570.0     3296.2      -27.1     97.5     85.4    123.4 2023  1 10 10 57 50.070  3.2     0     0     3     2 -9.000  0.411  37
     3679  26.965186  103.043433     0.998     2053.3     1599.7       -1.1     99.0     77.5    123.4 2023  1 13  6  6 58.540  3.3     0     0     3     2 -9.000  0.411  37
     3660  27.020394  102.776953     0.926     2625.6    -2782.0      -73.3      4.0      3.9      4.0 2023  1 13  2  3 46.600  3.2     0     0     2     3 -9.000  0.247  40
     5203  27.034424  102.766064     1.070     1544.8    -1227.5       71.1      4.0      4.2      5.5 2023  1 29 10 29  4.460  3.6     0     0     2     3 -9.000  0.247  40
     1183  27.289709  102.888249     1.070    -2548.9     1630.0       70.6    372.8    244.3    403.9 2022 10  1 23  0 39.680  4.0     0     0     2     3 -9.000  0.234  42
     2232  27.284239  102.875765     0.954    -3785.2     1023.7      -45.2    359.9    250.6    309.2 2022 11  7 21  8 21.600  2.8     0     0     2     3 -9.000  0.234  42
       78  27.064124  103.001237     1.141     -223.7     -512.7      141.7   3298.8   1087.0   2329.1 2022  8 27  0 27 27.390  4.1     0     0     5     4 -9.000  0.368  43
     2485  27.076982  102.994523     0.978     -889.3      912.0      -21.0   2977.2    377.3    732.4 2022 12 12 15  6 47.750  3.4     0     0     5     4 -9.000  0.361  43
     4339  27.069824  102.983659     0.922    -1967.4      119.0      -77.5   1984.4    398.9    792.2 2023  1 19 23 50 38.320  2.5     0     0     4     4 -9.000  0.385  43
      107  26.759005  102.981999     0.999      796.1      388.1        1.1      0.0      0.0      0.0 2022  8 28 13 13 14.780  1.7     0     0     3     4 -9.000  0.000  47
     1656  26.759005  102.981999     0.999      796.1      388.1        1.1      0.0      0.0      0.0 2022 10 17  6 39 54.770  1.6     0     0     3     4 -9.000  0.000  47
     4293  26.759013  102.982023     1.090      797.9      389.1       91.4      0.0      0.0      0.1 2023  1 19 11 53 14.780  1.3     0     0     2     2 -9.000  0.000  47
     1236  26.861806  103.065828     1.526     -887.5     1031.1      527.2    560.5    655.7    737.9 2022 10  3  8 44 14.240  2.9     0     0     2     3 -9.000  0.511  48
     1545  26.861190  103.090283     1.006     1543.1      962.9        6.6    550.1    643.4    296.3 2022 10 13 18 42  8.920  2.6     0     0     2     3 -9.000  0.564  48
     1777  26.850057  103.075138     0.994       38.0     -270.7       -5.3    321.9    349.2    375.0 2022 10 20 19 15 19.580  2.8     0     0     4     9 -9.000  0.520  48
     5454  26.838450  103.067334     0.813     -737.8    -1556.9     -185.6    390.8    368.8    323.1 2023  2  1  2 24 50.030  2.9     0     0     0     3 -9.000  0.455  48
      294  26.930760  103.146745     0.971     -348.0      278.2      -28.0     56.8     88.5     81.0 2022  9  3 15 21 35.140  2.9     0     0     2     2 -9.000  0.505  49
      541  26.925234  103.163875     0.996     1353.4     -334.2       -3.2     55.6     91.3     81.0 2022  9 11 13  5 23.830  3.4     0     0     2     2 -9.000  0.505  49
      846        NaN         NaN       NaN        NaN        NaN        NaN      NaN      NaN      NaN **** ** ** **  3 36.000  1.1     0     0     9     6 -9.000    NaN  50
     1173        NaN         NaN       NaN        NaN        NaN        NaN      NaN      NaN      NaN **** ** ** **  6 36.800  1.6     0     0     9     6 -9.000    NaN  50
     6443        NaN         NaN       NaN        NaN        NaN        NaN      NaN      NaN      NaN **** ** ** ** 23 36.000  2.3     0     0     9     6 -9.000    NaN  50
     7488        NaN         NaN       NaN        NaN        NaN        NaN      NaN      NaN      NaN **** ** ** ** 26 36.160  0.7     0     0     9     6 -9.000    NaN  50
     1163  26.844002  102.874007     0.999        0.6        0.2        1.2      0.2      0.1      0.2 2022 10  1  7 33 15.960  1.9     0     0     9     6 -9.000  0.001  51
     1165  26.843998  102.873983     0.994       -1.5       -0.3       -5.4      0.3      0.3      0.3 2022 10  1  8 43 15.960  2.2     0     0     9     6 -9.000  0.002  51
     2224  26.844000  102.874007     0.999        0.7       -0.0        1.4      0.1      0.1      0.2 2022 11  7 14 19 55.960  1.6     0     0     9     6 -9.000  0.001  51
     7546  26.844000  102.874007     1.000        0.8       -0.0        1.6      0.2      0.1      0.2 2023  2 28 21 49 55.960  1.0     0     0     9     6 -9.000  0.001  51
     5882  26.974337  102.921346     1.093     -925.1       37.5       94.4    456.0    507.2    552.6 2023  2  6  0 27 48.690  2.1     0     0     2     3 -9.000  0.242  54
     7267  26.985024  102.924699     0.943     -591.9     1221.5      -56.0    504.1    426.7    543.2 2023  2 24 19 15 17.000  2.0     0     0     2     3 -9.000  0.242  54
     1133  27.232220  102.960010     0.962       98.9     1760.4      -37.1      3.9     10.3     11.9 2022  9 30  9 49 58.870  1.5     0     0     2     2 -9.000  0.071  55
     6943  27.217855  102.959098     0.994        9.0      168.5       -4.8      4.2      8.6     11.9 2023  2 19 19 13 18.680  1.1     0     0     2     2 -9.000  0.071  55
     1116  26.842120  103.062354     1.018     -460.8     1379.8      159.2      5.7      4.1     14.0 2022  9 29 22 53 32.440  2.3     0     0     3     2 -9.000  0.306  61
     6072  26.832747  103.077734     0.612     1068.2      341.3     -248.1      5.5      6.2      9.9 2023  2  7 23 20 40.200  1.9     0     0     3     2 -9.000  0.306  61
     4473  26.926316  103.064225     1.357      784.3       72.0      358.4     28.1     20.4     37.9 2023  1 21 18 43 40.920  1.6     0     0     1     1 -9.000  0.686  70
     5756  26.939221  103.052808     0.964     -349.7     1501.8      -35.4     29.5     20.2     24.8 2023  2  4 14 38  6.810  2.9     0     0     1     1 -9.000  0.686  70
     3331  26.993829  102.859033     1.168    -1287.8    -1164.0      169.0     95.2    126.5    283.7 2023  1  9  4 54 36.940  3.2     0     0     2     3 -9.000  0.442  71
     4445  26.999965  102.874943     0.998      291.8     -484.0       -1.3     98.1    108.4    114.1 2023  1 21  5 23 35.340  3.4     0     0     2     3 -9.000  0.442  71
     3419  27.034338  102.903695     0.935     -129.5    -1218.2      -63.7    515.0    657.5    674.4 2023  1 10  4 50 48.450  3.3     0     0     2     3 -9.000  0.255  72
     4435  27.049109  102.902547     0.968     -242.7      418.4      -31.1    580.2    325.4    466.5 2023  1 21  2  8  0.760  3.1     0     0     2     5 -9.000  0.258  72
     6726  27.052767  102.909701     1.252      466.4      823.7      252.8    663.1    323.2   1062.9 2023  2 15 23 51 16.280  3.7     0     0     0     2 -9.000  0.264  72
     3503  26.781999  102.967008     0.998      -99.4     -147.8       -0.7      0.0      0.0      0.0 2023  1 11  2 13 15.520  1.0     0     0     3     2 -9.000  0.000  77
     5238  26.781989  102.967008     0.999      -99.4     -148.9        1.1      0.0      0.0      0.0 2023  1 29 18 53 15.520  0.6     0     0     3     2 -9.000  0.000  77
      888  26.974349  102.883309     1.286       -3.0     -515.2      286.8    343.1    400.2    729.1 2022  9 22  5 10 53.080  2.9     0     0     4     6 -9.000  0.375  78
     2616  26.975816  102.895662     0.789     1223.2     -352.5     -210.3    345.8    390.4    542.5 2023  1  2  8 41 56.510  2.8     0     0     2     3 -9.000  0.320  78
     5284  26.986969  102.870850     1.080    -1239.8      883.3       81.4    375.2    822.4   1764.4 2023  1 30  7 50 47.910  2.7     0     0     2     3 -9.000  0.423  78
      123  26.491140  103.068652     0.999      330.7    -1277.0        0.2    244.4     85.6    133.7 2022  8 28 21 35 59.920  3.2     0     0     3     2 -9.000  0.698  83
     4142  26.490849  103.050968     1.086    -1432.2    -1309.1       87.4    224.2     85.0    247.1 2023  1 17 20 58 57.440  3.2     0     0     3     2 -9.000  0.698  83
     2302  26.802810  103.075692     0.911      929.8      532.8      -88.1   1044.4    985.7   1239.4 2022 11 16 13 43 51.310  3.6     0     0     1     3 -9.000  0.305  85
     4642  26.801105  103.073429     1.019      704.5      343.9       20.4   1053.7    980.8   2298.3 2023  1 23 17 52 28.280  2.8     0     0     1     3 -9.000  0.305  85
      500  27.054036  102.763265     0.983     1019.1     -254.8      -15.8     61.5     64.9     80.9 2022  9  9 23 44 24.760  3.2     0     0     3     2 -9.000  0.225  87
     1845  27.066870  102.753939     0.976       93.4     1167.4      -23.2     59.5     56.2     80.9 2022 10 23  0 47 22.540  3.1     0     0     3     2 -9.000  0.225  87
       40  26.788719  103.007080     0.910     -788.1     1187.8      -88.9   2257.6   1984.2   2786.9 2022  8 25 20 44 20.600  2.4     0     0     3     2 -9.000  0.390  92
     1632  26.783226  103.008927     1.303     -604.4      579.2      304.2   1857.3   1965.9   5394.3 2022 10 16 14 37  5.130  3.1     0     0     3     2 -9.000  0.390  92
      277  26.792769  103.114421     0.946      307.6      454.7      -53.1     61.8     27.8     39.9 2022  9  3  3 47 10.850  3.2     0     0     3     5 -9.000  0.080  93
     1606  26.776921  103.113143     0.978      180.5    -1301.4      -21.3     46.5     45.9     71.8 2022 10 15 15 20 30.520  3.1     0     0     2     3 -9.000  0.060  93
     2105  26.796393  103.106364     1.092     -493.8      856.1       93.5     56.9     28.0     54.1 2022 11  1 14 52 17.600  2.7     0     0     1     2 -9.000  0.105  93
      556  26.730774  103.166715     0.981      337.0      270.4      -18.0      7.2      5.4      6.6 2022  9 12  1 19 58.030  1.7     0     0     2     3 -9.000  0.631  94
     1556  26.737221  103.184627     0.957     2118.8      984.8      -42.3      6.3      5.5      6.6 2022 10 14  1 33 45.870  2.8     0     0     2     3 -9.000  0.631  94
     1221  27.066235  102.950146     0.832       13.9     -897.1     -167.3    658.4    338.2    439.1 2022 10  2 21 56 34.620  0.7     0     0     4     3 -9.000  0.291  97
     1407  27.076048  102.955607     1.409      555.2      190.0      409.8    424.4    210.8   1228.7 2022 10  9  2 23 14.970  2.1     0     0     5     5 -9.000  0.249  97
     4713  27.080703  102.945361     0.966     -461.0      705.8      -32.8    440.4    193.5    316.0 2023  1 24  8 29 55.010  1.8     0     0     3     4 -9.000  0.106  97
      224  26.985370  102.617253     1.125     -339.3    -2840.2      126.4    553.8    969.2    946.1 2022  9  1  8 51 55.070  3.7     0     0     2     3 -9.000  0.553  99
      965  26.997801  102.619743     0.944      -92.3    -1462.9      -54.8    549.6   1008.3    756.5 2022  9 25 10  5 15.360  3.1     0     0     2     3 -9.000  0.553  99
      449  27.162950  102.818555     0.960     -242.5     -264.3       58.1   1952.9   2307.6   1741.2 2022  9  8  1 41 17.830  2.8     0     0     4     6 -9.000  0.444 101
      470  27.167922  102.817342     0.752     -362.8      286.8     -151.2   2788.7   1826.7   3117.7 2022  9  8 16  7 51.370  2.8     0     0     3     6 -9.000  0.443 101
     6002  27.165153  102.827197     0.988      614.1      -20.1       85.9   2090.3   1923.3   2286.4 2023  2  7  8  3 24.480  3.1     0     0     3     6 -9.000  0.298 101
     8043  26.858997  102.839966     1.000       47.1       -0.3        1.6      3.0      2.4      3.6 2023  3  8 15 46 36.180  1.3     0     0     3     2 -9.000  0.011 110
     8438  26.859003  102.839022     0.997      -46.6        0.4       -1.6      3.0      2.4      3.6 2023  3 12  3 43 16.170  1.1     0     0     3     2 -9.000  0.011 110
      131  27.156984  102.927791     1.053      276.8      940.4       53.9      0.2      0.0      0.1 2022  8 29  4 27 23.500  2.4     0     0     2     1 -9.000  0.158 121
     8016  27.140015  102.921908     0.977     -306.8     -940.1      -21.6      0.2      0.0      0.1 2023  3  8 11  3 36.540  3.0     0     0     2     1 -9.000  0.158 121
     7635  26.892546  103.072461     0.976      394.0      559.1      -23.1    773.8    907.9   1122.3 2023  3  2 11 21 29.590  3.3     0     0     2     3 -9.000  0.424 122
     7979  26.882444  103.064502     1.029     -397.1     -560.1       29.9    817.1    897.1   1791.8 2023  3  7 23 34 35.580  3.9     0     0     2     3 -9.000  0.424 122
     1334  26.708067  102.998869     1.185      435.1      838.2      186.9     18.3     10.1     35.4 2022 10  6 18 34 28.340  3.8     0     0     3     2 -9.000  0.399 123
     7924  26.692938  102.990194     0.993     -428.2     -838.0       -6.1     18.0     10.1     13.0 2023  3  7 12  0 41.130  3.3     0     0     3     2 -9.000  0.399 123
     6836  27.215940  102.958000     0.991      -99.1     -782.2       -7.9     14.8     12.6     16.8 2023  2 17 23 53 18.600  1.1     0     0     3     2 -9.000  0.073 124
     7841  27.230086  102.959993     0.997       98.6      785.1       -1.2     13.6     15.3     73.4 2023  3  6 17 43 18.840  1.3     0     0     3     2 -9.000  0.073 124
     4047  26.935024  102.820964     1.117     -401.2      833.6      120.5      3.1      2.3     11.8 2023  1 16 23 58 32.340  2.0     0     0     2     3 -9.000  0.251 125
     7822  26.919985  102.829028     0.992      399.7     -832.7       -7.1      3.2      2.3      3.3 2023  3  6  6 40  4.400  2.5     0     0     2     3 -9.000  0.251 125
     1838  26.945949  102.920874     1.063     -359.5      271.4       64.2     93.1     34.4     95.9 2022 10 22 17  6 39.300  0.1     0     0     1     1 -9.000  0.067 130
     7657  26.941052  102.926774     0.995      225.9     -271.2       -4.0    127.6     34.4     53.9 2023  3  2 19  6 39.500  0.6     0     0     1     1 -9.000  0.067 130
     5163  27.300852  102.974284     1.000      127.4     -238.1        2.4    458.7    257.2    436.9 2023  1 28 23 23 18.760  0.9     0     0     1     2 -9.000  0.169 132
     7590  27.305149  102.971704     0.961     -128.0      238.0      -37.8    451.2    257.9    436.9 2023  3  1 14 13 18.460  1.2     0     0     1     2 -9.000  0.169 132
     5566  26.734180  102.910002     0.977      498.2      518.6      -21.8    304.5    415.8    768.2 2023  2  2 11 11  2.430  2.5     0     0     2     3 -9.000  0.415 134
     7568  26.724823  102.900008     1.000     -496.5     -518.2        2.5    287.7    424.5    768.2 2023  3  1  8 45 27.170  2.7     0     0     2     3 -9.000  0.415 134
     5022  26.738108  102.858879     1.047     -708.7     -154.2       48.5     89.1     85.2    194.8 2023  1 27 13 20 47.080  2.4     0     0     2     1 -9.000  0.090 154
     7037  26.740896  102.873136     0.994      709.7      154.5       -5.0     91.4     83.8    114.4 2023  2 21  6 41 38.250  2.2     0     0     2     1 -9.000  0.090 154
      606  26.859727  102.934408     1.049       89.8     -473.4       50.9   3346.4   1438.2   4146.4 2022  9 13 13 51 44.130  3.4     0     0     2     3 -9.000  0.428 164
     6850  26.868274  102.932528     0.974      -96.8      473.5      -25.2   3386.8   1437.8   3288.0 2023  2 18  6  4 57.160  2.8     0     0     2     3 -9.000  0.428 164
     2028  27.075157  102.923039     0.962      -95.4      737.6      -36.6      0.0      0.0      0.0 2022 10 29 16 35 13.790  2.3     0     0     0     1 -9.000  0.020 175
     6655  27.061845  102.924886     1.082       87.7     -737.4       82.9      0.0      0.0      0.0 2023  2 15  0 42 21.580  3.5     0     0     0     1 -9.000  0.020 175
     3839  26.673153  102.927791     0.961      -70.9      681.7      -37.9    168.3    162.0    220.7 2023  1 14 21 24 14.780  2.4     0     0     2     3 -9.000  0.556 206
     6011  26.660887  102.929167     1.445       66.6     -677.4      445.7    163.2    165.8    954.4 2023  2  7 11 57 42.260  2.8     0     0     2     3 -9.000  0.556 206
     5253        NaN         NaN       NaN        NaN        NaN        NaN      NaN      NaN      NaN **** ** ** ** 43 36.000  0.9     0     0     3     2 -9.000    NaN 221
     5572        NaN         NaN       NaN        NaN        NaN        NaN      NaN      NaN      NaN **** ** ** **  9 36.320  0.4     0     0     3     2 -9.000    NaN 221
     4514  27.206921  103.069979     1.018      939.1      268.3       19.7      0.3      0.2      0.3 2023  1 22  7  4 31.560  3.0     0     0     3     2 -9.000  0.166 222
     5537  27.202079  103.051034     0.988     -938.1     -268.4      -10.8      0.3      0.2      0.3 2023  2  2  4 25 15.440  2.9     0     0     3     2 -9.000  0.166 222
     2498  26.886072  103.097990     1.249     -894.8      174.2      250.1     12.8     14.0     49.7 2022 12 19 14 32 10.100  3.3     0     0     2     3 -9.000  0.495 226
     5405  26.882941  103.116048     0.962      899.3     -172.8      -36.6     14.9     13.6     22.6 2023  1 31 14 45  4.950  2.2     0     0     2     3 -9.000  0.495 226
     4432  26.806834  102.897998     0.959     -248.6      148.0      -39.9   3027.6   2066.9   3389.3 2023  1 20 22 50 45.320  1.6     0     0     2     3 -9.000  0.373 228
     5352  26.804169  102.902979     1.023      247.1     -147.5       23.5   2979.0   2084.2   6024.6 2023  1 30 23 37 43.680  2.1     0     0     2     3 -9.000  0.373 228
     3410  26.834951  102.926383     1.011      584.5      271.5       11.6   1010.8    933.1   1695.2 2023  1 10  2 11 57.170  3.3     0     0     2     3 -9.000  0.444 230
     5320  26.830044  102.914624     0.974     -583.8     -272.4      -25.2    997.1    931.4   1246.5 2023  1 30 16  8 12.140  2.2     0     0     2     3 -9.000  0.444 230
     5038  26.811981  102.926188     1.002      117.8      108.6        3.4    490.2    293.8    776.5 2023  1 27 16 54 12.430  1.9     0     0     2     3 -9.000  0.141 236
     5130  26.810018  102.923828     0.993     -116.8     -108.8       -4.6    482.4    294.5    518.8 2023  1 28 18 11 42.200  1.6     0     0     2     3 -9.000  0.141 236
     2663  26.754980  102.926001    14.582       49.0       53.2       27.3     10.6     11.5     13.1 2023  1  2 19 33 14.840  1.7     0     0     4     1 -9.000  0.009 246
     4878  26.754018  102.925008    14.528      -49.3      -53.4      -27.3     10.8     11.5     13.2 2023  1 25 23 39 54.840 -0.0     0     0     4     1 -9.000  0.009 246
       26  27.095998  103.011995     0.997       48.2       -0.3       -1.6      2.7      1.1      2.0 2022  8 25  9 33 14.870  1.6     0     0     2     3 -9.000  0.009 250
     4800  27.096004  103.011011     1.000      -49.3        0.4        1.6      2.7      1.1      2.0 2023  1 25  6 49 54.880  0.3     0     0     2     3 -9.000  0.009 250
        1  26.980011  102.851025     0.994      150.9     -164.8       -4.5     21.9     33.6     27.7 2022  3 22  3 12 46.260  2.2     0     0     1     3 -9.000  0.046 251
     4644  26.982994  102.847974     1.000     -151.6      165.8        4.9     21.0     42.4     28.9 2023  1 23 18 35 50.520  2.1     0     0     1     3 -9.000  0.046 251
     1816  26.986969  102.829045     0.990      -45.5       -3.3       -8.5     26.8     31.6     40.4 2022 10 21 19 26 36.980  0.8     0     0     2     3 -9.000  0.025 253
     4442  26.987028  102.829964     1.005       45.8        3.3        6.3     26.9     31.6     76.1 2023  1 21  5  3 17.000  1.9     0     0     2     3 -9.000  0.025 253
        2  26.977985  102.996061     0.995     -391.0      718.3       -4.3     10.8      5.9     13.0 2022  8 23 15 13 44.540  2.7     0     0     2     1 -9.000  0.061 254
     4275  26.965023  103.003939     1.001      391.1     -717.9        4.3     10.4      6.0     15.7 2023  1 19  5 13 45.370  3.0     0     0     2     1 -9.000  0.061 254
     2141  27.245150  102.820882     0.964      682.0     -205.1      -35.5    407.5    414.0    557.7 2022 11  3 12 13 57.860  3.1     0     0     2     3 -9.000  0.384 256
     4203  27.248846  102.807129     1.015     -680.3      204.4       15.6    415.9    409.9   1052.7 2023  1 18  9 37 24.970  3.4     0     0     2     3 -9.000  0.384 256
      643        NaN         NaN       NaN        NaN        NaN        NaN      NaN      NaN      NaN **** ** ** ** 13 36.320  1.8     0     0     3     2 -9.000    NaN 259
     4176        NaN         NaN       NaN        NaN        NaN        NaN      NaN      NaN      NaN **** ** ** **  3 36.640  1.5     0     0     3     2 -9.000    NaN 259
     2513  26.866109  102.897607     0.954     -784.5     -430.9      -45.5     10.2      4.5     10.6 2023  1  1  3 15  6.550  3.0     0     0     2     3 -9.000  0.251 268
     3974  26.873897  102.913477     0.999      792.8      432.0       -0.3     10.4      4.5     10.6 2023  1 16  7 20 30.830  2.8     0     0     2     3 -9.000  0.251 268
      343  26.916917  102.901831     1.073     -116.6      932.7       74.5      7.5      8.5     13.6 2022  9  4 23 45 24.320  2.7     0     0     3     3 -9.000  0.373 288
     2742  26.900151  102.904191     0.962      117.7     -925.1      -37.5      8.4      8.2     11.1 2023  1  3 16  4 52.410  2.2     0     0     3     3 -9.000  0.373 288
      955  26.878971  102.965063     0.998     -887.7     -390.9        3.1      1.2      1.3      2.3 2022  9 24 22 33 41.040  2.8     0     0     3     2 -9.000  0.545 290
     2662  26.886033  102.982935     0.989      888.2      391.5       -9.7      1.3      1.2      2.3 2023  1  2 19 24 45.180  2.5     0     0     3     2 -9.000  0.545 290
     1940  26.929008  102.918896     0.967      784.7     -331.4      -31.5     44.7     30.1     39.3 2022 10 26 11 38 16.150  3.1     0     0     3     2 -9.000  0.313 296
     2457  26.934979  102.903166     1.042     -777.3      330.2       42.7     33.8     29.9     45.4 2022 12  8 19 27 39.520  2.3     0     0     3     2 -9.000  0.313 296
     2184  27.109039  102.952051     1.040      -44.4      336.9       41.1    491.7    752.4   1022.0 2022 11  5  4 38 10.190  3.5     0     0     3     2 -9.000  0.228 308
     2234  27.102956  102.952962     0.971       45.6     -337.2      -28.1    485.7    758.7    777.2 2022 11  8  0  7 43.530  3.2     0     0     3     2 -9.000  0.228 308
     1451  26.992326  102.701408     1.052     -257.1     -739.5       52.6   1060.4   1300.5   1639.5 2022 10 10 15  6 31.830  2.6     0     0     2     3 -9.000  0.646 309
     2221  27.005691  102.706559     0.966      254.1      741.3      -33.3   1069.1   1292.6   1295.4 2022 11  7  9 58 29.550  3.1     0     0     2     3 -9.000  0.646 309
      646  27.113261  103.086100     1.104      258.2      -81.8      104.6   3665.5   2997.4   5007.3 2022  9 14 15  1 41.730  1.0     0     0     2     3 -9.000  0.519 315
     2148  27.114738  103.080908     0.882     -256.3       81.8     -116.7   3665.6   2993.8   4070.9 2022 11  3 23 46 33.040  2.0     0     0     2     3 -9.000  0.519 315
      963  26.826054  102.972778     0.989       77.6     -437.2      -10.3    189.4     97.0    148.0 2022  9 25  8 20 30.540  3.1     0     0     2     3 -9.000  0.209 317
     2125  26.833946  102.971224     1.009      -77.0      437.0        9.9    186.3     97.1    318.9 2022 11  2 15 22  5.280  3.0     0     0     2     3 -9.000  0.209 317
      486        NaN         NaN       NaN        NaN        NaN        NaN      NaN      NaN      NaN **** ** ** **  3 36.000  1.1     0     0     2     3 -9.000    NaN 343
     1317        NaN         NaN       NaN        NaN        NaN        NaN      NaN      NaN      NaN **** ** ** ** 39 36.000  1.7     0     0     2     3 -9.000    NaN 343
      678  26.851373  103.047786     1.112     -567.7       41.4      112.6    253.4    355.5   1922.3 2022  9 15 10 34 43.470  3.2     0     0     2     3 -9.000  0.366 347
     1069  26.850616  103.059212     0.928      567.6      -42.4      -70.9    253.9    361.3    483.2 2022  9 28 21 58 22.720  2.5     0     0     2     3 -9.000  0.366 347
      865  26.689010  102.996102     1.101        9.6      610.7      103.4    961.2    468.4   1620.3 2022  9 21 10  3 38.180  3.3     0     0     2     3 -9.000  0.206 351
      911  26.677989  102.995898     0.983      -10.3     -610.4      -16.2    961.1    468.5    732.7 2022  9 23  5 38 13.120  3.4     0     0     2     3 -9.000  0.206 351
      696  27.213023  102.975977     0.993     -100.7      556.7       -6.3     46.8     34.1     59.1 2022  9 16  2 31 18.680  2.9     0     0     2     1 -9.000  0.052 352
      730  27.202976  102.978035     1.018      102.9     -556.5       19.3     52.8     33.0     93.0 2022  9 17  7 39 29.830  3.1     0     0     2     1 -9.000  0.052 352
       32  27.083130  102.932056     7.315     -425.3    13212.1      606.3      5.5      5.9      9.4 2022  8 25 14 53 16.350  1.9     0     0    10    12 -9.000  0.027   1
      252  27.061460  102.848853    12.932    -8682.7    10811.1     6222.5      2.8      1.1      2.6 2022  9  2 12 56 18.590  3.5     0     0     2     0 -9.000  0.000   1
      375  27.091911  102.930534    10.538     -576.8    14185.2     3829.5      2.1      1.7      4.1 2022  9  6  2 46 36.390  2.0     0     0     7     3 -9.000  0.007   1
      554  26.973281  102.975366     2.624     3874.6     1040.6    -4085.4     10.6     12.2      7.5 2022  9 11 22 24  0.680  3.3     0     0     2     1 -9.000  0.018   1
      580  26.985347  102.905013    18.608    -3110.4     2377.7    11898.8      8.5      4.4     13.0 2022  9 12 19  3 13.920  1.2     0     0    16     5 -9.000  0.017   1
      655  27.079242  102.937085     6.020       73.4    12781.4     -688.2      5.5      3.1     12.1 2022  9 14 23 56 36.320 -0.2     0     0    13    14 -9.000  0.014   1
      856  27.088782  102.923324     5.580    -1292.0    13838.4    -1128.2      7.3      4.2      6.5 2022  9 21  0 33 16.520  1.9     0     0     8     6 -9.000  0.007   1
      934  27.084257  102.930404     7.765     -589.7    13337.1     1056.7      5.9      7.5      8.9 2022  9 24  6  3 16.360  1.2     0     0     6    11 -9.000  0.036   1
      945  26.985168  102.904622    18.759    -3149.3     2357.8    12049.9      7.6      3.3      7.2 2022  9 24 14 46 33.900  0.8     0     0    14     8 -9.000  0.014   1
      973  27.088859  102.925220     5.516    -1104.3    13847.0    -1191.9      7.6      4.8     11.5 2022  9 25 19 33 16.520  0.8     0     0     9     8 -9.000  0.028   1
     1134  26.964069  102.905273     6.845    -3084.9       19.8      136.9     24.4     16.2     15.6 2022  9 30 10 42  8.570  3.7     0     0     1     2 -9.000  0.016   1
     1201  27.092037  102.930876    11.057     -543.0    14199.1     4348.6      2.8      1.4      9.7 2022 10  2 11 26 36.360  1.6     0     0     7     2 -9.000  0.011   1
     1336  26.985738  102.906478    18.550    -2965.3     2420.8    11840.8     13.7      7.5     15.3 2022 10  6 19 23 13.920  1.2     0     0     6     3 -9.000  0.014   1
     1435  26.812299  102.920076     9.457    -1616.6   -16796.7     2748.0      1.9      1.0      1.2 2022 10 10  3 35  1.930  4.0     0     0     1     1 -9.000  0.000   1
     1828  27.083226  102.931925     7.397     -438.5    13222.9      688.9      5.8      7.8      8.1 2022 10 22  7 36 36.350  1.4     0     0    10    12 -9.000  0.024   1
     1890  26.859385  102.975627    11.969     3901.6   -11579.5     5259.7     18.2      6.2     19.9 2022 10 24  7 59 12.060  3.2     0     0     1     0 -9.000  0.000   1
     2153  27.079181  102.936759     6.280       41.4    12774.5     -428.9      8.7      2.4      4.1 2022 11  4  3  6 36.320  2.0     0     0     8    10 -9.000  0.013   1
     2192  27.116425  102.897868    12.317    -3817.6    16901.4     5607.8    154.0    128.7    152.2 2022 11  5  9 45  8.740  3.4     0     0     1     1 -9.000  0.003   1
     2240  26.740503  102.861450    22.851    -7443.4   -24752.0    16142.0      3.2      1.8      2.8 2022 11  8  9 49 49.600  2.4     0     0     1     2 -9.000  0.001   1
     2243  27.083982  102.930754     7.921     -554.9    13306.6     1212.9      8.7      9.2     11.0 2022 11  8 13 23 16.350  2.6     0     0     2     3 -9.000  0.004   1
     2507  26.870524  102.890780     7.537    -4526.0   -10345.1      827.3     12.2      9.3      9.1 2023  1  1  1  2 48.230  3.0     0     0    12     7 -9.000  0.029   1
     2563  26.919653  102.898747     7.144    -3733.5    -4901.6      434.4      7.3      6.4      4.6 2023  1  1 17  9 12.480  2.8     0     0     9     0 -9.000  0.023   1
     2639  26.822459  102.943319    11.391      693.3   -15671.0     4681.5     25.5     20.9     18.1 2023  1  2 13 15 59.700  4.0     0     0    10     6 -9.000  0.045   1
     2647  26.829272  102.927197    14.846     -908.6   -14916.0     8136.3     28.4     19.9     18.4 2023  1  2 14 42 20.940  3.8     0     0     3     0 -9.000  0.004   1
     2668  26.970748  102.897054     6.330    -3901.2      759.9     -379.6     29.2     39.2     20.7 2023  1  2 20 38 12.480  2.7     0     0     4     0 -9.000  0.002   1
     2757  26.979651  102.929085     3.694     -721.0     1746.3    -3015.0     11.9     13.1      9.4 2023  1  3 18 21 29.960  2.7     0     0     9     5 -9.000  0.032   1
     2769  27.091980  102.930404    10.422     -589.6    14192.7     3713.7      2.8      1.5      8.6 2023  1  3 20 33 16.400  1.1     0     0     8     3 -9.000  0.008   1
     2787  27.107357  102.830062     9.355   -10545.4    15896.5     2645.7     22.4     23.8     32.8 2023  1  4  2 22 33.650  3.2     0     0     2     1 -9.000  0.018   1
     2837  26.798735  102.949170     5.646     1274.1   -18299.7    -1062.5      3.5      2.5      6.0 2023  1  4 14 13 16.080  1.7     0     0     3     2 -9.000  0.002   1
     2857  27.079036  102.936434     6.827        8.6    12758.6      118.7      9.3      3.0     13.7 2023  1  4 19 13 16.280  1.6     0     0     2     2 -9.000  0.007   1
     2858  26.849668  102.963436    12.044     2691.1   -12656.0     5335.0     35.5     37.3     35.8 2023  1  4 19 27 10.800  3.9     0     0     6     5 -9.000  0.049   1
     2918  26.845178  102.958887     7.583     2239.3   -13153.5      873.5     23.0     25.8     30.9 2023  1  5 13 36 43.060  4.1     0     0    12     0 -9.000  0.042   1
     2926  26.923470  102.917521     5.866    -1868.9    -4478.5     -842.9     16.9     19.9     17.3 2023  1  5 16 58 37.850  3.6     0     0    17     4 -9.000  0.036   1
     2937  26.984886  102.903296    18.915    -3281.1     2326.3    12205.7      6.9      4.1      8.9 2023  1  5 18 53 13.880  1.5     0     0    13     6 -9.000  0.012   1
     2954  26.824786  102.953076    11.675     1662.2   -15413.1     4965.6     35.4     28.0     22.9 2023  1  5 21  4 48.880  3.9     0     0     9     4 -9.000  0.030   1
     2958  26.829063  102.952507     8.913     1605.7   -14939.2     2203.4     13.8     19.8     22.8 2023  1  5 22  4  9.880  5.2     0     0    14     7 -9.000  0.031   1
     2960  26.836281  102.947428     8.688     1100.8   -14139.4     1978.8     13.9     25.1     20.3 2023  1  5 22 15 54.000  3.2     0     0     6     3 -9.000  0.039   1
     2963  26.819061  102.949276    11.717     1284.5   -16047.4     5007.8     24.5     16.7     15.1 2023  1  5 22 21  5.560  5.9     0     0    19    13 -9.000  0.042   1
     2967  26.827722  102.961678    11.701     2517.1   -15087.7     4991.5     20.9     20.1     20.8 2023  1  5 22 45 17.360  5.1     0     0    16    11 -9.000  0.043   1
     2968  26.837539  102.962988     9.514     2646.9   -13999.9     2804.5     19.0     21.0     21.1 2023  1  5 22 47 20.420  3.4     0     0    15     7 -9.000  0.044   1
     2969  26.805772  102.941349    14.806      497.1   -17519.9     8096.8     38.8     20.5     26.9 2023  1  5 22 55 34.800  4.2     0     0     3     2 -9.000  0.051   1
     2970  26.812177  102.972485    15.195     3591.0   -16810.2     8485.9     22.4     22.6     17.0 2023  1  5 23  2 29.480  3.6     0     0     3     0 -9.000  0.003   1
     2971  26.830804  102.962899     9.999     2637.8   -14746.3     3289.9     20.2     16.7     17.9 2023  1  5 23  5 44.420  4.4     0     0    25    16 -9.000  0.042   1
     2972  26.836802  102.941309    14.511      493.4   -14081.6     7801.5     10.0      6.1     13.6 2023  1  5 23 11 18.600  3.8     0     0    10     2 -9.000  0.048   1
     2974  26.818109  102.959098    12.126     2260.4   -16152.9     5416.4     18.1     23.6     16.0 2023  1  5 23 27 56.960  5.8     0     0    21     9 -9.000  0.048   1
     2975  26.860732  102.983724     9.382     4706.5   -11430.1     2673.0     24.2     18.9     19.7 2023  1  5 23 33 35.820  3.7     0     0     3     4 -9.000  0.029   1
     2976  26.811387  102.928076    13.457     -821.4   -16897.6     6747.2     37.7     22.7     25.4 2023  1  5 23 38 26.620  4.1     0     0     3     2 -9.000  0.051   1
     2991  26.828743  102.951562    15.083     1511.9   -14974.5     8373.5     20.2     18.3     21.2 2023  1  6  2 50 22.380  6.2     0     0     7     6 -9.000  0.047   1
     2993  26.830318  102.954354     7.020     1789.1   -14800.2      310.9     24.5     29.2     31.0 2023  1  6  2 57  1.470  4.1     0     0     0     2 -9.000  0.004   1
     2995  26.834149  102.948592    10.636     1216.9   -14375.5     3926.7     27.9     30.6     23.4 2023  1  6  3  0 59.020  3.9     0     0    13    19 -9.000  0.048   1
     2997  26.827948  102.950659    11.418     1422.1   -15062.6     4709.0     17.5     18.6     13.3 2023  1  6  3 25  4.260  4.0     0     0    23    19 -9.000  0.035   1
     3000  26.815456  102.951221    13.024     1477.7   -16446.8     6315.0     20.9     25.9     22.9 2023  1  6  3 41 32.420  3.7     0     0     7     6 -9.000  0.046   1
     3004  26.831480  102.980282    11.607     4364.8   -14671.4     4897.8     29.7     44.9     35.0 2023  1  6  4 51 22.890  4.0     0     0     5     3 -9.000  0.024   1
     3011  26.808177  102.966130     9.750     2959.0   -17253.3     3040.6     12.3     16.1     21.2 2023  1  6  6  5 52.560  3.4     0     0     5     8 -9.000  0.044   1
     3012  26.836249  102.967537    11.357     3098.8   -14143.0     4647.7     19.1     24.8     22.9 2023  1  6  6  8 32.900  3.4     0     0    10     5 -9.000  0.035   1
     3018  26.944307  102.842025    12.169    -9365.8    -2169.6     5460.0     11.8      8.9      7.5 2023  1  6  7  0 26.530  3.7     0     0     2     0 -9.000  0.000   1
     3019  26.830774  102.962476    12.498     2596.3   -14749.6     5788.8     15.7     15.1     17.6 2023  1  6  7 51  6.760  4.4     0     0    23    22 -9.000  0.047   1
     3039  26.975114  102.917114     6.225    -1908.9     1243.6     -484.2     22.4     17.5     19.5 2023  1  6 11 15 40.650  5.8     0     0     6     5 -9.000  0.047   1
     3040  26.834837  102.956462    11.700     1998.1   -14299.4     4990.8     13.8     14.2     16.2 2023  1  6 11 24 59.490  4.0     0     0    20    14 -9.000  0.032   1
     3053  26.846999  102.927710     9.814     -858.0   -12951.9     3104.1     23.7     19.0     16.4 2023  1  6 16 14 43.460  3.0     0     0     5     3 -9.000  0.030   1
     3074  26.824701  102.949658    11.502     1322.9   -15422.5     4792.3     28.9     19.7     16.0 2023  1  6 20 36  5.620  4.0     0     0    27    12 -9.000  0.050   1
     3079  26.923651  102.913835     8.081    -2234.9    -4458.6     1371.3     19.2     14.4     13.1 2023  1  6 21 11 24.800  2.8     0     0     3     2 -9.000  0.027   1
     3080  26.826414  102.963249    11.580     2672.9   -15232.7     4870.9     20.2     16.9     19.5 2023  1  6 21 38 29.200  4.6     0     0    22    16 -9.000  0.047   1
     3168  26.973724  102.896313     7.485    -3974.5     1089.7      775.7     28.8     18.8     19.5 2023  1  7 15 39 13.870  3.2     0     0     4     1 -9.000  0.006   1
     3195  26.803141  102.957625    10.523     2114.5   -17811.3     3813.3     24.8     25.4     18.6 2023  1  7 20 13  6.520  3.8     0     0     4     4 -9.000  0.041   1
     3198  26.898059  102.942969    10.577      658.2    -7294.1     3867.2     40.2     33.9     46.8 2023  1  7 20 33 43.560  1.5     0     0     2     1 -9.000  0.006   1
     3208  26.860830  102.822778     4.857   -11280.8   -11419.3    -1851.9      7.4      2.7     18.5 2023  1  7 23  3 16.560  1.4     0     0    11    11 -9.000  0.008   1
     3229  26.798562  102.949430     5.739     1300.3   -18318.7     -969.5      2.0      2.4      4.8 2023  1  8  4 29 56.080  2.9     0     0     5     3 -9.000  0.002   1
     3232  26.837358  102.945207    10.580      880.6   -14020.2     3870.8     43.4     36.7     37.4 2023  1  8  5 28 16.850  4.0     0     0     9     5 -9.000  0.055   1
     3246  26.833567  102.952930    12.403     1647.9   -14440.0     5694.0     20.7     22.4     24.0 2023  1  8  9 21  3.110  4.0     0     0    20    19 -9.000  0.054   1
     3258  26.823649  102.941943    10.432      556.6   -15538.9     3722.4     24.7     37.6     25.4 2023  1  8 12 18 53.500  3.9     0     0    10     4 -9.000  0.042   1
     3266  27.104209  102.853581    18.394    -8212.3    15547.9    11684.2      0.2      0.3      0.2 2023  1  8 14  2 26.880  3.0     0     0     0     2 -9.000  0.000   1
     3284  26.829942  102.952075     9.926     1562.8   -14841.8     3216.5     17.0     19.3     23.8 2023  1  8 17  5 44.160  3.4     0     0    14     5 -9.000  0.040   1
     3289  26.683510  103.009456    12.551     7268.3   -31066.8     5841.7     27.9     17.7     19.2 2023  1  8 18  3 49.040  3.6     0     0     3     1 -9.000  0.056   1
     3297  26.652775  102.942358     4.833      597.8   -34472.3    -1875.4      2.7      2.8     11.4 2023  1  8 20  6 36.720 -0.2     0     0    11     9 -9.000  0.009   1
     3304  26.818559  102.961816    12.719     2531.0   -16103.0     6010.0     19.5     25.3     25.9 2023  1  8 20 59 20.720  3.3     0     0    24     9 -9.000  0.049   1
     3308  26.939610  102.856592    11.369    -7919.5    -2690.3     4659.4     51.9     26.6     33.1 2023  1  8 21 39 13.800  3.6     0     0     3     3 -9.000  0.084   1
     3310  26.942312  102.876489    11.678    -5943.6    -2390.8     4969.0     37.4     26.7     32.6 2023  1  8 21 47 29.640  3.6     0     0     3     3 -9.000  0.084   1
     3357  26.886460  102.932902     9.138     -341.8    -8579.3     2428.4     28.2     21.9     19.2 2023  1  9 16  6 17.250  3.5     0     0    11     3 -9.000  0.043   1
     3358  26.876495  102.941846     8.481      546.8    -9683.6     1771.7     27.7     21.5     19.2 2023  1  9 16 14 24.780  3.4     0     0     4     5 -9.000  0.031   1
     3360  26.875600  102.935392     7.655      -94.5    -9782.8      946.0     20.0     19.6     25.3 2023  1  9 16 39 28.660  3.4     0     0    15     7 -9.000  0.053   1
     3362  26.865306  102.971460    12.440     3488.1   -10923.3     5730.5     18.5     11.5     22.6 2023  1  9 16 57 15.950  4.5     0     0     2     2 -9.000  0.010   1
     3365  26.875566  102.935392     7.960      -94.8    -9786.6     1250.4     21.9     21.4     27.3 2023  1  9 17  8 11.840  2.8     0     0    12     9 -9.000  0.051   1
     3372  26.881124  102.947599     8.701     1117.9    -9170.6     1991.8     20.2     19.8     21.0 2023  1  9 19  8 38.000  3.2     0     0    13     5 -9.000  0.025   1
     3376  26.871997  102.939030     7.260      266.5   -10181.9      550.8     21.4     20.5     16.1 2023  1  9 19 27 32.080  3.2     0     0     9     2 -9.000  0.026   1
     3380  26.877608  102.952669     7.559     1621.8    -9560.3      849.3     26.3     23.3     24.1 2023  1  9 20 35 17.360  5.2     0     0    12     8 -9.000  0.045   1
     3381  26.888888  102.947380     9.501     1096.2    -8310.3     2791.7     31.4     25.2     25.7 2023  1  9 20 39 20.640  3.7     0     0    16     8 -9.000  0.057   1
     3384  26.893840  102.939095    13.092      273.4    -7761.8     6382.3      3.1      7.9      7.3 2023  1  9 21 15 29.980  2.7     0     0     2     2 -9.000  0.005   1
     3385  26.881571  102.939502     8.226      313.9    -9121.1     1516.3     16.1     15.7     16.0 2023  1  9 21 45  5.280  3.4     0     0    21    12 -9.000  0.051   1
     3388  26.883675  102.936914     9.162       56.7    -8888.1     2452.1     30.1     17.3     21.5 2023  1  9 22  7  4.240  4.0     0     0    16     6 -9.000  0.043   1
     3405  26.891665  102.923901     9.727    -1235.5    -8002.8     3017.1     40.0     35.4     31.3 2023  1 10  1 44 54.200  3.1     0     0     3     2 -9.000  0.048   1
     3441  26.878111  102.915226     7.198    -2097.3    -9504.6      488.4     32.2     28.9     25.7 2023  1 10  9 51  7.490  3.8     0     0     8     1 -9.000  0.019   1
     3456  26.846665  102.935726    10.108      -61.8   -12988.8     3398.1     18.4     19.0     19.0 2023  1 10 13 36 48.100  3.8     0     0    14    10 -9.000  0.052   1
     3464  26.854409  102.924829    13.937    -1143.8   -12130.8     7227.5      2.3      2.9      2.5 2023  1 10 15 13 25.780  4.0     0     0     2     3 -9.000  0.012   1
     3468  26.850596  102.944076     9.285      768.4   -12553.2     2575.8     28.4     24.0     28.6 2023  1 10 16 19 19.100  3.2     0     0     4     3 -9.000  0.040   1
     3471  26.957387  102.896834     4.261    -3923.3     -720.5    -2448.4     32.9     32.2     20.8 2023  1 10 18 32 51.000  3.0     0     0     3     1 -9.000  0.008   1
     3496  26.841901  102.946094    14.840      968.2   -13516.7     8130.5      9.8      6.6     12.6 2023  1 11  0  7 17.400  4.0     0     0     4     0 -9.000  0.009   1
     3497  26.950962  102.900179     7.356    -3591.1    -1432.4      646.5     25.0     30.3     15.8 2023  1 11  0 36  5.040  3.0     0     0     1     1 -9.000  0.019   1
     3514  27.117741  102.816439    10.896   -11897.4    17047.2     4186.7     25.2     19.4     26.4 2023  1 11  4 48 25.970  4.7     0     0     5     4 -9.000  0.049   1
     3543  27.102291  102.859245    10.025    -7650.2    15335.2     3315.1     24.4     14.2     15.2 2023  1 11 12 47 56.330  2.8     0     0     8     9 -9.000  0.048   1
     3551  27.087980  102.925024     6.674    -1123.3    13749.6      -34.4      6.9      4.2     12.9 2023  1 11 14 46 36.460  1.1     0     0     4     2 -9.000  0.023   1
     3555  26.882351  102.938037     8.872      168.3    -9034.7     2163.0     15.8     16.9     16.5 2023  1 11 15 39  2.520  3.8     0     0    33    17 -9.000  0.050   1
     3564  26.882473  102.940120     7.676      375.0    -9021.3      966.9     20.3     18.6     23.3 2023  1 11 18 31 49.240  3.3     0     0    15     8 -9.000  0.047   1
     3607  27.100958  102.859546    16.753    -7620.2    15187.5    10043.7      0.3      0.3      0.2 2023  1 12  9 20 26.380  3.9     0     0     0     2 -9.000  0.000   1
     3612  27.116280  102.824121    11.380   -11134.6    16885.3     4670.7     17.3     13.9     17.1 2023  1 12 11  0 25.460  4.5     0     0     3     4 -9.000  0.018   1
     3639  26.865995  102.989079     7.786     5237.8   -10846.9     1076.5     46.8     48.7     44.7 2023  1 12 20 14 58.520  2.8     0     0     1     1 -9.000  0.001   1
     3648  27.101615  102.826636    12.228   -10886.3    15260.4     5518.5     28.0     23.4     24.6 2023  1 12 22 45 29.580  4.0     0     0    10     4 -9.000  0.048   1
     3653  27.107373  102.854810     9.479    -8090.5    15898.3     2769.4     21.0     13.3     17.2 2023  1 13  0  2  4.990  3.8     0     0     4     4 -9.000  0.044   1
     3672  26.835400  102.957585    10.623     2109.9   -14237.0     3913.2     20.3     15.1     16.4 2023  1 13  5 13  5.510  3.9     0     0    15     9 -9.000  0.039   1
     3686  27.113369  102.824715    11.244   -11075.7    16562.6     4534.2     15.9     12.3     17.5 2023  1 13  9 37 46.500  3.2     0     0    12    15 -9.000  0.042   1
     3688  27.120266  102.836670    10.767    -9889.2    17326.9     4057.7     39.9     24.7     38.7 2023  1 13  9 48 48.130  3.8     0     0     1     2 -9.000  0.008   1
     3709  27.107308  102.822266    10.005   -11319.5    15891.1     3295.3     30.9     21.8     33.0 2023  1 13 13 55 47.220  3.8     0     0     2     3 -9.000  0.044   1
     3728  27.107865  102.840413    10.020    -9518.7    15953.0     3310.4     26.9     20.8     20.5 2023  1 13 17 40 57.320  3.1     0     0     5     2 -9.000  0.043   1
     3763  26.777150  102.974056    13.170     3747.3   -20691.3     6460.9     22.0     27.8     17.5 2023  1 14  2  9 10.150  3.9     0     0     3     2 -9.000  0.031   1
     3765  26.795099  102.972054    13.761     3548.4   -18702.4     7051.1     22.3     28.8     16.1 2023  1 14  2 13 49.380  4.0     0     0     3     2 -9.000  0.031   1
     3769  27.104152  102.843994    12.342    -9163.9    15541.5     5632.7     18.6     12.3     16.3 2023  1 14  4 22 24.700  3.5     0     0     9     4 -9.000  0.045   1
     3777  26.875387  102.918953     6.819    -1727.6    -9806.4      109.1     27.5     23.1     22.6 2023  1 14  8 57 21.050  3.1     0     0    11     4 -9.000  0.037   1
     3840  26.952799  102.923063     5.827    -1318.6    -1228.9     -882.4     15.6     11.6     13.0 2023  1 14 21 31 33.200  3.0     0     0     3     2 -9.000  0.018   1
     3865  27.118571  102.803849     7.720   -13145.8    17139.1     1010.5     43.4     25.5     61.6 2023  1 15  4 24 51.430  3.4     0     0     3     2 -9.000  0.052   1
     3931  27.078982  102.937891     6.694      153.4    12752.4      -14.8      8.4      6.4     14.9 2023  1 15 20 13 16.300  0.8     0     0     4     5 -9.000  0.034   1
     3939  27.120966  102.819686     6.227   -11574.7    17404.4     -481.9     22.6     13.7     29.3 2023  1 15 21 57 28.520  3.7     0     0     6     5 -9.000  0.048   1
     3957  26.833331  102.954419    11.481     1795.9   -14466.3     4771.5     19.2     16.2     14.2 2023  1 16  2 13 26.260  4.0     0     0    27    20 -9.000  0.049   1
     3981  26.967818  102.989583     2.561     5285.5      435.3    -4148.9     10.7     11.7      7.4 2023  1 16  8 21 19.850  4.0     0     0     2     1 -9.000  0.018   1
     3990  27.085453  102.928882     7.211     -740.6    13469.7      502.2      8.4      7.3     14.2 2023  1 16 11 43 16.400  1.9     0     0    16    17 -9.000  0.038   1
     4005  26.833779  102.978385     9.942     4176.1   -14416.7     3232.5     30.7     22.3     31.0 2023  1 16 16  3 19.020  3.8     0     0     5     0 -9.000  0.027   1
     4008  26.971263  102.922144     6.358    -1410.1      816.9     -351.6     28.4     21.5     20.5 2023  1 16 16 16 44.590  3.5     0     0     9     5 -9.000  0.045   1
     4025  27.108592  102.855672    10.039    -8005.0    16033.4     3329.2     21.7     13.8     16.4 2023  1 16 19  2 17.560  3.0     0     0     2     3 -9.000  0.024   1
     4113  26.653269  102.942879     5.538      649.9   -34417.5    -1170.8      1.9      2.0      6.0 2023  1 17 15 23 16.710  1.0     0     0    11     8 -9.000  0.007   1
     4130  27.106708  102.826554    13.395   -10893.6    15824.7     6685.9     20.4     19.4     21.6 2023  1 17 18 47 54.200  3.9     0     0     6     3 -9.000  0.037   1
     4159  26.861245  102.819344     2.185   -11622.1   -11373.4    -4523.9      1.4      1.2      6.7 2023  1 18  0  3 16.600  0.8     0     0     8     5 -9.000  0.002   1
     4201  27.102775  102.893140     7.617    -4287.4    15388.8      907.9     10.3      2.5     15.4 2023  1 18  9  8 42.450  3.0     0     0     1     3 -9.000  0.013   1
     4226  26.926654  102.915511     7.271    -2068.5    -4125.8      561.9     12.7     13.7     14.1 2023  1 18 17 22 49.000  2.7     0     0     9     3 -9.000  0.029   1
     4325  26.574028  103.040422    10.171    10351.0   -43197.8     3462.0      8.6     13.7     14.0 2023  1 19 18 37 36.640  4.0     0     0     3     1 -9.000  0.020   1
     4331  26.858223  102.930835    10.262     -547.7   -11708.1     3552.1     19.9     16.8     14.3 2023  1 19 22  6 22.880  4.0     0     0    16     4 -9.000  0.026   1
     4408  27.107546  102.833439    12.355   -10210.7    15917.6     5645.6     26.6     18.2     16.6 2023  1 20 19  7 17.240  3.8     0     0     7     4 -9.000  0.050   1
     4430  26.797795  102.951270     2.562     1483.2   -18403.9    -4146.5      2.8      3.0      4.1 2023  1 20 22 39 56.080  2.4     0     0     8    10 -9.000  0.004   1
     4476  26.990295  102.775846    11.390   -15933.3     2925.9     4680.9     40.0     36.8     42.7 2023  1 21 19 43 34.080  3.6     0     0     3     1 -9.000  0.037   1
     4506  27.014284  102.858260     9.792    -7750.7     5583.8     3082.4     27.6     34.0     24.3 2023  1 22  4 54 10.260  3.8     0     0     1     2 -9.000  0.033   1
     4529  27.101622  102.892708     6.387    -4330.0    15261.0     -322.0     10.2      2.5     16.6 2023  1 22 12 31 33.490  4.1     0     0     1     3 -9.000  0.013   1
     4537  26.834208  102.913118    11.603    -2307.7   -14369.0     4893.9     27.5     18.8     22.4 2023  1 22 14 38 34.520  3.4     0     0     4     4 -9.000  0.029   1
     4548  27.119928  102.878076    11.184    -5781.2    17289.5     4475.4      1.9      0.9      4.6 2023  1 22 17 43 16.680  0.9     0     0     2     3 -9.000  0.002   1
     4558  26.921924  102.924235     8.574    -1202.2    -4649.8     1865.0     31.7     28.3     28.1 2023  1 22 20 26  0.200  3.0     0     0     1     2 -9.000  0.049   1
     4561  26.984853  102.903304    18.884    -3280.4     2322.7    12174.7      6.8      4.3      7.3 2023  1 22 21 43 13.880  3.7     0     0    15     6 -9.000  0.010   1
     4569  27.121741  102.820174     5.920   -11525.8    17490.3     -789.4     22.4     13.7     33.1 2023  1 22 23 57 49.480  3.5     0     0     3     3 -9.000  0.045   1
     4652  26.869358  102.899862    15.040    -3623.8   -10474.4     8330.1      6.2      3.7      7.2 2023  1 23 20  7 57.300  3.5     0     0     1     3 -9.000  0.004   1
     4663  27.102301  102.852897    12.620    -8280.2    15336.4     5910.8     34.0     34.9     21.1 2023  1 23 21 54 10.080  4.5     0     0     3     2 -9.000  0.079   1
     4699  27.109041  102.817668    10.451   -11775.3    16083.2     3741.4     22.8     18.2     31.3 2023  1 24  5 27  3.440  3.8     0     0     5     2 -9.000  0.037   1
     4710  27.045188  102.842505    12.812    -9313.5     9008.1     6102.3      2.7      1.0      2.6 2023  1 24  8 18 32.320  3.0     0     0     2     0 -9.000  0.000   1
     4749  26.836656  102.914062    10.861    -2213.6   -14097.9     4151.5     47.9     16.4     19.1 2023  1 24 18 28 40.800  5.6     0     0     4     2 -9.000  0.033   1
     4751  26.838605  102.942391     8.010      600.8   -13882.0     1301.0     14.9     14.9     18.4 2023  1 24 18 39  7.920  3.8     0     0    11     8 -9.000  0.042   1
     4752  26.846096  102.926799     9.941     -948.7   -13052.0     3231.2     23.9     17.5     17.6 2023  1 24 19  2 19.500  4.9     0     0    12     3 -9.000  0.043   1
     4760  26.920249  102.900057     6.179    -3603.2    -4835.4     -530.2      6.9      6.3      5.0 2023  1 24 20 15  3.040  2.4     0     0     5     1 -9.000  0.025   1
     4772  26.653271  102.942879     5.546      650.0   -34417.3    -1162.3      2.0      2.0      5.9 2023  1 24 22 23 16.720  0.8     0     0    11     8 -9.000  0.007   1
     4792  26.864956  102.929102    14.111     -719.3   -10962.1     7401.5      2.4      3.0      2.7 2023  1 25  2 54 46.650  3.5     0     0     2     2 -9.000  0.000   1
     4801  27.088401  102.924382     6.245    -1186.8    13796.2     -463.1      5.8      4.6     10.7 2023  1 25  6 53 16.480  1.5     0     0    16    10 -9.000  0.027   1
     4804  26.653408  102.943001     5.730      661.7   -34402.3     -978.1      2.9      3.1     10.3 2023  1 25  8  9 56.700 -0.7     0     0    11     8 -9.000  0.009   1
     4818  26.967037  102.913981     6.706    -2220.1      348.8       -3.7     18.8     13.2     18.2 2023  1 25 12 51 58.540  3.8     0     0    17    13 -9.000  0.044   1
     4822  26.977765  102.923934     7.852    -1232.4     1537.5     1142.5     22.2     12.7     18.3 2023  1 25 14  8 38.550  3.7     0     0    16     9 -9.000  0.045   1
     4827  26.947375  102.910156     5.356    -2600.5    -1829.8    -1353.6     16.8     11.1     15.4 2023  1 25 15 29  9.120  3.7     0     0     3     2 -9.000  0.018   1
     4862  26.797758  102.951221     2.544     1478.4   -18407.9    -4164.8      2.1      2.1      3.1 2023  1 25 21 49 56.080  0.9     0     0    11    10 -9.000  0.004   1
     4866  26.713129  102.995728     8.732     5902.4   -27784.9     2023.0     10.1     12.1     11.9 2023  1 25 22 18 22.160  4.4     0     0     3     1 -9.000  0.006   1
     4882  26.858441  102.889274     7.036    -4675.2   -11684.0      327.0     23.5     15.8     25.1 2023  1 26  0 29 31.340  3.0     0     0     3     2 -9.000  0.034   1
     4890  26.707528  103.004891     9.653     6813.4   -28405.5     2944.0      7.4      7.5      7.2 2023  1 26  2  7 33.180  3.8     0     0     3     2 -9.000  0.017   1
     4914  26.985105  102.903190    18.945    -3291.4     2350.7    12236.0      7.4      2.9     10.5 2023  1 26  8 13 13.870  2.1     0     0    12     4 -9.000  0.013   1
     4980  26.862526  102.927425     9.623     -885.9   -11231.3     2914.0     31.6     21.4     24.8 2023  1 27  3  4  4.990  3.6     0     0    11     7 -9.000  0.043   1
     4992  26.866278  102.972786    11.121     3619.8   -10815.5     4411.3     19.4     20.1     21.6 2023  1 27  6 13 52.450  3.7     0     0    13     7 -9.000  0.044   1
     4994  26.688833  103.003044    11.583     6630.3   -30477.2     4873.6     26.4     17.5     20.0 2023  1 27  6 25 49.640  3.8     0     0     3     1 -9.000  0.056   1
     5006  26.990816  102.825106    10.417   -11043.1     2983.5     3707.3     23.1     11.2     22.7 2023  1 27 10 58 34.150  4.0     0     0     8     1 -9.000  0.035   1
     5016  26.975789  102.895768     9.021    -4028.7     1318.5     2311.2     32.2     23.7     21.2 2023  1 27 12  9 22.630  3.7     0     0     3     0 -9.000  0.008   1
     5023  26.977171  102.933480     7.900     -284.6     1471.7     1190.1     21.2     19.4     15.3 2023  1 27 13 50 19.710  3.6     0     0     7     1 -9.000  0.030   1
     5030  26.992607  102.813078    10.640   -12236.9     3182.0     3930.4     15.4     16.2     17.2 2023  1 27 15 32  4.380  2.9     0     0     6     3 -9.000  0.039   1
     5031  26.996781  102.821493    10.988   -11401.8     3644.6     4278.7     18.5      9.6     19.4 2023  1 27 15 33 32.140  3.6     0     0     8     2 -9.000  0.024   1
     5061  26.913200  102.911711     5.532    -2446.3    -5616.5    -1177.3     15.1     17.1     17.4 2023  1 27 22 15  4.320  2.6     0     0     7     1 -9.000  0.029   1
     5074  26.842716  102.979932    13.836     4329.6   -13426.3     7126.4     37.8     22.7     22.0 2023  1 28  1 40  9.800  3.6     0     0     1     2 -9.000  0.042   1
     5139  26.925264  102.884489     7.878    -5149.3    -4279.8     1168.9     25.0     19.6     17.1 2023  1 28 19 57 32.440  3.8     0     0     3     2 -9.000  0.055   1
     5183  27.130920  103.105420    13.801    16774.6    18507.5     7092.0     36.2     38.0     40.9 2023  1 29  5 21 28.540  4.0     0     0     1     1 -9.000  0.000   1
     5199  27.109296  102.804167    11.765   -13115.1    16111.4     5055.3     59.0     38.5     67.0 2023  1 29  9 19  2.490  4.0     0     0     3     2 -9.000  0.048   1
     5210  27.062628  102.833732     8.676   -10183.9    10940.5     1966.8     38.1     13.8     22.8 2023  1 29 12 18 41.550  3.1     0     0     1     2 -9.000  0.027   1
     5216  26.714451  103.011800     8.550     7499.7   -27638.5     1840.5      6.8      5.5      7.6 2023  1 29 13 41  6.700  3.6     0     0     6     3 -9.000  0.013   1
     5219  26.740570  102.860978    22.784    -7490.5   -24744.3    16074.3      3.1      1.8      2.8 2023  1 29 14  9 49.600 -0.3     0     0     1     2 -9.000  0.001   1
     5255  26.861324  102.944417     7.553      801.5   -11364.4      843.5     20.9     17.7     17.3 2023  1 29 22 51 44.400  3.5     0     0    14     5 -9.000  0.030   1
     5300  26.834062  102.949007     8.098     1257.8   -14385.2     1388.6     14.4     14.9     20.9 2023  1 30 12  1 48.910  3.4     0     0     7     8 -9.000  0.041   1
     5305  26.856732  102.940015    12.871      364.7   -11873.4     6161.3     20.7     23.3     18.0 2023  1 30 12 26 52.020  3.9     0     0     4     4 -9.000  0.027   1
     5322  27.084281  102.930477     7.700     -581.9    13339.7      991.9      7.3      6.4      9.9 2023  1 30 17 46 36.360 -0.1     0     0    13    15 -9.000  0.026   1
     5323  26.935622  102.838696    13.366    -9696.3    -3132.1     6656.9     12.1      9.0      7.3 2023  1 30 18  8 31.900  3.1     0     0     2     0 -9.000  0.000   1
     5386  26.799300  102.949105     5.722     1267.5   -18237.0     -986.4      1.2      2.3      5.1 2023  1 31  8 33 16.070  1.6     0     0     2     1 -9.000  0.000   1
     5413  26.617283  103.010620     9.298     7385.7   -38404.9     2588.3     19.9     17.9     11.0 2023  1 31 16 27 59.250  4.1     0     0     3     1 -9.000  0.004   1
     5418  26.880233  102.906877     6.263    -2926.7    -9269.4     -446.7     35.8     29.0     24.8 2023  1 31 17  3 23.800  4.2     0     0     5     2 -9.000  0.015   1
     5430  27.014703  102.932218     2.578     -409.5     5630.3    -4131.0     29.4     28.4     41.5 2023  1 31 19 52 21.600  2.6     0     0     2     0 -9.000  0.002   1
     5432  26.929028  102.913062     6.961    -2311.7    -3862.8      251.7     16.9     13.3     18.4 2023  1 31 20 31 50.740  2.8     0     0    23     8 -9.000  0.042   1
     5437  26.967116  102.910685     8.548    -2547.7      357.6     1838.6     27.1     33.7     19.3 2023  1 31 21 28 23.440  3.1     0     0     8     3 -9.000  0.040   1
     5442  26.934833  102.907853     6.785    -2829.3    -3219.6       75.4     19.7     13.9     22.5 2023  1 31 22 23 52.140  3.0     0     0    14     0 -9.000  0.024   1
     5502  27.012390  102.823071     3.956   -11244.1     5374.0    -2753.6     47.4     43.3     64.1 2023  2  1 19 32 32.760  3.1     0     0     4     0 -9.000  0.033   1
     5503  27.058673  102.847135     8.043    -8853.6    10502.4     1333.9     11.6      8.3     12.2 2023  2  1 20  5  2.880  3.6     0     0     8     7 -9.000  0.031   1
     5533  27.015544  102.933700     3.219     -262.4     5723.3    -3490.3     30.2     29.2     42.3 2023  2  2  3 50 12.990  3.5     0     0     2     0 -9.000  0.002   1
     5538  26.988361  102.941675     4.501      529.2     2711.4    -2208.7     24.8     25.6     23.0 2023  2  2  4 41  3.370  3.0     0     0     2     2 -9.000  0.022   1
     5609  26.937830  102.892236     8.495    -4379.8    -2887.4     1785.4     25.2     22.3     17.5 2023  2  2 20 27  4.200  3.2     0     0     3     2 -9.000  0.055   1
     5615  26.838021  102.941724     6.715      534.6   -13946.6        5.4     19.3     21.3     34.4 2023  2  2 21 52 48.000  2.7     0     0     4     4 -9.000  0.027   1
     5656  27.107005  102.853003     6.469    -8269.5    15857.5     -240.9     26.5     22.5     27.0 2023  2  3  9 59 32.520  3.8     0     0     2     1 -9.000  0.009   1
     5658  26.652356  102.942000     4.627      562.5   -34518.9    -2081.3      3.3      3.7     11.7 2023  2  3 10 59 56.730  0.6     0     0     8     9 -9.000  0.010   1
     5778  26.855540  102.938631    11.455      227.1   -12005.5     4745.7     27.7     36.6     38.9 2023  2  4 20  7 36.680  2.9     0     0     5     3 -9.000  0.044   1
     5785  26.986477  102.926961     3.331     -931.5     2502.6    -3378.0     12.2     12.6     13.1 2023  2  4 21 12 47.960  3.0     0     0     4     4 -9.000  0.020   1
     5791  27.090906  102.876807     7.721    -5907.7    14073.8     1011.8      3.3      2.0      3.3 2023  2  4 22 14 28.360  3.1     0     0     1     2 -9.000  0.000   1
     5869  26.898293  102.907951     4.757    -2820.2    -7268.4    -1951.2     21.9     15.5     22.2 2023  2  5 20 48 23.920  2.9     0     0     4     0 -9.000  0.027   1
     5886  26.967204  102.918115     8.140    -1809.5      367.3     1430.6     22.2     25.4     14.0 2023  2  6  1 12 27.310  5.2     0     0    22     9 -9.000  0.042   1
     5889  26.981525  102.933439     3.367     -288.6     1954.1    -3342.7      8.1     12.7     10.9 2023  2  6  1 43 58.220  3.5     0     0     6     3 -9.000  0.035   1
     5917  26.970249  102.915568     8.512    -2062.8      704.8     1802.1     13.6     19.7     12.8 2023  2  6  8 30 30.960  4.8     0     0    13     3 -9.000  0.030   1
     5995  26.860817  102.820150     2.416   -11541.5   -11420.6    -4292.0      1.4      1.1      3.1 2023  2  7  5 29 56.610  1.7     0     0    11     8 -9.000  0.003   1
     6008  26.961875  102.885734     5.521    -5025.1     -223.1    -1187.9     43.2     36.1     25.9 2023  2  7 10 51 42.840  3.0     0     0     1     0 -9.000  0.000   1
     6016  26.577781  103.055965     9.057    11896.9   -42781.9     2347.7     12.9     16.6     19.4 2023  2  7 12 22 33.540  4.3     0     0     4     0 -9.000  0.012   1
     6029  26.975358  102.916569     4.310    -1963.1     1270.7    -2399.0     22.0     27.8     12.2 2023  2  7 14 24 46.290  3.0     0     0     6     2 -9.000  0.036   1
     6042  27.009347  102.862174     9.765    -7362.3     5036.9     3055.5     27.0     34.6     24.1 2023  2  7 17 12 44.900  3.3     0     0     1     2 -9.000  0.033   1
     6051  26.575122  103.048698     9.908    11174.2   -43076.5     3198.4      7.7      8.7     10.0 2023  2  7 18 46 49.040  4.3     0     0     7     1 -9.000  0.016   1
     6052  26.962008  102.814803     7.398   -12067.7     -208.5      688.2      1.6      0.8      1.8 2023  2  7 19  4 59.480  3.2     0     0     2     1 -9.000  0.000   1
     6065  27.105070  102.858870    11.734    -7687.4    15643.2     5024.1     35.7     34.2     22.1 2023  2  7 22 51 25.800  4.3     0     0     6     6 -9.000  0.073   1
     6124  27.125462  102.844466     9.242    -9115.5    17902.6     2532.6     32.0     21.1     39.7 2023  2  8 15 37 19.590  4.2     0     0     3     2 -9.000  0.051   1
     6170  26.838544  102.959530    15.414     2303.5   -13888.6     8704.9     29.5     35.6     22.9 2023  2  9  5 18 18.340  4.0     0     0     3     1 -9.000  0.016   1
     6203  26.924746  102.921834     7.797    -1440.7    -4337.2     1087.1     28.6     26.6     21.2 2023  2  9 17 12 52.040  2.2     0     0    10     4 -9.000  0.047   1
     6222  26.901396  102.911190     3.302    -2498.1    -6924.4    -3407.1     20.8     15.1     30.5 2023  2  9 20 44 58.680  2.7     0     0     4     0 -9.000  0.027   1
     6234  26.979083  102.813997     6.915   -12147.0     1683.6      205.6      1.6      0.9      1.7 2023  2  9 22 39 56.920  3.3     0     0     2     1 -9.000  0.000   1
     6239  26.894299  102.944100    14.522      770.7    -7710.8     7812.5      2.9      8.2      7.2 2023  2  9 23 37 29.600  3.3     0     0     2     2 -9.000  0.005   1
     6311  26.976835  102.778687    10.873   -15652.1     1434.5     4163.7     39.4     35.2     42.1 2023  2 10 18 13 48.200  2.5     0     0     3     1 -9.000  0.037   1
     6313  27.088761  102.923389     5.626    -1285.4    13836.1    -1082.0      7.0      4.1      5.9 2023  2 10 18 26 36.520  1.8     0     0     8     6 -9.000  0.007   1
     6315  26.824935  102.966097     9.379     2955.7   -15396.5     2669.5     17.3     26.8     26.0 2023  2 10 18 51 51.160  3.2     0     0     6     7 -9.000  0.030   1
     6317  26.815413  102.961491    14.564     2498.1   -16451.5     7854.5     21.6     22.4     17.3 2023  2 10 18 59 17.320  4.1     0     0     5     1 -9.000  0.029   1
     6322  26.852148  102.989754    14.198     5305.6   -12381.3     7488.9     19.4     15.4     13.0 2023  2 10 20  1 54.380  2.9     0     0     2     4 -9.000  0.040   1
     6336  26.842015  102.955509    12.912     1903.9   -13504.0     6202.3     32.3     35.0     34.8 2023  2 10 22 52 55.840  3.4     0     0     2     3 -9.000  0.008   1
     6337  26.812425  102.959985    10.336     2348.6   -16782.8     3626.3     21.4     21.9     19.0 2023  2 10 23 21 27.200  3.2     0     0     4     7 -9.000  0.026   1
     6343  26.928699  102.905021     8.486    -3110.2    -3899.2     1776.5     34.7     32.5     25.6 2023  2 11  0 34 33.460  4.3     0     0     3     2 -9.000  0.034   1
     6365  27.127273  102.860213     7.641    -7553.3    18103.4      931.6     21.9     13.3     25.6 2023  2 11  8 41  3.580  3.1     0     0     4     4 -9.000  0.027   1
     6436  26.989962  102.922144     2.855    -1409.5     2888.9    -3854.9     12.6     15.2     14.3 2023  2 12  3  7  9.490  4.3     0     0     4     4 -9.000  0.038   1
     6441  26.855725  102.947998    12.215     1157.6   -11984.9     5505.4     26.5     34.6     27.8 2023  2 12  3 36 55.090  3.3     0     0     8     3 -9.000  0.041   1
     6478  26.877555  102.917586    14.261    -1863.5    -9566.0     7551.4     22.9     18.1     17.4 2023  2 12 15 24 31.460  3.9     0     0     2     2 -9.000  0.035   1
     6485  26.840814  102.952132     2.605     1568.6   -13637.1    -4104.4     21.1     20.3     31.8 2023  2 12 17  1 26.740  3.1     0     0     2     2 -9.000  0.047   1
     6642  27.079209  102.937199     6.153       84.9    12777.8     -555.1      7.4      2.5      8.0 2023  2 14 20 23 16.320  1.0     0     0    15    17 -9.000  0.016   1
     6645  26.872530  102.959880    12.039     2337.3   -10122.8     5329.3     20.8     22.2     21.1 2023  2 14 21 11 56.540  3.3     0     0     4     1 -9.000  0.028   1
     6646  27.109159  102.858545     0.955    -7719.4    16096.2    -5754.5      8.6      5.5     10.0 2023  2 14 21 35 59.380  3.3     0     0     1     3 -9.000  0.001   1
     6672  27.103251  102.845703    12.644    -8994.2    15441.7     5934.7     18.8     14.7     15.4 2023  2 15  6 37 39.600  4.2     0     0     7     1 -9.000  0.044   1
     6679  27.107542  102.842285     9.732    -9333.1    15917.0     3022.2     35.4     21.9     23.5 2023  2 15 10 22 17.600  3.7     0     0     5     4 -9.000  0.043   1
     6691  26.866606  102.979761    17.713     4312.8   -10779.3    11003.7     15.9     11.7     13.1 2023  2 15 12 37 42.850  3.5     0     0     1     2 -9.000  0.023   1
     6703  27.110913  102.842619     5.352    -9300.1    16290.5    -1357.1     25.6     14.6     30.5 2023  2 15 15 17 29.630  3.1     0     0     4     2 -9.000  0.021   1
     6706  27.111304  102.846468     3.666    -8917.4    16333.8    -3043.4     45.0     33.5    119.5 2023  2 15 16 28  5.050  2.7     0     0     2     0 -9.000  0.009   1
     6719  26.832623  102.949178    15.248     1275.1   -14544.6     8538.5     23.0     18.1     21.3 2023  2 15 20 50 46.780  3.2     0     0     1     3 -9.000  0.016   1
     6723  27.068077  102.856226     7.001    -7950.8    11544.1      291.7     30.6     20.6     28.5 2023  2 15 22 10 54.280  3.5     0     0     5     1 -9.000  0.041   1
     6774  26.861292  102.819019     0.774   -11654.2   -11368.1    -5934.9      2.4      1.4      6.9 2023  2 16 20 43 16.600  0.8     0     0     6     3 -9.000  0.005   1
     6783  27.109772  102.828727    10.293   -10678.2    16164.2     3583.4     20.1     12.9     19.1 2023  2 17  0 14 51.000  3.8     0     0    10     7 -9.000  0.041   1
     6834  26.826630  102.960840    11.304     2433.3   -15208.8     4595.0     25.9     17.3     15.5 2023  2 17 23  0 31.040  4.1     0     0    30    16 -9.000  0.040   1
     7044  27.128715  102.828337     9.954   -10715.7    18263.1     3244.2     30.8     21.7     37.1 2023  2 21 10 20 53.720  4.7     0     0     3     2 -9.000  0.051   1
     7083  26.919187  102.904329     5.252    -3179.1    -4953.2    -1457.4     16.0     16.9     17.4 2023  2 21 23 18 39.780  4.7     0     0     7     1 -9.000  0.029   1
     7151  27.203912  102.819051    10.554   -11633.2    26595.1     3844.8     11.3     23.1     13.1 2023  2 22 19 25 29.720  4.1     0     0     9     6 -9.000  0.039   1
     7153  26.892122  102.890202    13.459    -4582.9    -7952.1     6750.1      4.1      2.9      2.1 2023  2 22 19 45 20.800  3.4     0     0     2     1 -9.000  0.000   1
     7177  26.797809  102.951204     2.527     1476.5   -18402.2    -4181.9      2.4      2.6      2.8 2023  2 23  9 23 16.090  1.7     0     0     8     6 -9.000  0.001   1
     7182  26.804976  102.910425    10.088    -2575.2   -17607.9     3378.4      1.7      1.0      1.2 2023  2 23 11 33 42.560  3.5     0     0     1     1 -9.000  0.000   1
     7186  27.107202  102.840763     0.932    -9483.8    15879.5    -5777.1      8.2      5.6     10.0 2023  2 23 14  5 41.170  3.0     0     0     1     3 -9.000  0.001   1
     7270  27.128239  103.110018    13.057    17231.2    18210.5     6347.2     35.7     37.5     42.9 2023  2 24 20  1 25.240  3.2     0     0     1     1 -9.000  0.000   1
     7290  27.205743  102.814437     9.080   -12090.7    26798.0     2370.9     27.0     25.7     37.3 2023  2 25  5 47 20.380  3.9     0     0     8     3 -9.000  0.036   1
     7332  26.856380  102.948836     7.197     1240.6   -11912.3      487.3     21.2     14.3     14.8 2023  2 25 17 28  3.340  3.7     0     0     9     5 -9.000  0.038   1
     7374  27.207648  102.808105    10.848   -12719.1    27009.2     4139.1     12.0     23.9     14.6 2023  2 26  2 50 36.020  5.0     0     0     9     5 -9.000  0.042   1
     7375  27.197013  102.830005     8.890   -10547.2    25830.7     2180.9     58.9     48.0     69.4 2023  2 26  2 54 34.340  4.3     0     0     4     3 -9.000  0.016   1
     7377  27.204140  102.812915     9.037   -12241.7    26620.4     2327.6     24.9     19.8     29.5 2023  2 26  3 56 47.460  4.3     0     0     6     5 -9.000  0.029   1
     7413  26.851050  102.946509     6.829     1009.9   -12502.9      119.2     15.5     13.6     23.6 2023  2 26 16 17  1.730  3.2     0     0    19     9 -9.000  0.039   1
     7429  27.059302  102.843896     7.331    -9175.1    10571.8      621.6     14.0     10.4     15.6 2023  2 26 22 17 28.580  3.0     0     0     5     2 -9.000  0.012   1
     7438  26.922565  102.924414     6.468    -1184.6    -4578.8     -241.0     19.8     19.4     17.0 2023  2 27  1 33 44.960  4.5     0     0    16     5 -9.000  0.056   1
     7446  26.859650  102.948494    10.716     1207.0   -11550.1     4007.0     24.9     20.2     21.3 2023  2 27  5 56 54.190  3.8     0     0    10     6 -9.000  0.056   1
     7483  26.834542  102.938981     7.832      262.3   -14332.1     1122.3     13.4     13.8     18.8 2023  2 27 20 25 39.080  3.9     0     0    10     8 -9.000  0.032   1
     7526  26.859778  102.926074    11.626    -1020.4   -11535.9     4916.6     17.6     17.0     16.5 2023  2 28 15 11  6.250  3.8     0     0     4     2 -9.000  0.035   1
     7544  26.864439  102.903402     8.590    -3272.3   -11019.3     1880.8     16.2     12.9     12.4 2023  2 28 21 24  5.440  3.6     0     0     5     2 -9.000  0.028   1
     7545  26.625262  103.007007     9.228     7026.3   -37520.9     2518.2     20.0     18.1     11.3 2023  2 28 21 42 45.800  4.3     0     0     3     1 -9.000  0.004   1
     7547  26.797072  102.951888     2.091     1544.7   -18483.8    -4617.4      4.8      3.7     10.9 2023  2 28 22 13 16.080  1.9     0     0    11     8 -9.000  0.003   1
     7574  26.850753  102.951335     6.727     1489.2   -12535.9       17.7     23.2     17.0     27.9 2023  3  1 10 42 47.170  3.7     0     0    12     9 -9.000  0.055   1
     7582  26.886947  102.919531    13.859    -1669.9    -8525.5     7149.7     22.8     18.8     16.5 2023  3  1 11 42 31.070  3.8     0     0     4     4 -9.000  0.030   1
     7583  26.857743  102.940698    10.172      432.5   -11761.3     3462.5     18.8     17.4     17.6 2023  3  1 11 57 26.170  4.0     0     0    40    19 -9.000  0.041   1
     7594  26.846680  102.965299     6.562     2876.3   -12987.1     -147.1     16.4     10.8     20.3 2023  3  1 16 21 47.940  3.1     0     0    16    12 -9.000  0.039   1
     7605  26.853534  102.955241    11.082     1877.3   -12227.8     4372.2     52.5     55.1     34.3 2023  3  1 21 29 18.520  3.4     0     0    11     3 -9.000  0.049   1
     7629  26.860935  102.821883     4.194   -11369.5   -11407.7    -2514.7      3.4      1.6     11.1 2023  3  2  9 46 36.600  1.5     0     0    13    13 -9.000  0.004   1
     7651  27.118921  102.913843    11.390    -2232.6    17177.8     4680.6    161.6    125.3    154.4 2023  3  2 16 21 30.800  3.4     0     0     1     1 -9.000  0.003   1
     7653  27.012368  102.815210     5.372   -12024.9     5371.5    -1337.2     48.4     43.3     59.5 2023  3  2 16 50 48.130  4.5     0     0     4     0 -9.000  0.033   1
     7662  26.794645  102.941504     2.079      512.4   -18752.8    -4629.0     16.0      9.1     11.2 2023  3  2 21 56 36.060  1.1     0     0     9     6 -9.000  0.009   1
     7666  26.859344  102.950203    12.442     1376.5   -11584.0     5732.7     17.1     14.9     17.0 2023  3  2 22 25 24.200  5.5     0     0    28    16 -9.000  0.047   1
     7671  26.854464  102.964998     8.039     2846.1   -12124.8     1329.1     20.2     17.1     26.8 2023  3  2 22 48 54.960  4.1     0     0    26    15 -9.000  0.048   1
     7696  26.860555  102.823722     4.474   -11187.2   -11449.7    -2234.4      2.3      1.3      6.6 2023  3  3 13 16 36.600  1.6     0     0     8     8 -9.000  0.004   1
     7697  26.860927  102.821891     4.193   -11368.8   -11408.5    -2515.2      3.0      1.2     10.9 2023  3  3 13 26 36.600  1.8     0     0    13    13 -9.000  0.004   1
     7701  26.864431  102.819840     3.488   -11572.8   -11020.3    -3220.0      4.0      2.8     10.9 2023  3  3 16 43 17.230  1.1     0     0     3     2 -9.000  0.001   1
     7709  26.822898  102.958545     9.467     2205.5   -15622.2     2757.5     19.1     18.3     30.8 2023  3  3 18 35 14.000  3.0     0     0    10     6 -9.000  0.052   1
     7755  27.143974  102.815715    10.625   -11967.6    19953.8     3915.1     22.2     12.3     25.5 2023  3  4 21  6 18.000  3.3     0     0     3     2 -9.000  0.031   1
     7763  26.865637  102.902572     9.363    -3354.2   -10886.6     2653.3     14.7     10.5      9.1 2023  3  5  3 25 55.960  3.2     0     0     6     2 -9.000  0.039   1
     7770  26.848181  102.965869     5.581     2933.0   -12820.8    -1127.9     12.4     12.2     21.1 2023  3  5  8 40 13.980  3.2     0     0     8     5 -9.000  0.038   1
     7783  26.864431  102.819816     2.885   -11575.0   -11020.2    -3823.6      4.0      2.7      5.6 2023  3  5 15 29 57.220  3.1     0     0     3     2 -9.000  0.001   1
     7785  26.857359  102.945076    10.618      867.2   -11803.9     3908.2     23.8     17.7     23.5 2023  3  5 15 55  1.420  3.8     0     0    39    11 -9.000  0.042   1
     7813  26.866368  102.955965    11.063     1948.7   -10805.8     4353.7     22.8     18.1     20.4 2023  3  6  3 24 59.830  3.4     0     0    26    16 -9.000  0.049   1
     7825  27.129425  102.806673    10.412   -12865.5    18341.8     3702.4     22.1     12.4     25.7 2023  3  6  7 11 15.890  4.7     0     0     3     2 -9.000  0.031   1
     7827  27.126552  102.869352     6.835    -6646.7    18023.5      125.9     24.2     13.4     27.0 2023  3  6  7 43  0.260  2.9     0     0     2     2 -9.000  0.031   1
     7839  27.062834  102.853011     8.567    -8270.6    10963.3     1857.2     17.7     12.0     18.3 2023  3  6 17  7 18.600  3.6     0     0     3     2 -9.000  0.020   1
     7853  26.843382  102.944027    12.051      763.2   -13352.5     5341.3     44.8     28.2     36.4 2023  3  6 20 48 46.300  6.5     0     0     7     4 -9.000  0.023   1
     7856  26.842029  102.977189     7.565     4057.2   -13502.6      856.0     23.8     17.7     33.1 2023  3  6 21  4 33.200  3.1     0     0    10     8 -9.000  0.047   1
     7859  26.875594  102.898926     8.872    -3716.5    -9783.5     2162.9     27.6     21.9     26.1 2023  3  6 21 24 19.720  3.2     0     0     7     4 -9.000  0.047   1
     7865  26.849333  102.935148    10.268     -119.2   -12693.2     3558.3     22.2     20.3     14.3 2023  3  6 21 58  3.400  3.6     0     0     9     1 -9.000  0.013   1
     7866  26.860828  102.914551     8.289    -2164.4   -11419.6     1579.7     25.6     16.6     22.2 2023  3  6 22 22 54.820  3.7     0     0    18    11 -9.000  0.057   1
     7871  26.848885  102.959001     6.641     2250.6   -12742.8      -68.1     24.2     18.4     24.8 2023  3  6 23 14 54.360  3.2     0     0     7     5 -9.000  0.048   1
     7873  26.866538  102.952669    10.457     1621.7   -10786.7     3747.2     18.0     12.7     19.5 2023  3  6 23 32 30.880  3.2     0     0    37    23 -9.000  0.037   1
     7875  26.848484  102.917993    12.481    -1822.8   -12787.2     5771.7     24.2     20.1     22.4 2023  3  6 23 42 50.040  3.6     0     0     4     4 -9.000  0.021   1
     7877  26.862038  102.971362    13.072     3478.7   -11285.4     6362.9     25.1     28.3     29.1 2023  3  6 23 51 23.960  4.2     0     0     7     7 -9.000  0.056   1
     7878  26.843319  102.917285     7.003    -1893.6   -13359.6      293.7     27.5     18.7     27.0 2023  3  7  0  4  1.920  4.0     0     0     8     4 -9.000  0.021   1
     7880  26.850226  102.930916    13.492     -539.5   -12594.3     6782.4     34.0     22.1     24.3 2023  3  7  0 14 26.030  4.0     0     0     2     1 -9.000  0.002   1
     7889  26.855725  102.952938     9.414     1648.4   -11985.0     2704.6     21.2     24.1     20.3 2023  3  7  1 31 59.050  3.9     0     0    20    16 -9.000  0.041   1
     7891  26.846737  102.954891    10.226     1842.6   -12981.0     3516.7     22.6     19.8     22.7 2023  3  7  2 24 31.590  4.5     0     0    22    10 -9.000  0.044   1
     7894  26.851725  102.923397     6.803    -1285.8   -12428.2       93.3     13.9      8.5     14.6 2023  3  7  3 21 32.450  3.8     0     0    23    10 -9.000  0.038   1
     7895  26.851609  102.962158    11.736     2564.6   -12441.1     5027.0     76.6     57.9     74.6 2023  3  7  3 41 31.660  4.4     0     0     3     2 -9.000  0.015   1
     7897  27.154307  103.110360     6.974    17262.8    21098.8      264.3     41.4     41.5     75.2 2023  3  7  4 18 49.540  3.9     0     0     3     1 -9.000  0.018   1
     7899  26.864197  102.928638     9.192     -765.6   -11046.2     2483.0     16.5     16.8     10.7 2023  3  7  4 37  7.010  3.8     0     0    14    11 -9.000  0.047   1
     7900  26.860911  102.961922    10.312     2540.8   -11410.2     3602.2     37.6     26.4     35.9 2023  3  7  4 41  1.830  3.8     0     0     5     3 -9.000  0.014   1
     7905  26.857424  102.959465     8.437     2296.7   -11796.8     1727.9     20.7     13.1     19.9 2023  3  7  5 48 34.900  3.9     0     0    10     6 -9.000  0.038   1
     7908  26.854541  102.967049    12.025     3050.2   -12116.2     5315.6     20.7     17.8     17.4 2023  3  7  7  3 58.650  4.7     0     0    22    18 -9.000  0.048   1
     7917  26.854871  102.940576    11.516      420.6   -12079.6     4807.0     30.4     28.2     27.5 2023  3  7  8 29 47.590  3.9     0     0    14     4 -9.000  0.037   1
     7918  26.853953  102.943270     6.419      687.9   -12181.2     -290.6     16.0     11.5     25.4 2023  3  7  9  0 10.340  3.6     0     0    16    15 -9.000  0.045   1
     7925  26.838251  102.895890    10.508    -4018.6   -13921.2     3798.9     36.1     16.7     17.0 2023  3  7 12  5  7.670  3.4     0     0     2     2 -9.000  0.023   1
     7935  26.857208  102.941341     9.677      496.2   -11820.6     2967.1     15.5     16.3     13.1 2023  3  7 14 38 37.060  4.7     0     0    37    20 -9.000  0.041   1
     7936  26.838033  102.970874    10.796     3430.5   -13945.3     4086.9     20.7     21.4     19.8 2023  3  7 14 40 28.790  5.5     0     0    10     7 -9.000  0.045   1
     7941  26.838076  102.968522     9.440     3196.7   -13940.5     2730.7     23.0     24.0     29.6 2023  3  7 15 16 57.950  5.0     0     0    12    10 -9.000  0.034   1
     7951  26.852307  102.978263     8.824     4163.9   -12363.6     2115.1     20.8     17.5     24.6 2023  3  7 19  1 47.320  3.7     0     0    11     4 -9.000  0.034   1
     7952  26.853156  102.947852     9.706     1143.0   -12269.7     2996.9     26.6     32.5     27.6 2023  3  7 19 34 57.680  3.8     0     0    20     1 -9.000  0.027   1
     7957  26.850641  102.969523    13.404     3295.7   -12548.2     6694.1     18.8     19.6     19.2 2023  3  7 21 13 56.400  4.6     0     0    17    12 -9.000  0.055   1
     7958  26.847247  102.980534     9.809     4389.4   -12924.4     3099.4     16.3     15.1     20.3 2023  3  7 21 21 37.800  5.0     0     0    16     5 -9.000  0.044   1
     7959  26.852563  102.959440     6.144     2294.3   -12335.2     -565.7     17.5     15.3     27.3 2023  3  7 21 31 15.800  3.7     0     0     4     3 -9.000  0.049   1
     7961  26.854948  102.955892     6.092     1941.4   -12071.0     -617.3     20.4     18.5     35.0 2023  3  7 21 37  4.480  3.4     0     0    14     7 -9.000  0.043   1
     7962  26.853001  102.966838    14.411     3029.3   -12286.8     7701.4     26.1     22.5     23.2 2023  3  7 21 44 29.500  5.0     0     0     9     5 -9.000  0.053   1
     7963  27.119932  102.878019    11.236    -5787.1    17290.0     4527.5      1.9      0.9      4.6 2023  3  7 21 49 56.680  2.0     0     0     2     3 -9.000  0.002   1
     7965  26.857920  102.937370     8.269      101.6   -11741.6     1559.3     20.6     16.8     27.0 2023  3  7 21 58 11.240  3.8     0     0    15     9 -9.000  0.064   1
     7967  26.871893  102.930965     9.982     -534.2   -10193.5     3272.4     17.0     17.1     11.0 2023  3  7 22 18  8.200  2.9     0     0    16    12 -9.000  0.031   1
     7972  26.842712  102.966406     6.251     2986.1   -13426.8     -458.3     20.3     15.1     26.3 2023  3  7 22 43 48.300  3.5     0     0    10     5 -9.000  0.037   1
     7973  26.870343  102.953532    12.135     1707.0   -10365.3     5425.7     11.8     14.4     11.0 2023  3  7 22 56 19.900  2.8     0     0     4     2 -9.000  0.041   1
     7978  26.931441  102.926896     8.149     -938.6    -3595.5     1439.4     36.3     30.4     20.4 2023  3  7 23 32 48.900  3.4     0     0     6     1 -9.000  0.048   1
     7981  26.856384  102.930094     9.181     -620.5   -11912.0     2471.1     15.4     13.8     19.5 2023  3  7 23 40 52.640  3.3     0     0    18    10 -9.000  0.040   1
     7984  26.862964  102.925903    12.535    -1037.3   -11182.9     5825.7     21.1     21.7     19.0 2023  3  8  0 24 24.290  3.9     0     0     2     1 -9.000  0.007   1
     7987  26.863534  102.918042    13.340    -1818.0   -11119.7     6630.2     20.9     19.8     17.0 2023  3  8  0 57 16.840  4.4     0     0     9     5 -9.000  0.032   1
     7990  26.860937  102.821794     4.131   -11378.9   -11407.4    -2577.6      3.9      1.3     12.3 2023  3  8  2 36 36.600  2.5     0     0    16    15 -9.000  0.004   1
     7991  26.847054  102.972135    10.178     3555.2   -12945.8     3468.6     22.2     25.8     28.9 2023  3  8  3  2 53.730  4.3     0     0     5     2 -9.000  0.033   1
     7998  26.852376  102.977482     8.525     4086.6   -12355.9     1815.4     17.0     14.4     23.0 2023  3  8  4 57 33.940  4.1     0     0    20    11 -9.000  0.040   1
     7999  26.853400  102.948210     9.248     1178.6   -12242.6     2538.4     21.5     16.7     19.7 2023  3  8  5 35 56.710  3.8     0     0    15     2 -9.000  0.042   1
     8001  26.848234  102.994710     7.365     5798.2   -12814.9      655.9     16.8     13.7     28.7 2023  3  8  5 58 31.450  3.9     0     0     4     2 -9.000  0.025   1
     8005  26.851717  102.949251     9.733     1282.1   -12429.0     3023.8     30.8     22.2     18.8 2023  3  8  7 58 32.550  4.1     0     0     6    14 -9.000  0.046   1
     8006  26.863704  102.966471    10.684     2992.4   -11100.8     3974.8     33.9     27.4     30.0 2023  3  8  8 34 31.870  3.2     0     0     6     6 -9.000  0.048   1
     8009  26.847591  102.926571     7.585     -970.7   -12886.2      875.1     14.2     11.3     16.0 2023  3  8  9 54 43.010  3.8     0     0     7     3 -9.000  0.027   1
     8010  26.849829  102.977848    11.713     4123.2   -12638.3     5003.5     22.2     20.2     27.2 2023  3  8 10 17 27.190  3.4     0     0     4     6 -9.000  0.031   1
     8014  26.862740  102.972493    12.630     3590.9   -11207.6     5920.4     21.3     20.4     17.2 2023  3  8 10 57 26.200  3.9     0     0     8     5 -9.000  0.037   1
     8017  26.854055  102.977295    10.508     4067.8   -12169.9     3798.7     24.4     21.2     20.1 2023  3  8 11 16  2.650  5.1     0     0     7     5 -9.000  0.034   1
     8018  26.865025  102.949479    12.902     1304.7   -10954.5     6192.9     12.5     14.1     10.4 2023  3  8 11 18  4.450  3.6     0     0     4     2 -9.000  0.010   1
     8024  26.851851  102.975513    12.613     3890.7   -12414.1     5903.7     15.1     16.3     15.1 2023  3  8 12 16  0.100  3.8     0     0    15    14 -9.000  0.039   1
     8028  26.849127  102.912028     6.834    -2415.6   -12715.9      124.9     33.1     25.4     35.3 2023  3  8 13 18 43.510  4.7     0     0     3     1 -9.000  0.061   1
     8032  26.863171  102.974251     8.127     3765.7   -11159.9     1417.4     22.9     22.5     31.5 2023  3  8 14 11 31.160  3.8     0     0     4     3 -9.000  0.039   1
     8034  26.867063  102.943001    12.435      661.3   -10728.7     5725.9     17.2     16.8     13.1 2023  3  8 14 20 24.250  3.6     0     0    12     4 -9.000  0.035   1
     8036  26.858256  102.932926    14.728     -339.1   -11704.4     8018.6     12.4      8.1     11.7 2023  3  8 14 27 34.350  3.7     0     0     2     1 -9.000  0.007   1
     8040  26.856342  102.920028    11.565    -1620.5   -11916.7     4855.1     20.7     17.1     15.4 2023  3  8 15 16  6.700  3.0     0     0    15     8 -9.000  0.042   1
     8041  26.858073  102.927889    11.062     -840.0   -11724.9     4352.6     22.2     21.0     17.1 2023  3  8 15 29 18.960  3.2     0     0     4     2 -9.000  0.047   1
     8045  26.867668  102.986230    12.269     4955.2   -10661.7     5559.6     29.3     18.8     28.1 2023  3  8 16 15 45.510  3.5     0     0     2     2 -9.000  0.061   1
     8048  27.126103  102.836279     6.617    -9928.4    17973.8      -92.3     38.4     29.8     39.6 2023  3  8 16 47  0.040  4.6     0     0     4     0 -9.000  0.052   1
     8052  26.854470  102.929858     6.791     -644.1   -12124.1       81.7     15.3     12.2     14.6 2023  3  8 17 18 39.640  3.5     0     0    12     6 -9.000  0.045   1
     8055  26.853906  102.941659    13.371      528.2   -12186.4     6661.9     25.8     16.0     19.5 2023  3  8 17 31 51.800  3.5     0     0     4     2 -9.000  0.026   1
     8060  26.797795  102.951237     2.556     1479.5   -18403.7    -4152.0      2.0      2.5      3.8 2023  3  8 18  3 16.080  3.2     0     0    15    12 -9.000  0.004   1
     8069  26.853933  102.934814    12.856     -151.9   -12183.6     6146.8     20.4     17.3     16.3 2023  3  8 18 45 27.540  3.1     0     0    15     9 -9.000  0.033   1
     8076  26.851774  102.910465     6.379    -2570.9   -12422.6     -330.9     31.1     20.6     23.2 2023  3  8 19 33  4.980  3.3     0     0     6     3 -9.000  0.026   1
     8077  26.870253  102.896444    16.220    -3962.9   -10375.2     9510.4      6.2      3.9      7.0 2023  3  8 19 41 40.680  4.8     0     0     1     3 -9.000  0.004   1
     8083  26.853306  102.913330     8.053    -2286.5   -12253.0     1343.1     22.1     15.8     18.9 2023  3  8 20 22 49.920  3.6     0     0    10     4 -9.000  0.057   1
     8086  26.864927  102.876139     4.920    -5980.6   -10965.2    -1789.3     37.7     28.9     41.3 2023  3  8 20 54 12.340  2.7     0     0     1     3 -9.000  0.048   1
     8088  26.843937  102.935954     6.713      -38.9   -13291.1        3.4     25.8     19.1     34.6 2023  3  8 21  9 16.720  3.6     0     0    11     8 -9.000  0.042   1
     8091  26.852970  102.945711     7.999      930.1   -12290.1     1289.2     14.9     13.6     17.9 2023  3  8 22  6  3.880  3.2     0     0    17     9 -9.000  0.053   1
     8092  26.859316  102.917977    12.013    -1824.5   -11587.0     5303.8     23.8     18.5     19.2 2023  3  8 22 12 10.060  4.3     0     0    13     7 -9.000  0.046   1
     8095  26.862528  102.961906     8.126     2539.1   -11231.1     1416.2     36.4     29.1     35.3 2023  3  8 22 33 59.480  2.8     0     0     1     2 -9.000  0.020   1
     8096  26.852590  102.975610    13.077     3900.5   -12332.2     6368.0     19.1     15.2     16.0 2023  3  8 22 37 22.840  5.7     0     0     8     8 -9.000  0.036   1
     8099  26.846771  102.938957    10.344      259.5   -12977.1     3634.5     37.5     23.9     29.9 2023  3  8 22 53 20.280  4.7     0     0     8     0 -9.000  0.029   1
     8101  26.875527  102.919084    12.012    -1714.6    -9790.9     5303.0     32.7     24.8     26.5 2023  3  8 23  6  0.800  3.6     0     0     8     6 -9.000  0.049   1
     8103  26.849888  102.966097     8.694     2955.8   -12631.8     1984.1     27.1     12.0     33.4 2023  3  8 23 12 30.580  4.0     0     0     4     5 -9.000  0.044   1
     8105  26.853261  102.927913     8.659     -837.6   -12257.9     1949.1     14.9     15.8     19.0 2023  3  8 23 18 10.400  4.0     0     0    21    10 -9.000  0.054   1
     8107  26.860181  102.996029    13.123     5928.8   -11491.2     6413.7     18.7     17.9     16.3 2023  3  8 23 45 23.120  3.7     0     0     3     4 -9.000  0.055   1
     8108  26.842800  102.923470     8.953    -1278.6   -13417.1     2243.6     15.6     11.2     13.9 2023  3  8 23 46 48.460  3.9     0     0     7     3 -9.000  0.047   1
     8110  26.844641  102.986466     8.645     4978.7   -13213.0     1935.8     17.5     13.4     28.1 2023  3  9  0 11 32.840  3.8     0     0    20    11 -9.000  0.038   1
     8111  26.846375  102.937166     9.277       81.6   -13021.0     2567.9     19.7     16.4     19.6 2023  3  9  0 20 14.370  4.3     0     0     9     5 -9.000  0.039   1
     8112  26.861812  102.972941    17.635     3634.8   -11310.5    10925.3     15.9     12.0     13.0 2023  3  9  0 23 49.560  4.3     0     0     1     2 -9.000  0.023   1
     8127  26.863464  102.979679    12.745     4304.2   -11127.4     6035.2     36.1     29.6     28.3 2023  3  9  5 38 49.280  3.6     0     0     6     4 -9.000  0.060   1
     8131  26.885101  102.878776    10.725    -5718.1    -8729.9     4015.2      1.7      1.4      1.3 2023  3  9  6 15  1.920  4.2     0     0     1     1 -9.000  0.000   1
     8132  26.867489  102.952791     7.543     1633.3   -10681.6      833.5     20.1     15.2     19.5 2023  3  9  6 15 57.580  3.8     0     0    10     5 -9.000  0.033   1
     8135  26.859902  102.966699     9.021     3014.8   -11522.0     2311.1     15.2     12.0     19.3 2023  3  9  6 32  3.490  4.6     0     0    12     8 -9.000  0.046   1
     8136  26.836448  102.962996     8.559     2648.0   -14120.8     1849.6     39.1     20.4     24.3 2023  3  9  6 38 46.780  4.4     0     0     3     1 -9.000  0.024   1
     8137  26.858830  102.957992     9.424     2150.0   -11640.8     2714.9     24.9     24.6     18.0 2023  3  9  6 45 48.780  4.3     0     0    37    24 -9.000  0.042   1
     8140  26.849858  102.949756     3.818     1332.2   -12635.0    -2891.4     21.3     20.5     38.0 2023  3  9  7  8 25.370  3.4     0     0     4     4 -9.000  0.050   1
     8144  26.860238  102.941382    10.638      500.3   -11485.0     3928.5     19.6     12.4     22.4 2023  3  9  7 34 41.280  4.7     0     0     2     2 -9.000  0.031   1
     8145  26.865938  102.950602    10.198     1416.3   -10853.3     3488.5     22.0     17.9     21.0 2023  3  9  7 45 48.840  3.7     0     0    34    19 -9.000  0.048   1
     8146  26.861326  102.971395     9.461     3481.7   -11364.3     2751.6     22.9     28.8     27.8 2023  3  9  7 50 26.150  4.2     0     0    12     6 -9.000  0.047   1
     8147  26.845520  102.976497    11.100     3988.4   -13115.8     4390.5     27.8     18.5     32.5 2023  3  9  8  5  8.460  5.2     0     0     6     5 -9.000  0.043   1
     8150  26.855882  102.937793     9.039      144.0   -11967.5     2329.7     36.0     23.4     21.2 2023  3  9  8 35  7.290  3.8     0     0    12     3 -9.000  0.036   1
     8151  26.857463  102.930273     5.325     -602.9   -11792.5    -1384.1     32.2     25.1     49.9 2023  3  9  8 52 12.380  3.5     0     0     4     1 -9.000  0.028   1
     8154  26.859599  102.974552     9.812     3794.9   -11555.7     3102.6     26.0     26.7     24.5 2023  3  9  9  0 32.320  4.4     0     0    15     8 -9.000  0.047   1
     8155  26.853453  102.970532     6.786     3395.7   -12236.7       76.6     29.0     25.6     30.7 2023  3  9  9  4 20.880  3.9     0     0     9     9 -9.000  0.039   1
     8156  26.854502  102.944352     6.923      795.3   -12120.4      213.4     17.9     12.8     25.2 2023  3  9  9 17 11.790  4.6     0     0    13    10 -9.000  0.047   1
     8164  27.117413  102.848535     7.661    -8712.2    17010.9      951.5     18.9     14.5     30.9 2023  3  9 10 41  7.180  4.8     0     0     8     3 -9.000  0.035   1
     8165  26.861532  102.924919    10.796    -1135.2   -11341.5     4087.1     24.0     21.6     20.9 2023  3  9 10 47 38.330  4.0     0     0     4     1 -9.000  0.032   1
     8167  26.855516  102.929321     4.612     -697.3   -12008.1    -2097.6     30.7     29.9     58.0 2023  3  9 10 55  9.970  3.2     0     0     1     1 -9.000  0.014   1
     8168  26.867961  102.960319    10.692     2381.0   -10629.3     3982.8     27.0     21.1     23.2 2023  3  9 11 29 19.350  3.7     0     0     8     3 -9.000  0.058   1
     8182  26.854460  102.948128     6.483     1170.6   -12125.1     -226.6     18.3     12.9     25.0 2023  3  9 12 37 22.580  3.5     0     0     7     8 -9.000  0.039   1
     8184  26.864541  102.922754     7.877    -1350.2   -11008.1     1167.2      7.6      4.0     10.2 2023  3  9 12 47 42.030  3.1     0     0     1     2 -9.000  0.004   1
     8189  26.863047  102.931340    12.706     -497.2   -11173.7     5996.2     26.1     19.2     19.5 2023  3  9 14  4  0.120  3.2     0     0    12     5 -9.000  0.032   1
     8191  26.843937  102.984627     9.892     4796.1   -13291.0     3182.9     13.5     17.2     20.6 2023  3  9 14 21 16.440  3.5     0     0    15     8 -9.000  0.049   1
     8206  26.853961  102.873576     8.037    -6235.2   -12180.4     1327.9      2.1      3.0      8.4 2023  3  9 19  9 13.960  4.6     0     0     1     3 -9.000  0.001   1
     8210  26.856862  102.980086    14.903     4345.1   -11859.0     8193.4     36.6     25.1     28.6 2023  3  9 20  3 57.760  3.3     0     0     4     3 -9.000  0.039   1
     8211  26.851013  102.941187     9.929      480.7   -12507.0     3219.9     16.0     16.0     18.2 2023  3  9 20 12 33.100  3.2     0     0    41    23 -9.000  0.043   1
     8214  26.858046  102.937118    12.236       76.6   -11727.8     5526.2     22.6     15.4     15.9 2023  3  9 20 28 34.160  4.3     0     0    20    12 -9.000  0.031   1
     8217  26.852486  102.943058    10.398      667.1   -12343.7     3688.3     15.5     15.6     14.9 2023  3  9 20 49  9.860  3.8     0     0    28    10 -9.000  0.040   1
     8220  26.852094  102.943587    11.144      719.1   -12387.4     4434.7     16.4     13.7     15.5 2023  3  9 20 59 26.880  3.6     0     0     7     6 -9.000  0.040   1
     8222  26.865739  102.964608    11.776     2807.5   -10875.4     5066.7     16.6     17.9     15.2 2023  3  9 21  6 49.400  5.5     0     0    21     8 -9.000  0.047   1
     8225  26.890057  102.858521     5.005    -7729.1    -8180.7    -1704.3     24.1     18.0     27.7 2023  3  9 21 21 14.320  2.9     0     0     2     3 -9.000  0.058   1
     8226  26.845858  102.945532    10.896      912.7   -13078.2     4186.4     19.9     17.7     18.3 2023  3  9 21 23 54.960  3.3     0     0     4     2 -9.000  0.007   1
     8229  26.856641  102.942269     9.657      588.2   -11883.4     2947.1     24.9     17.3     21.5 2023  3  9 21 36  5.600  4.2     0     0     4     3 -9.000  0.046   1
     8230  26.861434  102.939689    14.904      332.6   -11352.5     8194.3     11.3      8.2     11.8 2023  3  9 21 40 47.780  3.3     0     0     2     1 -9.000  0.007   1
     8232  26.846720  102.974927     9.896     3832.9   -12982.8     3186.8     17.2     10.7     18.8 2023  3  9 21 46 60.000  3.1     0     0    24     6 -9.000  0.034   1
     8238  26.867255  102.912573     8.266    -2361.3   -10707.3     1556.8      7.9      4.1      9.6 2023  3  9 22 21 41.640  3.2     0     0     1     2 -9.000  0.004   1
     8242  26.850419  102.967855     8.810     3129.8   -12572.9     2101.0     22.1     15.8     23.9 2023  3  9 22 48 34.080  4.1     0     0    18     6 -9.000  0.032   1
     8249  26.862097  102.934269    11.607     -206.1   -11278.9     4897.4     28.9     21.1     18.1 2023  3 10  0 20 44.950  5.9     0     0    15     5 -9.000  0.039   1
     8252  26.850362  102.943424     9.323      703.6   -12579.1     2613.7     20.8     17.5     30.8 2023  3 10  0 50 10.710  4.5     0     0     9     5 -9.000  0.044   1
     8253  26.870996  102.952783     8.453     1633.1   -10292.8     1743.4     19.7     20.0     19.5 2023  3 10  1  0 57.730  3.6     0     0     8    11 -9.000  0.053   1
     8255  26.855353  102.970280    14.402     3371.3   -12026.2     7692.2     27.0     19.3     26.4 2023  3 10  1 32 16.860  4.9     0     0    12     6 -9.000  0.048   1
     8257  26.850987  102.933358     9.611     -296.5   -12509.9     2901.9     18.8     21.3     29.3 2023  3 10  1 49 34.370  3.2     0     0     6     6 -9.000  0.052   1
     8259  26.863641  102.956567    10.813     2009.0   -11107.8     4103.2     18.7     17.4     13.8 2023  3 10  1 58 31.470  3.0     0     0    30    18 -9.000  0.033   1
     8262  26.864421  102.900342     7.735    -3576.4   -11021.5     1025.3     23.4     16.6     20.9 2023  3 10  2 51 15.510  3.8     0     0     9     5 -9.000  0.047   1
     8266  26.847192  102.960799     8.710     2429.3   -12930.5     2001.0     22.2     24.6     28.4 2023  3 10  3 17 29.250  3.3     0     0     8     8 -9.000  0.043   1
     8269  26.861367  102.926400    10.222     -988.1   -11359.8     3513.0     16.1     21.6     14.2 2023  3 10  3 35  0.230  3.7     0     0     6     3 -9.000  0.051   1
     8270  26.843520  102.924740     7.612    -1152.9   -13337.3      902.6     16.3     12.1     18.7 2023  3 10  3 57 59.930  3.8     0     0     3     1 -9.000  0.019   1
     8273  26.858761  102.962915     6.191     2639.7   -11648.5     -518.3     25.5     17.0     30.5 2023  3 10  5 16 46.140  3.4     0     0     8     6 -9.000  0.039   1
     8274  26.870664  102.936670     9.365       32.0   -10329.7     2655.6     24.5     17.2     19.1 2023  3 10  5 39 33.910  3.2     0     0    14     2 -9.000  0.027   1
     8278  26.868331  102.944808    10.252      840.7   -10588.1     3542.9     16.5     14.2     14.3 2023  3 10  6 35 52.530  3.7     0     0    43    26 -9.000  0.033   1
     8283  26.857056  102.933529     9.965     -279.7   -11837.4     3255.5     24.2     19.2     14.4 2023  3 10  7 38 58.260  3.4     0     0    27    13 -9.000  0.040   1
     8292  26.874148  102.885254     7.383    -5075.0    -9943.6      673.9     14.6     10.4     17.2 2023  3 10 10 18  1.900  3.2     0     0     2     2 -9.000  0.010   1
     8295  26.846008  102.985205     8.425     4853.6   -13061.7     1715.4     18.7     14.1     26.4 2023  3 10 11 21 23.380  3.7     0     0    17     7 -9.000  0.046   1
     8296  26.853636  102.951237    12.460     1479.4   -12216.5     5750.9     22.6     21.2     14.9 2023  3 10 12 19 19.310  3.8     0     0     9     3 -9.000  0.029   1
     8299  26.838519  102.957308    11.855     2082.5   -13891.3     5145.6     19.2     21.9     26.9 2023  3 10 13 19 21.930  4.4     0     0    19    10 -9.000  0.051   1
     8303  26.900313  102.896183    12.884    -3988.6    -7044.5     6174.5      4.2      2.8      2.0 2023  3 10 14 11 46.060  3.1     0     0     2     1 -9.000  0.000   1
     8306  26.863279  102.938525     9.496      216.8   -11148.0     2786.8     20.5     19.2     15.5 2023  3 10 14 54 39.550  3.0     0     0     7     3 -9.000  0.056   1
     8311  26.846897  102.915356    13.065    -2084.7   -12963.1     6355.7     25.0     22.1     26.8 2023  3 10 16 13 27.700  4.2     0     0     3     2 -9.000  0.009   1
     8318  27.033480  102.886678     8.956    -4929.4     7710.7     2246.6     68.0     24.6     31.0 2023  3 10 18  8  4.120  5.1     0     0     5     4 -9.000  0.046   1
     8322  26.854401  102.863387     7.642    -7247.6   -12131.6      933.1      1.7      3.1      9.2 2023  3 10 18 44 12.160  3.2     0     0     1     3 -9.000  0.001   1
     8326  27.038082  102.893245     4.315    -4277.9     8220.8    -2394.0     34.6     17.8     23.6 2023  3 10 18 54 26.660  4.2     0     0     3     2 -9.000  0.054   1
     8327  27.038871  102.903817     6.994    -3228.8     8308.3      284.4     31.5     22.2     24.2 2023  3 10 18 57 22.520  4.0     0     0     5     6 -9.000  0.027   1
     8328  27.019430  102.890454     8.204    -4554.9     6154.0     1494.5     29.7     15.5     18.0 2023  3 10 19  2 23.420  3.6     0     0     9     4 -9.000  0.039   1
     8329  27.029830  102.894222     6.913    -4180.7     7306.4      203.8     19.3     11.5     11.9 2023  3 10 19  5 56.400  3.5     0     0    12     6 -9.000  0.028   1
     8330  27.039860  102.902026     4.750    -3406.5     8417.7    -1959.6     32.5     18.0     23.3 2023  3 10 19  8  6.500  3.5     0     0     3     2 -9.000  0.054   1
     8334  26.869743  102.922323     9.286    -1392.4   -10431.7     2576.7     23.0     14.3     13.1 2023  3 10 19 42 53.960  3.4     0     0    12     6 -9.000  0.025   1
     8337  27.027401  102.898633     6.791    -3743.3     7037.1       81.9     26.1     16.2     11.7 2023  3 10 19 55 36.400  3.6     0     0    10     5 -9.000  0.028   1
     8340  26.855607  102.964876     5.291     2834.1   -11998.1    -1418.4     40.0     31.1     53.1 2023  3 10 20 14 21.600  3.7     0     0     2     3 -9.000  0.044   1
     8341  27.044979  102.907609     8.000    -2852.3     8984.9     1290.4     37.7     29.6     28.0 2023  3 10 20 18 50.880  3.5     0     0     1     1 -9.000  0.016   1
     8342  27.026239  102.897835     7.526    -3822.1     6908.4      816.9     21.0     13.6      8.9 2023  3 10 20 25 38.040  4.2     0     0    14     2 -9.000  0.024   1
     8348  26.858236  102.946110     8.199      969.9   -11706.8     1489.7     24.4     17.5     30.8 2023  3 10 21  1 10.820  3.8     0     0    10     6 -9.000  0.048   1
     8351  26.848706  102.966300     4.729     2975.4   -12762.6    -1980.0     14.6     14.6     27.0 2023  3 10 21 25  8.780  3.5     0     0     6     5 -9.000  0.051   1
     8352  26.850871  102.922917     7.112    -1334.3   -12522.7      402.3     15.8     14.8     25.9 2023  3 10 21 37 59.640  3.4     0     0    10     5 -9.000  0.057   1
     8359  26.855497  102.949382     7.968     1294.9   -12010.1     1258.1     19.4     18.7     21.4 2023  3 10 22 15  6.000  3.3     0     0    23    11 -9.000  0.046   1
     8360  27.117617  102.853377     9.869    -8231.6    17033.5     3159.9     30.5     21.7     21.9 2023  3 10 22 20 47.780  3.8     0     0     1     2 -9.000  0.001   1
     8361  26.865045  102.941016    10.972      463.8   -10952.3     4263.0     25.3     19.6     19.7 2023  3 10 22 47  7.000  2.6     0     0    30    14 -9.000  0.033   1
     8367  27.092668  102.872233     7.704    -6361.9    14268.9      994.2      3.3      2.0      3.3 2023  3 10 23  3 54.240  3.1     0     0     1     2 -9.000  0.000   1
     8368  26.863479  102.937630     5.945      127.4   -11125.9     -764.9     26.4     18.6     39.2 2023  3 10 23 16  7.960  3.8     0     0    11    10 -9.000  0.038   1
     8369  26.866593  102.956934     7.931     2044.7   -10780.7     1221.7     28.3     22.4     28.5 2023  3 10 23 23 55.520  3.7     0     0     6     5 -9.000  0.058   1
     8387  26.858488  102.976457     8.408     3984.2   -11678.9     1698.4     21.2     16.5     31.4 2023  3 11 12 29 14.010  3.8     0     0     3     1 -9.000  0.038   1
     8389  26.853524  102.940348    10.698      397.6   -12228.9     3989.0     19.5     10.5     23.0 2023  3 11 13  1 44.590  3.6     0     0     4     5 -9.000  0.044   1
     8396  27.097180  102.833171     5.855   -10237.8    14769.1     -854.8     24.1     14.7     25.9 2023  3 11 14 41 36.280  3.2     0     0     2     2 -9.000  0.025   1
     8415  26.875494  102.861589     4.726    -7425.2    -9794.3    -1983.5     24.6     17.1     29.4 2023  3 11 21  1 59.360  3.0     0     0     3     6 -9.000  0.054   1
     8425  27.166172  103.117220     6.280    17942.5    22413.5     -429.5     40.7     41.5     80.1 2023  3 11 23 30 29.900  5.2     0     0     3     1 -9.000  0.018   1
     8433  26.836582  102.925846    12.197    -1042.9   -14106.1     5487.4     19.3     13.7     15.2 2023  3 12  1 19  0.180  4.4     0     0     6     4 -9.000  0.037   1
     8448  26.985506  102.895614     5.806    -4043.4     2395.1     -903.7     19.5     25.3     15.8 2023  3 12  7 30 14.880  4.3     0     0     2     0 -9.000  0.002   1
     8451  26.846743  102.948193     8.803     1177.1   -12980.3     2093.8     24.0     19.4     26.0 2023  3 12  8 12 14.030  3.9     0     0    19     6 -9.000  0.045   1
     8456  26.962974  102.915820     4.172    -2038.1     -101.4    -2537.4     26.1     28.8     16.4 2023  3 12  9 34 52.820  3.1     0     0     6     1 -9.000  0.006   1
     8477  26.870288  102.888013    11.080    -4800.8   -10371.4     4371.0      1.7      1.3      1.3 2023  3 12 15 10  5.500  3.7     0     0     1     1 -9.000  0.000   1
     8482  26.865523  102.922021     7.108    -1423.0   -10899.2      398.5     25.7     21.9     25.5 2023  3 12 16  1 19.490  2.8     0     0    15     6 -9.000  0.048   1
     8484  26.841705  102.923210     8.461    -1305.2   -13538.3     1751.4     36.4     28.4     32.2 2023  3 12 16 51 30.830  2.8     0     0     7     1 -9.000  0.036   1
     8490  26.865017  102.924276    11.853    -1198.8   -10955.4     5144.0     13.3     13.8     12.9 2023  3 12 19  9 25.300  3.5     0     0    15     7 -9.000  0.037   1
     8503  26.886552  102.908675    12.779    -2747.8    -8569.3     6069.1     35.6     27.8     18.5 2023  3 12 21 27  7.280  3.4     0     0     2     2 -9.000  0.024   1
      291  26.693107  103.107650     0.487     1346.3     -223.4     -511.9    499.6    480.2    739.2 2022  9  3 13 29 19.250  2.7     0     0     2    10 -9.000  0.503   2
     1066  26.685229  103.124748     0.935     3047.9    -1096.2      -64.5    421.4    515.1    514.3 2022  9 28 20 50 44.040  1.5     0     0     4     9 -9.000  0.328   2
     1654  26.694729  103.117676     0.141     2343.7      -43.8     -858.2    608.0    466.0    683.6 2022 10 17  6 27 44.510  2.6     0     0     4    11 -9.000  0.382   2
     5779  26.698625  103.103076     0.703      890.6      388.1     -295.7    701.5    680.8    909.9 2023  2  4 20 33 16.460  0.1     0     0     5     7 -9.000  0.591   2
     6242  26.687496  103.109416     0.869     1521.9     -845.1     -130.2    594.8    354.5    667.1 2023  2 10  0 26 35.850  1.4     0     0     3    11 -9.000  0.410   2
     1288  26.897268  103.162061     0.505     3562.8     -895.6    -2156.5     46.7     41.2     60.0 2022 10  5  6 51 23.950  3.2     0     0     1     2 -9.000  0.181   3
     1598  26.934572  103.109473     0.960    -1661.1     3237.7    -1701.4     27.6     21.0     32.2 2022 10 15  6 43 42.760  3.7     0     0     0     1 -9.000  0.040   3
     3950  26.913430  103.126042     0.849      -15.3      895.2    -1812.7     64.6     70.0    135.6 2023  1 15 23 45 28.440  3.8     0     0     1     3 -9.000  0.471   3
     4128  26.924434  103.114705     1.718    -1141.1     2114.5     -943.0     26.9     21.2    105.2 2023  1 17 18 26 33.680  3.0     0     0     1     4 -9.000  0.421   3
     4837  26.910850  103.169808     0.221     4332.3      609.3    -2440.7     45.6     39.5     59.1 2023  1 25 18 32 16.920  1.9     0     0     1     2 -9.000  0.181   3
       17  26.970433  102.936466     1.679    -1236.6    -1552.2      679.5    240.8    200.6    284.5 2022  8 24 19 43 12.880  2.0     0     0     5     4 -9.000  0.104   4
      247  26.998716  102.951221     1.530      228.0     1581.9      531.4    297.4    231.8    363.2 2022  9  2  8 36  2.680  3.1     0     0     5     7 -9.000  0.145   4
      704  26.971997  102.957902     2.850      891.1    -1378.7     1850.5    204.2    196.1    277.5 2022  9 16 11 33 13.480  2.3     0     0     1     2 -9.000  0.140   4
     1372  27.007597  102.964966     0.501     1592.4     2565.9     -497.7    199.8    133.0    229.9 2022 10  7 19 56 32.560  1.3     0     0     3     4 -9.000  0.048   4
     1517  26.973179  102.944531     0.462     -435.9    -1247.7     -536.6    193.0    247.3    296.7 2022 10 12 18 46 32.960  0.5     0     0     5     4 -9.000  0.117   4
     1675  26.994891  102.939168     0.777     -968.9     1157.9     -221.6    185.8    146.8    209.6 2022 10 17 19 43 12.380  1.3     0     0     7     6 -9.000  0.106   4
     1966  26.992027  102.932316     0.023    -1649.0      840.7     -976.1    159.2    133.3    190.3 2022 10 27 20 13 12.260  1.2     0     0     5     4 -9.000  0.077   4
     2088  26.998299  102.944564     0.414     -433.0     1535.7     -584.8    205.8    146.6    230.9 2022 10 31 15 53 12.360  2.0     0     0     8     6 -9.000  0.112   4
     3929  27.006234  102.966650     1.768     1759.1     2414.7      769.4    204.3    136.3    253.5 2023  1 15 19 56 32.620  2.2     0     0     4     5 -9.000  0.075   4
     5595  26.974559  102.948315     1.132      -60.3    -1094.9      133.1    186.4    202.8    545.1 2023  2  2 17 56 33.080  1.6     0     0     5     6 -9.000  0.106   4
     2536  26.840320  102.881616     0.365       25.8      106.6     -633.6    499.3    678.0    810.5 2023  1  1  9 39 55.850  2.4     0     0     1     5 -9.000  0.212   5
     5142  26.831047  102.876156     0.204     -516.8     -920.8     -795.2    658.7    930.0   1280.4 2023  1 28 20 26 15.240  1.1     0     0     0     4 -9.000  0.358   5
     6314  26.846606  102.878735     0.915     -260.5      803.1      -83.5    583.4    733.3    892.8 2023  2 10 18 29 55.960  0.2     0     0     1     5 -9.000  0.308   5
      340  27.067550  102.848047     0.950      507.0    -1515.6      -49.1      4.4      3.5      3.0 2022  9  4 23  3 16.560  1.8     0     0    10     8 -9.000  0.052   6
      487  27.083199  102.854297  4041.320     1127.1      218.5  4040320.8      8.1      8.4  11256.5 2022  9  9  8 36 36.300  1.5     0     0     9     8 -9.000  0.062   6
      652  27.067645  102.847762     0.984      479.0    -1505.0      -15.5      4.5      4.7      7.2 2022  9 14 19 53 16.560  1.3     0     0    10     8 -9.000  0.053   6
     1503  27.067570  102.847925     0.915      494.5    -1513.4      -83.9      1.6      4.3      8.0 2022 10 12  9 23 16.560  1.4     0     0    10     8 -9.000  0.052   6
     4262  27.083254  102.855135     0.713     1210.0      224.6     -286.3      8.1      8.3     10.4 2023  1 19  1 43 16.260  2.3     0     0     9     8 -9.000  0.071   6
     1603  26.879148  103.008455     0.363     -914.4       71.7     -636.3     89.0    101.3    111.5 2022 10 15 12 16 36.240  0.9     0     0     1     2 -9.000  0.115   7
     6077  26.868044  103.011621     0.972     -599.8    -1158.7      -27.5     88.6    106.6    111.5 2023  2  8  2  6 36.540  0.3     0     0     1     2 -9.000  0.115   7
     1638  26.865889  103.034131     0.965      679.4      519.6      -34.4      0.2      0.4      0.4 2022 10 16 16 33 16.820  1.1     0     0     2     3 -9.000  0.001   8
     1896  26.865934  103.034139     0.968      679.8      524.7      -31.1      0.2      0.4      0.4 2022 10 24 14  6 36.820  1.5     0     0     2     3 -9.000  0.001   8
     5001  26.931333  102.650187     0.800      327.9    -1428.2     -812.4     87.9    103.7    120.7 2023  1 27  8 51 44.840  3.6     0     0     2     2 -9.000  0.250   9
     8054  26.941748  102.638908     1.177     -792.0     -274.1     -435.2     88.3    106.3    167.9 2023  3  8 17 25 24.640  3.1     0     0     2     2 -9.000  0.250   9
      427  26.986184  102.831877     0.952      759.6      -41.4      -47.1      2.8      3.9      5.3 2022  9  7 10 43 16.910  1.7     0     0     5     6 -9.000  0.010  10
     2209  26.986424  102.831706     0.923      742.6      -14.7      -76.4      3.5      4.9      5.2 2022 11  6 21  3 16.920  1.1     0     0     5     6 -9.000  0.009  10
     2730  26.977466  102.816187     0.942     -798.2    -1007.3      -57.0      9.0     11.6     13.7 2023  1  3 13 29 56.810  0.9     0     0     3     0 -9.000  0.018  10
     6613  26.986218  102.831852     0.933      756.7      -37.4      -66.0      3.1      4.2      4.6 2023  2 14  7 19 56.920  1.4     0     0     5     6 -9.000  0.008  10
     2336  26.851103  102.682235     0.166     4274.6     6132.8     -655.3    191.7    331.8    263.6 2022 11 21 17 37 21.480  3.6     0     0     1     1 -9.000  0.672  11
     4317  26.858348  102.668693     0.177     2928.2     6935.7     -645.8    192.0    327.1    263.6 2023  1 19 17  4 30.000  3.3     0     0     1     1 -9.000  0.672  11
     2277  26.856104  102.967537     0.729    -1337.5     -611.8     -270.3     38.6     39.5     53.5 2022 11 11  4 59 56.800  1.6     0     0     4     2 -9.000  0.063  12
     4108  26.866803  102.977401     0.964     -357.6      573.8      -35.5      9.8      9.5     15.5 2023  1 17 14 23 17.030  1.4     0     0     5     3 -9.000  0.039  12
     6494  26.866905  102.977271     0.995     -370.5      584.9       -4.4     10.3     10.3     15.8 2023  2 12 19 33 17.040  1.2     0     0     5     3 -9.000  0.039  12
     3101  26.726190  102.976034     1.442    -1224.4      445.7      443.0    417.8    249.7    335.0 2023  1  7  0 57  1.850  2.6     0     0     1     3 -9.000  0.432  13
     4251  26.731517  102.997982     1.209      959.8     1035.9      209.8    239.4    146.0    266.6 2023  1 18 23 25 24.120  2.7     0     0     3     7 -9.000  0.239  13
     6332  26.723088  103.007039     0.578     1860.9      102.0     -421.4    358.6    140.7    378.6 2023  2 10 22  2 20.480  3.5     0     0     4     5 -9.000  0.299  13
     6789  26.737677  102.990446     0.831      209.4     1718.4     -167.6    240.9    156.0    184.6 2023  2 17  2 47 27.220  2.8     0     0     1     5 -9.000  0.300  13
     7212  26.721348  102.993319     1.273      495.5      -90.9      274.0    238.8    147.2    258.2 2023  2 23 22 39 27.600  2.8     0     0     5    10 -9.000  0.329  13
       33  26.570176  103.044417     1.192     -240.9    -2251.7      192.7    418.6    283.4    330.8 2022  8 25 16 10 33.300  2.2     0     0     3     4 -9.000  0.255  14
      305  26.621375  103.049837     0.866      299.0     3421.0     -132.6    490.2    225.2    620.4 2022  9  3 22  2  0.900  2.8     0     0     3     2 -9.000  0.241  14
     1714  26.563481  103.051847     0.757      499.4    -2993.6     -242.4    499.1    287.2    289.2 2022 10 19  3  3 49.180  2.3     0     0     1     2 -9.000  0.247  14
     2683  26.612154  103.040324     1.283     -648.5     2399.4      283.6    323.5    219.5    836.1 2023  1  3  0 39 29.540  3.1     0     0     3     2 -9.000  0.241  14
     2881  26.594643  103.041260     1.342     -555.1      459.2      343.0   1017.2    519.7   1335.4 2023  1  5  0 25 58.430  3.3     0     0     3     1 -9.000  0.197  14
     6519  26.582495  103.051058     0.851      420.4     -886.8     -148.4    874.8    489.9    692.6 2023  2 13  2 48 50.630  3.2     0     0     5     3 -9.000  0.231  14
     1991  26.772111  103.149072     1.227     -638.7     -117.3      227.7     67.8     27.2    105.4 2022 10 28 16  1 21.310  2.8     0     0     2     3 -9.000  0.066  16
     6232  26.780965  103.162866     0.880      733.5      863.9     -119.1     49.3     36.2     52.8 2023  2  9 22 25 42.360  2.0     0     0     2     3 -9.000  0.052  16
     6431  26.780721  103.155436     0.884       -6.1      836.9     -115.5     42.4     34.6     46.4 2023  2 12  1 48 36.420  3.4     0     0     2     2 -9.000  0.052  16
      636  26.973499  102.906714     1.132     -485.4     1229.9      133.4    132.7    231.8     80.9 2022  9 14  7 11 21.890  2.8     0     0     4     5 -9.000  0.132  20
     2147  26.959536  102.903426     0.912     -812.2     -317.2      -86.9    152.4    231.6    334.4 2022 11  3 23 31 11.400  3.4     0     0     3     6 -9.000  0.201  20
     2219  26.950771  102.900789     0.081    -1073.8    -1288.3     -918.3    262.1    307.7    413.8 2022 11  7  8 36 39.440  1.3     0     0     0     2 -9.000  0.172  20
     2403  26.964256  102.912614     1.195      100.0      205.8      196.1    152.8    218.6    165.6 2022 11 30 21 45 22.320  2.7     0     0     3     5 -9.000  0.171  20
     1162  26.840379  103.136849     1.013     1058.6     1704.0       14.2    268.9    227.7    364.6 2022 10  1  4 32  9.710  2.8     0     0     3     3 -9.000  0.352  21
     2205  26.833553  103.141382     0.958     1509.7      947.6      -41.0    221.7    205.5    250.4 2022 11  6 13 48 25.520  3.3     0     0     3     3 -9.000  0.313  21
     2686  26.833411  103.138517     1.395     1225.1      931.9      395.7    175.3    207.5    280.2 2023  1  3  0 50 29.900  3.0     0     0     0     2 -9.000  0.278  21
     2140  27.169312  102.907943     0.976       -5.9     -120.5      -22.9    335.2    383.4    544.2 2022 11  3 12 12 28.750  3.0     0     0     1     2 -9.000  0.327  22
     8250  27.171533  102.910645     0.900      262.5      125.6      -98.9    335.3    383.2    544.2 2023  3 10  0 34 54.290  3.3     0     0     1     2 -9.000  0.327  22
       96  27.247052  103.033927     0.943     3122.4     -393.1      -55.7    161.2    449.2    272.1 2022  8 27 21  7 17.300  2.4     0     0     1     2 -9.000  0.116  23
     1271  27.245846  103.001733     0.926      -66.4     -526.9      -73.3    252.5    307.2    136.0 2022 10  4 16 15 53.440  1.5     0     0     4     5 -9.000  0.367  23
     4725  27.260073  102.998714     1.092     -364.8     1049.6       93.1    251.1    284.1    336.2 2023  1 24 11  0 35.400  1.8     0     0     2     2 -9.000  0.300  23
     5470  27.249589  103.015397     1.025     1287.4     -112.1       26.4    166.0    351.2    195.7 2023  2  1  8 15 13.530  2.2     0     0     3     5 -9.000  0.334  23
     6418  26.688814  103.163843     1.200     2423.3      838.1    -1116.2     26.8     34.0     50.7 2023  2 11 22 13 32.880  2.5     0     0     2     3 -9.000  0.914  27
     8104  26.696208  103.151131     0.040     1158.6     1657.3    -2277.4     26.8     33.5     36.3 2023  3  8 23 13 49.680  3.6     0     0     2     3 -9.000  0.914  27
     4407  27.060974  102.911930     0.951    -1271.8     -557.0      -48.3      5.6      4.9      6.6 2023  1 20 18 58 43.360  1.9     0     0     3     2 -9.000  0.350  28
     8332  27.050094  102.897095     0.980    -2743.1    -1762.7      -18.6      4.8      5.0      6.6 2023  3 10 19 23 43.760  2.4     0     0     3     2 -9.000  0.350  28
     2685  27.135166  102.851025     0.970    -1459.9      101.5      -28.9    704.2    339.2    622.6 2023  1  3  0 47 58.280  2.3     0     0     2     2 -9.000  0.218  30
     3654  27.124636  102.882316     0.860     1641.5    -1065.4     -138.5    640.0    369.3    469.9 2023  1 13  1  9 56.490  1.5     0     0     3     2 -9.000  0.133  30
     5893  27.130798  102.874593     1.040      876.1     -382.5       41.1    612.9    370.1    840.4 2023  2  6  2 53 16.550  1.4     0     0     3     2 -9.000  0.133  30
     7598  27.146598  102.855632     0.945    -1003.3     1368.2      -53.7    682.5    339.7    622.6 2023  3  1 18  3 16.640  2.0     0     0     2     2 -9.000  0.218  30
      191  27.128973  102.939958     1.083     1384.2      384.8       83.8    278.0    138.9    487.4 2022  8 31  3 29 56.480  1.5     0     0     2     3 -9.000  0.085  36
     4799  27.132644  102.935026     1.021      895.4      791.4       22.2    234.7    138.8    483.4 2023  1 25  5 36 36.500  2.6     0     0     2     3 -9.000  0.085  36
     3446  26.980497  103.048641     0.972     2570.0     3296.2      -27.1     97.5     85.4    123.4 2023  1 10 10 57 50.070  3.2     0     0     3     2 -9.000  0.411  37
     3679  26.965186  103.043433     0.998     2053.3     1599.7       -1.1     99.0     77.5    123.4 2023  1 13  6  6 58.540  3.3     0     0     3     2 -9.000  0.411  37
     3660  27.020394  102.776953     0.926     2625.6    -2782.0      -73.3      4.0      3.9      4.0 2023  1 13  2  3 46.600  3.2     0     0     2     3 -9.000  0.247  40
     5203  27.034424  102.766064     1.070     1544.8    -1227.5       71.1      4.0      4.2      5.5 2023  1 29 10 29  4.460  3.6     0     0     2     3 -9.000  0.247  40
     1183  27.289709  102.888249     1.070    -2548.9     1630.0       70.6    372.8    244.3    403.9 2022 10  1 23  0 39.680  4.0     0     0     2     3 -9.000  0.234  42
     2232  27.284239  102.875765     0.954    -3785.2     1023.7      -45.2    359.9    250.6    309.2 2022 11  7 21  8 21.600  2.8     0     0     2     3 -9.000  0.234  42
       78  27.064124  103.001237     1.141     -223.7     -512.7      141.7   3298.8   1087.0   2329.1 2022  8 27  0 27 27.390  4.1     0     0     5     4 -9.000  0.368  43
     2485  27.076982  102.994523     0.978     -889.3      912.0      -21.0   2977.2    377.3    732.4 2022 12 12 15  6 47.750  3.4     0     0     5     4 -9.000  0.361  43
     4339  27.069824  102.983659     0.922    -1967.4      119.0      -77.5   1984.4    398.9    792.2 2023  1 19 23 50 38.320  2.5     0     0     4     4 -9.000  0.385  43
      107  26.759005  102.981999     0.999      796.1      388.1        1.1      0.0      0.0      0.0 2022  8 28 13 13 14.780  1.7     0     0     3     4 -9.000  0.000  47
     1656  26.759005  102.981999     0.999      796.1      388.1        1.1      0.0      0.0      0.0 2022 10 17  6 39 54.770  1.6     0     0     3     4 -9.000  0.000  47
     4293  26.759013  102.982023     1.090      797.9      389.1       91.4      0.0      0.0      0.1 2023  1 19 11 53 14.780  1.3     0     0     2     2 -9.000  0.000  47
     1236  26.861806  103.065828     1.526     -887.5     1031.1      527.2    560.5    655.7    737.9 2022 10  3  8 44 14.240  2.9     0     0     2     3 -9.000  0.511  48
     1545  26.861190  103.090283     1.006     1543.1      962.9        6.6    550.1    643.4    296.3 2022 10 13 18 42  8.920  2.6     0     0     2     3 -9.000  0.564  48
     1777  26.850057  103.075138     0.994       38.0     -270.7       -5.3    321.9    349.2    375.0 2022 10 20 19 15 19.580  2.8     0     0     4     9 -9.000  0.520  48
     5454  26.838450  103.067334     0.813     -737.8    -1556.9     -185.6    390.8    368.8    323.1 2023  2  1  2 24 50.030  2.9     0     0     0     3 -9.000  0.455  48
      294  26.930760  103.146745     0.971     -348.0      278.2      -28.0     56.8     88.5     81.0 2022  9  3 15 21 35.140  2.9     0     0     2     2 -9.000  0.505  49
      541  26.925234  103.163875     0.996     1353.4     -334.2       -3.2     55.6     91.3     81.0 2022  9 11 13  5 23.830  3.4     0     0     2     2 -9.000  0.505  49
      846        NaN         NaN       NaN        NaN        NaN        NaN      NaN      NaN      NaN **** ** ** **  3 36.000  1.1     0     0     9     6 -9.000    NaN  50
     1173        NaN         NaN       NaN        NaN        NaN        NaN      NaN      NaN      NaN **** ** ** **  6 36.800  1.6     0     0     9     6 -9.000    NaN  50
     6443        NaN         NaN       NaN        NaN        NaN        NaN      NaN      NaN      NaN **** ** ** ** 23 36.000  2.3     0     0     9     6 -9.000    NaN  50
     7488        NaN         NaN       NaN        NaN        NaN        NaN      NaN      NaN      NaN **** ** ** ** 26 36.160  0.7     0     0     9     6 -9.000    NaN  50
     1163  26.844002  102.874007     0.999        0.6        0.2        1.2      0.2      0.1      0.2 2022 10  1  7 33 15.960  1.9     0     0     9     6 -9.000  0.001  51
     1165  26.843998  102.873983     0.994       -1.5       -0.3       -5.4      0.3      0.3      0.3 2022 10  1  8 43 15.960  2.2     0     0     9     6 -9.000  0.002  51
     2224  26.844000  102.874007     0.999        0.7       -0.0        1.4      0.1      0.1      0.2 2022 11  7 14 19 55.960  1.6     0     0     9     6 -9.000  0.001  51
     7546  26.844000  102.874007     1.000        0.8       -0.0        1.6      0.2      0.1      0.2 2023  2 28 21 49 55.960  1.0     0     0     9     6 -9.000  0.001  51
     5882  26.974337  102.921346     1.093     -925.1       37.5       94.4    456.0    507.2    552.6 2023  2  6  0 27 48.690  2.1     0     0     2     3 -9.000  0.242  54
     7267  26.985024  102.924699     0.943     -591.9     1221.5      -56.0    504.1    426.7    543.2 2023  2 24 19 15 17.000  2.0     0     0     2     3 -9.000  0.242  54
     1133  27.232220  102.960010     0.962       98.9     1760.4      -37.1      3.9     10.3     11.9 2022  9 30  9 49 58.870  1.5     0     0     2     2 -9.000  0.071  55
     6943  27.217855  102.959098     0.994        9.0      168.5       -4.8      4.2      8.6     11.9 2023  2 19 19 13 18.680  1.1     0     0     2     2 -9.000  0.071  55
     1116  26.842120  103.062354     1.018     -460.8     1379.8      159.2      5.7      4.1     14.0 2022  9 29 22 53 32.440  2.3     0     0     3     2 -9.000  0.306  61
     6072  26.832747  103.077734     0.612     1068.2      341.3     -248.1      5.5      6.2      9.9 2023  2  7 23 20 40.200  1.9     0     0     3     2 -9.000  0.306  61
     4473  26.926316  103.064225     1.357      784.3       72.0      358.4     28.1     20.4     37.9 2023  1 21 18 43 40.920  1.6     0     0     1     1 -9.000  0.686  70
     5756  26.939221  103.052808     0.964     -349.7     1501.8      -35.4     29.5     20.2     24.8 2023  2  4 14 38  6.810  2.9     0     0     1     1 -9.000  0.686  70
     3331  26.993829  102.859033     1.168    -1287.8    -1164.0      169.0     95.2    126.5    283.7 2023  1  9  4 54 36.940  3.2     0     0     2     3 -9.000  0.442  71
     4445  26.999965  102.874943     0.998      291.8     -484.0       -1.3     98.1    108.4    114.1 2023  1 21  5 23 35.340  3.4     0     0     2     3 -9.000  0.442  71
     3419  27.034338  102.903695     0.935     -129.5    -1218.2      -63.7    515.0    657.5    674.4 2023  1 10  4 50 48.450  3.3     0     0     2     3 -9.000  0.255  72
     4435  27.049109  102.902547     0.968     -242.7      418.4      -31.1    580.2    325.4    466.5 2023  1 21  2  8  0.760  3.1     0     0     2     5 -9.000  0.258  72
     6726  27.052767  102.909701     1.252      466.4      823.7      252.8    663.1    323.2   1062.9 2023  2 15 23 51 16.280  3.7     0     0     0     2 -9.000  0.264  72
     3503  26.781999  102.967008     0.998      -99.4     -147.8       -0.7      0.0      0.0      0.0 2023  1 11  2 13 15.520  1.0     0     0     3     2 -9.000  0.000  77
     5238  26.781989  102.967008     0.999      -99.4     -148.9        1.1      0.0      0.0      0.0 2023  1 29 18 53 15.520  0.6     0     0     3     2 -9.000  0.000  77
      888  26.974349  102.883309     1.286       -3.0     -515.2      286.8    343.1    400.2    729.1 2022  9 22  5 10 53.080  2.9     0     0     4     6 -9.000  0.375  78
     2616  26.975816  102.895662     0.789     1223.2     -352.5     -210.3    345.8    390.4    542.5 2023  1  2  8 41 56.510  2.8     0     0     2     3 -9.000  0.320  78
     5284  26.986969  102.870850     1.080    -1239.8      883.3       81.4    375.2    822.4   1764.4 2023  1 30  7 50 47.910  2.7     0     0     2     3 -9.000  0.423  78
      123  26.491140  103.068652     0.999      330.7    -1277.0        0.2    244.4     85.6    133.7 2022  8 28 21 35 59.920  3.2     0     0     3     2 -9.000  0.698  83
     4142  26.490849  103.050968     1.086    -1432.2    -1309.1       87.4    224.2     85.0    247.1 2023  1 17 20 58 57.440  3.2     0     0     3     2 -9.000  0.698  83
     2302  26.802810  103.075692     0.911      929.8      532.8      -88.1   1044.4    985.7   1239.4 2022 11 16 13 43 51.310  3.6     0     0     1     3 -9.000  0.305  85
     4642  26.801105  103.073429     1.019      704.5      343.9       20.4   1053.7    980.8   2298.3 2023  1 23 17 52 28.280  2.8     0     0     1     3 -9.000  0.305  85
      500  27.054036  102.763265     0.983     1019.1     -254.8      -15.8     61.5     64.9     80.9 2022  9  9 23 44 24.760  3.2     0     0     3     2 -9.000  0.225  87
     1845  27.066870  102.753939     0.976       93.4     1167.4      -23.2     59.5     56.2     80.9 2022 10 23  0 47 22.540  3.1     0     0     3     2 -9.000  0.225  87
       40  26.788719  103.007080     0.910     -788.1     1187.8      -88.9   2257.6   1984.2   2786.9 2022  8 25 20 44 20.600  2.4     0     0     3     2 -9.000  0.390  92
     1632  26.783226  103.008927     1.303     -604.4      579.2      304.2   1857.3   1965.9   5394.3 2022 10 16 14 37  5.130  3.1     0     0     3     2 -9.000  0.390  92
      277  26.792769  103.114421     0.946      307.6      454.7      -53.1     61.8     27.8     39.9 2022  9  3  3 47 10.850  3.2     0     0     3     5 -9.000  0.080  93
     1606  26.776921  103.113143     0.978      180.5    -1301.4      -21.3     46.5     45.9     71.8 2022 10 15 15 20 30.520  3.1     0     0     2     3 -9.000  0.060  93
     2105  26.796393  103.106364     1.092     -493.8      856.1       93.5     56.9     28.0     54.1 2022 11  1 14 52 17.600  2.7     0     0     1     2 -9.000  0.105  93
      556  26.730774  103.166715     0.981      337.0      270.4      -18.0      7.2      5.4      6.6 2022  9 12  1 19 58.030  1.7     0     0     2     3 -9.000  0.631  94
     1556  26.737221  103.184627     0.957     2118.8      984.8      -42.3      6.3      5.5      6.6 2022 10 14  1 33 45.870  2.8     0     0     2     3 -9.000  0.631  94
     1221  27.066235  102.950146     0.832       13.9     -897.1     -167.3    658.4    338.2    439.1 2022 10  2 21 56 34.620  0.7     0     0     4     3 -9.000  0.291  97
     1407  27.076048  102.955607     1.409      555.2      190.0      409.8    424.4    210.8   1228.7 2022 10  9  2 23 14.970  2.1     0     0     5     5 -9.000  0.249  97
     4713  27.080703  102.945361     0.966     -461.0      705.8      -32.8    440.4    193.5    316.0 2023  1 24  8 29 55.010  1.8     0     0     3     4 -9.000  0.106  97
      224  26.985370  102.617253     1.125     -339.3    -2840.2      126.4    553.8    969.2    946.1 2022  9  1  8 51 55.070  3.7     0     0     2     3 -9.000  0.553  99
      965  26.997801  102.619743     0.944      -92.3    -1462.9      -54.8    549.6   1008.3    756.5 2022  9 25 10  5 15.360  3.1     0     0     2     3 -9.000  0.553  99
      449  27.162950  102.818555     0.960     -242.5     -264.3       58.1   1952.9   2307.6   1741.2 2022  9  8  1 41 17.830  2.8     0     0     4     6 -9.000  0.444 101
      470  27.167922  102.817342     0.752     -362.8      286.8     -151.2   2788.7   1826.7   3117.7 2022  9  8 16  7 51.370  2.8     0     0     3     6 -9.000  0.443 101
     6002  27.165153  102.827197     0.988      614.1      -20.1       85.9   2090.3   1923.3   2286.4 2023  2  7  8  3 24.480  3.1     0     0     3     6 -9.000  0.298 101
     8043  26.858997  102.839966     1.000       47.1       -0.3        1.6      3.0      2.4      3.6 2023  3  8 15 46 36.180  1.3     0     0     3     2 -9.000  0.011 110
     8438  26.859003  102.839022     0.997      -46.6        0.4       -1.6      3.0      2.4      3.6 2023  3 12  3 43 16.170  1.1     0     0     3     2 -9.000  0.011 110
      131  27.156984  102.927791     1.053      276.8      940.4       53.9      0.2      0.0      0.1 2022  8 29  4 27 23.500  2.4     0     0     2     1 -9.000  0.158 121
     8016  27.140015  102.921908     0.977     -306.8     -940.1      -21.6      0.2      0.0      0.1 2023  3  8 11  3 36.540  3.0     0     0     2     1 -9.000  0.158 121
     7635  26.892546  103.072461     0.976      394.0      559.1      -23.1    773.8    907.9   1122.3 2023  3  2 11 21 29.590  3.3     0     0     2     3 -9.000  0.424 122
     7979  26.882444  103.064502     1.029     -397.1     -560.1       29.9    817.1    897.1   1791.8 2023  3  7 23 34 35.580  3.9     0     0     2     3 -9.000  0.424 122
     1334  26.708067  102.998869     1.185      435.1      838.2      186.9     18.3     10.1     35.4 2022 10  6 18 34 28.340  3.8     0     0     3     2 -9.000  0.399 123
     7924  26.692938  102.990194     0.993     -428.2     -838.0       -6.1     18.0     10.1     13.0 2023  3  7 12  0 41.130  3.3     0     0     3     2 -9.000  0.399 123
     6836  27.215940  102.958000     0.991      -99.1     -782.2       -7.9     14.8     12.6     16.8 2023  2 17 23 53 18.600  1.1     0     0     3     2 -9.000  0.073 124
     7841  27.230086  102.959993     0.997       98.6      785.1       -1.2     13.6     15.3     73.4 2023  3  6 17 43 18.840  1.3     0     0     3     2 -9.000  0.073 124
     4047  26.935024  102.820964     1.117     -401.2      833.6      120.5      3.1      2.3     11.8 2023  1 16 23 58 32.340  2.0     0     0     2     3 -9.000  0.251 125
     7822  26.919985  102.829028     0.992      399.7     -832.7       -7.1      3.2      2.3      3.3 2023  3  6  6 40  4.400  2.5     0     0     2     3 -9.000  0.251 125
     1838  26.945949  102.920874     1.063     -359.5      271.4       64.2     93.1     34.4     95.9 2022 10 22 17  6 39.300  0.1     0     0     1     1 -9.000  0.067 130
     7657  26.941052  102.926774     0.995      225.9     -271.2       -4.0    127.6     34.4     53.9 2023  3  2 19  6 39.500  0.6     0     0     1     1 -9.000  0.067 130
     5163  27.300852  102.974284     1.000      127.4     -238.1        2.4    458.7    257.2    436.9 2023  1 28 23 23 18.760  0.9     0     0     1     2 -9.000  0.169 132
     7590  27.305149  102.971704     0.961     -128.0      238.0      -37.8    451.2    257.9    436.9 2023  3  1 14 13 18.460  1.2     0     0     1     2 -9.000  0.169 132
     5566  26.734180  102.910002     0.977      498.2      518.6      -21.8    304.5    415.8    768.2 2023  2  2 11 11  2.430  2.5     0     0     2     3 -9.000  0.415 134
     7568  26.724823  102.900008     1.000     -496.5     -518.2        2.5    287.7    424.5    768.2 2023  3  1  8 45 27.170  2.7     0     0     2     3 -9.000  0.415 134
     5022  26.738108  102.858879     1.047     -708.7     -154.2       48.5     89.1     85.2    194.8 2023  1 27 13 20 47.080  2.4     0     0     2     1 -9.000  0.090 154
     7037  26.740896  102.873136     0.994      709.7      154.5       -5.0     91.4     83.8    114.4 2023  2 21  6 41 38.250  2.2     0     0     2     1 -9.000  0.090 154
      606  26.859727  102.934408     1.049       89.8     -473.4       50.9   3346.4   1438.2   4146.4 2022  9 13 13 51 44.130  3.4     0     0     2     3 -9.000  0.428 164
     6850  26.868274  102.932528     0.974      -96.8      473.5      -25.2   3386.8   1437.8   3288.0 2023  2 18  6  4 57.160  2.8     0     0     2     3 -9.000  0.428 164
     2028  27.075157  102.923039     0.962      -95.4      737.6      -36.6      0.0      0.0      0.0 2022 10 29 16 35 13.790  2.3     0     0     0     1 -9.000  0.020 175
     6655  27.061845  102.924886     1.082       87.7     -737.4       82.9      0.0      0.0      0.0 2023  2 15  0 42 21.580  3.5     0     0     0     1 -9.000  0.020 175
     3839  26.673153  102.927791     0.961      -70.9      681.7      -37.9    168.3    162.0    220.7 2023  1 14 21 24 14.780  2.4     0     0     2     3 -9.000  0.556 206
     6011  26.660887  102.929167     1.445       66.6     -677.4      445.7    163.2    165.8    954.4 2023  2  7 11 57 42.260  2.8     0     0     2     3 -9.000  0.556 206
     5253        NaN         NaN       NaN        NaN        NaN        NaN      NaN      NaN      NaN **** ** ** ** 43 36.000  0.9     0     0     3     2 -9.000    NaN 221
     5572        NaN         NaN       NaN        NaN        NaN        NaN      NaN      NaN      NaN **** ** ** **  9 36.320  0.4     0     0     3     2 -9.000    NaN 221
     4514  27.206921  103.069979     1.018      939.1      268.3       19.7      0.3      0.2      0.3 2023  1 22  7  4 31.560  3.0     0     0     3     2 -9.000  0.166 222
     5537  27.202079  103.051034     0.988     -938.1     -268.4      -10.8      0.3      0.2      0.3 2023  2  2  4 25 15.440  2.9     0     0     3     2 -9.000  0.166 222
     2498  26.886072  103.097990     1.249     -894.8      174.2      250.1     12.8     14.0     49.7 2022 12 19 14 32 10.100  3.3     0     0     2     3 -9.000  0.495 226
     5405  26.882941  103.116048     0.962      899.3     -172.8      -36.6     14.9     13.6     22.6 2023  1 31 14 45  4.950  2.2     0     0     2     3 -9.000  0.495 226
     4432  26.806834  102.897998     0.959     -248.6      148.0      -39.9   3027.6   2066.9   3389.3 2023  1 20 22 50 45.320  1.6     0     0     2     3 -9.000  0.373 228
     5352  26.804169  102.902979     1.023      247.1     -147.5       23.5   2979.0   2084.2   6024.6 2023  1 30 23 37 43.680  2.1     0     0     2     3 -9.000  0.373 228
     3410  26.834951  102.926383     1.011      584.5      271.5       11.6   1010.8    933.1   1695.2 2023  1 10  2 11 57.170  3.3     0     0     2     3 -9.000  0.444 230
     5320  26.830044  102.914624     0.974     -583.8     -272.4      -25.2    997.1    931.4   1246.5 2023  1 30 16  8 12.140  2.2     0     0     2     3 -9.000  0.444 230
     5038  26.811981  102.926188     1.002      117.8      108.6        3.4    490.2    293.8    776.5 2023  1 27 16 54 12.430  1.9     0     0     2     3 -9.000  0.141 236
     5130  26.810018  102.923828     0.993     -116.8     -108.8       -4.6    482.4    294.5    518.8 2023  1 28 18 11 42.200  1.6     0     0     2     3 -9.000  0.141 236
     2663  26.754980  102.926001    14.582       49.0       53.2       27.3     10.6     11.5     13.1 2023  1  2 19 33 14.840  1.7     0     0     4     1 -9.000  0.009 246
     4878  26.754018  102.925008    14.528      -49.3      -53.4      -27.3     10.8     11.5     13.2 2023  1 25 23 39 54.840 -0.0     0     0     4     1 -9.000  0.009 246
       26  27.095998  103.011995     0.997       48.2       -0.3       -1.6      2.7      1.1      2.0 2022  8 25  9 33 14.870  1.6     0     0     2     3 -9.000  0.009 250
     4800  27.096004  103.011011     1.000      -49.3        0.4        1.6      2.7      1.1      2.0 2023  1 25  6 49 54.880  0.3     0     0     2     3 -9.000  0.009 250
        1  26.980011  102.851025     0.994      150.9     -164.8       -4.5     21.9     33.6     27.7 2022  3 22  3 12 46.260  2.2     0     0     1     3 -9.000  0.046 251
     4644  26.982994  102.847974     1.000     -151.6      165.8        4.9     21.0     42.4     28.9 2023  1 23 18 35 50.520  2.1     0     0     1     3 -9.000  0.046 251
     1816  26.986969  102.829045     0.990      -45.5       -3.3       -8.5     26.8     31.6     40.4 2022 10 21 19 26 36.980  0.8     0     0     2     3 -9.000  0.025 253
     4442  26.987028  102.829964     1.005       45.8        3.3        6.3     26.9     31.6     76.1 2023  1 21  5  3 17.000  1.9     0     0     2     3 -9.000  0.025 253
        2  26.977985  102.996061     0.995     -391.0      718.3       -4.3     10.8      5.9     13.0 2022  8 23 15 13 44.540  2.7     0     0     2     1 -9.000  0.061 254
     4275  26.965023  103.003939     1.001      391.1     -717.9        4.3     10.4      6.0     15.7 2023  1 19  5 13 45.370  3.0     0     0     2     1 -9.000  0.061 254
     2141  27.245150  102.820882     0.964      682.0     -205.1      -35.5    407.5    414.0    557.7 2022 11  3 12 13 57.860  3.1     0     0     2     3 -9.000  0.384 256
     4203  27.248846  102.807129     1.015     -680.3      204.4       15.6    415.9    409.9   1052.7 2023  1 18  9 37 24.970  3.4     0     0     2     3 -9.000  0.384 256
      643        NaN         NaN       NaN        NaN        NaN        NaN      NaN      NaN      NaN **** ** ** ** 13 36.320  1.8     0     0     3     2 -9.000    NaN 259
     4176        NaN         NaN       NaN        NaN        NaN        NaN      NaN      NaN      NaN **** ** ** **  3 36.640  1.5     0     0     3     2 -9.000    NaN 259
     2513  26.866109  102.897607     0.954     -784.5     -430.9      -45.5     10.2      4.5     10.6 2023  1  1  3 15  6.550  3.0     0     0     2     3 -9.000  0.251 268
     3974  26.873897  102.913477     0.999      792.8      432.0       -0.3     10.4      4.5     10.6 2023  1 16  7 20 30.830  2.8     0     0     2     3 -9.000  0.251 268
      343  26.916917  102.901831     1.073     -116.6      932.7       74.5      7.5      8.5     13.6 2022  9  4 23 45 24.320  2.7     0     0     3     3 -9.000  0.373 288
     2742  26.900151  102.904191     0.962      117.7     -925.1      -37.5      8.4      8.2     11.1 2023  1  3 16  4 52.410  2.2     0     0     3     3 -9.000  0.373 288
      955  26.878971  102.965063     0.998     -887.7     -390.9        3.1      1.2      1.3      2.3 2022  9 24 22 33 41.040  2.8     0     0     3     2 -9.000  0.545 290
     2662  26.886033  102.982935     0.989      888.2      391.5       -9.7      1.3      1.2      2.3 2023  1  2 19 24 45.180  2.5     0     0     3     2 -9.000  0.545 290
     1940  26.929008  102.918896     0.967      784.7     -331.4      -31.5     44.7     30.1     39.3 2022 10 26 11 38 16.150  3.1     0     0     3     2 -9.000  0.313 296
     2457  26.934979  102.903166     1.042     -777.3      330.2       42.7     33.8     29.9     45.4 2022 12  8 19 27 39.520  2.3     0     0     3     2 -9.000  0.313 296
     2184  27.109039  102.952051     1.040      -44.4      336.9       41.1    491.7    752.4   1022.0 2022 11  5  4 38 10.190  3.5     0     0     3     2 -9.000  0.228 308
     2234  27.102956  102.952962     0.971       45.6     -337.2      -28.1    485.7    758.7    777.2 2022 11  8  0  7 43.530  3.2     0     0     3     2 -9.000  0.228 308
     1451  26.992326  102.701408     1.052     -257.1     -739.5       52.6   1060.4   1300.5   1639.5 2022 10 10 15  6 31.830  2.6     0     0     2     3 -9.000  0.646 309
     2221  27.005691  102.706559     0.966      254.1      741.3      -33.3   1069.1   1292.6   1295.4 2022 11  7  9 58 29.550  3.1     0     0     2     3 -9.000  0.646 309
      646  27.113261  103.086100     1.104      258.2      -81.8      104.6   3665.5   2997.4   5007.3 2022  9 14 15  1 41.730  1.0     0     0     2     3 -9.000  0.519 315
     2148  27.114738  103.080908     0.882     -256.3       81.8     -116.7   3665.6   2993.8   4070.9 2022 11  3 23 46 33.040  2.0     0     0     2     3 -9.000  0.519 315
      963  26.826054  102.972778     0.989       77.6     -437.2      -10.3    189.4     97.0    148.0 2022  9 25  8 20 30.540  3.1     0     0     2     3 -9.000  0.209 317
     2125  26.833946  102.971224     1.009      -77.0      437.0        9.9    186.3     97.1    318.9 2022 11  2 15 22  5.280  3.0     0     0     2     3 -9.000  0.209 317
      486        NaN         NaN       NaN        NaN        NaN        NaN      NaN      NaN      NaN **** ** ** **  3 36.000  1.1     0     0     2     3 -9.000    NaN 343
     1317        NaN         NaN       NaN        NaN        NaN        NaN      NaN      NaN      NaN **** ** ** ** 39 36.000  1.7     0     0     2     3 -9.000    NaN 343
      678  26.851373  103.047786     1.112     -567.7       41.4      112.6    253.4    355.5   1922.3 2022  9 15 10 34 43.470  3.2     0     0     2     3 -9.000  0.366 347
     1069  26.850616  103.059212     0.928      567.6      -42.4      -70.9    253.9    361.3    483.2 2022  9 28 21 58 22.720  2.5     0     0     2     3 -9.000  0.366 347
      865  26.689010  102.996102     1.101        9.6      610.7      103.4    961.2    468.4   1620.3 2022  9 21 10  3 38.180  3.3     0     0     2     3 -9.000  0.206 351
      911  26.677989  102.995898     0.983      -10.3     -610.4      -16.2    961.1    468.5    732.7 2022  9 23  5 38 13.120  3.4     0     0     2     3 -9.000  0.206 351
      696  27.213023  102.975977     0.993     -100.7      556.7       -6.3     46.8     34.1     59.1 2022  9 16  2 31 18.680  2.9     0     0     2     1 -9.000  0.052 352
      730  27.202976  102.978035     1.018      102.9     -556.5       19.3     52.8     33.0     93.0 2022  9 17  7 39 29.830  3.1     0     0     2     1 -9.000  0.052 352
       32  27.083130  102.932056     7.315     -425.3    13212.1      606.3      5.5      5.9      9.4 2022  8 25 14 53 16.350  1.9     0     0    10    12 -9.000  0.027   1
      252  27.061460  102.848853    12.932    -8682.7    10811.1     6222.5      2.8      1.1      2.6 2022  9  2 12 56 18.590  3.5     0     0     2     0 -9.000  0.000   1
      375  27.091911  102.930534    10.538     -576.8    14185.2     3829.5      2.1      1.7      4.1 2022  9  6  2 46 36.390  2.0     0     0     7     3 -9.000  0.007   1
      554  26.973281  102.975366     2.624     3874.6     1040.6    -4085.4     10.6     12.2      7.5 2022  9 11 22 24  0.680  3.3     0     0     2     1 -9.000  0.018   1
      580  26.985347  102.905013    18.608    -3110.4     2377.7    11898.8      8.5      4.4     13.0 2022  9 12 19  3 13.920  1.2     0     0    16     5 -9.000  0.017   1
      655  27.079242  102.937085     6.020       73.4    12781.4     -688.2      5.5      3.1     12.1 2022  9 14 23 56 36.320 -0.2     0     0    13    14 -9.000  0.014   1
      856  27.088782  102.923324     5.580    -1292.0    13838.4    -1128.2      7.3      4.2      6.5 2022  9 21  0 33 16.520  1.9     0     0     8     6 -9.000  0.007   1
      934  27.084257  102.930404     7.765     -589.7    13337.1     1056.7      5.9      7.5      8.9 2022  9 24  6  3 16.360  1.2     0     0     6    11 -9.000  0.036   1
      945  26.985168  102.904622    18.759    -3149.3     2357.8    12049.9      7.6      3.3      7.2 2022  9 24 14 46 33.900  0.8     0     0    14     8 -9.000  0.014   1
      973  27.088859  102.925220     5.516    -1104.3    13847.0    -1191.9      7.6      4.8     11.5 2022  9 25 19 33 16.520  0.8     0     0     9     8 -9.000  0.028   1
     1134  26.964069  102.905273     6.845    -3084.9       19.8      136.9     24.4     16.2     15.6 2022  9 30 10 42  8.570  3.7     0     0     1     2 -9.000  0.016   1
     1201  27.092037  102.930876    11.057     -543.0    14199.1     4348.6      2.8      1.4      9.7 2022 10  2 11 26 36.360  1.6     0     0     7     2 -9.000  0.011   1
     1336  26.985738  102.906478    18.550    -2965.3     2420.8    11840.8     13.7      7.5     15.3 2022 10  6 19 23 13.920  1.2     0     0     6     3 -9.000  0.014   1
     1435  26.812299  102.920076     9.457    -1616.6   -16796.7     2748.0      1.9      1.0      1.2 2022 10 10  3 35  1.930  4.0     0     0     1     1 -9.000  0.000   1
     1828  27.083226  102.931925     7.397     -438.5    13222.9      688.9      5.8      7.8      8.1 2022 10 22  7 36 36.350  1.4     0     0    10    12 -9.000  0.024   1
     1890  26.859385  102.975627    11.969     3901.6   -11579.5     5259.7     18.2      6.2     19.9 2022 10 24  7 59 12.060  3.2     0     0     1     0 -9.000  0.000   1
     2153  27.079181  102.936759     6.280       41.4    12774.5     -428.9      8.7      2.4      4.1 2022 11  4  3  6 36.320  2.0     0     0     8    10 -9.000  0.013   1
     2192  27.116425  102.897868    12.317    -3817.6    16901.4     5607.8    154.0    128.7    152.2 2022 11  5  9 45  8.740  3.4     0     0     1     1 -9.000  0.003   1
     2240  26.740503  102.861450    22.851    -7443.4   -24752.0    16142.0      3.2      1.8      2.8 2022 11  8  9 49 49.600  2.4     0     0     1     2 -9.000  0.001   1
     2243  27.083982  102.930754     7.921     -554.9    13306.6     1212.9      8.7      9.2     11.0 2022 11  8 13 23 16.350  2.6     0     0     2     3 -9.000  0.004   1
     2507  26.870524  102.890780     7.537    -4526.0   -10345.1      827.3     12.2      9.3      9.1 2023  1  1  1  2 48.230  3.0     0     0    12     7 -9.000  0.029   1
     2563  26.919653  102.898747     7.144    -3733.5    -4901.6      434.4      7.3      6.4      4.6 2023  1  1 17  9 12.480  2.8     0     0     9     0 -9.000  0.023   1
     2639  26.822459  102.943319    11.391      693.3   -15671.0     4681.5     25.5     20.9     18.1 2023  1  2 13 15 59.700  4.0     0     0    10     6 -9.000  0.045   1
     2647  26.829272  102.927197    14.846     -908.6   -14916.0     8136.3     28.4     19.9     18.4 2023  1  2 14 42 20.940  3.8     0     0     3     0 -9.000  0.004   1
     2668  26.970748  102.897054     6.330    -3901.2      759.9     -379.6     29.2     39.2     20.7 2023  1  2 20 38 12.480  2.7     0     0     4     0 -9.000  0.002   1
     2757  26.979651  102.929085     3.694     -721.0     1746.3    -3015.0     11.9     13.1      9.4 2023  1  3 18 21 29.960  2.7     0     0     9     5 -9.000  0.032   1
     2769  27.091980  102.930404    10.422     -589.6    14192.7     3713.7      2.8      1.5      8.6 2023  1  3 20 33 16.400  1.1     0     0     8     3 -9.000  0.008   1
     2787  27.107357  102.830062     9.355   -10545.4    15896.5     2645.7     22.4     23.8     32.8 2023  1  4  2 22 33.650  3.2     0     0     2     1 -9.000  0.018   1
     2837  26.798735  102.949170     5.646     1274.1   -18299.7    -1062.5      3.5      2.5      6.0 2023  1  4 14 13 16.080  1.7     0     0     3     2 -9.000  0.002   1
     2857  27.079036  102.936434     6.827        8.6    12758.6      118.7      9.3      3.0     13.7 2023  1  4 19 13 16.280  1.6     0     0     2     2 -9.000  0.007   1
     2858  26.849668  102.963436    12.044     2691.1   -12656.0     5335.0     35.5     37.3     35.8 2023  1  4 19 27 10.800  3.9     0     0     6     5 -9.000  0.049   1
     2918  26.845178  102.958887     7.583     2239.3   -13153.5      873.5     23.0     25.8     30.9 2023  1  5 13 36 43.060  4.1     0     0    12     0 -9.000  0.042   1
     2926  26.923470  102.917521     5.866    -1868.9    -4478.5     -842.9     16.9     19.9     17.3 2023  1  5 16 58 37.850  3.6     0     0    17     4 -9.000  0.036   1
     2937  26.984886  102.903296    18.915    -3281.1     2326.3    12205.7      6.9      4.1      8.9 2023  1  5 18 53 13.880  1.5     0     0    13     6 -9.000  0.012   1
     2954  26.824786  102.953076    11.675     1662.2   -15413.1     4965.6     35.4     28.0     22.9 2023  1  5 21  4 48.880  3.9     0     0     9     4 -9.000  0.030   1
     2958  26.829063  102.952507     8.913     1605.7   -14939.2     2203.4     13.8     19.8     22.8 2023  1  5 22  4  9.880  5.2     0     0    14     7 -9.000  0.031   1
     2960  26.836281  102.947428     8.688     1100.8   -14139.4     1978.8     13.9     25.1     20.3 2023  1  5 22 15 54.000  3.2     0     0     6     3 -9.000  0.039   1
     2963  26.819061  102.949276    11.717     1284.5   -16047.4     5007.8     24.5     16.7     15.1 2023  1  5 22 21  5.560  5.9     0     0    19    13 -9.000  0.042   1
     2967  26.827722  102.961678    11.701     2517.1   -15087.7     4991.5     20.9     20.1     20.8 2023  1  5 22 45 17.360  5.1     0     0    16    11 -9.000  0.043   1
     2968  26.837539  102.962988     9.514     2646.9   -13999.9     2804.5     19.0     21.0     21.1 2023  1  5 22 47 20.420  3.4     0     0    15     7 -9.000  0.044   1
     2969  26.805772  102.941349    14.806      497.1   -17519.9     8096.8     38.8     20.5     26.9 2023  1  5 22 55 34.800  4.2     0     0     3     2 -9.000  0.051   1
     2970  26.812177  102.972485    15.195     3591.0   -16810.2     8485.9     22.4     22.6     17.0 2023  1  5 23  2 29.480  3.6     0     0     3     0 -9.000  0.003   1
     2971  26.830804  102.962899     9.999     2637.8   -14746.3     3289.9     20.2     16.7     17.9 2023  1  5 23  5 44.420  4.4     0     0    25    16 -9.000  0.042   1
     2972  26.836802  102.941309    14.511      493.4   -14081.6     7801.5     10.0      6.1     13.6 2023  1  5 23 11 18.600  3.8     0     0    10     2 -9.000  0.048   1
     2974  26.818109  102.959098    12.126     2260.4   -16152.9     5416.4     18.1     23.6     16.0 2023  1  5 23 27 56.960  5.8     0     0    21     9 -9.000  0.048   1
     2975  26.860732  102.983724     9.382     4706.5   -11430.1     2673.0     24.2     18.9     19.7 2023  1  5 23 33 35.820  3.7     0     0     3     4 -9.000  0.029   1
     2976  26.811387  102.928076    13.457     -821.4   -16897.6     6747.2     37.7     22.7     25.4 2023  1  5 23 38 26.620  4.1     0     0     3     2 -9.000  0.051   1
     2991  26.828743  102.951562    15.083     1511.9   -14974.5     8373.5     20.2     18.3     21.2 2023  1  6  2 50 22.380  6.2     0     0     7     6 -9.000  0.047   1
     2993  26.830318  102.954354     7.020     1789.1   -14800.2      310.9     24.5     29.2     31.0 2023  1  6  2 57  1.470  4.1     0     0     0     2 -9.000  0.004   1
     2995  26.834149  102.948592    10.636     1216.9   -14375.5     3926.7     27.9     30.6     23.4 2023  1  6  3  0 59.020  3.9     0     0    13    19 -9.000  0.048   1
     2997  26.827948  102.950659    11.418     1422.1   -15062.6     4709.0     17.5     18.6     13.3 2023  1  6  3 25  4.260  4.0     0     0    23    19 -9.000  0.035   1
     3000  26.815456  102.951221    13.024     1477.7   -16446.8     6315.0     20.9     25.9     22.9 2023  1  6  3 41 32.420  3.7     0     0     7     6 -9.000  0.046   1
     3004  26.831480  102.980282    11.607     4364.8   -14671.4     4897.8     29.7     44.9     35.0 2023  1  6  4 51 22.890  4.0     0     0     5     3 -9.000  0.024   1
     3011  26.808177  102.966130     9.750     2959.0   -17253.3     3040.6     12.3     16.1     21.2 2023  1  6  6  5 52.560  3.4     0     0     5     8 -9.000  0.044   1
     3012  26.836249  102.967537    11.357     3098.8   -14143.0     4647.7     19.1     24.8     22.9 2023  1  6  6  8 32.900  3.4     0     0    10     5 -9.000  0.035   1
     3018  26.944307  102.842025    12.169    -9365.8    -2169.6     5460.0     11.8      8.9      7.5 2023  1  6  7  0 26.530  3.7     0     0     2     0 -9.000  0.000   1
     3019  26.830774  102.962476    12.498     2596.3   -14749.6     5788.8     15.7     15.1     17.6 2023  1  6  7 51  6.760  4.4     0     0    23    22 -9.000  0.047   1
     3039  26.975114  102.917114     6.225    -1908.9     1243.6     -484.2     22.4     17.5     19.5 2023  1  6 11 15 40.650  5.8     0     0     6     5 -9.000  0.047   1
     3040  26.834837  102.956462    11.700     1998.1   -14299.4     4990.8     13.8     14.2     16.2 2023  1  6 11 24 59.490  4.0     0     0    20    14 -9.000  0.032   1
     3053  26.846999  102.927710     9.814     -858.0   -12951.9     3104.1     23.7     19.0     16.4 2023  1  6 16 14 43.460  3.0     0     0     5     3 -9.000  0.030   1
     3074  26.824701  102.949658    11.502     1322.9   -15422.5     4792.3     28.9     19.7     16.0 2023  1  6 20 36  5.620  4.0     0     0    27    12 -9.000  0.050   1
     3079  26.923651  102.913835     8.081    -2234.9    -4458.6     1371.3     19.2     14.4     13.1 2023  1  6 21 11 24.800  2.8     0     0     3     2 -9.000  0.027   1
     3080  26.826414  102.963249    11.580     2672.9   -15232.7     4870.9     20.2     16.9     19.5 2023  1  6 21 38 29.200  4.6     0     0    22    16 -9.000  0.047   1
     3168  26.973724  102.896313     7.485    -3974.5     1089.7      775.7     28.8     18.8     19.5 2023  1  7 15 39 13.870  3.2     0     0     4     1 -9.000  0.006   1
     3195  26.803141  102.957625    10.523     2114.5   -17811.3     3813.3     24.8     25.4     18.6 2023  1  7 20 13  6.520  3.8     0     0     4     4 -9.000  0.041   1
     3198  26.898059  102.942969    10.577      658.2    -7294.1     3867.2     40.2     33.9     46.8 2023  1  7 20 33 43.560  1.5     0     0     2     1 -9.000  0.006   1
     3208  26.860830  102.822778     4.857   -11280.8   -11419.3    -1851.9      7.4      2.7     18.5 2023  1  7 23  3 16.560  1.4     0     0    11    11 -9.000  0.008   1
     3229  26.798562  102.949430     5.739     1300.3   -18318.7     -969.5      2.0      2.4      4.8 2023  1  8  4 29 56.080  2.9     0     0     5     3 -9.000  0.002   1
     3232  26.837358  102.945207    10.580      880.6   -14020.2     3870.8     43.4     36.7     37.4 2023  1  8  5 28 16.850  4.0     0     0     9     5 -9.000  0.055   1
     3246  26.833567  102.952930    12.403     1647.9   -14440.0     5694.0     20.7     22.4     24.0 2023  1  8  9 21  3.110  4.0     0     0    20    19 -9.000  0.054   1
     3258  26.823649  102.941943    10.432      556.6   -15538.9     3722.4     24.7     37.6     25.4 2023  1  8 12 18 53.500  3.9     0     0    10     4 -9.000  0.042   1
     3266  27.104209  102.853581    18.394    -8212.3    15547.9    11684.2      0.2      0.3      0.2 2023  1  8 14  2 26.880  3.0     0     0     0     2 -9.000  0.000   1
     3284  26.829942  102.952075     9.926     1562.8   -14841.8     3216.5     17.0     19.3     23.8 2023  1  8 17  5 44.160  3.4     0     0    14     5 -9.000  0.040   1
     3289  26.683510  103.009456    12.551     7268.3   -31066.8     5841.7     27.9     17.7     19.2 2023  1  8 18  3 49.040  3.6     0     0     3     1 -9.000  0.056   1
     3297  26.652775  102.942358     4.833      597.8   -34472.3    -1875.4      2.7      2.8     11.4 2023  1  8 20  6 36.720 -0.2     0     0    11     9 -9.000  0.009   1
     3304  26.818559  102.961816    12.719     2531.0   -16103.0     6010.0     19.5     25.3     25.9 2023  1  8 20 59 20.720  3.3     0     0    24     9 -9.000  0.049   1
     3308  26.939610  102.856592    11.369    -7919.5    -2690.3     4659.4     51.9     26.6     33.1 2023  1  8 21 39 13.800  3.6     0     0     3     3 -9.000  0.084   1
     3310  26.942312  102.876489    11.678    -5943.6    -2390.8     4969.0     37.4     26.7     32.6 2023  1  8 21 47 29.640  3.6     0     0     3     3 -9.000  0.084   1
     3357  26.886460  102.932902     9.138     -341.8    -8579.3     2428.4     28.2     21.9     19.2 2023  1  9 16  6 17.250  3.5     0     0    11     3 -9.000  0.043   1
     3358  26.876495  102.941846     8.481      546.8    -9683.6     1771.7     27.7     21.5     19.2 2023  1  9 16 14 24.780  3.4     0     0     4     5 -9.000  0.031   1
     3360  26.875600  102.935392     7.655      -94.5    -9782.8      946.0     20.0     19.6     25.3 2023  1  9 16 39 28.660  3.4     0     0    15     7 -9.000  0.053   1
     3362  26.865306  102.971460    12.440     3488.1   -10923.3     5730.5     18.5     11.5     22.6 2023  1  9 16 57 15.950  4.5     0     0     2     2 -9.000  0.010   1
     3365  26.875566  102.935392     7.960      -94.8    -9786.6     1250.4     21.9     21.4     27.3 2023  1  9 17  8 11.840  2.8     0     0    12     9 -9.000  0.051   1
     3372  26.881124  102.947599     8.701     1117.9    -9170.6     1991.8     20.2     19.8     21.0 2023  1  9 19  8 38.000  3.2     0     0    13     5 -9.000  0.025   1
     3376  26.871997  102.939030     7.260      266.5   -10181.9      550.8     21.4     20.5     16.1 2023  1  9 19 27 32.080  3.2     0     0     9     2 -9.000  0.026   1
     3380  26.877608  102.952669     7.559     1621.8    -9560.3      849.3     26.3     23.3     24.1 2023  1  9 20 35 17.360  5.2     0     0    12     8 -9.000  0.045   1
     3381  26.888888  102.947380     9.501     1096.2    -8310.3     2791.7     31.4     25.2     25.7 2023  1  9 20 39 20.640  3.7     0     0    16     8 -9.000  0.057   1
     3384  26.893840  102.939095    13.092      273.4    -7761.8     6382.3      3.1      7.9      7.3 2023  1  9 21 15 29.980  2.7     0     0     2     2 -9.000  0.005   1
     3385  26.881571  102.939502     8.226      313.9    -9121.1     1516.3     16.1     15.7     16.0 2023  1  9 21 45  5.280  3.4     0     0    21    12 -9.000  0.051   1
     3388  26.883675  102.936914     9.162       56.7    -8888.1     2452.1     30.1     17.3     21.5 2023  1  9 22  7  4.240  4.0     0     0    16     6 -9.000  0.043   1
     3405  26.891665  102.923901     9.727    -1235.5    -8002.8     3017.1     40.0     35.4     31.3 2023  1 10  1 44 54.200  3.1     0     0     3     2 -9.000  0.048   1
     3441  26.878111  102.915226     7.198    -2097.3    -9504.6      488.4     32.2     28.9     25.7 2023  1 10  9 51  7.490  3.8     0     0     8     1 -9.000  0.019   1
     3456  26.846665  102.935726    10.108      -61.8   -12988.8     3398.1     18.4     19.0     19.0 2023  1 10 13 36 48.100  3.8     0     0    14    10 -9.000  0.052   1
     3464  26.854409  102.924829    13.937    -1143.8   -12130.8     7227.5      2.3      2.9      2.5 2023  1 10 15 13 25.780  4.0     0     0     2     3 -9.000  0.012   1
     3468  26.850596  102.944076     9.285      768.4   -12553.2     2575.8     28.4     24.0     28.6 2023  1 10 16 19 19.100  3.2     0     0     4     3 -9.000  0.040   1
     3471  26.957387  102.896834     4.261    -3923.3     -720.5    -2448.4     32.9     32.2     20.8 2023  1 10 18 32 51.000  3.0     0     0     3     1 -9.000  0.008   1
     3496  26.841901  102.946094    14.840      968.2   -13516.7     8130.5      9.8      6.6     12.6 2023  1 11  0  7 17.400  4.0     0     0     4     0 -9.000  0.009   1
     3497  26.950962  102.900179     7.356    -3591.1    -1432.4      646.5     25.0     30.3     15.8 2023  1 11  0 36  5.040  3.0     0     0     1     1 -9.000  0.019   1
     3514  27.117741  102.816439    10.896   -11897.4    17047.2     4186.7     25.2     19.4     26.4 2023  1 11  4 48 25.970  4.7     0     0     5     4 -9.000  0.049   1
     3543  27.102291  102.859245    10.025    -7650.2    15335.2     3315.1     24.4     14.2     15.2 2023  1 11 12 47 56.330  2.8     0     0     8     9 -9.000  0.048   1
     3551  27.087980  102.925024     6.674    -1123.3    13749.6      -34.4      6.9      4.2     12.9 2023  1 11 14 46 36.460  1.1     0     0     4     2 -9.000  0.023   1
     3555  26.882351  102.938037     8.872      168.3    -9034.7     2163.0     15.8     16.9     16.5 2023  1 11 15 39  2.520  3.8     0     0    33    17 -9.000  0.050   1
     3564  26.882473  102.940120     7.676      375.0    -9021.3      966.9     20.3     18.6     23.3 2023  1 11 18 31 49.240  3.3     0     0    15     8 -9.000  0.047   1
     3607  27.100958  102.859546    16.753    -7620.2    15187.5    10043.7      0.3      0.3      0.2 2023  1 12  9 20 26.380  3.9     0     0     0     2 -9.000  0.000   1
     3612  27.116280  102.824121    11.380   -11134.6    16885.3     4670.7     17.3     13.9     17.1 2023  1 12 11  0 25.460  4.5     0     0     3     4 -9.000  0.018   1
     3639  26.865995  102.989079     7.786     5237.8   -10846.9     1076.5     46.8     48.7     44.7 2023  1 12 20 14 58.520  2.8     0     0     1     1 -9.000  0.001   1
     3648  27.101615  102.826636    12.228   -10886.3    15260.4     5518.5     28.0     23.4     24.6 2023  1 12 22 45 29.580  4.0     0     0    10     4 -9.000  0.048   1
     3653  27.107373  102.854810     9.479    -8090.5    15898.3     2769.4     21.0     13.3     17.2 2023  1 13  0  2  4.990  3.8     0     0     4     4 -9.000  0.044   1
     3672  26.835400  102.957585    10.623     2109.9   -14237.0     3913.2     20.3     15.1     16.4 2023  1 13  5 13  5.510  3.9     0     0    15     9 -9.000  0.039   1
     3686  27.113369  102.824715    11.244   -11075.7    16562.6     4534.2     15.9     12.3     17.5 2023  1 13  9 37 46.500  3.2     0     0    12    15 -9.000  0.042   1
     3688  27.120266  102.836670    10.767    -9889.2    17326.9     4057.7     39.9     24.7     38.7 2023  1 13  9 48 48.130  3.8     0     0     1     2 -9.000  0.008   1
     3709  27.107308  102.822266    10.005   -11319.5    15891.1     3295.3     30.9     21.8     33.0 2023  1 13 13 55 47.220  3.8     0     0     2     3 -9.000  0.044   1
     3728  27.107865  102.840413    10.020    -9518.7    15953.0     3310.4     26.9     20.8     20.5 2023  1 13 17 40 57.320  3.1     0     0     5     2 -9.000  0.043   1
     3763  26.777150  102.974056    13.170     3747.3   -20691.3     6460.9     22.0     27.8     17.5 2023  1 14  2  9 10.150  3.9     0     0     3     2 -9.000  0.031   1
     3765  26.795099  102.972054    13.761     3548.4   -18702.4     7051.1     22.3     28.8     16.1 2023  1 14  2 13 49.380  4.0     0     0     3     2 -9.000  0.031   1
     3769  27.104152  102.843994    12.342    -9163.9    15541.5     5632.7     18.6     12.3     16.3 2023  1 14  4 22 24.700  3.5     0     0     9     4 -9.000  0.045   1
     3777  26.875387  102.918953     6.819    -1727.6    -9806.4      109.1     27.5     23.1     22.6 2023  1 14  8 57 21.050  3.1     0     0    11     4 -9.000  0.037   1
     3840  26.952799  102.923063     5.827    -1318.6    -1228.9     -882.4     15.6     11.6     13.0 2023  1 14 21 31 33.200  3.0     0     0     3     2 -9.000  0.018   1
     3865  27.118571  102.803849     7.720   -13145.8    17139.1     1010.5     43.4     25.5     61.6 2023  1 15  4 24 51.430  3.4     0     0     3     2 -9.000  0.052   1
     3931  27.078982  102.937891     6.694      153.4    12752.4      -14.8      8.4      6.4     14.9 2023  1 15 20 13 16.300  0.8     0     0     4     5 -9.000  0.034   1
     3939  27.120966  102.819686     6.227   -11574.7    17404.4     -481.9     22.6     13.7     29.3 2023  1 15 21 57 28.520  3.7     0     0     6     5 -9.000  0.048   1
     3957  26.833331  102.954419    11.481     1795.9   -14466.3     4771.5     19.2     16.2     14.2 2023  1 16  2 13 26.260  4.0     0     0    27    20 -9.000  0.049   1
     3981  26.967818  102.989583     2.561     5285.5      435.3    -4148.9     10.7     11.7      7.4 2023  1 16  8 21 19.850  4.0     0     0     2     1 -9.000  0.018   1
     3990  27.085453  102.928882     7.211     -740.6    13469.7      502.2      8.4      7.3     14.2 2023  1 16 11 43 16.400  1.9     0     0    16    17 -9.000  0.038   1
     4005  26.833779  102.978385     9.942     4176.1   -14416.7     3232.5     30.7     22.3     31.0 2023  1 16 16  3 19.020  3.8     0     0     5     0 -9.000  0.027   1
     4008  26.971263  102.922144     6.358    -1410.1      816.9     -351.6     28.4     21.5     20.5 2023  1 16 16 16 44.590  3.5     0     0     9     5 -9.000  0.045   1
     4025  27.108592  102.855672    10.039    -8005.0    16033.4     3329.2     21.7     13.8     16.4 2023  1 16 19  2 17.560  3.0     0     0     2     3 -9.000  0.024   1
     4113  26.653269  102.942879     5.538      649.9   -34417.5    -1170.8      1.9      2.0      6.0 2023  1 17 15 23 16.710  1.0     0     0    11     8 -9.000  0.007   1
     4130  27.106708  102.826554    13.395   -10893.6    15824.7     6685.9     20.4     19.4     21.6 2023  1 17 18 47 54.200  3.9     0     0     6     3 -9.000  0.037   1
     4159  26.861245  102.819344     2.185   -11622.1   -11373.4    -4523.9      1.4      1.2      6.7 2023  1 18  0  3 16.600  0.8     0     0     8     5 -9.000  0.002   1
     4201  27.102775  102.893140     7.617    -4287.4    15388.8      907.9     10.3      2.5     15.4 2023  1 18  9  8 42.450  3.0     0     0     1     3 -9.000  0.013   1
     4226  26.926654  102.915511     7.271    -2068.5    -4125.8      561.9     12.7     13.7     14.1 2023  1 18 17 22 49.000  2.7     0     0     9     3 -9.000  0.029   1
     4325  26.574028  103.040422    10.171    10351.0   -43197.8     3462.0      8.6     13.7     14.0 2023  1 19 18 37 36.640  4.0     0     0     3     1 -9.000  0.020   1
     4331  26.858223  102.930835    10.262     -547.7   -11708.1     3552.1     19.9     16.8     14.3 2023  1 19 22  6 22.880  4.0     0     0    16     4 -9.000  0.026   1
     4408  27.107546  102.833439    12.355   -10210.7    15917.6     5645.6     26.6     18.2     16.6 2023  1 20 19  7 17.240  3.8     0     0     7     4 -9.000  0.050   1
     4430  26.797795  102.951270     2.562     1483.2   -18403.9    -4146.5      2.8      3.0      4.1 2023  1 20 22 39 56.080  2.4     0     0     8    10 -9.000  0.004   1
     4476  26.990295  102.775846    11.390   -15933.3     2925.9     4680.9     40.0     36.8     42.7 2023  1 21 19 43 34.080  3.6     0     0     3     1 -9.000  0.037   1
     4506  27.014284  102.858260     9.792    -7750.7     5583.8     3082.4     27.6     34.0     24.3 2023  1 22  4 54 10.260  3.8     0     0     1     2 -9.000  0.033   1
     4529  27.101622  102.892708     6.387    -4330.0    15261.0     -322.0     10.2      2.5     16.6 2023  1 22 12 31 33.490  4.1     0     0     1     3 -9.000  0.013   1
     4537  26.834208  102.913118    11.603    -2307.7   -14369.0     4893.9     27.5     18.8     22.4 2023  1 22 14 38 34.520  3.4     0     0     4     4 -9.000  0.029   1
     4548  27.119928  102.878076    11.184    -5781.2    17289.5     4475.4      1.9      0.9      4.6 2023  1 22 17 43 16.680  0.9     0     0     2     3 -9.000  0.002   1
     4558  26.921924  102.924235     8.574    -1202.2    -4649.8     1865.0     31.7     28.3     28.1 2023  1 22 20 26  0.200  3.0     0     0     1     2 -9.000  0.049   1
     4561  26.984853  102.903304    18.884    -3280.4     2322.7    12174.7      6.8      4.3      7.3 2023  1 22 21 43 13.880  3.7     0     0    15     6 -9.000  0.010   1
     4569  27.121741  102.820174     5.920   -11525.8    17490.3     -789.4     22.4     13.7     33.1 2023  1 22 23 57 49.480  3.5     0     0     3     3 -9.000  0.045   1
     4652  26.869358  102.899862    15.040    -3623.8   -10474.4     8330.1      6.2      3.7      7.2 2023  1 23 20  7 57.300  3.5     0     0     1     3 -9.000  0.004   1
     4663  27.102301  102.852897    12.620    -8280.2    15336.4     5910.8     34.0     34.9     21.1 2023  1 23 21 54 10.080  4.5     0     0     3     2 -9.000  0.079   1
     4699  27.109041  102.817668    10.451   -11775.3    16083.2     3741.4     22.8     18.2     31.3 2023  1 24  5 27  3.440  3.8     0     0     5     2 -9.000  0.037   1
     4710  27.045188  102.842505    12.812    -9313.5     9008.1     6102.3      2.7      1.0      2.6 2023  1 24  8 18 32.320  3.0     0     0     2     0 -9.000  0.000   1
     4749  26.836656  102.914062    10.861    -2213.6   -14097.9     4151.5     47.9     16.4     19.1 2023  1 24 18 28 40.800  5.6     0     0     4     2 -9.000  0.033   1
     4751  26.838605  102.942391     8.010      600.8   -13882.0     1301.0     14.9     14.9     18.4 2023  1 24 18 39  7.920  3.8     0     0    11     8 -9.000  0.042   1
     4752  26.846096  102.926799     9.941     -948.7   -13052.0     3231.2     23.9     17.5     17.6 2023  1 24 19  2 19.500  4.9     0     0    12     3 -9.000  0.043   1
     4760  26.920249  102.900057     6.179    -3603.2    -4835.4     -530.2      6.9      6.3      5.0 2023  1 24 20 15  3.040  2.4     0     0     5     1 -9.000  0.025   1
     4772  26.653271  102.942879     5.546      650.0   -34417.3    -1162.3      2.0      2.0      5.9 2023  1 24 22 23 16.720  0.8     0     0    11     8 -9.000  0.007   1
     4792  26.864956  102.929102    14.111     -719.3   -10962.1     7401.5      2.4      3.0      2.7 2023  1 25  2 54 46.650  3.5     0     0     2     2 -9.000  0.000   1
     4801  27.088401  102.924382     6.245    -1186.8    13796.2     -463.1      5.8      4.6     10.7 2023  1 25  6 53 16.480  1.5     0     0    16    10 -9.000  0.027   1
     4804  26.653408  102.943001     5.730      661.7   -34402.3     -978.1      2.9      3.1     10.3 2023  1 25  8  9 56.700 -0.7     0     0    11     8 -9.000  0.009   1
     4818  26.967037  102.913981     6.706    -2220.1      348.8       -3.7     18.8     13.2     18.2 2023  1 25 12 51 58.540  3.8     0     0    17    13 -9.000  0.044   1
     4822  26.977765  102.923934     7.852    -1232.4     1537.5     1142.5     22.2     12.7     18.3 2023  1 25 14  8 38.550  3.7     0     0    16     9 -9.000  0.045   1
     4827  26.947375  102.910156     5.356    -2600.5    -1829.8    -1353.6     16.8     11.1     15.4 2023  1 25 15 29  9.120  3.7     0     0     3     2 -9.000  0.018   1
     4862  26.797758  102.951221     2.544     1478.4   -18407.9    -4164.8      2.1      2.1      3.1 2023  1 25 21 49 56.080  0.9     0     0    11    10 -9.000  0.004   1
     4866  26.713129  102.995728     8.732     5902.4   -27784.9     2023.0     10.1     12.1     11.9 2023  1 25 22 18 22.160  4.4     0     0     3     1 -9.000  0.006   1
     4882  26.858441  102.889274     7.036    -4675.2   -11684.0      327.0     23.5     15.8     25.1 2023  1 26  0 29 31.340  3.0     0     0     3     2 -9.000  0.034   1
     4890  26.707528  103.004891     9.653     6813.4   -28405.5     2944.0      7.4      7.5      7.2 2023  1 26  2  7 33.180  3.8     0     0     3     2 -9.000  0.017   1
     4914  26.985105  102.903190    18.945    -3291.4     2350.7    12236.0      7.4      2.9     10.5 2023  1 26  8 13 13.870  2.1     0     0    12     4 -9.000  0.013   1
     4980  26.862526  102.927425     9.623     -885.9   -11231.3     2914.0     31.6     21.4     24.8 2023  1 27  3  4  4.990  3.6     0     0    11     7 -9.000  0.043   1
     4992  26.866278  102.972786    11.121     3619.8   -10815.5     4411.3     19.4     20.1     21.6 2023  1 27  6 13 52.450  3.7     0     0    13     7 -9.000  0.044   1
     4994  26.688833  103.003044    11.583     6630.3   -30477.2     4873.6     26.4     17.5     20.0 2023  1 27  6 25 49.640  3.8     0     0     3     1 -9.000  0.056   1
     5006  26.990816  102.825106    10.417   -11043.1     2983.5     3707.3     23.1     11.2     22.7 2023  1 27 10 58 34.150  4.0     0     0     8     1 -9.000  0.035   1
     5016  26.975789  102.895768     9.021    -4028.7     1318.5     2311.2     32.2     23.7     21.2 2023  1 27 12  9 22.630  3.7     0     0     3     0 -9.000  0.008   1
     5023  26.977171  102.933480     7.900     -284.6     1471.7     1190.1     21.2     19.4     15.3 2023  1 27 13 50 19.710  3.6     0     0     7     1 -9.000  0.030   1
     5030  26.992607  102.813078    10.640   -12236.9     3182.0     3930.4     15.4     16.2     17.2 2023  1 27 15 32  4.380  2.9     0     0     6     3 -9.000  0.039   1
     5031  26.996781  102.821493    10.988   -11401.8     3644.6     4278.7     18.5      9.6     19.4 2023  1 27 15 33 32.140  3.6     0     0     8     2 -9.000  0.024   1
     5061  26.913200  102.911711     5.532    -2446.3    -5616.5    -1177.3     15.1     17.1     17.4 2023  1 27 22 15  4.320  2.6     0     0     7     1 -9.000  0.029   1
     5074  26.842716  102.979932    13.836     4329.6   -13426.3     7126.4     37.8     22.7     22.0 2023  1 28  1 40  9.800  3.6     0     0     1     2 -9.000  0.042   1
     5139  26.925264  102.884489     7.878    -5149.3    -4279.8     1168.9     25.0     19.6     17.1 2023  1 28 19 57 32.440  3.8     0     0     3     2 -9.000  0.055   1
     5183  27.130920  103.105420    13.801    16774.6    18507.5     7092.0     36.2     38.0     40.9 2023  1 29  5 21 28.540  4.0     0     0     1     1 -9.000  0.000   1
     5199  27.109296  102.804167    11.765   -13115.1    16111.4     5055.3     59.0     38.5     67.0 2023  1 29  9 19  2.490  4.0     0     0     3     2 -9.000  0.048   1
     5210  27.062628  102.833732     8.676   -10183.9    10940.5     1966.8     38.1     13.8     22.8 2023  1 29 12 18 41.550  3.1     0     0     1     2 -9.000  0.027   1
     5216  26.714451  103.011800     8.550     7499.7   -27638.5     1840.5      6.8      5.5      7.6 2023  1 29 13 41  6.700  3.6     0     0     6     3 -9.000  0.013   1
     5219  26.740570  102.860978    22.784    -7490.5   -24744.3    16074.3      3.1      1.8      2.8 2023  1 29 14  9 49.600 -0.3     0     0     1     2 -9.000  0.001   1
     5255  26.861324  102.944417     7.553      801.5   -11364.4      843.5     20.9     17.7     17.3 2023  1 29 22 51 44.400  3.5     0     0    14     5 -9.000  0.030   1
     5300  26.834062  102.949007     8.098     1257.8   -14385.2     1388.6     14.4     14.9     20.9 2023  1 30 12  1 48.910  3.4     0     0     7     8 -9.000  0.041   1
     5305  26.856732  102.940015    12.871      364.7   -11873.4     6161.3     20.7     23.3     18.0 2023  1 30 12 26 52.020  3.9     0     0     4     4 -9.000  0.027   1
     5322  27.084281  102.930477     7.700     -581.9    13339.7      991.9      7.3      6.4      9.9 2023  1 30 17 46 36.360 -0.1     0     0    13    15 -9.000  0.026   1
     5323  26.935622  102.838696    13.366    -9696.3    -3132.1     6656.9     12.1      9.0      7.3 2023  1 30 18  8 31.900  3.1     0     0     2     0 -9.000  0.000   1
     5386  26.799300  102.949105     5.722     1267.5   -18237.0     -986.4      1.2      2.3      5.1 2023  1 31  8 33 16.070  1.6     0     0     2     1 -9.000  0.000   1
     5413  26.617283  103.010620     9.298     7385.7   -38404.9     2588.3     19.9     17.9     11.0 2023  1 31 16 27 59.250  4.1     0     0     3     1 -9.000  0.004   1
     5418  26.880233  102.906877     6.263    -2926.7    -9269.4     -446.7     35.8     29.0     24.8 2023  1 31 17  3 23.800  4.2     0     0     5     2 -9.000  0.015   1
     5430  27.014703  102.932218     2.578     -409.5     5630.3    -4131.0     29.4     28.4     41.5 2023  1 31 19 52 21.600  2.6     0     0     2     0 -9.000  0.002   1
     5432  26.929028  102.913062     6.961    -2311.7    -3862.8      251.7     16.9     13.3     18.4 2023  1 31 20 31 50.740  2.8     0     0    23     8 -9.000  0.042   1
     5437  26.967116  102.910685     8.548    -2547.7      357.6     1838.6     27.1     33.7     19.3 2023  1 31 21 28 23.440  3.1     0     0     8     3 -9.000  0.040   1
     5442  26.934833  102.907853     6.785    -2829.3    -3219.6       75.4     19.7     13.9     22.5 2023  1 31 22 23 52.140  3.0     0     0    14     0 -9.000  0.024   1
     5502  27.012390  102.823071     3.956   -11244.1     5374.0    -2753.6     47.4     43.3     64.1 2023  2  1 19 32 32.760  3.1     0     0     4     0 -9.000  0.033   1
     5503  27.058673  102.847135     8.043    -8853.6    10502.4     1333.9     11.6      8.3     12.2 2023  2  1 20  5  2.880  3.6     0     0     8     7 -9.000  0.031   1
     5533  27.015544  102.933700     3.219     -262.4     5723.3    -3490.3     30.2     29.2     42.3 2023  2  2  3 50 12.990  3.5     0     0     2     0 -9.000  0.002   1
     5538  26.988361  102.941675     4.501      529.2     2711.4    -2208.7     24.8     25.6     23.0 2023  2  2  4 41  3.370  3.0     0     0     2     2 -9.000  0.022   1
     5609  26.937830  102.892236     8.495    -4379.8    -2887.4     1785.4     25.2     22.3     17.5 2023  2  2 20 27  4.200  3.2     0     0     3     2 -9.000  0.055   1
     5615  26.838021  102.941724     6.715      534.6   -13946.6        5.4     19.3     21.3     34.4 2023  2  2 21 52 48.000  2.7     0     0     4     4 -9.000  0.027   1
     5656  27.107005  102.853003     6.469    -8269.5    15857.5     -240.9     26.5     22.5     27.0 2023  2  3  9 59 32.520  3.8     0     0     2     1 -9.000  0.009   1
     5658  26.652356  102.942000     4.627      562.5   -34518.9    -2081.3      3.3      3.7     11.7 2023  2  3 10 59 56.730  0.6     0     0     8     9 -9.000  0.010   1
     5778  26.855540  102.938631    11.455      227.1   -12005.5     4745.7     27.7     36.6     38.9 2023  2  4 20  7 36.680  2.9     0     0     5     3 -9.000  0.044   1
     5785  26.986477  102.926961     3.331     -931.5     2502.6    -3378.0     12.2     12.6     13.1 2023  2  4 21 12 47.960  3.0     0     0     4     4 -9.000  0.020   1
     5791  27.090906  102.876807     7.721    -5907.7    14073.8     1011.8      3.3      2.0      3.3 2023  2  4 22 14 28.360  3.1     0     0     1     2 -9.000  0.000   1
     5869  26.898293  102.907951     4.757    -2820.2    -7268.4    -1951.2     21.9     15.5     22.2 2023  2  5 20 48 23.920  2.9     0     0     4     0 -9.000  0.027   1
     5886  26.967204  102.918115     8.140    -1809.5      367.3     1430.6     22.2     25.4     14.0 2023  2  6  1 12 27.310  5.2     0     0    22     9 -9.000  0.042   1
     5889  26.981525  102.933439     3.367     -288.6     1954.1    -3342.7      8.1     12.7     10.9 2023  2  6  1 43 58.220  3.5     0     0     6     3 -9.000  0.035   1
     5917  26.970249  102.915568     8.512    -2062.8      704.8     1802.1     13.6     19.7     12.8 2023  2  6  8 30 30.960  4.8     0     0    13     3 -9.000  0.030   1
     5995  26.860817  102.820150     2.416   -11541.5   -11420.6    -4292.0      1.4      1.1      3.1 2023  2  7  5 29 56.610  1.7     0     0    11     8 -9.000  0.003   1
     6008  26.961875  102.885734     5.521    -5025.1     -223.1    -1187.9     43.2     36.1     25.9 2023  2  7 10 51 42.840  3.0     0     0     1     0 -9.000  0.000   1
     6016  26.577781  103.055965     9.057    11896.9   -42781.9     2347.7     12.9     16.6     19.4 2023  2  7 12 22 33.540  4.3     0     0     4     0 -9.000  0.012   1
     6029  26.975358  102.916569     4.310    -1963.1     1270.7    -2399.0     22.0     27.8     12.2 2023  2  7 14 24 46.290  3.0     0     0     6     2 -9.000  0.036   1
     6042  27.009347  102.862174     9.765    -7362.3     5036.9     3055.5     27.0     34.6     24.1 2023  2  7 17 12 44.900  3.3     0     0     1     2 -9.000  0.033   1
     6051  26.575122  103.048698     9.908    11174.2   -43076.5     3198.4      7.7      8.7     10.0 2023  2  7 18 46 49.040  4.3     0     0     7     1 -9.000  0.016   1
     6052  26.962008  102.814803     7.398   -12067.7     -208.5      688.2      1.6      0.8      1.8 2023  2  7 19  4 59.480  3.2     0     0     2     1 -9.000  0.000   1
     6065  27.105070  102.858870    11.734    -7687.4    15643.2     5024.1     35.7     34.2     22.1 2023  2  7 22 51 25.800  4.3     0     0     6     6 -9.000  0.073   1
     6124  27.125462  102.844466     9.242    -9115.5    17902.6     2532.6     32.0     21.1     39.7 2023  2  8 15 37 19.590  4.2     0     0     3     2 -9.000  0.051   1
     6170  26.838544  102.959530    15.414     2303.5   -13888.6     8704.9     29.5     35.6     22.9 2023  2  9  5 18 18.340  4.0     0     0     3     1 -9.000  0.016   1
     6203  26.924746  102.921834     7.797    -1440.7    -4337.2     1087.1     28.6     26.6     21.2 2023  2  9 17 12 52.040  2.2     0     0    10     4 -9.000  0.047   1
     6222  26.901396  102.911190     3.302    -2498.1    -6924.4    -3407.1     20.8     15.1     30.5 2023  2  9 20 44 58.680  2.7     0     0     4     0 -9.000  0.027   1
     6234  26.979083  102.813997     6.915   -12147.0     1683.6      205.6      1.6      0.9      1.7 2023  2  9 22 39 56.920  3.3     0     0     2     1 -9.000  0.000   1
     6239  26.894299  102.944100    14.522      770.7    -7710.8     7812.5      2.9      8.2      7.2 2023  2  9 23 37 29.600  3.3     0     0     2     2 -9.000  0.005   1
     6311  26.976835  102.778687    10.873   -15652.1     1434.5     4163.7     39.4     35.2     42.1 2023  2 10 18 13 48.200  2.5     0     0     3     1 -9.000  0.037   1
     6313  27.088761  102.923389     5.626    -1285.4    13836.1    -1082.0      7.0      4.1      5.9 2023  2 10 18 26 36.520  1.8     0     0     8     6 -9.000  0.007   1
     6315  26.824935  102.966097     9.379     2955.7   -15396.5     2669.5     17.3     26.8     26.0 2023  2 10 18 51 51.160  3.2     0     0     6     7 -9.000  0.030   1
     6317  26.815413  102.961491    14.564     2498.1   -16451.5     7854.5     21.6     22.4     17.3 2023  2 10 18 59 17.320  4.1     0     0     5     1 -9.000  0.029   1
     6322  26.852148  102.989754    14.198     5305.6   -12381.3     7488.9     19.4     15.4     13.0 2023  2 10 20  1 54.380  2.9     0     0     2     4 -9.000  0.040   1
     6336  26.842015  102.955509    12.912     1903.9   -13504.0     6202.3     32.3     35.0     34.8 2023  2 10 22 52 55.840  3.4     0     0     2     3 -9.000  0.008   1
     6337  26.812425  102.959985    10.336     2348.6   -16782.8     3626.3     21.4     21.9     19.0 2023  2 10 23 21 27.200  3.2     0     0     4     7 -9.000  0.026   1
     6343  26.928699  102.905021     8.486    -3110.2    -3899.2     1776.5     34.7     32.5     25.6 2023  2 11  0 34 33.460  4.3     0     0     3     2 -9.000  0.034   1
     6365  27.127273  102.860213     7.641    -7553.3    18103.4      931.6     21.9     13.3     25.6 2023  2 11  8 41  3.580  3.1     0     0     4     4 -9.000  0.027   1
     6436  26.989962  102.922144     2.855    -1409.5     2888.9    -3854.9     12.6     15.2     14.3 2023  2 12  3  7  9.490  4.3     0     0     4     4 -9.000  0.038   1
     6441  26.855725  102.947998    12.215     1157.6   -11984.9     5505.4     26.5     34.6     27.8 2023  2 12  3 36 55.090  3.3     0     0     8     3 -9.000  0.041   1
     6478  26.877555  102.917586    14.261    -1863.5    -9566.0     7551.4     22.9     18.1     17.4 2023  2 12 15 24 31.460  3.9     0     0     2     2 -9.000  0.035   1
     6485  26.840814  102.952132     2.605     1568.6   -13637.1    -4104.4     21.1     20.3     31.8 2023  2 12 17  1 26.740  3.1     0     0     2     2 -9.000  0.047   1
     6642  27.079209  102.937199     6.153       84.9    12777.8     -555.1      7.4      2.5      8.0 2023  2 14 20 23 16.320  1.0     0     0    15    17 -9.000  0.016   1
     6645  26.872530  102.959880    12.039     2337.3   -10122.8     5329.3     20.8     22.2     21.1 2023  2 14 21 11 56.540  3.3     0     0     4     1 -9.000  0.028   1
     6646  27.109159  102.858545     0.955    -7719.4    16096.2    -5754.5      8.6      5.5     10.0 2023  2 14 21 35 59.380  3.3     0     0     1     3 -9.000  0.001   1
     6672  27.103251  102.845703    12.644    -8994.2    15441.7     5934.7     18.8     14.7     15.4 2023  2 15  6 37 39.600  4.2     0     0     7     1 -9.000  0.044   1
     6679  27.107542  102.842285     9.732    -9333.1    15917.0     3022.2     35.4     21.9     23.5 2023  2 15 10 22 17.600  3.7     0     0     5     4 -9.000  0.043   1
     6691  26.866606  102.979761    17.713     4312.8   -10779.3    11003.7     15.9     11.7     13.1 2023  2 15 12 37 42.850  3.5     0     0     1     2 -9.000  0.023   1
     6703  27.110913  102.842619     5.352    -9300.1    16290.5    -1357.1     25.6     14.6     30.5 2023  2 15 15 17 29.630  3.1     0     0     4     2 -9.000  0.021   1
     6706  27.111304  102.846468     3.666    -8917.4    16333.8    -3043.4     45.0     33.5    119.5 2023  2 15 16 28  5.050  2.7     0     0     2     0 -9.000  0.009   1
     6719  26.832623  102.949178    15.248     1275.1   -14544.6     8538.5     23.0     18.1     21.3 2023  2 15 20 50 46.780  3.2     0     0     1     3 -9.000  0.016   1
     6723  27.068077  102.856226     7.001    -7950.8    11544.1      291.7     30.6     20.6     28.5 2023  2 15 22 10 54.280  3.5     0     0     5     1 -9.000  0.041   1
     6774  26.861292  102.819019     0.774   -11654.2   -11368.1    -5934.9      2.4      1.4      6.9 2023  2 16 20 43 16.600  0.8     0     0     6     3 -9.000  0.005   1
     6783  27.109772  102.828727    10.293   -10678.2    16164.2     3583.4     20.1     12.9     19.1 2023  2 17  0 14 51.000  3.8     0     0    10     7 -9.000  0.041   1
     6834  26.826630  102.960840    11.304     2433.3   -15208.8     4595.0     25.9     17.3     15.5 2023  2 17 23  0 31.040  4.1     0     0    30    16 -9.000  0.040   1
     7044  27.128715  102.828337     9.954   -10715.7    18263.1     3244.2     30.8     21.7     37.1 2023  2 21 10 20 53.720  4.7     0     0     3     2 -9.000  0.051   1
     7083  26.919187  102.904329     5.252    -3179.1    -4953.2    -1457.4     16.0     16.9     17.4 2023  2 21 23 18 39.780  4.7     0     0     7     1 -9.000  0.029   1
     7151  27.203912  102.819051    10.554   -11633.2    26595.1     3844.8     11.3     23.1     13.1 2023  2 22 19 25 29.720  4.1     0     0     9     6 -9.000  0.039   1
     7153  26.892122  102.890202    13.459    -4582.9    -7952.1     6750.1      4.1      2.9      2.1 2023  2 22 19 45 20.800  3.4     0     0     2     1 -9.000  0.000   1
     7177  26.797809  102.951204     2.527     1476.5   -18402.2    -4181.9      2.4      2.6      2.8 2023  2 23  9 23 16.090  1.7     0     0     8     6 -9.000  0.001   1
     7182  26.804976  102.910425    10.088    -2575.2   -17607.9     3378.4      1.7      1.0      1.2 2023  2 23 11 33 42.560  3.5     0     0     1     1 -9.000  0.000   1
     7186  27.107202  102.840763     0.932    -9483.8    15879.5    -5777.1      8.2      5.6     10.0 2023  2 23 14  5 41.170  3.0     0     0     1     3 -9.000  0.001   1
     7270  27.128239  103.110018    13.057    17231.2    18210.5     6347.2     35.7     37.5     42.9 2023  2 24 20  1 25.240  3.2     0     0     1     1 -9.000  0.000   1
     7290  27.205743  102.814437     9.080   -12090.7    26798.0     2370.9     27.0     25.7     37.3 2023  2 25  5 47 20.380  3.9     0     0     8     3 -9.000  0.036   1
     7332  26.856380  102.948836     7.197     1240.6   -11912.3      487.3     21.2     14.3     14.8 2023  2 25 17 28  3.340  3.7     0     0     9     5 -9.000  0.038   1
     7374  27.207648  102.808105    10.848   -12719.1    27009.2     4139.1     12.0     23.9     14.6 2023  2 26  2 50 36.020  5.0     0     0     9     5 -9.000  0.042   1
     7375  27.197013  102.830005     8.890   -10547.2    25830.7     2180.9     58.9     48.0     69.4 2023  2 26  2 54 34.340  4.3     0     0     4     3 -9.000  0.016   1
     7377  27.204140  102.812915     9.037   -12241.7    26620.4     2327.6     24.9     19.8     29.5 2023  2 26  3 56 47.460  4.3     0     0     6     5 -9.000  0.029   1
     7413  26.851050  102.946509     6.829     1009.9   -12502.9      119.2     15.5     13.6     23.6 2023  2 26 16 17  1.730  3.2     0     0    19     9 -9.000  0.039   1
     7429  27.059302  102.843896     7.331    -9175.1    10571.8      621.6     14.0     10.4     15.6 2023  2 26 22 17 28.580  3.0     0     0     5     2 -9.000  0.012   1
     7438  26.922565  102.924414     6.468    -1184.6    -4578.8     -241.0     19.8     19.4     17.0 2023  2 27  1 33 44.960  4.5     0     0    16     5 -9.000  0.056   1
     7446  26.859650  102.948494    10.716     1207.0   -11550.1     4007.0     24.9     20.2     21.3 2023  2 27  5 56 54.190  3.8     0     0    10     6 -9.000  0.056   1
     7483  26.834542  102.938981     7.832      262.3   -14332.1     1122.3     13.4     13.8     18.8 2023  2 27 20 25 39.080  3.9     0     0    10     8 -9.000  0.032   1
     7526  26.859778  102.926074    11.626    -1020.4   -11535.9     4916.6     17.6     17.0     16.5 2023  2 28 15 11  6.250  3.8     0     0     4     2 -9.000  0.035   1
     7544  26.864439  102.903402     8.590    -3272.3   -11019.3     1880.8     16.2     12.9     12.4 2023  2 28 21 24  5.440  3.6     0     0     5     2 -9.000  0.028   1
     7545  26.625262  103.007007     9.228     7026.3   -37520.9     2518.2     20.0     18.1     11.3 2023  2 28 21 42 45.800  4.3     0     0     3     1 -9.000  0.004   1
     7547  26.797072  102.951888     2.091     1544.7   -18483.8    -4617.4      4.8      3.7     10.9 2023  2 28 22 13 16.080  1.9     0     0    11     8 -9.000  0.003   1
     7574  26.850753  102.951335     6.727     1489.2   -12535.9       17.7     23.2     17.0     27.9 2023  3  1 10 42 47.170  3.7     0     0    12     9 -9.000  0.055   1
     7582  26.886947  102.919531    13.859    -1669.9    -8525.5     7149.7     22.8     18.8     16.5 2023  3  1 11 42 31.070  3.8     0     0     4     4 -9.000  0.030   1
     7583  26.857743  102.940698    10.172      432.5   -11761.3     3462.5     18.8     17.4     17.6 2023  3  1 11 57 26.170  4.0     0     0    40    19 -9.000  0.041   1
     7594  26.846680  102.965299     6.562     2876.3   -12987.1     -147.1     16.4     10.8     20.3 2023  3  1 16 21 47.940  3.1     0     0    16    12 -9.000  0.039   1
     7605  26.853534  102.955241    11.082     1877.3   -12227.8     4372.2     52.5     55.1     34.3 2023  3  1 21 29 18.520  3.4     0     0    11     3 -9.000  0.049   1
     7629  26.860935  102.821883     4.194   -11369.5   -11407.7    -2514.7      3.4      1.6     11.1 2023  3  2  9 46 36.600  1.5     0     0    13    13 -9.000  0.004   1
     7651  27.118921  102.913843    11.390    -2232.6    17177.8     4680.6    161.6    125.3    154.4 2023  3  2 16 21 30.800  3.4     0     0     1     1 -9.000  0.003   1
     7653  27.012368  102.815210     5.372   -12024.9     5371.5    -1337.2     48.4     43.3     59.5 2023  3  2 16 50 48.130  4.5     0     0     4     0 -9.000  0.033   1
     7662  26.794645  102.941504     2.079      512.4   -18752.8    -4629.0     16.0      9.1     11.2 2023  3  2 21 56 36.060  1.1     0     0     9     6 -9.000  0.009   1
     7666  26.859344  102.950203    12.442     1376.5   -11584.0     5732.7     17.1     14.9     17.0 2023  3  2 22 25 24.200  5.5     0     0    28    16 -9.000  0.047   1
     7671  26.854464  102.964998     8.039     2846.1   -12124.8     1329.1     20.2     17.1     26.8 2023  3  2 22 48 54.960  4.1     0     0    26    15 -9.000  0.048   1
     7696  26.860555  102.823722     4.474   -11187.2   -11449.7    -2234.4      2.3      1.3      6.6 2023  3  3 13 16 36.600  1.6     0     0     8     8 -9.000  0.004   1
     7697  26.860927  102.821891     4.193   -11368.8   -11408.5    -2515.2      3.0      1.2     10.9 2023  3  3 13 26 36.600  1.8     0     0    13    13 -9.000  0.004   1
     7701  26.864431  102.819840     3.488   -11572.8   -11020.3    -3220.0      4.0      2.8     10.9 2023  3  3 16 43 17.230  1.1     0     0     3     2 -9.000  0.001   1
     7709  26.822898  102.958545     9.467     2205.5   -15622.2     2757.5     19.1     18.3     30.8 2023  3  3 18 35 14.000  3.0     0     0    10     6 -9.000  0.052   1
     7755  27.143974  102.815715    10.625   -11967.6    19953.8     3915.1     22.2     12.3     25.5 2023  3  4 21  6 18.000  3.3     0     0     3     2 -9.000  0.031   1
     7763  26.865637  102.902572     9.363    -3354.2   -10886.6     2653.3     14.7     10.5      9.1 2023  3  5  3 25 55.960  3.2     0     0     6     2 -9.000  0.039   1
     7770  26.848181  102.965869     5.581     2933.0   -12820.8    -1127.9     12.4     12.2     21.1 2023  3  5  8 40 13.980  3.2     0     0     8     5 -9.000  0.038   1
     7783  26.864431  102.819816     2.885   -11575.0   -11020.2    -3823.6      4.0      2.7      5.6 2023  3  5 15 29 57.220  3.1     0     0     3     2 -9.000  0.001   1
     7785  26.857359  102.945076    10.618      867.2   -11803.9     3908.2     23.8     17.7     23.5 2023  3  5 15 55  1.420  3.8     0     0    39    11 -9.000  0.042   1
     7813  26.866368  102.955965    11.063     1948.7   -10805.8     4353.7     22.8     18.1     20.4 2023  3  6  3 24 59.830  3.4     0     0    26    16 -9.000  0.049   1
     7825  27.129425  102.806673    10.412   -12865.5    18341.8     3702.4     22.1     12.4     25.7 2023  3  6  7 11 15.890  4.7     0     0     3     2 -9.000  0.031   1
     7827  27.126552  102.869352     6.835    -6646.7    18023.5      125.9     24.2     13.4     27.0 2023  3  6  7 43  0.260  2.9     0     0     2     2 -9.000  0.031   1
     7839  27.062834  102.853011     8.567    -8270.6    10963.3     1857.2     17.7     12.0     18.3 2023  3  6 17  7 18.600  3.6     0     0     3     2 -9.000  0.020   1
     7853  26.843382  102.944027    12.051      763.2   -13352.5     5341.3     44.8     28.2     36.4 2023  3  6 20 48 46.300  6.5     0     0     7     4 -9.000  0.023   1
     7856  26.842029  102.977189     7.565     4057.2   -13502.6      856.0     23.8     17.7     33.1 2023  3  6 21  4 33.200  3.1     0     0    10     8 -9.000  0.047   1
     7859  26.875594  102.898926     8.872    -3716.5    -9783.5     2162.9     27.6     21.9     26.1 2023  3  6 21 24 19.720  3.2     0     0     7     4 -9.000  0.047   1
     7865  26.849333  102.935148    10.268     -119.2   -12693.2     3558.3     22.2     20.3     14.3 2023  3  6 21 58  3.400  3.6     0     0     9     1 -9.000  0.013   1
     7866  26.860828  102.914551     8.289    -2164.4   -11419.6     1579.7     25.6     16.6     22.2 2023  3  6 22 22 54.820  3.7     0     0    18    11 -9.000  0.057   1
     7871  26.848885  102.959001     6.641     2250.6   -12742.8      -68.1     24.2     18.4     24.8 2023  3  6 23 14 54.360  3.2     0     0     7     5 -9.000  0.048   1
     7873  26.866538  102.952669    10.457     1621.7   -10786.7     3747.2     18.0     12.7     19.5 2023  3  6 23 32 30.880  3.2     0     0    37    23 -9.000  0.037   1
     7875  26.848484  102.917993    12.481    -1822.8   -12787.2     5771.7     24.2     20.1     22.4 2023  3  6 23 42 50.040  3.6     0     0     4     4 -9.000  0.021   1
     7877  26.862038  102.971362    13.072     3478.7   -11285.4     6362.9     25.1     28.3     29.1 2023  3  6 23 51 23.960  4.2     0     0     7     7 -9.000  0.056   1
     7878  26.843319  102.917285     7.003    -1893.6   -13359.6      293.7     27.5     18.7     27.0 2023  3  7  0  4  1.920  4.0     0     0     8     4 -9.000  0.021   1
     7880  26.850226  102.930916    13.492     -539.5   -12594.3     6782.4     34.0     22.1     24.3 2023  3  7  0 14 26.030  4.0     0     0     2     1 -9.000  0.002   1
     7889  26.855725  102.952938     9.414     1648.4   -11985.0     2704.6     21.2     24.1     20.3 2023  3  7  1 31 59.050  3.9     0     0    20    16 -9.000  0.041   1
     7891  26.846737  102.954891    10.226     1842.6   -12981.0     3516.7     22.6     19.8     22.7 2023  3  7  2 24 31.590  4.5     0     0    22    10 -9.000  0.044   1
     7894  26.851725  102.923397     6.803    -1285.8   -12428.2       93.3     13.9      8.5     14.6 2023  3  7  3 21 32.450  3.8     0     0    23    10 -9.000  0.038   1
     7895  26.851609  102.962158    11.736     2564.6   -12441.1     5027.0     76.6     57.9     74.6 2023  3  7  3 41 31.660  4.4     0     0     3     2 -9.000  0.015   1
     7897  27.154307  103.110360     6.974    17262.8    21098.8      264.3     41.4     41.5     75.2 2023  3  7  4 18 49.540  3.9     0     0     3     1 -9.000  0.018   1
     7899  26.864197  102.928638     9.192     -765.6   -11046.2     2483.0     16.5     16.8     10.7 2023  3  7  4 37  7.010  3.8     0     0    14    11 -9.000  0.047   1
     7900  26.860911  102.961922    10.312     2540.8   -11410.2     3602.2     37.6     26.4     35.9 2023  3  7  4 41  1.830  3.8     0     0     5     3 -9.000  0.014   1
     7905  26.857424  102.959465     8.437     2296.7   -11796.8     1727.9     20.7     13.1     19.9 2023  3  7  5 48 34.900  3.9     0     0    10     6 -9.000  0.038   1
     7908  26.854541  102.967049    12.025     3050.2   -12116.2     5315.6     20.7     17.8     17.4 2023  3  7  7  3 58.650  4.7     0     0    22    18 -9.000  0.048   1
     7917  26.854871  102.940576    11.516      420.6   -12079.6     4807.0     30.4     28.2     27.5 2023  3  7  8 29 47.590  3.9     0     0    14     4 -9.000  0.037   1
     7918  26.853953  102.943270     6.419      687.9   -12181.2     -290.6     16.0     11.5     25.4 2023  3  7  9  0 10.340  3.6     0     0    16    15 -9.000  0.045   1
     7925  26.838251  102.895890    10.508    -4018.6   -13921.2     3798.9     36.1     16.7     17.0 2023  3  7 12  5  7.670  3.4     0     0     2     2 -9.000  0.023   1
     7935  26.857208  102.941341     9.677      496.2   -11820.6     2967.1     15.5     16.3     13.1 2023  3  7 14 38 37.060  4.7     0     0    37    20 -9.000  0.041   1
     7936  26.838033  102.970874    10.796     3430.5   -13945.3     4086.9     20.7     21.4     19.8 2023  3  7 14 40 28.790  5.5     0     0    10     7 -9.000  0.045   1
     7941  26.838076  102.968522     9.440     3196.7   -13940.5     2730.7     23.0     24.0     29.6 2023  3  7 15 16 57.950  5.0     0     0    12    10 -9.000  0.034   1
     7951  26.852307  102.978263     8.824     4163.9   -12363.6     2115.1     20.8     17.5     24.6 2023  3  7 19  1 47.320  3.7     0     0    11     4 -9.000  0.034   1
     7952  26.853156  102.947852     9.706     1143.0   -12269.7     2996.9     26.6     32.5     27.6 2023  3  7 19 34 57.680  3.8     0     0    20     1 -9.000  0.027   1
     7957  26.850641  102.969523    13.404     3295.7   -12548.2     6694.1     18.8     19.6     19.2 2023  3  7 21 13 56.400  4.6     0     0    17    12 -9.000  0.055   1
     7958  26.847247  102.980534     9.809     4389.4   -12924.4     3099.4     16.3     15.1     20.3 2023  3  7 21 21 37.800  5.0     0     0    16     5 -9.000  0.044   1
     7959  26.852563  102.959440     6.144     2294.3   -12335.2     -565.7     17.5     15.3     27.3 2023  3  7 21 31 15.800  3.7     0     0     4     3 -9.000  0.049   1
     7961  26.854948  102.955892     6.092     1941.4   -12071.0     -617.3     20.4     18.5     35.0 2023  3  7 21 37  4.480  3.4     0     0    14     7 -9.000  0.043   1
     7962  26.853001  102.966838    14.411     3029.3   -12286.8     7701.4     26.1     22.5     23.2 2023  3  7 21 44 29.500  5.0     0     0     9     5 -9.000  0.053   1
     7963  27.119932  102.878019    11.236    -5787.1    17290.0     4527.5      1.9      0.9      4.6 2023  3  7 21 49 56.680  2.0     0     0     2     3 -9.000  0.002   1
     7965  26.857920  102.937370     8.269      101.6   -11741.6     1559.3     20.6     16.8     27.0 2023  3  7 21 58 11.240  3.8     0     0    15     9 -9.000  0.064   1
     7967  26.871893  102.930965     9.982     -534.2   -10193.5     3272.4     17.0     17.1     11.0 2023  3  7 22 18  8.200  2.9     0     0    16    12 -9.000  0.031   1
     7972  26.842712  102.966406     6.251     2986.1   -13426.8     -458.3     20.3     15.1     26.3 2023  3  7 22 43 48.300  3.5     0     0    10     5 -9.000  0.037   1
     7973  26.870343  102.953532    12.135     1707.0   -10365.3     5425.7     11.8     14.4     11.0 2023  3  7 22 56 19.900  2.8     0     0     4     2 -9.000  0.041   1
     7978  26.931441  102.926896     8.149     -938.6    -3595.5     1439.4     36.3     30.4     20.4 2023  3  7 23 32 48.900  3.4     0     0     6     1 -9.000  0.048   1
     7981  26.856384  102.930094     9.181     -620.5   -11912.0     2471.1     15.4     13.8     19.5 2023  3  7 23 40 52.640  3.3     0     0    18    10 -9.000  0.040   1
     7984  26.862964  102.925903    12.535    -1037.3   -11182.9     5825.7     21.1     21.7     19.0 2023  3  8  0 24 24.290  3.9     0     0     2     1 -9.000  0.007   1
     7987  26.863534  102.918042    13.340    -1818.0   -11119.7     6630.2     20.9     19.8     17.0 2023  3  8  0 57 16.840  4.4     0     0     9     5 -9.000  0.032   1
     7990  26.860937  102.821794     4.131   -11378.9   -11407.4    -2577.6      3.9      1.3     12.3 2023  3  8  2 36 36.600  2.5     0     0    16    15 -9.000  0.004   1
     7991  26.847054  102.972135    10.178     3555.2   -12945.8     3468.6     22.2     25.8     28.9 2023  3  8  3  2 53.730  4.3     0     0     5     2 -9.000  0.033   1
     7998  26.852376  102.977482     8.525     4086.6   -12355.9     1815.4     17.0     14.4     23.0 2023  3  8  4 57 33.940  4.1     0     0    20    11 -9.000  0.040   1
     7999  26.853400  102.948210     9.248     1178.6   -12242.6     2538.4     21.5     16.7     19.7 2023  3  8  5 35 56.710  3.8     0     0    15     2 -9.000  0.042   1
     8001  26.848234  102.994710     7.365     5798.2   -12814.9      655.9     16.8     13.7     28.7 2023  3  8  5 58 31.450  3.9     0     0     4     2 -9.000  0.025   1
     8005  26.851717  102.949251     9.733     1282.1   -12429.0     3023.8     30.8     22.2     18.8 2023  3  8  7 58 32.550  4.1     0     0     6    14 -9.000  0.046   1
     8006  26.863704  102.966471    10.684     2992.4   -11100.8     3974.8     33.9     27.4     30.0 2023  3  8  8 34 31.870  3.2     0     0     6     6 -9.000  0.048   1
     8009  26.847591  102.926571     7.585     -970.7   -12886.2      875.1     14.2     11.3     16.0 2023  3  8  9 54 43.010  3.8     0     0     7     3 -9.000  0.027   1
     8010  26.849829  102.977848    11.713     4123.2   -12638.3     5003.5     22.2     20.2     27.2 2023  3  8 10 17 27.190  3.4     0     0     4     6 -9.000  0.031   1
     8014  26.862740  102.972493    12.630     3590.9   -11207.6     5920.4     21.3     20.4     17.2 2023  3  8 10 57 26.200  3.9     0     0     8     5 -9.000  0.037   1
     8017  26.854055  102.977295    10.508     4067.8   -12169.9     3798.7     24.4     21.2     20.1 2023  3  8 11 16  2.650  5.1     0     0     7     5 -9.000  0.034   1
     8018  26.865025  102.949479    12.902     1304.7   -10954.5     6192.9     12.5     14.1     10.4 2023  3  8 11 18  4.450  3.6     0     0     4     2 -9.000  0.010   1
     8024  26.851851  102.975513    12.613     3890.7   -12414.1     5903.7     15.1     16.3     15.1 2023  3  8 12 16  0.100  3.8     0     0    15    14 -9.000  0.039   1
     8028  26.849127  102.912028     6.834    -2415.6   -12715.9      124.9     33.1     25.4     35.3 2023  3  8 13 18 43.510  4.7     0     0     3     1 -9.000  0.061   1
     8032  26.863171  102.974251     8.127     3765.7   -11159.9     1417.4     22.9     22.5     31.5 2023  3  8 14 11 31.160  3.8     0     0     4     3 -9.000  0.039   1
     8034  26.867063  102.943001    12.435      661.3   -10728.7     5725.9     17.2     16.8     13.1 2023  3  8 14 20 24.250  3.6     0     0    12     4 -9.000  0.035   1
     8036  26.858256  102.932926    14.728     -339.1   -11704.4     8018.6     12.4      8.1     11.7 2023  3  8 14 27 34.350  3.7     0     0     2     1 -9.000  0.007   1
     8040  26.856342  102.920028    11.565    -1620.5   -11916.7     4855.1     20.7     17.1     15.4 2023  3  8 15 16  6.700  3.0     0     0    15     8 -9.000  0.042   1
     8041  26.858073  102.927889    11.062     -840.0   -11724.9     4352.6     22.2     21.0     17.1 2023  3  8 15 29 18.960  3.2     0     0     4     2 -9.000  0.047   1
     8045  26.867668  102.986230    12.269     4955.2   -10661.7     5559.6     29.3     18.8     28.1 2023  3  8 16 15 45.510  3.5     0     0     2     2 -9.000  0.061   1
     8048  27.126103  102.836279     6.617    -9928.4    17973.8      -92.3     38.4     29.8     39.6 2023  3  8 16 47  0.040  4.6     0     0     4     0 -9.000  0.052   1
     8052  26.854470  102.929858     6.791     -644.1   -12124.1       81.7     15.3     12.2     14.6 2023  3  8 17 18 39.640  3.5     0     0    12     6 -9.000  0.045   1
     8055  26.853906  102.941659    13.371      528.2   -12186.4     6661.9     25.8     16.0     19.5 2023  3  8 17 31 51.800  3.5     0     0     4     2 -9.000  0.026   1
     8060  26.797795  102.951237     2.556     1479.5   -18403.7    -4152.0      2.0      2.5      3.8 2023  3  8 18  3 16.080  3.2     0     0    15    12 -9.000  0.004   1
     8069  26.853933  102.934814    12.856     -151.9   -12183.6     6146.8     20.4     17.3     16.3 2023  3  8 18 45 27.540  3.1     0     0    15     9 -9.000  0.033   1
     8076  26.851774  102.910465     6.379    -2570.9   -12422.6     -330.9     31.1     20.6     23.2 2023  3  8 19 33  4.980  3.3     0     0     6     3 -9.000  0.026   1
     8077  26.870253  102.896444    16.220    -3962.9   -10375.2     9510.4      6.2      3.9      7.0 2023  3  8 19 41 40.680  4.8     0     0     1     3 -9.000  0.004   1
     8083  26.853306  102.913330     8.053    -2286.5   -12253.0     1343.1     22.1     15.8     18.9 2023  3  8 20 22 49.920  3.6     0     0    10     4 -9.000  0.057   1
     8086  26.864927  102.876139     4.920    -5980.6   -10965.2    -1789.3     37.7     28.9     41.3 2023  3  8 20 54 12.340  2.7     0     0     1     3 -9.000  0.048   1
     8088  26.843937  102.935954     6.713      -38.9   -13291.1        3.4     25.8     19.1     34.6 2023  3  8 21  9 16.720  3.6     0     0    11     8 -9.000  0.042   1
     8091  26.852970  102.945711     7.999      930.1   -12290.1     1289.2     14.9     13.6     17.9 2023  3  8 22  6  3.880  3.2     0     0    17     9 -9.000  0.053   1
     8092  26.859316  102.917977    12.013    -1824.5   -11587.0     5303.8     23.8     18.5     19.2 2023  3  8 22 12 10.060  4.3     0     0    13     7 -9.000  0.046   1
     8095  26.862528  102.961906     8.126     2539.1   -11231.1     1416.2     36.4     29.1     35.3 2023  3  8 22 33 59.480  2.8     0     0     1     2 -9.000  0.020   1
     8096  26.852590  102.975610    13.077     3900.5   -12332.2     6368.0     19.1     15.2     16.0 2023  3  8 22 37 22.840  5.7     0     0     8     8 -9.000  0.036   1
     8099  26.846771  102.938957    10.344      259.5   -12977.1     3634.5     37.5     23.9     29.9 2023  3  8 22 53 20.280  4.7     0     0     8     0 -9.000  0.029   1
     8101  26.875527  102.919084    12.012    -1714.6    -9790.9     5303.0     32.7     24.8     26.5 2023  3  8 23  6  0.800  3.6     0     0     8     6 -9.000  0.049   1
     8103  26.849888  102.966097     8.694     2955.8   -12631.8     1984.1     27.1     12.0     33.4 2023  3  8 23 12 30.580  4.0     0     0     4     5 -9.000  0.044   1
     8105  26.853261  102.927913     8.659     -837.6   -12257.9     1949.1     14.9     15.8     19.0 2023  3  8 23 18 10.400  4.0     0     0    21    10 -9.000  0.054   1
     8107  26.860181  102.996029    13.123     5928.8   -11491.2     6413.7     18.7     17.9     16.3 2023  3  8 23 45 23.120  3.7     0     0     3     4 -9.000  0.055   1
     8108  26.842800  102.923470     8.953    -1278.6   -13417.1     2243.6     15.6     11.2     13.9 2023  3  8 23 46 48.460  3.9     0     0     7     3 -9.000  0.047   1
     8110  26.844641  102.986466     8.645     4978.7   -13213.0     1935.8     17.5     13.4     28.1 2023  3  9  0 11 32.840  3.8     0     0    20    11 -9.000  0.038   1
     8111  26.846375  102.937166     9.277       81.6   -13021.0     2567.9     19.7     16.4     19.6 2023  3  9  0 20 14.370  4.3     0     0     9     5 -9.000  0.039   1
     8112  26.861812  102.972941    17.635     3634.8   -11310.5    10925.3     15.9     12.0     13.0 2023  3  9  0 23 49.560  4.3     0     0     1     2 -9.000  0.023   1
     8127  26.863464  102.979679    12.745     4304.2   -11127.4     6035.2     36.1     29.6     28.3 2023  3  9  5 38 49.280  3.6     0     0     6     4 -9.000  0.060   1
     8131  26.885101  102.878776    10.725    -5718.1    -8729.9     4015.2      1.7      1.4      1.3 2023  3  9  6 15  1.920  4.2     0     0     1     1 -9.000  0.000   1
     8132  26.867489  102.952791     7.543     1633.3   -10681.6      833.5     20.1     15.2     19.5 2023  3  9  6 15 57.580  3.8     0     0    10     5 -9.000  0.033   1
     8135  26.859902  102.966699     9.021     3014.8   -11522.0     2311.1     15.2     12.0     19.3 2023  3  9  6 32  3.490  4.6     0     0    12     8 -9.000  0.046   1
     8136  26.836448  102.962996     8.559     2648.0   -14120.8     1849.6     39.1     20.4     24.3 2023  3  9  6 38 46.780  4.4     0     0     3     1 -9.000  0.024   1
     8137  26.858830  102.957992     9.424     2150.0   -11640.8     2714.9     24.9     24.6     18.0 2023  3  9  6 45 48.780  4.3     0     0    37    24 -9.000  0.042   1
     8140  26.849858  102.949756     3.818     1332.2   -12635.0    -2891.4     21.3     20.5     38.0 2023  3  9  7  8 25.370  3.4     0     0     4     4 -9.000  0.050   1
     8144  26.860238  102.941382    10.638      500.3   -11485.0     3928.5     19.6     12.4     22.4 2023  3  9  7 34 41.280  4.7     0     0     2     2 -9.000  0.031   1
     8145  26.865938  102.950602    10.198     1416.3   -10853.3     3488.5     22.0     17.9     21.0 2023  3  9  7 45 48.840  3.7     0     0    34    19 -9.000  0.048   1
     8146  26.861326  102.971395     9.461     3481.7   -11364.3     2751.6     22.9     28.8     27.8 2023  3  9  7 50 26.150  4.2     0     0    12     6 -9.000  0.047   1
     8147  26.845520  102.976497    11.100     3988.4   -13115.8     4390.5     27.8     18.5     32.5 2023  3  9  8  5  8.460  5.2     0     0     6     5 -9.000  0.043   1
     8150  26.855882  102.937793     9.039      144.0   -11967.5     2329.7     36.0     23.4     21.2 2023  3  9  8 35  7.290  3.8     0     0    12     3 -9.000  0.036   1
     8151  26.857463  102.930273     5.325     -602.9   -11792.5    -1384.1     32.2     25.1     49.9 2023  3  9  8 52 12.380  3.5     0     0     4     1 -9.000  0.028   1
     8154  26.859599  102.974552     9.812     3794.9   -11555.7     3102.6     26.0     26.7     24.5 2023  3  9  9  0 32.320  4.4     0     0    15     8 -9.000  0.047   1
     8155  26.853453  102.970532     6.786     3395.7   -12236.7       76.6     29.0     25.6     30.7 2023  3  9  9  4 20.880  3.9     0     0     9     9 -9.000  0.039   1
     8156  26.854502  102.944352     6.923      795.3   -12120.4      213.4     17.9     12.8     25.2 2023  3  9  9 17 11.790  4.6     0     0    13    10 -9.000  0.047   1
     8164  27.117413  102.848535     7.661    -8712.2    17010.9      951.5     18.9     14.5     30.9 2023  3  9 10 41  7.180  4.8     0     0     8     3 -9.000  0.035   1
     8165  26.861532  102.924919    10.796    -1135.2   -11341.5     4087.1     24.0     21.6     20.9 2023  3  9 10 47 38.330  4.0     0     0     4     1 -9.000  0.032   1
     8167  26.855516  102.929321     4.612     -697.3   -12008.1    -2097.6     30.7     29.9     58.0 2023  3  9 10 55  9.970  3.2     0     0     1     1 -9.000  0.014   1
     8168  26.867961  102.960319    10.692     2381.0   -10629.3     3982.8     27.0     21.1     23.2 2023  3  9 11 29 19.350  3.7     0     0     8     3 -9.000  0.058   1
     8182  26.854460  102.948128     6.483     1170.6   -12125.1     -226.6     18.3     12.9     25.0 2023  3  9 12 37 22.580  3.5     0     0     7     8 -9.000  0.039   1
     8184  26.864541  102.922754     7.877    -1350.2   -11008.1     1167.2      7.6      4.0     10.2 2023  3  9 12 47 42.030  3.1     0     0     1     2 -9.000  0.004   1
     8189  26.863047  102.931340    12.706     -497.2   -11173.7     5996.2     26.1     19.2     19.5 2023  3  9 14  4  0.120  3.2     0     0    12     5 -9.000  0.032   1
     8191  26.843937  102.984627     9.892     4796.1   -13291.0     3182.9     13.5     17.2     20.6 2023  3  9 14 21 16.440  3.5     0     0    15     8 -9.000  0.049   1
     8206  26.853961  102.873576     8.037    -6235.2   -12180.4     1327.9      2.1      3.0      8.4 2023  3  9 19  9 13.960  4.6     0     0     1     3 -9.000  0.001   1
     8210  26.856862  102.980086    14.903     4345.1   -11859.0     8193.4     36.6     25.1     28.6 2023  3  9 20  3 57.760  3.3     0     0     4     3 -9.000  0.039   1
     8211  26.851013  102.941187     9.929      480.7   -12507.0     3219.9     16.0     16.0     18.2 2023  3  9 20 12 33.100  3.2     0     0    41    23 -9.000  0.043   1
     8214  26.858046  102.937118    12.236       76.6   -11727.8     5526.2     22.6     15.4     15.9 2023  3  9 20 28 34.160  4.3     0     0    20    12 -9.000  0.031   1
     8217  26.852486  102.943058    10.398      667.1   -12343.7     3688.3     15.5     15.6     14.9 2023  3  9 20 49  9.860  3.8     0     0    28    10 -9.000  0.040   1
     8220  26.852094  102.943587    11.144      719.1   -12387.4     4434.7     16.4     13.7     15.5 2023  3  9 20 59 26.880  3.6     0     0     7     6 -9.000  0.040   1
     8222  26.865739  102.964608    11.776     2807.5   -10875.4     5066.7     16.6     17.9     15.2 2023  3  9 21  6 49.400  5.5     0     0    21     8 -9.000  0.047   1
     8225  26.890057  102.858521     5.005    -7729.1    -8180.7    -1704.3     24.1     18.0     27.7 2023  3  9 21 21 14.320  2.9     0     0     2     3 -9.000  0.058   1
     8226  26.845858  102.945532    10.896      912.7   -13078.2     4186.4     19.9     17.7     18.3 2023  3  9 21 23 54.960  3.3     0     0     4     2 -9.000  0.007   1
     8229  26.856641  102.942269     9.657      588.2   -11883.4     2947.1     24.9     17.3     21.5 2023  3  9 21 36  5.600  4.2     0     0     4     3 -9.000  0.046   1
     8230  26.861434  102.939689    14.904      332.6   -11352.5     8194.3     11.3      8.2     11.8 2023  3  9 21 40 47.780  3.3     0     0     2     1 -9.000  0.007   1
     8232  26.846720  102.974927     9.896     3832.9   -12982.8     3186.8     17.2     10.7     18.8 2023  3  9 21 46 60.000  3.1     0     0    24     6 -9.000  0.034   1
     8238  26.867255  102.912573     8.266    -2361.3   -10707.3     1556.8      7.9      4.1      9.6 2023  3  9 22 21 41.640  3.2     0     0     1     2 -9.000  0.004   1
     8242  26.850419  102.967855     8.810     3129.8   -12572.9     2101.0     22.1     15.8     23.9 2023  3  9 22 48 34.080  4.1     0     0    18     6 -9.000  0.032   1
     8249  26.862097  102.934269    11.607     -206.1   -11278.9     4897.4     28.9     21.1     18.1 2023  3 10  0 20 44.950  5.9     0     0    15     5 -9.000  0.039   1
     8252  26.850362  102.943424     9.323      703.6   -12579.1     2613.7     20.8     17.5     30.8 2023  3 10  0 50 10.710  4.5     0     0     9     5 -9.000  0.044   1
     8253  26.870996  102.952783     8.453     1633.1   -10292.8     1743.4     19.7     20.0     19.5 2023  3 10  1  0 57.730  3.6     0     0     8    11 -9.000  0.053   1
     8255  26.855353  102.970280    14.402     3371.3   -12026.2     7692.2     27.0     19.3     26.4 2023  3 10  1 32 16.860  4.9     0     0    12     6 -9.000  0.048   1
     8257  26.850987  102.933358     9.611     -296.5   -12509.9     2901.9     18.8     21.3     29.3 2023  3 10  1 49 34.370  3.2     0     0     6     6 -9.000  0.052   1
     8259  26.863641  102.956567    10.813     2009.0   -11107.8     4103.2     18.7     17.4     13.8 2023  3 10  1 58 31.470  3.0     0     0    30    18 -9.000  0.033   1
     8262  26.864421  102.900342     7.735    -3576.4   -11021.5     1025.3     23.4     16.6     20.9 2023  3 10  2 51 15.510  3.8     0     0     9     5 -9.000  0.047   1
     8266  26.847192  102.960799     8.710     2429.3   -12930.5     2001.0     22.2     24.6     28.4 2023  3 10  3 17 29.250  3.3     0     0     8     8 -9.000  0.043   1
     8269  26.861367  102.926400    10.222     -988.1   -11359.8     3513.0     16.1     21.6     14.2 2023  3 10  3 35  0.230  3.7     0     0     6     3 -9.000  0.051   1
     8270  26.843520  102.924740     7.612    -1152.9   -13337.3      902.6     16.3     12.1     18.7 2023  3 10  3 57 59.930  3.8     0     0     3     1 -9.000  0.019   1
     8273  26.858761  102.962915     6.191     2639.7   -11648.5     -518.3     25.5     17.0     30.5 2023  3 10  5 16 46.140  3.4     0     0     8     6 -9.000  0.039   1
     8274  26.870664  102.936670     9.365       32.0   -10329.7     2655.6     24.5     17.2     19.1 2023  3 10  5 39 33.910  3.2     0     0    14     2 -9.000  0.027   1
     8278  26.868331  102.944808    10.252      840.7   -10588.1     3542.9     16.5     14.2     14.3 2023  3 10  6 35 52.530  3.7     0     0    43    26 -9.000  0.033   1
     8283  26.857056  102.933529     9.965     -279.7   -11837.4     3255.5     24.2     19.2     14.4 2023  3 10  7 38 58.260  3.4     0     0    27    13 -9.000  0.040   1
     8292  26.874148  102.885254     7.383    -5075.0    -9943.6      673.9     14.6     10.4     17.2 2023  3 10 10 18  1.900  3.2     0     0     2     2 -9.000  0.010   1
     8295  26.846008  102.985205     8.425     4853.6   -13061.7     1715.4     18.7     14.1     26.4 2023  3 10 11 21 23.380  3.7     0     0    17     7 -9.000  0.046   1
     8296  26.853636  102.951237    12.460     1479.4   -12216.5     5750.9     22.6     21.2     14.9 2023  3 10 12 19 19.310  3.8     0     0     9     3 -9.000  0.029   1
     8299  26.838519  102.957308    11.855     2082.5   -13891.3     5145.6     19.2     21.9     26.9 2023  3 10 13 19 21.930  4.4     0     0    19    10 -9.000  0.051   1
     8303  26.900313  102.896183    12.884    -3988.6    -7044.5     6174.5      4.2      2.8      2.0 2023  3 10 14 11 46.060  3.1     0     0     2     1 -9.000  0.000   1
     8306  26.863279  102.938525     9.496      216.8   -11148.0     2786.8     20.5     19.2     15.5 2023  3 10 14 54 39.550  3.0     0     0     7     3 -9.000  0.056   1
     8311  26.846897  102.915356    13.065    -2084.7   -12963.1     6355.7     25.0     22.1     26.8 2023  3 10 16 13 27.700  4.2     0     0     3     2 -9.000  0.009   1
     8318  27.033480  102.886678     8.956    -4929.4     7710.7     2246.6     68.0     24.6     31.0 2023  3 10 18  8  4.120  5.1     0     0     5     4 -9.000  0.046   1
     8322  26.854401  102.863387     7.642    -7247.6   -12131.6      933.1      1.7      3.1      9.2 2023  3 10 18 44 12.160  3.2     0     0     1     3 -9.000  0.001   1
     8326  27.038082  102.893245     4.315    -4277.9     8220.8    -2394.0     34.6     17.8     23.6 2023  3 10 18 54 26.660  4.2     0     0     3     2 -9.000  0.054   1
     8327  27.038871  102.903817     6.994    -3228.8     8308.3      284.4     31.5     22.2     24.2 2023  3 10 18 57 22.520  4.0     0     0     5     6 -9.000  0.027   1
     8328  27.019430  102.890454     8.204    -4554.9     6154.0     1494.5     29.7     15.5     18.0 2023  3 10 19  2 23.420  3.6     0     0     9     4 -9.000  0.039   1
     8329  27.029830  102.894222     6.913    -4180.7     7306.4      203.8     19.3     11.5     11.9 2023  3 10 19  5 56.400  3.5     0     0    12     6 -9.000  0.028   1
     8330  27.039860  102.902026     4.750    -3406.5     8417.7    -1959.6     32.5     18.0     23.3 2023  3 10 19  8  6.500  3.5     0     0     3     2 -9.000  0.054   1
     8334  26.869743  102.922323     9.286    -1392.4   -10431.7     2576.7     23.0     14.3     13.1 2023  3 10 19 42 53.960  3.4     0     0    12     6 -9.000  0.025   1
     8337  27.027401  102.898633     6.791    -3743.3     7037.1       81.9     26.1     16.2     11.7 2023  3 10 19 55 36.400  3.6     0     0    10     5 -9.000  0.028   1
     8340  26.855607  102.964876     5.291     2834.1   -11998.1    -1418.4     40.0     31.1     53.1 2023  3 10 20 14 21.600  3.7     0     0     2     3 -9.000  0.044   1
     8341  27.044979  102.907609     8.000    -2852.3     8984.9     1290.4     37.7     29.6     28.0 2023  3 10 20 18 50.880  3.5     0     0     1     1 -9.000  0.016   1
     8342  27.026239  102.897835     7.526    -3822.1     6908.4      816.9     21.0     13.6      8.9 2023  3 10 20 25 38.040  4.2     0     0    14     2 -9.000  0.024   1
     8348  26.858236  102.946110     8.199      969.9   -11706.8     1489.7     24.4     17.5     30.8 2023  3 10 21  1 10.820  3.8     0     0    10     6 -9.000  0.048   1
     8351  26.848706  102.966300     4.729     2975.4   -12762.6    -1980.0     14.6     14.6     27.0 2023  3 10 21 25  8.780  3.5     0     0     6     5 -9.000  0.051   1
     8352  26.850871  102.922917     7.112    -1334.3   -12522.7      402.3     15.8     14.8     25.9 2023  3 10 21 37 59.640  3.4     0     0    10     5 -9.000  0.057   1
     8359  26.855497  102.949382     7.968     1294.9   -12010.1     1258.1     19.4     18.7     21.4 2023  3 10 22 15  6.000  3.3     0     0    23    11 -9.000  0.046   1
     8360  27.117617  102.853377     9.869    -8231.6    17033.5     3159.9     30.5     21.7     21.9 2023  3 10 22 20 47.780  3.8     0     0     1     2 -9.000  0.001   1
     8361  26.865045  102.941016    10.972      463.8   -10952.3     4263.0     25.3     19.6     19.7 2023  3 10 22 47  7.000  2.6     0     0    30    14 -9.000  0.033   1
     8367  27.092668  102.872233     7.704    -6361.9    14268.9      994.2      3.3      2.0      3.3 2023  3 10 23  3 54.240  3.1     0     0     1     2 -9.000  0.000   1
     8368  26.863479  102.937630     5.945      127.4   -11125.9     -764.9     26.4     18.6     39.2 2023  3 10 23 16  7.960  3.8     0     0    11    10 -9.000  0.038   1
     8369  26.866593  102.956934     7.931     2044.7   -10780.7     1221.7     28.3     22.4     28.5 2023  3 10 23 23 55.520  3.7     0     0     6     5 -9.000  0.058   1
     8387  26.858488  102.976457     8.408     3984.2   -11678.9     1698.4     21.2     16.5     31.4 2023  3 11 12 29 14.010  3.8     0     0     3     1 -9.000  0.038   1
     8389  26.853524  102.940348    10.698      397.6   -12228.9     3989.0     19.5     10.5     23.0 2023  3 11 13  1 44.590  3.6     0     0     4     5 -9.000  0.044   1
     8396  27.097180  102.833171     5.855   -10237.8    14769.1     -854.8     24.1     14.7     25.9 2023  3 11 14 41 36.280  3.2     0     0     2     2 -9.000  0.025   1
     8415  26.875494  102.861589     4.726    -7425.2    -9794.3    -1983.5     24.6     17.1     29.4 2023  3 11 21  1 59.360  3.0     0     0     3     6 -9.000  0.054   1
     8425  27.166172  103.117220     6.280    17942.5    22413.5     -429.5     40.7     41.5     80.1 2023  3 11 23 30 29.900  5.2     0     0     3     1 -9.000  0.018   1
     8433  26.836582  102.925846    12.197    -1042.9   -14106.1     5487.4     19.3     13.7     15.2 2023  3 12  1 19  0.180  4.4     0     0     6     4 -9.000  0.037   1
     8448  26.985506  102.895614     5.806    -4043.4     2395.1     -903.7     19.5     25.3     15.8 2023  3 12  7 30 14.880  4.3     0     0     2     0 -9.000  0.002   1
     8451  26.846743  102.948193     8.803     1177.1   -12980.3     2093.8     24.0     19.4     26.0 2023  3 12  8 12 14.030  3.9     0     0    19     6 -9.000  0.045   1
     8456  26.962974  102.915820     4.172    -2038.1     -101.4    -2537.4     26.1     28.8     16.4 2023  3 12  9 34 52.820  3.1     0     0     6     1 -9.000  0.006   1
     8477  26.870288  102.888013    11.080    -4800.8   -10371.4     4371.0      1.7      1.3      1.3 2023  3 12 15 10  5.500  3.7     0     0     1     1 -9.000  0.000   1
     8482  26.865523  102.922021     7.108    -1423.0   -10899.2      398.5     25.7     21.9     25.5 2023  3 12 16  1 19.490  2.8     0     0    15     6 -9.000  0.048   1
     8484  26.841705  102.923210     8.461    -1305.2   -13538.3     1751.4     36.4     28.4     32.2 2023  3 12 16 51 30.830  2.8     0     0     7     1 -9.000  0.036   1
     8490  26.865017  102.924276    11.853    -1198.8   -10955.4     5144.0     13.3     13.8     12.9 2023  3 12 19  9 25.300  3.5     0     0    15     7 -9.000  0.037   1
     8503  26.886552  102.908675    12.779    -2747.8    -8569.3     6069.1     35.6     27.8     18.5 2023  3 12 21 27  7.280  3.4     0     0     2     2 -9.000  0.024   1
      291  26.693107  103.107650     0.487     1346.3     -223.4     -511.9    499.6    480.2    739.2 2022  9  3 13 29 19.250  2.7     0     0     2    10 -9.000  0.503   2
     1066  26.685229  103.124748     0.935     3047.9    -1096.2      -64.5    421.4    515.1    514.3 2022  9 28 20 50 44.040  1.5     0     0     4     9 -9.000  0.328   2
     1654  26.694729  103.117676     0.141     2343.7      -43.8     -858.2    608.0    466.0    683.6 2022 10 17  6 27 44.510  2.6     0     0     4    11 -9.000  0.382   2
     5779  26.698625  103.103076     0.703      890.6      388.1     -295.7    701.5    680.8    909.9 2023  2  4 20 33 16.460  0.1     0     0     5     7 -9.000  0.591   2
     6242  26.687496  103.109416     0.869     1521.9     -845.1     -130.2    594.8    354.5    667.1 2023  2 10  0 26 35.850  1.4     0     0     3    11 -9.000  0.410   2
     1288  26.897268  103.162061     0.505     3562.8     -895.6    -2156.5     46.7     41.2     60.0 2022 10  5  6 51 23.950  3.2     0     0     1     2 -9.000  0.181   3
     1598  26.934572  103.109473     0.960    -1661.1     3237.7    -1701.4     27.6     21.0     32.2 2022 10 15  6 43 42.760  3.7     0     0     0     1 -9.000  0.040   3
     3950  26.913430  103.126042     0.849      -15.3      895.2    -1812.7     64.6     70.0    135.6 2023  1 15 23 45 28.440  3.8     0     0     1     3 -9.000  0.471   3
     4128  26.924434  103.114705     1.718    -1141.1     2114.5     -943.0     26.9     21.2    105.2 2023  1 17 18 26 33.680  3.0     0     0     1     4 -9.000  0.421   3
     4837  26.910850  103.169808     0.221     4332.3      609.3    -2440.7     45.6     39.5     59.1 2023  1 25 18 32 16.920  1.9     0     0     1     2 -9.000  0.181   3
       17  26.970433  102.936466     1.679    -1236.6    -1552.2      679.5    240.8    200.6    284.5 2022  8 24 19 43 12.880  2.0     0     0     5     4 -9.000  0.104   4
      247  26.998716  102.951221     1.530      228.0     1581.9      531.4    297.4    231.8    363.2 2022  9  2  8 36  2.680  3.1     0     0     5     7 -9.000  0.145   4
      704  26.971997  102.957902     2.850      891.1    -1378.7     1850.5    204.2    196.1    277.5 2022  9 16 11 33 13.480  2.3     0     0     1     2 -9.000  0.140   4
     1372  27.007597  102.964966     0.501     1592.4     2565.9     -497.7    199.8    133.0    229.9 2022 10  7 19 56 32.560  1.3     0     0     3     4 -9.000  0.048   4
     1517  26.973179  102.944531     0.462     -435.9    -1247.7     -536.6    193.0    247.3    296.7 2022 10 12 18 46 32.960  0.5     0     0     5     4 -9.000  0.117   4
     1675  26.994891  102.939168     0.777     -968.9     1157.9     -221.6    185.8    146.8    209.6 2022 10 17 19 43 12.380  1.3     0     0     7     6 -9.000  0.106   4
     1966  26.992027  102.932316     0.023    -1649.0      840.7     -976.1    159.2    133.3    190.3 2022 10 27 20 13 12.260  1.2     0     0     5     4 -9.000  0.077   4
     2088  26.998299  102.944564     0.414     -433.0     1535.7     -584.8    205.8    146.6    230.9 2022 10 31 15 53 12.360  2.0     0     0     8     6 -9.000  0.112   4
     3929  27.006234  102.966650     1.768     1759.1     2414.7      769.4    204.3    136.3    253.5 2023  1 15 19 56 32.620  2.2     0     0     4     5 -9.000  0.075   4
     5595  26.974559  102.948315     1.132      -60.3    -1094.9      133.1    186.4    202.8    545.1 2023  2  2 17 56 33.080  1.6     0     0     5     6 -9.000  0.106   4
     2536  26.840320  102.881616     0.365       25.8      106.6     -633.6    499.3    678.0    810.5 2023  1  1  9 39 55.850  2.4     0     0     1     5 -9.000  0.212   5
     5142  26.831047  102.876156     0.204     -516.8     -920.8     -795.2    658.7    930.0   1280.4 2023  1 28 20 26 15.240  1.1     0     0     0     4 -9.000  0.358   5
     6314  26.846606  102.878735     0.915     -260.5      803.1      -83.5    583.4    733.3    892.8 2023  2 10 18 29 55.960  0.2     0     0     1     5 -9.000  0.308   5
      340  27.067550  102.848047     0.950      507.0    -1515.6      -49.1      4.4      3.5      3.0 2022  9  4 23  3 16.560  1.8     0     0    10     8 -9.000  0.052   6
      487  27.083199  102.854297  4041.320     1127.1      218.5  4040320.8      8.1      8.4  11256.5 2022  9  9  8 36 36.300  1.5     0     0     9     8 -9.000  0.062   6
      652  27.067645  102.847762     0.984      479.0    -1505.0      -15.5      4.5      4.7      7.2 2022  9 14 19 53 16.560  1.3     0     0    10     8 -9.000  0.053   6
     1503  27.067570  102.847925     0.915      494.5    -1513.4      -83.9      1.6      4.3      8.0 2022 10 12  9 23 16.560  1.4     0     0    10     8 -9.000  0.052   6
     4262  27.083254  102.855135     0.713     1210.0      224.6     -286.3      8.1      8.3     10.4 2023  1 19  1 43 16.260  2.3     0     0     9     8 -9.000  0.071   6
     1603  26.879148  103.008455     0.363     -914.4       71.7     -636.3     89.0    101.3    111.5 2022 10 15 12 16 36.240  0.9     0     0     1     2 -9.000  0.115   7
     6077  26.868044  103.011621     0.972     -599.8    -1158.7      -27.5     88.6    106.6    111.5 2023  2  8  2  6 36.540  0.3     0     0     1     2 -9.000  0.115   7
     1638  26.865889  103.034131     0.965      679.4      519.6      -34.4      0.2      0.4      0.4 2022 10 16 16 33 16.820  1.1     0     0     2     3 -9.000  0.001   8
     1896  26.865934  103.034139     0.968      679.8      524.7      -31.1      0.2      0.4      0.4 2022 10 24 14  6 36.820  1.5     0     0     2     3 -9.000  0.001   8
     5001  26.931333  102.650187     0.800      327.9    -1428.2     -812.4     87.9    103.7    120.7 2023  1 27  8 51 44.840  3.6     0     0     2     2 -9.000  0.250   9
     8054  26.941748  102.638908     1.177     -792.0     -274.1     -435.2     88.3    106.3    167.9 2023  3  8 17 25 24.640  3.1     0     0     2     2 -9.000  0.250   9
      427  26.986184  102.831877     0.952      759.6      -41.4      -47.1      2.8      3.9      5.3 2022  9  7 10 43 16.910  1.7     0     0     5     6 -9.000  0.010  10
     2209  26.986424  102.831706     0.923      742.6      -14.7      -76.4      3.5      4.9      5.2 2022 11  6 21  3 16.920  1.1     0     0     5     6 -9.000  0.009  10
     2730  26.977466  102.816187     0.942     -798.2    -1007.3      -57.0      9.0     11.6     13.7 2023  1  3 13 29 56.810  0.9     0     0     3     0 -9.000  0.018  10
     6613  26.986218  102.831852     0.933      756.7      -37.4      -66.0      3.1      4.2      4.6 2023  2 14  7 19 56.920  1.4     0     0     5     6 -9.000  0.008  10
     2336  26.851103  102.682235     0.166     4274.6     6132.8     -655.3    191.7    331.8    263.6 2022 11 21 17 37 21.480  3.6     0     0     1     1 -9.000  0.672  11
     4317  26.858348  102.668693     0.177     2928.2     6935.7     -645.8    192.0    327.1    263.6 2023  1 19 17  4 30.000  3.3     0     0     1     1 -9.000  0.672  11
     2277  26.856104  102.967537     0.729    -1337.5     -611.8     -270.3     38.6     39.5     53.5 2022 11 11  4 59 56.800  1.6     0     0     4     2 -9.000  0.063  12
     4108  26.866803  102.977401     0.964     -357.6      573.8      -35.5      9.8      9.5     15.5 2023  1 17 14 23 17.030  1.4     0     0     5     3 -9.000  0.039  12
     6494  26.866905  102.977271     0.995     -370.5      584.9       -4.4     10.3     10.3     15.8 2023  2 12 19 33 17.040  1.2     0     0     5     3 -9.000  0.039  12
     3101  26.726190  102.976034     1.442    -1224.4      445.7      443.0    417.8    249.7    335.0 2023  1  7  0 57  1.850  2.6     0     0     1     3 -9.000  0.432  13
     4251  26.731517  102.997982     1.209      959.8     1035.9      209.8    239.4    146.0    266.6 2023  1 18 23 25 24.120  2.7     0     0     3     7 -9.000  0.239  13
     6332  26.723088  103.007039     0.578     1860.9      102.0     -421.4    358.6    140.7    378.6 2023  2 10 22  2 20.480  3.5     0     0     4     5 -9.000  0.299  13
     6789  26.737677  102.990446     0.831      209.4     1718.4     -167.6    240.9    156.0    184.6 2023  2 17  2 47 27.220  2.8     0     0     1     5 -9.000  0.300  13
     7212  26.721348  102.993319     1.273      495.5      -90.9      274.0    238.8    147.2    258.2 2023  2 23 22 39 27.600  2.8     0     0     5    10 -9.000  0.329  13
       33  26.570176  103.044417     1.192     -240.9    -2251.7      192.7    418.6    283.4    330.8 2022  8 25 16 10 33.300  2.2     0     0     3     4 -9.000  0.255  14
      305  26.621375  103.049837     0.866      299.0     3421.0     -132.6    490.2    225.2    620.4 2022  9  3 22  2  0.900  2.8     0     0     3     2 -9.000  0.241  14
     1714  26.563481  103.051847     0.757      499.4    -2993.6     -242.4    499.1    287.2    289.2 2022 10 19  3  3 49.180  2.3     0     0     1     2 -9.000  0.247  14
     2683  26.612154  103.040324     1.283     -648.5     2399.4      283.6    323.5    219.5    836.1 2023  1  3  0 39 29.540  3.1     0     0     3     2 -9.000  0.241  14
     2881  26.594643  103.041260     1.342     -555.1      459.2      343.0   1017.2    519.7   1335.4 2023  1  5  0 25 58.430  3.3     0     0     3     1 -9.000  0.197  14
     6519  26.582495  103.051058     0.851      420.4     -886.8     -148.4    874.8    489.9    692.6 2023  2 13  2 48 50.630  3.2     0     0     5     3 -9.000  0.231  14
     1991  26.772111  103.149072     1.227     -638.7     -117.3      227.7     67.8     27.2    105.4 2022 10 28 16  1 21.310  2.8     0     0     2     3 -9.000  0.066  16
     6232  26.780965  103.162866     0.880      733.5      863.9     -119.1     49.3     36.2     52.8 2023  2  9 22 25 42.360  2.0     0     0     2     3 -9.000  0.052  16
     6431  26.780721  103.155436     0.884       -6.1      836.9     -115.5     42.4     34.6     46.4 2023  2 12  1 48 36.420  3.4     0     0     2     2 -9.000  0.052  16
      636  26.973499  102.906714     1.132     -485.4     1229.9      133.4    132.7    231.8     80.9 2022  9 14  7 11 21.890  2.8     0     0     4     5 -9.000  0.132  20
     2147  26.959536  102.903426     0.912     -812.2     -317.2      -86.9    152.4    231.6    334.4 2022 11  3 23 31 11.400  3.4     0     0     3     6 -9.000  0.201  20
     2219  26.950771  102.900789     0.081    -1073.8    -1288.3     -918.3    262.1    307.7    413.8 2022 11  7  8 36 39.440  1.3     0     0     0     2 -9.000  0.172  20
     2403  26.964256  102.912614     1.195      100.0      205.8      196.1    152.8    218.6    165.6 2022 11 30 21 45 22.320  2.7     0     0     3     5 -9.000  0.171  20
     1162  26.840379  103.136849     1.013     1058.6     1704.0       14.2    268.9    227.7    364.6 2022 10  1  4 32  9.710  2.8     0     0     3     3 -9.000  0.352  21
     2205  26.833553  103.141382     0.958     1509.7      947.6      -41.0    221.7    205.5    250.4 2022 11  6 13 48 25.520  3.3     0     0     3     3 -9.000  0.313  21
     2686  26.833411  103.138517     1.395     1225.1      931.9      395.7    175.3    207.5    280.2 2023  1  3  0 50 29.900  3.0     0     0     0     2 -9.000  0.278  21
     2140  27.169312  102.907943     0.976       -5.9     -120.5      -22.9    335.2    383.4    544.2 2022 11  3 12 12 28.750  3.0     0     0     1     2 -9.000  0.327  22
     8250  27.171533  102.910645     0.900      262.5      125.6      -98.9    335.3    383.2    544.2 2023  3 10  0 34 54.290  3.3     0     0     1     2 -9.000  0.327  22
       96  27.247052  103.033927     0.943     3122.4     -393.1      -55.7    161.2    449.2    272.1 2022  8 27 21  7 17.300  2.4     0     0     1     2 -9.000  0.116  23
     1271  27.245846  103.001733     0.926      -66.4     -526.9      -73.3    252.5    307.2    136.0 2022 10  4 16 15 53.440  1.5     0     0     4     5 -9.000  0.367  23
     4725  27.260073  102.998714     1.092     -364.8     1049.6       93.1    251.1    284.1    336.2 2023  1 24 11  0 35.400  1.8     0     0     2     2 -9.000  0.300  23
     5470  27.249589  103.015397     1.025     1287.4     -112.1       26.4    166.0    351.2    195.7 2023  2  1  8 15 13.530  2.2     0     0     3     5 -9.000  0.334  23
     6418  26.688814  103.163843     1.200     2423.3      838.1    -1116.2     26.8     34.0     50.7 2023  2 11 22 13 32.880  2.5     0     0     2     3 -9.000  0.914  27
     8104  26.696208  103.151131     0.040     1158.6     1657.3    -2277.4     26.8     33.5     36.3 2023  3  8 23 13 49.680  3.6     0     0     2     3 -9.000  0.914  27
     4407  27.060974  102.911930     0.951    -1271.8     -557.0      -48.3      5.6      4.9      6.6 2023  1 20 18 58 43.360  1.9     0     0     3     2 -9.000  0.350  28
     8332  27.050094  102.897095     0.980    -2743.1    -1762.7      -18.6      4.8      5.0      6.6 2023  3 10 19 23 43.760  2.4     0     0     3     2 -9.000  0.350  28
     2685  27.135166  102.851025     0.970    -1459.9      101.5      -28.9    704.2    339.2    622.6 2023  1  3  0 47 58.280  2.3     0     0     2     2 -9.000  0.218  30
     3654  27.124636  102.882316     0.860     1641.5    -1065.4     -138.5    640.0    369.3    469.9 2023  1 13  1  9 56.490  1.5     0     0     3     2 -9.000  0.133  30
     5893  27.130798  102.874593     1.040      876.1     -382.5       41.1    612.9    370.1    840.4 2023  2  6  2 53 16.550  1.4     0     0     3     2 -9.000  0.133  30
     7598  27.146598  102.855632     0.945    -1003.3     1368.2      -53.7    682.5    339.7    622.6 2023  3  1 18  3 16.640  2.0     0     0     2     2 -9.000  0.218  30
      191  27.128973  102.939958     1.083     1384.2      384.8       83.8    278.0    138.9    487.4 2022  8 31  3 29 56.480  1.5     0     0     2     3 -9.000  0.085  36
     4799  27.132644  102.935026     1.021      895.4      791.4       22.2    234.7    138.8    483.4 2023  1 25  5 36 36.500  2.6     0     0     2     3 -9.000  0.085  36
     3446  26.980497  103.048641     0.972     2570.0     3296.2      -27.1     97.5     85.4    123.4 2023  1 10 10 57 50.070  3.2     0     0     3     2 -9.000  0.411  37
     3679  26.965186  103.043433     0.998     2053.3     1599.7       -1.1     99.0     77.5    123.4 2023  1 13  6  6 58.540  3.3     0     0     3     2 -9.000  0.411  37
     3660  27.020394  102.776953     0.926     2625.6    -2782.0      -73.3      4.0      3.9      4.0 2023  1 13  2  3 46.600  3.2     0     0     2     3 -9.000  0.247  40
     5203  27.034424  102.766064     1.070     1544.8    -1227.5       71.1      4.0      4.2      5.5 2023  1 29 10 29  4.460  3.6     0     0     2     3 -9.000  0.247  40
     1183  27.289709  102.888249     1.070    -2548.9     1630.0       70.6    372.8    244.3    403.9 2022 10  1 23  0 39.680  4.0     0     0     2     3 -9.000  0.234  42
     2232  27.284239  102.875765     0.954    -3785.2     1023.7      -45.2    359.9    250.6    309.2 2022 11  7 21  8 21.600  2.8     0     0     2     3 -9.000  0.234  42
       78  27.064124  103.001237     1.141     -223.7     -512.7      141.7   3298.8   1087.0   2329.1 2022  8 27  0 27 27.390  4.1     0     0     5     4 -9.000  0.368  43
     2485  27.076982  102.994523     0.978     -889.3      912.0      -21.0   2977.2    377.3    732.4 2022 12 12 15  6 47.750  3.4     0     0     5     4 -9.000  0.361  43
     4339  27.069824  102.983659     0.922    -1967.4      119.0      -77.5   1984.4    398.9    792.2 2023  1 19 23 50 38.320  2.5     0     0     4     4 -9.000  0.385  43
      107  26.759005  102.981999     0.999      796.1      388.1        1.1      0.0      0.0      0.0 2022  8 28 13 13 14.780  1.7     0     0     3     4 -9.000  0.000  47
     1656  26.759005  102.981999     0.999      796.1      388.1        1.1      0.0      0.0      0.0 2022 10 17  6 39 54.770  1.6     0     0     3     4 -9.000  0.000  47
     4293  26.759013  102.982023     1.090      797.9      389.1       91.4      0.0      0.0      0.1 2023  1 19 11 53 14.780  1.3     0     0     2     2 -9.000  0.000  47
     1236  26.861806  103.065828     1.526     -887.5     1031.1      527.2    560.5    655.7    737.9 2022 10  3  8 44 14.240  2.9     0     0     2     3 -9.000  0.511  48
     1545  26.861190  103.090283     1.006     1543.1      962.9        6.6    550.1    643.4    296.3 2022 10 13 18 42  8.920  2.6     0     0     2     3 -9.000  0.564  48
     1777  26.850057  103.075138     0.994       38.0     -270.7       -5.3    321.9    349.2    375.0 2022 10 20 19 15 19.580  2.8     0     0     4     9 -9.000  0.520  48
     5454  26.838450  103.067334     0.813     -737.8    -1556.9     -185.6    390.8    368.8    323.1 2023  2  1  2 24 50.030  2.9     0     0     0     3 -9.000  0.455  48
      294  26.930760  103.146745     0.971     -348.0      278.2      -28.0     56.8     88.5     81.0 2022  9  3 15 21 35.140  2.9     0     0     2     2 -9.000  0.505  49
      541  26.925234  103.163875     0.996     1353.4     -334.2       -3.2     55.6     91.3     81.0 2022  9 11 13  5 23.830  3.4     0     0     2     2 -9.000  0.505  49
      846        NaN         NaN       NaN        NaN        NaN        NaN      NaN      NaN      NaN **** ** ** **  3 36.000  1.1     0     0     9     6 -9.000    NaN  50
     1173        NaN         NaN       NaN        NaN        NaN        NaN      NaN      NaN      NaN **** ** ** **  6 36.800  1.6     0     0     9     6 -9.000    NaN  50
     6443        NaN         NaN       NaN        NaN        NaN        NaN      NaN      NaN      NaN **** ** ** ** 23 36.000  2.3     0     0     9     6 -9.000    NaN  50
     7488        NaN         NaN       NaN        NaN        NaN        NaN      NaN      NaN      NaN **** ** ** ** 26 36.160  0.7     0     0     9     6 -9.000    NaN  50
     1163  26.844002  102.874007     0.999        0.6        0.2        1.2      0.2      0.1      0.2 2022 10  1  7 33 15.960  1.9     0     0     9     6 -9.000  0.001  51
     1165  26.843998  102.873983     0.994       -1.5       -0.3       -5.4      0.3      0.3      0.3 2022 10  1  8 43 15.960  2.2     0     0     9     6 -9.000  0.002  51
     2224  26.844000  102.874007     0.999        0.7       -0.0        1.4      0.1      0.1      0.2 2022 11  7 14 19 55.960  1.6     0     0     9     6 -9.000  0.001  51
     7546  26.844000  102.874007     1.000        0.8       -0.0        1.6      0.2      0.1      0.2 2023  2 28 21 49 55.960  1.0     0     0     9     6 -9.000  0.001  51
     5882  26.974337  102.921346     1.093     -925.1       37.5       94.4    456.0    507.2    552.6 2023  2  6  0 27 48.690  2.1     0     0     2     3 -9.000  0.242  54
     7267  26.985024  102.924699     0.943     -591.9     1221.5      -56.0    504.1    426.7    543.2 2023  2 24 19 15 17.000  2.0     0     0     2     3 -9.000  0.242  54
     1133  27.232220  102.960010     0.962       98.9     1760.4      -37.1      3.9     10.3     11.9 2022  9 30  9 49 58.870  1.5     0     0     2     2 -9.000  0.071  55
     6943  27.217855  102.959098     0.994        9.0      168.5       -4.8      4.2      8.6     11.9 2023  2 19 19 13 18.680  1.1     0     0     2     2 -9.000  0.071  55
     1116  26.842120  103.062354     1.018     -460.8     1379.8      159.2      5.7      4.1     14.0 2022  9 29 22 53 32.440  2.3     0     0     3     2 -9.000  0.306  61
     6072  26.832747  103.077734     0.612     1068.2      341.3     -248.1      5.5      6.2      9.9 2023  2  7 23 20 40.200  1.9     0     0     3     2 -9.000  0.306  61
     4473  26.926316  103.064225     1.357      784.3       72.0      358.4     28.1     20.4     37.9 2023  1 21 18 43 40.920  1.6     0     0     1     1 -9.000  0.686  70
     5756  26.939221  103.052808     0.964     -349.7     1501.8      -35.4     29.5     20.2     24.8 2023  2  4 14 38  6.810  2.9     0     0     1     1 -9.000  0.686  70
     3331  26.993829  102.859033     1.168    -1287.8    -1164.0      169.0     95.2    126.5    283.7 2023  1  9  4 54 36.940  3.2     0     0     2     3 -9.000  0.442  71
     4445  26.999965  102.874943     0.998      291.8     -484.0       -1.3     98.1    108.4    114.1 2023  1 21  5 23 35.340  3.4     0     0     2     3 -9.000  0.442  71
     3419  27.034338  102.903695     0.935     -129.5    -1218.2      -63.7    515.0    657.5    674.4 2023  1 10  4 50 48.450  3.3     0     0     2     3 -9.000  0.255  72
     4435  27.049109  102.902547     0.968     -242.7      418.4      -31.1    580.2    325.4    466.5 2023  1 21  2  8  0.760  3.1     0     0     2     5 -9.000  0.258  72
     6726  27.052767  102.909701     1.252      466.4      823.7      252.8    663.1    323.2   1062.9 2023  2 15 23 51 16.280  3.7     0     0     0     2 -9.000  0.264  72
     3503  26.781999  102.967008     0.998      -99.4     -147.8       -0.7      0.0      0.0      0.0 2023  1 11  2 13 15.520  1.0     0     0     3     2 -9.000  0.000  77
     5238  26.781989  102.967008     0.999      -99.4     -148.9        1.1      0.0      0.0      0.0 2023  1 29 18 53 15.520  0.6     0     0     3     2 -9.000  0.000  77
      888  26.974349  102.883309     1.286       -3.0     -515.2      286.8    343.1    400.2    729.1 2022  9 22  5 10 53.080  2.9     0     0     4     6 -9.000  0.375  78
     2616  26.975816  102.895662     0.789     1223.2     -352.5     -210.3    345.8    390.4    542.5 2023  1  2  8 41 56.510  2.8     0     0     2     3 -9.000  0.320  78
     5284  26.986969  102.870850     1.080    -1239.8      883.3       81.4    375.2    822.4   1764.4 2023  1 30  7 50 47.910  2.7     0     0     2     3 -9.000  0.423  78
      123  26.491140  103.068652     0.999      330.7    -1277.0        0.2    244.4     85.6    133.7 2022  8 28 21 35 59.920  3.2     0     0     3     2 -9.000  0.698  83
     4142  26.490849  103.050968     1.086    -1432.2    -1309.1       87.4    224.2     85.0    247.1 2023  1 17 20 58 57.440  3.2     0     0     3     2 -9.000  0.698  83
     2302  26.802810  103.075692     0.911      929.8      532.8      -88.1   1044.4    985.7   1239.4 2022 11 16 13 43 51.310  3.6     0     0     1     3 -9.000  0.305  85
     4642  26.801105  103.073429     1.019      704.5      343.9       20.4   1053.7    980.8   2298.3 2023  1 23 17 52 28.280  2.8     0     0     1     3 -9.000  0.305  85
      500  27.054036  102.763265     0.983     1019.1     -254.8      -15.8     61.5     64.9     80.9 2022  9  9 23 44 24.760  3.2     0     0     3     2 -9.000  0.225  87
     1845  27.066870  102.753939     0.976       93.4     1167.4      -23.2     59.5     56.2     80.9 2022 10 23  0 47 22.540  3.1     0     0     3     2 -9.000  0.225  87
       40  26.788719  103.007080     0.910     -788.1     1187.8      -88.9   2257.6   1984.2   2786.9 2022  8 25 20 44 20.600  2.4     0     0     3     2 -9.000  0.390  92
     1632  26.783226  103.008927     1.303     -604.4      579.2      304.2   1857.3   1965.9   5394.3 2022 10 16 14 37  5.130  3.1     0     0     3     2 -9.000  0.390  92
      277  26.792769  103.114421     0.946      307.6      454.7      -53.1     61.8     27.8     39.9 2022  9  3  3 47 10.850  3.2     0     0     3     5 -9.000  0.080  93
     1606  26.776921  103.113143     0.978      180.5    -1301.4      -21.3     46.5     45.9     71.8 2022 10 15 15 20 30.520  3.1     0     0     2     3 -9.000  0.060  93
     2105  26.796393  103.106364     1.092     -493.8      856.1       93.5     56.9     28.0     54.1 2022 11  1 14 52 17.600  2.7     0     0     1     2 -9.000  0.105  93
      556  26.730774  103.166715     0.981      337.0      270.4      -18.0      7.2      5.4      6.6 2022  9 12  1 19 58.030  1.7     0     0     2     3 -9.000  0.631  94
     1556  26.737221  103.184627     0.957     2118.8      984.8      -42.3      6.3      5.5      6.6 2022 10 14  1 33 45.870  2.8     0     0     2     3 -9.000  0.631  94
     1221  27.066235  102.950146     0.832       13.9     -897.1     -167.3    658.4    338.2    439.1 2022 10  2 21 56 34.620  0.7     0     0     4     3 -9.000  0.291  97
     1407  27.076048  102.955607     1.409      555.2      190.0      409.8    424.4    210.8   1228.7 2022 10  9  2 23 14.970  2.1     0     0     5     5 -9.000  0.249  97
     4713  27.080703  102.945361     0.966     -461.0      705.8      -32.8    440.4    193.5    316.0 2023  1 24  8 29 55.010  1.8     0     0     3     4 -9.000  0.106  97
      224  26.985370  102.617253     1.125     -339.3    -2840.2      126.4    553.8    969.2    946.1 2022  9  1  8 51 55.070  3.7     0     0     2     3 -9.000  0.553  99
      965  26.997801  102.619743     0.944      -92.3    -1462.9      -54.8    549.6   1008.3    756.5 2022  9 25 10  5 15.360  3.1     0     0     2     3 -9.000  0.553  99
      449  27.162950  102.818555     0.960     -242.5     -264.3       58.1   1952.9   2307.6   1741.2 2022  9  8  1 41 17.830  2.8     0     0     4     6 -9.000  0.444 101
      470  27.167922  102.817342     0.752     -362.8      286.8     -151.2   2788.7   1826.7   3117.7 2022  9  8 16  7 51.370  2.8     0     0     3     6 -9.000  0.443 101
     6002  27.165153  102.827197     0.988      614.1      -20.1       85.9   2090.3   1923.3   2286.4 2023  2  7  8  3 24.480  3.1     0     0     3     6 -9.000  0.298 101
     8043  26.858997  102.839966     1.000       47.1       -0.3        1.6      3.0      2.4      3.6 2023  3  8 15 46 36.180  1.3     0     0     3     2 -9.000  0.011 110
     8438  26.859003  102.839022     0.997      -46.6        0.4       -1.6      3.0      2.4      3.6 2023  3 12  3 43 16.170  1.1     0     0     3     2 -9.000  0.011 110
      131  27.156984  102.927791     1.053      276.8      940.4       53.9      0.2      0.0      0.1 2022  8 29  4 27 23.500  2.4     0     0     2     1 -9.000  0.158 121
     8016  27.140015  102.921908     0.977     -306.8     -940.1      -21.6      0.2      0.0      0.1 2023  3  8 11  3 36.540  3.0     0     0     2     1 -9.000  0.158 121
     7635  26.892546  103.072461     0.976      394.0      559.1      -23.1    773.8    907.9   1122.3 2023  3  2 11 21 29.590  3.3     0     0     2     3 -9.000  0.424 122
     7979  26.882444  103.064502     1.029     -397.1     -560.1       29.9    817.1    897.1   1791.8 2023  3  7 23 34 35.580  3.9     0     0     2     3 -9.000  0.424 122
     1334  26.708067  102.998869     1.185      435.1      838.2      186.9     18.3     10.1     35.4 2022 10  6 18 34 28.340  3.8     0     0     3     2 -9.000  0.399 123
     7924  26.692938  102.990194     0.993     -428.2     -838.0       -6.1     18.0     10.1     13.0 2023  3  7 12  0 41.130  3.3     0     0     3     2 -9.000  0.399 123
     6836  27.215940  102.958000     0.991      -99.1     -782.2       -7.9     14.8     12.6     16.8 2023  2 17 23 53 18.600  1.1     0     0     3     2 -9.000  0.073 124
     7841  27.230086  102.959993     0.997       98.6      785.1       -1.2     13.6     15.3     73.4 2023  3  6 17 43 18.840  1.3     0     0     3     2 -9.000  0.073 124
     4047  26.935024  102.820964     1.117     -401.2      833.6      120.5      3.1      2.3     11.8 2023  1 16 23 58 32.340  2.0     0     0     2     3 -9.000  0.251 125
     7822  26.919985  102.829028     0.992      399.7     -832.7       -7.1      3.2      2.3      3.3 2023  3  6  6 40  4.400  2.5     0     0     2     3 -9.000  0.251 125
     1838  26.945949  102.920874     1.063     -359.5      271.4       64.2     93.1     34.4     95.9 2022 10 22 17  6 39.300  0.1     0     0     1     1 -9.000  0.067 130
     7657  26.941052  102.926774     0.995      225.9     -271.2       -4.0    127.6     34.4     53.9 2023  3  2 19  6 39.500  0.6     0     0     1     1 -9.000  0.067 130
     5163  27.300852  102.974284     1.000      127.4     -238.1        2.4    458.7    257.2    436.9 2023  1 28 23 23 18.760  0.9     0     0     1     2 -9.000  0.169 132
     7590  27.305149  102.971704     0.961     -128.0      238.0      -37.8    451.2    257.9    436.9 2023  3  1 14 13 18.460  1.2     0     0     1     2 -9.000  0.169 132
     5566  26.734180  102.910002     0.977      498.2      518.6      -21.8    304.5    415.8    768.2 2023  2  2 11 11  2.430  2.5     0     0     2     3 -9.000  0.415 134
     7568  26.724823  102.900008     1.000     -496.5     -518.2        2.5    287.7    424.5    768.2 2023  3  1  8 45 27.170  2.7     0     0     2     3 -9.000  0.415 134
     5022  26.738108  102.858879     1.047     -708.7     -154.2       48.5     89.1     85.2    194.8 2023  1 27 13 20 47.080  2.4     0     0     2     1 -9.000  0.090 154
     7037  26.740896  102.873136     0.994      709.7      154.5       -5.0     91.4     83.8    114.4 2023  2 21  6 41 38.250  2.2     0     0     2     1 -9.000  0.090 154
      606  26.859727  102.934408     1.049       89.8     -473.4       50.9   3346.4   1438.2   4146.4 2022  9 13 13 51 44.130  3.4     0     0     2     3 -9.000  0.428 164
     6850  26.868274  102.932528     0.974      -96.8      473.5      -25.2   3386.8   1437.8   3288.0 2023  2 18  6  4 57.160  2.8     0     0     2     3 -9.000  0.428 164
     2028  27.075157  102.923039     0.962      -95.4      737.6      -36.6      0.0      0.0      0.0 2022 10 29 16 35 13.790  2.3     0     0     0     1 -9.000  0.020 175
     6655  27.061845  102.924886     1.082       87.7     -737.4       82.9      0.0      0.0      0.0 2023  2 15  0 42 21.580  3.5     0     0     0     1 -9.000  0.020 175
     3839  26.673153  102.927791     0.961      -70.9      681.7      -37.9    168.3    162.0    220.7 2023  1 14 21 24 14.780  2.4     0     0     2     3 -9.000  0.556 206
     6011  26.660887  102.929167     1.445       66.6     -677.4      445.7    163.2    165.8    954.4 2023  2  7 11 57 42.260  2.8     0     0     2     3 -9.000  0.556 206
     5253        NaN         NaN       NaN        NaN        NaN        NaN      NaN      NaN      NaN **** ** ** ** 43 36.000  0.9     0     0     3     2 -9.000    NaN 221
     5572        NaN         NaN       NaN        NaN        NaN        NaN      NaN      NaN      NaN **** ** ** **  9 36.320  0.4     0     0     3     2 -9.000    NaN 221
     4514  27.206921  103.069979     1.018      939.1      268.3       19.7      0.3      0.2      0.3 2023  1 22  7  4 31.560  3.0     0     0     3     2 -9.000  0.166 222
     5537  27.202079  103.051034     0.988     -938.1     -268.4      -10.8      0.3      0.2      0.3 2023  2  2  4 25 15.440  2.9     0     0     3     2 -9.000  0.166 222
     2498  26.886072  103.097990     1.249     -894.8      174.2      250.1     12.8     14.0     49.7 2022 12 19 14 32 10.100  3.3     0     0     2     3 -9.000  0.495 226
     5405  26.882941  103.116048     0.962      899.3     -172.8      -36.6     14.9     13.6     22.6 2023  1 31 14 45  4.950  2.2     0     0     2     3 -9.000  0.495 226
     4432  26.806834  102.897998     0.959     -248.6      148.0      -39.9   3027.6   2066.9   3389.3 2023  1 20 22 50 45.320  1.6     0     0     2     3 -9.000  0.373 228
     5352  26.804169  102.902979     1.023      247.1     -147.5       23.5   2979.0   2084.2   6024.6 2023  1 30 23 37 43.680  2.1     0     0     2     3 -9.000  0.373 228
     3410  26.834951  102.926383     1.011      584.5      271.5       11.6   1010.8    933.1   1695.2 2023  1 10  2 11 57.170  3.3     0     0     2     3 -9.000  0.444 230
     5320  26.830044  102.914624     0.974     -583.8     -272.4      -25.2    997.1    931.4   1246.5 2023  1 30 16  8 12.140  2.2     0     0     2     3 -9.000  0.444 230
     5038  26.811981  102.926188     1.002      117.8      108.6        3.4    490.2    293.8    776.5 2023  1 27 16 54 12.430  1.9     0     0     2     3 -9.000  0.141 236
     5130  26.810018  102.923828     0.993     -116.8     -108.8       -4.6    482.4    294.5    518.8 2023  1 28 18 11 42.200  1.6     0     0     2     3 -9.000  0.141 236
     2663  26.754980  102.926001    14.582       49.0       53.2       27.3     10.6     11.5     13.1 2023  1  2 19 33 14.840  1.7     0     0     4     1 -9.000  0.009 246
     4878  26.754018  102.925008    14.528      -49.3      -53.4      -27.3     10.8     11.5     13.2 2023  1 25 23 39 54.840 -0.0     0     0     4     1 -9.000  0.009 246
       26  27.095998  103.011995     0.997       48.2       -0.3       -1.6      2.7      1.1      2.0 2022  8 25  9 33 14.870  1.6     0     0     2     3 -9.000  0.009 250
     4800  27.096004  103.011011     1.000      -49.3        0.4        1.6      2.7      1.1      2.0 2023  1 25  6 49 54.880  0.3     0     0     2     3 -9.000  0.009 250
        1  26.980011  102.851025     0.994      150.9     -164.8       -4.5     21.9     33.6     27.7 2022  3 22  3 12 46.260  2.2     0     0     1     3 -9.000  0.046 251
     4644  26.982994  102.847974     1.000     -151.6      165.8        4.9     21.0     42.4     28.9 2023  1 23 18 35 50.520  2.1     0     0     1     3 -9.000  0.046 251
     1816  26.986969  102.829045     0.990      -45.5       -3.3       -8.5     26.8     31.6     40.4 2022 10 21 19 26 36.980  0.8     0     0     2     3 -9.000  0.025 253
     4442  26.987028  102.829964     1.005       45.8        3.3        6.3     26.9     31.6     76.1 2023  1 21  5  3 17.000  1.9     0     0     2     3 -9.000  0.025 253
        2  26.977985  102.996061     0.995     -391.0      718.3       -4.3     10.8      5.9     13.0 2022  8 23 15 13 44.540  2.7     0     0     2     1 -9.000  0.061 254
     4275  26.965023  103.003939     1.001      391.1     -717.9        4.3     10.4      6.0     15.7 2023  1 19  5 13 45.370  3.0     0     0     2     1 -9.000  0.061 254
     2141  27.245150  102.820882     0.964      682.0     -205.1      -35.5    407.5    414.0    557.7 2022 11  3 12 13 57.860  3.1     0     0     2     3 -9.000  0.384 256
     4203  27.248846  102.807129     1.015     -680.3      204.4       15.6    415.9    409.9   1052.7 2023  1 18  9 37 24.970  3.4     0     0     2     3 -9.000  0.384 256
      643        NaN         NaN       NaN        NaN        NaN        NaN      NaN      NaN      NaN **** ** ** ** 13 36.320  1.8     0     0     3     2 -9.000    NaN 259
     4176        NaN         NaN       NaN        NaN        NaN        NaN      NaN      NaN      NaN **** ** ** **  3 36.640  1.5     0     0     3     2 -9.000    NaN 259
     2513  26.866109  102.897607     0.954     -784.5     -430.9      -45.5     10.2      4.5     10.6 2023  1  1  3 15  6.550  3.0     0     0     2     3 -9.000  0.251 268
     3974  26.873897  102.913477     0.999      792.8      432.0       -0.3     10.4      4.5     10.6 2023  1 16  7 20 30.830  2.8     0     0     2     3 -9.000  0.251 268
      343  26.916917  102.901831     1.073     -116.6      932.7       74.5      7.5      8.5     13.6 2022  9  4 23 45 24.320  2.7     0     0     3     3 -9.000  0.373 288
     2742  26.900151  102.904191     0.962      117.7     -925.1      -37.5      8.4      8.2     11.1 2023  1  3 16  4 52.410  2.2     0     0     3     3 -9.000  0.373 288
      955  26.878971  102.965063     0.998     -887.7     -390.9        3.1      1.2      1.3      2.3 2022  9 24 22 33 41.040  2.8     0     0     3     2 -9.000  0.545 290
     2662  26.886033  102.982935     0.989      888.2      391.5       -9.7      1.3      1.2      2.3 2023  1  2 19 24 45.180  2.5     0     0     3     2 -9.000  0.545 290
     1940  26.929008  102.918896     0.967      784.7     -331.4      -31.5     44.7     30.1     39.3 2022 10 26 11 38 16.150  3.1     0     0     3     2 -9.000  0.313 296
     2457  26.934979  102.903166     1.042     -777.3      330.2       42.7     33.8     29.9     45.4 2022 12  8 19 27 39.520  2.3     0     0     3     2 -9.000  0.313 296
     2184  27.109039  102.952051     1.040      -44.4      336.9       41.1    491.7    752.4   1022.0 2022 11  5  4 38 10.190  3.5     0     0     3     2 -9.000  0.228 308
     2234  27.102956  102.952962     0.971       45.6     -337.2      -28.1    485.7    758.7    777.2 2022 11  8  0  7 43.530  3.2     0     0     3     2 -9.000  0.228 308
     1451  26.992326  102.701408     1.052     -257.1     -739.5       52.6   1060.4   1300.5   1639.5 2022 10 10 15  6 31.830  2.6     0     0     2     3 -9.000  0.646 309
     2221  27.005691  102.706559     0.966      254.1      741.3      -33.3   1069.1   1292.6   1295.4 2022 11  7  9 58 29.550  3.1     0     0     2     3 -9.000  0.646 309
      646  27.113261  103.086100     1.104      258.2      -81.8      104.6   3665.5   2997.4   5007.3 2022  9 14 15  1 41.730  1.0     0     0     2     3 -9.000  0.519 315
     2148  27.114738  103.080908     0.882     -256.3       81.8     -116.7   3665.6   2993.8   4070.9 2022 11  3 23 46 33.040  2.0     0     0     2     3 -9.000  0.519 315
      963  26.826054  102.972778     0.989       77.6     -437.2      -10.3    189.4     97.0    148.0 2022  9 25  8 20 30.540  3.1     0     0     2     3 -9.000  0.209 317
     2125  26.833946  102.971224     1.009      -77.0      437.0        9.9    186.3     97.1    318.9 2022 11  2 15 22  5.280  3.0     0     0     2     3 -9.000  0.209 317
      486        NaN         NaN       NaN        NaN        NaN        NaN      NaN      NaN      NaN **** ** ** **  3 36.000  1.1     0     0     2     3 -9.000    NaN 343
     1317        NaN         NaN       NaN        NaN        NaN        NaN      NaN      NaN      NaN **** ** ** ** 39 36.000  1.7     0     0     2     3 -9.000    NaN 343
      678  26.851373  103.047786     1.112     -567.7       41.4      112.6    253.4    355.5   1922.3 2022  9 15 10 34 43.470  3.2     0     0     2     3 -9.000  0.366 347
     1069  26.850616  103.059212     0.928      567.6      -42.4      -70.9    253.9    361.3    483.2 2022  9 28 21 58 22.720  2.5     0     0     2     3 -9.000  0.366 347
      865  26.689010  102.996102     1.101        9.6      610.7      103.4    961.2    468.4   1620.3 2022  9 21 10  3 38.180  3.3     0     0     2     3 -9.000  0.206 351
      911  26.677989  102.995898     0.983      -10.3     -610.4      -16.2    961.1    468.5    732.7 2022  9 23  5 38 13.120  3.4     0     0     2     3 -9.000  0.206 351
      696  27.213023  102.975977     0.993     -100.7      556.7       -6.3     46.8     34.1     59.1 2022  9 16  2 31 18.680  2.9     0     0     2     1 -9.000  0.052 352
      730  27.202976  102.978035     1.018      102.9     -556.5       19.3     52.8     33.0     93.0 2022  9 17  7 39 29.830  3.1     0     0     2     1 -9.000  0.052 352
       32  27.083130  102.932056     7.315     -425.3    13212.1      606.3      5.5      5.9      9.4 2022  8 25 14 53 16.350  1.9     0     0    10    12 -9.000  0.027   1
      252  27.061460  102.848853    12.932    -8682.7    10811.1     6222.5      2.8      1.1      2.6 2022  9  2 12 56 18.590  3.5     0     0     2     0 -9.000  0.000   1
      375  27.091911  102.930534    10.538     -576.8    14185.2     3829.5      2.1      1.7      4.1 2022  9  6  2 46 36.390  2.0     0     0     7     3 -9.000  0.007   1
      554  26.973281  102.975366     2.624     3874.6     1040.6    -4085.4     10.6     12.2      7.5 2022  9 11 22 24  0.680  3.3     0     0     2     1 -9.000  0.018   1
      580  26.985347  102.905013    18.608    -3110.4     2377.7    11898.8      8.5      4.4     13.0 2022  9 12 19  3 13.920  1.2     0     0    16     5 -9.000  0.017   1
      655  27.079242  102.937085     6.020       73.4    12781.4     -688.2      5.5      3.1     12.1 2022  9 14 23 56 36.320 -0.2     0     0    13    14 -9.000  0.014   1
      856  27.088782  102.923324     5.580    -1292.0    13838.4    -1128.2      7.3      4.2      6.5 2022  9 21  0 33 16.520  1.9     0     0     8     6 -9.000  0.007   1
      934  27.084257  102.930404     7.765     -589.7    13337.1     1056.7      5.9      7.5      8.9 2022  9 24  6  3 16.360  1.2     0     0     6    11 -9.000  0.036   1
      945  26.985168  102.904622    18.759    -3149.3     2357.8    12049.9      7.6      3.3      7.2 2022  9 24 14 46 33.900  0.8     0     0    14     8 -9.000  0.014   1
      973  27.088859  102.925220     5.516    -1104.3    13847.0    -1191.9      7.6      4.8     11.5 2022  9 25 19 33 16.520  0.8     0     0     9     8 -9.000  0.028   1
     1134  26.964069  102.905273     6.845    -3084.9       19.8      136.9     24.4     16.2     15.6 2022  9 30 10 42  8.570  3.7     0     0     1     2 -9.000  0.016   1
     1201  27.092037  102.930876    11.057     -543.0    14199.1     4348.6      2.8      1.4      9.7 2022 10  2 11 26 36.360  1.6     0     0     7     2 -9.000  0.011   1
     1336  26.985738  102.906478    18.550    -2965.3     2420.8    11840.8     13.7      7.5     15.3 2022 10  6 19 23 13.920  1.2     0     0     6     3 -9.000  0.014   1
     1435  26.812299  102.920076     9.457    -1616.6   -16796.7     2748.0      1.9      1.0      1.2 2022 10 10  3 35  1.930  4.0     0     0     1     1 -9.000  0.000   1
     1828  27.083226  102.931925     7.397     -438.5    13222.9      688.9      5.8      7.8      8.1 2022 10 22  7 36 36.350  1.4     0     0    10    12 -9.000  0.024   1
     1890  26.859385  102.975627    11.969     3901.6   -11579.5     5259.7     18.2      6.2     19.9 2022 10 24  7 59 12.060  3.2     0     0     1     0 -9.000  0.000   1
     2153  27.079181  102.936759     6.280       41.4    12774.5     -428.9      8.7      2.4      4.1 2022 11  4  3  6 36.320  2.0     0     0     8    10 -9.000  0.013   1
     2192  27.116425  102.897868    12.317    -3817.6    16901.4     5607.8    154.0    128.7    152.2 2022 11  5  9 45  8.740  3.4     0     0     1     1 -9.000  0.003   1
     2240  26.740503  102.861450    22.851    -7443.4   -24752.0    16142.0      3.2      1.8      2.8 2022 11  8  9 49 49.600  2.4     0     0     1     2 -9.000  0.001   1
     2243  27.083982  102.930754     7.921     -554.9    13306.6     1212.9      8.7      9.2     11.0 2022 11  8 13 23 16.350  2.6     0     0     2     3 -9.000  0.004   1
     2507  26.870524  102.890780     7.537    -4526.0   -10345.1      827.3     12.2      9.3      9.1 2023  1  1  1  2 48.230  3.0     0     0    12     7 -9.000  0.029   1
     2563  26.919653  102.898747     7.144    -3733.5    -4901.6      434.4      7.3      6.4      4.6 2023  1  1 17  9 12.480  2.8     0     0     9     0 -9.000  0.023   1
     2639  26.822459  102.943319    11.391      693.3   -15671.0     4681.5     25.5     20.9     18.1 2023  1  2 13 15 59.700  4.0     0     0    10     6 -9.000  0.045   1
     2647  26.829272  102.927197    14.846     -908.6   -14916.0     8136.3     28.4     19.9     18.4 2023  1  2 14 42 20.940  3.8     0     0     3     0 -9.000  0.004   1
     2668  26.970748  102.897054     6.330    -3901.2      759.9     -379.6     29.2     39.2     20.7 2023  1  2 20 38 12.480  2.7     0     0     4     0 -9.000  0.002   1
     2757  26.979651  102.929085     3.694     -721.0     1746.3    -3015.0     11.9     13.1      9.4 2023  1  3 18 21 29.960  2.7     0     0     9     5 -9.000  0.032   1
     2769  27.091980  102.930404    10.422     -589.6    14192.7     3713.7      2.8      1.5      8.6 2023  1  3 20 33 16.400  1.1     0     0     8     3 -9.000  0.008   1
     2787  27.107357  102.830062     9.355   -10545.4    15896.5     2645.7     22.4     23.8     32.8 2023  1  4  2 22 33.650  3.2     0     0     2     1 -9.000  0.018   1
     2837  26.798735  102.949170     5.646     1274.1   -18299.7    -1062.5      3.5      2.5      6.0 2023  1  4 14 13 16.080  1.7     0     0     3     2 -9.000  0.002   1
     2857  27.079036  102.936434     6.827        8.6    12758.6      118.7      9.3      3.0     13.7 2023  1  4 19 13 16.280  1.6     0     0     2     2 -9.000  0.007   1
     2858  26.849668  102.963436    12.044     2691.1   -12656.0     5335.0     35.5     37.3     35.8 2023  1  4 19 27 10.800  3.9     0     0     6     5 -9.000  0.049   1
     2918  26.845178  102.958887     7.583     2239.3   -13153.5      873.5     23.0     25.8     30.9 2023  1  5 13 36 43.060  4.1     0     0    12     0 -9.000  0.042   1
     2926  26.923470  102.917521     5.866    -1868.9    -4478.5     -842.9     16.9     19.9     17.3 2023  1  5 16 58 37.850  3.6     0     0    17     4 -9.000  0.036   1
     2937  26.984886  102.903296    18.915    -3281.1     2326.3    12205.7      6.9      4.1      8.9 2023  1  5 18 53 13.880  1.5     0     0    13     6 -9.000  0.012   1
     2954  26.824786  102.953076    11.675     1662.2   -15413.1     4965.6     35.4     28.0     22.9 2023  1  5 21  4 48.880  3.9     0     0     9     4 -9.000  0.030   1
     2958  26.829063  102.952507     8.913     1605.7   -14939.2     2203.4     13.8     19.8     22.8 2023  1  5 22  4  9.880  5.2     0     0    14     7 -9.000  0.031   1
     2960  26.836281  102.947428     8.688     1100.8   -14139.4     1978.8     13.9     25.1     20.3 2023  1  5 22 15 54.000  3.2     0     0     6     3 -9.000  0.039   1
     2963  26.819061  102.949276    11.717     1284.5   -16047.4     5007.8     24.5     16.7     15.1 2023  1  5 22 21  5.560  5.9     0     0    19    13 -9.000  0.042   1
     2967  26.827722  102.961678    11.701     2517.1   -15087.7     4991.5     20.9     20.1     20.8 2023  1  5 22 45 17.360  5.1     0     0    16    11 -9.000  0.043   1
     2968  26.837539  102.962988     9.514     2646.9   -13999.9     2804.5     19.0     21.0     21.1 2023  1  5 22 47 20.420  3.4     0     0    15     7 -9.000  0.044   1
     2969  26.805772  102.941349    14.806      497.1   -17519.9     8096.8     38.8     20.5     26.9 2023  1  5 22 55 34.800  4.2     0     0     3     2 -9.000  0.051   1
     2970  26.812177  102.972485    15.195     3591.0   -16810.2     8485.9     22.4     22.6     17.0 2023  1  5 23  2 29.480  3.6     0     0     3     0 -9.000  0.003   1
     2971  26.830804  102.962899     9.999     2637.8   -14746.3     3289.9     20.2     16.7     17.9 2023  1  5 23  5 44.420  4.4     0     0    25    16 -9.000  0.042   1
     2972  26.836802  102.941309    14.511      493.4   -14081.6     7801.5     10.0      6.1     13.6 2023  1  5 23 11 18.600  3.8     0     0    10     2 -9.000  0.048   1
     2974  26.818109  102.959098    12.126     2260.4   -16152.9     5416.4     18.1     23.6     16.0 2023  1  5 23 27 56.960  5.8     0     0    21     9 -9.000  0.048   1
     2975  26.860732  102.983724     9.382     4706.5   -11430.1     2673.0     24.2     18.9     19.7 2023  1  5 23 33 35.820  3.7     0     0     3     4 -9.000  0.029   1
     2976  26.811387  102.928076    13.457     -821.4   -16897.6     6747.2     37.7     22.7     25.4 2023  1  5 23 38 26.620  4.1     0     0     3     2 -9.000  0.051   1
     2991  26.828743  102.951562    15.083     1511.9   -14974.5     8373.5     20.2     18.3     21.2 2023  1  6  2 50 22.380  6.2     0     0     7     6 -9.000  0.047   1
     2993  26.830318  102.954354     7.020     1789.1   -14800.2      310.9     24.5     29.2     31.0 2023  1  6  2 57  1.470  4.1     0     0     0     2 -9.000  0.004   1
     2995  26.834149  102.948592    10.636     1216.9   -14375.5     3926.7     27.9     30.6     23.4 2023  1  6  3  0 59.020  3.9     0     0    13    19 -9.000  0.048   1
     2997  26.827948  102.950659    11.418     1422.1   -15062.6     4709.0     17.5     18.6     13.3 2023  1  6  3 25  4.260  4.0     0     0    23    19 -9.000  0.035   1
     3000  26.815456  102.951221    13.024     1477.7   -16446.8     6315.0     20.9     25.9     22.9 2023  1  6  3 41 32.420  3.7     0     0     7     6 -9.000  0.046   1
     3004  26.831480  102.980282    11.607     4364.8   -14671.4     4897.8     29.7     44.9     35.0 2023  1  6  4 51 22.890  4.0     0     0     5     3 -9.000  0.024   1
     3011  26.808177  102.966130     9.750     2959.0   -17253.3     3040.6     12.3     16.1     21.2 2023  1  6  6  5 52.560  3.4     0     0     5     8 -9.000  0.044   1
     3012  26.836249  102.967537    11.357     3098.8   -14143.0     4647.7     19.1     24.8     22.9 2023  1  6  6  8 32.900  3.4     0     0    10     5 -9.000  0.035   1
     3018  26.944307  102.842025    12.169    -9365.8    -2169.6     5460.0     11.8      8.9      7.5 2023  1  6  7  0 26.530  3.7     0     0     2     0 -9.000  0.000   1
     3019  26.830774  102.962476    12.498     2596.3   -14749.6     5788.8     15.7     15.1     17.6 2023  1  6  7 51  6.760  4.4     0     0    23    22 -9.000  0.047   1
     3039  26.975114  102.917114     6.225    -1908.9     1243.6     -484.2     22.4     17.5     19.5 2023  1  6 11 15 40.650  5.8     0     0     6     5 -9.000  0.047   1
     3040  26.834837  102.956462    11.700     1998.1   -14299.4     4990.8     13.8     14.2     16.2 2023  1  6 11 24 59.490  4.0     0     0    20    14 -9.000  0.032   1
     3053  26.846999  102.927710     9.814     -858.0   -12951.9     3104.1     23.7     19.0     16.4 2023  1  6 16 14 43.460  3.0     0     0     5     3 -9.000  0.030   1
     3074  26.824701  102.949658    11.502     1322.9   -15422.5     4792.3     28.9     19.7     16.0 2023  1  6 20 36  5.620  4.0     0     0    27    12 -9.000  0.050   1
     3079  26.923651  102.913835     8.081    -2234.9    -4458.6     1371.3     19.2     14.4     13.1 2023  1  6 21 11 24.800  2.8     0     0     3     2 -9.000  0.027   1
     3080  26.826414  102.963249    11.580     2672.9   -15232.7     4870.9     20.2     16.9     19.5 2023  1  6 21 38 29.200  4.6     0     0    22    16 -9.000  0.047   1
     3168  26.973724  102.896313     7.485    -3974.5     1089.7      775.7     28.8     18.8     19.5 2023  1  7 15 39 13.870  3.2     0     0     4     1 -9.000  0.006   1
     3195  26.803141  102.957625    10.523     2114.5   -17811.3     3813.3     24.8     25.4     18.6 2023  1  7 20 13  6.520  3.8     0     0     4     4 -9.000  0.041   1
     3198  26.898059  102.942969    10.577      658.2    -7294.1     3867.2     40.2     33.9     46.8 2023  1  7 20 33 43.560  1.5     0     0     2     1 -9.000  0.006   1
     3208  26.860830  102.822778     4.857   -11280.8   -11419.3    -1851.9      7.4      2.7     18.5 2023  1  7 23  3 16.560  1.4     0     0    11    11 -9.000  0.008   1
     3229  26.798562  102.949430     5.739     1300.3   -18318.7     -969.5      2.0      2.4      4.8 2023  1  8  4 29 56.080  2.9     0     0     5     3 -9.000  0.002   1
     3232  26.837358  102.945207    10.580      880.6   -14020.2     3870.8     43.4     36.7     37.4 2023  1  8  5 28 16.850  4.0     0     0     9     5 -9.000  0.055   1
     3246  26.833567  102.952930    12.403     1647.9   -14440.0     5694.0     20.7     22.4     24.0 2023  1  8  9 21  3.110  4.0     0     0    20    19 -9.000  0.054   1
     3258  26.823649  102.941943    10.432      556.6   -15538.9     3722.4     24.7     37.6     25.4 2023  1  8 12 18 53.500  3.9     0     0    10     4 -9.000  0.042   1
     3266  27.104209  102.853581    18.394    -8212.3    15547.9    11684.2      0.2      0.3      0.2 2023  1  8 14  2 26.880  3.0     0     0     0     2 -9.000  0.000   1
     3284  26.829942  102.952075     9.926     1562.8   -14841.8     3216.5     17.0     19.3     23.8 2023  1  8 17  5 44.160  3.4     0     0    14     5 -9.000  0.040   1
     3289  26.683510  103.009456    12.551     7268.3   -31066.8     5841.7     27.9     17.7     19.2 2023  1  8 18  3 49.040  3.6     0     0     3     1 -9.000  0.056   1
     3297  26.652775  102.942358     4.833      597.8   -34472.3    -1875.4      2.7      2.8     11.4 2023  1  8 20  6 36.720 -0.2     0     0    11     9 -9.000  0.009   1
     3304  26.818559  102.961816    12.719     2531.0   -16103.0     6010.0     19.5     25.3     25.9 2023  1  8 20 59 20.720  3.3     0     0    24     9 -9.000  0.049   1
     3308  26.939610  102.856592    11.369    -7919.5    -2690.3     4659.4     51.9     26.6     33.1 2023  1  8 21 39 13.800  3.6     0     0     3     3 -9.000  0.084   1
     3310  26.942312  102.876489    11.678    -5943.6    -2390.8     4969.0     37.4     26.7     32.6 2023  1  8 21 47 29.640  3.6     0     0     3     3 -9.000  0.084   1
     3357  26.886460  102.932902     9.138     -341.8    -8579.3     2428.4     28.2     21.9     19.2 2023  1  9 16  6 17.250  3.5     0     0    11     3 -9.000  0.043   1
     3358  26.876495  102.941846     8.481      546.8    -9683.6     1771.7     27.7     21.5     19.2 2023  1  9 16 14 24.780  3.4     0     0     4     5 -9.000  0.031   1
     3360  26.875600  102.935392     7.655      -94.5    -9782.8      946.0     20.0     19.6     25.3 2023  1  9 16 39 28.660  3.4     0     0    15     7 -9.000  0.053   1
     3362  26.865306  102.971460    12.440     3488.1   -10923.3     5730.5     18.5     11.5     22.6 2023  1  9 16 57 15.950  4.5     0     0     2     2 -9.000  0.010   1
     3365  26.875566  102.935392     7.960      -94.8    -9786.6     1250.4     21.9     21.4     27.3 2023  1  9 17  8 11.840  2.8     0     0    12     9 -9.000  0.051   1
     3372  26.881124  102.947599     8.701     1117.9    -9170.6     1991.8     20.2     19.8     21.0 2023  1  9 19  8 38.000  3.2     0     0    13     5 -9.000  0.025   1
     3376  26.871997  102.939030     7.260      266.5   -10181.9      550.8     21.4     20.5     16.1 2023  1  9 19 27 32.080  3.2     0     0     9     2 -9.000  0.026   1
     3380  26.877608  102.952669     7.559     1621.8    -9560.3      849.3     26.3     23.3     24.1 2023  1  9 20 35 17.360  5.2     0     0    12     8 -9.000  0.045   1
     3381  26.888888  102.947380     9.501     1096.2    -8310.3     2791.7     31.4     25.2     25.7 2023  1  9 20 39 20.640  3.7     0     0    16     8 -9.000  0.057   1
     3384  26.893840  102.939095    13.092      273.4    -7761.8     6382.3      3.1      7.9      7.3 2023  1  9 21 15 29.980  2.7     0     0     2     2 -9.000  0.005   1
     3385  26.881571  102.939502     8.226      313.9    -9121.1     1516.3     16.1     15.7     16.0 2023  1  9 21 45  5.280  3.4     0     0    21    12 -9.000  0.051   1
     3388  26.883675  102.936914     9.162       56.7    -8888.1     2452.1     30.1     17.3     21.5 2023  1  9 22  7  4.240  4.0     0     0    16     6 -9.000  0.043   1
     3405  26.891665  102.923901     9.727    -1235.5    -8002.8     3017.1     40.0     35.4     31.3 2023  1 10  1 44 54.200  3.1     0     0     3     2 -9.000  0.048   1
     3441  26.878111  102.915226     7.198    -2097.3    -9504.6      488.4     32.2     28.9     25.7 2023  1 10  9 51  7.490  3.8     0     0     8     1 -9.000  0.019   1
     3456  26.846665  102.935726    10.108      -61.8   -12988.8     3398.1     18.4     19.0     19.0 2023  1 10 13 36 48.100  3.8     0     0    14    10 -9.000  0.052   1
     3464  26.854409  102.924829    13.937    -1143.8   -12130.8     7227.5      2.3      2.9      2.5 2023  1 10 15 13 25.780  4.0     0     0     2     3 -9.000  0.012   1
     3468  26.850596  102.944076     9.285      768.4   -12553.2     2575.8     28.4     24.0     28.6 2023  1 10 16 19 19.100  3.2     0     0     4     3 -9.000  0.040   1
     3471  26.957387  102.896834     4.261    -3923.3     -720.5    -2448.4     32.9     32.2     20.8 2023  1 10 18 32 51.000  3.0     0     0     3     1 -9.000  0.008   1
     3496  26.841901  102.946094    14.840      968.2   -13516.7     8130.5      9.8      6.6     12.6 2023  1 11  0  7 17.400  4.0     0     0     4     0 -9.000  0.009   1
     3497  26.950962  102.900179     7.356    -3591.1    -1432.4      646.5     25.0     30.3     15.8 2023  1 11  0 36  5.040  3.0     0     0     1     1 -9.000  0.019   1
     3514  27.117741  102.816439    10.896   -11897.4    17047.2     4186.7     25.2     19.4     26.4 2023  1 11  4 48 25.970  4.7     0     0     5     4 -9.000  0.049   1
     3543  27.102291  102.859245    10.025    -7650.2    15335.2     3315.1     24.4     14.2     15.2 2023  1 11 12 47 56.330  2.8     0     0     8     9 -9.000  0.048   1
     3551  27.087980  102.925024     6.674    -1123.3    13749.6      -34.4      6.9      4.2     12.9 2023  1 11 14 46 36.460  1.1     0     0     4     2 -9.000  0.023   1
     3555  26.882351  102.938037     8.872      168.3    -9034.7     2163.0     15.8     16.9     16.5 2023  1 11 15 39  2.520  3.8     0     0    33    17 -9.000  0.050   1
     3564  26.882473  102.940120     7.676      375.0    -9021.3      966.9     20.3     18.6     23.3 2023  1 11 18 31 49.240  3.3     0     0    15     8 -9.000  0.047   1
     3607  27.100958  102.859546    16.753    -7620.2    15187.5    10043.7      0.3      0.3      0.2 2023  1 12  9 20 26.380  3.9     0     0     0     2 -9.000  0.000   1
     3612  27.116280  102.824121    11.380   -11134.6    16885.3     4670.7     17.3     13.9     17.1 2023  1 12 11  0 25.460  4.5     0     0     3     4 -9.000  0.018   1
     3639  26.865995  102.989079     7.786     5237.8   -10846.9     1076.5     46.8     48.7     44.7 2023  1 12 20 14 58.520  2.8     0     0     1     1 -9.000  0.001   1
     3648  27.101615  102.826636    12.228   -10886.3    15260.4     5518.5     28.0     23.4     24.6 2023  1 12 22 45 29.580  4.0     0     0    10     4 -9.000  0.048   1
     3653  27.107373  102.854810     9.479    -8090.5    15898.3     2769.4     21.0     13.3     17.2 2023  1 13  0  2  4.990  3.8     0     0     4     4 -9.000  0.044   1
     3672  26.835400  102.957585    10.623     2109.9   -14237.0     3913.2     20.3     15.1     16.4 2023  1 13  5 13  5.510  3.9     0     0    15     9 -9.000  0.039   1
     3686  27.113369  102.824715    11.244   -11075.7    16562.6     4534.2     15.9     12.3     17.5 2023  1 13  9 37 46.500  3.2     0     0    12    15 -9.000  0.042   1
     3688  27.120266  102.836670    10.767    -9889.2    17326.9     4057.7     39.9     24.7     38.7 2023  1 13  9 48 48.130  3.8     0     0     1     2 -9.000  0.008   1
     3709  27.107308  102.822266    10.005   -11319.5    15891.1     3295.3     30.9     21.8     33.0 2023  1 13 13 55 47.220  3.8     0     0     2     3 -9.000  0.044   1
     3728  27.107865  102.840413    10.020    -9518.7    15953.0     3310.4     26.9     20.8     20.5 2023  1 13 17 40 57.320  3.1     0     0     5     2 -9.000  0.043   1
     3763  26.777150  102.974056    13.170     3747.3   -20691.3     6460.9     22.0     27.8     17.5 2023  1 14  2  9 10.150  3.9     0     0     3     2 -9.000  0.031   1
     3765  26.795099  102.972054    13.761     3548.4   -18702.4     7051.1     22.3     28.8     16.1 2023  1 14  2 13 49.380  4.0     0     0     3     2 -9.000  0.031   1
     3769  27.104152  102.843994    12.342    -9163.9    15541.5     5632.7     18.6     12.3     16.3 2023  1 14  4 22 24.700  3.5     0     0     9     4 -9.000  0.045   1
     3777  26.875387  102.918953     6.819    -1727.6    -9806.4      109.1     27.5     23.1     22.6 2023  1 14  8 57 21.050  3.1     0     0    11     4 -9.000  0.037   1
     3840  26.952799  102.923063     5.827    -1318.6    -1228.9     -882.4     15.6     11.6     13.0 2023  1 14 21 31 33.200  3.0     0     0     3     2 -9.000  0.018   1
     3865  27.118571  102.803849     7.720   -13145.8    17139.1     1010.5     43.4     25.5     61.6 2023  1 15  4 24 51.430  3.4     0     0     3     2 -9.000  0.052   1
     3931  27.078982  102.937891     6.694      153.4    12752.4      -14.8      8.4      6.4     14.9 2023  1 15 20 13 16.300  0.8     0     0     4     5 -9.000  0.034   1
     3939  27.120966  102.819686     6.227   -11574.7    17404.4     -481.9     22.6     13.7     29.3 2023  1 15 21 57 28.520  3.7     0     0     6     5 -9.000  0.048   1
     3957  26.833331  102.954419    11.481     1795.9   -14466.3     4771.5     19.2     16.2     14.2 2023  1 16  2 13 26.260  4.0     0     0    27    20 -9.000  0.049   1
     3981  26.967818  102.989583     2.561     5285.5      435.3    -4148.9     10.7     11.7      7.4 2023  1 16  8 21 19.850  4.0     0     0     2     1 -9.000  0.018   1
     3990  27.085453  102.928882     7.211     -740.6    13469.7      502.2      8.4      7.3     14.2 2023  1 16 11 43 16.400  1.9     0     0    16    17 -9.000  0.038   1
     4005  26.833779  102.978385     9.942     4176.1   -14416.7     3232.5     30.7     22.3     31.0 2023  1 16 16  3 19.020  3.8     0     0     5     0 -9.000  0.027   1
     4008  26.971263  102.922144     6.358    -1410.1      816.9     -351.6     28.4     21.5     20.5 2023  1 16 16 16 44.590  3.5     0     0     9     5 -9.000  0.045   1
     4025  27.108592  102.855672    10.039    -8005.0    16033.4     3329.2     21.7     13.8     16.4 2023  1 16 19  2 17.560  3.0     0     0     2     3 -9.000  0.024   1
     4113  26.653269  102.942879     5.538      649.9   -34417.5    -1170.8      1.9      2.0      6.0 2023  1 17 15 23 16.710  1.0     0     0    11     8 -9.000  0.007   1
     4130  27.106708  102.826554    13.395   -10893.6    15824.7     6685.9     20.4     19.4     21.6 2023  1 17 18 47 54.200  3.9     0     0     6     3 -9.000  0.037   1
     4159  26.861245  102.819344     2.185   -11622.1   -11373.4    -4523.9      1.4      1.2      6.7 2023  1 18  0  3 16.600  0.8     0     0     8     5 -9.000  0.002   1
     4201  27.102775  102.893140     7.617    -4287.4    15388.8      907.9     10.3      2.5     15.4 2023  1 18  9  8 42.450  3.0     0     0     1     3 -9.000  0.013   1
     4226  26.926654  102.915511     7.271    -2068.5    -4125.8      561.9     12.7     13.7     14.1 2023  1 18 17 22 49.000  2.7     0     0     9     3 -9.000  0.029   1
     4325  26.574028  103.040422    10.171    10351.0   -43197.8     3462.0      8.6     13.7     14.0 2023  1 19 18 37 36.640  4.0     0     0     3     1 -9.000  0.020   1
     4331  26.858223  102.930835    10.262     -547.7   -11708.1     3552.1     19.9     16.8     14.3 2023  1 19 22  6 22.880  4.0     0     0    16     4 -9.000  0.026   1
     4408  27.107546  102.833439    12.355   -10210.7    15917.6     5645.6     26.6     18.2     16.6 2023  1 20 19  7 17.240  3.8     0     0     7     4 -9.000  0.050   1
     4430  26.797795  102.951270     2.562     1483.2   -18403.9    -4146.5      2.8      3.0      4.1 2023  1 20 22 39 56.080  2.4     0     0     8    10 -9.000  0.004   1
     4476  26.990295  102.775846    11.390   -15933.3     2925.9     4680.9     40.0     36.8     42.7 2023  1 21 19 43 34.080  3.6     0     0     3     1 -9.000  0.037   1
     4506  27.014284  102.858260     9.792    -7750.7     5583.8     3082.4     27.6     34.0     24.3 2023  1 22  4 54 10.260  3.8     0     0     1     2 -9.000  0.033   1
     4529  27.101622  102.892708     6.387    -4330.0    15261.0     -322.0     10.2      2.5     16.6 2023  1 22 12 31 33.490  4.1     0     0     1     3 -9.000  0.013   1
     4537  26.834208  102.913118    11.603    -2307.7   -14369.0     4893.9     27.5     18.8     22.4 2023  1 22 14 38 34.520  3.4     0     0     4     4 -9.000  0.029   1
     4548  27.119928  102.878076    11.184    -5781.2    17289.5     4475.4      1.9      0.9      4.6 2023  1 22 17 43 16.680  0.9     0     0     2     3 -9.000  0.002   1
     4558  26.921924  102.924235     8.574    -1202.2    -4649.8     1865.0     31.7     28.3     28.1 2023  1 22 20 26  0.200  3.0     0     0     1     2 -9.000  0.049   1
     4561  26.984853  102.903304    18.884    -3280.4     2322.7    12174.7      6.8      4.3      7.3 2023  1 22 21 43 13.880  3.7     0     0    15     6 -9.000  0.010   1
     4569  27.121741  102.820174     5.920   -11525.8    17490.3     -789.4     22.4     13.7     33.1 2023  1 22 23 57 49.480  3.5     0     0     3     3 -9.000  0.045   1
     4652  26.869358  102.899862    15.040    -3623.8   -10474.4     8330.1      6.2      3.7      7.2 2023  1 23 20  7 57.300  3.5     0     0     1     3 -9.000  0.004   1
     4663  27.102301  102.852897    12.620    -8280.2    15336.4     5910.8     34.0     34.9     21.1 2023  1 23 21 54 10.080  4.5     0     0     3     2 -9.000  0.079   1
     4699  27.109041  102.817668    10.451   -11775.3    16083.2     3741.4     22.8     18.2     31.3 2023  1 24  5 27  3.440  3.8     0     0     5     2 -9.000  0.037   1
     4710  27.045188  102.842505    12.812    -9313.5     9008.1     6102.3      2.7      1.0      2.6 2023  1 24  8 18 32.320  3.0     0     0     2     0 -9.000  0.000   1
     4749  26.836656  102.914062    10.861    -2213.6   -14097.9     4151.5     47.9     16.4     19.1 2023  1 24 18 28 40.800  5.6     0     0     4     2 -9.000  0.033   1
     4751  26.838605  102.942391     8.010      600.8   -13882.0     1301.0     14.9     14.9     18.4 2023  1 24 18 39  7.920  3.8     0     0    11     8 -9.000  0.042   1
     4752  26.846096  102.926799     9.941     -948.7   -13052.0     3231.2     23.9     17.5     17.6 2023  1 24 19  2 19.500  4.9     0     0    12     3 -9.000  0.043   1
     4760  26.920249  102.900057     6.179    -3603.2    -4835.4     -530.2      6.9      6.3      5.0 2023  1 24 20 15  3.040  2.4     0     0     5     1 -9.000  0.025   1
     4772  26.653271  102.942879     5.546      650.0   -34417.3    -1162.3      2.0      2.0      5.9 2023  1 24 22 23 16.720  0.8     0     0    11     8 -9.000  0.007   1
     4792  26.864956  102.929102    14.111     -719.3   -10962.1     7401.5      2.4      3.0      2.7 2023  1 25  2 54 46.650  3.5     0     0     2     2 -9.000  0.000   1
     4801  27.088401  102.924382     6.245    -1186.8    13796.2     -463.1      5.8      4.6     10.7 2023  1 25  6 53 16.480  1.5     0     0    16    10 -9.000  0.027   1
     4804  26.653408  102.943001     5.730      661.7   -34402.3     -978.1      2.9      3.1     10.3 2023  1 25  8  9 56.700 -0.7     0     0    11     8 -9.000  0.009   1
     4818  26.967037  102.913981     6.706    -2220.1      348.8       -3.7     18.8     13.2     18.2 2023  1 25 12 51 58.540  3.8     0     0    17    13 -9.000  0.044   1
     4822  26.977765  102.923934     7.852    -1232.4     1537.5     1142.5     22.2     12.7     18.3 2023  1 25 14  8 38.550  3.7     0     0    16     9 -9.000  0.045   1
     4827  26.947375  102.910156     5.356    -2600.5    -1829.8    -1353.6     16.8     11.1     15.4 2023  1 25 15 29  9.120  3.7     0     0     3     2 -9.000  0.018   1
     4862  26.797758  102.951221     2.544     1478.4   -18407.9    -4164.8      2.1      2.1      3.1 2023  1 25 21 49 56.080  0.9     0     0    11    10 -9.000  0.004   1
     4866  26.713129  102.995728     8.732     5902.4   -27784.9     2023.0     10.1     12.1     11.9 2023  1 25 22 18 22.160  4.4     0     0     3     1 -9.000  0.006   1
     4882  26.858441  102.889274     7.036    -4675.2   -11684.0      327.0     23.5     15.8     25.1 2023  1 26  0 29 31.340  3.0     0     0     3     2 -9.000  0.034   1
     4890  26.707528  103.004891     9.653     6813.4   -28405.5     2944.0      7.4      7.5      7.2 2023  1 26  2  7 33.180  3.8     0     0     3     2 -9.000  0.017   1
     4914  26.985105  102.903190    18.945    -3291.4     2350.7    12236.0      7.4      2.9     10.5 2023  1 26  8 13 13.870  2.1     0     0    12     4 -9.000  0.013   1
     4980  26.862526  102.927425     9.623     -885.9   -11231.3     2914.0     31.6     21.4     24.8 2023  1 27  3  4  4.990  3.6     0     0    11     7 -9.000  0.043   1
     4992  26.866278  102.972786    11.121     3619.8   -10815.5     4411.3     19.4     20.1     21.6 2023  1 27  6 13 52.450  3.7     0     0    13     7 -9.000  0.044   1
     4994  26.688833  103.003044    11.583     6630.3   -30477.2     4873.6     26.4     17.5     20.0 2023  1 27  6 25 49.640  3.8     0     0     3     1 -9.000  0.056   1
     5006  26.990816  102.825106    10.417   -11043.1     2983.5     3707.3     23.1     11.2     22.7 2023  1 27 10 58 34.150  4.0     0     0     8     1 -9.000  0.035   1
     5016  26.975789  102.895768     9.021    -4028.7     1318.5     2311.2     32.2     23.7     21.2 2023  1 27 12  9 22.630  3.7     0     0     3     0 -9.000  0.008   1
     5023  26.977171  102.933480     7.900     -284.6     1471.7     1190.1     21.2     19.4     15.3 2023  1 27 13 50 19.710  3.6     0     0     7     1 -9.000  0.030   1
     5030  26.992607  102.813078    10.640   -12236.9     3182.0     3930.4     15.4     16.2     17.2 2023  1 27 15 32  4.380  2.9     0     0     6     3 -9.000  0.039   1
     5031  26.996781  102.821493    10.988   -11401.8     3644.6     4278.7     18.5      9.6     19.4 2023  1 27 15 33 32.140  3.6     0     0     8     2 -9.000  0.024   1
     5061  26.913200  102.911711     5.532    -2446.3    -5616.5    -1177.3     15.1     17.1     17.4 2023  1 27 22 15  4.320  2.6     0     0     7     1 -9.000  0.029   1
     5074  26.842716  102.979932    13.836     4329.6   -13426.3     7126.4     37.8     22.7     22.0 2023  1 28  1 40  9.800  3.6     0     0     1     2 -9.000  0.042   1
     5139  26.925264  102.884489     7.878    -5149.3    -4279.8     1168.9     25.0     19.6     17.1 2023  1 28 19 57 32.440  3.8     0     0     3     2 -9.000  0.055   1
     5183  27.130920  103.105420    13.801    16774.6    18507.5     7092.0     36.2     38.0     40.9 2023  1 29  5 21 28.540  4.0     0     0     1     1 -9.000  0.000   1
     5199  27.109296  102.804167    11.765   -13115.1    16111.4     5055.3     59.0     38.5     67.0 2023  1 29  9 19  2.490  4.0     0     0     3     2 -9.000  0.048   1
     5210  27.062628  102.833732     8.676   -10183.9    10940.5     1966.8     38.1     13.8     22.8 2023  1 29 12 18 41.550  3.1     0     0     1     2 -9.000  0.027   1
     5216  26.714451  103.011800     8.550     7499.7   -27638.5     1840.5      6.8      5.5      7.6 2023  1 29 13 41  6.700  3.6     0     0     6     3 -9.000  0.013   1
     5219  26.740570  102.860978    22.784    -7490.5   -24744.3    16074.3      3.1      1.8      2.8 2023  1 29 14  9 49.600 -0.3     0     0     1     2 -9.000  0.001   1
     5255  26.861324  102.944417     7.553      801.5   -11364.4      843.5     20.9     17.7     17.3 2023  1 29 22 51 44.400  3.5     0     0    14     5 -9.000  0.030   1
     5300  26.834062  102.949007     8.098     1257.8   -14385.2     1388.6     14.4     14.9     20.9 2023  1 30 12  1 48.910  3.4     0     0     7     8 -9.000  0.041   1
     5305  26.856732  102.940015    12.871      364.7   -11873.4     6161.3     20.7     23.3     18.0 2023  1 30 12 26 52.020  3.9     0     0     4     4 -9.000  0.027   1
     5322  27.084281  102.930477     7.700     -581.9    13339.7      991.9      7.3      6.4      9.9 2023  1 30 17 46 36.360 -0.1     0     0    13    15 -9.000  0.026   1
     5323  26.935622  102.838696    13.366    -9696.3    -3132.1     6656.9     12.1      9.0      7.3 2023  1 30 18  8 31.900  3.1     0     0     2     0 -9.000  0.000   1
     5386  26.799300  102.949105     5.722     1267.5   -18237.0     -986.4      1.2      2.3      5.1 2023  1 31  8 33 16.070  1.6     0     0     2     1 -9.000  0.000   1
     5413  26.617283  103.010620     9.298     7385.7   -38404.9     2588.3     19.9     17.9     11.0 2023  1 31 16 27 59.250  4.1     0     0     3     1 -9.000  0.004   1
     5418  26.880233  102.906877     6.263    -2926.7    -9269.4     -446.7     35.8     29.0     24.8 2023  1 31 17  3 23.800  4.2     0     0     5     2 -9.000  0.015   1
     5430  27.014703  102.932218     2.578     -409.5     5630.3    -4131.0     29.4     28.4     41.5 2023  1 31 19 52 21.600  2.6     0     0     2     0 -9.000  0.002   1
     5432  26.929028  102.913062     6.961    -2311.7    -3862.8      251.7     16.9     13.3     18.4 2023  1 31 20 31 50.740  2.8     0     0    23     8 -9.000  0.042   1
     5437  26.967116  102.910685     8.548    -2547.7      357.6     1838.6     27.1     33.7     19.3 2023  1 31 21 28 23.440  3.1     0     0     8     3 -9.000  0.040   1
     5442  26.934833  102.907853     6.785    -2829.3    -3219.6       75.4     19.7     13.9     22.5 2023  1 31 22 23 52.140  3.0     0     0    14     0 -9.000  0.024   1
     5502  27.012390  102.823071     3.956   -11244.1     5374.0    -2753.6     47.4     43.3     64.1 2023  2  1 19 32 32.760  3.1     0     0     4     0 -9.000  0.033   1
     5503  27.058673  102.847135     8.043    -8853.6    10502.4     1333.9     11.6      8.3     12.2 2023  2  1 20  5  2.880  3.6     0     0     8     7 -9.000  0.031   1
     5533  27.015544  102.933700     3.219     -262.4     5723.3    -3490.3     30.2     29.2     42.3 2023  2  2  3 50 12.990  3.5     0     0     2     0 -9.000  0.002   1
     5538  26.988361  102.941675     4.501      529.2     2711.4    -2208.7     24.8     25.6     23.0 2023  2  2  4 41  3.370  3.0     0     0     2     2 -9.000  0.022   1
     5609  26.937830  102.892236     8.495    -4379.8    -2887.4     1785.4     25.2     22.3     17.5 2023  2  2 20 27  4.200  3.2     0     0     3     2 -9.000  0.055   1
     5615  26.838021  102.941724     6.715      534.6   -13946.6        5.4     19.3     21.3     34.4 2023  2  2 21 52 48.000  2.7     0     0     4     4 -9.000  0.027   1
     5656  27.107005  102.853003     6.469    -8269.5    15857.5     -240.9     26.5     22.5     27.0 2023  2  3  9 59 32.520  3.8     0     0     2     1 -9.000  0.009   1
     5658  26.652356  102.942000     4.627      562.5   -34518.9    -2081.3      3.3      3.7     11.7 2023  2  3 10 59 56.730  0.6     0     0     8     9 -9.000  0.010   1
     5778  26.855540  102.938631    11.455      227.1   -12005.5     4745.7     27.7     36.6     38.9 2023  2  4 20  7 36.680  2.9     0     0     5     3 -9.000  0.044   1
     5785  26.986477  102.926961     3.331     -931.5     2502.6    -3378.0     12.2     12.6     13.1 2023  2  4 21 12 47.960  3.0     0     0     4     4 -9.000  0.020   1
     5791  27.090906  102.876807     7.721    -5907.7    14073.8     1011.8      3.3      2.0      3.3 2023  2  4 22 14 28.360  3.1     0     0     1     2 -9.000  0.000   1
     5869  26.898293  102.907951     4.757    -2820.2    -7268.4    -1951.2     21.9     15.5     22.2 2023  2  5 20 48 23.920  2.9     0     0     4     0 -9.000  0.027   1
     5886  26.967204  102.918115     8.140    -1809.5      367.3     1430.6     22.2     25.4     14.0 2023  2  6  1 12 27.310  5.2     0     0    22     9 -9.000  0.042   1
     5889  26.981525  102.933439     3.367     -288.6     1954.1    -3342.7      8.1     12.7     10.9 2023  2  6  1 43 58.220  3.5     0     0     6     3 -9.000  0.035   1
     5917  26.970249  102.915568     8.512    -2062.8      704.8     1802.1     13.6     19.7     12.8 2023  2  6  8 30 30.960  4.8     0     0    13     3 -9.000  0.030   1
     5995  26.860817  102.820150     2.416   -11541.5   -11420.6    -4292.0      1.4      1.1      3.1 2023  2  7  5 29 56.610  1.7     0     0    11     8 -9.000  0.003   1
     6008  26.961875  102.885734     5.521    -5025.1     -223.1    -1187.9     43.2     36.1     25.9 2023  2  7 10 51 42.840  3.0     0     0     1     0 -9.000  0.000   1
     6016  26.577781  103.055965     9.057    11896.9   -42781.9     2347.7     12.9     16.6     19.4 2023  2  7 12 22 33.540  4.3     0     0     4     0 -9.000  0.012   1
     6029  26.975358  102.916569     4.310    -1963.1     1270.7    -2399.0     22.0     27.8     12.2 2023  2  7 14 24 46.290  3.0     0     0     6     2 -9.000  0.036   1
     6042  27.009347  102.862174     9.765    -7362.3     5036.9     3055.5     27.0     34.6     24.1 2023  2  7 17 12 44.900  3.3     0     0     1     2 -9.000  0.033   1
     6051  26.575122  103.048698     9.908    11174.2   -43076.5     3198.4      7.7      8.7     10.0 2023  2  7 18 46 49.040  4.3     0     0     7     1 -9.000  0.016   1
     6052  26.962008  102.814803     7.398   -12067.7     -208.5      688.2      1.6      0.8      1.8 2023  2  7 19  4 59.480  3.2     0     0     2     1 -9.000  0.000   1
     6065  27.105070  102.858870    11.734    -7687.4    15643.2     5024.1     35.7     34.2     22.1 2023  2  7 22 51 25.800  4.3     0     0     6     6 -9.000  0.073   1
     6124  27.125462  102.844466     9.242    -9115.5    17902.6     2532.6     32.0     21.1     39.7 2023  2  8 15 37 19.590  4.2     0     0     3     2 -9.000  0.051   1
     6170  26.838544  102.959530    15.414     2303.5   -13888.6     8704.9     29.5     35.6     22.9 2023  2  9  5 18 18.340  4.0     0     0     3     1 -9.000  0.016   1
     6203  26.924746  102.921834     7.797    -1440.7    -4337.2     1087.1     28.6     26.6     21.2 2023  2  9 17 12 52.040  2.2     0     0    10     4 -9.000  0.047   1
     6222  26.901396  102.911190     3.302    -2498.1    -6924.4    -3407.1     20.8     15.1     30.5 2023  2  9 20 44 58.680  2.7     0     0     4     0 -9.000  0.027   1
     6234  26.979083  102.813997     6.915   -12147.0     1683.6      205.6      1.6      0.9      1.7 2023  2  9 22 39 56.920  3.3     0     0     2     1 -9.000  0.000   1
     6239  26.894299  102.944100    14.522      770.7    -7710.8     7812.5      2.9      8.2      7.2 2023  2  9 23 37 29.600  3.3     0     0     2     2 -9.000  0.005   1
     6311  26.976835  102.778687    10.873   -15652.1     1434.5     4163.7     39.4     35.2     42.1 2023  2 10 18 13 48.200  2.5     0     0     3     1 -9.000  0.037   1
     6313  27.088761  102.923389     5.626    -1285.4    13836.1    -1082.0      7.0      4.1      5.9 2023  2 10 18 26 36.520  1.8     0     0     8     6 -9.000  0.007   1
     6315  26.824935  102.966097     9.379     2955.7   -15396.5     2669.5     17.3     26.8     26.0 2023  2 10 18 51 51.160  3.2     0     0     6     7 -9.000  0.030   1
     6317  26.815413  102.961491    14.564     2498.1   -16451.5     7854.5     21.6     22.4     17.3 2023  2 10 18 59 17.320  4.1     0     0     5     1 -9.000  0.029   1
     6322  26.852148  102.989754    14.198     5305.6   -12381.3     7488.9     19.4     15.4     13.0 2023  2 10 20  1 54.380  2.9     0     0     2     4 -9.000  0.040   1
     6336  26.842015  102.955509    12.912     1903.9   -13504.0     6202.3     32.3     35.0     34.8 2023  2 10 22 52 55.840  3.4     0     0     2     3 -9.000  0.008   1
     6337  26.812425  102.959985    10.336     2348.6   -16782.8     3626.3     21.4     21.9     19.0 2023  2 10 23 21 27.200  3.2     0     0     4     7 -9.000  0.026   1
     6343  26.928699  102.905021     8.486    -3110.2    -3899.2     1776.5     34.7     32.5     25.6 2023  2 11  0 34 33.460  4.3     0     0     3     2 -9.000  0.034   1
     6365  27.127273  102.860213     7.641    -7553.3    18103.4      931.6     21.9     13.3     25.6 2023  2 11  8 41  3.580  3.1     0     0     4     4 -9.000  0.027   1
     6436  26.989962  102.922144     2.855    -1409.5     2888.9    -3854.9     12.6     15.2     14.3 2023  2 12  3  7  9.490  4.3     0     0     4     4 -9.000  0.038   1
     6441  26.855725  102.947998    12.215     1157.6   -11984.9     5505.4     26.5     34.6     27.8 2023  2 12  3 36 55.090  3.3     0     0     8     3 -9.000  0.041   1
     6478  26.877555  102.917586    14.261    -1863.5    -9566.0     7551.4     22.9     18.1     17.4 2023  2 12 15 24 31.460  3.9     0     0     2     2 -9.000  0.035   1
     6485  26.840814  102.952132     2.605     1568.6   -13637.1    -4104.4     21.1     20.3     31.8 2023  2 12 17  1 26.740  3.1     0     0     2     2 -9.000  0.047   1
     6642  27.079209  102.937199     6.153       84.9    12777.8     -555.1      7.4      2.5      8.0 2023  2 14 20 23 16.320  1.0     0     0    15    17 -9.000  0.016   1
     6645  26.872530  102.959880    12.039     2337.3   -10122.8     5329.3     20.8     22.2     21.1 2023  2 14 21 11 56.540  3.3     0     0     4     1 -9.000  0.028   1
     6646  27.109159  102.858545     0.955    -7719.4    16096.2    -5754.5      8.6      5.5     10.0 2023  2 14 21 35 59.380  3.3     0     0     1     3 -9.000  0.001   1
     6672  27.103251  102.845703    12.644    -8994.2    15441.7     5934.7     18.8     14.7     15.4 2023  2 15  6 37 39.600  4.2     0     0     7     1 -9.000  0.044   1
     6679  27.107542  102.842285     9.732    -9333.1    15917.0     3022.2     35.4     21.9     23.5 2023  2 15 10 22 17.600  3.7     0     0     5     4 -9.000  0.043   1
     6691  26.866606  102.979761    17.713     4312.8   -10779.3    11003.7     15.9     11.7     13.1 2023  2 15 12 37 42.850  3.5     0     0     1     2 -9.000  0.023   1
     6703  27.110913  102.842619     5.352    -9300.1    16290.5    -1357.1     25.6     14.6     30.5 2023  2 15 15 17 29.630  3.1     0     0     4     2 -9.000  0.021   1
     6706  27.111304  102.846468     3.666    -8917.4    16333.8    -3043.4     45.0     33.5    119.5 2023  2 15 16 28  5.050  2.7     0     0     2     0 -9.000  0.009   1
     6719  26.832623  102.949178    15.248     1275.1   -14544.6     8538.5     23.0     18.1     21.3 2023  2 15 20 50 46.780  3.2     0     0     1     3 -9.000  0.016   1
     6723  27.068077  102.856226     7.001    -7950.8    11544.1      291.7     30.6     20.6     28.5 2023  2 15 22 10 54.280  3.5     0     0     5     1 -9.000  0.041   1
     6774  26.861292  102.819019     0.774   -11654.2   -11368.1    -5934.9      2.4      1.4      6.9 2023  2 16 20 43 16.600  0.8     0     0     6     3 -9.000  0.005   1
     6783  27.109772  102.828727    10.293   -10678.2    16164.2     3583.4     20.1     12.9     19.1 2023  2 17  0 14 51.000  3.8     0     0    10     7 -9.000  0.041   1
     6834  26.826630  102.960840    11.304     2433.3   -15208.8     4595.0     25.9     17.3     15.5 2023  2 17 23  0 31.040  4.1     0     0    30    16 -9.000  0.040   1
     7044  27.128715  102.828337     9.954   -10715.7    18263.1     3244.2     30.8     21.7     37.1 2023  2 21 10 20 53.720  4.7     0     0     3     2 -9.000  0.051   1
     7083  26.919187  102.904329     5.252    -3179.1    -4953.2    -1457.4     16.0     16.9     17.4 2023  2 21 23 18 39.780  4.7     0     0     7     1 -9.000  0.029   1
     7151  27.203912  102.819051    10.554   -11633.2    26595.1     3844.8     11.3     23.1     13.1 2023  2 22 19 25 29.720  4.1     0     0     9     6 -9.000  0.039   1
     7153  26.892122  102.890202    13.459    -4582.9    -7952.1     6750.1      4.1      2.9      2.1 2023  2 22 19 45 20.800  3.4     0     0     2     1 -9.000  0.000   1
     7177  26.797809  102.951204     2.527     1476.5   -18402.2    -4181.9      2.4      2.6      2.8 2023  2 23  9 23 16.090  1.7     0     0     8     6 -9.000  0.001   1
     7182  26.804976  102.910425    10.088    -2575.2   -17607.9     3378.4      1.7      1.0      1.2 2023  2 23 11 33 42.560  3.5     0     0     1     1 -9.000  0.000   1
     7186  27.107202  102.840763     0.932    -9483.8    15879.5    -5777.1      8.2      5.6     10.0 2023  2 23 14  5 41.170  3.0     0     0     1     3 -9.000  0.001   1
     7270  27.128239  103.110018    13.057    17231.2    18210.5     6347.2     35.7     37.5     42.9 2023  2 24 20  1 25.240  3.2     0     0     1     1 -9.000  0.000   1
     7290  27.205743  102.814437     9.080   -12090.7    26798.0     2370.9     27.0     25.7     37.3 2023  2 25  5 47 20.380  3.9     0     0     8     3 -9.000  0.036   1
     7332  26.856380  102.948836     7.197     1240.6   -11912.3      487.3     21.2     14.3     14.8 2023  2 25 17 28  3.340  3.7     0     0     9     5 -9.000  0.038   1
     7374  27.207648  102.808105    10.848   -12719.1    27009.2     4139.1     12.0     23.9     14.6 2023  2 26  2 50 36.020  5.0     0     0     9     5 -9.000  0.042   1
     7375  27.197013  102.830005     8.890   -10547.2    25830.7     2180.9     58.9     48.0     69.4 2023  2 26  2 54 34.340  4.3     0     0     4     3 -9.000  0.016   1
     7377  27.204140  102.812915     9.037   -12241.7    26620.4     2327.6     24.9     19.8     29.5 2023  2 26  3 56 47.460  4.3     0     0     6     5 -9.000  0.029   1
     7413  26.851050  102.946509     6.829     1009.9   -12502.9      119.2     15.5     13.6     23.6 2023  2 26 16 17  1.730  3.2     0     0    19     9 -9.000  0.039   1
     7429  27.059302  102.843896     7.331    -9175.1    10571.8      621.6     14.0     10.4     15.6 2023  2 26 22 17 28.580  3.0     0     0     5     2 -9.000  0.012   1
     7438  26.922565  102.924414     6.468    -1184.6    -4578.8     -241.0     19.8     19.4     17.0 2023  2 27  1 33 44.960  4.5     0     0    16     5 -9.000  0.056   1
     7446  26.859650  102.948494    10.716     1207.0   -11550.1     4007.0     24.9     20.2     21.3 2023  2 27  5 56 54.190  3.8     0     0    10     6 -9.000  0.056   1
     7483  26.834542  102.938981     7.832      262.3   -14332.1     1122.3     13.4     13.8     18.8 2023  2 27 20 25 39.080  3.9     0     0    10     8 -9.000  0.032   1
     7526  26.859778  102.926074    11.626    -1020.4   -11535.9     4916.6     17.6     17.0     16.5 2023  2 28 15 11  6.250  3.8     0     0     4     2 -9.000  0.035   1
     7544  26.864439  102.903402     8.590    -3272.3   -11019.3     1880.8     16.2     12.9     12.4 2023  2 28 21 24  5.440  3.6     0     0     5     2 -9.000  0.028   1
     7545  26.625262  103.007007     9.228     7026.3   -37520.9     2518.2     20.0     18.1     11.3 2023  2 28 21 42 45.800  4.3     0     0     3     1 -9.000  0.004   1
     7547  26.797072  102.951888     2.091     1544.7   -18483.8    -4617.4      4.8      3.7     10.9 2023  2 28 22 13 16.080  1.9     0     0    11     8 -9.000  0.003   1
     7574  26.850753  102.951335     6.727     1489.2   -12535.9       17.7     23.2     17.0     27.9 2023  3  1 10 42 47.170  3.7     0     0    12     9 -9.000  0.055   1
     7582  26.886947  102.919531    13.859    -1669.9    -8525.5     7149.7     22.8     18.8     16.5 2023  3  1 11 42 31.070  3.8     0     0     4     4 -9.000  0.030   1
     7583  26.857743  102.940698    10.172      432.5   -11761.3     3462.5     18.8     17.4     17.6 2023  3  1 11 57 26.170  4.0     0     0    40    19 -9.000  0.041   1
     7594  26.846680  102.965299     6.562     2876.3   -12987.1     -147.1     16.4     10.8     20.3 2023  3  1 16 21 47.940  3.1     0     0    16    12 -9.000  0.039   1
     7605  26.853534  102.955241    11.082     1877.3   -12227.8     4372.2     52.5     55.1     34.3 2023  3  1 21 29 18.520  3.4     0     0    11     3 -9.000  0.049   1
     7629  26.860935  102.821883     4.194   -11369.5   -11407.7    -2514.7      3.4      1.6     11.1 2023  3  2  9 46 36.600  1.5     0     0    13    13 -9.000  0.004   1
     7651  27.118921  102.913843    11.390    -2232.6    17177.8     4680.6    161.6    125.3    154.4 2023  3  2 16 21 30.800  3.4     0     0     1     1 -9.000  0.003   1
     7653  27.012368  102.815210     5.372   -12024.9     5371.5    -1337.2     48.4     43.3     59.5 2023  3  2 16 50 48.130  4.5     0     0     4     0 -9.000  0.033   1
     7662  26.794645  102.941504     2.079      512.4   -18752.8    -4629.0     16.0      9.1     11.2 2023  3  2 21 56 36.060  1.1     0     0     9     6 -9.000  0.009   1
     7666  26.859344  102.950203    12.442     1376.5   -11584.0     5732.7     17.1     14.9     17.0 2023  3  2 22 25 24.200  5.5     0     0    28    16 -9.000  0.047   1
     7671  26.854464  102.964998     8.039     2846.1   -12124.8     1329.1     20.2     17.1     26.8 2023  3  2 22 48 54.960  4.1     0     0    26    15 -9.000  0.048   1
     7696  26.860555  102.823722     4.474   -11187.2   -11449.7    -2234.4      2.3      1.3      6.6 2023  3  3 13 16 36.600  1.6     0     0     8     8 -9.000  0.004   1
     7697  26.860927  102.821891     4.193   -11368.8   -11408.5    -2515.2      3.0      1.2     10.9 2023  3  3 13 26 36.600  1.8     0     0    13    13 -9.000  0.004   1
     7701  26.864431  102.819840     3.488   -11572.8   -11020.3    -3220.0      4.0      2.8     10.9 2023  3  3 16 43 17.230  1.1     0     0     3     2 -9.000  0.001   1
     7709  26.822898  102.958545     9.467     2205.5   -15622.2     2757.5     19.1     18.3     30.8 2023  3  3 18 35 14.000  3.0     0     0    10     6 -9.000  0.052   1
     7755  27.143974  102.815715    10.625   -11967.6    19953.8     3915.1     22.2     12.3     25.5 2023  3  4 21  6 18.000  3.3     0     0     3     2 -9.000  0.031   1
     7763  26.865637  102.902572     9.363    -3354.2   -10886.6     2653.3     14.7     10.5      9.1 2023  3  5  3 25 55.960  3.2     0     0     6     2 -9.000  0.039   1
     7770  26.848181  102.965869     5.581     2933.0   -12820.8    -1127.9     12.4     12.2     21.1 2023  3  5  8 40 13.980  3.2     0     0     8     5 -9.000  0.038   1
     7783  26.864431  102.819816     2.885   -11575.0   -11020.2    -3823.6      4.0      2.7      5.6 2023  3  5 15 29 57.220  3.1     0     0     3     2 -9.000  0.001   1
     7785  26.857359  102.945076    10.618      867.2   -11803.9     3908.2     23.8     17.7     23.5 2023  3  5 15 55  1.420  3.8     0     0    39    11 -9.000  0.042   1
     7813  26.866368  102.955965    11.063     1948.7   -10805.8     4353.7     22.8     18.1     20.4 2023  3  6  3 24 59.830  3.4     0     0    26    16 -9.000  0.049   1
     7825  27.129425  102.806673    10.412   -12865.5    18341.8     3702.4     22.1     12.4     25.7 2023  3  6  7 11 15.890  4.7     0     0     3     2 -9.000  0.031   1
     7827  27.126552  102.869352     6.835    -6646.7    18023.5      125.9     24.2     13.4     27.0 2023  3  6  7 43  0.260  2.9     0     0     2     2 -9.000  0.031   1
     7839  27.062834  102.853011     8.567    -8270.6    10963.3     1857.2     17.7     12.0     18.3 2023  3  6 17  7 18.600  3.6     0     0     3     2 -9.000  0.020   1
     7853  26.843382  102.944027    12.051      763.2   -13352.5     5341.3     44.8     28.2     36.4 2023  3  6 20 48 46.300  6.5     0     0     7     4 -9.000  0.023   1
     7856  26.842029  102.977189     7.565     4057.2   -13502.6      856.0     23.8     17.7     33.1 2023  3  6 21  4 33.200  3.1     0     0    10     8 -9.000  0.047   1
     7859  26.875594  102.898926     8.872    -3716.5    -9783.5     2162.9     27.6     21.9     26.1 2023  3  6 21 24 19.720  3.2     0     0     7     4 -9.000  0.047   1
     7865  26.849333  102.935148    10.268     -119.2   -12693.2     3558.3     22.2     20.3     14.3 2023  3  6 21 58  3.400  3.6     0     0     9     1 -9.000  0.013   1
     7866  26.860828  102.914551     8.289    -2164.4   -11419.6     1579.7     25.6     16.6     22.2 2023  3  6 22 22 54.820  3.7     0     0    18    11 -9.000  0.057   1
     7871  26.848885  102.959001     6.641     2250.6   -12742.8      -68.1     24.2     18.4     24.8 2023  3  6 23 14 54.360  3.2     0     0     7     5 -9.000  0.048   1
     7873  26.866538  102.952669    10.457     1621.7   -10786.7     3747.2     18.0     12.7     19.5 2023  3  6 23 32 30.880  3.2     0     0    37    23 -9.000  0.037   1
     7875  26.848484  102.917993    12.481    -1822.8   -12787.2     5771.7     24.2     20.1     22.4 2023  3  6 23 42 50.040  3.6     0     0     4     4 -9.000  0.021   1
     7877  26.862038  102.971362    13.072     3478.7   -11285.4     6362.9     25.1     28.3     29.1 2023  3  6 23 51 23.960  4.2     0     0     7     7 -9.000  0.056   1
     7878  26.843319  102.917285     7.003    -1893.6   -13359.6      293.7     27.5     18.7     27.0 2023  3  7  0  4  1.920  4.0     0     0     8     4 -9.000  0.021   1
     7880  26.850226  102.930916    13.492     -539.5   -12594.3     6782.4     34.0     22.1     24.3 2023  3  7  0 14 26.030  4.0     0     0     2     1 -9.000  0.002   1
     7889  26.855725  102.952938     9.414     1648.4   -11985.0     2704.6     21.2     24.1     20.3 2023  3  7  1 31 59.050  3.9     0     0    20    16 -9.000  0.041   1
     7891  26.846737  102.954891    10.226     1842.6   -12981.0     3516.7     22.6     19.8     22.7 2023  3  7  2 24 31.590  4.5     0     0    22    10 -9.000  0.044   1
     7894  26.851725  102.923397     6.803    -1285.8   -12428.2       93.3     13.9      8.5     14.6 2023  3  7  3 21 32.450  3.8     0     0    23    10 -9.000  0.038   1
     7895  26.851609  102.962158    11.736     2564.6   -12441.1     5027.0     76.6     57.9     74.6 2023  3  7  3 41 31.660  4.4     0     0     3     2 -9.000  0.015   1
     7897  27.154307  103.110360     6.974    17262.8    21098.8      264.3     41.4     41.5     75.2 2023  3  7  4 18 49.540  3.9     0     0     3     1 -9.000  0.018   1
     7899  26.864197  102.928638     9.192     -765.6   -11046.2     2483.0     16.5     16.8     10.7 2023  3  7  4 37  7.010  3.8     0     0    14    11 -9.000  0.047   1
     7900  26.860911  102.961922    10.312     2540.8   -11410.2     3602.2     37.6     26.4     35.9 2023  3  7  4 41  1.830  3.8     0     0     5     3 -9.000  0.014   1
     7905  26.857424  102.959465     8.437     2296.7   -11796.8     1727.9     20.7     13.1     19.9 2023  3  7  5 48 34.900  3.9     0     0    10     6 -9.000  0.038   1
     7908  26.854541  102.967049    12.025     3050.2   -12116.2     5315.6     20.7     17.8     17.4 2023  3  7  7  3 58.650  4.7     0     0    22    18 -9.000  0.048   1
     7917  26.854871  102.940576    11.516      420.6   -12079.6     4807.0     30.4     28.2     27.5 2023  3  7  8 29 47.590  3.9     0     0    14     4 -9.000  0.037   1
     7918  26.853953  102.943270     6.419      687.9   -12181.2     -290.6     16.0     11.5     25.4 2023  3  7  9  0 10.340  3.6     0     0    16    15 -9.000  0.045   1
     7925  26.838251  102.895890    10.508    -4018.6   -13921.2     3798.9     36.1     16.7     17.0 2023  3  7 12  5  7.670  3.4     0     0     2     2 -9.000  0.023   1
     7935  26.857208  102.941341     9.677      496.2   -11820.6     2967.1     15.5     16.3     13.1 2023  3  7 14 38 37.060  4.7     0     0    37    20 -9.000  0.041   1
     7936  26.838033  102.970874    10.796     3430.5   -13945.3     4086.9     20.7     21.4     19.8 2023  3  7 14 40 28.790  5.5     0     0    10     7 -9.000  0.045   1
     7941  26.838076  102.968522     9.440     3196.7   -13940.5     2730.7     23.0     24.0     29.6 2023  3  7 15 16 57.950  5.0     0     0    12    10 -9.000  0.034   1
     7951  26.852307  102.978263     8.824     4163.9   -12363.6     2115.1     20.8     17.5     24.6 2023  3  7 19  1 47.320  3.7     0     0    11     4 -9.000  0.034   1
     7952  26.853156  102.947852     9.706     1143.0   -12269.7     2996.9     26.6     32.5     27.6 2023  3  7 19 34 57.680  3.8     0     0    20     1 -9.000  0.027   1
     7957  26.850641  102.969523    13.404     3295.7   -12548.2     6694.1     18.8     19.6     19.2 2023  3  7 21 13 56.400  4.6     0     0    17    12 -9.000  0.055   1
     7958  26.847247  102.980534     9.809     4389.4   -12924.4     3099.4     16.3     15.1     20.3 2023  3  7 21 21 37.800  5.0     0     0    16     5 -9.000  0.044   1
     7959  26.852563  102.959440     6.144     2294.3   -12335.2     -565.7     17.5     15.3     27.3 2023  3  7 21 31 15.800  3.7     0     0     4     3 -9.000  0.049   1
     7961  26.854948  102.955892     6.092     1941.4   -12071.0     -617.3     20.4     18.5     35.0 2023  3  7 21 37  4.480  3.4     0     0    14     7 -9.000  0.043   1
     7962  26.853001  102.966838    14.411     3029.3   -12286.8     7701.4     26.1     22.5     23.2 2023  3  7 21 44 29.500  5.0     0     0     9     5 -9.000  0.053   1
     7963  27.119932  102.878019    11.236    -5787.1    17290.0     4527.5      1.9      0.9      4.6 2023  3  7 21 49 56.680  2.0     0     0     2     3 -9.000  0.002   1
     7965  26.857920  102.937370     8.269      101.6   -11741.6     1559.3     20.6     16.8     27.0 2023  3  7 21 58 11.240  3.8     0     0    15     9 -9.000  0.064   1
     7967  26.871893  102.930965     9.982     -534.2   -10193.5     3272.4     17.0     17.1     11.0 2023  3  7 22 18  8.200  2.9     0     0    16    12 -9.000  0.031   1
     7972  26.842712  102.966406     6.251     2986.1   -13426.8     -458.3     20.3     15.1     26.3 2023  3  7 22 43 48.300  3.5     0     0    10     5 -9.000  0.037   1
     7973  26.870343  102.953532    12.135     1707.0   -10365.3     5425.7     11.8     14.4     11.0 2023  3  7 22 56 19.900  2.8     0     0     4     2 -9.000  0.041   1
     7978  26.931441  102.926896     8.149     -938.6    -3595.5     1439.4     36.3     30.4     20.4 2023  3  7 23 32 48.900  3.4     0     0     6     1 -9.000  0.048   1
     7981  26.856384  102.930094     9.181     -620.5   -11912.0     2471.1     15.4     13.8     19.5 2023  3  7 23 40 52.640  3.3     0     0    18    10 -9.000  0.040   1
     7984  26.862964  102.925903    12.535    -1037.3   -11182.9     5825.7     21.1     21.7     19.0 2023  3  8  0 24 24.290  3.9     0     0     2     1 -9.000  0.007   1
     7987  26.863534  102.918042    13.340    -1818.0   -11119.7     6630.2     20.9     19.8     17.0 2023  3  8  0 57 16.840  4.4     0     0     9     5 -9.000  0.032   1
     7990  26.860937  102.821794     4.131   -11378.9   -11407.4    -2577.6      3.9      1.3     12.3 2023  3  8  2 36 36.600  2.5     0     0    16    15 -9.000  0.004   1
     7991  26.847054  102.972135    10.178     3555.2   -12945.8     3468.6     22.2     25.8     28.9 2023  3  8  3  2 53.730  4.3     0     0     5     2 -9.000  0.033   1
     7998  26.852376  102.977482     8.525     4086.6   -12355.9     1815.4     17.0     14.4     23.0 2023  3  8  4 57 33.940  4.1     0     0    20    11 -9.000  0.040   1
     7999  26.853400  102.948210     9.248     1178.6   -12242.6     2538.4     21.5     16.7     19.7 2023  3  8  5 35 56.710  3.8     0     0    15     2 -9.000  0.042   1
     8001  26.848234  102.994710     7.365     5798.2   -12814.9      655.9     16.8     13.7     28.7 2023  3  8  5 58 31.450  3.9     0     0     4     2 -9.000  0.025   1
     8005  26.851717  102.949251     9.733     1282.1   -12429.0     3023.8     30.8     22.2     18.8 2023  3  8  7 58 32.550  4.1     0     0     6    14 -9.000  0.046   1
     8006  26.863704  102.966471    10.684     2992.4   -11100.8     3974.8     33.9     27.4     30.0 2023  3  8  8 34 31.870  3.2     0     0     6     6 -9.000  0.048   1
     8009  26.847591  102.926571     7.585     -970.7   -12886.2      875.1     14.2     11.3     16.0 2023  3  8  9 54 43.010  3.8     0     0     7     3 -9.000  0.027   1
     8010  26.849829  102.977848    11.713     4123.2   -12638.3     5003.5     22.2     20.2     27.2 2023  3  8 10 17 27.190  3.4     0     0     4     6 -9.000  0.031   1
     8014  26.862740  102.972493    12.630     3590.9   -11207.6     5920.4     21.3     20.4     17.2 2023  3  8 10 57 26.200  3.9     0     0     8     5 -9.000  0.037   1
     8017  26.854055  102.977295    10.508     4067.8   -12169.9     3798.7     24.4     21.2     20.1 2023  3  8 11 16  2.650  5.1     0     0     7     5 -9.000  0.034   1
     8018  26.865025  102.949479    12.902     1304.7   -10954.5     6192.9     12.5     14.1     10.4 2023  3  8 11 18  4.450  3.6     0     0     4     2 -9.000  0.010   1
     8024  26.851851  102.975513    12.613     3890.7   -12414.1     5903.7     15.1     16.3     15.1 2023  3  8 12 16  0.100  3.8     0     0    15    14 -9.000  0.039   1
     8028  26.849127  102.912028     6.834    -2415.6   -12715.9      124.9     33.1     25.4     35.3 2023  3  8 13 18 43.510  4.7     0     0     3     1 -9.000  0.061   1
     8032  26.863171  102.974251     8.127     3765.7   -11159.9     1417.4     22.9     22.5     31.5 2023  3  8 14 11 31.160  3.8     0     0     4     3 -9.000  0.039   1
     8034  26.867063  102.943001    12.435      661.3   -10728.7     5725.9     17.2     16.8     13.1 2023  3  8 14 20 24.250  3.6     0     0    12     4 -9.000  0.035   1
     8036  26.858256  102.932926    14.728     -339.1   -11704.4     8018.6     12.4      8.1     11.7 2023  3  8 14 27 34.350  3.7     0     0     2     1 -9.000  0.007   1
     8040  26.856342  102.920028    11.565    -1620.5   -11916.7     4855.1     20.7     17.1     15.4 2023  3  8 15 16  6.700  3.0     0     0    15     8 -9.000  0.042   1
     8041  26.858073  102.927889    11.062     -840.0   -11724.9     4352.6     22.2     21.0     17.1 2023  3  8 15 29 18.960  3.2     0     0     4     2 -9.000  0.047   1
     8045  26.867668  102.986230    12.269     4955.2   -10661.7     5559.6     29.3     18.8     28.1 2023  3  8 16 15 45.510  3.5     0     0     2     2 -9.000  0.061   1
     8048  27.126103  102.836279     6.617    -9928.4    17973.8      -92.3     38.4     29.8     39.6 2023  3  8 16 47  0.040  4.6     0     0     4     0 -9.000  0.052   1
     8052  26.854470  102.929858     6.791     -644.1   -12124.1       81.7     15.3     12.2     14.6 2023  3  8 17 18 39.640  3.5     0     0    12     6 -9.000  0.045   1
     8055  26.853906  102.941659    13.371      528.2   -12186.4     6661.9     25.8     16.0     19.5 2023  3  8 17 31 51.800  3.5     0     0     4     2 -9.000  0.026   1
     8060  26.797795  102.951237     2.556     1479.5   -18403.7    -4152.0      2.0      2.5      3.8 2023  3  8 18  3 16.080  3.2     0     0    15    12 -9.000  0.004   1
     8069  26.853933  102.934814    12.856     -151.9   -12183.6     6146.8     20.4     17.3     16.3 2023  3  8 18 45 27.540  3.1     0     0    15     9 -9.000  0.033   1
     8076  26.851774  102.910465     6.379    -2570.9   -12422.6     -330.9     31.1     20.6     23.2 2023  3  8 19 33  4.980  3.3     0     0     6     3 -9.000  0.026   1
     8077  26.870253  102.896444    16.220    -3962.9   -10375.2     9510.4      6.2      3.9      7.0 2023  3  8 19 41 40.680  4.8     0     0     1     3 -9.000  0.004   1
     8083  26.853306  102.913330     8.053    -2286.5   -12253.0     1343.1     22.1     15.8     18.9 2023  3  8 20 22 49.920  3.6     0     0    10     4 -9.000  0.057   1
     8086  26.864927  102.876139     4.920    -5980.6   -10965.2    -1789.3     37.7     28.9     41.3 2023  3  8 20 54 12.340  2.7     0     0     1     3 -9.000  0.048   1
     8088  26.843937  102.935954     6.713      -38.9   -13291.1        3.4     25.8     19.1     34.6 2023  3  8 21  9 16.720  3.6     0     0    11     8 -9.000  0.042   1
     8091  26.852970  102.945711     7.999      930.1   -12290.1     1289.2     14.9     13.6     17.9 2023  3  8 22  6  3.880  3.2     0     0    17     9 -9.000  0.053   1
     8092  26.859316  102.917977    12.013    -1824.5   -11587.0     5303.8     23.8     18.5     19.2 2023  3  8 22 12 10.060  4.3     0     0    13     7 -9.000  0.046   1
     8095  26.862528  102.961906     8.126     2539.1   -11231.1     1416.2     36.4     29.1     35.3 2023  3  8 22 33 59.480  2.8     0     0     1     2 -9.000  0.020   1
     8096  26.852590  102.975610    13.077     3900.5   -12332.2     6368.0     19.1     15.2     16.0 2023  3  8 22 37 22.840  5.7     0     0     8     8 -9.000  0.036   1
     8099  26.846771  102.938957    10.344      259.5   -12977.1     3634.5     37.5     23.9     29.9 2023  3  8 22 53 20.280  4.7     0     0     8     0 -9.000  0.029   1
     8101  26.875527  102.919084    12.012    -1714.6    -9790.9     5303.0     32.7     24.8     26.5 2023  3  8 23  6  0.800  3.6     0     0     8     6 -9.000  0.049   1
     8103  26.849888  102.966097     8.694     2955.8   -12631.8     1984.1     27.1     12.0     33.4 2023  3  8 23 12 30.580  4.0     0     0     4     5 -9.000  0.044   1
     8105  26.853261  102.927913     8.659     -837.6   -12257.9     1949.1     14.9     15.8     19.0 2023  3  8 23 18 10.400  4.0     0     0    21    10 -9.000  0.054   1
     8107  26.860181  102.996029    13.123     5928.8   -11491.2     6413.7     18.7     17.9     16.3 2023  3  8 23 45 23.120  3.7     0     0     3     4 -9.000  0.055   1
     8108  26.842800  102.923470     8.953    -1278.6   -13417.1     2243.6     15.6     11.2     13.9 2023  3  8 23 46 48.460  3.9     0     0     7     3 -9.000  0.047   1
     8110  26.844641  102.986466     8.645     4978.7   -13213.0     1935.8     17.5     13.4     28.1 2023  3  9  0 11 32.840  3.8     0     0    20    11 -9.000  0.038   1
     8111  26.846375  102.937166     9.277       81.6   -13021.0     2567.9     19.7     16.4     19.6 2023  3  9  0 20 14.370  4.3     0     0     9     5 -9.000  0.039   1
     8112  26.861812  102.972941    17.635     3634.8   -11310.5    10925.3     15.9     12.0     13.0 2023  3  9  0 23 49.560  4.3     0     0     1     2 -9.000  0.023   1
     8127  26.863464  102.979679    12.745     4304.2   -11127.4     6035.2     36.1     29.6     28.3 2023  3  9  5 38 49.280  3.6     0     0     6     4 -9.000  0.060   1
     8131  26.885101  102.878776    10.725    -5718.1    -8729.9     4015.2      1.7      1.4      1.3 2023  3  9  6 15  1.920  4.2     0     0     1     1 -9.000  0.000   1
     8132  26.867489  102.952791     7.543     1633.3   -10681.6      833.5     20.1     15.2     19.5 2023  3  9  6 15 57.580  3.8     0     0    10     5 -9.000  0.033   1
     8135  26.859902  102.966699     9.021     3014.8   -11522.0     2311.1     15.2     12.0     19.3 2023  3  9  6 32  3.490  4.6     0     0    12     8 -9.000  0.046   1
     8136  26.836448  102.962996     8.559     2648.0   -14120.8     1849.6     39.1     20.4     24.3 2023  3  9  6 38 46.780  4.4     0     0     3     1 -9.000  0.024   1
     8137  26.858830  102.957992     9.424     2150.0   -11640.8     2714.9     24.9     24.6     18.0 2023  3  9  6 45 48.780  4.3     0     0    37    24 -9.000  0.042   1
     8140  26.849858  102.949756     3.818     1332.2   -12635.0    -2891.4     21.3     20.5     38.0 2023  3  9  7  8 25.370  3.4     0     0     4     4 -9.000  0.050   1
     8144  26.860238  102.941382    10.638      500.3   -11485.0     3928.5     19.6     12.4     22.4 2023  3  9  7 34 41.280  4.7     0     0     2     2 -9.000  0.031   1
     8145  26.865938  102.950602    10.198     1416.3   -10853.3     3488.5     22.0     17.9     21.0 2023  3  9  7 45 48.840  3.7     0     0    34    19 -9.000  0.048   1
     8146  26.861326  102.971395     9.461     3481.7   -11364.3     2751.6     22.9     28.8     27.8 2023  3  9  7 50 26.150  4.2     0     0    12     6 -9.000  0.047   1
     8147  26.845520  102.976497    11.100     3988.4   -13115.8     4390.5     27.8     18.5     32.5 2023  3  9  8  5  8.460  5.2     0     0     6     5 -9.000  0.043   1
     8150  26.855882  102.937793     9.039      144.0   -11967.5     2329.7     36.0     23.4     21.2 2023  3  9  8 35  7.290  3.8     0     0    12     3 -9.000  0.036   1
     8151  26.857463  102.930273     5.325     -602.9   -11792.5    -1384.1     32.2     25.1     49.9 2023  3  9  8 52 12.380  3.5     0     0     4     1 -9.000  0.028   1
     8154  26.859599  102.974552     9.812     3794.9   -11555.7     3102.6     26.0     26.7     24.5 2023  3  9  9  0 32.320  4.4     0     0    15     8 -9.000  0.047   1
     8155  26.853453  102.970532     6.786     3395.7   -12236.7       76.6     29.0     25.6     30.7 2023  3  9  9  4 20.880  3.9     0     0     9     9 -9.000  0.039   1
     8156  26.854502  102.944352     6.923      795.3   -12120.4      213.4     17.9     12.8     25.2 2023  3  9  9 17 11.790  4.6     0     0    13    10 -9.000  0.047   1
     8164  27.117413  102.848535     7.661    -8712.2    17010.9      951.5     18.9     14.5     30.9 2023  3  9 10 41  7.180  4.8     0     0     8     3 -9.000  0.035   1
     8165  26.861532  102.924919    10.796    -1135.2   -11341.5     4087.1     24.0     21.6     20.9 2023  3  9 10 47 38.330  4.0     0     0     4     1 -9.000  0.032   1
     8167  26.855516  102.929321     4.612     -697.3   -12008.1    -2097.6     30.7     29.9     58.0 2023  3  9 10 55  9.970  3.2     0     0     1     1 -9.000  0.014   1
     8168  26.867961  102.960319    10.692     2381.0   -10629.3     3982.8     27.0     21.1     23.2 2023  3  9 11 29 19.350  3.7     0     0     8     3 -9.000  0.058   1
     8182  26.854460  102.948128     6.483     1170.6   -12125.1     -226.6     18.3     12.9     25.0 2023  3  9 12 37 22.580  3.5     0     0     7     8 -9.000  0.039   1
     8184  26.864541  102.922754     7.877    -1350.2   -11008.1     1167.2      7.6      4.0     10.2 2023  3  9 12 47 42.030  3.1     0     0     1     2 -9.000  0.004   1
     8189  26.863047  102.931340    12.706     -497.2   -11173.7     5996.2     26.1     19.2     19.5 2023  3  9 14  4  0.120  3.2     0     0    12     5 -9.000  0.032   1
     8191  26.843937  102.984627     9.892     4796.1   -13291.0     3182.9     13.5     17.2     20.6 2023  3  9 14 21 16.440  3.5     0     0    15     8 -9.000  0.049   1
     8206  26.853961  102.873576     8.037    -6235.2   -12180.4     1327.9      2.1      3.0      8.4 2023  3  9 19  9 13.960  4.6     0     0     1     3 -9.000  0.001   1
     8210  26.856862  102.980086    14.903     4345.1   -11859.0     8193.4     36.6     25.1     28.6 2023  3  9 20  3 57.760  3.3     0     0     4     3 -9.000  0.039   1
     8211  26.851013  102.941187     9.929      480.7   -12507.0     3219.9     16.0     16.0     18.2 2023  3  9 20 12 33.100  3.2     0     0    41    23 -9.000  0.043   1
     8214  26.858046  102.937118    12.236       76.6   -11727.8     5526.2     22.6     15.4     15.9 2023  3  9 20 28 34.160  4.3     0     0    20    12 -9.000  0.031   1
     8217  26.852486  102.943058    10.398      667.1   -12343.7     3688.3     15.5     15.6     14.9 2023  3  9 20 49  9.860  3.8     0     0    28    10 -9.000  0.040   1
     8220  26.852094  102.943587    11.144      719.1   -12387.4     4434.7     16.4     13.7     15.5 2023  3  9 20 59 26.880  3.6     0     0     7     6 -9.000  0.040   1
     8222  26.865739  102.964608    11.776     2807.5   -10875.4     5066.7     16.6     17.9     15.2 2023  3  9 21  6 49.400  5.5     0     0    21     8 -9.000  0.047   1
     8225  26.890057  102.858521     5.005    -7729.1    -8180.7    -1704.3     24.1     18.0     27.7 2023  3  9 21 21 14.320  2.9     0     0     2     3 -9.000  0.058   1
     8226  26.845858  102.945532    10.896      912.7   -13078.2     4186.4     19.9     17.7     18.3 2023  3  9 21 23 54.960  3.3     0     0     4     2 -9.000  0.007   1
     8229  26.856641  102.942269     9.657      588.2   -11883.4     2947.1     24.9     17.3     21.5 2023  3  9 21 36  5.600  4.2     0     0     4     3 -9.000  0.046   1
     8230  26.861434  102.939689    14.904      332.6   -11352.5     8194.3     11.3      8.2     11.8 2023  3  9 21 40 47.780  3.3     0     0     2     1 -9.000  0.007   1
     8232  26.846720  102.974927     9.896     3832.9   -12982.8     3186.8     17.2     10.7     18.8 2023  3  9 21 46 60.000  3.1     0     0    24     6 -9.000  0.034   1
     8238  26.867255  102.912573     8.266    -2361.3   -10707.3     1556.8      7.9      4.1      9.6 2023  3  9 22 21 41.640  3.2     0     0     1     2 -9.000  0.004   1
     8242  26.850419  102.967855     8.810     3129.8   -12572.9     2101.0     22.1     15.8     23.9 2023  3  9 22 48 34.080  4.1     0     0    18     6 -9.000  0.032   1
     8249  26.862097  102.934269    11.607     -206.1   -11278.9     4897.4     28.9     21.1     18.1 2023  3 10  0 20 44.950  5.9     0     0    15     5 -9.000  0.039   1
     8252  26.850362  102.943424     9.323      703.6   -12579.1     2613.7     20.8     17.5     30.8 2023  3 10  0 50 10.710  4.5     0     0     9     5 -9.000  0.044   1
     8253  26.870996  102.952783     8.453     1633.1   -10292.8     1743.4     19.7     20.0     19.5 2023  3 10  1  0 57.730  3.6     0     0     8    11 -9.000  0.053   1
     8255  26.855353  102.970280    14.402     3371.3   -12026.2     7692.2     27.0     19.3     26.4 2023  3 10  1 32 16.860  4.9     0     0    12     6 -9.000  0.048   1
     8257  26.850987  102.933358     9.611     -296.5   -12509.9     2901.9     18.8     21.3     29.3 2023  3 10  1 49 34.370  3.2     0     0     6     6 -9.000  0.052   1
     8259  26.863641  102.956567    10.813     2009.0   -11107.8     4103.2     18.7     17.4     13.8 2023  3 10  1 58 31.470  3.0     0     0    30    18 -9.000  0.033   1
     8262  26.864421  102.900342     7.735    -3576.4   -11021.5     1025.3     23.4     16.6     20.9 2023  3 10  2 51 15.510  3.8     0     0     9     5 -9.000  0.047   1
     8266  26.847192  102.960799     8.710     2429.3   -12930.5     2001.0     22.2     24.6     28.4 2023  3 10  3 17 29.250  3.3     0     0     8     8 -9.000  0.043   1
     8269  26.861367  102.926400    10.222     -988.1   -11359.8     3513.0     16.1     21.6     14.2 2023  3 10  3 35  0.230  3.7     0     0     6     3 -9.000  0.051   1
     8270  26.843520  102.924740     7.612    -1152.9   -13337.3      902.6     16.3     12.1     18.7 2023  3 10  3 57 59.930  3.8     0     0     3     1 -9.000  0.019   1
     8273  26.858761  102.962915     6.191     2639.7   -11648.5     -518.3     25.5     17.0     30.5 2023  3 10  5 16 46.140  3.4     0     0     8     6 -9.000  0.039   1
     8274  26.870664  102.936670     9.365       32.0   -10329.7     2655.6     24.5     17.2     19.1 2023  3 10  5 39 33.910  3.2     0     0    14     2 -9.000  0.027   1
     8278  26.868331  102.944808    10.252      840.7   -10588.1     3542.9     16.5     14.2     14.3 2023  3 10  6 35 52.530  3.7     0     0    43    26 -9.000  0.033   1
     8283  26.857056  102.933529     9.965     -279.7   -11837.4     3255.5     24.2     19.2     14.4 2023  3 10  7 38 58.260  3.4     0     0    27    13 -9.000  0.040   1
     8292  26.874148  102.885254     7.383    -5075.0    -9943.6      673.9     14.6     10.4     17.2 2023  3 10 10 18  1.900  3.2     0     0     2     2 -9.000  0.010   1
     8295  26.846008  102.985205     8.425     4853.6   -13061.7     1715.4     18.7     14.1     26.4 2023  3 10 11 21 23.380  3.7     0     0    17     7 -9.000  0.046   1
     8296  26.853636  102.951237    12.460     1479.4   -12216.5     5750.9     22.6     21.2     14.9 2023  3 10 12 19 19.310  3.8     0     0     9     3 -9.000  0.029   1
     8299  26.838519  102.957308    11.855     2082.5   -13891.3     5145.6     19.2     21.9     26.9 2023  3 10 13 19 21.930  4.4     0     0    19    10 -9.000  0.051   1
     8303  26.900313  102.896183    12.884    -3988.6    -7044.5     6174.5      4.2      2.8      2.0 2023  3 10 14 11 46.060  3.1     0     0     2     1 -9.000  0.000   1
     8306  26.863279  102.938525     9.496      216.8   -11148.0     2786.8     20.5     19.2     15.5 2023  3 10 14 54 39.550  3.0     0     0     7     3 -9.000  0.056   1
     8311  26.846897  102.915356    13.065    -2084.7   -12963.1     6355.7     25.0     22.1     26.8 2023  3 10 16 13 27.700  4.2     0     0     3     2 -9.000  0.009   1
     8318  27.033480  102.886678     8.956    -4929.4     7710.7     2246.6     68.0     24.6     31.0 2023  3 10 18  8  4.120  5.1     0     0     5     4 -9.000  0.046   1
     8322  26.854401  102.863387     7.642    -7247.6   -12131.6      933.1      1.7      3.1      9.2 2023  3 10 18 44 12.160  3.2     0     0     1     3 -9.000  0.001   1
     8326  27.038082  102.893245     4.315    -4277.9     8220.8    -2394.0     34.6     17.8     23.6 2023  3 10 18 54 26.660  4.2     0     0     3     2 -9.000  0.054   1
     8327  27.038871  102.903817     6.994    -3228.8     8308.3      284.4     31.5     22.2     24.2 2023  3 10 18 57 22.520  4.0     0     0     5     6 -9.000  0.027   1
     8328  27.019430  102.890454     8.204    -4554.9     6154.0     1494.5     29.7     15.5     18.0 2023  3 10 19  2 23.420  3.6     0     0     9     4 -9.000  0.039   1
     8329  27.029830  102.894222     6.913    -4180.7     7306.4      203.8     19.3     11.5     11.9 2023  3 10 19  5 56.400  3.5     0     0    12     6 -9.000  0.028   1
     8330  27.039860  102.902026     4.750    -3406.5     8417.7    -1959.6     32.5     18.0     23.3 2023  3 10 19  8  6.500  3.5     0     0     3     2 -9.000  0.054   1
     8334  26.869743  102.922323     9.286    -1392.4   -10431.7     2576.7     23.0     14.3     13.1 2023  3 10 19 42 53.960  3.4     0     0    12     6 -9.000  0.025   1
     8337  27.027401  102.898633     6.791    -3743.3     7037.1       81.9     26.1     16.2     11.7 2023  3 10 19 55 36.400  3.6     0     0    10     5 -9.000  0.028   1
     8340  26.855607  102.964876     5.291     2834.1   -11998.1    -1418.4     40.0     31.1     53.1 2023  3 10 20 14 21.600  3.7     0     0     2     3 -9.000  0.044   1
     8341  27.044979  102.907609     8.000    -2852.3     8984.9     1290.4     37.7     29.6     28.0 2023  3 10 20 18 50.880  3.5     0     0     1     1 -9.000  0.016   1
     8342  27.026239  102.897835     7.526    -3822.1     6908.4      816.9     21.0     13.6      8.9 2023  3 10 20 25 38.040  4.2     0     0    14     2 -9.000  0.024   1
     8348  26.858236  102.946110     8.199      969.9   -11706.8     1489.7     24.4     17.5     30.8 2023  3 10 21  1 10.820  3.8     0     0    10     6 -9.000  0.048   1
     8351  26.848706  102.966300     4.729     2975.4   -12762.6    -1980.0     14.6     14.6     27.0 2023  3 10 21 25  8.780  3.5     0     0     6     5 -9.000  0.051   1
     8352  26.850871  102.922917     7.112    -1334.3   -12522.7      402.3     15.8     14.8     25.9 2023  3 10 21 37 59.640  3.4     0     0    10     5 -9.000  0.057   1
     8359  26.855497  102.949382     7.968     1294.9   -12010.1     1258.1     19.4     18.7     21.4 2023  3 10 22 15  6.000  3.3     0     0    23    11 -9.000  0.046   1
     8360  27.117617  102.853377     9.869    -8231.6    17033.5     3159.9     30.5     21.7     21.9 2023  3 10 22 20 47.780  3.8     0     0     1     2 -9.000  0.001   1
     8361  26.865045  102.941016    10.972      463.8   -10952.3     4263.0     25.3     19.6     19.7 2023  3 10 22 47  7.000  2.6     0     0    30    14 -9.000  0.033   1
     8367  27.092668  102.872233     7.704    -6361.9    14268.9      994.2      3.3      2.0      3.3 2023  3 10 23  3 54.240  3.1     0     0     1     2 -9.000  0.000   1
     8368  26.863479  102.937630     5.945      127.4   -11125.9     -764.9     26.4     18.6     39.2 2023  3 10 23 16  7.960  3.8     0     0    11    10 -9.000  0.038   1
     8369  26.866593  102.956934     7.931     2044.7   -10780.7     1221.7     28.3     22.4     28.5 2023  3 10 23 23 55.520  3.7     0     0     6     5 -9.000  0.058   1
     8387  26.858488  102.976457     8.408     3984.2   -11678.9     1698.4     21.2     16.5     31.4 2023  3 11 12 29 14.010  3.8     0     0     3     1 -9.000  0.038   1
     8389  26.853524  102.940348    10.698      397.6   -12228.9     3989.0     19.5     10.5     23.0 2023  3 11 13  1 44.590  3.6     0     0     4     5 -9.000  0.044   1
     8396  27.097180  102.833171     5.855   -10237.8    14769.1     -854.8     24.1     14.7     25.9 2023  3 11 14 41 36.280  3.2     0     0     2     2 -9.000  0.025   1
     8415  26.875494  102.861589     4.726    -7425.2    -9794.3    -1983.5     24.6     17.1     29.4 2023  3 11 21  1 59.360  3.0     0     0     3     6 -9.000  0.054   1
     8425  27.166172  103.117220     6.280    17942.5    22413.5     -429.5     40.7     41.5     80.1 2023  3 11 23 30 29.900  5.2     0     0     3     1 -9.000  0.018   1
     8433  26.836582  102.925846    12.197    -1042.9   -14106.1     5487.4     19.3     13.7     15.2 2023  3 12  1 19  0.180  4.4     0     0     6     4 -9.000  0.037   1
     8448  26.985506  102.895614     5.806    -4043.4     2395.1     -903.7     19.5     25.3     15.8 2023  3 12  7 30 14.880  4.3     0     0     2     0 -9.000  0.002   1
     8451  26.846743  102.948193     8.803     1177.1   -12980.3     2093.8     24.0     19.4     26.0 2023  3 12  8 12 14.030  3.9     0     0    19     6 -9.000  0.045   1
     8456  26.962974  102.915820     4.172    -2038.1     -101.4    -2537.4     26.1     28.8     16.4 2023  3 12  9 34 52.820  3.1     0     0     6     1 -9.000  0.006   1
     8477  26.870288  102.888013    11.080    -4800.8   -10371.4     4371.0      1.7      1.3      1.3 2023  3 12 15 10  5.500  3.7     0     0     1     1 -9.000  0.000   1
     8482  26.865523  102.922021     7.108    -1423.0   -10899.2      398.5     25.7     21.9     25.5 2023  3 12 16  1 19.490  2.8     0     0    15     6 -9.000  0.048   1
     8484  26.841705  102.923210     8.461    -1305.2   -13538.3     1751.4     36.4     28.4     32.2 2023  3 12 16 51 30.830  2.8     0     0     7     1 -9.000  0.036   1
     8490  26.865017  102.924276    11.853    -1198.8   -10955.4     5144.0     13.3     13.8     12.9 2023  3 12 19  9 25.300  3.5     0     0    15     7 -9.000  0.037   1
     8503  26.886552  102.908675    12.779    -2747.8    -8569.3     6069.1     35.6     27.8     18.5 2023  3 12 21 27  7.280  3.4     0     0     2     2 -9.000  0.024   1
      291  26.693107  103.107650     0.487     1346.3     -223.4     -511.9    499.6    480.2    739.2 2022  9  3 13 29 19.250  2.7     0     0     2    10 -9.000  0.503   2
     1066  26.685229  103.124748     0.935     3047.9    -1096.2      -64.5    421.4    515.1    514.3 2022  9 28 20 50 44.040  1.5     0     0     4     9 -9.000  0.328   2
     1654  26.694729  103.117676     0.141     2343.7      -43.8     -858.2    608.0    466.0    683.6 2022 10 17  6 27 44.510  2.6     0     0     4    11 -9.000  0.382   2
     5779  26.698625  103.103076     0.703      890.6      388.1     -295.7    701.5    680.8    909.9 2023  2  4 20 33 16.460  0.1     0     0     5     7 -9.000  0.591   2
     6242  26.687496  103.109416     0.869     1521.9     -845.1     -130.2    594.8    354.5    667.1 2023  2 10  0 26 35.850  1.4     0     0     3    11 -9.000  0.410   2
     1288  26.897268  103.162061     0.505     3562.8     -895.6    -2156.5     46.7     41.2     60.0 2022 10  5  6 51 23.950  3.2     0     0     1     2 -9.000  0.181   3
     1598  26.934572  103.109473     0.960    -1661.1     3237.7    -1701.4     27.6     21.0     32.2 2022 10 15  6 43 42.760  3.7     0     0     0     1 -9.000  0.040   3
     3950  26.913430  103.126042     0.849      -15.3      895.2    -1812.7     64.6     70.0    135.6 2023  1 15 23 45 28.440  3.8     0     0     1     3 -9.000  0.471   3
     4128  26.924434  103.114705     1.718    -1141.1     2114.5     -943.0     26.9     21.2    105.2 2023  1 17 18 26 33.680  3.0     0     0     1     4 -9.000  0.421   3
     4837  26.910850  103.169808     0.221     4332.3      609.3    -2440.7     45.6     39.5     59.1 2023  1 25 18 32 16.920  1.9     0     0     1     2 -9.000  0.181   3
       17  26.970433  102.936466     1.679    -1236.6    -1552.2      679.5    240.8    200.6    284.5 2022  8 24 19 43 12.880  2.0     0     0     5     4 -9.000  0.104   4
      247  26.998716  102.951221     1.530      228.0     1581.9      531.4    297.4    231.8    363.2 2022  9  2  8 36  2.680  3.1     0     0     5     7 -9.000  0.145   4
      704  26.971997  102.957902     2.850      891.1    -1378.7     1850.5    204.2    196.1    277.5 2022  9 16 11 33 13.480  2.3     0     0     1     2 -9.000  0.140   4
     1372  27.007597  102.964966     0.501     1592.4     2565.9     -497.7    199.8    133.0    229.9 2022 10  7 19 56 32.560  1.3     0     0     3     4 -9.000  0.048   4
     1517  26.973179  102.944531     0.462     -435.9    -1247.7     -536.6    193.0    247.3    296.7 2022 10 12 18 46 32.960  0.5     0     0     5     4 -9.000  0.117   4
     1675  26.994891  102.939168     0.777     -968.9     1157.9     -221.6    185.8    146.8    209.6 2022 10 17 19 43 12.380  1.3     0     0     7     6 -9.000  0.106   4
     1966  26.992027  102.932316     0.023    -1649.0      840.7     -976.1    159.2    133.3    190.3 2022 10 27 20 13 12.260  1.2     0     0     5     4 -9.000  0.077   4
     2088  26.998299  102.944564     0.414     -433.0     1535.7     -584.8    205.8    146.6    230.9 2022 10 31 15 53 12.360  2.0     0     0     8     6 -9.000  0.112   4
     3929  27.006234  102.966650     1.768     1759.1     2414.7      769.4    204.3    136.3    253.5 2023  1 15 19 56 32.620  2.2     0     0     4     5 -9.000  0.075   4
     5595  26.974559  102.948315     1.132      -60.3    -1094.9      133.1    186.4    202.8    545.1 2023  2  2 17 56 33.080  1.6     0     0     5     6 -9.000  0.106   4
     2536  26.840320  102.881616     0.365       25.8      106.6     -633.6    499.3    678.0    810.5 2023  1  1  9 39 55.850  2.4     0     0     1     5 -9.000  0.212   5
     5142  26.831047  102.876156     0.204     -516.8     -920.8     -795.2    658.7    930.0   1280.4 2023  1 28 20 26 15.240  1.1     0     0     0     4 -9.000  0.358   5
     6314  26.846606  102.878735     0.915     -260.5      803.1      -83.5    583.4    733.3    892.8 2023  2 10 18 29 55.960  0.2     0     0     1     5 -9.000  0.308   5
      340  27.067550  102.848047     0.950      507.0    -1515.6      -49.1      4.4      3.5      3.0 2022  9  4 23  3 16.560  1.8     0     0    10     8 -9.000  0.052   6
      487  27.083199  102.854297  4041.320     1127.1      218.5  4040320.8      8.1      8.4  11256.5 2022  9  9  8 36 36.300  1.5     0     0     9     8 -9.000  0.062   6
      652  27.067645  102.847762     0.984      479.0    -1505.0      -15.5      4.5      4.7      7.2 2022  9 14 19 53 16.560  1.3     0     0    10     8 -9.000  0.053   6
     1503  27.067570  102.847925     0.915      494.5    -1513.4      -83.9      1.6      4.3      8.0 2022 10 12  9 23 16.560  1.4     0     0    10     8 -9.000  0.052   6
     4262  27.083254  102.855135     0.713     1210.0      224.6     -286.3      8.1      8.3     10.4 2023  1 19  1 43 16.260  2.3     0     0     9     8 -9.000  0.071   6
     1603  26.879148  103.008455     0.363     -914.4       71.7     -636.3     89.0    101.3    111.5 2022 10 15 12 16 36.240  0.9     0     0     1     2 -9.000  0.115   7
     6077  26.868044  103.011621     0.972     -599.8    -1158.7      -27.5     88.6    106.6    111.5 2023  2  8  2  6 36.540  0.3     0     0     1     2 -9.000  0.115   7
     1638  26.865889  103.034131     0.965      679.4      519.6      -34.4      0.2      0.4      0.4 2022 10 16 16 33 16.820  1.1     0     0     2     3 -9.000  0.001   8
     1896  26.865934  103.034139     0.968      679.8      524.7      -31.1      0.2      0.4      0.4 2022 10 24 14  6 36.820  1.5     0     0     2     3 -9.000  0.001   8
     5001  26.931333  102.650187     0.800      327.9    -1428.2     -812.4     87.9    103.7    120.7 2023  1 27  8 51 44.840  3.6     0     0     2     2 -9.000  0.250   9
     8054  26.941748  102.638908     1.177     -792.0     -274.1     -435.2     88.3    106.3    167.9 2023  3  8 17 25 24.640  3.1     0     0     2     2 -9.000  0.250   9
      427  26.986184  102.831877     0.952      759.6      -41.4      -47.1      2.8      3.9      5.3 2022  9  7 10 43 16.910  1.7     0     0     5     6 -9.000  0.010  10
     2209  26.986424  102.831706     0.923      742.6      -14.7      -76.4      3.5      4.9      5.2 2022 11  6 21  3 16.920  1.1     0     0     5     6 -9.000  0.009  10
     2730  26.977466  102.816187     0.942     -798.2    -1007.3      -57.0      9.0     11.6     13.7 2023  1  3 13 29 56.810  0.9     0     0     3     0 -9.000  0.018  10
     6613  26.986218  102.831852     0.933      756.7      -37.4      -66.0      3.1      4.2      4.6 2023  2 14  7 19 56.920  1.4     0     0     5     6 -9.000  0.008  10
     2336  26.851103  102.682235     0.166     4274.6     6132.8     -655.3    191.7    331.8    263.6 2022 11 21 17 37 21.480  3.6     0     0     1     1 -9.000  0.672  11
     4317  26.858348  102.668693     0.177     2928.2     6935.7     -645.8    192.0    327.1    263.6 2023  1 19 17  4 30.000  3.3     0     0     1     1 -9.000  0.672  11
     2277  26.856104  102.967537     0.729    -1337.5     -611.8     -270.3     38.6     39.5     53.5 2022 11 11  4 59 56.800  1.6     0     0     4     2 -9.000  0.063  12
     4108  26.866803  102.977401     0.964     -357.6      573.8      -35.5      9.8      9.5     15.5 2023  1 17 14 23 17.030  1.4     0     0     5     3 -9.000  0.039  12
     6494  26.866905  102.977271     0.995     -370.5      584.9       -4.4     10.3     10.3     15.8 2023  2 12 19 33 17.040  1.2     0     0     5     3 -9.000  0.039  12
     3101  26.726190  102.976034     1.442    -1224.4      445.7      443.0    417.8    249.7    335.0 2023  1  7  0 57  1.850  2.6     0     0     1     3 -9.000  0.432  13
     4251  26.731517  102.997982     1.209      959.8     1035.9      209.8    239.4    146.0    266.6 2023  1 18 23 25 24.120  2.7     0     0     3     7 -9.000  0.239  13
     6332  26.723088  103.007039     0.578     1860.9      102.0     -421.4    358.6    140.7    378.6 2023  2 10 22  2 20.480  3.5     0     0     4     5 -9.000  0.299  13
     6789  26.737677  102.990446     0.831      209.4     1718.4     -167.6    240.9    156.0    184.6 2023  2 17  2 47 27.220  2.8     0     0     1     5 -9.000  0.300  13
     7212  26.721348  102.993319     1.273      495.5      -90.9      274.0    238.8    147.2    258.2 2023  2 23 22 39 27.600  2.8     0     0     5    10 -9.000  0.329  13
       33  26.570176  103.044417     1.192     -240.9    -2251.7      192.7    418.6    283.4    330.8 2022  8 25 16 10 33.300  2.2     0     0     3     4 -9.000  0.255  14
      305  26.621375  103.049837     0.866      299.0     3421.0     -132.6    490.2    225.2    620.4 2022  9  3 22  2  0.900  2.8     0     0     3     2 -9.000  0.241  14
     1714  26.563481  103.051847     0.757      499.4    -2993.6     -242.4    499.1    287.2    289.2 2022 10 19  3  3 49.180  2.3     0     0     1     2 -9.000  0.247  14
     2683  26.612154  103.040324     1.283     -648.5     2399.4      283.6    323.5    219.5    836.1 2023  1  3  0 39 29.540  3.1     0     0     3     2 -9.000  0.241  14
     2881  26.594643  103.041260     1.342     -555.1      459.2      343.0   1017.2    519.7   1335.4 2023  1  5  0 25 58.430  3.3     0     0     3     1 -9.000  0.197  14
     6519  26.582495  103.051058     0.851      420.4     -886.8     -148.4    874.8    489.9    692.6 2023  2 13  2 48 50.630  3.2     0     0     5     3 -9.000  0.231  14
     1991  26.772111  103.149072     1.227     -638.7     -117.3      227.7     67.8     27.2    105.4 2022 10 28 16  1 21.310  2.8     0     0     2     3 -9.000  0.066  16
     6232  26.780965  103.162866     0.880      733.5      863.9     -119.1     49.3     36.2     52.8 2023  2  9 22 25 42.360  2.0     0     0     2     3 -9.000  0.052  16
     6431  26.780721  103.155436     0.884       -6.1      836.9     -115.5     42.4     34.6     46.4 2023  2 12  1 48 36.420  3.4     0     0     2     2 -9.000  0.052  16
      636  26.973499  102.906714     1.132     -485.4     1229.9      133.4    132.7    231.8     80.9 2022  9 14  7 11 21.890  2.8     0     0     4     5 -9.000  0.132  20
     2147  26.959536  102.903426     0.912     -812.2     -317.2      -86.9    152.4    231.6    334.4 2022 11  3 23 31 11.400  3.4     0     0     3     6 -9.000  0.201  20
     2219  26.950771  102.900789     0.081    -1073.8    -1288.3     -918.3    262.1    307.7    413.8 2022 11  7  8 36 39.440  1.3     0     0     0     2 -9.000  0.172  20
     2403  26.964256  102.912614     1.195      100.0      205.8      196.1    152.8    218.6    165.6 2022 11 30 21 45 22.320  2.7     0     0     3     5 -9.000  0.171  20
     1162  26.840379  103.136849     1.013     1058.6     1704.0       14.2    268.9    227.7    364.6 2022 10  1  4 32  9.710  2.8     0     0     3     3 -9.000  0.352  21
     2205  26.833553  103.141382     0.958     1509.7      947.6      -41.0    221.7    205.5    250.4 2022 11  6 13 48 25.520  3.3     0     0     3     3 -9.000  0.313  21
     2686  26.833411  103.138517     1.395     1225.1      931.9      395.7    175.3    207.5    280.2 2023  1  3  0 50 29.900  3.0     0     0     0     2 -9.000  0.278  21
     2140  27.169312  102.907943     0.976       -5.9     -120.5      -22.9    335.2    383.4    544.2 2022 11  3 12 12 28.750  3.0     0     0     1     2 -9.000  0.327  22
     8250  27.171533  102.910645     0.900      262.5      125.6      -98.9    335.3    383.2    544.2 2023  3 10  0 34 54.290  3.3     0     0     1     2 -9.000  0.327  22
       96  27.247052  103.033927     0.943     3122.4     -393.1      -55.7    161.2    449.2    272.1 2022  8 27 21  7 17.300  2.4     0     0     1     2 -9.000  0.116  23
     1271  27.245846  103.001733     0.926      -66.4     -526.9      -73.3    252.5    307.2    136.0 2022 10  4 16 15 53.440  1.5     0     0     4     5 -9.000  0.367  23
     4725  27.260073  102.998714     1.092     -364.8     1049.6       93.1    251.1    284.1    336.2 2023  1 24 11  0 35.400  1.8     0     0     2     2 -9.000  0.300  23
     5470  27.249589  103.015397     1.025     1287.4     -112.1       26.4    166.0    351.2    195.7 2023  2  1  8 15 13.530  2.2     0     0     3     5 -9.000  0.334  23
     6418  26.688814  103.163843     1.200     2423.3      838.1    -1116.2     26.8     34.0     50.7 2023  2 11 22 13 32.880  2.5     0     0     2     3 -9.000  0.914  27
     8104  26.696208  103.151131     0.040     1158.6     1657.3    -2277.4     26.8     33.5     36.3 2023  3  8 23 13 49.680  3.6     0     0     2     3 -9.000  0.914  27
     4407  27.060974  102.911930     0.951    -1271.8     -557.0      -48.3      5.6      4.9      6.6 2023  1 20 18 58 43.360  1.9     0     0     3     2 -9.000  0.350  28
     8332  27.050094  102.897095     0.980    -2743.1    -1762.7      -18.6      4.8      5.0      6.6 2023  3 10 19 23 43.760  2.4     0     0     3     2 -9.000  0.350  28
     2685  27.135166  102.851025     0.970    -1459.9      101.5      -28.9    704.2    339.2    622.6 2023  1  3  0 47 58.280  2.3     0     0     2     2 -9.000  0.218  30
     3654  27.124636  102.882316     0.860     1641.5    -1065.4     -138.5    640.0    369.3    469.9 2023  1 13  1  9 56.490  1.5     0     0     3     2 -9.000  0.133  30
     5893  27.130798  102.874593     1.040      876.1     -382.5       41.1    612.9    370.1    840.4 2023  2  6  2 53 16.550  1.4     0     0     3     2 -9.000  0.133  30
     7598  27.146598  102.855632     0.945    -1003.3     1368.2      -53.7    682.5    339.7    622.6 2023  3  1 18  3 16.640  2.0     0     0     2     2 -9.000  0.218  30
      191  27.128973  102.939958     1.083     1384.2      384.8       83.8    278.0    138.9    487.4 2022  8 31  3 29 56.480  1.5     0     0     2     3 -9.000  0.085  36
     4799  27.132644  102.935026     1.021      895.4      791.4       22.2    234.7    138.8    483.4 2023  1 25  5 36 36.500  2.6     0     0     2     3 -9.000  0.085  36
     3446  26.980497  103.048641     0.972     2570.0     3296.2      -27.1     97.5     85.4    123.4 2023  1 10 10 57 50.070  3.2     0     0     3     2 -9.000  0.411  37
     3679  26.965186  103.043433     0.998     2053.3     1599.7       -1.1     99.0     77.5    123.4 2023  1 13  6  6 58.540  3.3     0     0     3     2 -9.000  0.411  37
     3660  27.020394  102.776953     0.926     2625.6    -2782.0      -73.3      4.0      3.9      4.0 2023  1 13  2  3 46.600  3.2     0     0     2     3 -9.000  0.247  40
     5203  27.034424  102.766064     1.070     1544.8    -1227.5       71.1      4.0      4.2      5.5 2023  1 29 10 29  4.460  3.6     0     0     2     3 -9.000  0.247  40
     1183  27.289709  102.888249     1.070    -2548.9     1630.0       70.6    372.8    244.3    403.9 2022 10  1 23  0 39.680  4.0     0     0     2     3 -9.000  0.234  42
     2232  27.284239  102.875765     0.954    -3785.2     1023.7      -45.2    359.9    250.6    309.2 2022 11  7 21  8 21.600  2.8     0     0     2     3 -9.000  0.234  42
       78  27.064124  103.001237     1.141     -223.7     -512.7      141.7   3298.8   1087.0   2329.1 2022  8 27  0 27 27.390  4.1     0     0     5     4 -9.000  0.368  43
     2485  27.076982  102.994523     0.978     -889.3      912.0      -21.0   2977.2    377.3    732.4 2022 12 12 15  6 47.750  3.4     0     0     5     4 -9.000  0.361  43
     4339  27.069824  102.983659     0.922    -1967.4      119.0      -77.5   1984.4    398.9    792.2 2023  1 19 23 50 38.320  2.5     0     0     4     4 -9.000  0.385  43
      107  26.759005  102.981999     0.999      796.1      388.1        1.1      0.0      0.0      0.0 2022  8 28 13 13 14.780  1.7     0     0     3     4 -9.000  0.000  47
     1656  26.759005  102.981999     0.999      796.1      388.1        1.1      0.0      0.0      0.0 2022 10 17  6 39 54.770  1.6     0     0     3     4 -9.000  0.000  47
     4293  26.759013  102.982023     1.090      797.9      389.1       91.4      0.0      0.0      0.1 2023  1 19 11 53 14.780  1.3     0     0     2     2 -9.000  0.000  47
     1236  26.861806  103.065828     1.526     -887.5     1031.1      527.2    560.5    655.7    737.9 2022 10  3  8 44 14.240  2.9     0     0     2     3 -9.000  0.511  48
     1545  26.861190  103.090283     1.006     1543.1      962.9        6.6    550.1    643.4    296.3 2022 10 13 18 42  8.920  2.6     0     0     2     3 -9.000  0.564  48
     1777  26.850057  103.075138     0.994       38.0     -270.7       -5.3    321.9    349.2    375.0 2022 10 20 19 15 19.580  2.8     0     0     4     9 -9.000  0.520  48
     5454  26.838450  103.067334     0.813     -737.8    -1556.9     -185.6    390.8    368.8    323.1 2023  2  1  2 24 50.030  2.9     0     0     0     3 -9.000  0.455  48
      294  26.930760  103.146745     0.971     -348.0      278.2      -28.0     56.8     88.5     81.0 2022  9  3 15 21 35.140  2.9     0     0     2     2 -9.000  0.505  49
      541  26.925234  103.163875     0.996     1353.4     -334.2       -3.2     55.6     91.3     81.0 2022  9 11 13  5 23.830  3.4     0     0     2     2 -9.000  0.505  49
      846        NaN         NaN       NaN        NaN        NaN        NaN      NaN      NaN      NaN **** ** ** **  3 36.000  1.1     0     0     9     6 -9.000    NaN  50
     1173        NaN         NaN       NaN        NaN        NaN        NaN      NaN      NaN      NaN **** ** ** **  6 36.800  1.6     0     0     9     6 -9.000    NaN  50
     6443        NaN         NaN       NaN        NaN        NaN        NaN      NaN      NaN      NaN **** ** ** ** 23 36.000  2.3     0     0     9     6 -9.000    NaN  50
     7488        NaN         NaN       NaN        NaN        NaN        NaN      NaN      NaN      NaN **** ** ** ** 26 36.160  0.7     0     0     9     6 -9.000    NaN  50
     1163  26.844002  102.874007     0.999        0.6        0.2        1.2      0.2      0.1      0.2 2022 10  1  7 33 15.960  1.9     0     0     9     6 -9.000  0.001  51
     1165  26.843998  102.873983     0.994       -1.5       -0.3       -5.4      0.3      0.3      0.3 2022 10  1  8 43 15.960  2.2     0     0     9     6 -9.000  0.002  51
     2224  26.844000  102.874007     0.999        0.7       -0.0        1.4      0.1      0.1      0.2 2022 11  7 14 19 55.960  1.6     0     0     9     6 -9.000  0.001  51
     7546  26.844000  102.874007     1.000        0.8       -0.0        1.6      0.2      0.1      0.2 2023  2 28 21 49 55.960  1.0     0     0     9     6 -9.000  0.001  51
     5882  26.974337  102.921346     1.093     -925.1       37.5       94.4    456.0    507.2    552.6 2023  2  6  0 27 48.690  2.1     0     0     2     3 -9.000  0.242  54
     7267  26.985024  102.924699     0.943     -591.9     1221.5      -56.0    504.1    426.7    543.2 2023  2 24 19 15 17.000  2.0     0     0     2     3 -9.000  0.242  54
     1133  27.232220  102.960010     0.962       98.9     1760.4      -37.1      3.9     10.3     11.9 2022  9 30  9 49 58.870  1.5     0     0     2     2 -9.000  0.071  55
     6943  27.217855  102.959098     0.994        9.0      168.5       -4.8      4.2      8.6     11.9 2023  2 19 19 13 18.680  1.1     0     0     2     2 -9.000  0.071  55
     1116  26.842120  103.062354     1.018     -460.8     1379.8      159.2      5.7      4.1     14.0 2022  9 29 22 53 32.440  2.3     0     0     3     2 -9.000  0.306  61
     6072  26.832747  103.077734     0.612     1068.2      341.3     -248.1      5.5      6.2      9.9 2023  2  7 23 20 40.200  1.9     0     0     3     2 -9.000  0.306  61
     4473  26.926316  103.064225     1.357      784.3       72.0      358.4     28.1     20.4     37.9 2023  1 21 18 43 40.920  1.6     0     0     1     1 -9.000  0.686  70
     5756  26.939221  103.052808     0.964     -349.7     1501.8      -35.4     29.5     20.2     24.8 2023  2  4 14 38  6.810  2.9     0     0     1     1 -9.000  0.686  70
     3331  26.993829  102.859033     1.168    -1287.8    -1164.0      169.0     95.2    126.5    283.7 2023  1  9  4 54 36.940  3.2     0     0     2     3 -9.000  0.442  71
     4445  26.999965  102.874943     0.998      291.8     -484.0       -1.3     98.1    108.4    114.1 2023  1 21  5 23 35.340  3.4     0     0     2     3 -9.000  0.442  71
     3419  27.034338  102.903695     0.935     -129.5    -1218.2      -63.7    515.0    657.5    674.4 2023  1 10  4 50 48.450  3.3     0     0     2     3 -9.000  0.255  72
     4435  27.049109  102.902547     0.968     -242.7      418.4      -31.1    580.2    325.4    466.5 2023  1 21  2  8  0.760  3.1     0     0     2     5 -9.000  0.258  72
     6726  27.052767  102.909701     1.252      466.4      823.7      252.8    663.1    323.2   1062.9 2023  2 15 23 51 16.280  3.7     0     0     0     2 -9.000  0.264  72
     3503  26.781999  102.967008     0.998      -99.4     -147.8       -0.7      0.0      0.0      0.0 2023  1 11  2 13 15.520  1.0     0     0     3     2 -9.000  0.000  77
     5238  26.781989  102.967008     0.999      -99.4     -148.9        1.1      0.0      0.0      0.0 2023  1 29 18 53 15.520  0.6     0     0     3     2 -9.000  0.000  77
      888  26.974349  102.883309     1.286       -3.0     -515.2      286.8    343.1    400.2    729.1 2022  9 22  5 10 53.080  2.9     0     0     4     6 -9.000  0.375  78
     2616  26.975816  102.895662     0.789     1223.2     -352.5     -210.3    345.8    390.4    542.5 2023  1  2  8 41 56.510  2.8     0     0     2     3 -9.000  0.320  78
     5284  26.986969  102.870850     1.080    -1239.8      883.3       81.4    375.2    822.4   1764.4 2023  1 30  7 50 47.910  2.7     0     0     2     3 -9.000  0.423  78
      123  26.491140  103.068652     0.999      330.7    -1277.0        0.2    244.4     85.6    133.7 2022  8 28 21 35 59.920  3.2     0     0     3     2 -9.000  0.698  83
     4142  26.490849  103.050968     1.086    -1432.2    -1309.1       87.4    224.2     85.0    247.1 2023  1 17 20 58 57.440  3.2     0     0     3     2 -9.000  0.698  83
     2302  26.802810  103.075692     0.911      929.8      532.8      -88.1   1044.4    985.7   1239.4 2022 11 16 13 43 51.310  3.6     0     0     1     3 -9.000  0.305  85
     4642  26.801105  103.073429     1.019      704.5      343.9       20.4   1053.7    980.8   2298.3 2023  1 23 17 52 28.280  2.8     0     0     1     3 -9.000  0.305  85
      500  27.054036  102.763265     0.983     1019.1     -254.8      -15.8     61.5     64.9     80.9 2022  9  9 23 44 24.760  3.2     0     0     3     2 -9.000  0.225  87
     1845  27.066870  102.753939     0.976       93.4     1167.4      -23.2     59.5     56.2     80.9 2022 10 23  0 47 22.540  3.1     0     0     3     2 -9.000  0.225  87
       40  26.788719  103.007080     0.910     -788.1     1187.8      -88.9   2257.6   1984.2   2786.9 2022  8 25 20 44 20.600  2.4     0     0     3     2 -9.000  0.390  92
     1632  26.783226  103.008927     1.303     -604.4      579.2      304.2   1857.3   1965.9   5394.3 2022 10 16 14 37  5.130  3.1     0     0     3     2 -9.000  0.390  92
      277  26.792769  103.114421     0.946      307.6      454.7      -53.1     61.8     27.8     39.9 2022  9  3  3 47 10.850  3.2     0     0     3     5 -9.000  0.080  93
     1606  26.776921  103.113143     0.978      180.5    -1301.4      -21.3     46.5     45.9     71.8 2022 10 15 15 20 30.520  3.1     0     0     2     3 -9.000  0.060  93
     2105  26.796393  103.106364     1.092     -493.8      856.1       93.5     56.9     28.0     54.1 2022 11  1 14 52 17.600  2.7     0     0     1     2 -9.000  0.105  93
      556  26.730774  103.166715     0.981      337.0      270.4      -18.0      7.2      5.4      6.6 2022  9 12  1 19 58.030  1.7     0     0     2     3 -9.000  0.631  94
     1556  26.737221  103.184627     0.957     2118.8      984.8      -42.3      6.3      5.5      6.6 2022 10 14  1 33 45.870  2.8     0     0     2     3 -9.000  0.631  94
     1221  27.066235  102.950146     0.832       13.9     -897.1     -167.3    658.4    338.2    439.1 2022 10  2 21 56 34.620  0.7     0     0     4     3 -9.000  0.291  97
     1407  27.076048  102.955607     1.409      555.2      190.0      409.8    424.4    210.8   1228.7 2022 10  9  2 23 14.970  2.1     0     0     5     5 -9.000  0.249  97
     4713  27.080703  102.945361     0.966     -461.0      705.8      -32.8    440.4    193.5    316.0 2023  1 24  8 29 55.010  1.8     0     0     3     4 -9.000  0.106  97
      224  26.985370  102.617253     1.125     -339.3    -2840.2      126.4    553.8    969.2    946.1 2022  9  1  8 51 55.070  3.7     0     0     2     3 -9.000  0.553  99
      965  26.997801  102.619743     0.944      -92.3    -1462.9      -54.8    549.6   1008.3    756.5 2022  9 25 10  5 15.360  3.1     0     0     2     3 -9.000  0.553  99
      449  27.162950  102.818555     0.960     -242.5     -264.3       58.1   1952.9   2307.6   1741.2 2022  9  8  1 41 17.830  2.8     0     0     4     6 -9.000  0.444 101
      470  27.167922  102.817342     0.752     -362.8      286.8     -151.2   2788.7   1826.7   3117.7 2022  9  8 16  7 51.370  2.8     0     0     3     6 -9.000  0.443 101
     6002  27.165153  102.827197     0.988      614.1      -20.1       85.9   2090.3   1923.3   2286.4 2023  2  7  8  3 24.480  3.1     0     0     3     6 -9.000  0.298 101
     8043  26.858997  102.839966     1.000       47.1       -0.3        1.6      3.0      2.4      3.6 2023  3  8 15 46 36.180  1.3     0     0     3     2 -9.000  0.011 110
     8438  26.859003  102.839022     0.997      -46.6        0.4       -1.6      3.0      2.4      3.6 2023  3 12  3 43 16.170  1.1     0     0     3     2 -9.000  0.011 110
      131  27.156984  102.927791     1.053      276.8      940.4       53.9      0.2      0.0      0.1 2022  8 29  4 27 23.500  2.4     0     0     2     1 -9.000  0.158 121
     8016  27.140015  102.921908     0.977     -306.8     -940.1      -21.6      0.2      0.0      0.1 2023  3  8 11  3 36.540  3.0     0     0     2     1 -9.000  0.158 121
     7635  26.892546  103.072461     0.976      394.0      559.1      -23.1    773.8    907.9   1122.3 2023  3  2 11 21 29.590  3.3     0     0     2     3 -9.000  0.424 122
     7979  26.882444  103.064502     1.029     -397.1     -560.1       29.9    817.1    897.1   1791.8 2023  3  7 23 34 35.580  3.9     0     0     2     3 -9.000  0.424 122
     1334  26.708067  102.998869     1.185      435.1      838.2      186.9     18.3     10.1     35.4 2022 10  6 18 34 28.340  3.8     0     0     3     2 -9.000  0.399 123
     7924  26.692938  102.990194     0.993     -428.2     -838.0       -6.1     18.0     10.1     13.0 2023  3  7 12  0 41.130  3.3     0     0     3     2 -9.000  0.399 123
     6836  27.215940  102.958000     0.991      -99.1     -782.2       -7.9     14.8     12.6     16.8 2023  2 17 23 53 18.600  1.1     0     0     3     2 -9.000  0.073 124
     7841  27.230086  102.959993     0.997       98.6      785.1       -1.2     13.6     15.3     73.4 2023  3  6 17 43 18.840  1.3     0     0     3     2 -9.000  0.073 124
     4047  26.935024  102.820964     1.117     -401.2      833.6      120.5      3.1      2.3     11.8 2023  1 16 23 58 32.340  2.0     0     0     2     3 -9.000  0.251 125
     7822  26.919985  102.829028     0.992      399.7     -832.7       -7.1      3.2      2.3      3.3 2023  3  6  6 40  4.400  2.5     0     0     2     3 -9.000  0.251 125
     1838  26.945949  102.920874     1.063     -359.5      271.4       64.2     93.1     34.4     95.9 2022 10 22 17  6 39.300  0.1     0     0     1     1 -9.000  0.067 130
     7657  26.941052  102.926774     0.995      225.9     -271.2       -4.0    127.6     34.4     53.9 2023  3  2 19  6 39.500  0.6     0     0     1     1 -9.000  0.067 130
     5163  27.300852  102.974284     1.000      127.4     -238.1        2.4    458.7    257.2    436.9 2023  1 28 23 23 18.760  0.9     0     0     1     2 -9.000  0.169 132
     7590  27.305149  102.971704     0.961     -128.0      238.0      -37.8    451.2    257.9    436.9 2023  3  1 14 13 18.460  1.2     0     0     1     2 -9.000  0.169 132
     5566  26.734180  102.910002     0.977      498.2      518.6      -21.8    304.5    415.8    768.2 2023  2  2 11 11  2.430  2.5     0     0     2     3 -9.000  0.415 134
     7568  26.724823  102.900008     1.000     -496.5     -518.2        2.5    287.7    424.5    768.2 2023  3  1  8 45 27.170  2.7     0     0     2     3 -9.000  0.415 134
     5022  26.738108  102.858879     1.047     -708.7     -154.2       48.5     89.1     85.2    194.8 2023  1 27 13 20 47.080  2.4     0     0     2     1 -9.000  0.090 154
     7037  26.740896  102.873136     0.994      709.7      154.5       -5.0     91.4     83.8    114.4 2023  2 21  6 41 38.250  2.2     0     0     2     1 -9.000  0.090 154
      606  26.859727  102.934408     1.049       89.8     -473.4       50.9   3346.4   1438.2   4146.4 2022  9 13 13 51 44.130  3.4     0     0     2     3 -9.000  0.428 164
     6850  26.868274  102.932528     0.974      -96.8      473.5      -25.2   3386.8   1437.8   3288.0 2023  2 18  6  4 57.160  2.8     0     0     2     3 -9.000  0.428 164
     2028  27.075157  102.923039     0.962      -95.4      737.6      -36.6      0.0      0.0      0.0 2022 10 29 16 35 13.790  2.3     0     0     0     1 -9.000  0.020 175
     6655  27.061845  102.924886     1.082       87.7     -737.4       82.9      0.0      0.0      0.0 2023  2 15  0 42 21.580  3.5     0     0     0     1 -9.000  0.020 175
     3839  26.673153  102.927791     0.961      -70.9      681.7      -37.9    168.3    162.0    220.7 2023  1 14 21 24 14.780  2.4     0     0     2     3 -9.000  0.556 206
     6011  26.660887  102.929167     1.445       66.6     -677.4      445.7    163.2    165.8    954.4 2023  2  7 11 57 42.260  2.8     0     0     2     3 -9.000  0.556 206
     5253        NaN         NaN       NaN        NaN        NaN        NaN      NaN      NaN      NaN **** ** ** ** 43 36.000  0.9     0     0     3     2 -9.000    NaN 221
     5572        NaN         NaN       NaN        NaN        NaN        NaN      NaN      NaN      NaN **** ** ** **  9 36.320  0.4     0     0     3     2 -9.000    NaN 221
     4514  27.206921  103.069979     1.018      939.1      268.3       19.7      0.3      0.2      0.3 2023  1 22  7  4 31.560  3.0     0     0     3     2 -9.000  0.166 222
     5537  27.202079  103.051034     0.988     -938.1     -268.4      -10.8      0.3      0.2      0.3 2023  2  2  4 25 15.440  2.9     0     0     3     2 -9.000  0.166 222
     2498  26.886072  103.097990     1.249     -894.8      174.2      250.1     12.8     14.0     49.7 2022 12 19 14 32 10.100  3.3     0     0     2     3 -9.000  0.495 226
     5405  26.882941  103.116048     0.962      899.3     -172.8      -36.6     14.9     13.6     22.6 2023  1 31 14 45  4.950  2.2     0     0     2     3 -9.000  0.495 226
     4432  26.806834  102.897998     0.959     -248.6      148.0      -39.9   3027.6   2066.9   3389.3 2023  1 20 22 50 45.320  1.6     0     0     2     3 -9.000  0.373 228
     5352  26.804169  102.902979     1.023      247.1     -147.5       23.5   2979.0   2084.2   6024.6 2023  1 30 23 37 43.680  2.1     0     0     2     3 -9.000  0.373 228
     3410  26.834951  102.926383     1.011      584.5      271.5       11.6   1010.8    933.1   1695.2 2023  1 10  2 11 57.170  3.3     0     0     2     3 -9.000  0.444 230
     5320  26.830044  102.914624     0.974     -583.8     -272.4      -25.2    997.1    931.4   1246.5 2023  1 30 16  8 12.140  2.2     0     0     2     3 -9.000  0.444 230
     5038  26.811981  102.926188     1.002      117.8      108.6        3.4    490.2    293.8    776.5 2023  1 27 16 54 12.430  1.9     0     0     2     3 -9.000  0.141 236
     5130  26.810018  102.923828     0.993     -116.8     -108.8       -4.6    482.4    294.5    518.8 2023  1 28 18 11 42.200  1.6     0     0     2     3 -9.000  0.141 236
     2663  26.754980  102.926001    14.582       49.0       53.2       27.3     10.6     11.5     13.1 2023  1  2 19 33 14.840  1.7     0     0     4     1 -9.000  0.009 246
     4878  26.754018  102.925008    14.528      -49.3      -53.4      -27.3     10.8     11.5     13.2 2023  1 25 23 39 54.840 -0.0     0     0     4     1 -9.000  0.009 246
       26  27.095998  103.011995     0.997       48.2       -0.3       -1.6      2.7      1.1      2.0 2022  8 25  9 33 14.870  1.6     0     0     2     3 -9.000  0.009 250
     4800  27.096004  103.011011     1.000      -49.3        0.4        1.6      2.7      1.1      2.0 2023  1 25  6 49 54.880  0.3     0     0     2     3 -9.000  0.009 250
        1  26.980011  102.851025     0.994      150.9     -164.8       -4.5     21.9     33.6     27.7 2022  3 22  3 12 46.260  2.2     0     0     1     3 -9.000  0.046 251
     4644  26.982994  102.847974     1.000     -151.6      165.8        4.9     21.0     42.4     28.9 2023  1 23 18 35 50.520  2.1     0     0     1     3 -9.000  0.046 251
     1816  26.986969  102.829045     0.990      -45.5       -3.3       -8.5     26.8     31.6     40.4 2022 10 21 19 26 36.980  0.8     0     0     2     3 -9.000  0.025 253
     4442  26.987028  102.829964     1.005       45.8        3.3        6.3     26.9     31.6     76.1 2023  1 21  5  3 17.000  1.9     0     0     2     3 -9.000  0.025 253
        2  26.977985  102.996061     0.995     -391.0      718.3       -4.3     10.8      5.9     13.0 2022  8 23 15 13 44.540  2.7     0     0     2     1 -9.000  0.061 254
     4275  26.965023  103.003939     1.001      391.1     -717.9        4.3     10.4      6.0     15.7 2023  1 19  5 13 45.370  3.0     0     0     2     1 -9.000  0.061 254
     2141  27.245150  102.820882     0.964      682.0     -205.1      -35.5    407.5    414.0    557.7 2022 11  3 12 13 57.860  3.1     0     0     2     3 -9.000  0.384 256
     4203  27.248846  102.807129     1.015     -680.3      204.4       15.6    415.9    409.9   1052.7 2023  1 18  9 37 24.970  3.4     0     0     2     3 -9.000  0.384 256
      643        NaN         NaN       NaN        NaN        NaN        NaN      NaN      NaN      NaN **** ** ** ** 13 36.320  1.8     0     0     3     2 -9.000    NaN 259
     4176        NaN         NaN       NaN        NaN        NaN        NaN      NaN      NaN      NaN **** ** ** **  3 36.640  1.5     0     0     3     2 -9.000    NaN 259
     2513  26.866109  102.897607     0.954     -784.5     -430.9      -45.5     10.2      4.5     10.6 2023  1  1  3 15  6.550  3.0     0     0     2     3 -9.000  0.251 268
     3974  26.873897  102.913477     0.999      792.8      432.0       -0.3     10.4      4.5     10.6 2023  1 16  7 20 30.830  2.8     0     0     2     3 -9.000  0.251 268
      343  26.916917  102.901831     1.073     -116.6      932.7       74.5      7.5      8.5     13.6 2022  9  4 23 45 24.320  2.7     0     0     3     3 -9.000  0.373 288
     2742  26.900151  102.904191     0.962      117.7     -925.1      -37.5      8.4      8.2     11.1 2023  1  3 16  4 52.410  2.2     0     0     3     3 -9.000  0.373 288
      955  26.878971  102.965063     0.998     -887.7     -390.9        3.1      1.2      1.3      2.3 2022  9 24 22 33 41.040  2.8     0     0     3     2 -9.000  0.545 290
     2662  26.886033  102.982935     0.989      888.2      391.5       -9.7      1.3      1.2      2.3 2023  1  2 19 24 45.180  2.5     0     0     3     2 -9.000  0.545 290
     1940  26.929008  102.918896     0.967      784.7     -331.4      -31.5     44.7     30.1     39.3 2022 10 26 11 38 16.150  3.1     0     0     3     2 -9.000  0.313 296
     2457  26.934979  102.903166     1.042     -777.3      330.2       42.7     33.8     29.9     45.4 2022 12  8 19 27 39.520  2.3     0     0     3     2 -9.000  0.313 296
     2184  27.109039  102.952051     1.040      -44.4      336.9       41.1    491.7    752.4   1022.0 2022 11  5  4 38 10.190  3.5     0     0     3     2 -9.000  0.228 308
     2234  27.102956  102.952962     0.971       45.6     -337.2      -28.1    485.7    758.7    777.2 2022 11  8  0  7 43.530  3.2     0     0     3     2 -9.000  0.228 308
     1451  26.992326  102.701408     1.052     -257.1     -739.5       52.6   1060.4   1300.5   1639.5 2022 10 10 15  6 31.830  2.6     0     0     2     3 -9.000  0.646 309
     2221  27.005691  102.706559     0.966      254.1      741.3      -33.3   1069.1   1292.6   1295.4 2022 11  7  9 58 29.550  3.1     0     0     2     3 -9.000  0.646 309
      646  27.113261  103.086100     1.104      258.2      -81.8      104.6   3665.5   2997.4   5007.3 2022  9 14 15  1 41.730  1.0     0     0     2     3 -9.000  0.519 315
     2148  27.114738  103.080908     0.882     -256.3       81.8     -116.7   3665.6   2993.8   4070.9 2022 11  3 23 46 33.040  2.0     0     0     2     3 -9.000  0.519 315
      963  26.826054  102.972778     0.989       77.6     -437.2      -10.3    189.4     97.0    148.0 2022  9 25  8 20 30.540  3.1     0     0     2     3 -9.000  0.209 317
     2125  26.833946  102.971224     1.009      -77.0      437.0        9.9    186.3     97.1    318.9 2022 11  2 15 22  5.280  3.0     0     0     2     3 -9.000  0.209 317
      486        NaN         NaN       NaN        NaN        NaN        NaN      NaN      NaN      NaN **** ** ** **  3 36.000  1.1     0     0     2     3 -9.000    NaN 343
     1317        NaN         NaN       NaN        NaN        NaN        NaN      NaN      NaN      NaN **** ** ** ** 39 36.000  1.7     0     0     2     3 -9.000    NaN 343
      678  26.851373  103.047786     1.112     -567.7       41.4      112.6    253.4    355.5   1922.3 2022  9 15 10 34 43.470  3.2     0     0     2     3 -9.000  0.366 347
     1069  26.850616  103.059212     0.928      567.6      -42.4      -70.9    253.9    361.3    483.2 2022  9 28 21 58 22.720  2.5     0     0     2     3 -9.000  0.366 347
      865  26.689010  102.996102     1.101        9.6      610.7      103.4    961.2    468.4   1620.3 2022  9 21 10  3 38.180  3.3     0     0     2     3 -9.000  0.206 351
      911  26.677989  102.995898     0.983      -10.3     -610.4      -16.2    961.1    468.5    732.7 2022  9 23  5 38 13.120  3.4     0     0     2     3 -9.000  0.206 351
      696  27.213023  102.975977     0.993     -100.7      556.7       -6.3     46.8     34.1     59.1 2022  9 16  2 31 18.680  2.9     0     0     2     1 -9.000  0.052 352
      730  27.202976  102.978035     1.018      102.9     -556.5       19.3     52.8     33.0     93.0 2022  9 17  7 39 29.830  3.1     0     0     2     1 -9.000  0.052 352
       32  27.083130  102.932056     7.315     -425.3    13212.1      606.3      5.5      5.9      9.4 2022  8 25 14 53 16.350  1.9     0     0    10    12 -9.000  0.027   1
      252  27.061460  102.848853    12.932    -8682.7    10811.1     6222.5      2.8      1.1      2.6 2022  9  2 12 56 18.590  3.5     0     0     2     0 -9.000  0.000   1
      375  27.091911  102.930534    10.538     -576.8    14185.2     3829.5      2.1      1.7      4.1 2022  9  6  2 46 36.390  2.0     0     0     7     3 -9.000  0.007   1
      554  26.973281  102.975366     2.624     3874.6     1040.6    -4085.4     10.6     12.2      7.5 2022  9 11 22 24  0.680  3.3     0     0     2     1 -9.000  0.018   1
      580  26.985347  102.905013    18.608    -3110.4     2377.7    11898.8      8.5      4.4     13.0 2022  9 12 19  3 13.920  1.2     0     0    16     5 -9.000  0.017   1
      655  27.079242  102.937085     6.020       73.4    12781.4     -688.2      5.5      3.1     12.1 2022  9 14 23 56 36.320 -0.2     0     0    13    14 -9.000  0.014   1
      856  27.088782  102.923324     5.580    -1292.0    13838.4    -1128.2      7.3      4.2      6.5 2022  9 21  0 33 16.520  1.9     0     0     8     6 -9.000  0.007   1
      934  27.084257  102.930404     7.765     -589.7    13337.1     1056.7      5.9      7.5      8.9 2022  9 24  6  3 16.360  1.2     0     0     6    11 -9.000  0.036   1
      945  26.985168  102.904622    18.759    -3149.3     2357.8    12049.9      7.6      3.3      7.2 2022  9 24 14 46 33.900  0.8     0     0    14     8 -9.000  0.014   1
      973  27.088859  102.925220     5.516    -1104.3    13847.0    -1191.9      7.6      4.8     11.5 2022  9 25 19 33 16.520  0.8     0     0     9     8 -9.000  0.028   1
     1134  26.964069  102.905273     6.845    -3084.9       19.8      136.9     24.4     16.2     15.6 2022  9 30 10 42  8.570  3.7     0     0     1     2 -9.000  0.016   1
     1201  27.092037  102.930876    11.057     -543.0    14199.1     4348.6      2.8      1.4      9.7 2022 10  2 11 26 36.360  1.6     0     0     7     2 -9.000  0.011   1
     1336  26.985738  102.906478    18.550    -2965.3     2420.8    11840.8     13.7      7.5     15.3 2022 10  6 19 23 13.920  1.2     0     0     6     3 -9.000  0.014   1
     1435  26.812299  102.920076     9.457    -1616.6   -16796.7     2748.0      1.9      1.0      1.2 2022 10 10  3 35  1.930  4.0     0     0     1     1 -9.000  0.000   1
     1828  27.083226  102.931925     7.397     -438.5    13222.9      688.9      5.8      7.8      8.1 2022 10 22  7 36 36.350  1.4     0     0    10    12 -9.000  0.024   1
     1890  26.859385  102.975627    11.969     3901.6   -11579.5     5259.7     18.2      6.2     19.9 2022 10 24  7 59 12.060  3.2     0     0     1     0 -9.000  0.000   1
     2153  27.079181  102.936759     6.280       41.4    12774.5     -428.9      8.7      2.4      4.1 2022 11  4  3  6 36.320  2.0     0     0     8    10 -9.000  0.013   1
     2192  27.116425  102.897868    12.317    -3817.6    16901.4     5607.8    154.0    128.7    152.2 2022 11  5  9 45  8.740  3.4     0     0     1     1 -9.000  0.003   1
     2240  26.740503  102.861450    22.851    -7443.4   -24752.0    16142.0      3.2      1.8      2.8 2022 11  8  9 49 49.600  2.4     0     0     1     2 -9.000  0.001   1
     2243  27.083982  102.930754     7.921     -554.9    13306.6     1212.9      8.7      9.2     11.0 2022 11  8 13 23 16.350  2.6     0     0     2     3 -9.000  0.004   1
     2507  26.870524  102.890780     7.537    -4526.0   -10345.1      827.3     12.2      9.3      9.1 2023  1  1  1  2 48.230  3.0     0     0    12     7 -9.000  0.029   1
     2563  26.919653  102.898747     7.144    -3733.5    -4901.6      434.4      7.3      6.4      4.6 2023  1  1 17  9 12.480  2.8     0     0     9     0 -9.000  0.023   1
     2639  26.822459  102.943319    11.391      693.3   -15671.0     4681.5     25.5     20.9     18.1 2023  1  2 13 15 59.700  4.0     0     0    10     6 -9.000  0.045   1
     2647  26.829272  102.927197    14.846     -908.6   -14916.0     8136.3     28.4     19.9     18.4 2023  1  2 14 42 20.940  3.8     0     0     3     0 -9.000  0.004   1
     2668  26.970748  102.897054     6.330    -3901.2      759.9     -379.6     29.2     39.2     20.7 2023  1  2 20 38 12.480  2.7     0     0     4     0 -9.000  0.002   1
     2757  26.979651  102.929085     3.694     -721.0     1746.3    -3015.0     11.9     13.1      9.4 2023  1  3 18 21 29.960  2.7     0     0     9     5 -9.000  0.032   1
     2769  27.091980  102.930404    10.422     -589.6    14192.7     3713.7      2.8      1.5      8.6 2023  1  3 20 33 16.400  1.1     0     0     8     3 -9.000  0.008   1
     2787  27.107357  102.830062     9.355   -10545.4    15896.5     2645.7     22.4     23.8     32.8 2023  1  4  2 22 33.650  3.2     0     0     2     1 -9.000  0.018   1
     2837  26.798735  102.949170     5.646     1274.1   -18299.7    -1062.5      3.5      2.5      6.0 2023  1  4 14 13 16.080  1.7     0     0     3     2 -9.000  0.002   1
     2857  27.079036  102.936434     6.827        8.6    12758.6      118.7      9.3      3.0     13.7 2023  1  4 19 13 16.280  1.6     0     0     2     2 -9.000  0.007   1
     2858  26.849668  102.963436    12.044     2691.1   -12656.0     5335.0     35.5     37.3     35.8 2023  1  4 19 27 10.800  3.9     0     0     6     5 -9.000  0.049   1
     2918  26.845178  102.958887     7.583     2239.3   -13153.5      873.5     23.0     25.8     30.9 2023  1  5 13 36 43.060  4.1     0     0    12     0 -9.000  0.042   1
     2926  26.923470  102.917521     5.866    -1868.9    -4478.5     -842.9     16.9     19.9     17.3 2023  1  5 16 58 37.850  3.6     0     0    17     4 -9.000  0.036   1
     2937  26.984886  102.903296    18.915    -3281.1     2326.3    12205.7      6.9      4.1      8.9 2023  1  5 18 53 13.880  1.5     0     0    13     6 -9.000  0.012   1
     2954  26.824786  102.953076    11.675     1662.2   -15413.1     4965.6     35.4     28.0     22.9 2023  1  5 21  4 48.880  3.9     0     0     9     4 -9.000  0.030   1
     2958  26.829063  102.952507     8.913     1605.7   -14939.2     2203.4     13.8     19.8     22.8 2023  1  5 22  4  9.880  5.2     0     0    14     7 -9.000  0.031   1
     2960  26.836281  102.947428     8.688     1100.8   -14139.4     1978.8     13.9     25.1     20.3 2023  1  5 22 15 54.000  3.2     0     0     6     3 -9.000  0.039   1
     2963  26.819061  102.949276    11.717     1284.5   -16047.4     5007.8     24.5     16.7     15.1 2023  1  5 22 21  5.560  5.9     0     0    19    13 -9.000  0.042   1
     2967  26.827722  102.961678    11.701     2517.1   -15087.7     4991.5     20.9     20.1     20.8 2023  1  5 22 45 17.360  5.1     0     0    16    11 -9.000  0.043   1
     2968  26.837539  102.962988     9.514     2646.9   -13999.9     2804.5     19.0     21.0     21.1 2023  1  5 22 47 20.420  3.4     0     0    15     7 -9.000  0.044   1
     2969  26.805772  102.941349    14.806      497.1   -17519.9     8096.8     38.8     20.5     26.9 2023  1  5 22 55 34.800  4.2     0     0     3     2 -9.000  0.051   1
     2970  26.812177  102.972485    15.195     3591.0   -16810.2     8485.9     22.4     22.6     17.0 2023  1  5 23  2 29.480  3.6     0     0     3     0 -9.000  0.003   1
     2971  26.830804  102.962899     9.999     2637.8   -14746.3     3289.9     20.2     16.7     17.9 2023  1  5 23  5 44.420  4.4     0     0    25    16 -9.000  0.042   1
     2972  26.836802  102.941309    14.511      493.4   -14081.6     7801.5     10.0      6.1     13.6 2023  1  5 23 11 18.600  3.8     0     0    10     2 -9.000  0.048   1
     2974  26.818109  102.959098    12.126     2260.4   -16152.9     5416.4     18.1     23.6     16.0 2023  1  5 23 27 56.960  5.8     0     0    21     9 -9.000  0.048   1
     2975  26.860732  102.983724     9.382     4706.5   -11430.1     2673.0     24.2     18.9     19.7 2023  1  5 23 33 35.820  3.7     0     0     3     4 -9.000  0.029   1
     2976  26.811387  102.928076    13.457     -821.4   -16897.6     6747.2     37.7     22.7     25.4 2023  1  5 23 38 26.620  4.1     0     0     3     2 -9.000  0.051   1
     2991  26.828743  102.951562    15.083     1511.9   -14974.5     8373.5     20.2     18.3     21.2 2023  1  6  2 50 22.380  6.2     0     0     7     6 -9.000  0.047   1
     2993  26.830318  102.954354     7.020     1789.1   -14800.2      310.9     24.5     29.2     31.0 2023  1  6  2 57  1.470  4.1     0     0     0     2 -9.000  0.004   1
     2995  26.834149  102.948592    10.636     1216.9   -14375.5     3926.7     27.9     30.6     23.4 2023  1  6  3  0 59.020  3.9     0     0    13    19 -9.000  0.048   1
     2997  26.827948  102.950659    11.418     1422.1   -15062.6     4709.0     17.5     18.6     13.3 2023  1  6  3 25  4.260  4.0     0     0    23    19 -9.000  0.035   1
     3000  26.815456  102.951221    13.024     1477.7   -16446.8     6315.0     20.9     25.9     22.9 2023  1  6  3 41 32.420  3.7     0     0     7     6 -9.000  0.046   1
     3004  26.831480  102.980282    11.607     4364.8   -14671.4     4897.8     29.7     44.9     35.0 2023  1  6  4 51 22.890  4.0     0     0     5     3 -9.000  0.024   1
     3011  26.808177  102.966130     9.750     2959.0   -17253.3     3040.6     12.3     16.1     21.2 2023  1  6  6  5 52.560  3.4     0     0     5     8 -9.000  0.044   1
     3012  26.836249  102.967537    11.357     3098.8   -14143.0     4647.7     19.1     24.8     22.9 2023  1  6  6  8 32.900  3.4     0     0    10     5 -9.000  0.035   1
     3018  26.944307  102.842025    12.169    -9365.8    -2169.6     5460.0     11.8      8.9      7.5 2023  1  6  7  0 26.530  3.7     0     0     2     0 -9.000  0.000   1
     3019  26.830774  102.962476    12.498     2596.3   -14749.6     5788.8     15.7     15.1     17.6 2023  1  6  7 51  6.760  4.4     0     0    23    22 -9.000  0.047   1
     3039  26.975114  102.917114     6.225    -1908.9     1243.6     -484.2     22.4     17.5     19.5 2023  1  6 11 15 40.650  5.8     0     0     6     5 -9.000  0.047   1
     3040  26.834837  102.956462    11.700     1998.1   -14299.4     4990.8     13.8     14.2     16.2 2023  1  6 11 24 59.490  4.0     0     0    20    14 -9.000  0.032   1
     3053  26.846999  102.927710     9.814     -858.0   -12951.9     3104.1     23.7     19.0     16.4 2023  1  6 16 14 43.460  3.0     0     0     5     3 -9.000  0.030   1
     3074  26.824701  102.949658    11.502     1322.9   -15422.5     4792.3     28.9     19.7     16.0 2023  1  6 20 36  5.620  4.0     0     0    27    12 -9.000  0.050   1
     3079  26.923651  102.913835     8.081    -2234.9    -4458.6     1371.3     19.2     14.4     13.1 2023  1  6 21 11 24.800  2.8     0     0     3     2 -9.000  0.027   1
     3080  26.826414  102.963249    11.580     2672.9   -15232.7     4870.9     20.2     16.9     19.5 2023  1  6 21 38 29.200  4.6     0     0    22    16 -9.000  0.047   1
     3168  26.973724  102.896313     7.485    -3974.5     1089.7      775.7     28.8     18.8     19.5 2023  1  7 15 39 13.870  3.2     0     0     4     1 -9.000  0.006   1
     3195  26.803141  102.957625    10.523     2114.5   -17811.3     3813.3     24.8     25.4     18.6 2023  1  7 20 13  6.520  3.8     0     0     4     4 -9.000  0.041   1
     3198  26.898059  102.942969    10.577      658.2    -7294.1     3867.2     40.2     33.9     46.8 2023  1  7 20 33 43.560  1.5     0     0     2     1 -9.000  0.006   1
     3208  26.860830  102.822778     4.857   -11280.8   -11419.3    -1851.9      7.4      2.7     18.5 2023  1  7 23  3 16.560  1.4     0     0    11    11 -9.000  0.008   1
     3229  26.798562  102.949430     5.739     1300.3   -18318.7     -969.5      2.0      2.4      4.8 2023  1  8  4 29 56.080  2.9     0     0     5     3 -9.000  0.002   1
     3232  26.837358  102.945207    10.580      880.6   -14020.2     3870.8     43.4     36.7     37.4 2023  1  8  5 28 16.850  4.0     0     0     9     5 -9.000  0.055   1
     3246  26.833567  102.952930    12.403     1647.9   -14440.0     5694.0     20.7     22.4     24.0 2023  1  8  9 21  3.110  4.0     0     0    20    19 -9.000  0.054   1
     3258  26.823649  102.941943    10.432      556.6   -15538.9     3722.4     24.7     37.6     25.4 2023  1  8 12 18 53.500  3.9     0     0    10     4 -9.000  0.042   1
     3266  27.104209  102.853581    18.394    -8212.3    15547.9    11684.2      0.2      0.3      0.2 2023  1  8 14  2 26.880  3.0     0     0     0     2 -9.000  0.000   1
     3284  26.829942  102.952075     9.926     1562.8   -14841.8     3216.5     17.0     19.3     23.8 2023  1  8 17  5 44.160  3.4     0     0    14     5 -9.000  0.040   1
     3289  26.683510  103.009456    12.551     7268.3   -31066.8     5841.7     27.9     17.7     19.2 2023  1  8 18  3 49.040  3.6     0     0     3     1 -9.000  0.056   1
     3297  26.652775  102.942358     4.833      597.8   -34472.3    -1875.4      2.7      2.8     11.4 2023  1  8 20  6 36.720 -0.2     0     0    11     9 -9.000  0.009   1
     3304  26.818559  102.961816    12.719     2531.0   -16103.0     6010.0     19.5     25.3     25.9 2023  1  8 20 59 20.720  3.3     0     0    24     9 -9.000  0.049   1
     3308  26.939610  102.856592    11.369    -7919.5    -2690.3     4659.4     51.9     26.6     33.1 2023  1  8 21 39 13.800  3.6     0     0     3     3 -9.000  0.084   1
     3310  26.942312  102.876489    11.678    -5943.6    -2390.8     4969.0     37.4     26.7     32.6 2023  1  8 21 47 29.640  3.6     0     0     3     3 -9.000  0.084   1
     3357  26.886460  102.932902     9.138     -341.8    -8579.3     2428.4     28.2     21.9     19.2 2023  1  9 16  6 17.250  3.5     0     0    11     3 -9.000  0.043   1
     3358  26.876495  102.941846     8.481      546.8    -9683.6     1771.7     27.7     21.5     19.2 2023  1  9 16 14 24.780  3.4     0     0     4     5 -9.000  0.031   1
     3360  26.875600  102.935392     7.655      -94.5    -9782.8      946.0     20.0     19.6     25.3 2023  1  9 16 39 28.660  3.4     0     0    15     7 -9.000  0.053   1
     3362  26.865306  102.971460    12.440     3488.1   -10923.3     5730.5     18.5     11.5     22.6 2023  1  9 16 57 15.950  4.5     0     0     2     2 -9.000  0.010   1
     3365  26.875566  102.935392     7.960      -94.8    -9786.6     1250.4     21.9     21.4     27.3 2023  1  9 17  8 11.840  2.8     0     0    12     9 -9.000  0.051   1
     3372  26.881124  102.947599     8.701     1117.9    -9170.6     1991.8     20.2     19.8     21.0 2023  1  9 19  8 38.000  3.2     0     0    13     5 -9.000  0.025   1
     3376  26.871997  102.939030     7.260      266.5   -10181.9      550.8     21.4     20.5     16.1 2023  1  9 19 27 32.080  3.2     0     0     9     2 -9.000  0.026   1
     3380  26.877608  102.952669     7.559     1621.8    -9560.3      849.3     26.3     23.3     24.1 2023  1  9 20 35 17.360  5.2     0     0    12     8 -9.000  0.045   1
     3381  26.888888  102.947380     9.501     1096.2    -8310.3     2791.7     31.4     25.2     25.7 2023  1  9 20 39 20.640  3.7     0     0    16     8 -9.000  0.057   1
     3384  26.893840  102.939095    13.092      273.4    -7761.8     6382.3      3.1      7.9      7.3 2023  1  9 21 15 29.980  2.7     0     0     2     2 -9.000  0.005   1
     3385  26.881571  102.939502     8.226      313.9    -9121.1     1516.3     16.1     15.7     16.0 2023  1  9 21 45  5.280  3.4     0     0    21    12 -9.000  0.051   1
     3388  26.883675  102.936914     9.162       56.7    -8888.1     2452.1     30.1     17.3     21.5 2023  1  9 22  7  4.240  4.0     0     0    16     6 -9.000  0.043   1
     3405  26.891665  102.923901     9.727    -1235.5    -8002.8     3017.1     40.0     35.4     31.3 2023  1 10  1 44 54.200  3.1     0     0     3     2 -9.000  0.048   1
     3441  26.878111  102.915226     7.198    -2097.3    -9504.6      488.4     32.2     28.9     25.7 2023  1 10  9 51  7.490  3.8     0     0     8     1 -9.000  0.019   1
     3456  26.846665  102.935726    10.108      -61.8   -12988.8     3398.1     18.4     19.0     19.0 2023  1 10 13 36 48.100  3.8     0     0    14    10 -9.000  0.052   1
     3464  26.854409  102.924829    13.937    -1143.8   -12130.8     7227.5      2.3      2.9      2.5 2023  1 10 15 13 25.780  4.0     0     0     2     3 -9.000  0.012   1
     3468  26.850596  102.944076     9.285      768.4   -12553.2     2575.8     28.4     24.0     28.6 2023  1 10 16 19 19.100  3.2     0     0     4     3 -9.000  0.040   1
     3471  26.957387  102.896834     4.261    -3923.3     -720.5    -2448.4     32.9     32.2     20.8 2023  1 10 18 32 51.000  3.0     0     0     3     1 -9.000  0.008   1
     3496  26.841901  102.946094    14.840      968.2   -13516.7     8130.5      9.8      6.6     12.6 2023  1 11  0  7 17.400  4.0     0     0     4     0 -9.000  0.009   1
     3497  26.950962  102.900179     7.356    -3591.1    -1432.4      646.5     25.0     30.3     15.8 2023  1 11  0 36  5.040  3.0     0     0     1     1 -9.000  0.019   1
     3514  27.117741  102.816439    10.896   -11897.4    17047.2     4186.7     25.2     19.4     26.4 2023  1 11  4 48 25.970  4.7     0     0     5     4 -9.000  0.049   1
     3543  27.102291  102.859245    10.025    -7650.2    15335.2     3315.1     24.4     14.2     15.2 2023  1 11 12 47 56.330  2.8     0     0     8     9 -9.000  0.048   1
     3551  27.087980  102.925024     6.674    -1123.3    13749.6      -34.4      6.9      4.2     12.9 2023  1 11 14 46 36.460  1.1     0     0     4     2 -9.000  0.023   1
     3555  26.882351  102.938037     8.872      168.3    -9034.7     2163.0     15.8     16.9     16.5 2023  1 11 15 39  2.520  3.8     0     0    33    17 -9.000  0.050   1
     3564  26.882473  102.940120     7.676      375.0    -9021.3      966.9     20.3     18.6     23.3 2023  1 11 18 31 49.240  3.3     0     0    15     8 -9.000  0.047   1
     3607  27.100958  102.859546    16.753    -7620.2    15187.5    10043.7      0.3      0.3      0.2 2023  1 12  9 20 26.380  3.9     0     0     0     2 -9.000  0.000   1
     3612  27.116280  102.824121    11.380   -11134.6    16885.3     4670.7     17.3     13.9     17.1 2023  1 12 11  0 25.460  4.5     0     0     3     4 -9.000  0.018   1
     3639  26.865995  102.989079     7.786     5237.8   -10846.9     1076.5     46.8     48.7     44.7 2023  1 12 20 14 58.520  2.8     0     0     1     1 -9.000  0.001   1
     3648  27.101615  102.826636    12.228   -10886.3    15260.4     5518.5     28.0     23.4     24.6 2023  1 12 22 45 29.580  4.0     0     0    10     4 -9.000  0.048   1
     3653  27.107373  102.854810     9.479    -8090.5    15898.3     2769.4     21.0     13.3     17.2 2023  1 13  0  2  4.990  3.8     0     0     4     4 -9.000  0.044   1
     3672  26.835400  102.957585    10.623     2109.9   -14237.0     3913.2     20.3     15.1     16.4 2023  1 13  5 13  5.510  3.9     0     0    15     9 -9.000  0.039   1
     3686  27.113369  102.824715    11.244   -11075.7    16562.6     4534.2     15.9     12.3     17.5 2023  1 13  9 37 46.500  3.2     0     0    12    15 -9.000  0.042   1
     3688  27.120266  102.836670    10.767    -9889.2    17326.9     4057.7     39.9     24.7     38.7 2023  1 13  9 48 48.130  3.8     0     0     1     2 -9.000  0.008   1
     3709  27.107308  102.822266    10.005   -11319.5    15891.1     3295.3     30.9     21.8     33.0 2023  1 13 13 55 47.220  3.8     0     0     2     3 -9.000  0.044   1
     3728  27.107865  102.840413    10.020    -9518.7    15953.0     3310.4     26.9     20.8     20.5 2023  1 13 17 40 57.320  3.1     0     0     5     2 -9.000  0.043   1
     3763  26.777150  102.974056    13.170     3747.3   -20691.3     6460.9     22.0     27.8     17.5 2023  1 14  2  9 10.150  3.9     0     0     3     2 -9.000  0.031   1
     3765  26.795099  102.972054    13.761     3548.4   -18702.4     7051.1     22.3     28.8     16.1 2023  1 14  2 13 49.380  4.0     0     0     3     2 -9.000  0.031   1
     3769  27.104152  102.843994    12.342    -9163.9    15541.5     5632.7     18.6     12.3     16.3 2023  1 14  4 22 24.700  3.5     0     0     9     4 -9.000  0.045   1
     3777  26.875387  102.918953     6.819    -1727.6    -9806.4      109.1     27.5     23.1     22.6 2023  1 14  8 57 21.050  3.1     0     0    11     4 -9.000  0.037   1
     3840  26.952799  102.923063     5.827    -1318.6    -1228.9     -882.4     15.6     11.6     13.0 2023  1 14 21 31 33.200  3.0     0     0     3     2 -9.000  0.018   1
     3865  27.118571  102.803849     7.720   -13145.8    17139.1     1010.5     43.4     25.5     61.6 2023  1 15  4 24 51.430  3.4     0     0     3     2 -9.000  0.052   1
     3931  27.078982  102.937891     6.694      153.4    12752.4      -14.8      8.4      6.4     14.9 2023  1 15 20 13 16.300  0.8     0     0     4     5 -9.000  0.034   1
     3939  27.120966  102.819686     6.227   -11574.7    17404.4     -481.9     22.6     13.7     29.3 2023  1 15 21 57 28.520  3.7     0     0     6     5 -9.000  0.048   1
     3957  26.833331  102.954419    11.481     1795.9   -14466.3     4771.5     19.2     16.2     14.2 2023  1 16  2 13 26.260  4.0     0     0    27    20 -9.000  0.049   1
     3981  26.967818  102.989583     2.561     5285.5      435.3    -4148.9     10.7     11.7      7.4 2023  1 16  8 21 19.850  4.0     0     0     2     1 -9.000  0.018   1
     3990  27.085453  102.928882     7.211     -740.6    13469.7      502.2      8.4      7.3     14.2 2023  1 16 11 43 16.400  1.9     0     0    16    17 -9.000  0.038   1
     4005  26.833779  102.978385     9.942     4176.1   -14416.7     3232.5     30.7     22.3     31.0 2023  1 16 16  3 19.020  3.8     0     0     5     0 -9.000  0.027   1
     4008  26.971263  102.922144     6.358    -1410.1      816.9     -351.6     28.4     21.5     20.5 2023  1 16 16 16 44.590  3.5     0     0     9     5 -9.000  0.045   1
     4025  27.108592  102.855672    10.039    -8005.0    16033.4     3329.2     21.7     13.8     16.4 2023  1 16 19  2 17.560  3.0     0     0     2     3 -9.000  0.024   1
     4113  26.653269  102.942879     5.538      649.9   -34417.5    -1170.8      1.9      2.0      6.0 2023  1 17 15 23 16.710  1.0     0     0    11     8 -9.000  0.007   1
     4130  27.106708  102.826554    13.395   -10893.6    15824.7     6685.9     20.4     19.4     21.6 2023  1 17 18 47 54.200  3.9     0     0     6     3 -9.000  0.037   1
     4159  26.861245  102.819344     2.185   -11622.1   -11373.4    -4523.9      1.4      1.2      6.7 2023  1 18  0  3 16.600  0.8     0     0     8     5 -9.000  0.002   1
     4201  27.102775  102.893140     7.617    -4287.4    15388.8      907.9     10.3      2.5     15.4 2023  1 18  9  8 42.450  3.0     0     0     1     3 -9.000  0.013   1
     4226  26.926654  102.915511     7.271    -2068.5    -4125.8      561.9     12.7     13.7     14.1 2023  1 18 17 22 49.000  2.7     0     0     9     3 -9.000  0.029   1
     4325  26.574028  103.040422    10.171    10351.0   -43197.8     3462.0      8.6     13.7     14.0 2023  1 19 18 37 36.640  4.0     0     0     3     1 -9.000  0.020   1
     4331  26.858223  102.930835    10.262     -547.7   -11708.1     3552.1     19.9     16.8     14.3 2023  1 19 22  6 22.880  4.0     0     0    16     4 -9.000  0.026   1
     4408  27.107546  102.833439    12.355   -10210.7    15917.6     5645.6     26.6     18.2     16.6 2023  1 20 19  7 17.240  3.8     0     0     7     4 -9.000  0.050   1
     4430  26.797795  102.951270     2.562     1483.2   -18403.9    -4146.5      2.8      3.0      4.1 2023  1 20 22 39 56.080  2.4     0     0     8    10 -9.000  0.004   1
     4476  26.990295  102.775846    11.390   -15933.3     2925.9     4680.9     40.0     36.8     42.7 2023  1 21 19 43 34.080  3.6     0     0     3     1 -9.000  0.037   1
     4506  27.014284  102.858260     9.792    -7750.7     5583.8     3082.4     27.6     34.0     24.3 2023  1 22  4 54 10.260  3.8     0     0     1     2 -9.000  0.033   1
     4529  27.101622  102.892708     6.387    -4330.0    15261.0     -322.0     10.2      2.5     16.6 2023  1 22 12 31 33.490  4.1     0     0     1     3 -9.000  0.013   1
     4537  26.834208  102.913118    11.603    -2307.7   -14369.0     4893.9     27.5     18.8     22.4 2023  1 22 14 38 34.520  3.4     0     0     4     4 -9.000  0.029   1
     4548  27.119928  102.878076    11.184    -5781.2    17289.5     4475.4      1.9      0.9      4.6 2023  1 22 17 43 16.680  0.9     0     0     2     3 -9.000  0.002   1
     4558  26.921924  102.924235     8.574    -1202.2    -4649.8     1865.0     31.7     28.3     28.1 2023  1 22 20 26  0.200  3.0     0     0     1     2 -9.000  0.049   1
     4561  26.984853  102.903304    18.884    -3280.4     2322.7    12174.7      6.8      4.3      7.3 2023  1 22 21 43 13.880  3.7     0     0    15     6 -9.000  0.010   1
     4569  27.121741  102.820174     5.920   -11525.8    17490.3     -789.4     22.4     13.7     33.1 2023  1 22 23 57 49.480  3.5     0     0     3     3 -9.000  0.045   1
     4652  26.869358  102.899862    15.040    -3623.8   -10474.4     8330.1      6.2      3.7      7.2 2023  1 23 20  7 57.300  3.5     0     0     1     3 -9.000  0.004   1
     4663  27.102301  102.852897    12.620    -8280.2    15336.4     5910.8     34.0     34.9     21.1 2023  1 23 21 54 10.080  4.5     0     0     3     2 -9.000  0.079   1
     4699  27.109041  102.817668    10.451   -11775.3    16083.2     3741.4     22.8     18.2     31.3 2023  1 24  5 27  3.440  3.8     0     0     5     2 -9.000  0.037   1
     4710  27.045188  102.842505    12.812    -9313.5     9008.1     6102.3      2.7      1.0      2.6 2023  1 24  8 18 32.320  3.0     0     0     2     0 -9.000  0.000   1
     4749  26.836656  102.914062    10.861    -2213.6   -14097.9     4151.5     47.9     16.4     19.1 2023  1 24 18 28 40.800  5.6     0     0     4     2 -9.000  0.033   1
     4751  26.838605  102.942391     8.010      600.8   -13882.0     1301.0     14.9     14.9     18.4 2023  1 24 18 39  7.920  3.8     0     0    11     8 -9.000  0.042   1
     4752  26.846096  102.926799     9.941     -948.7   -13052.0     3231.2     23.9     17.5     17.6 2023  1 24 19  2 19.500  4.9     0     0    12     3 -9.000  0.043   1
     4760  26.920249  102.900057     6.179    -3603.2    -4835.4     -530.2      6.9      6.3      5.0 2023  1 24 20 15  3.040  2.4     0     0     5     1 -9.000  0.025   1
     4772  26.653271  102.942879     5.546      650.0   -34417.3    -1162.3      2.0      2.0      5.9 2023  1 24 22 23 16.720  0.8     0     0    11     8 -9.000  0.007   1
     4792  26.864956  102.929102    14.111     -719.3   -10962.1     7401.5      2.4      3.0      2.7 2023  1 25  2 54 46.650  3.5     0     0     2     2 -9.000  0.000   1
     4801  27.088401  102.924382     6.245    -1186.8    13796.2     -463.1      5.8      4.6     10.7 2023  1 25  6 53 16.480  1.5     0     0    16    10 -9.000  0.027   1
     4804  26.653408  102.943001     5.730      661.7   -34402.3     -978.1      2.9      3.1     10.3 2023  1 25  8  9 56.700 -0.7     0     0    11     8 -9.000  0.009   1
     4818  26.967037  102.913981     6.706    -2220.1      348.8       -3.7     18.8     13.2     18.2 2023  1 25 12 51 58.540  3.8     0     0    17    13 -9.000  0.044   1
     4822  26.977765  102.923934     7.852    -1232.4     1537.5     1142.5     22.2     12.7     18.3 2023  1 25 14  8 38.550  3.7     0     0    16     9 -9.000  0.045   1
     4827  26.947375  102.910156     5.356    -2600.5    -1829.8    -1353.6     16.8     11.1     15.4 2023  1 25 15 29  9.120  3.7     0     0     3     2 -9.000  0.018   1
     4862  26.797758  102.951221     2.544     1478.4   -18407.9    -4164.8      2.1      2.1      3.1 2023  1 25 21 49 56.080  0.9     0     0    11    10 -9.000  0.004   1
     4866  26.713129  102.995728     8.732     5902.4   -27784.9     2023.0     10.1     12.1     11.9 2023  1 25 22 18 22.160  4.4     0     0     3     1 -9.000  0.006   1
     4882  26.858441  102.889274     7.036    -4675.2   -11684.0      327.0     23.5     15.8     25.1 2023  1 26  0 29 31.340  3.0     0     0     3     2 -9.000  0.034   1
     4890  26.707528  103.004891     9.653     6813.4   -28405.5     2944.0      7.4      7.5      7.2 2023  1 26  2  7 33.180  3.8     0     0     3     2 -9.000  0.017   1
     4914  26.985105  102.903190    18.945    -3291.4     2350.7    12236.0      7.4      2.9     10.5 2023  1 26  8 13 13.870  2.1     0     0    12     4 -9.000  0.013   1
     4980  26.862526  102.927425     9.623     -885.9   -11231.3     2914.0     31.6     21.4     24.8 2023  1 27  3  4  4.990  3.6     0     0    11     7 -9.000  0.043   1
     4992  26.866278  102.972786    11.121     3619.8   -10815.5     4411.3     19.4     20.1     21.6 2023  1 27  6 13 52.450  3.7     0     0    13     7 -9.000  0.044   1
     4994  26.688833  103.003044    11.583     6630.3   -30477.2     4873.6     26.4     17.5     20.0 2023  1 27  6 25 49.640  3.8     0     0     3     1 -9.000  0.056   1
     5006  26.990816  102.825106    10.417   -11043.1     2983.5     3707.3     23.1     11.2     22.7 2023  1 27 10 58 34.150  4.0     0     0     8     1 -9.000  0.035   1
     5016  26.975789  102.895768     9.021    -4028.7     1318.5     2311.2     32.2     23.7     21.2 2023  1 27 12  9 22.630  3.7     0     0     3     0 -9.000  0.008   1
     5023  26.977171  102.933480     7.900     -284.6     1471.7     1190.1     21.2     19.4     15.3 2023  1 27 13 50 19.710  3.6     0     0     7     1 -9.000  0.030   1
     5030  26.992607  102.813078    10.640   -12236.9     3182.0     3930.4     15.4     16.2     17.2 2023  1 27 15 32  4.380  2.9     0     0     6     3 -9.000  0.039   1
     5031  26.996781  102.821493    10.988   -11401.8     3644.6     4278.7     18.5      9.6     19.4 2023  1 27 15 33 32.140  3.6     0     0     8     2 -9.000  0.024   1
     5061  26.913200  102.911711     5.532    -2446.3    -5616.5    -1177.3     15.1     17.1     17.4 2023  1 27 22 15  4.320  2.6     0     0     7     1 -9.000  0.029   1
     5074  26.842716  102.979932    13.836     4329.6   -13426.3     7126.4     37.8     22.7     22.0 2023  1 28  1 40  9.800  3.6     0     0     1     2 -9.000  0.042   1
     5139  26.925264  102.884489     7.878    -5149.3    -4279.8     1168.9     25.0     19.6     17.1 2023  1 28 19 57 32.440  3.8     0     0     3     2 -9.000  0.055   1
     5183  27.130920  103.105420    13.801    16774.6    18507.5     7092.0     36.2     38.0     40.9 2023  1 29  5 21 28.540  4.0     0     0     1     1 -9.000  0.000   1
     5199  27.109296  102.804167    11.765   -13115.1    16111.4     5055.3     59.0     38.5     67.0 2023  1 29  9 19  2.490  4.0     0     0     3     2 -9.000  0.048   1
     5210  27.062628  102.833732     8.676   -10183.9    10940.5     1966.8     38.1     13.8     22.8 2023  1 29 12 18 41.550  3.1     0     0     1     2 -9.000  0.027   1
     5216  26.714451  103.011800     8.550     7499.7   -27638.5     1840.5      6.8      5.5      7.6 2023  1 29 13 41  6.700  3.6     0     0     6     3 -9.000  0.013   1
     5219  26.740570  102.860978    22.784    -7490.5   -24744.3    16074.3      3.1      1.8      2.8 2023  1 29 14  9 49.600 -0.3     0     0     1     2 -9.000  0.001   1
     5255  26.861324  102.944417     7.553      801.5   -11364.4      843.5     20.9     17.7     17.3 2023  1 29 22 51 44.400  3.5     0     0    14     5 -9.000  0.030   1
     5300  26.834062  102.949007     8.098     1257.8   -14385.2     1388.6     14.4     14.9     20.9 2023  1 30 12  1 48.910  3.4     0     0     7     8 -9.000  0.041   1
     5305  26.856732  102.940015    12.871      364.7   -11873.4     6161.3     20.7     23.3     18.0 2023  1 30 12 26 52.020  3.9     0     0     4     4 -9.000  0.027   1
     5322  27.084281  102.930477     7.700     -581.9    13339.7      991.9      7.3      6.4      9.9 2023  1 30 17 46 36.360 -0.1     0     0    13    15 -9.000  0.026   1
     5323  26.935622  102.838696    13.366    -9696.3    -3132.1     6656.9     12.1      9.0      7.3 2023  1 30 18  8 31.900  3.1     0     0     2     0 -9.000  0.000   1
     5386  26.799300  102.949105     5.722     1267.5   -18237.0     -986.4      1.2      2.3      5.1 2023  1 31  8 33 16.070  1.6     0     0     2     1 -9.000  0.000   1
     5413  26.617283  103.010620     9.298     7385.7   -38404.9     2588.3     19.9     17.9     11.0 2023  1 31 16 27 59.250  4.1     0     0     3     1 -9.000  0.004   1
     5418  26.880233  102.906877     6.263    -2926.7    -9269.4     -446.7     35.8     29.0     24.8 2023  1 31 17  3 23.800  4.2     0     0     5     2 -9.000  0.015   1
     5430  27.014703  102.932218     2.578     -409.5     5630.3    -4131.0     29.4     28.4     41.5 2023  1 31 19 52 21.600  2.6     0     0     2     0 -9.000  0.002   1
     5432  26.929028  102.913062     6.961    -2311.7    -3862.8      251.7     16.9     13.3     18.4 2023  1 31 20 31 50.740  2.8     0     0    23     8 -9.000  0.042   1
     5437  26.967116  102.910685     8.548    -2547.7      357.6     1838.6     27.1     33.7     19.3 2023  1 31 21 28 23.440  3.1     0     0     8     3 -9.000  0.040   1
     5442  26.934833  102.907853     6.785    -2829.3    -3219.6       75.4     19.7     13.9     22.5 2023  1 31 22 23 52.140  3.0     0     0    14     0 -9.000  0.024   1
     5502  27.012390  102.823071     3.956   -11244.1     5374.0    -2753.6     47.4     43.3     64.1 2023  2  1 19 32 32.760  3.1     0     0     4     0 -9.000  0.033   1
     5503  27.058673  102.847135     8.043    -8853.6    10502.4     1333.9     11.6      8.3     12.2 2023  2  1 20  5  2.880  3.6     0     0     8     7 -9.000  0.031   1
     5533  27.015544  102.933700     3.219     -262.4     5723.3    -3490.3     30.2     29.2     42.3 2023  2  2  3 50 12.990  3.5     0     0     2     0 -9.000  0.002   1
     5538  26.988361  102.941675     4.501      529.2     2711.4    -2208.7     24.8     25.6     23.0 2023  2  2  4 41  3.370  3.0     0     0     2     2 -9.000  0.022   1
     5609  26.937830  102.892236     8.495    -4379.8    -2887.4     1785.4     25.2     22.3     17.5 2023  2  2 20 27  4.200  3.2     0     0     3     2 -9.000  0.055   1
     5615  26.838021  102.941724     6.715      534.6   -13946.6        5.4     19.3     21.3     34.4 2023  2  2 21 52 48.000  2.7     0     0     4     4 -9.000  0.027   1
     5656  27.107005  102.853003     6.469    -8269.5    15857.5     -240.9     26.5     22.5     27.0 2023  2  3  9 59 32.520  3.8     0     0     2     1 -9.000  0.009   1
     5658  26.652356  102.942000     4.627      562.5   -34518.9    -2081.3      3.3      3.7     11.7 2023  2  3 10 59 56.730  0.6     0     0     8     9 -9.000  0.010   1
     5778  26.855540  102.938631    11.455      227.1   -12005.5     4745.7     27.7     36.6     38.9 2023  2  4 20  7 36.680  2.9     0     0     5     3 -9.000  0.044   1
     5785  26.986477  102.926961     3.331     -931.5     2502.6    -3378.0     12.2     12.6     13.1 2023  2  4 21 12 47.960  3.0     0     0     4     4 -9.000  0.020   1
     5791  27.090906  102.876807     7.721    -5907.7    14073.8     1011.8      3.3      2.0      3.3 2023  2  4 22 14 28.360  3.1     0     0     1     2 -9.000  0.000   1
     5869  26.898293  102.907951     4.757    -2820.2    -7268.4    -1951.2     21.9     15.5     22.2 2023  2  5 20 48 23.920  2.9     0     0     4     0 -9.000  0.027   1
     5886  26.967204  102.918115     8.140    -1809.5      367.3     1430.6     22.2     25.4     14.0 2023  2  6  1 12 27.310  5.2     0     0    22     9 -9.000  0.042   1
     5889  26.981525  102.933439     3.367     -288.6     1954.1    -3342.7      8.1     12.7     10.9 2023  2  6  1 43 58.220  3.5     0     0     6     3 -9.000  0.035   1
     5917  26.970249  102.915568     8.512    -2062.8      704.8     1802.1     13.6     19.7     12.8 2023  2  6  8 30 30.960  4.8     0     0    13     3 -9.000  0.030   1
     5995  26.860817  102.820150     2.416   -11541.5   -11420.6    -4292.0      1.4      1.1      3.1 2023  2  7  5 29 56.610  1.7     0     0    11     8 -9.000  0.003   1
     6008  26.961875  102.885734     5.521    -5025.1     -223.1    -1187.9     43.2     36.1     25.9 2023  2  7 10 51 42.840  3.0     0     0     1     0 -9.000  0.000   1
     6016  26.577781  103.055965     9.057    11896.9   -42781.9     2347.7     12.9     16.6     19.4 2023  2  7 12 22 33.540  4.3     0     0     4     0 -9.000  0.012   1
     6029  26.975358  102.916569     4.310    -1963.1     1270.7    -2399.0     22.0     27.8     12.2 2023  2  7 14 24 46.290  3.0     0     0     6     2 -9.000  0.036   1
     6042  27.009347  102.862174     9.765    -7362.3     5036.9     3055.5     27.0     34.6     24.1 2023  2  7 17 12 44.900  3.3     0     0     1     2 -9.000  0.033   1
     6051  26.575122  103.048698     9.908    11174.2   -43076.5     3198.4      7.7      8.7     10.0 2023  2  7 18 46 49.040  4.3     0     0     7     1 -9.000  0.016   1
     6052  26.962008  102.814803     7.398   -12067.7     -208.5      688.2      1.6      0.8      1.8 2023  2  7 19  4 59.480  3.2     0     0     2     1 -9.000  0.000   1
     6065  27.105070  102.858870    11.734    -7687.4    15643.2     5024.1     35.7     34.2     22.1 2023  2  7 22 51 25.800  4.3     0     0     6     6 -9.000  0.073   1
     6124  27.125462  102.844466     9.242    -9115.5    17902.6     2532.6     32.0     21.1     39.7 2023  2  8 15 37 19.590  4.2     0     0     3     2 -9.000  0.051   1
     6170  26.838544  102.959530    15.414     2303.5   -13888.6     8704.9     29.5     35.6     22.9 2023  2  9  5 18 18.340  4.0     0     0     3     1 -9.000  0.016   1
     6203  26.924746  102.921834     7.797    -1440.7    -4337.2     1087.1     28.6     26.6     21.2 2023  2  9 17 12 52.040  2.2     0     0    10     4 -9.000  0.047   1
     6222  26.901396  102.911190     3.302    -2498.1    -6924.4    -3407.1     20.8     15.1     30.5 2023  2  9 20 44 58.680  2.7     0     0     4     0 -9.000  0.027   1
     6234  26.979083  102.813997     6.915   -12147.0     1683.6      205.6      1.6      0.9      1.7 2023  2  9 22 39 56.920  3.3     0     0     2     1 -9.000  0.000   1
     6239  26.894299  102.944100    14.522      770.7    -7710.8     7812.5      2.9      8.2      7.2 2023  2  9 23 37 29.600  3.3     0     0     2     2 -9.000  0.005   1
     6311  26.976835  102.778687    10.873   -15652.1     1434.5     4163.7     39.4     35.2     42.1 2023  2 10 18 13 48.200  2.5     0     0     3     1 -9.000  0.037   1
     6313  27.088761  102.923389     5.626    -1285.4    13836.1    -1082.0      7.0      4.1      5.9 2023  2 10 18 26 36.520  1.8     0     0     8     6 -9.000  0.007   1
     6315  26.824935  102.966097     9.379     2955.7   -15396.5     2669.5     17.3     26.8     26.0 2023  2 10 18 51 51.160  3.2     0     0     6     7 -9.000  0.030   1
     6317  26.815413  102.961491    14.564     2498.1   -16451.5     7854.5     21.6     22.4     17.3 2023  2 10 18 59 17.320  4.1     0     0     5     1 -9.000  0.029   1
     6322  26.852148  102.989754    14.198     5305.6   -12381.3     7488.9     19.4     15.4     13.0 2023  2 10 20  1 54.380  2.9     0     0     2     4 -9.000  0.040   1
     6336  26.842015  102.955509    12.912     1903.9   -13504.0     6202.3     32.3     35.0     34.8 2023  2 10 22 52 55.840  3.4     0     0     2     3 -9.000  0.008   1
     6337  26.812425  102.959985    10.336     2348.6   -16782.8     3626.3     21.4     21.9     19.0 2023  2 10 23 21 27.200  3.2     0     0     4     7 -9.000  0.026   1
     6343  26.928699  102.905021     8.486    -3110.2    -3899.2     1776.5     34.7     32.5     25.6 2023  2 11  0 34 33.460  4.3     0     0     3     2 -9.000  0.034   1
     6365  27.127273  102.860213     7.641    -7553.3    18103.4      931.6     21.9     13.3     25.6 2023  2 11  8 41  3.580  3.1     0     0     4     4 -9.000  0.027   1
     6436  26.989962  102.922144     2.855    -1409.5     2888.9    -3854.9     12.6     15.2     14.3 2023  2 12  3  7  9.490  4.3     0     0     4     4 -9.000  0.038   1
     6441  26.855725  102.947998    12.215     1157.6   -11984.9     5505.4     26.5     34.6     27.8 2023  2 12  3 36 55.090  3.3     0     0     8     3 -9.000  0.041   1
     6478  26.877555  102.917586    14.261    -1863.5    -9566.0     7551.4     22.9     18.1     17.4 2023  2 12 15 24 31.460  3.9     0     0     2     2 -9.000  0.035   1
     6485  26.840814  102.952132     2.605     1568.6   -13637.1    -4104.4     21.1     20.3     31.8 2023  2 12 17  1 26.740  3.1     0     0     2     2 -9.000  0.047   1
     6642  27.079209  102.937199     6.153       84.9    12777.8     -555.1      7.4      2.5      8.0 2023  2 14 20 23 16.320  1.0     0     0    15    17 -9.000  0.016   1
     6645  26.872530  102.959880    12.039     2337.3   -10122.8     5329.3     20.8     22.2     21.1 2023  2 14 21 11 56.540  3.3     0     0     4     1 -9.000  0.028   1
     6646  27.109159  102.858545     0.955    -7719.4    16096.2    -5754.5      8.6      5.5     10.0 2023  2 14 21 35 59.380  3.3     0     0     1     3 -9.000  0.001   1
     6672  27.103251  102.845703    12.644    -8994.2    15441.7     5934.7     18.8     14.7     15.4 2023  2 15  6 37 39.600  4.2     0     0     7     1 -9.000  0.044   1
     6679  27.107542  102.842285     9.732    -9333.1    15917.0     3022.2     35.4     21.9     23.5 2023  2 15 10 22 17.600  3.7     0     0     5     4 -9.000  0.043   1
     6691  26.866606  102.979761    17.713     4312.8   -10779.3    11003.7     15.9     11.7     13.1 2023  2 15 12 37 42.850  3.5     0     0     1     2 -9.000  0.023   1
     6703  27.110913  102.842619     5.352    -9300.1    16290.5    -1357.1     25.6     14.6     30.5 2023  2 15 15 17 29.630  3.1     0     0     4     2 -9.000  0.021   1
     6706  27.111304  102.846468     3.666    -8917.4    16333.8    -3043.4     45.0     33.5    119.5 2023  2 15 16 28  5.050  2.7     0     0     2     0 -9.000  0.009   1
     6719  26.832623  102.949178    15.248     1275.1   -14544.6     8538.5     23.0     18.1     21.3 2023  2 15 20 50 46.780  3.2     0     0     1     3 -9.000  0.016   1
     6723  27.068077  102.856226     7.001    -7950.8    11544.1      291.7     30.6     20.6     28.5 2023  2 15 22 10 54.280  3.5     0     0     5     1 -9.000  0.041   1
     6774  26.861292  102.819019     0.774   -11654.2   -11368.1    -5934.9      2.4      1.4      6.9 2023  2 16 20 43 16.600  0.8     0     0     6     3 -9.000  0.005   1
     6783  27.109772  102.828727    10.293   -10678.2    16164.2     3583.4     20.1     12.9     19.1 2023  2 17  0 14 51.000  3.8     0     0    10     7 -9.000  0.041   1
     6834  26.826630  102.960840    11.304     2433.3   -15208.8     4595.0     25.9     17.3     15.5 2023  2 17 23  0 31.040  4.1     0     0    30    16 -9.000  0.040   1
     7044  27.128715  102.828337     9.954   -10715.7    18263.1     3244.2     30.8     21.7     37.1 2023  2 21 10 20 53.720  4.7     0     0     3     2 -9.000  0.051   1
     7083  26.919187  102.904329     5.252    -3179.1    -4953.2    -1457.4     16.0     16.9     17.4 2023  2 21 23 18 39.780  4.7     0     0     7     1 -9.000  0.029   1
     7151  27.203912  102.819051    10.554   -11633.2    26595.1     3844.8     11.3     23.1     13.1 2023  2 22 19 25 29.720  4.1     0     0     9     6 -9.000  0.039   1
     7153  26.892122  102.890202    13.459    -4582.9    -7952.1     6750.1      4.1      2.9      2.1 2023  2 22 19 45 20.800  3.4     0     0     2     1 -9.000  0.000   1
     7177  26.797809  102.951204     2.527     1476.5   -18402.2    -4181.9      2.4      2.6      2.8 2023  2 23  9 23 16.090  1.7     0     0     8     6 -9.000  0.001   1
     7182  26.804976  102.910425    10.088    -2575.2   -17607.9     3378.4      1.7      1.0      1.2 2023  2 23 11 33 42.560  3.5     0     0     1     1 -9.000  0.000   1
     7186  27.107202  102.840763     0.932    -9483.8    15879.5    -5777.1      8.2      5.6     10.0 2023  2 23 14  5 41.170  3.0     0     0     1     3 -9.000  0.001   1
     7270  27.128239  103.110018    13.057    17231.2    18210.5     6347.2     35.7     37.5     42.9 2023  2 24 20  1 25.240  3.2     0     0     1     1 -9.000  0.000   1
     7290  27.205743  102.814437     9.080   -12090.7    26798.0     2370.9     27.0     25.7     37.3 2023  2 25  5 47 20.380  3.9     0     0     8     3 -9.000  0.036   1
     7332  26.856380  102.948836     7.197     1240.6   -11912.3      487.3     21.2     14.3     14.8 2023  2 25 17 28  3.340  3.7     0     0     9     5 -9.000  0.038   1
     7374  27.207648  102.808105    10.848   -12719.1    27009.2     4139.1     12.0     23.9     14.6 2023  2 26  2 50 36.020  5.0     0     0     9     5 -9.000  0.042   1
     7375  27.197013  102.830005     8.890   -10547.2    25830.7     2180.9     58.9     48.0     69.4 2023  2 26  2 54 34.340  4.3     0     0     4     3 -9.000  0.016   1
     7377  27.204140  102.812915     9.037   -12241.7    26620.4     2327.6     24.9     19.8     29.5 2023  2 26  3 56 47.460  4.3     0     0     6     5 -9.000  0.029   1
     7413  26.851050  102.946509     6.829     1009.9   -12502.9      119.2     15.5     13.6     23.6 2023  2 26 16 17  1.730  3.2     0     0    19     9 -9.000  0.039   1
     7429  27.059302  102.843896     7.331    -9175.1    10571.8      621.6     14.0     10.4     15.6 2023  2 26 22 17 28.580  3.0     0     0     5     2 -9.000  0.012   1
     7438  26.922565  102.924414     6.468    -1184.6    -4578.8     -241.0     19.8     19.4     17.0 2023  2 27  1 33 44.960  4.5     0     0    16     5 -9.000  0.056   1
     7446  26.859650  102.948494    10.716     1207.0   -11550.1     4007.0     24.9     20.2     21.3 2023  2 27  5 56 54.190  3.8     0     0    10     6 -9.000  0.056   1
     7483  26.834542  102.938981     7.832      262.3   -14332.1     1122.3     13.4     13.8     18.8 2023  2 27 20 25 39.080  3.9     0     0    10     8 -9.000  0.032   1
     7526  26.859778  102.926074    11.626    -1020.4   -11535.9     4916.6     17.6     17.0     16.5 2023  2 28 15 11  6.250  3.8     0     0     4     2 -9.000  0.035   1
     7544  26.864439  102.903402     8.590    -3272.3   -11019.3     1880.8     16.2     12.9     12.4 2023  2 28 21 24  5.440  3.6     0     0     5     2 -9.000  0.028   1
     7545  26.625262  103.007007     9.228     7026.3   -37520.9     2518.2     20.0     18.1     11.3 2023  2 28 21 42 45.800  4.3     0     0     3     1 -9.000  0.004   1
     7547  26.797072  102.951888     2.091     1544.7   -18483.8    -4617.4      4.8      3.7     10.9 2023  2 28 22 13 16.080  1.9     0     0    11     8 -9.000  0.003   1
     7574  26.850753  102.951335     6.727     1489.2   -12535.9       17.7     23.2     17.0     27.9 2023  3  1 10 42 47.170  3.7     0     0    12     9 -9.000  0.055   1
     7582  26.886947  102.919531    13.859    -1669.9    -8525.5     7149.7     22.8     18.8     16.5 2023  3  1 11 42 31.070  3.8     0     0     4     4 -9.000  0.030   1
     7583  26.857743  102.940698    10.172      432.5   -11761.3     3462.5     18.8     17.4     17.6 2023  3  1 11 57 26.170  4.0     0     0    40    19 -9.000  0.041   1
     7594  26.846680  102.965299     6.562     2876.3   -12987.1     -147.1     16.4     10.8     20.3 2023  3  1 16 21 47.940  3.1     0     0    16    12 -9.000  0.039   1
     7605  26.853534  102.955241    11.082     1877.3   -12227.8     4372.2     52.5     55.1     34.3 2023  3  1 21 29 18.520  3.4     0     0    11     3 -9.000  0.049   1
     7629  26.860935  102.821883     4.194   -11369.5   -11407.7    -2514.7      3.4      1.6     11.1 2023  3  2  9 46 36.600  1.5     0     0    13    13 -9.000  0.004   1
     7651  27.118921  102.913843    11.390    -2232.6    17177.8     4680.6    161.6    125.3    154.4 2023  3  2 16 21 30.800  3.4     0     0     1     1 -9.000  0.003   1
     7653  27.012368  102.815210     5.372   -12024.9     5371.5    -1337.2     48.4     43.3     59.5 2023  3  2 16 50 48.130  4.5     0     0     4     0 -9.000  0.033   1
     7662  26.794645  102.941504     2.079      512.4   -18752.8    -4629.0     16.0      9.1     11.2 2023  3  2 21 56 36.060  1.1     0     0     9     6 -9.000  0.009   1
     7666  26.859344  102.950203    12.442     1376.5   -11584.0     5732.7     17.1     14.9     17.0 2023  3  2 22 25 24.200  5.5     0     0    28    16 -9.000  0.047   1
     7671  26.854464  102.964998     8.039     2846.1   -12124.8     1329.1     20.2     17.1     26.8 2023  3  2 22 48 54.960  4.1     0     0    26    15 -9.000  0.048   1
     7696  26.860555  102.823722     4.474   -11187.2   -11449.7    -2234.4      2.3      1.3      6.6 2023  3  3 13 16 36.600  1.6     0     0     8     8 -9.000  0.004   1
     7697  26.860927  102.821891     4.193   -11368.8   -11408.5    -2515.2      3.0      1.2     10.9 2023  3  3 13 26 36.600  1.8     0     0    13    13 -9.000  0.004   1
     7701  26.864431  102.819840     3.488   -11572.8   -11020.3    -3220.0      4.0      2.8     10.9 2023  3  3 16 43 17.230  1.1     0     0     3     2 -9.000  0.001   1
     7709  26.822898  102.958545     9.467     2205.5   -15622.2     2757.5     19.1     18.3     30.8 2023  3  3 18 35 14.000  3.0     0     0    10     6 -9.000  0.052   1
     7755  27.143974  102.815715    10.625   -11967.6    19953.8     3915.1     22.2     12.3     25.5 2023  3  4 21  6 18.000  3.3     0     0     3     2 -9.000  0.031   1
     7763  26.865637  102.902572     9.363    -3354.2   -10886.6     2653.3     14.7     10.5      9.1 2023  3  5  3 25 55.960  3.2     0     0     6     2 -9.000  0.039   1
     7770  26.848181  102.965869     5.581     2933.0   -12820.8    -1127.9     12.4     12.2     21.1 2023  3  5  8 40 13.980  3.2     0     0     8     5 -9.000  0.038   1
     7783  26.864431  102.819816     2.885   -11575.0   -11020.2    -3823.6      4.0      2.7      5.6 2023  3  5 15 29 57.220  3.1     0     0     3     2 -9.000  0.001   1
     7785  26.857359  102.945076    10.618      867.2   -11803.9     3908.2     23.8     17.7     23.5 2023  3  5 15 55  1.420  3.8     0     0    39    11 -9.000  0.042   1
     7813  26.866368  102.955965    11.063     1948.7   -10805.8     4353.7     22.8     18.1     20.4 2023  3  6  3 24 59.830  3.4     0     0    26    16 -9.000  0.049   1
     7825  27.129425  102.806673    10.412   -12865.5    18341.8     3702.4     22.1     12.4     25.7 2023  3  6  7 11 15.890  4.7     0     0     3     2 -9.000  0.031   1
     7827  27.126552  102.869352     6.835    -6646.7    18023.5      125.9     24.2     13.4     27.0 2023  3  6  7 43  0.260  2.9     0     0     2     2 -9.000  0.031   1
     7839  27.062834  102.853011     8.567    -8270.6    10963.3     1857.2     17.7     12.0     18.3 2023  3  6 17  7 18.600  3.6     0     0     3     2 -9.000  0.020   1
     7853  26.843382  102.944027    12.051      763.2   -13352.5     5341.3     44.8     28.2     36.4 2023  3  6 20 48 46.300  6.5     0     0     7     4 -9.000  0.023   1
     7856  26.842029  102.977189     7.565     4057.2   -13502.6      856.0     23.8     17.7     33.1 2023  3  6 21  4 33.200  3.1     0     0    10     8 -9.000  0.047   1
     7859  26.875594  102.898926     8.872    -3716.5    -9783.5     2162.9     27.6     21.9     26.1 2023  3  6 21 24 19.720  3.2     0     0     7     4 -9.000  0.047   1
     7865  26.849333  102.935148    10.268     -119.2   -12693.2     3558.3     22.2     20.3     14.3 2023  3  6 21 58  3.400  3.6     0     0     9     1 -9.000  0.013   1
     7866  26.860828  102.914551     8.289    -2164.4   -11419.6     1579.7     25.6     16.6     22.2 2023  3  6 22 22 54.820  3.7     0     0    18    11 -9.000  0.057   1
     7871  26.848885  102.959001     6.641     2250.6   -12742.8      -68.1     24.2     18.4     24.8 2023  3  6 23 14 54.360  3.2     0     0     7     5 -9.000  0.048   1
     7873  26.866538  102.952669    10.457     1621.7   -10786.7     3747.2     18.0     12.7     19.5 2023  3  6 23 32 30.880  3.2     0     0    37    23 -9.000  0.037   1
     7875  26.848484  102.917993    12.481    -1822.8   -12787.2     5771.7     24.2     20.1     22.4 2023  3  6 23 42 50.040  3.6     0     0     4     4 -9.000  0.021   1
     7877  26.862038  102.971362    13.072     3478.7   -11285.4     6362.9     25.1     28.3     29.1 2023  3  6 23 51 23.960  4.2     0     0     7     7 -9.000  0.056   1
     7878  26.843319  102.917285     7.003    -1893.6   -13359.6      293.7     27.5     18.7     27.0 2023  3  7  0  4  1.920  4.0     0     0     8     4 -9.000  0.021   1
     7880  26.850226  102.930916    13.492     -539.5   -12594.3     6782.4     34.0     22.1     24.3 2023  3  7  0 14 26.030  4.0     0     0     2     1 -9.000  0.002   1
     7889  26.855725  102.952938     9.414     1648.4   -11985.0     2704.6     21.2     24.1     20.3 2023  3  7  1 31 59.050  3.9     0     0    20    16 -9.000  0.041   1
     7891  26.846737  102.954891    10.226     1842.6   -12981.0     3516.7     22.6     19.8     22.7 2023  3  7  2 24 31.590  4.5     0     0    22    10 -9.000  0.044   1
     7894  26.851725  102.923397     6.803    -1285.8   -12428.2       93.3     13.9      8.5     14.6 2023  3  7  3 21 32.450  3.8     0     0    23    10 -9.000  0.038   1
     7895  26.851609  102.962158    11.736     2564.6   -12441.1     5027.0     76.6     57.9     74.6 2023  3  7  3 41 31.660  4.4     0     0     3     2 -9.000  0.015   1
     7897  27.154307  103.110360     6.974    17262.8    21098.8      264.3     41.4     41.5     75.2 2023  3  7  4 18 49.540  3.9     0     0     3     1 -9.000  0.018   1
     7899  26.864197  102.928638     9.192     -765.6   -11046.2     2483.0     16.5     16.8     10.7 2023  3  7  4 37  7.010  3.8     0     0    14    11 -9.000  0.047   1
     7900  26.860911  102.961922    10.312     2540.8   -11410.2     3602.2     37.6     26.4     35.9 2023  3  7  4 41  1.830  3.8     0     0     5     3 -9.000  0.014   1
     7905  26.857424  102.959465     8.437     2296.7   -11796.8     1727.9     20.7     13.1     19.9 2023  3  7  5 48 34.900  3.9     0     0    10     6 -9.000  0.038   1
     7908  26.854541  102.967049    12.025     3050.2   -12116.2     5315.6     20.7     17.8     17.4 2023  3  7  7  3 58.650  4.7     0     0    22    18 -9.000  0.048   1
     7917  26.854871  102.940576    11.516      420.6   -12079.6     4807.0     30.4     28.2     27.5 2023  3  7  8 29 47.590  3.9     0     0    14     4 -9.000  0.037   1
     7918  26.853953  102.943270     6.419      687.9   -12181.2     -290.6     16.0     11.5     25.4 2023  3  7  9  0 10.340  3.6     0     0    16    15 -9.000  0.045   1
     7925  26.838251  102.895890    10.508    -4018.6   -13921.2     3798.9     36.1     16.7     17.0 2023  3  7 12  5  7.670  3.4     0     0     2     2 -9.000  0.023   1
     7935  26.857208  102.941341     9.677      496.2   -11820.6     2967.1     15.5     16.3     13.1 2023  3  7 14 38 37.060  4.7     0     0    37    20 -9.000  0.041   1
     7936  26.838033  102.970874    10.796     3430.5   -13945.3     4086.9     20.7     21.4     19.8 2023  3  7 14 40 28.790  5.5     0     0    10     7 -9.000  0.045   1
     7941  26.838076  102.968522     9.440     3196.7   -13940.5     2730.7     23.0     24.0     29.6 2023  3  7 15 16 57.950  5.0     0     0    12    10 -9.000  0.034   1
     7951  26.852307  102.978263     8.824     4163.9   -12363.6     2115.1     20.8     17.5     24.6 2023  3  7 19  1 47.320  3.7     0     0    11     4 -9.000  0.034   1
     7952  26.853156  102.947852     9.706     1143.0   -12269.7     2996.9     26.6     32.5     27.6 2023  3  7 19 34 57.680  3.8     0     0    20     1 -9.000  0.027   1
     7957  26.850641  102.969523    13.404     3295.7   -12548.2     6694.1     18.8     19.6     19.2 2023  3  7 21 13 56.400  4.6     0     0    17    12 -9.000  0.055   1
     7958  26.847247  102.980534     9.809     4389.4   -12924.4     3099.4     16.3     15.1     20.3 2023  3  7 21 21 37.800  5.0     0     0    16     5 -9.000  0.044   1
     7959  26.852563  102.959440     6.144     2294.3   -12335.2     -565.7     17.5     15.3     27.3 2023  3  7 21 31 15.800  3.7     0     0     4     3 -9.000  0.049   1
     7961  26.854948  102.955892     6.092     1941.4   -12071.0     -617.3     20.4     18.5     35.0 2023  3  7 21 37  4.480  3.4     0     0    14     7 -9.000  0.043   1
     7962  26.853001  102.966838    14.411     3029.3   -12286.8     7701.4     26.1     22.5     23.2 2023  3  7 21 44 29.500  5.0     0     0     9     5 -9.000  0.053   1
     7963  27.119932  102.878019    11.236    -5787.1    17290.0     4527.5      1.9      0.9      4.6 2023  3  7 21 49 56.680  2.0     0     0     2     3 -9.000  0.002   1
     7965  26.857920  102.937370     8.269      101.6   -11741.6     1559.3     20.6     16.8     27.0 2023  3  7 21 58 11.240  3.8     0     0    15     9 -9.000  0.064   1
     7967  26.871893  102.930965     9.982     -534.2   -10193.5     3272.4     17.0     17.1     11.0 2023  3  7 22 18  8.200  2.9     0     0    16    12 -9.000  0.031   1
     7972  26.842712  102.966406     6.251     2986.1   -13426.8     -458.3     20.3     15.1     26.3 2023  3  7 22 43 48.300  3.5     0     0    10     5 -9.000  0.037   1
     7973  26.870343  102.953532    12.135     1707.0   -10365.3     5425.7     11.8     14.4     11.0 2023  3  7 22 56 19.900  2.8     0     0     4     2 -9.000  0.041   1
     7978  26.931441  102.926896     8.149     -938.6    -3595.5     1439.4     36.3     30.4     20.4 2023  3  7 23 32 48.900  3.4     0     0     6     1 -9.000  0.048   1
     7981  26.856384  102.930094     9.181     -620.5   -11912.0     2471.1     15.4     13.8     19.5 2023  3  7 23 40 52.640  3.3     0     0    18    10 -9.000  0.040   1
     7984  26.862964  102.925903    12.535    -1037.3   -11182.9     5825.7     21.1     21.7     19.0 2023  3  8  0 24 24.290  3.9     0     0     2     1 -9.000  0.007   1
     7987  26.863534  102.918042    13.340    -1818.0   -11119.7     6630.2     20.9     19.8     17.0 2023  3  8  0 57 16.840  4.4     0     0     9     5 -9.000  0.032   1
     7990  26.860937  102.821794     4.131   -11378.9   -11407.4    -2577.6      3.9      1.3     12.3 2023  3  8  2 36 36.600  2.5     0     0    16    15 -9.000  0.004   1
     7991  26.847054  102.972135    10.178     3555.2   -12945.8     3468.6     22.2     25.8     28.9 2023  3  8  3  2 53.730  4.3     0     0     5     2 -9.000  0.033   1
     7998  26.852376  102.977482     8.525     4086.6   -12355.9     1815.4     17.0     14.4     23.0 2023  3  8  4 57 33.940  4.1     0     0    20    11 -9.000  0.040   1
     7999  26.853400  102.948210     9.248     1178.6   -12242.6     2538.4     21.5     16.7     19.7 2023  3  8  5 35 56.710  3.8     0     0    15     2 -9.000  0.042   1
     8001  26.848234  102.994710     7.365     5798.2   -12814.9      655.9     16.8     13.7     28.7 2023  3  8  5 58 31.450  3.9     0     0     4     2 -9.000  0.025   1
     8005  26.851717  102.949251     9.733     1282.1   -12429.0     3023.8     30.8     22.2     18.8 2023  3  8  7 58 32.550  4.1     0     0     6    14 -9.000  0.046   1
     8006  26.863704  102.966471    10.684     2992.4   -11100.8     3974.8     33.9     27.4     30.0 2023  3  8  8 34 31.870  3.2     0     0     6     6 -9.000  0.048   1
     8009  26.847591  102.926571     7.585     -970.7   -12886.2      875.1     14.2     11.3     16.0 2023  3  8  9 54 43.010  3.8     0     0     7     3 -9.000  0.027   1
     8010  26.849829  102.977848    11.713     4123.2   -12638.3     5003.5     22.2     20.2     27.2 2023  3  8 10 17 27.190  3.4     0     0     4     6 -9.000  0.031   1
     8014  26.862740  102.972493    12.630     3590.9   -11207.6     5920.4     21.3     20.4     17.2 2023  3  8 10 57 26.200  3.9     0     0     8     5 -9.000  0.037   1
     8017  26.854055  102.977295    10.508     4067.8   -12169.9     3798.7     24.4     21.2     20.1 2023  3  8 11 16  2.650  5.1     0     0     7     5 -9.000  0.034   1
     8018  26.865025  102.949479    12.902     1304.7   -10954.5     6192.9     12.5     14.1     10.4 2023  3  8 11 18  4.450  3.6     0     0     4     2 -9.000  0.010   1
     8024  26.851851  102.975513    12.613     3890.7   -12414.1     5903.7     15.1     16.3     15.1 2023  3  8 12 16  0.100  3.8     0     0    15    14 -9.000  0.039   1
     8028  26.849127  102.912028     6.834    -2415.6   -12715.9      124.9     33.1     25.4     35.3 2023  3  8 13 18 43.510  4.7     0     0     3     1 -9.000  0.061   1
     8032  26.863171  102.974251     8.127     3765.7   -11159.9     1417.4     22.9     22.5     31.5 2023  3  8 14 11 31.160  3.8     0     0     4     3 -9.000  0.039   1
     8034  26.867063  102.943001    12.435      661.3   -10728.7     5725.9     17.2     16.8     13.1 2023  3  8 14 20 24.250  3.6     0     0    12     4 -9.000  0.035   1
     8036  26.858256  102.932926    14.728     -339.1   -11704.4     8018.6     12.4      8.1     11.7 2023  3  8 14 27 34.350  3.7     0     0     2     1 -9.000  0.007   1
     8040  26.856342  102.920028    11.565    -1620.5   -11916.7     4855.1     20.7     17.1     15.4 2023  3  8 15 16  6.700  3.0     0     0    15     8 -9.000  0.042   1
     8041  26.858073  102.927889    11.062     -840.0   -11724.9     4352.6     22.2     21.0     17.1 2023  3  8 15 29 18.960  3.2     0     0     4     2 -9.000  0.047   1
     8045  26.867668  102.986230    12.269     4955.2   -10661.7     5559.6     29.3     18.8     28.1 2023  3  8 16 15 45.510  3.5     0     0     2     2 -9.000  0.061   1
     8048  27.126103  102.836279     6.617    -9928.4    17973.8      -92.3     38.4     29.8     39.6 2023  3  8 16 47  0.040  4.6     0     0     4     0 -9.000  0.052   1
     8052  26.854470  102.929858     6.791     -644.1   -12124.1       81.7     15.3     12.2     14.6 2023  3  8 17 18 39.640  3.5     0     0    12     6 -9.000  0.045   1
     8055  26.853906  102.941659    13.371      528.2   -12186.4     6661.9     25.8     16.0     19.5 2023  3  8 17 31 51.800  3.5     0     0     4     2 -9.000  0.026   1
     8060  26.797795  102.951237     2.556     1479.5   -18403.7    -4152.0      2.0      2.5      3.8 2023  3  8 18  3 16.080  3.2     0     0    15    12 -9.000  0.004   1
     8069  26.853933  102.934814    12.856     -151.9   -12183.6     6146.8     20.4     17.3     16.3 2023  3  8 18 45 27.540  3.1     0     0    15     9 -9.000  0.033   1
     8076  26.851774  102.910465     6.379    -2570.9   -12422.6     -330.9     31.1     20.6     23.2 2023  3  8 19 33  4.980  3.3     0     0     6     3 -9.000  0.026   1
     8077  26.870253  102.896444    16.220    -3962.9   -10375.2     9510.4      6.2      3.9      7.0 2023  3  8 19 41 40.680  4.8     0     0     1     3 -9.000  0.004   1
     8083  26.853306  102.913330     8.053    -2286.5   -12253.0     1343.1     22.1     15.8     18.9 2023  3  8 20 22 49.920  3.6     0     0    10     4 -9.000  0.057   1
     8086  26.864927  102.876139     4.920    -5980.6   -10965.2    -1789.3     37.7     28.9     41.3 2023  3  8 20 54 12.340  2.7     0     0     1     3 -9.000  0.048   1
     8088  26.843937  102.935954     6.713      -38.9   -13291.1        3.4     25.8     19.1     34.6 2023  3  8 21  9 16.720  3.6     0     0    11     8 -9.000  0.042   1
     8091  26.852970  102.945711     7.999      930.1   -12290.1     1289.2     14.9     13.6     17.9 2023  3  8 22  6  3.880  3.2     0     0    17     9 -9.000  0.053   1
     8092  26.859316  102.917977    12.013    -1824.5   -11587.0     5303.8     23.8     18.5     19.2 2023  3  8 22 12 10.060  4.3     0     0    13     7 -9.000  0.046   1
     8095  26.862528  102.961906     8.126     2539.1   -11231.1     1416.2     36.4     29.1     35.3 2023  3  8 22 33 59.480  2.8     0     0     1     2 -9.000  0.020   1
     8096  26.852590  102.975610    13.077     3900.5   -12332.2     6368.0     19.1     15.2     16.0 2023  3  8 22 37 22.840  5.7     0     0     8     8 -9.000  0.036   1
     8099  26.846771  102.938957    10.344      259.5   -12977.1     3634.5     37.5     23.9     29.9 2023  3  8 22 53 20.280  4.7     0     0     8     0 -9.000  0.029   1
     8101  26.875527  102.919084    12.012    -1714.6    -9790.9     5303.0     32.7     24.8     26.5 2023  3  8 23  6  0.800  3.6     0     0     8     6 -9.000  0.049   1
     8103  26.849888  102.966097     8.694     2955.8   -12631.8     1984.1     27.1     12.0     33.4 2023  3  8 23 12 30.580  4.0     0     0     4     5 -9.000  0.044   1
     8105  26.853261  102.927913     8.659     -837.6   -12257.9     1949.1     14.9     15.8     19.0 2023  3  8 23 18 10.400  4.0     0     0    21    10 -9.000  0.054   1
     8107  26.860181  102.996029    13.123     5928.8   -11491.2     6413.7     18.7     17.9     16.3 2023  3  8 23 45 23.120  3.7     0     0     3     4 -9.000  0.055   1
     8108  26.842800  102.923470     8.953    -1278.6   -13417.1     2243.6     15.6     11.2     13.9 2023  3  8 23 46 48.460  3.9     0     0     7     3 -9.000  0.047   1
     8110  26.844641  102.986466     8.645     4978.7   -13213.0     1935.8     17.5     13.4     28.1 2023  3  9  0 11 32.840  3.8     0     0    20    11 -9.000  0.038   1
     8111  26.846375  102.937166     9.277       81.6   -13021.0     2567.9     19.7     16.4     19.6 2023  3  9  0 20 14.370  4.3     0     0     9     5 -9.000  0.039   1
     8112  26.861812  102.972941    17.635     3634.8   -11310.5    10925.3     15.9     12.0     13.0 2023  3  9  0 23 49.560  4.3     0     0     1     2 -9.000  0.023   1
     8127  26.863464  102.979679    12.745     4304.2   -11127.4     6035.2     36.1     29.6     28.3 2023  3  9  5 38 49.280  3.6     0     0     6     4 -9.000  0.060   1
     8131  26.885101  102.878776    10.725    -5718.1    -8729.9     4015.2      1.7      1.4      1.3 2023  3  9  6 15  1.920  4.2     0     0     1     1 -9.000  0.000   1
     8132  26.867489  102.952791     7.543     1633.3   -10681.6      833.5     20.1     15.2     19.5 2023  3  9  6 15 57.580  3.8     0     0    10     5 -9.000  0.033   1
     8135  26.859902  102.966699     9.021     3014.8   -11522.0     2311.1     15.2     12.0     19.3 2023  3  9  6 32  3.490  4.6     0     0    12     8 -9.000  0.046   1
     8136  26.836448  102.962996     8.559     2648.0   -14120.8     1849.6     39.1     20.4     24.3 2023  3  9  6 38 46.780  4.4     0     0     3     1 -9.000  0.024   1
     8137  26.858830  102.957992     9.424     2150.0   -11640.8     2714.9     24.9     24.6     18.0 2023  3  9  6 45 48.780  4.3     0     0    37    24 -9.000  0.042   1
     8140  26.849858  102.949756     3.818     1332.2   -12635.0    -2891.4     21.3     20.5     38.0 2023  3  9  7  8 25.370  3.4     0     0     4     4 -9.000  0.050   1
     8144  26.860238  102.941382    10.638      500.3   -11485.0     3928.5     19.6     12.4     22.4 2023  3  9  7 34 41.280  4.7     0     0     2     2 -9.000  0.031   1
     8145  26.865938  102.950602    10.198     1416.3   -10853.3     3488.5     22.0     17.9     21.0 2023  3  9  7 45 48.840  3.7     0     0    34    19 -9.000  0.048   1
     8146  26.861326  102.971395     9.461     3481.7   -11364.3     2751.6     22.9     28.8     27.8 2023  3  9  7 50 26.150  4.2     0     0    12     6 -9.000  0.047   1
     8147  26.845520  102.976497    11.100     3988.4   -13115.8     4390.5     27.8     18.5     32.5 2023  3  9  8  5  8.460  5.2     0     0     6     5 -9.000  0.043   1
     8150  26.855882  102.937793     9.039      144.0   -11967.5     2329.7     36.0     23.4     21.2 2023  3  9  8 35  7.290  3.8     0     0    12     3 -9.000  0.036   1
     8151  26.857463  102.930273     5.325     -602.9   -11792.5    -1384.1     32.2     25.1     49.9 2023  3  9  8 52 12.380  3.5     0     0     4     1 -9.000  0.028   1
     8154  26.859599  102.974552     9.812     3794.9   -11555.7     3102.6     26.0     26.7     24.5 2023  3  9  9  0 32.320  4.4     0     0    15     8 -9.000  0.047   1
     8155  26.853453  102.970532     6.786     3395.7   -12236.7       76.6     29.0     25.6     30.7 2023  3  9  9  4 20.880  3.9     0     0     9     9 -9.000  0.039   1
     8156  26.854502  102.944352     6.923      795.3   -12120.4      213.4     17.9     12.8     25.2 2023  3  9  9 17 11.790  4.6     0     0    13    10 -9.000  0.047   1
     8164  27.117413  102.848535     7.661    -8712.2    17010.9      951.5     18.9     14.5     30.9 2023  3  9 10 41  7.180  4.8     0     0     8     3 -9.000  0.035   1
     8165  26.861532  102.924919    10.796    -1135.2   -11341.5     4087.1     24.0     21.6     20.9 2023  3  9 10 47 38.330  4.0     0     0     4     1 -9.000  0.032   1
     8167  26.855516  102.929321     4.612     -697.3   -12008.1    -2097.6     30.7     29.9     58.0 2023  3  9 10 55  9.970  3.2     0     0     1     1 -9.000  0.014   1
     8168  26.867961  102.960319    10.692     2381.0   -10629.3     3982.8     27.0     21.1     23.2 2023  3  9 11 29 19.350  3.7     0     0     8     3 -9.000  0.058   1
     8182  26.854460  102.948128     6.483     1170.6   -12125.1     -226.6     18.3     12.9     25.0 2023  3  9 12 37 22.580  3.5     0     0     7     8 -9.000  0.039   1
     8184  26.864541  102.922754     7.877    -1350.2   -11008.1     1167.2      7.6      4.0     10.2 2023  3  9 12 47 42.030  3.1     0     0     1     2 -9.000  0.004   1
     8189  26.863047  102.931340    12.706     -497.2   -11173.7     5996.2     26.1     19.2     19.5 2023  3  9 14  4  0.120  3.2     0     0    12     5 -9.000  0.032   1
     8191  26.843937  102.984627     9.892     4796.1   -13291.0     3182.9     13.5     17.2     20.6 2023  3  9 14 21 16.440  3.5     0     0    15     8 -9.000  0.049   1
     8206  26.853961  102.873576     8.037    -6235.2   -12180.4     1327.9      2.1      3.0      8.4 2023  3  9 19  9 13.960  4.6     0     0     1     3 -9.000  0.001   1
     8210  26.856862  102.980086    14.903     4345.1   -11859.0     8193.4     36.6     25.1     28.6 2023  3  9 20  3 57.760  3.3     0     0     4     3 -9.000  0.039   1
     8211  26.851013  102.941187     9.929      480.7   -12507.0     3219.9     16.0     16.0     18.2 2023  3  9 20 12 33.100  3.2     0     0    41    23 -9.000  0.043   1
     8214  26.858046  102.937118    12.236       76.6   -11727.8     5526.2     22.6     15.4     15.9 2023  3  9 20 28 34.160  4.3     0     0    20    12 -9.000  0.031   1
     8217  26.852486  102.943058    10.398      667.1   -12343.7     3688.3     15.5     15.6     14.9 2023  3  9 20 49  9.860  3.8     0     0    28    10 -9.000  0.040   1
     8220  26.852094  102.943587    11.144      719.1   -12387.4     4434.7     16.4     13.7     15.5 2023  3  9 20 59 26.880  3.6     0     0     7     6 -9.000  0.040   1
     8222  26.865739  102.964608    11.776     2807.5   -10875.4     5066.7     16.6     17.9     15.2 2023  3  9 21  6 49.400  5.5     0     0    21     8 -9.000  0.047   1
     8225  26.890057  102.858521     5.005    -7729.1    -8180.7    -1704.3     24.1     18.0     27.7 2023  3  9 21 21 14.320  2.9     0     0     2     3 -9.000  0.058   1
     8226  26.845858  102.945532    10.896      912.7   -13078.2     4186.4     19.9     17.7     18.3 2023  3  9 21 23 54.960  3.3     0     0     4     2 -9.000  0.007   1
     8229  26.856641  102.942269     9.657      588.2   -11883.4     2947.1     24.9     17.3     21.5 2023  3  9 21 36  5.600  4.2     0     0     4     3 -9.000  0.046   1
     8230  26.861434  102.939689    14.904      332.6   -11352.5     8194.3     11.3      8.2     11.8 2023  3  9 21 40 47.780  3.3     0     0     2     1 -9.000  0.007   1
     8232  26.846720  102.974927     9.896     3832.9   -12982.8     3186.8     17.2     10.7     18.8 2023  3  9 21 46 60.000  3.1     0     0    24     6 -9.000  0.034   1
     8238  26.867255  102.912573     8.266    -2361.3   -10707.3     1556.8      7.9      4.1      9.6 2023  3  9 22 21 41.640  3.2     0     0     1     2 -9.000  0.004   1
     8242  26.850419  102.967855     8.810     3129.8   -12572.9     2101.0     22.1     15.8     23.9 2023  3  9 22 48 34.080  4.1     0     0    18     6 -9.000  0.032   1
     8249  26.862097  102.934269    11.607     -206.1   -11278.9     4897.4     28.9     21.1     18.1 2023  3 10  0 20 44.950  5.9     0     0    15     5 -9.000  0.039   1
     8252  26.850362  102.943424     9.323      703.6   -12579.1     2613.7     20.8     17.5     30.8 2023  3 10  0 50 10.710  4.5     0     0     9     5 -9.000  0.044   1
     8253  26.870996  102.952783     8.453     1633.1   -10292.8     1743.4     19.7     20.0     19.5 2023  3 10  1  0 57.730  3.6     0     0     8    11 -9.000  0.053   1
     8255  26.855353  102.970280    14.402     3371.3   -12026.2     7692.2     27.0     19.3     26.4 2023  3 10  1 32 16.860  4.9     0     0    12     6 -9.000  0.048   1
     8257  26.850987  102.933358     9.611     -296.5   -12509.9     2901.9     18.8     21.3     29.3 2023  3 10  1 49 34.370  3.2     0     0     6     6 -9.000  0.052   1
     8259  26.863641  102.956567    10.813     2009.0   -11107.8     4103.2     18.7     17.4     13.8 2023  3 10  1 58 31.470  3.0     0     0    30    18 -9.000  0.033   1
     8262  26.864421  102.900342     7.735    -3576.4   -11021.5     1025.3     23.4     16.6     20.9 2023  3 10  2 51 15.510  3.8     0     0     9     5 -9.000  0.047   1
     8266  26.847192  102.960799     8.710     2429.3   -12930.5     2001.0     22.2     24.6     28.4 2023  3 10  3 17 29.250  3.3     0     0     8     8 -9.000  0.043   1
     8269  26.861367  102.926400    10.222     -988.1   -11359.8     3513.0     16.1     21.6     14.2 2023  3 10  3 35  0.230  3.7     0     0     6     3 -9.000  0.051   1
     8270  26.843520  102.924740     7.612    -1152.9   -13337.3      902.6     16.3     12.1     18.7 2023  3 10  3 57 59.930  3.8     0     0     3     1 -9.000  0.019   1
     8273  26.858761  102.962915     6.191     2639.7   -11648.5     -518.3     25.5     17.0     30.5 2023  3 10  5 16 46.140  3.4     0     0     8     6 -9.000  0.039   1
     8274  26.870664  102.936670     9.365       32.0   -10329.7     2655.6     24.5     17.2     19.1 2023  3 10  5 39 33.910  3.2     0     0    14     2 -9.000  0.027   1
     8278  26.868331  102.944808    10.252      840.7   -10588.1     3542.9     16.5     14.2     14.3 2023  3 10  6 35 52.530  3.7     0     0    43    26 -9.000  0.033   1
     8283  26.857056  102.933529     9.965     -279.7   -11837.4     3255.5     24.2     19.2     14.4 2023  3 10  7 38 58.260  3.4     0     0    27    13 -9.000  0.040   1
     8292  26.874148  102.885254     7.383    -5075.0    -9943.6      673.9     14.6     10.4     17.2 2023  3 10 10 18  1.900  3.2     0     0     2     2 -9.000  0.010   1
     8295  26.846008  102.985205     8.425     4853.6   -13061.7     1715.4     18.7     14.1     26.4 2023  3 10 11 21 23.380  3.7     0     0    17     7 -9.000  0.046   1
     8296  26.853636  102.951237    12.460     1479.4   -12216.5     5750.9     22.6     21.2     14.9 2023  3 10 12 19 19.310  3.8     0     0     9     3 -9.000  0.029   1
     8299  26.838519  102.957308    11.855     2082.5   -13891.3     5145.6     19.2     21.9     26.9 2023  3 10 13 19 21.930  4.4     0     0    19    10 -9.000  0.051   1
     8303  26.900313  102.896183    12.884    -3988.6    -7044.5     6174.5      4.2      2.8      2.0 2023  3 10 14 11 46.060  3.1     0     0     2     1 -9.000  0.000   1
     8306  26.863279  102.938525     9.496      216.8   -11148.0     2786.8     20.5     19.2     15.5 2023  3 10 14 54 39.550  3.0     0     0     7     3 -9.000  0.056   1
     8311  26.846897  102.915356    13.065    -2084.7   -12963.1     6355.7     25.0     22.1     26.8 2023  3 10 16 13 27.700  4.2     0     0     3     2 -9.000  0.009   1
     8318  27.033480  102.886678     8.956    -4929.4     7710.7     2246.6     68.0     24.6     31.0 2023  3 10 18  8  4.120  5.1     0     0     5     4 -9.000  0.046   1
     8322  26.854401  102.863387     7.642    -7247.6   -12131.6      933.1      1.7      3.1      9.2 2023  3 10 18 44 12.160  3.2     0     0     1     3 -9.000  0.001   1
     8326  27.038082  102.893245     4.315    -4277.9     8220.8    -2394.0     34.6     17.8     23.6 2023  3 10 18 54 26.660  4.2     0     0     3     2 -9.000  0.054   1
     8327  27.038871  102.903817     6.994    -3228.8     8308.3      284.4     31.5     22.2     24.2 2023  3 10 18 57 22.520  4.0     0     0     5     6 -9.000  0.027   1
     8328  27.019430  102.890454     8.204    -4554.9     6154.0     1494.5     29.7     15.5     18.0 2023  3 10 19  2 23.420  3.6     0     0     9     4 -9.000  0.039   1
     8329  27.029830  102.894222     6.913    -4180.7     7306.4      203.8     19.3     11.5     11.9 2023  3 10 19  5 56.400  3.5     0     0    12     6 -9.000  0.028   1
     8330  27.039860  102.902026     4.750    -3406.5     8417.7    -1959.6     32.5     18.0     23.3 2023  3 10 19  8  6.500  3.5     0     0     3     2 -9.000  0.054   1
     8334  26.869743  102.922323     9.286    -1392.4   -10431.7     2576.7     23.0     14.3     13.1 2023  3 10 19 42 53.960  3.4     0     0    12     6 -9.000  0.025   1
     8337  27.027401  102.898633     6.791    -3743.3     7037.1       81.9     26.1     16.2     11.7 2023  3 10 19 55 36.400  3.6     0     0    10     5 -9.000  0.028   1
     8340  26.855607  102.964876     5.291     2834.1   -11998.1    -1418.4     40.0     31.1     53.1 2023  3 10 20 14 21.600  3.7     0     0     2     3 -9.000  0.044   1
     8341  27.044979  102.907609     8.000    -2852.3     8984.9     1290.4     37.7     29.6     28.0 2023  3 10 20 18 50.880  3.5     0     0     1     1 -9.000  0.016   1
     8342  27.026239  102.897835     7.526    -3822.1     6908.4      816.9     21.0     13.6      8.9 2023  3 10 20 25 38.040  4.2     0     0    14     2 -9.000  0.024   1
     8348  26.858236  102.946110     8.199      969.9   -11706.8     1489.7     24.4     17.5     30.8 2023  3 10 21  1 10.820  3.8     0     0    10     6 -9.000  0.048   1
     8351  26.848706  102.966300     4.729     2975.4   -12762.6    -1980.0     14.6     14.6     27.0 2023  3 10 21 25  8.780  3.5     0     0     6     5 -9.000  0.051   1
     8352  26.850871  102.922917     7.112    -1334.3   -12522.7      402.3     15.8     14.8     25.9 2023  3 10 21 37 59.640  3.4     0     0    10     5 -9.000  0.057   1
     8359  26.855497  102.949382     7.968     1294.9   -12010.1     1258.1     19.4     18.7     21.4 2023  3 10 22 15  6.000  3.3     0     0    23    11 -9.000  0.046   1
     8360  27.117617  102.853377     9.869    -8231.6    17033.5     3159.9     30.5     21.7     21.9 2023  3 10 22 20 47.780  3.8     0     0     1     2 -9.000  0.001   1
     8361  26.865045  102.941016    10.972      463.8   -10952.3     4263.0     25.3     19.6     19.7 2023  3 10 22 47  7.000  2.6     0     0    30    14 -9.000  0.033   1
     8367  27.092668  102.872233     7.704    -6361.9    14268.9      994.2      3.3      2.0      3.3 2023  3 10 23  3 54.240  3.1     0     0     1     2 -9.000  0.000   1
     8368  26.863479  102.937630     5.945      127.4   -11125.9     -764.9     26.4     18.6     39.2 2023  3 10 23 16  7.960  3.8     0     0    11    10 -9.000  0.038   1
     8369  26.866593  102.956934     7.931     2044.7   -10780.7     1221.7     28.3     22.4     28.5 2023  3 10 23 23 55.520  3.7     0     0     6     5 -9.000  0.058   1
     8387  26.858488  102.976457     8.408     3984.2   -11678.9     1698.4     21.2     16.5     31.4 2023  3 11 12 29 14.010  3.8     0     0     3     1 -9.000  0.038   1
     8389  26.853524  102.940348    10.698      397.6   -12228.9     3989.0     19.5     10.5     23.0 2023  3 11 13  1 44.590  3.6     0     0     4     5 -9.000  0.044   1
     8396  27.097180  102.833171     5.855   -10237.8    14769.1     -854.8     24.1     14.7     25.9 2023  3 11 14 41 36.280  3.2     0     0     2     2 -9.000  0.025   1
     8415  26.875494  102.861589     4.726    -7425.2    -9794.3    -1983.5     24.6     17.1     29.4 2023  3 11 21  1 59.360  3.0     0     0     3     6 -9.000  0.054   1
     8425  27.166172  103.117220     6.280    17942.5    22413.5     -429.5     40.7     41.5     80.1 2023  3 11 23 30 29.900  5.2     0     0     3     1 -9.000  0.018   1
     8433  26.836582  102.925846    12.197    -1042.9   -14106.1     5487.4     19.3     13.7     15.2 2023  3 12  1 19  0.180  4.4     0     0     6     4 -9.000  0.037   1
     8448  26.985506  102.895614     5.806    -4043.4     2395.1     -903.7     19.5     25.3     15.8 2023  3 12  7 30 14.880  4.3     0     0     2     0 -9.000  0.002   1
     8451  26.846743  102.948193     8.803     1177.1   -12980.3     2093.8     24.0     19.4     26.0 2023  3 12  8 12 14.030  3.9     0     0    19     6 -9.000  0.045   1
     8456  26.962974  102.915820     4.172    -2038.1     -101.4    -2537.4     26.1     28.8     16.4 2023  3 12  9 34 52.820  3.1     0     0     6     1 -9.000  0.006   1
     8477  26.870288  102.888013    11.080    -4800.8   -10371.4     4371.0      1.7      1.3      1.3 2023  3 12 15 10  5.500  3.7     0     0     1     1 -9.000  0.000   1
     8482  26.865523  102.922021     7.108    -1423.0   -10899.2      398.5     25.7     21.9     25.5 2023  3 12 16  1 19.490  2.8     0     0    15     6 -9.000  0.048   1
     8484  26.841705  102.923210     8.461    -1305.2   -13538.3     1751.4     36.4     28.4     32.2 2023  3 12 16 51 30.830  2.8     0     0     7     1 -9.000  0.036   1
     8490  26.865017  102.924276    11.853    -1198.8   -10955.4     5144.0     13.3     13.8     12.9 2023  3 12 19  9 25.300  3.5     0     0    15     7 -9.000  0.037   1
     8503  26.886552  102.908675    12.779    -2747.8    -8569.3     6069.1     35.6     27.8     18.5 2023  3 12 21 27  7.280  3.4     0     0     2     2 -9.000  0.024   1
      291  26.693107  103.107650     0.487     1346.3     -223.4     -511.9    499.6    480.2    739.2 2022  9  3 13 29 19.250  2.7     0     0     2    10 -9.000  0.503   2
     1066  26.685229  103.124748     0.935     3047.9    -1096.2      -64.5    421.4    515.1    514.3 2022  9 28 20 50 44.040  1.5     0     0     4     9 -9.000  0.328   2
     1654  26.694729  103.117676     0.141     2343.7      -43.8     -858.2    608.0    466.0    683.6 2022 10 17  6 27 44.510  2.6     0     0     4    11 -9.000  0.382   2
     5779  26.698625  103.103076     0.703      890.6      388.1     -295.7    701.5    680.8    909.9 2023  2  4 20 33 16.460  0.1     0     0     5     7 -9.000  0.591   2
     6242  26.687496  103.109416     0.869     1521.9     -845.1     -130.2    594.8    354.5    667.1 2023  2 10  0 26 35.850  1.4     0     0     3    11 -9.000  0.410   2
     1288  26.897268  103.162061     0.505     3562.8     -895.6    -2156.5     46.7     41.2     60.0 2022 10  5  6 51 23.950  3.2     0     0     1     2 -9.000  0.181   3
     1598  26.934572  103.109473     0.960    -1661.1     3237.7    -1701.4     27.6     21.0     32.2 2022 10 15  6 43 42.760  3.7     0     0     0     1 -9.000  0.040   3
     3950  26.913430  103.126042     0.849      -15.3      895.2    -1812.7     64.6     70.0    135.6 2023  1 15 23 45 28.440  3.8     0     0     1     3 -9.000  0.471   3
     4128  26.924434  103.114705     1.718    -1141.1     2114.5     -943.0     26.9     21.2    105.2 2023  1 17 18 26 33.680  3.0     0     0     1     4 -9.000  0.421   3
     4837  26.910850  103.169808     0.221     4332.3      609.3    -2440.7     45.6     39.5     59.1 2023  1 25 18 32 16.920  1.9     0     0     1     2 -9.000  0.181   3
       17  26.970433  102.936466     1.679    -1236.6    -1552.2      679.5    240.8    200.6    284.5 2022  8 24 19 43 12.880  2.0     0     0     5     4 -9.000  0.104   4
      247  26.998716  102.951221     1.530      228.0     1581.9      531.4    297.4    231.8    363.2 2022  9  2  8 36  2.680  3.1     0     0     5     7 -9.000  0.145   4
      704  26.971997  102.957902     2.850      891.1    -1378.7     1850.5    204.2    196.1    277.5 2022  9 16 11 33 13.480  2.3     0     0     1     2 -9.000  0.140   4
     1372  27.007597  102.964966     0.501     1592.4     2565.9     -497.7    199.8    133.0    229.9 2022 10  7 19 56 32.560  1.3     0     0     3     4 -9.000  0.048   4
     1517  26.973179  102.944531     0.462     -435.9    -1247.7     -536.6    193.0    247.3    296.7 2022 10 12 18 46 32.960  0.5     0     0     5     4 -9.000  0.117   4
     1675  26.994891  102.939168     0.777     -968.9     1157.9     -221.6    185.8    146.8    209.6 2022 10 17 19 43 12.380  1.3     0     0     7     6 -9.000  0.106   4
     1966  26.992027  102.932316     0.023    -1649.0      840.7     -976.1    159.2    133.3    190.3 2022 10 27 20 13 12.260  1.2     0     0     5     4 -9.000  0.077   4
     2088  26.998299  102.944564     0.414     -433.0     1535.7     -584.8    205.8    146.6    230.9 2022 10 31 15 53 12.360  2.0     0     0     8     6 -9.000  0.112   4
     3929  27.006234  102.966650     1.768     1759.1     2414.7      769.4    204.3    136.3    253.5 2023  1 15 19 56 32.620  2.2     0     0     4     5 -9.000  0.075   4
     5595  26.974559  102.948315     1.132      -60.3    -1094.9      133.1    186.4    202.8    545.1 2023  2  2 17 56 33.080  1.6     0     0     5     6 -9.000  0.106   4
     2536  26.840320  102.881616     0.365       25.8      106.6     -633.6    499.3    678.0    810.5 2023  1  1  9 39 55.850  2.4     0     0     1     5 -9.000  0.212   5
     5142  26.831047  102.876156     0.204     -516.8     -920.8     -795.2    658.7    930.0   1280.4 2023  1 28 20 26 15.240  1.1     0     0     0     4 -9.000  0.358   5
     6314  26.846606  102.878735     0.915     -260.5      803.1      -83.5    583.4    733.3    892.8 2023  2 10 18 29 55.960  0.2     0     0     1     5 -9.000  0.308   5
      340  27.067550  102.848047     0.950      507.0    -1515.6      -49.1      4.4      3.5      3.0 2022  9  4 23  3 16.560  1.8     0     0    10     8 -9.000  0.052   6
      487  27.083199  102.854297  4041.320     1127.1      218.5  4040320.8      8.1      8.4  11256.5 2022  9  9  8 36 36.300  1.5     0     0     9     8 -9.000  0.062   6
      652  27.067645  102.847762     0.984      479.0    -1505.0      -15.5      4.5      4.7      7.2 2022  9 14 19 53 16.560  1.3     0     0    10     8 -9.000  0.053   6
     1503  27.067570  102.847925     0.915      494.5    -1513.4      -83.9      1.6      4.3      8.0 2022 10 12  9 23 16.560  1.4     0     0    10     8 -9.000  0.052   6
     4262  27.083254  102.855135     0.713     1210.0      224.6     -286.3      8.1      8.3     10.4 2023  1 19  1 43 16.260  2.3     0     0     9     8 -9.000  0.071   6
     1603  26.879148  103.008455     0.363     -914.4       71.7     -636.3     89.0    101.3    111.5 2022 10 15 12 16 36.240  0.9     0     0     1     2 -9.000  0.115   7
     6077  26.868044  103.011621     0.972     -599.8    -1158.7      -27.5     88.6    106.6    111.5 2023  2  8  2  6 36.540  0.3     0     0     1     2 -9.000  0.115   7
     1638  26.865889  103.034131     0.965      679.4      519.6      -34.4      0.2      0.4      0.4 2022 10 16 16 33 16.820  1.1     0     0     2     3 -9.000  0.001   8
     1896  26.865934  103.034139     0.968      679.8      524.7      -31.1      0.2      0.4      0.4 2022 10 24 14  6 36.820  1.5     0     0     2     3 -9.000  0.001   8
     5001  26.931333  102.650187     0.800      327.9    -1428.2     -812.4     87.9    103.7    120.7 2023  1 27  8 51 44.840  3.6     0     0     2     2 -9.000  0.250   9
     8054  26.941748  102.638908     1.177     -792.0     -274.1     -435.2     88.3    106.3    167.9 2023  3  8 17 25 24.640  3.1     0     0     2     2 -9.000  0.250   9
      427  26.986184  102.831877     0.952      759.6      -41.4      -47.1      2.8      3.9      5.3 2022  9  7 10 43 16.910  1.7     0     0     5     6 -9.000  0.010  10
     2209  26.986424  102.831706     0.923      742.6      -14.7      -76.4      3.5      4.9      5.2 2022 11  6 21  3 16.920  1.1     0     0     5     6 -9.000  0.009  10
     2730  26.977466  102.816187     0.942     -798.2    -1007.3      -57.0      9.0     11.6     13.7 2023  1  3 13 29 56.810  0.9     0     0     3     0 -9.000  0.018  10
     6613  26.986218  102.831852     0.933      756.7      -37.4      -66.0      3.1      4.2      4.6 2023  2 14  7 19 56.920  1.4     0     0     5     6 -9.000  0.008  10
     2336  26.851103  102.682235     0.166     4274.6     6132.8     -655.3    191.7    331.8    263.6 2022 11 21 17 37 21.480  3.6     0     0     1     1 -9.000  0.672  11
     4317  26.858348  102.668693     0.177     2928.2     6935.7     -645.8    192.0    327.1    263.6 2023  1 19 17  4 30.000  3.3     0     0     1     1 -9.000  0.672  11
     2277  26.856104  102.967537     0.729    -1337.5     -611.8     -270.3     38.6     39.5     53.5 2022 11 11  4 59 56.800  1.6     0     0     4     2 -9.000  0.063  12
     4108  26.866803  102.977401     0.964     -357.6      573.8      -35.5      9.8      9.5     15.5 2023  1 17 14 23 17.030  1.4     0     0     5     3 -9.000  0.039  12
     6494  26.866905  102.977271     0.995     -370.5      584.9       -4.4     10.3     10.3     15.8 2023  2 12 19 33 17.040  1.2     0     0     5     3 -9.000  0.039  12
     3101  26.726190  102.976034     1.442    -1224.4      445.7      443.0    417.8    249.7    335.0 2023  1  7  0 57  1.850  2.6     0     0     1     3 -9.000  0.432  13
     4251  26.731517  102.997982     1.209      959.8     1035.9      209.8    239.4    146.0    266.6 2023  1 18 23 25 24.120  2.7     0     0     3     7 -9.000  0.239  13
     6332  26.723088  103.007039     0.578     1860.9      102.0     -421.4    358.6    140.7    378.6 2023  2 10 22  2 20.480  3.5     0     0     4     5 -9.000  0.299  13
     6789  26.737677  102.990446     0.831      209.4     1718.4     -167.6    240.9    156.0    184.6 2023  2 17  2 47 27.220  2.8     0     0     1     5 -9.000  0.300  13
     7212  26.721348  102.993319     1.273      495.5      -90.9      274.0    238.8    147.2    258.2 2023  2 23 22 39 27.600  2.8     0     0     5    10 -9.000  0.329  13
       33  26.570176  103.044417     1.192     -240.9    -2251.7      192.7    418.6    283.4    330.8 2022  8 25 16 10 33.300  2.2     0     0     3     4 -9.000  0.255  14
      305  26.621375  103.049837     0.866      299.0     3421.0     -132.6    490.2    225.2    620.4 2022  9  3 22  2  0.900  2.8     0     0     3     2 -9.000  0.241  14
     1714  26.563481  103.051847     0.757      499.4    -2993.6     -242.4    499.1    287.2    289.2 2022 10 19  3  3 49.180  2.3     0     0     1     2 -9.000  0.247  14
     2683  26.612154  103.040324     1.283     -648.5     2399.4      283.6    323.5    219.5    836.1 2023  1  3  0 39 29.540  3.1     0     0     3     2 -9.000  0.241  14
     2881  26.594643  103.041260     1.342     -555.1      459.2      343.0   1017.2    519.7   1335.4 2023  1  5  0 25 58.430  3.3     0     0     3     1 -9.000  0.197  14
     6519  26.582495  103.051058     0.851      420.4     -886.8     -148.4    874.8    489.9    692.6 2023  2 13  2 48 50.630  3.2     0     0     5     3 -9.000  0.231  14
     1991  26.772111  103.149072     1.227     -638.7     -117.3      227.7     67.8     27.2    105.4 2022 10 28 16  1 21.310  2.8     0     0     2     3 -9.000  0.066  16
     6232  26.780965  103.162866     0.880      733.5      863.9     -119.1     49.3     36.2     52.8 2023  2  9 22 25 42.360  2.0     0     0     2     3 -9.000  0.052  16
     6431  26.780721  103.155436     0.884       -6.1      836.9     -115.5     42.4     34.6     46.4 2023  2 12  1 48 36.420  3.4     0     0     2     2 -9.000  0.052  16
      636  26.973499  102.906714     1.132     -485.4     1229.9      133.4    132.7    231.8     80.9 2022  9 14  7 11 21.890  2.8     0     0     4     5 -9.000  0.132  20
     2147  26.959536  102.903426     0.912     -812.2     -317.2      -86.9    152.4    231.6    334.4 2022 11  3 23 31 11.400  3.4     0     0     3     6 -9.000  0.201  20
     2219  26.950771  102.900789     0.081    -1073.8    -1288.3     -918.3    262.1    307.7    413.8 2022 11  7  8 36 39.440  1.3     0     0     0     2 -9.000  0.172  20
     2403  26.964256  102.912614     1.195      100.0      205.8      196.1    152.8    218.6    165.6 2022 11 30 21 45 22.320  2.7     0     0     3     5 -9.000  0.171  20
     1162  26.840379  103.136849     1.013     1058.6     1704.0       14.2    268.9    227.7    364.6 2022 10  1  4 32  9.710  2.8     0     0     3     3 -9.000  0.352  21
     2205  26.833553  103.141382     0.958     1509.7      947.6      -41.0    221.7    205.5    250.4 2022 11  6 13 48 25.520  3.3     0     0     3     3 -9.000  0.313  21
     2686  26.833411  103.138517     1.395     1225.1      931.9      395.7    175.3    207.5    280.2 2023  1  3  0 50 29.900  3.0     0     0     0     2 -9.000  0.278  21
     2140  27.169312  102.907943     0.976       -5.9     -120.5      -22.9    335.2    383.4    544.2 2022 11  3 12 12 28.750  3.0     0     0     1     2 -9.000  0.327  22
     8250  27.171533  102.910645     0.900      262.5      125.6      -98.9    335.3    383.2    544.2 2023  3 10  0 34 54.290  3.3     0     0     1     2 -9.000  0.327  22
       96  27.247052  103.033927     0.943     3122.4     -393.1      -55.7    161.2    449.2    272.1 2022  8 27 21  7 17.300  2.4     0     0     1     2 -9.000  0.116  23
     1271  27.245846  103.001733     0.926      -66.4     -526.9      -73.3    252.5    307.2    136.0 2022 10  4 16 15 53.440  1.5     0     0     4     5 -9.000  0.367  23
     4725  27.260073  102.998714     1.092     -364.8     1049.6       93.1    251.1    284.1    336.2 2023  1 24 11  0 35.400  1.8     0     0     2     2 -9.000  0.300  23
     5470  27.249589  103.015397     1.025     1287.4     -112.1       26.4    166.0    351.2    195.7 2023  2  1  8 15 13.530  2.2     0     0     3     5 -9.000  0.334  23
     6418  26.688814  103.163843     1.200     2423.3      838.1    -1116.2     26.8     34.0     50.7 2023  2 11 22 13 32.880  2.5     0     0     2     3 -9.000  0.914  27
     8104  26.696208  103.151131     0.040     1158.6     1657.3    -2277.4     26.8     33.5     36.3 2023  3  8 23 13 49.680  3.6     0     0     2     3 -9.000  0.914  27
     4407  27.060974  102.911930     0.951    -1271.8     -557.0      -48.3      5.6      4.9      6.6 2023  1 20 18 58 43.360  1.9     0     0     3     2 -9.000  0.350  28
     8332  27.050094  102.897095     0.980    -2743.1    -1762.7      -18.6      4.8      5.0      6.6 2023  3 10 19 23 43.760  2.4     0     0     3     2 -9.000  0.350  28
     2685  27.135166  102.851025     0.970    -1459.9      101.5      -28.9    704.2    339.2    622.6 2023  1  3  0 47 58.280  2.3     0     0     2     2 -9.000  0.218  30
     3654  27.124636  102.882316     0.860     1641.5    -1065.4     -138.5    640.0    369.3    469.9 2023  1 13  1  9 56.490  1.5     0     0     3     2 -9.000  0.133  30
     5893  27.130798  102.874593     1.040      876.1     -382.5       41.1    612.9    370.1    840.4 2023  2  6  2 53 16.550  1.4     0     0     3     2 -9.000  0.133  30
     7598  27.146598  102.855632     0.945    -1003.3     1368.2      -53.7    682.5    339.7    622.6 2023  3  1 18  3 16.640  2.0     0     0     2     2 -9.000  0.218  30
      191  27.128973  102.939958     1.083     1384.2      384.8       83.8    278.0    138.9    487.4 2022  8 31  3 29 56.480  1.5     0     0     2     3 -9.000  0.085  36
     4799  27.132644  102.935026     1.021      895.4      791.4       22.2    234.7    138.8    483.4 2023  1 25  5 36 36.500  2.6     0     0     2     3 -9.000  0.085  36
     3446  26.980497  103.048641     0.972     2570.0     3296.2      -27.1     97.5     85.4    123.4 2023  1 10 10 57 50.070  3.2     0     0     3     2 -9.000  0.411  37
     3679  26.965186  103.043433     0.998     2053.3     1599.7       -1.1     99.0     77.5    123.4 2023  1 13  6  6 58.540  3.3     0     0     3     2 -9.000  0.411  37
     3660  27.020394  102.776953     0.926     2625.6    -2782.0      -73.3      4.0      3.9      4.0 2023  1 13  2  3 46.600  3.2     0     0     2     3 -9.000  0.247  40
     5203  27.034424  102.766064     1.070     1544.8    -1227.5       71.1      4.0      4.2      5.5 2023  1 29 10 29  4.460  3.6     0     0     2     3 -9.000  0.247  40
     1183  27.289709  102.888249     1.070    -2548.9     1630.0       70.6    372.8    244.3    403.9 2022 10  1 23  0 39.680  4.0     0     0     2     3 -9.000  0.234  42
     2232  27.284239  102.875765     0.954    -3785.2     1023.7      -45.2    359.9    250.6    309.2 2022 11  7 21  8 21.600  2.8     0     0     2     3 -9.000  0.234  42
       78  27.064124  103.001237     1.141     -223.7     -512.7      141.7   3298.8   1087.0   2329.1 2022  8 27  0 27 27.390  4.1     0     0     5     4 -9.000  0.368  43
     2485  27.076982  102.994523     0.978     -889.3      912.0      -21.0   2977.2    377.3    732.4 2022 12 12 15  6 47.750  3.4     0     0     5     4 -9.000  0.361  43
     4339  27.069824  102.983659     0.922    -1967.4      119.0      -77.5   1984.4    398.9    792.2 2023  1 19 23 50 38.320  2.5     0     0     4     4 -9.000  0.385  43
      107  26.759005  102.981999     0.999      796.1      388.1        1.1      0.0      0.0      0.0 2022  8 28 13 13 14.780  1.7     0     0     3     4 -9.000  0.000  47
     1656  26.759005  102.981999     0.999      796.1      388.1        1.1      0.0      0.0      0.0 2022 10 17  6 39 54.770  1.6     0     0     3     4 -9.000  0.000  47
     4293  26.759013  102.982023     1.090      797.9      389.1       91.4      0.0      0.0      0.1 2023  1 19 11 53 14.780  1.3     0     0     2     2 -9.000  0.000  47
     1236  26.861806  103.065828     1.526     -887.5     1031.1      527.2    560.5    655.7    737.9 2022 10  3  8 44 14.240  2.9     0     0     2     3 -9.000  0.511  48
     1545  26.861190  103.090283     1.006     1543.1      962.9        6.6    550.1    643.4    296.3 2022 10 13 18 42  8.920  2.6     0     0     2     3 -9.000  0.564  48
     1777  26.850057  103.075138     0.994       38.0     -270.7       -5.3    321.9    349.2    375.0 2022 10 20 19 15 19.580  2.8     0     0     4     9 -9.000  0.520  48
     5454  26.838450  103.067334     0.813     -737.8    -1556.9     -185.6    390.8    368.8    323.1 2023  2  1  2 24 50.030  2.9     0     0     0     3 -9.000  0.455  48
      294  26.930760  103.146745     0.971     -348.0      278.2      -28.0     56.8     88.5     81.0 2022  9  3 15 21 35.140  2.9     0     0     2     2 -9.000  0.505  49
      541  26.925234  103.163875     0.996     1353.4     -334.2       -3.2     55.6     91.3     81.0 2022  9 11 13  5 23.830  3.4     0     0     2     2 -9.000  0.505  49
      846        NaN         NaN       NaN        NaN        NaN        NaN      NaN      NaN      NaN **** ** ** **  3 36.000  1.1     0     0     9     6 -9.000    NaN  50
     1173        NaN         NaN       NaN        NaN        NaN        NaN      NaN      NaN      NaN **** ** ** **  6 36.800  1.6     0     0     9     6 -9.000    NaN  50
     6443        NaN         NaN       NaN        NaN        NaN        NaN      NaN      NaN      NaN **** ** ** ** 23 36.000  2.3     0     0     9     6 -9.000    NaN  50
     7488        NaN         NaN       NaN        NaN        NaN        NaN      NaN      NaN      NaN **** ** ** ** 26 36.160  0.7     0     0     9     6 -9.000    NaN  50
     1163  26.844002  102.874007     0.999        0.6        0.2        1.2      0.2      0.1      0.2 2022 10  1  7 33 15.960  1.9     0     0     9     6 -9.000  0.001  51
     1165  26.843998  102.873983     0.994       -1.5       -0.3       -5.4      0.3      0.3      0.3 2022 10  1  8 43 15.960  2.2     0     0     9     6 -9.000  0.002  51
     2224  26.844000  102.874007     0.999        0.7       -0.0        1.4      0.1      0.1      0.2 2022 11  7 14 19 55.960  1.6     0     0     9     6 -9.000  0.001  51
     7546  26.844000  102.874007     1.000        0.8       -0.0        1.6      0.2      0.1      0.2 2023  2 28 21 49 55.960  1.0     0     0     9     6 -9.000  0.001  51
     5882  26.974337  102.921346     1.093     -925.1       37.5       94.4    456.0    507.2    552.6 2023  2  6  0 27 48.690  2.1     0     0     2     3 -9.000  0.242  54
     7267  26.985024  102.924699     0.943     -591.9     1221.5      -56.0    504.1    426.7    543.2 2023  2 24 19 15 17.000  2.0     0     0     2     3 -9.000  0.242  54
     1133  27.232220  102.960010     0.962       98.9     1760.4      -37.1      3.9     10.3     11.9 2022  9 30  9 49 58.870  1.5     0     0     2     2 -9.000  0.071  55
     6943  27.217855  102.959098     0.994        9.0      168.5       -4.8      4.2      8.6     11.9 2023  2 19 19 13 18.680  1.1     0     0     2     2 -9.000  0.071  55
     1116  26.842120  103.062354     1.018     -460.8     1379.8      159.2      5.7      4.1     14.0 2022  9 29 22 53 32.440  2.3     0     0     3     2 -9.000  0.306  61
     6072  26.832747  103.077734     0.612     1068.2      341.3     -248.1      5.5      6.2      9.9 2023  2  7 23 20 40.200  1.9     0     0     3     2 -9.000  0.306  61
     4473  26.926316  103.064225     1.357      784.3       72.0      358.4     28.1     20.4     37.9 2023  1 21 18 43 40.920  1.6     0     0     1     1 -9.000  0.686  70
     5756  26.939221  103.052808     0.964     -349.7     1501.8      -35.4     29.5     20.2     24.8 2023  2  4 14 38  6.810  2.9     0     0     1     1 -9.000  0.686  70
     3331  26.993829  102.859033     1.168    -1287.8    -1164.0      169.0     95.2    126.5    283.7 2023  1  9  4 54 36.940  3.2     0     0     2     3 -9.000  0.442  71
     4445  26.999965  102.874943     0.998      291.8     -484.0       -1.3     98.1    108.4    114.1 2023  1 21  5 23 35.340  3.4     0     0     2     3 -9.000  0.442  71
     3419  27.034338  102.903695     0.935     -129.5    -1218.2      -63.7    515.0    657.5    674.4 2023  1 10  4 50 48.450  3.3     0     0     2     3 -9.000  0.255  72
     4435  27.049109  102.902547     0.968     -242.7      418.4      -31.1    580.2    325.4    466.5 2023  1 21  2  8  0.760  3.1     0     0     2     5 -9.000  0.258  72
     6726  27.052767  102.909701     1.252      466.4      823.7      252.8    663.1    323.2   1062.9 2023  2 15 23 51 16.280  3.7     0     0     0     2 -9.000  0.264  72
     3503  26.781999  102.967008     0.998      -99.4     -147.8       -0.7      0.0      0.0      0.0 2023  1 11  2 13 15.520  1.0     0     0     3     2 -9.000  0.000  77
     5238  26.781989  102.967008     0.999      -99.4     -148.9        1.1      0.0      0.0      0.0 2023  1 29 18 53 15.520  0.6     0     0     3     2 -9.000  0.000  77
      888  26.974349  102.883309     1.286       -3.0     -515.2      286.8    343.1    400.2    729.1 2022  9 22  5 10 53.080  2.9     0     0     4     6 -9.000  0.375  78
     2616  26.975816  102.895662     0.789     1223.2     -352.5     -210.3    345.8    390.4    542.5 2023  1  2  8 41 56.510  2.8     0     0     2     3 -9.000  0.320  78
     5284  26.986969  102.870850     1.080    -1239.8      883.3       81.4    375.2    822.4   1764.4 2023  1 30  7 50 47.910  2.7     0     0     2     3 -9.000  0.423  78
      123  26.491140  103.068652     0.999      330.7    -1277.0        0.2    244.4     85.6    133.7 2022  8 28 21 35 59.920  3.2     0     0     3     2 -9.000  0.698  83
     4142  26.490849  103.050968     1.086    -1432.2    -1309.1       87.4    224.2     85.0    247.1 2023  1 17 20 58 57.440  3.2     0     0     3     2 -9.000  0.698  83
     2302  26.802810  103.075692     0.911      929.8      532.8      -88.1   1044.4    985.7   1239.4 2022 11 16 13 43 51.310  3.6     0     0     1     3 -9.000  0.305  85
     4642  26.801105  103.073429     1.019      704.5      343.9       20.4   1053.7    980.8   2298.3 2023  1 23 17 52 28.280  2.8     0     0     1     3 -9.000  0.305  85
      500  27.054036  102.763265     0.983     1019.1     -254.8      -15.8     61.5     64.9     80.9 2022  9  9 23 44 24.760  3.2     0     0     3     2 -9.000  0.225  87
     1845  27.066870  102.753939     0.976       93.4     1167.4      -23.2     59.5     56.2     80.9 2022 10 23  0 47 22.540  3.1     0     0     3     2 -9.000  0.225  87
       40  26.788719  103.007080     0.910     -788.1     1187.8      -88.9   2257.6   1984.2   2786.9 2022  8 25 20 44 20.600  2.4     0     0     3     2 -9.000  0.390  92
     1632  26.783226  103.008927     1.303     -604.4      579.2      304.2   1857.3   1965.9   5394.3 2022 10 16 14 37  5.130  3.1     0     0     3     2 -9.000  0.390  92
      277  26.792769  103.114421     0.946      307.6      454.7      -53.1     61.8     27.8     39.9 2022  9  3  3 47 10.850  3.2     0     0     3     5 -9.000  0.080  93
     1606  26.776921  103.113143     0.978      180.5    -1301.4      -21.3     46.5     45.9     71.8 2022 10 15 15 20 30.520  3.1     0     0     2     3 -9.000  0.060  93
     2105  26.796393  103.106364     1.092     -493.8      856.1       93.5     56.9     28.0     54.1 2022 11  1 14 52 17.600  2.7     0     0     1     2 -9.000  0.105  93
      556  26.730774  103.166715     0.981      337.0      270.4      -18.0      7.2      5.4      6.6 2022  9 12  1 19 58.030  1.7     0     0     2     3 -9.000  0.631  94
     1556  26.737221  103.184627     0.957     2118.8      984.8      -42.3      6.3      5.5      6.6 2022 10 14  1 33 45.870  2.8     0     0     2     3 -9.000  0.631  94
     1221  27.066235  102.950146     0.832       13.9     -897.1     -167.3    658.4    338.2    439.1 2022 10  2 21 56 34.620  0.7     0     0     4     3 -9.000  0.291  97
     1407  27.076048  102.955607     1.409      555.2      190.0      409.8    424.4    210.8   1228.7 2022 10  9  2 23 14.970  2.1     0     0     5     5 -9.000  0.249  97
     4713  27.080703  102.945361     0.966     -461.0      705.8      -32.8    440.4    193.5    316.0 2023  1 24  8 29 55.010  1.8     0     0     3     4 -9.000  0.106  97
      224  26.985370  102.617253     1.125     -339.3    -2840.2      126.4    553.8    969.2    946.1 2022  9  1  8 51 55.070  3.7     0     0     2     3 -9.000  0.553  99
      965  26.997801  102.619743     0.944      -92.3    -1462.9      -54.8    549.6   1008.3    756.5 2022  9 25 10  5 15.360  3.1     0     0     2     3 -9.000  0.553  99
      449  27.162950  102.818555     0.960     -242.5     -264.3       58.1   1952.9   2307.6   1741.2 2022  9  8  1 41 17.830  2.8     0     0     4     6 -9.000  0.444 101
      470  27.167922  102.817342     0.752     -362.8      286.8     -151.2   2788.7   1826.7   3117.7 2022  9  8 16  7 51.370  2.8     0     0     3     6 -9.000  0.443 101
     6002  27.165153  102.827197     0.988      614.1      -20.1       85.9   2090.3   1923.3   2286.4 2023  2  7  8  3 24.480  3.1     0     0     3     6 -9.000  0.298 101
     8043  26.858997  102.839966     1.000       47.1       -0.3        1.6      3.0      2.4      3.6 2023  3  8 15 46 36.180  1.3     0     0     3     2 -9.000  0.011 110
     8438  26.859003  102.839022     0.997      -46.6        0.4       -1.6      3.0      2.4      3.6 2023  3 12  3 43 16.170  1.1     0     0     3     2 -9.000  0.011 110
      131  27.156984  102.927791     1.053      276.8      940.4       53.9      0.2      0.0      0.1 2022  8 29  4 27 23.500  2.4     0     0     2     1 -9.000  0.158 121
     8016  27.140015  102.921908     0.977     -306.8     -940.1      -21.6      0.2      0.0      0.1 2023  3  8 11  3 36.540  3.0     0     0     2     1 -9.000  0.158 121
     7635  26.892546  103.072461     0.976      394.0      559.1      -23.1    773.8    907.9   1122.3 2023  3  2 11 21 29.590  3.3     0     0     2     3 -9.000  0.424 122
     7979  26.882444  103.064502     1.029     -397.1     -560.1       29.9    817.1    897.1   1791.8 2023  3  7 23 34 35.580  3.9     0     0     2     3 -9.000  0.424 122
     1334  26.708067  102.998869     1.185      435.1      838.2      186.9     18.3     10.1     35.4 2022 10  6 18 34 28.340  3.8     0     0     3     2 -9.000  0.399 123
     7924  26.692938  102.990194     0.993     -428.2     -838.0       -6.1     18.0     10.1     13.0 2023  3  7 12  0 41.130  3.3     0     0     3     2 -9.000  0.399 123
     6836  27.215940  102.958000     0.991      -99.1     -782.2       -7.9     14.8     12.6     16.8 2023  2 17 23 53 18.600  1.1     0     0     3     2 -9.000  0.073 124
     7841  27.230086  102.959993     0.997       98.6      785.1       -1.2     13.6     15.3     73.4 2023  3  6 17 43 18.840  1.3     0     0     3     2 -9.000  0.073 124
     4047  26.935024  102.820964     1.117     -401.2      833.6      120.5      3.1      2.3     11.8 2023  1 16 23 58 32.340  2.0     0     0     2     3 -9.000  0.251 125
     7822  26.919985  102.829028     0.992      399.7     -832.7       -7.1      3.2      2.3      3.3 2023  3  6  6 40  4.400  2.5     0     0     2     3 -9.000  0.251 125
     1838  26.945949  102.920874     1.063     -359.5      271.4       64.2     93.1     34.4     95.9 2022 10 22 17  6 39.300  0.1     0     0     1     1 -9.000  0.067 130
     7657  26.941052  102.926774     0.995      225.9     -271.2       -4.0    127.6     34.4     53.9 2023  3  2 19  6 39.500  0.6     0     0     1     1 -9.000  0.067 130
     5163  27.300852  102.974284     1.000      127.4     -238.1        2.4    458.7    257.2    436.9 2023  1 28 23 23 18.760  0.9     0     0     1     2 -9.000  0.169 132
     7590  27.305149  102.971704     0.961     -128.0      238.0      -37.8    451.2    257.9    436.9 2023  3  1 14 13 18.460  1.2     0     0     1     2 -9.000  0.169 132
     5566  26.734180  102.910002     0.977      498.2      518.6      -21.8    304.5    415.8    768.2 2023  2  2 11 11  2.430  2.5     0     0     2     3 -9.000  0.415 134
     7568  26.724823  102.900008     1.000     -496.5     -518.2        2.5    287.7    424.5    768.2 2023  3  1  8 45 27.170  2.7     0     0     2     3 -9.000  0.415 134
     5022  26.738108  102.858879     1.047     -708.7     -154.2       48.5     89.1     85.2    194.8 2023  1 27 13 20 47.080  2.4     0     0     2     1 -9.000  0.090 154
     7037  26.740896  102.873136     0.994      709.7      154.5       -5.0     91.4     83.8    114.4 2023  2 21  6 41 38.250  2.2     0     0     2     1 -9.000  0.090 154
      606  26.859727  102.934408     1.049       89.8     -473.4       50.9   3346.4   1438.2   4146.4 2022  9 13 13 51 44.130  3.4     0     0     2     3 -9.000  0.428 164
     6850  26.868274  102.932528     0.974      -96.8      473.5      -25.2   3386.8   1437.8   3288.0 2023  2 18  6  4 57.160  2.8     0     0     2     3 -9.000  0.428 164
     2028  27.075157  102.923039     0.962      -95.4      737.6      -36.6      0.0      0.0      0.0 2022 10 29 16 35 13.790  2.3     0     0     0     1 -9.000  0.020 175
     6655  27.061845  102.924886     1.082       87.7     -737.4       82.9      0.0      0.0      0.0 2023  2 15  0 42 21.580  3.5     0     0     0     1 -9.000  0.020 175
     3839  26.673153  102.927791     0.961      -70.9      681.7      -37.9    168.3    162.0    220.7 2023  1 14 21 24 14.780  2.4     0     0     2     3 -9.000  0.556 206
     6011  26.660887  102.929167     1.445       66.6     -677.4      445.7    163.2    165.8    954.4 2023  2  7 11 57 42.260  2.8     0     0     2     3 -9.000  0.556 206
     5253        NaN         NaN       NaN        NaN        NaN        NaN      NaN      NaN      NaN **** ** ** ** 43 36.000  0.9     0     0     3     2 -9.000    NaN 221
     5572        NaN         NaN       NaN        NaN        NaN        NaN      NaN      NaN      NaN **** ** ** **  9 36.320  0.4     0     0     3     2 -9.000    NaN 221
     4514  27.206921  103.069979     1.018      939.1      268.3       19.7      0.3      0.2      0.3 2023  1 22  7  4 31.560  3.0     0     0     3     2 -9.000  0.166 222
     5537  27.202079  103.051034     0.988     -938.1     -268.4      -10.8      0.3      0.2      0.3 2023  2  2  4 25 15.440  2.9     0     0     3     2 -9.000  0.166 222
     2498  26.886072  103.097990     1.249     -894.8      174.2      250.1     12.8     14.0     49.7 2022 12 19 14 32 10.100  3.3     0     0     2     3 -9.000  0.495 226
     5405  26.882941  103.116048     0.962      899.3     -172.8      -36.6     14.9     13.6     22.6 2023  1 31 14 45  4.950  2.2     0     0     2     3 -9.000  0.495 226
     4432  26.806834  102.897998     0.959     -248.6      148.0      -39.9   3027.6   2066.9   3389.3 2023  1 20 22 50 45.320  1.6     0     0     2     3 -9.000  0.373 228
     5352  26.804169  102.902979     1.023      247.1     -147.5       23.5   2979.0   2084.2   6024.6 2023  1 30 23 37 43.680  2.1     0     0     2     3 -9.000  0.373 228
     3410  26.834951  102.926383     1.011      584.5      271.5       11.6   1010.8    933.1   1695.2 2023  1 10  2 11 57.170  3.3     0     0     2     3 -9.000  0.444 230
     5320  26.830044  102.914624     0.974     -583.8     -272.4      -25.2    997.1    931.4   1246.5 2023  1 30 16  8 12.140  2.2     0     0     2     3 -9.000  0.444 230
     5038  26.811981  102.926188     1.002      117.8      108.6        3.4    490.2    293.8    776.5 2023  1 27 16 54 12.430  1.9     0     0     2     3 -9.000  0.141 236
     5130  26.810018  102.923828     0.993     -116.8     -108.8       -4.6    482.4    294.5    518.8 2023  1 28 18 11 42.200  1.6     0     0     2     3 -9.000  0.141 236
     2663  26.754980  102.926001    14.582       49.0       53.2       27.3     10.6     11.5     13.1 2023  1  2 19 33 14.840  1.7     0     0     4     1 -9.000  0.009 246
     4878  26.754018  102.925008    14.528      -49.3      -53.4      -27.3     10.8     11.5     13.2 2023  1 25 23 39 54.840 -0.0     0     0     4     1 -9.000  0.009 246
       26  27.095998  103.011995     0.997       48.2       -0.3       -1.6      2.7      1.1      2.0 2022  8 25  9 33 14.870  1.6     0     0     2     3 -9.000  0.009 250
     4800  27.096004  103.011011     1.000      -49.3        0.4        1.6      2.7      1.1      2.0 2023  1 25  6 49 54.880  0.3     0     0     2     3 -9.000  0.009 250
        1  26.980011  102.851025     0.994      150.9     -164.8       -4.5     21.9     33.6     27.7 2022  3 22  3 12 46.260  2.2     0     0     1     3 -9.000  0.046 251
     4644  26.982994  102.847974     1.000     -151.6      165.8        4.9     21.0     42.4     28.9 2023  1 23 18 35 50.520  2.1     0     0     1     3 -9.000  0.046 251
     1816  26.986969  102.829045     0.990      -45.5       -3.3       -8.5     26.8     31.6     40.4 2022 10 21 19 26 36.980  0.8     0     0     2     3 -9.000  0.025 253
     4442  26.987028  102.829964     1.005       45.8        3.3        6.3     26.9     31.6     76.1 2023  1 21  5  3 17.000  1.9     0     0     2     3 -9.000  0.025 253
        2  26.977985  102.996061     0.995     -391.0      718.3       -4.3     10.8      5.9     13.0 2022  8 23 15 13 44.540  2.7     0     0     2     1 -9.000  0.061 254
     4275  26.965023  103.003939     1.001      391.1     -717.9        4.3     10.4      6.0     15.7 2023  1 19  5 13 45.370  3.0     0     0     2     1 -9.000  0.061 254
     2141  27.245150  102.820882     0.964      682.0     -205.1      -35.5    407.5    414.0    557.7 2022 11  3 12 13 57.860  3.1     0     0     2     3 -9.000  0.384 256
     4203  27.248846  102.807129     1.015     -680.3      204.4       15.6    415.9    409.9   1052.7 2023  1 18  9 37 24.970  3.4     0     0     2     3 -9.000  0.384 256
      643        NaN         NaN       NaN        NaN        NaN        NaN      NaN      NaN      NaN **** ** ** ** 13 36.320  1.8     0     0     3     2 -9.000    NaN 259
     4176        NaN         NaN       NaN        NaN        NaN        NaN      NaN      NaN      NaN **** ** ** **  3 36.640  1.5     0     0     3     2 -9.000    NaN 259
     2513  26.866109  102.897607     0.954     -784.5     -430.9      -45.5     10.2      4.5     10.6 2023  1  1  3 15  6.550  3.0     0     0     2     3 -9.000  0.251 268
     3974  26.873897  102.913477     0.999      792.8      432.0       -0.3     10.4      4.5     10.6 2023  1 16  7 20 30.830  2.8     0     0     2     3 -9.000  0.251 268
      343  26.916917  102.901831     1.073     -116.6      932.7       74.5      7.5      8.5     13.6 2022  9  4 23 45 24.320  2.7     0     0     3     3 -9.000  0.373 288
     2742  26.900151  102.904191     0.962      117.7     -925.1      -37.5      8.4      8.2     11.1 2023  1  3 16  4 52.410  2.2     0     0     3     3 -9.000  0.373 288
      955  26.878971  102.965063     0.998     -887.7     -390.9        3.1      1.2      1.3      2.3 2022  9 24 22 33 41.040  2.8     0     0     3     2 -9.000  0.545 290
     2662  26.886033  102.982935     0.989      888.2      391.5       -9.7      1.3      1.2      2.3 2023  1  2 19 24 45.180  2.5     0     0     3     2 -9.000  0.545 290
     1940  26.929008  102.918896     0.967      784.7     -331.4      -31.5     44.7     30.1     39.3 2022 10 26 11 38 16.150  3.1     0     0     3     2 -9.000  0.313 296
     2457  26.934979  102.903166     1.042     -777.3      330.2       42.7     33.8     29.9     45.4 2022 12  8 19 27 39.520  2.3     0     0     3     2 -9.000  0.313 296
     2184  27.109039  102.952051     1.040      -44.4      336.9       41.1    491.7    752.4   1022.0 2022 11  5  4 38 10.190  3.5     0     0     3     2 -9.000  0.228 308
     2234  27.102956  102.952962     0.971       45.6     -337.2      -28.1    485.7    758.7    777.2 2022 11  8  0  7 43.530  3.2     0     0     3     2 -9.000  0.228 308
     1451  26.992326  102.701408     1.052     -257.1     -739.5       52.6   1060.4   1300.5   1639.5 2022 10 10 15  6 31.830  2.6     0     0     2     3 -9.000  0.646 309
     2221  27.005691  102.706559     0.966      254.1      741.3      -33.3   1069.1   1292.6   1295.4 2022 11  7  9 58 29.550  3.1     0     0     2     3 -9.000  0.646 309
      646  27.113261  103.086100     1.104      258.2      -81.8      104.6   3665.5   2997.4   5007.3 2022  9 14 15  1 41.730  1.0     0     0     2     3 -9.000  0.519 315
     2148  27.114738  103.080908     0.882     -256.3       81.8     -116.7   3665.6   2993.8   4070.9 2022 11  3 23 46 33.040  2.0     0     0     2     3 -9.000  0.519 315
      963  26.826054  102.972778     0.989       77.6     -437.2      -10.3    189.4     97.0    148.0 2022  9 25  8 20 30.540  3.1     0     0     2     3 -9.000  0.209 317
     2125  26.833946  102.971224     1.009      -77.0      437.0        9.9    186.3     97.1    318.9 2022 11  2 15 22  5.280  3.0     0     0     2     3 -9.000  0.209 317
      486        NaN         NaN       NaN        NaN        NaN        NaN      NaN      NaN      NaN **** ** ** **  3 36.000  1.1     0     0     2     3 -9.000    NaN 343
     1317        NaN         NaN       NaN        NaN        NaN        NaN      NaN      NaN      NaN **** ** ** ** 39 36.000  1.7     0     0     2     3 -9.000    NaN 343
      678  26.851373  103.047786     1.112     -567.7       41.4      112.6    253.4    355.5   1922.3 2022  9 15 10 34 43.470  3.2     0     0     2     3 -9.000  0.366 347
     1069  26.850616  103.059212     0.928      567.6      -42.4      -70.9    253.9    361.3    483.2 2022  9 28 21 58 22.720  2.5     0     0     2     3 -9.000  0.366 347
      865  26.689010  102.996102     1.101        9.6      610.7      103.4    961.2    468.4   1620.3 2022  9 21 10  3 38.180  3.3     0     0     2     3 -9.000  0.206 351
      911  26.677989  102.995898     0.983      -10.3     -610.4      -16.2    961.1    468.5    732.7 2022  9 23  5 38 13.120  3.4     0     0     2     3 -9.000  0.206 351
      696  27.213023  102.975977     0.993     -100.7      556.7       -6.3     46.8     34.1     59.1 2022  9 16  2 31 18.680  2.9     0     0     2     1 -9.000  0.052 352
      730  27.202976  102.978035     1.018      102.9     -556.5       19.3     52.8     33.0     93.0 2022  9 17  7 39 29.830  3.1     0     0     2     1 -9.000  0.052 352
