        3  26.918593  102.843001    12.089    -9662.5    -3376.9     6029.8     69.7     86.5     59.4 2022  8 23 16 29 48.250  1.9     0     0     1     1 -9.000  0.001   1
      108  26.975515  102.912305     1.547    -2778.9     2930.0    -4512.4      6.6      9.1      6.7 2022  9  1  7 57 12.350  2.9     0     0     0     1 -9.000  0.000   1
      144  26.594908  102.947323     4.649      699.3   -39242.0    -1410.6     99.5     51.1    119.7 2022  9  3  9 16  5.110  3.6     0     0     1     0 -9.000  0.000   1
      200  26.840786  102.954940     5.439     1455.7   -11998.3     -620.2    103.0     26.7     51.1 2022  9  7  5 28  4.130  2.8     0     0     0     1 -9.000  0.000   1
      222  26.877970  102.777808    15.790   -16140.0    -7878.2     9730.3     47.1     25.7     31.8 2022  9  8 17 34 28.060  3.0     0     0     0     1 -9.000  0.000   1
      265  27.195292  103.031470     3.322     9044.2    27282.0    -2737.5     46.3     29.6     30.0 2022  9 12 15 13 58.370  2.8     0     0     2     1 -9.000  0.022   1
      276  26.960372  102.999137     9.491     5843.2     1252.3     3431.1      8.6      4.8     20.4 2022  9 13  0 33 14.100  1.3     0     0     6     2 -9.000  0.022   1
      371  27.215125  102.962533     1.700     2206.3    29479.6    -4359.5      8.9     20.9     29.7 2022  9 18  5 49 58.900  1.3     0     0     9    11 -9.000  0.055   1
      392  26.911316  102.736825     7.591   -20207.3    -4183.4     1531.3      9.5     12.0     20.6 2022  9 19 21  5  7.780  2.8     0     0     2     1 -9.000  0.002   1
      420  26.815529  102.997347     5.721     5668.5   -14796.7     -338.3     18.3     21.2     18.0 2022  9 21 20 26 55.480  2.2     0     0     2     1 -9.000  0.005   1
      439  27.297319  103.014966     5.153     7403.5    38586.7     -906.3      0.0      0.0      0.0 2022  9 24  1 45 33.220  2.9     0     0     1     0 -9.000  0.000   1
      444  27.022811  102.769596     7.573   -16944.2     8170.6     1513.2      6.7      7.8     15.0 2022  9 24  7 41 55.710  2.6     0     0     0     1 -9.000  0.000   1
      468  26.792893  102.929183     9.536    -1103.8   -17304.8     3476.7     12.9      9.0     19.2 2022  9 26 10 53 12.520  1.8     0     0     0     1 -9.000  0.000   1
      489  27.229889  102.964014     1.713     2353.0    31115.6    -4346.5     13.3     27.4     45.2 2022  9 27 19 23 19.080  0.0     0     0    10    13 -9.000  0.068   1
      520  27.121853  102.661727     4.965   -27640.6    19144.8    -1094.4    106.5     86.5    128.2 2022  9 29 14 11 26.580  3.3     0     0     1     1 -9.000  0.001   1
      523  27.053721  102.849137     8.331    -9047.1    11595.6     2271.2     40.3     32.3     40.8 2022  9 29 17 23 38.760  2.1     0     0     2     4 -9.000  0.085   1
      536  27.229899  102.964071     1.657     2358.2    31116.7    -4402.3     15.4     40.2     47.7 2022  9 30  9 49 59.100  1.2     0     0    10    11 -9.000  0.064   1
      543  26.677041  103.091528     2.955    15035.4   -30141.7    -3104.0     64.4     28.2    115.1 2022  9 30 20 38 44.560  2.2     0     0     2     2 -9.000  0.046   1
      563  27.304220  103.016854     5.280     7591.0    39351.4     -779.8      0.0      0.0      0.0 2022 10  2 12 44 15.860  2.3     0     0     1     0 -9.000  0.000   1
      624  26.917263  102.998796     6.369     5810.2    -3524.3      309.5     21.8     29.2     24.8 2022 10  6 19 23 17.000  0.7     0     0     0     2 -9.000  0.000   1
      663  26.543349  102.999325     3.805     5872.8   -44954.9    -2254.6     12.5     18.8     15.3 2022 10  9 11 37 14.450  2.2     0     0     1     1 -9.000  0.005   1
      664  27.112968  102.662288     4.435   -27585.4    18160.4    -1624.1    102.5     87.6    132.2 2022 10  9 12 43 33.810  2.8     0     0     1     1 -9.000  0.001   1
      672  26.809519  102.900741    10.682    -3929.7   -15462.5     4622.2      0.8      0.5      0.3 2022 10 10  3 35  2.000  3.7     0     0     1     1 -9.000  0.000   1
      811  26.539343  102.963127     5.548     2271.4   -45398.7     -512.0     90.8     53.5    116.9 2022 10 19 14 46 46.770  3.0     0     0     0     3 -9.000  0.038   1
      903  27.208569  102.979272     1.499     3866.5    28753.2    -4560.3     56.1     63.9    125.2 2022 10 26  7 44 51.050  2.5     0     0     1     3 -9.000  0.020   1
      937  27.208677  102.820109     3.953   -11920.4    28765.0    -2106.0     28.3     46.6     60.3 2022 10 30  5  3 16.650  2.2     0     0     1     1 -9.000  0.000   1
     1011  26.937081  102.886418     4.460    -5349.8    -1328.3    -1599.6     39.0     54.0     37.1 2022 11  8 16 46  5.620  2.4     0     0     1     1 -9.000  0.000   1
     1090  26.861271  103.102775     2.017    16140.8    -9728.4    -4042.0     33.0     39.7     42.9 2022 12 11  7  3 24.260  2.7     0     0     1     0 -9.000  0.000   1
     1101  26.847666  103.097550     1.515    15622.8   -11235.9    -4544.4     29.7     63.9     47.8 2022 12 25 14 50 26.280  2.8     0     0     1     0 -9.000  0.000   1
     1104  26.869619  102.902653     9.452    -3739.0    -8803.5     3392.6     37.0     22.8     42.6 2023  1  1  1  2 48.370  2.7     0     0     4     3 -9.000  0.045   1
     1120  27.213715  102.961971     1.603     2150.2    29323.3    -4456.6     18.9     26.8     40.0 2023  1  1  8 59 58.880  1.1     0     0     6    10 -9.000  0.052   1
     1150  26.924164  102.919246     7.399    -2090.4    -2759.7     1340.0     58.6     47.1     53.0 2023  1  1 17 54 31.160  2.5     0     0    16    11 -9.000  0.089   1
     1159  26.984178  102.879842     6.994    -6001.7     3889.9      934.7      7.2      4.3      8.8 2023  1  1 19 57 44.200  2.1     0     0     0     2 -9.000  0.000   1
     1172  26.904531  102.811198     4.112   -12821.7    -4935.1    -1947.7     44.7     46.4     75.1 2023  1  2  2 44 50.300  3.0     0     0     0     2 -9.000  0.000   1
     1194  26.824133  102.941105    13.403       81.0   -13843.3     7343.4     63.1     79.4     47.3 2023  1  2 13 15 59.750  3.7     0     0     7     7 -9.000  0.070   1
     1199  26.848429  102.920378    17.775    -1978.3   -11151.3    11715.0    104.8     84.3     73.6 2023  1  2 14 42 20.700  3.5     0     0     3     2 -9.000  0.124   1
     1210  26.744342  102.902441    14.550    -3762.1   -22684.5     8490.5     16.1     18.0     12.7 2023  1  2 19 33 14.860  1.4     0     0     6     2 -9.000  0.004   1
     1213  26.979014  102.899080     8.972    -4091.7     3317.8     2912.1     38.3     78.1     23.7 2023  1  2 20 38 12.400  2.4     0     0     1     1 -9.000  0.002   1
     1214  26.984715  102.904264    19.775    -3577.0     3949.5    13715.1      9.4     15.1     23.8 2023  1  2 20 43 13.920  0.7     0     0    10     3 -9.000  0.012   1
     1233  27.103410  102.963843     9.407     2336.8    17101.3     3347.5      1.7      1.2      2.2 2023  1  3  3 48 43.000  3.1     0     0     1     2 -9.000  0.000   1
     1246  26.959660  102.999471    10.176     5876.2     1173.3     4116.2      8.2      5.0     23.7 2023  1  3  9 53 14.070  1.3     0     0     7     2 -9.000  0.015   1
     1269  26.529881  102.969124     4.539     2868.2   -46447.3    -1520.0     88.2     52.1    112.5 2023  1  3 17  5 18.360  3.4     0     0     0     3 -9.000  0.038   1
     1280  26.907672  103.009814     6.379     6904.5    -4587.1      319.7     21.3     30.8     26.3 2023  1  3 18 37 21.440  2.0     0     0     0     2 -9.000  0.000   1
     1304  27.113961  102.834684    13.114   -10479.4    18270.3     7054.1    109.4    115.1    102.6 2023  1  4  2 22 33.700  2.9     0     0     2     2 -9.000  0.122   1
     1338  26.984688  102.904102    21.070    -3593.3     3946.7    15010.1     31.6     19.2     29.1 2023  1  4 16 33 13.780  0.9     0     0    11     0 -9.000  0.008   1
     1350  26.851611  102.959448    14.010     1903.0   -10798.7     7950.7     58.1     55.9     60.1 2023  1  4 19 27 10.920  3.5     0     0    17    17 -9.000  0.112   1
     1360  26.971114  102.932707     5.940     -753.5     2442.6     -119.9     46.1     54.7     54.0 2023  1  4 22 34  8.620  2.1     0     0     5     3 -9.000  0.084   1
     1371  27.176744  102.811556     1.824   -12770.3    25226.9    -4235.0      0.5      0.4      0.6 2023  1  5  5  3  4.840  3.6     0     0     0     2 -9.000  0.000   1
     1395  26.923602  102.916618     7.382    -2350.9    -2822.0     1322.6     66.6     48.5     52.7 2023  1  5 16 58 38.040  3.2     0     0    24    17 -9.000  0.118   1
     1405  26.793709  102.977230    14.314     3670.4   -17214.4     8254.6     33.0     34.5     40.9 2023  1  5 18 48 23.240  3.0     0     0     3     3 -9.000  0.055   1
     1406  26.980503  102.905827    19.643    -3421.6     3482.9    13583.3     16.2     27.3     12.0 2023  1  5 18 53 14.000  1.2     0     0     7     2 -9.000  0.009   1
     1411  26.921973  102.848071    10.799    -9158.4    -3002.5     4739.7     68.5     85.4     60.2 2023  1  5 19 20 31.920  2.4     0     0     1     1 -9.000  0.001   1
     1425  26.821033  102.953874    14.218     1349.4   -14186.8     8158.8    121.7     95.8     74.3 2023  1  5 21  4 48.840  3.5     0     0    13     8 -9.000  0.142   1
     1428  26.830707  102.970199    16.808     2971.6   -13115.1    10748.8     69.9     42.1     45.5 2023  1  5 21 57 36.520  5.6     0     0    11    13 -9.000  0.084   1
     1431  26.827502  102.948535    10.973      819.2   -13469.9     4914.0     96.1     83.3    104.1 2023  1  5 22  4 10.080  4.9     0     0     8     7 -9.000  0.158   1
     1432  26.870465  102.869108    11.438    -7071.1    -8709.7     5378.8     26.9     56.4     78.6 2023  1  5 22  8 17.760  2.8     0     0     2     1 -9.000  0.065   1
     1433  26.837443  102.947795    11.349      745.4   -12368.7     5290.0     34.9     40.9     41.6 2023  1  5 22 15 54.040  2.9     0     0     1     2 -9.000  0.019   1
     1436  26.823222  102.955550    14.155     1515.8   -13944.2     8095.8     53.1     55.6     53.3 2023  1  5 22 21  5.560  5.6     0     0    20    20 -9.000  0.127   1
     1439  26.849660  102.999259    14.535     5858.3   -11014.9     8475.3    102.3     99.4     74.1 2023  1  5 22 43 29.440  5.2     0     0     2     4 -9.000  0.033   1
     1440  26.830300  102.961182    13.541     2075.7   -13160.1     7481.6     35.4     54.9     29.6 2023  1  5 22 45 17.420  4.8     0     0    35    35 -9.000  0.094   1
     1441  26.836381  102.964901    12.091     2444.6   -12486.2     6031.0     98.4     52.7     55.8 2023  1  5 22 47 20.480  3.1     0     0    29    35 -9.000  0.108   1
     1442  26.807943  102.944181    16.929      386.8   -15637.3    10869.3     86.5     52.1     48.2 2023  1  5 22 55 34.780  3.9     0     0     3     3 -9.000  0.065   1
     1444  26.836336  102.967000    16.105     2653.9   -12491.2    10045.6     79.2    102.2     49.9 2023  1  5 23  2 29.640  3.2     0     0    17    13 -9.000  0.135   1
     1445  26.832493  102.964730    11.616     2428.1   -12917.0     5556.2     57.9     27.2     65.0 2023  1  5 23  5 44.520  4.0     0     0    29    20 -9.000  0.089   1
     1448  26.821690  102.964347    14.844     2390.1   -14114.0     8784.8     72.9     85.5     36.6 2023  1  5 23 27 56.920  5.4     0     0    19    19 -9.000  0.104   1
     1450  26.813540  102.932935    15.629     -731.2   -15017.2     9569.8     84.5     50.1     48.3 2023  1  5 23 38 26.580  3.7     0     0     3     3 -9.000  0.065   1
     1460  26.593758  103.018286     3.362     7756.7   -39369.5    -2697.3     73.5     73.1     76.3 2023  1  6  1 44  6.510  2.5     0     0     1     1 -9.000  0.004   1
     1461  26.836471  102.921200    11.616    -1896.6   -12476.4     5556.7     98.8     62.6     98.5 2023  1  6  2  9 13.500  3.6     0     0     6     2 -9.000  0.114   1
     1465  26.822870  102.973226    17.442     3272.4   -13983.4    11382.1    159.8    119.3    104.9 2023  1  6  2 50 22.320  5.9     0     0     6     5 -9.000  0.141   1
     1467  26.833942  102.963053    11.895     2261.1   -12756.5     5835.9     80.1     53.7     40.0 2023  1  6  2 57  1.170  3.8     0     0    18    20 -9.000  0.144   1
     1469  26.834937  102.951522    12.391     1116.1   -12646.2     6331.4     72.3     79.4     51.8 2023  1  6  3  0 59.130  3.6     0     0    22    39 -9.000  0.140   1
     1470  26.829382  102.947998    13.446      765.8   -13261.6     7386.7     54.0     56.5     46.0 2023  1  6  3 25  4.330  3.7     0     0    15    17 -9.000  0.103   1
     1474  26.819832  102.955347    15.658     1496.1   -14320.0     9598.2    102.1    132.2    117.5 2023  1  6  3 41 32.320  3.4     0     0     5     8 -9.000  0.136   1
     1479  26.831838  102.961100    14.273     2067.4   -12989.6     8213.5     77.3     52.5     55.9 2023  1  6  4 27 46.510  3.9     0     0    13    18 -9.000  0.106   1
     1480  26.831356  102.981478    13.058     4091.6   -13043.0     6998.3    117.9     88.1     98.3 2023  1  6  4 51 22.940  3.7     0     0     7    10 -9.000  0.137   1
     1489  26.809471  102.965397    12.169     2494.5   -15468.0     6109.6     69.6     68.8     53.4 2023  1  6  6  5 52.630  3.0     0     0     6    11 -9.000  0.104   1
     1490  26.837187  102.967179    12.990     2671.6   -12397.1     6930.2    110.7    108.2     89.5 2023  1  6  6  8 32.980  3.0     0     0     5     4 -9.000  0.053   1
     1496  26.832473  102.962858    13.626     2241.8   -12919.4     7566.2     90.6     76.3     52.5 2023  1  6  7 51  6.900  4.0     0     0    28    29 -9.000  0.133   1
     1501  27.047412  103.146891    10.677    20506.8    10896.4     4617.0      0.0      0.0      0.0 2023  1  6  9  8 30.430  3.1     0     0     1     0 -9.000  0.000   1
     1509  26.832998  102.979159    17.511     3861.8   -12861.3    11451.4    120.2    101.0     66.9 2023  1  6 11  5  1.730  3.2     0     0     2     3 -9.000  0.072   1
     1511  26.837988  102.957829    13.815     1742.1   -12308.3     7756.0     50.0     48.4     48.0 2023  1  6 11 24 59.500  3.7     0     0    21    22 -9.000  0.086   1
     1520  26.836399  102.951929    13.812     1155.9   -12484.1     7752.7     94.8     94.7     70.2 2023  1  6 14 37 17.210  3.7     0     0    11     8 -9.000  0.151   1
     1530  26.832843  102.944010     9.942      369.3   -12878.2     3882.6     83.4     58.1     76.0 2023  1  6 16 14 43.720  2.7     0     0     2     2 -9.000  0.081   1
     1531  26.878009  102.932023     8.395     -821.6    -7873.8     2335.6     46.7     61.0     77.1 2023  1  6 16 35 37.510  2.5     0     0     2     2 -9.000  0.015   1
     1546  26.873446  102.884888     5.562    -5503.5    -8379.5     -497.4     19.5      7.3     13.6 2023  1  6 18 53 36.720  2.2     0     0     0     1 -9.000  0.000   1
     1551  26.824219  102.949967    13.200      961.1   -13833.9     7140.8     57.1     62.9     47.4 2023  1  6 20 36  5.720  3.7     0     0    20    19 -9.000  0.119   1
     1558  26.827736  102.963224    13.248     2278.8   -13444.0     7188.4     68.1     71.9     37.4 2023  1  6 21 38 29.240  4.3     0     0    33    34 -9.000  0.111   1
     1562  27.015786  102.835075     4.439   -10444.9     7392.3    -1620.2     80.0     53.8     72.8 2023  1  6 22 19 21.060  1.4     0     0     2     1 -9.000  0.131   1
     1566  26.820848  103.023071    13.861     8224.6   -14207.3     7801.8     49.5     59.4     44.4 2023  1  6 23 10 13.280  3.2     0     0     1     1 -9.000  0.000   1
     1573  27.091107  102.971729     8.768     3119.6    15738.1     2708.2      1.6      1.2      2.4 2023  1  7  0 47 17.260  3.2     0     0     1     2 -9.000  0.000   1
     1587  26.809743  102.989510     4.410     4890.6   -15437.8    -1649.7     18.6     20.0     25.3 2023  1  7  6 59  0.810  3.5     0     0     2     1 -9.000  0.005   1
     1597  26.883164  102.929451    10.895    -1076.6    -7302.4     4835.8     44.9     37.6     41.0 2023  1  7 11 13 15.620  1.4     0     0     2     0 -9.000  0.001   1
     1598  26.840566  102.935978    15.527     -428.4   -12022.6     9467.0    106.0    108.5    110.8 2023  1  7 11 38 45.380  3.3     0     0     2     2 -9.000  0.047   1
     1607  26.961932  102.895907     7.902    -4407.3     1425.1     1842.9    164.1    120.5    137.1 2023  1  7 15 39 14.270  2.9     0     0     4     1 -9.000  0.044   1
     1610  26.802089  103.074780     4.513    13363.6   -16285.9    -1546.6     45.3     48.5    101.3 2023  1  7 16 25  3.010  1.9     0     0     1     1 -9.000  0.001   1
     1611  26.834121  102.950358    14.342      999.8   -12736.8     8282.6     74.5     64.1     49.4 2023  1  7 16 37 55.300  2.6     0     0    20    18 -9.000  0.107   1
     1620  26.803998  102.958602    12.611     1819.2   -16074.5     6551.4     71.2     73.1     61.8 2023  1  7 20 13  6.600  3.4     0     0     4     8 -9.000  0.086   1
     1641  26.754458  102.854557    12.457    -8520.4   -21563.5     6398.0      0.0      0.0      0.0 2023  1  8  4 26  8.830  3.1     0     0     0     1 -9.000  0.000   1
     1644  26.834393  102.920182    12.759    -1998.0   -12706.6     6699.7    171.1    122.4    127.5 2023  1  8  5 28 16.860  3.7     0     0     8     3 -9.000  0.135   1
     1653  26.833162  102.954199    14.136     1381.3   -12842.9     8076.1     61.1     53.7     44.3 2023  1  8  9 21  3.210  3.7     0     0    34    36 -9.000  0.119   1
     1662  26.820121  102.914860    11.669    -2526.6   -14287.9     5609.1    170.9    231.4    196.4 2023  1  8 12 18 53.630  3.6     0     0     4     2 -9.000  0.134   1
     1675  26.830747  102.957227    11.695     1682.5   -13110.6     5635.7     74.9     34.1     64.2 2023  1  8 17  5 44.260  3.1     0     0    19    12 -9.000  0.133   1
     1678  26.679580  103.008667    14.974     6798.0   -29860.3     8914.3    114.2     40.3     59.4 2023  1  8 18  3 49.160  3.2     0     0     3     4 -9.000  0.108   1
     1688  26.831716  102.962500    14.806     2206.2   -13003.2     8746.7     90.6    135.5     79.1 2023  1  8 20 59 20.660  3.0     0     0    16    11 -9.000  0.140   1
     1690  27.000755  102.877702    16.248    -6213.6     5726.8    10189.0     17.7     19.2     15.9 2023  1  8 21 29 31.280  2.8     0     0     1     2 -9.000  0.004   1
     1691  26.933661  102.856860    12.587    -8285.6    -1707.3     6527.7    120.8     82.5     88.9 2023  1  8 21 39 14.040  3.3     0     0     4     4 -9.000  0.108   1
     1692  26.935583  102.873307    13.163    -6651.8    -1494.5     7103.3    126.1     83.8     87.5 2023  1  8 21 47 29.840  3.2     0     0     4     4 -9.000  0.108   1
     1696  26.894493  102.924756    10.954    -1543.1    -6047.4     4894.1     57.7     79.1     52.8 2023  1  9  1  2 25.330  3.1     0     0     6     2 -9.000  0.121   1
     1719  26.881209  102.935124     9.049     -513.2    -7519.1     2989.5    127.9    110.2    106.1 2023  1  9 16  6 17.590  3.2     0     0     9     7 -9.000  0.129   1
     1720  26.874957  102.931828    10.912     -840.8    -8211.9     4852.6     60.1     84.6     47.9 2023  1  9 16 14 24.790  3.0     0     0     8     9 -9.000  0.123   1
     1721  26.877688  102.939250     9.285     -103.1    -7909.3     3225.9     79.4     78.5     75.9 2023  1  9 16 39 28.830  3.0     0     0    17    13 -9.000  0.114   1
     1722  26.873252  102.961214    14.993     2078.6    -8400.8     8933.6     57.8     72.9     52.0 2023  1  9 16 57 16.210  4.2     0     0     3     7 -9.000  0.080   1
     1727  26.897113  102.965348    11.174     2489.0    -5757.0     5114.3    209.8    194.3    173.1 2023  1  9 19  8 38.100  2.9     0     0     6     3 -9.000  0.071   1
     1730  26.866626  102.951123     7.720     1076.2    -9135.0     1660.7    113.2     92.6    138.7 2023  1  9 19 27 32.260  2.9     0     0    10     6 -9.000  0.082   1
     1732  26.884745  102.967228     9.684     2675.4    -7127.4     3624.8    154.8    114.0     94.6 2023  1  9 20 35 17.500  4.9     0     0     6     5 -9.000  0.060   1
     1733  26.880752  102.942293    11.117      199.2    -7570.0     5057.1     55.4     45.8     28.0 2023  1  9 20 39 20.720  3.4     0     0    15    21 -9.000  0.094   1
     1734  26.870192  102.934033     7.717     -621.9    -8739.9     1657.9     57.4     75.9     80.0 2023  1  9 21 45  5.640  3.0     0     0    12     9 -9.000  0.119   1
     1737  26.884249  102.937166    11.031     -310.7    -7182.3     4972.0     57.8     35.8     42.6 2023  1  9 22  7  4.400  3.6     0     0    18    14 -9.000  0.097   1
     1748  26.885046  102.934953    10.110     -530.4    -7093.9     4050.7    142.4    117.0     93.2 2023  1 10  1 44 54.420  2.7     0     0     6     6 -9.000  0.143   1
     1757  27.106598  102.890405     8.378    -4950.4    17454.5     2318.2      0.0      0.0      0.0 2023  1 10  6 47 57.840  3.4     0     0     0     1 -9.000  0.000   1
     1770  26.877942  102.932780     9.074     -745.7    -7881.2     3014.3     64.6     73.0     69.1 2023  1 10  9 51  7.560  3.4     0     0    10     7 -9.000  0.086   1
     1772  27.239783  102.964583     2.229     2408.8    32211.7    -3830.7     16.0     54.9     49.8 2023  1 10 10 46 39.140  1.5     0     0     2     4 -9.000  0.013   1
     1778  26.863470  102.954696    19.441     1430.9    -9484.6    13381.7     38.7     23.4     19.0 2023  1 10 13 34 23.680  3.4     0     0     3     2 -9.000  0.034   1
     1779  26.849276  102.929631    11.331    -1058.7   -11057.5     5271.1     42.1     39.3     55.2 2023  1 10 13 36 48.310  3.4     0     0    12    11 -9.000  0.069   1
     1781  26.822658  102.946118    10.783      579.2   -14006.8     4723.8     33.8     42.7     41.1 2023  1 10 15  7 20.760  2.9     0     0     1     2 -9.000  0.019   1
     1785  26.853164  102.937614    11.505     -266.3   -10626.7     5445.6     44.8     59.0     54.5 2023  1 10 16 19 19.230  2.9     0     0     3     3 -9.000  0.042   1
     1790  26.966443  102.924007     6.502    -1616.5     1925.0      442.9     98.8    113.8     63.6 2023  1 10 18 32 50.980  2.7     0     0     9     7 -9.000  0.139   1
     1795  27.019194  102.791349     8.874   -14785.1     7769.9     2814.3      0.0      0.0      0.0 2023  1 10 20 13 14.240  0.7     0     0     0     1 -9.000  0.000   1
     1808  26.982882  102.785050     4.037   -15412.9     3746.3    -2022.0      7.4      7.4     16.4 2023  1 10 23 15  9.840  2.8     0     0     1     1 -9.000  0.000   1
     1810  26.839396  102.924495    15.749    -1569.1   -12152.3     9690.0    119.2     97.0    105.5 2023  1 11  0  7 17.780  3.6     0     0     3     1 -9.000  0.137   1
     1812  26.948248  102.913021     8.888    -2707.8      -91.1     2828.2     60.7     48.3     27.4 2023  1 11  0 36  5.340  2.7     0     0     3     4 -9.000  0.086   1
     1820  26.878727  102.931893     7.704     -834.2    -7794.3     1644.2     40.5     67.1    101.4 2023  1 11  4 17  3.870  2.8     0     0     8     6 -9.000  0.096   1
     1823  27.108988  102.842977    14.895    -9656.5    17719.5     8835.1    104.8     47.7     71.6 2023  1 11  4 48 25.940  4.3     0     0     3     4 -9.000  0.145   1
     1846  26.877521  102.932227    11.981     -801.1    -7927.9     5921.8     71.4     87.0     79.9 2023  1 11 12 40 18.380  3.3     0     0     3     4 -9.000  0.102   1
     1847  27.097886  102.869857    13.288    -6989.7    16489.2     7228.2     80.6     56.3     51.1 2023  1 11 12 47 56.280  2.5     0     0    10    12 -9.000  0.101   1
     1855  26.884794  102.943563    10.578      324.9    -7121.9     4518.1     56.2     40.9     35.9 2023  1 11 15 39  2.700  3.5     0     0    19    18 -9.000  0.118   1
     1862  26.889968  102.953353     9.804     1297.2    -6548.8     3744.3    102.6     69.8     55.3 2023  1 11 18 31 49.360  3.0     0     0    12    12 -9.000  0.087   1
     1898  27.114360  102.823869    13.390   -11552.0    18314.4     7330.4     80.4     58.9     71.3 2023  1 12 11  0 25.690  4.2     0     0     5     5 -9.000  0.113   1
     1901  27.215448  102.937533     1.949     -273.8    29515.4    -4110.4    106.9     55.6     87.1 2023  1 12 14  9 59.940  3.5     0     0     1     1 -9.000  0.000   1
     1918  26.981268  102.788135    14.831   -15106.7     3567.7     8771.3    131.0    403.7    129.0 2023  1 12 19 47 22.960  2.7     0     0     0     1 -9.000  0.000   1
     1923  27.112760  102.829370    14.424   -11006.7    18137.3     8364.1     57.7     42.9     59.8 2023  1 12 21 27 16.760  4.8     0     0     6     6 -9.000  0.056   1
     1926  27.108419  102.841463    14.434    -9807.1    17656.3     8375.0    105.6     71.8     76.5 2023  1 12 22 45 29.640  3.7     0     0     2     2 -9.000  0.122   1
     1928  27.101426  102.865967    12.908    -7375.7    16881.3     6848.7     89.5     62.8     48.0 2023  1 13  0  2  4.940  3.5     0     0     8     9 -9.000  0.089   1
     1934  27.107550  102.862215    12.047    -7747.3    17560.0     5987.6     95.5     75.0     73.3 2023  1 13  1 42 41.410  3.2     0     0     8     7 -9.000  0.110   1
     1941  26.824032  102.981771    10.596     4121.1   -13854.6     4536.9    102.4     80.3     76.3 2023  1 13  5 13  5.570  3.6     0     0     6     5 -9.000  0.098   1
     1947  27.111859  102.832357    14.420   -10710.3    18037.4     8360.3     69.7     49.3     57.9 2023  1 13  9 37 46.480  2.8     0     0     4     5 -9.000  0.089   1
     1957  27.116758  102.823503    10.581   -11588.3    18580.2     4521.3     75.2     45.0     41.2 2023  1 13 11 23 47.630  3.1     0     0    10     9 -9.000  0.098   1
     1965  27.098407  102.820654    13.210   -11872.2    16546.9     7150.7    124.1    125.2    102.2 2023  1 13 13 55 47.180  3.4     0     0     3     2 -9.000  0.121   1
     1981  27.157003  103.122778    10.901    18104.2    23039.6     4841.7     49.9     77.5     68.9 2023  1 13 18 35 34.120  3.6     0     0     3     3 -9.000  0.111   1
     1983  27.107562  102.871696    13.033    -6806.7    17561.3     6973.3     88.4     68.0     76.4 2023  1 13 18 44 10.420  3.2     0     0     5     2 -9.000  0.042   1
     1999  26.793333  102.972437    14.259     3194.0   -17256.0     8199.5     32.0     35.5     41.5 2023  1 14  2  9 10.160  3.6     0     0     3     3 -9.000  0.055   1
     2014  26.878689  102.925854     8.865    -1434.3    -7798.6     2805.1     70.3     58.9     58.4 2023  1 14  8 57 21.180  2.8     0     0    13    10 -9.000  0.108   1
     2040  26.916579  102.754671     7.501   -18435.0    -3600.0     1441.2      9.5     12.4     14.1 2023  1 14 16  0 25.910  2.5     0     0     2     1 -9.000  0.002   1
     2044  26.940696  102.910034     6.675    -3004.8     -927.9      616.0     32.8     24.1     36.1 2023  1 14 16 43 43.970  2.8     0     0     3     3 -9.000  0.026   1
     2056  27.063861  102.854215     4.502    -8542.7    12719.1    -1557.3     10.3     13.4     19.8 2023  1 14 21 23 21.140  2.7     0     0     1     2 -9.000  0.003   1
     2057  26.960740  102.915454     8.283    -2466.0     1293.1     2223.7    121.3    144.6    121.2 2023  1 14 21 31 33.400  2.7     0     0     8     9 -9.000  0.152   1
     2063  27.107908  102.825521    10.517   -11388.4    17599.6     4457.5     40.7     34.6     51.0 2023  1 14 23 36 57.920  3.7     0     0     6     6 -9.000  0.095   1
     2077  27.067342  103.138070    13.511    19629.2    13104.8     7451.1      6.2      3.1      7.6 2023  1 15  3  5 26.830  3.6     0     0     2     3 -9.000  0.020   1
     2081  27.129557  102.799268     1.231   -13992.5    19998.5    -4828.2     37.9     19.4    107.7 2023  1 15  4 24 51.640  3.0     0     0     3     2 -9.000  0.041   1
     2093  26.683580  103.087467     4.501    14631.6   -29417.0    -1558.3     46.5     28.6    140.6 2023  1 15  8 44 36.100  2.4     0     0     2     2 -9.000  0.046   1
     2094  27.117472  102.885465     7.649    -5439.9    18659.5     1589.2      0.0      0.0      0.0 2023  1 15  9  8 49.010  2.7     0     0     0     1 -9.000  0.000   1
     2119  27.107981  102.845296    14.305    -9426.7    17607.7     8245.7    102.3     48.1     73.6 2023  1 15 17 11  5.100  3.8     0     0     5     6 -9.000  0.137   1
     2121  26.899626  102.818091     2.958   -12136.9    -5478.5    -3101.7     45.1     44.2    103.7 2023  1 15 17 27 46.340  2.8     0     0     0     2 -9.000  0.000   1
     2131  26.800848  103.063265     4.145    12219.4   -16423.4    -1914.4     46.2     47.3    109.2 2023  1 15 20  8 42.160  2.1     0     0     1     1 -9.000  0.001   1
     2153  26.836007  102.956144    13.004     1574.6   -12527.7     6944.6     62.7     59.0     51.9 2023  1 16  2 13 26.380  3.6     0     0    37    51 -9.000  0.117   1
     2157  27.168313  102.822982     1.633   -11637.4    24292.7    -4426.1      0.6      0.4      0.6 2023  1 16  3 47 40.920  3.3     0     0     0     2 -9.000  0.000   1
     2173  26.854203  102.961035    11.318     2060.7   -10511.6     5258.4     96.7     99.0     84.6 2023  1 16  8 53 26.320  3.6     0     0    12     8 -9.000  0.132   1
     2175  26.847111  102.964868    14.271     2441.3   -11297.4     8211.4    101.5     83.8     95.4 2023  1 16  8 58 51.070  3.3     0     0     9     9 -9.000  0.131   1
     2180  26.844558  102.941488     5.676      119.1   -11580.3     -383.1     59.9     32.5     58.4 2023  1 16 10 14 47.650  2.7     0     0     3     2 -9.000  0.091   1
     2195  26.840562  102.976921    13.004     3639.2   -12023.0     6944.8     29.0     36.4     48.6 2023  1 16 16  3 18.980  3.4     0     0     5     2 -9.000  0.047   1
     2198  26.975356  102.923315     8.275    -1685.4     2912.5     2215.9     47.6     45.3     40.7 2023  1 16 16 16 44.680  3.2     0     0    17    12 -9.000  0.104   1
     2199  26.970184  102.951066     8.454     1069.9     2339.5     2394.4    110.1    109.8    116.2 2023  1 16 16 20  5.880  3.0     0     0     3     2 -9.000  0.069   1
     2215  26.483455  102.990698     6.795     5015.3   -51591.3      736.0     21.6     23.8     20.1 2023  1 16 19 35 29.320  2.0     0     0     2     3 -9.000  0.031   1
     2230  26.928109  103.062305    11.590    12117.1    -2322.7     5530.2     48.2     42.0     39.6 2023  1 16 23  4  6.500  2.5     0     0     1     1 -9.000  0.000   1
     2231  26.584747  102.942961     4.103      265.5   -40368.0    -1956.8     97.9     51.0    146.5 2023  1 16 23 51 21.440  2.3     0     0     1     0 -9.000  0.000   1
     2234  27.204159  102.878288     5.149    -6149.8    28264.4     -910.8      2.2      1.5      2.7 2023  1 17  2  7 35.940  3.1     0     0     1     1 -9.000  0.000   1
     2255  27.159644  103.115324    14.375    17364.9    23332.1     8315.9     93.9    102.0     85.4 2023  1 17  9 14 50.680  3.4     0     0     1     1 -9.000  0.002   1
     2259  26.921216  103.069425    10.427    12824.5    -3086.5     4367.9     48.2     41.6     39.8 2023  1 17 10  7  6.010  2.6     0     0     1     1 -9.000  0.000   1
     2276  27.019952  102.769149     7.388   -16989.5     7853.9     1328.4      6.6      7.8     13.7 2023  1 17 14 35 42.680  3.3     0     0     0     1 -9.000  0.000   1
     2305  27.043109  102.838761     8.117   -10078.0    10419.8     2057.3     50.4     43.9     53.8 2023  1 17 20 43 35.900  3.1     0     0     1     2 -9.000  0.053   1
     2306  26.929403  102.921558    12.578    -1860.4    -2179.3     6518.9    116.8    108.5     78.0 2023  1 17 20 57  5.040  2.7     0     0     1     1 -9.000  0.002   1
     2348  26.995915  102.885042     4.853    -5484.9     5190.4    -1206.7      3.3      3.0      3.4 2023  1 18  7 22 51.750  3.2     0     0     2     1 -9.000  0.000   1
     2408  26.789764  102.910701    10.113    -2940.5   -17651.5     4053.3     12.2      9.1     15.1 2023  1 19  5  8 51.710  2.7     0     0     0     1 -9.000  0.000   1
     2424  27.213843  102.928052     1.624    -1214.2    29337.5    -4435.3    112.5     55.2     88.6 2023  1 19 12 30 31.470  2.8     0     0     1     1 -9.000  0.000   1
     2438  27.098570  102.995312     4.038     5460.2    16564.9    -2021.6     27.9     13.6     33.4 2023  1 19 17 24 12.540  2.9     0     0     1     3 -9.000  0.013   1
     2443  26.572467  103.046379    12.971    10552.0   -41728.6     6912.4     72.9     93.5     92.1 2023  1 19 18 37 36.640  3.7     0     0     3     4 -9.000  0.129   1
     2447  26.858142  102.930225    11.589     -999.9   -10075.2     5529.7    109.4     78.6     87.5 2023  1 19 22  6 23.000  3.6     0     0    11     7 -9.000  0.117   1
     2451  26.861220  102.929256    11.928    -1096.2    -9734.0     5868.2    123.6     74.3     76.1 2023  1 19 22 42 22.120  3.2     0     0     3     2 -9.000  0.064   1
     2463  26.984483  102.820752    14.209   -11868.0     3923.9     8149.2    195.5    171.5    156.9 2023  1 20  8 24  0.390  3.4     0     0     3     4 -9.000  0.155   1
     2468  27.048317  102.851050     6.766    -8857.5    10996.8      706.7     65.0     57.0     73.7 2023  1 20 14 49 58.930  3.6     0     0     1     2 -9.000  0.108   1
     2481  27.278957  103.462663     3.715    51796.4    36552.3    -2344.4     97.5     87.5    121.5 2023  1 20 17 43 32.760  2.9     0     0     0     1 -9.000  0.000   1
     2490  27.115161  102.825236    14.399   -11417.0    18403.4     8339.9     67.7     47.8     71.2 2023  1 20 19  7 17.200  3.4     0     0     4     3 -9.000  0.060   1
     2499  26.744218  102.901937    14.524    -3812.0   -22698.2     8465.0      7.7     16.0     17.7 2023  1 20 20 43 14.880  1.3     0     0     5     3 -9.000  0.006   1
     2595  26.923958  102.935758    11.963     -450.5    -2782.6     5903.2    105.2    104.8     81.1 2023  1 22 20 25 59.960  2.7     0     0     1     1 -9.000  0.002   1
     2600  26.826770  102.886230     4.467    -5371.4   -13551.2    -1592.9      4.7      3.3      5.3 2023  1 22 21 43 16.560  3.0     0     0     2     3 -9.000  0.000   1
     2608  27.126619  102.792293    10.397   -14684.8    19672.9     4337.1     53.0     30.1     52.4 2023  1 22 23 57 49.180  3.1     0     0     3     3 -9.000  0.077   1
     2630  27.060423  103.128540    12.395    18684.0    12338.1     6335.5      6.4      2.7      8.4 2023  1 23 13 50 46.480  3.2     0     0     2     3 -9.000  0.020   1
     2654  27.104010  102.854574    14.673    -8506.0    17167.8     8613.2    119.6     67.1     67.3 2023  1 23 21 54 10.040  4.3     0     0     4     3 -9.000  0.135   1
     2657  27.198627  102.895500     4.407    -4443.3    27651.6    -1652.6      2.7      1.4      2.4 2023  1 23 22 57 55.640  3.1     0     0     1     1 -9.000  0.000   1
     2674  27.115269  102.821785    10.976   -11759.2    18415.3     4916.7    155.1    118.6    151.8 2023  1 24  5 27  3.700  3.5     0     0     3     3 -9.000  0.093   1
     2700  26.983901  102.930233     9.594     -998.5     3859.3     3534.8    108.8    101.5     71.3 2023  1 24 17  6 42.320  4.3     0     0     4     2 -9.000  0.087   1
     2703  26.842472  102.929785    13.886    -1044.1   -11811.4     7826.6     85.1     60.5     50.0 2023  1 24 18 28 40.760  5.3     0     0    17    13 -9.000  0.125   1
     2705  26.842185  102.934619     9.844     -563.9   -11843.0     3784.6     43.1     76.3     37.3 2023  1 24 18 39  8.160  3.5     0     0     4     6 -9.000  0.116   1
     2706  26.842094  102.939429    13.616      -85.4   -11853.3     7556.2     83.9     71.1     61.5 2023  1 24 19  2 19.280  4.5     0     0    18    14 -9.000  0.103   1
     2729  26.869224  102.907926    15.667    -3215.1    -8847.1     9607.3     80.0     72.9     68.2 2023  1 25  2 54 46.880  3.1     0     0     1     2 -9.000  0.013   1
     2735  26.920294  102.931844     6.214     -838.7    -3188.5      154.7     88.7     83.5     98.9 2023  1 25  7  1 11.270  2.1     0     0     1     0 -9.000  0.001   1
     2740  26.778650  103.145679     6.686    20410.1   -18883.0      626.4    121.7     76.7    200.7 2023  1 25 10 27 45.600  2.0     0     0     0     1 -9.000  0.000   1
     2747  27.220117  102.963094     2.014     2261.8    30032.7    -4045.6     10.5     24.0     27.7 2023  1 25 12 43 18.950  0.7     0     0     9    11 -9.000  0.045   1
     2748  26.970380  102.918001     8.690    -2212.9     2361.2     2630.9     50.6     42.5     47.3 2023  1 25 12 51 58.630  3.5     0     0    21    21 -9.000  0.113   1
     2751  26.976005  102.924202     9.807    -1597.6     2984.4     3747.8     69.1     75.7     50.0 2023  1 25 14  8 38.640  3.4     0     0    15    18 -9.000  0.134   1
     2756  26.954559  102.901001     7.688    -3901.4      608.2     1628.1    305.6    224.1    251.0 2023  1 25 15 29  9.310  3.3     0     0     3     3 -9.000  0.060   1
     2764  26.989264  102.900301     1.583    -3970.7     4453.5    -4476.8      9.7     29.8     14.1 2023  1 25 17 53 41.000  0.9     0     0     1     1 -9.000  0.003   1
     2790  26.717100  103.009904    11.670     6919.9   -25703.0     5610.5     66.4     69.7     63.6 2023  1 25 22 18 22.040  4.1     0     0     3     2 -9.000  0.062   1
     2804  26.743038  102.901644    14.634    -3841.2   -22828.9     8574.3     14.0     22.9     19.3 2023  1 25 23 33 14.860  3.5     0     0     5     3 -9.000  0.006   1
     2823  26.984635  102.904272    19.591    -3576.3     3940.6    13531.6      7.6     12.9     25.2 2023  1 26  8 13 13.930  1.8     0     0     9     2 -9.000  0.012   1
     2826  26.997233  102.816829    14.346   -12256.9     5336.5     8286.4    195.1    176.5    158.6 2023  1 26  8 57 51.300  3.5     0     0     3     4 -9.000  0.155   1
     2827  27.195654  102.807886     3.906   -13133.8    27322.2    -2153.5     26.7     48.8     83.3 2023  1 26  9  1 50.060  4.0     0     0     1     0 -9.000  0.000   1
     2868  26.856606  102.937996    11.066     -228.2   -10245.2     5006.4    102.6     72.1     66.2 2023  1 27  3  4  5.070  3.2     0     0     4     1 -9.000  0.063   1
     2873  26.959314  103.001204    11.174     6048.4     1135.0     5114.6     18.7      8.4     41.1 2023  1 27  6  3 14.010  1.4     0     0     7     2 -9.000  0.024   1
     2876  26.856179  102.979175    12.588     3862.4   -10292.6     6528.1    129.1    101.2    127.3 2023  1 27  6 13 52.590  3.3     0     0    14    14 -9.000  0.116   1
     2877  26.684613  103.008569    14.637     6787.7   -29302.5     8577.3    114.7     40.6     61.9 2023  1 27  6 25 49.710  3.5     0     0     3     4 -9.000  0.108   1
     2889  26.987929  102.838037    13.031   -10152.3     4305.6     6971.5     37.1     37.9     27.6 2023  1 27 10 58 34.230  3.6     0     0     5     2 -9.000  0.069   1
     2893  27.192021  102.960433     6.335     1997.9    26919.5      275.1     48.3     35.3     38.8 2023  1 27 11 32  3.560  2.5     0     0     1     1 -9.000  0.000   1
     2895  26.984351  102.901001     9.805    -3900.8     3909.1     3745.5     38.9    154.8     23.6 2023  1 27 12  9 22.810  3.3     0     0     1     1 -9.000  0.002   1
     2898  26.974497  102.933870     9.344     -637.4     2817.5     3284.4     88.7    110.8     62.1 2023  1 27 13 50 19.860  3.3     0     0    22    13 -9.000  0.126   1
     2904  26.993608  102.833382    13.416   -10614.2     4934.9     7356.5     33.3     38.3     28.1 2023  1 27 15 33 32.240  3.2     0     0     5     2 -9.000  0.069   1
     2922  27.115460  102.847998     8.147    -9157.7    18436.3     2087.7     69.9     32.0     51.6 2023  1 27 20 21  5.680  3.1     0     0    12     6 -9.000  0.093   1
     2927  26.780007  103.143978     7.148    20241.4   -18732.6     1088.3    124.0     77.2    452.6 2023  1 27 22 16 43.840  2.1     0     0     0     1 -9.000  0.000   1
     2929  27.045959  102.763688    14.145   -17529.3    10735.6     8085.1    103.3    105.2    102.7 2023  1 27 23 50 56.960  3.2     0     0     3     3 -9.000  0.118   1
     2936  26.825795  102.973942    15.046     3343.6   -13659.1     8986.5     97.9    102.0     56.1 2023  1 28  2  0 52.380  3.3     0     0    28    23 -9.000  0.148   1
     2958  26.982208  102.788680    14.641   -15052.4     3671.7     8581.6    130.7    388.2    129.4 2023  1 28 11 46 10.260  3.4     0     0     0     1 -9.000  0.000   1
     2964  26.923753  102.900977     6.717    -3904.4    -2805.2      657.9     74.0     61.2     55.5 2023  1 28 12 13 23.830  3.3     0     0     8     8 -9.000  0.120   1
     2966  27.190072  103.037069     1.733     9599.8    26703.7    -4326.2     45.6     31.9     31.6 2023  1 28 14 15 37.370  2.1     0     0     2     1 -9.000  0.022   1
     2970  27.024666  102.823633    14.089   -11580.5     8376.3     8029.5     29.7     27.9     25.0 2023  1 28 16 10 17.340  3.4     0     0     1     2 -9.000  0.002   1
     2982  26.930131  102.884937    10.693    -5497.3    -2098.6     4633.7     56.2     70.7     38.0 2023  1 28 19 57 32.480  3.4     0     0     6     5 -9.000  0.056   1
     3022  26.715629  103.026685    11.001     8587.5   -25865.8     4941.9     60.7     68.8     66.9 2023  1 29 13 41  6.630  3.2     0     0     3     2 -9.000  0.062   1
     3045  26.877592  102.967017    15.650     2655.0    -7919.9     9590.3     47.9     47.7     65.5 2023  1 29 22 13  6.580  3.5     0     0     0     1 -9.000  0.001   1
     3047  26.860059  102.940511     8.511       21.8    -9862.6     2451.9     49.4     44.1     70.2 2023  1 29 22 51 44.640  3.2     0     0     6     4 -9.000  0.132   1
     3073  26.834749  102.942896     9.447      259.1   -12667.1     3387.8     43.7     81.4     47.7 2023  1 30 12  1 49.210  3.0     0     0     2     4 -9.000  0.102   1
     3077  26.859591  102.954093    14.902     1371.3    -9914.5     8842.6    119.1    125.4     87.8 2023  1 30 12 26 51.930  3.5     0     0     4     6 -9.000  0.122   1
     3101  26.866715  102.966886     5.946     2641.7    -9125.0     -113.8    107.6    143.2    143.3 2023  1 30 23 34 55.440  2.2     0     0     2     1 -9.000  0.073   1
     3113  27.159159  103.111515    14.113    16987.2    23278.4     8053.6     94.6    100.8     85.5 2023  1 31  7  0 35.670  3.4     0     0     1     1 -9.000  0.002   1
     3136  26.619360  103.015845    12.124     7513.0   -36532.7     6064.3     99.7     89.9     88.0 2023  1 31 16 27 59.290  3.8     0     0     4     2 -9.000  0.111   1
     3140  26.881158  102.920174     8.601    -1998.2    -7524.8     2541.2     87.7     41.8     64.2 2023  1 31 17  3 23.880  3.8     0     0     6     3 -9.000  0.062   1
     3152  27.021352  102.942798     4.252      248.7     8009.1    -1807.6     36.3     37.7     44.6 2023  1 31 19 52 21.800  2.3     0     0     2     2 -9.000  0.014   1
     3153  26.928044  102.915804     8.378    -2432.1    -2329.8     2319.0     83.3     58.7     53.0 2023  1 31 20 31 50.920  2.5     0     0    19    11 -9.000  0.071   1
     3156  26.953589  102.908130    10.312    -3193.5      500.6     4252.2     99.7    112.8     61.1 2023  1 31 21 28 23.580  2.7     0     0     4     3 -9.000  0.151   1
     3161  26.934167  102.915088     8.591    -2502.6    -1651.3     2531.4    130.1     88.2     91.7 2023  1 31 22 23 52.280  2.7     0     0    15     7 -9.000  0.130   1
     3178  26.945345  102.896916     7.821    -4307.3     -412.7     1761.4     59.0     44.4     38.2 2023  2  1  8 53 40.440  3.3     0     0     3     4 -9.000  0.086   1
     3199  27.017306  102.809546     6.142   -12978.8     7560.7       82.4     95.7     95.7    109.5 2023  2  1 19 32 32.780  2.8     0     0    10     9 -9.000  0.101   1
     3205  26.995636  102.883260     3.820    -5662.4     5159.6    -2239.9      3.2      3.0      3.6 2023  2  1 21 43 11.280  1.7     0     0     3     1 -9.000  0.000   1
     3264  26.944820  102.891520    11.370    -4843.0     -470.9     5310.5     98.1     89.6     45.4 2023  2  2 20 27  4.180  2.9     0     0     3     2 -9.000  0.064   1
     3291  27.110095  102.834985     8.173   -10449.7    17842.1     2113.7    109.0     51.9     90.2 2023  2  3  9 59 32.680  3.5     0     0     3     3 -9.000  0.081   1
     3310  27.026508  102.834009    15.282   -10550.6     8580.4     9222.0     32.4     28.0     25.3 2023  2  3 20 44 11.960  1.8     0     0     1     2 -9.000  0.002   1
     3335  27.238450  102.894865     2.295    -4504.8    32064.1    -3764.3     23.4     37.7     27.8 2023  2  4  9 55  4.220  2.1     0     0     1     1 -9.000  0.001   1
     3336  27.168180  103.122957    13.044    18121.1    24277.9     6984.7     40.0     44.5     73.4 2023  2  4 10 29 17.720  4.6     0     0     4     3 -9.000  0.031   1
     3356  26.978609  102.905851     0.986    -3419.1     3273.1    -5073.5      5.8      7.5     10.6 2023  2  4 16 28 44.360  2.2     0     0     1     2 -9.000  0.002   1
     3366  26.981399  102.914917    20.183    -2519.1     3582.0    14123.5     62.4     38.8     16.7 2023  2  4 20  3 13.880  1.6     0     0     5     1 -9.000  0.010   1
     3367  26.853575  102.950562    13.519     1019.9   -10581.1     7459.1     75.3     78.9     58.8 2023  2  4 20  7 36.600  2.5     0     0    15    13 -9.000  0.107   1
     3386  26.479755  102.999748     8.099     5916.0   -52001.5     2039.9     21.4     38.9     47.3 2023  2  5  6 55 18.310  2.5     0     0     1     2 -9.000  0.019   1
     3395  26.986599  102.769906    12.003   -16916.5     4158.2     5943.8    100.8    109.2     72.5 2023  2  5 12 41 57.260  3.3     0     0     2     2 -9.000  0.138   1
     3405  26.986401  102.884505    15.953    -5538.8     4136.4     9893.2     16.1     20.0     15.4 2023  2  5 20 21 55.400  2.4     0     0     1     2 -9.000  0.004   1
     3419  26.967053  102.920597    10.016    -1955.2     1992.6     3956.1     50.5     46.6     29.1 2023  2  6  1 12 27.400  4.9     0     0    19    14 -9.000  0.098   1
     3423  27.017350  102.935238     4.667     -501.6     7565.6    -1392.5     36.3     38.8     41.1 2023  2  6  2 11 43.750  2.9     0     0     2     2 -9.000  0.014   1
     3434  26.966939  102.917790    10.230    -2234.4     1979.9     4170.9     44.8     53.0     33.8 2023  2  6  8 30 31.070  4.5     0     0    15    14 -9.000  0.120   1
     3478  26.746696  102.855998    12.565    -8378.0   -22423.5     6505.9      0.0      0.0      0.0 2023  2  7  0 34 55.320  2.5     0     0     0     1 -9.000  0.000   1
     3497  26.577291  103.061515    11.172    12056.8   -41194.1     5112.3     46.3     61.4     67.4 2023  2  7 12 22 33.650  3.9     0     0     7     6 -9.000  0.119   1
     3499  26.565959  103.064469    11.009    12351.2   -42449.7     4949.8     87.3     82.3     98.4 2023  2  7 12 51 50.700  3.6     0     0     6     6 -9.000  0.121   1
     3506  26.977130  102.932292     5.714     -794.2     3109.2     -345.7     57.9     68.1     55.7 2023  2  7 14 24 46.380  2.7     0     0     5     5 -9.000  0.122   1
     3521  26.574292  103.054533    12.043    11362.5   -41526.3     5983.8     50.4     63.9     66.9 2023  2  7 18 46 49.160  4.0     0     0    10    10 -9.000  0.154   1
     3533  27.100608  102.865446    14.147    -7427.4    16790.7     8087.5    100.5     55.8     41.1 2023  2  7 22 51 25.800  4.0     0     0    12    12 -9.000  0.104   1
     3558  26.984491  102.864193     6.989    -7555.7     3924.8      929.2      7.1      4.3      8.8 2023  2  8 12  8 21.450  3.0     0     0     0     2 -9.000  0.000   1
     3603  26.925869  102.924251     8.500    -1593.1    -2570.8     2440.5    118.9     87.3     77.0 2023  2  9 17 12 52.360  1.9     0     0     6     4 -9.000  0.092   1
     3641  26.828467  102.956372    12.182     1597.5   -13363.2     6122.6    109.0     83.4     55.8 2023  2 10  3 51 17.390  3.1     0     0     6    18 -9.000  0.139   1
     3643  26.868435  102.936255     6.017     -401.3    -8934.7      -42.4     96.9     77.7    123.4 2023  2 10  4 12 31.550  3.3     0     0     2     2 -9.000  0.127   1
     3661  26.960917  102.926131     7.969    -1405.7     1312.7     1909.1    111.1    135.8    122.4 2023  2 10 13 44 34.730  3.2     0     0    11    13 -9.000  0.154   1
     3673  26.998136  102.898853     2.862    -4113.9     5436.6    -3197.9      9.5     14.6     10.4 2023  2 10 16 46 55.920  2.0     0     0     1     0 -9.000  0.000   1
     3677  26.989596  102.765080    12.778   -17395.5     4490.2     6718.5     94.5    110.4     67.3 2023  2 10 18 13 48.160  2.2     0     0     2     4 -9.000  0.113   1
     3679  26.824198  102.963721    11.671     2328.0   -13836.2     5611.9    115.8    102.9     80.7 2023  2 10 18 51 51.320  2.9     0     0     5    13 -9.000  0.105   1
     3681  26.832279  102.953914    15.776     1353.6   -12940.6     9716.2    101.9    168.8     85.7 2023  2 10 18 59 17.400  3.7     0     0     4     3 -9.000  0.163   1
     3682  26.850625  103.000732    14.780     6004.6   -10908.0     8720.3    100.2    100.2     73.8 2023  2 10 20  1 54.240  2.5     0     0     1     2 -9.000  0.008   1
     3689  26.809688  102.980892    14.767     4034.3   -15443.8     8707.5     48.0     54.4     64.1 2023  2 10 21 25 36.560  3.2     0     0     6     4 -9.000  0.125   1
     3694  26.834043  102.958162    16.788     1775.9   -12745.4    10728.8     78.9     68.1     53.3 2023  2 10 22 52 55.720  3.0     0     0     5     4 -9.000  0.077   1
     3696  26.815196  102.959025    12.688     1861.7   -14833.6     6628.7     58.2     70.2     73.2 2023  2 10 23 21 27.240  3.0     0     0     7    17 -9.000  0.108   1
     3697  27.002712  102.814128     5.932   -12525.4     5943.6     -127.8     90.6    120.5    109.9 2023  2 10 23 27 25.960  2.8     0     0     8    11 -9.000  0.106   1
     3703  26.932945  102.901660    10.715    -3836.6    -1786.7     4655.7     77.2     77.1     37.0 2023  2 11  0 34 33.560  3.9     0     0     3     3 -9.000  0.049   1
     3721  27.128902  102.852002    10.887    -8759.8    19925.8     4827.9     80.5     74.6     57.4 2023  2 11  8 41  3.570  2.8     0     0     6     7 -9.000  0.091   1
     3737  27.016923  102.829696     3.513   -10978.5     7518.3    -2546.2     70.2     52.2     64.5 2023  2 11 12 38 23.780  3.2     0     0     2     1 -9.000  0.131   1
     3744  26.872168  102.941862     6.200      155.7    -8521.1      140.8     97.8     76.6    121.3 2023  2 11 15  5 42.570  2.9     0     0     2     2 -9.000  0.127   1
     3746  27.289079  103.460604     2.410    51589.2    37673.8    -3649.6     98.2     87.1    107.1 2023  2 11 15 48 32.530  3.2     0     0     0     1 -9.000  0.000   1
     3786  27.178678  102.837850     8.314   -10161.8    25441.1     2254.2    103.1    101.7    168.7 2023  2 12  3 32 54.370  4.6     0     0     4     3 -9.000  0.127   1
     3787  27.006639  102.809953     4.736   -12939.1     6378.8    -1323.4     80.5     87.0     84.5 2023  2 12  3 34  5.060  4.2     0     0    14    13 -9.000  0.110   1
     3788  26.849965  102.952637    12.461     1226.8   -10981.0     6401.6    143.4    169.6    139.5 2023  2 12  3 36 55.250  3.0     0     0     2     1 -9.000  0.109   1
     3830  26.873627  102.926807    15.878    -1339.1    -8359.4     9818.7    140.1    100.7     78.5 2023  2 12 15 24 31.460  3.6     0     0     7     4 -9.000  0.117   1
     3890  26.480025  102.982104     5.454     4160.9   -51971.4     -605.2     50.4     43.4     68.2 2023  2 13 12 44 45.010  3.3     0     0     1     1 -9.000  0.043   1
     3943  26.879732  102.972355    14.397     3184.7    -7682.9     8337.7     97.6     93.0     95.1 2023  2 14 21 11 56.220  3.0     0     0     6     9 -9.000  0.125   1
     3948  27.120730  102.812191    13.179   -12711.2    19020.2     7119.5     75.2     58.7     73.6 2023  2 14 23  2 20.760  3.0     0     0     2     3 -9.000  0.104   1
     3970  27.115137  102.817757     9.099   -12158.4    18400.6     3039.7     83.8     56.1     78.1 2023  2 15 11 38  6.530  3.0     0     0    12    12 -9.000  0.112   1
     3973  26.977753  102.904045     8.408    -3598.5     3178.0     2348.3    193.3    256.7    105.9 2023  2 15 14 54  0.810  2.3     0     0     5     7 -9.000  0.158   1
     3976  27.111039  102.842660     8.048    -9688.0    17946.6     1988.8     76.5     50.1     83.0 2023  2 15 15 17 29.780  2.8     0     0    11     8 -9.000  0.089   1
     3977  26.838601  102.971200    12.260     3070.7   -12240.4     6200.3     36.1     33.6     59.6 2023  2 15 16  9 19.340  4.2     0     0     2     3 -9.000  0.054   1
     3983  26.837465  102.970402    16.890     2991.6   -12366.1    10830.9     89.7     91.0     73.2 2023  2 15 20 50 46.960  2.9     0     0     5     6 -9.000  0.133   1
     4041  26.951526  102.917798     7.455    -2234.0      272.0     1395.5     37.1     28.1     33.1 2023  2 17 13 22  2.290  2.8     0     0     3     3 -9.000  0.026   1
     4048  26.837207  102.934562    18.356     -569.2   -12394.6    12296.0     98.6     89.5     72.6 2023  2 17 17 50 30.160  2.9     0     0     3     2 -9.000  0.124   1
     4055  26.549764  103.010262     3.571     6960.6   -44244.2    -2488.7     12.3     14.1     14.1 2023  2 17 22 21 14.780  1.9     0     0     2     3 -9.000  0.005   1
     4058  26.828088  102.969873    13.268     2938.6   -13405.2     7208.2    112.1     53.4     73.2 2023  2 17 23  0 30.980  3.8     0     0    24    27 -9.000  0.115   1
     4070  27.079022  102.769840    29.062   -16916.2    14398.9    23002.0     45.4     51.3     32.7 2023  2 18  6 23 13.440  2.5     0     0     1     0 -9.000  0.000   1
     4084  26.833179  103.012166    14.750     7141.0   -12841.2     8690.9     30.2     40.1     37.5 2023  2 18 11 25  5.080  3.4     0     0     2     1 -9.000  0.000   1
     4116  27.097044  103.005916     2.377     6512.0    16395.9    -3682.8     28.6     14.8     59.3 2023  2 19  6 32 11.460  3.1     0     0     1     3 -9.000  0.013   1
     4135  26.952384  102.878426     3.830    -6143.4      367.1    -2229.1     41.2     46.1     47.7 2023  2 19 21 46 39.140  1.5     0     0     1     0 -9.000  0.000   1
     4145  27.190354  102.963639     5.728     2316.3    26734.9     -331.7     45.9     34.5     41.4 2023  2 20  2 42 49.170  2.0     0     0     1     1 -9.000  0.000   1
     4205  27.008887  102.779932     5.111   -15919.4     6627.8     -948.0      2.3      2.5      4.1 2023  2 21 15 27 13.100  2.0     0     0     1     2 -9.000  0.000   1
     4208  27.104702  102.865592    14.241    -7412.8    17244.5     8181.5    112.1     89.8     89.0 2023  2 21 17 57 10.080  4.4     0     0     2     2 -9.000  0.090   1
     4213  27.041125  102.910457     0.819    -2961.6    10200.0    -5240.4      9.3      5.9     18.0 2023  2 21 19 39  8.020  2.5     0     0     1     2 -9.000  0.000   1
     4216  26.866888  102.900326     5.048    -3970.1    -9106.1    -1011.3     14.6      7.3     20.0 2023  2 21 21 14 38.760  1.9     0     0     0     1 -9.000  0.000   1
     4224  26.916764  102.904753     6.748    -3529.3    -3579.6      688.9     76.0     56.3     58.0 2023  2 21 23 18 40.000  4.2     0     0    11     6 -9.000  0.097   1
     4231  26.605837  103.015617     3.922     7491.3   -38031.2    -2137.2     78.5     68.5     78.1 2023  2 22  4 44 59.160  2.3     0     0     1     1 -9.000  0.004   1
     4249  27.233726  102.887655     2.692    -5220.2    31540.6    -3367.7     24.1     37.1     26.7 2023  2 22 13 53 29.250  2.2     0     0     1     1 -9.000  0.001   1
     4257  27.117474  102.853678     9.170    -8594.1    18659.5     3110.4    109.3     63.0     86.0 2023  2 22 16 22 51.070  3.6     0     0    14    13 -9.000  0.098   1
     4282  26.546655  103.018823     3.939     7811.6   -44588.6    -2120.8     13.5     13.8     13.6 2023  2 23  7  6 46.390  2.5     0     0     1     2 -9.000  0.005   1
     4289  26.812905  102.906087    10.648    -3398.9   -15087.4     4589.0      0.9      0.5      0.3 2023  2 23 11 33 42.870  3.2     0     0     1     1 -9.000  0.000   1
     4302  26.981055  102.782992     4.881   -15617.9     3544.0    -1178.0      7.5      7.5     11.9 2023  2 23 18 57 43.060  2.1     0     0     1     1 -9.000  0.000   1
     4315  26.967303  102.894588     9.352    -4538.3     2020.2     3292.8    171.4    118.3     98.6 2023  2 24  5 13 31.670  3.6     0     0     6     3 -9.000  0.142   1
     4359  26.919061  102.919271     7.199    -2087.5    -3325.0     1139.0    107.9     73.0     72.8 2023  2 25 10  3 20.910  2.7     0     0     7     0 -9.000  0.014   1
     4367  27.223185  102.780216    12.322   -15876.6    30372.7     6263.0     87.4    148.1     67.7 2023  2 25 12  5 30.860  3.5     0     0     2     2 -9.000  0.083   1
     4386  26.854983  102.952507     9.865     1213.2   -10425.2     3805.9     67.2     58.2     87.7 2023  2 25 17 28  3.440  3.4     0     0    25    19 -9.000  0.098   1
     4419  27.217721  102.795744    12.066   -14336.7    29767.1     6006.3     71.1     69.4     68.0 2023  2 26  2 50 36.030  4.6     0     0     8     7 -9.000  0.127   1
     4420  27.215257  102.809896    11.581   -12933.4    29494.1     5521.7     72.6     63.3     73.8 2023  2 26  2 54 34.130  3.8     0     0     3     1 -9.000  0.031   1
     4422  27.217682  102.801302    12.002   -13785.6    29762.9     5942.2     61.5     59.8     67.7 2023  2 26  3 56 47.340  4.0     0     0     5     4 -9.000  0.131   1
     4445  26.849030  102.970809     7.975     3031.6   -11084.8     1915.5     66.3     59.4     64.1 2023  2 26 16 17  1.700  2.8     0     0    30    28 -9.000  0.123   1
     4464  26.919122  102.926530     7.859    -1366.9    -3318.3     1799.1     68.4     48.0     38.7 2023  2 27  1 33 45.160  4.1     0     0    15    10 -9.000  0.094   1
     4471  26.862502  102.951261    13.606     1089.9    -9592.1     7546.4     69.0     62.8     53.9 2023  2 27  5 56 54.170  3.4     0     0     5     5 -9.000  0.116   1
     4472  27.062915  102.861353     4.474    -7834.5    12614.3    -1585.8     12.0     13.4     19.7 2023  2 27  6  6 59.350  2.5     0     0     1     2 -9.000  0.003   1
     4476  27.011894  102.792187     8.818   -14702.6     6961.0     2758.7      0.0      0.0      0.0 2023  2 27 10 16 56.430  3.3     0     0     0     1 -9.000  0.000   1
     4478  27.136039  102.847640    10.584    -9193.1    20716.6     4524.9     82.7     56.9     84.1 2023  2 27 11 59 34.260  4.3     0     0     4     2 -9.000  0.046   1
     4491  26.829331  102.963818    10.493     2337.6   -13267.3     4433.2    102.8     60.6     85.6 2023  2 27 20 25 38.940  3.6     0     0     3     2 -9.000  0.064   1
     4517  26.871151  102.917594    14.573    -2254.3    -8633.7     8513.1    157.4    107.2     82.4 2023  2 28 15 11  6.090  3.4     0     0     7     4 -9.000  0.113   1
     4530  26.623505  103.010140    12.430     6945.8   -36073.4     6371.0     98.9     90.6     87.6 2023  2 28 21 42 45.800  3.9     0     0     4     2 -9.000  0.111   1
     4540  26.914136  102.791496    10.687   -14777.2    -3870.9     4627.6     58.3     73.3     61.8 2023  3  1  5 57 41.200  3.5     0     0     0     2 -9.000  0.000   1
     4544  27.083240  102.765308    28.204   -17365.6    14866.3    22144.7     44.6     50.2     33.0 2023  3  1 10 14  6.970  3.8     0     0     1     0 -9.000  0.000   1
     4549  26.846771  102.970239     7.477     2975.1   -11334.9     1417.6    114.4    119.1    104.7 2023  3  1 11 36  7.750  4.1     0     0     2     1 -9.000  0.062   1
     4551  26.856325  102.942074    11.412      177.3   -10276.4     5352.8     73.0     57.7     72.9 2023  3  1 11 57 26.320  3.6     0     0    41    27 -9.000  0.104   1
     4560  26.839506  102.970304     6.229     2982.0   -12139.9      169.3     80.6     82.5    115.2 2023  3  1 16 21 48.190  2.7     0     0    11    10 -9.000  0.128   1
     4565  26.850692  102.966219    13.093     2575.8   -10900.5     7033.9     58.8     49.5     63.9 2023  3  1 21 29 18.560  3.0     0     0    29    22 -9.000  0.109   1
     4577  26.950234  102.895166     4.723    -4480.9      128.9    -1336.7     45.6     42.2     37.0 2023  3  2 11  3 17.660  2.0     0     0     0     1 -9.000  0.000   1
     4579  26.992448  102.765430    11.491   -17360.1     4806.3     5432.0     92.3    151.6     77.8 2023  3  2 11 35 43.330  2.1     0     0     0     2 -9.000  0.007   1
     4591  27.005615  102.807007     6.268   -13232.2     6265.3      208.1     86.6    108.0    105.6 2023  3  2 16 50 48.370  4.2     0     0    14     9 -9.000  0.110   1
     4596  26.858545  102.953231    13.960     1285.5   -10030.5     7900.9     73.4     81.7     64.9 2023  3  2 22 25 24.260  5.2     0     0    32    24 -9.000  0.111   1
     4597  26.853774  103.019840     6.312     7902.4   -10559.1      252.2     30.3     19.4     32.8 2023  3  2 22 32 59.820  2.6     0     0     2     3 -9.000  0.045   1
     4599  26.844383  102.973649     6.837     3313.9   -11599.7      778.1     63.1     60.8     82.4 2023  3  2 22 48 55.260  3.7     0     0    21    18 -9.000  0.122   1
     4601  26.839471  102.929370    14.262    -1085.1   -12143.9     8202.6     97.7     68.0     65.4 2023  3  3  1 24  8.210  3.3     0     0     6     7 -9.000  0.118   1
     4615  26.825545  102.958805    11.341     1839.7   -13686.8     5281.7     69.6     56.6     59.7 2023  3  3 18 35 14.120  2.7     0     0    10    10 -9.000  0.077   1
     4618  27.123435  102.793750     2.732   -14540.0    19320.2    -3327.7     29.3     25.2    121.6 2023  3  4  3  1  2.580  3.2     0     0     3     2 -9.000  0.041   1
     4629  26.871427  102.934570    10.827     -568.4    -8602.9     4767.4     98.0     74.4     74.5 2023  3  4 14 18 50.960  2.9     0     0     2     1 -9.000  0.169   1
     4637  27.220329  102.808708     3.166   -13050.7    30056.1    -2893.4     29.1     51.6     85.7 2023  3  4 17 13 48.640  2.7     0     0     0     1 -9.000  0.000   1
     4641  27.187518  102.847209     8.648    -9233.2    26420.7     2588.7    108.8    102.6    142.8 2023  3  4 20 26 14.580  3.4     0     0     4     3 -9.000  0.127   1
     4646  27.112944  102.849382     8.629    -9020.8    18157.7     2570.0    118.9     59.8     78.5 2023  3  4 22 34 25.960  3.0     0     0     8     5 -9.000  0.116   1
     4647  27.209401  102.807552    11.659   -13165.9    28845.5     5599.9     47.6     63.8     78.2 2023  3  4 22 58 19.680  3.1     0     0     8     4 -9.000  0.120   1
     4648  27.134279  102.794800     9.417   -14435.3    20521.6     3357.3     52.1     30.8     73.9 2023  3  5  0  8  8.890  3.6     0     0     3     3 -9.000  0.077   1
     4651  26.853735  102.967497     7.153     2702.4   -10563.4     1093.2     71.8     72.9     93.3 2023  3  5  8 40 14.090  2.9     0     0    10     6 -9.000  0.091   1
     4655  27.042753  103.150472    12.475    20862.5    10380.3     6415.8      0.0      0.0      0.0 2023  3  5 13 24  1.540  3.3     0     0     1     0 -9.000  0.000   1
     4658  27.030339  102.907088     2.154    -3295.6     9004.8    -3905.1      9.4      6.1     10.6 2023  3  5 15 33 59.830  2.3     0     0     1     2 -9.000  0.000   1
     4659  26.856392  102.950220    11.659      986.3   -10268.9     5599.3     54.2     43.6     55.5 2023  3  5 15 55  1.540  3.5     0     0    50    45 -9.000  0.101   1
     4670  26.995894  102.786922     4.278   -15226.7     5188.3    -1781.0      2.3      2.5      3.4 2023  3  6  1  7 14.200  3.1     0     0     1     2 -9.000  0.000   1
     4673  26.863674  102.956380    12.197     1598.5    -9462.1     6137.3     49.6     55.0     44.3 2023  3  6  3 24 59.960  3.1     0     0    17    18 -9.000  0.082   1
     4674  27.055817  103.045475     9.923    10439.7    11827.9     3863.7     71.1    107.7    108.6 2023  3  6  4 35 56.670  2.9     0     0     1     1 -9.000  0.001   1
     4682  27.129757  102.857170    10.161    -8247.4    20020.5     4101.1     93.1     71.3     62.7 2023  3  6  7 43  0.270  2.5     0     0     5     3 -9.000  0.123   1
     4690  27.213495  102.962476     1.394     2200.6    29299.1    -4665.6      8.2     23.8     38.1 2023  3  6 17 43 18.880  1.0     0     0     9    11 -9.000  0.057   1
     4699  26.841441  102.949707    13.669      935.7   -11925.7     7609.1    120.4    117.2     68.8 2023  3  6 20 48 46.320  6.1     0     0     7     6 -9.000  0.091   1
     4702  26.839254  102.988989     8.283     4838.0   -12167.9     2223.3     54.5     64.9     69.4 2023  3  6 21  4 33.240  2.8     0     0     2     2 -9.000  0.118   1
     4709  26.837722  102.989526    10.827     4891.4   -12337.6     4767.7     64.7     54.9     64.9 2023  3  6 21 58  3.120  3.2     0     0     7     5 -9.000  0.130   1
     4710  26.860689  102.940706    11.066       41.1    -9792.9     5006.8     71.9     54.3     57.1 2023  3  6 22 22 54.640  3.4     0     0    25    18 -9.000  0.098   1
     4713  26.797325  102.989827    13.802     4922.3   -16813.8     7742.6     79.2     54.4     57.4 2023  3  6 23 10 34.960  3.3     0     0     2     1 -9.000  0.004   1
     4716  26.864020  102.957511    11.950     1710.8    -9423.7     5890.9     46.6     42.8     40.4 2023  3  6 23 32 30.920  2.8     0     0    30    27 -9.000  0.078   1
     4719  26.859776  102.968986    14.279     2850.3    -9894.1     8220.0     66.2     56.1     49.6 2023  3  6 23 51 24.000  3.8     0     0    29    24 -9.000  0.113   1
     4727  26.855920  102.969889    11.754     2940.5   -10321.4     5694.1     72.8     72.2     56.0 2023  3  7  1 31 58.960  3.6     0     0     9    11 -9.000  0.093   1
     4728  26.844914  102.958398    10.745     1798.5   -11540.8     4685.6     76.7     53.2     95.0 2023  3  7  2 24 31.760  4.1     0     0    15     9 -9.000  0.081   1
     4730  26.847681  102.937834     7.641     -244.1   -11234.2     1581.8     67.6     63.2     81.9 2023  3  7  3 21 32.550  3.4     0     0    17    11 -9.000  0.085   1
     4731  26.847040  102.986312    13.033     4571.8   -11305.3     6973.3    108.9     96.7    100.6 2023  3  7  3 41 31.560  4.1     0     0     3     3 -9.000  0.134   1
     4733  27.148480  103.118107    12.084    17641.3    22095.2     6024.5     52.2     46.7     39.6 2023  3  7  4 18 49.280  3.6     0     0     6     6 -9.000  0.112   1
     4734  26.866715  102.924398    10.730    -1578.6    -9125.0     4670.7     86.1     72.0     52.3 2023  3  7  4 37  7.160  3.5     0     0     7     7 -9.000  0.153   1
     4738  27.041923  102.772518    13.881   -16653.3    10288.2     7821.6    104.3    105.1    102.0 2023  3  7  5 32 22.510  4.8     0     0     3     3 -9.000  0.118   1
     4741  26.852985  102.967277    13.490     2680.5   -10646.5     7430.6     46.7     43.7     50.1 2023  3  7  7  3 58.730  4.4     0     0    36    28 -9.000  0.099   1
     4744  26.850942  102.952026    12.738     1165.9   -10872.9     6678.8    135.8    106.2    110.0 2023  3  7  8 29 47.660  3.6     0     0    15     9 -9.000  0.107   1
     4745  26.852791  102.961043     6.285     2061.2   -10667.9      225.8     89.7     89.7    145.9 2023  3  7  9  0 10.400  3.3     0     0    15    12 -9.000  0.110   1
     4753  26.848757  102.940047    13.860      -24.1   -11115.0     7800.9     83.3     69.8     66.9 2023  3  7 14  7 58.400  3.7     0     0    25    16 -9.000  0.091   1
     4754  26.857656  102.918856    10.764    -2129.8   -10128.8     4704.5     77.5     54.7     69.8 2023  3  7 14 12 42.980  4.2     0     0     3     3 -9.000  0.054   1
     4755  26.856089  102.942773    11.045      246.7   -10302.6     4985.0     57.2     49.2     43.2 2023  3  7 14 38 37.210  4.4     0     0    35    29 -9.000  0.093   1
     4756  26.839984  102.972632    13.223     3212.6   -12086.9     7163.1     83.1     65.4     74.5 2023  3  7 14 40 28.780  5.1     0     0    22    19 -9.000  0.126   1
     4759  26.841382  102.968913    11.361     2843.2   -11932.1     5301.9     73.5     46.4     62.4 2023  3  7 15 16 58.040  4.7     0     0    16    15 -9.000  0.085   1
     4764  26.853668  102.979460    11.294     3891.4   -10570.8     5234.9     58.8     60.0     66.2 2023  3  7 19  1 47.400  3.4     0     0     4     4 -9.000  0.106   1
     4765  26.853892  102.964429    10.828     2397.8   -10546.0     4768.9     68.1     53.5     51.1 2023  3  7 19 34 57.720  3.5     0     0    39    27 -9.000  0.107   1
     4769  26.850922  102.969523    15.348     2904.3   -10875.0     9288.4     74.6     47.4     54.4 2023  3  7 21 13 56.480  4.2     0     0    16    15 -9.000  0.111   1
     4770  26.845455  102.980754    10.607     4019.3   -11480.8     4547.8     67.1     51.1     71.1 2023  3  7 21 21 38.000  4.7     0     0    28    14 -9.000  0.102   1
     4771  26.854875  102.967440     7.085     2697.0   -10437.1     1025.7     69.2     66.8    111.1 2023  3  7 21 31 15.900  3.3     0     0    22    17 -9.000  0.120   1
     4773  26.853493  102.969149     7.182     2866.6   -10590.3     1122.4     58.5     49.3     66.7 2023  3  7 21 37  4.560  3.1     0     0    20    14 -9.000  0.122   1
     4774  26.852281  102.961670    16.056     2123.4   -10724.5     9996.9     79.9     72.5     68.6 2023  3  7 21 44 29.620  4.6     0     0    12    12 -9.000  0.119   1
     4775  26.857747  102.942114    11.110      181.5   -10118.8     5050.5     57.9     49.5     89.2 2023  3  7 21 58 11.240  3.5     0     0    29    25 -9.000  0.096   1
     4776  26.844027  102.945785     6.580      546.0   -11639.0      520.3     98.5     85.4    100.6 2023  3  7 22 12 12.580  3.0     0     0     3     1 -9.000  0.007   1
     4777  26.868854  102.937443    11.298     -282.7    -8888.2     5238.3     52.6     65.1     56.3 2023  3  7 22 18  8.280  2.5     0     0    18    26 -9.000  0.094   1
     4778  26.849253  102.931364    10.383     -886.8   -11059.9     4323.3    111.5     98.8     72.3 2023  3  7 22 33 19.760  3.1     0     0     3     1 -9.000  0.021   1
     4784  26.855357  102.983341    12.806     4276.6   -10383.8     6746.3     66.7     81.9     79.1 2023  3  7 23 35 24.520  3.5     0     0    10    10 -9.000  0.094   1
     4789  26.856038  102.941504    14.749      120.4   -10308.2     8689.3    102.1     58.1     62.0 2023  3  8  0 57 16.810  4.1     0     0     3     4 -9.000  0.067   1
     4790  26.839689  102.967350     8.894     2688.5   -12119.6     2834.7     50.3     41.6     55.0 2023  3  8  1  6 50.140  2.6     0     0     2     3 -9.000  0.082   1
     4791  26.848789  102.979354    11.873     3880.8   -11111.3     5813.8    143.3    108.7    135.3 2023  3  8  3  2 53.710  3.9     0     0     8     5 -9.000  0.133   1
     4792  26.841370  102.941919     7.610      161.9   -11933.4     1550.6     78.6     50.3     74.1 2023  3  8  3 38 24.320  3.5     0     0     4     3 -9.000  0.169   1
     4796  26.850521  102.987972    10.465     4736.7   -10919.5     4405.1     53.3     42.5     52.9 2023  3  8  4 57 33.990  3.8     0     0    10     8 -9.000  0.086   1
     4797  26.852976  102.956974    11.922     1657.4   -10647.4     5862.5    123.4    109.6    116.4 2023  3  8  5 35 56.660  3.5     0     0    10     8 -9.000  0.121   1
     4800  26.862927  102.968107    12.368     2763.0    -9544.9     6308.7    117.9     79.1     97.1 2023  3  8  8 34 31.930  2.9     0     0    12    16 -9.000  0.133   1
     4804  26.862478  102.973063    13.929     3255.6    -9594.6     7869.6     67.7     59.0     51.2 2023  3  8 10 57 26.290  3.6     0     0    25    16 -9.000  0.097   1
     4807  26.852476  102.987313    11.956     4670.9   -10702.8     5896.4     53.6     64.3     87.7 2023  3  8 11 16  2.710  4.7     0     0     7     5 -9.000  0.103   1
     4808  26.845699  102.999382    11.063     5870.3   -11453.9     5003.6     90.8     66.6     70.7 2023  3  8 11 32  1.000  4.6     0     0     3     4 -9.000  0.051   1
     4811  26.849062  102.979858    13.740     3931.1   -11081.1     7681.0     84.0     72.2     63.4 2023  3  8 12 16  0.100  3.5     0     0     5     4 -9.000  0.068   1
     4817  26.860588  102.978117     8.415     3757.2    -9804.1     2355.2     89.1     84.2    119.1 2023  3  8 14 11 31.390  3.5     0     0    17    11 -9.000  0.142   1
     4826  26.860455  103.000195    12.497     5950.4    -9818.8     6437.8    123.6    141.3    134.3 2023  3  8 16 15 45.490  3.2     0     0     3     3 -9.000  0.111   1
     4829  27.127187  102.838354    10.600   -10114.2    19735.9     4540.9     57.7     62.6     72.5 2023  3  8 16 47  0.040  4.2     0     0    13     7 -9.000  0.118   1
     4831  26.851038  102.941756     7.609      145.8   -10862.2     1549.0     88.0     66.1    108.4 2023  3  8 17 18 39.760  3.2     0     0    10     5 -9.000  0.071   1
     4842  26.839154  102.954834     8.130     1444.7   -12179.1     2070.3     77.8     54.1     71.4 2023  3  8 18 28  0.600  3.5     0     0     4     3 -9.000  0.169   1
     4844  26.851017  102.939648    14.343      -63.5   -10864.5     8283.1     75.1     68.7     63.2 2023  3  8 18 45 27.580  2.8     0     0    15    15 -9.000  0.105   1
     4847  26.846104  102.975057     7.312     3453.7   -11409.0     1252.4     48.1     40.9     61.4 2023  3  8 18 57 27.040  2.7     0     0     2     3 -9.000  0.082   1
     4849  26.962844  102.813037     5.877   -12635.9     1526.2     -182.4      6.1     11.4     12.6 2023  3  8 19  8 18.280  2.2     0     0     2     2 -9.000  0.036   1
     4851  26.848051  102.927271     8.378    -1293.4   -11193.3     2318.9    117.7     81.2    120.7 2023  3  8 19 33  5.020  3.0     0     0     5     5 -9.000  0.115   1
     4858  26.831722  102.903263     2.390    -3678.5   -13002.6    -3669.3      8.5      3.0     10.3 2023  3  8 20 22 50.800  3.1     0     0     1     2 -9.000  0.000   1
     4859  26.865413  102.887166     7.560    -5277.5    -9269.4     1500.1     52.2     22.2     88.5 2023  3  8 20 54 12.480  2.3     0     0     1     3 -9.000  0.040   1
     4861  26.841488  102.953735     6.798     1335.9   -11920.4      738.7    142.6    110.1    176.0 2023  3  8 21  9 16.800  3.3     0     0     6     3 -9.000  0.051   1
     4863  26.851593  102.950635     9.814     1027.4   -10800.8     3754.6     64.6     43.5     79.8 2023  3  8 22  6  3.960  2.9     0     0    25    20 -9.000  0.103   1
     4864  26.825926  102.911882     2.358    -2822.2   -13644.7    -3701.3      8.3      2.9     10.4 2023  3  8 22 14 54.980  2.5     0     0     1     2 -9.000  0.000   1
     4867  26.849146  102.976090    14.194     3556.3   -11071.9     8135.0     70.7     57.5     68.1 2023  3  8 22 37 22.880  5.3     0     0    17    14 -9.000  0.107   1
     4869  26.843713  102.974194     8.953     3368.1   -11673.7     2893.9     37.0     48.2     63.4 2023  3  8 22 47 56.320  3.4     0     0    18    12 -9.000  0.135   1
     4870  26.848873  102.955314    11.099     1492.6   -11102.1     5039.1    111.5     79.2     91.0 2023  3  8 22 53 20.340  4.4     0     0    12    11 -9.000  0.109   1
     4871  26.856596  102.956681    11.351     1627.8   -10246.5     5292.0     69.5     73.0     51.5 2023  3  8 23  1 14.080  4.4     0     0     9     7 -9.000  0.100   1
     4874  26.852913  103.023763     7.354     8292.0   -10654.5     1294.3     30.8     20.2     48.1 2023  3  8 23 13 55.500  3.0     0     0     2     3 -9.000  0.045   1
     4875  26.851034  102.946257     9.468      592.9   -10862.7     3408.4     89.3     93.1    114.3 2023  3  8 23 18 10.440  3.7     0     0    11     8 -9.000  0.113   1
     4876  26.847221  102.928206    10.959    -1200.7   -11285.2     4899.4     56.5     42.1     60.1 2023  3  8 23 31 30.280  3.5     0     0    25    22 -9.000  0.127   1
     4878  26.859194  102.993351    15.132     5270.9    -9958.5     9072.8     43.3     50.7     48.4 2023  3  8 23 45 23.020  3.4     0     0     3     3 -9.000  0.066   1
     4879  26.840584  102.940910    10.852       61.5   -12020.5     4792.6     72.0     50.8     57.6 2023  3  8 23 46 48.440  3.6     0     0     9     6 -9.000  0.096   1
     4881  26.859764  102.934993     8.194     -526.1    -9895.4     2134.8     49.9     38.4     63.6 2023  3  9  0  8 16.130  3.0     0     0     9    13 -9.000  0.115   1
     4882  26.842310  102.995093     9.966     5444.4   -11829.3     3906.2     45.6     39.9     56.2 2023  3  9  0 11 32.950  3.5     0     0    12    10 -9.000  0.064   1
     4883  26.850946  102.932096    11.581     -814.3   -10872.3     5521.1     56.2     47.2     62.6 2023  3  9  0 20 14.460  4.0     0     0    18     9 -9.000  0.117   1
     4884  26.865375  102.960921    17.687     2049.3    -9273.6    11627.4     35.5     23.0     20.7 2023  3  9  0 23 49.880  4.0     0     0     3     2 -9.000  0.034   1
     4886  26.887968  102.785555    17.211   -15369.4    -6770.3    11151.6     44.5     26.9     29.6 2023  3  9  0 34 16.730  2.9     0     0     0     1 -9.000  0.000   1
     4890  26.848507  102.921004    12.026    -1915.9   -11142.6     5966.9     70.2     35.6     52.4 2023  3  9  1 40 14.700  3.8     0     0     9     5 -9.000  0.059   1
     4893  26.852374  102.960742     9.912     2032.0   -10714.2     3852.8     91.9     85.0     91.0 2023  3  9  5 13 22.910  5.9     0     0    12     9 -9.000  0.125   1
     4894  26.858396  102.989836    14.023     4921.8   -10046.8     7963.4     36.7     44.6     30.4 2023  3  9  5 38 49.200  3.3     0     0     9     8 -9.000  0.095   1
     4898  26.863173  102.970768     8.847     3027.7    -9517.7     2787.3     73.1     57.3     56.1 2023  3  9  6 15 57.490  3.5     0     0    10     8 -9.000  0.069   1
     4900  26.860187  102.970272    10.695     2977.9    -9848.5     4635.3    104.7     79.3    100.1 2023  3  9  6 32  3.590  4.3     0     0     9     4 -9.000  0.126   1
     4902  26.857760  102.969051    10.935     2857.0   -10117.4     4875.5     64.2     54.1     54.0 2023  3  9  6 45 48.840  4.0     0     0    30    31 -9.000  0.102   1
     4903  26.861281  102.950358    11.801     1000.0    -9727.2     5741.2     68.3     40.6     46.0 2023  3  9  6 46 51.950  3.8     0     0    10     6 -9.000  0.092   1
     4905  26.845260  102.951603     4.790     1123.6   -11502.4    -1269.7     56.0     31.7     57.6 2023  3  9  7  8 25.650  3.1     0     0     3     2 -9.000  0.091   1
     4909  26.866579  102.953556    14.834     1317.9    -9140.2     8774.6    103.6     80.3     59.8 2023  3  9  7 34 40.960  4.3     0     0     3     2 -9.000  0.097   1
     4910  26.864235  102.960018    11.729     1959.5    -9400.0     5669.0     44.7     54.6     47.6 2023  3  9  7 45 48.890  3.3     0     0    25    26 -9.000  0.093   1
     4911  26.858673  102.981584    10.368     4102.3   -10016.2     4308.1     44.9     38.7     41.0 2023  3  9  7 50 26.210  3.9     0     0    16    13 -9.000  0.085   1
     4912  26.843266  102.974886    11.691     3436.9   -11723.4     5631.5     75.6     54.6     71.4 2023  3  9  8  5  8.660  4.8     0     0    12     6 -9.000  0.090   1
     4914  26.852340  102.944792     7.124      446.9   -10717.9     1064.2     74.2     65.8     99.5 2023  3  9  8 52 12.460  3.2     0     0    14    11 -9.000  0.082   1
     4916  26.854828  102.980420    11.201     3986.3   -10442.2     5141.8     58.7     50.2     55.1 2023  3  9  9  0 32.370  4.1     0     0    21    20 -9.000  0.095   1
     4917  26.849921  102.972770     7.832     3226.6   -10986.1     1772.5     88.8     50.7     88.6 2023  3  9  9  4 21.030  3.5     0     0    19    22 -9.000  0.106   1
     4918  26.855884  102.927702    10.538    -1250.5   -10325.2     4479.0    102.6    107.7    106.7 2023  3  9  9 17 12.020  4.3     0     0     6     6 -9.000  0.141   1
     4926  27.117586  102.841984    10.925    -9754.4    18671.9     4865.2    153.9    110.0     98.3 2023  3  9 10 41  7.180  4.5     0     0     2     2 -9.000  0.025   1
     4929  26.868052  102.965869    13.191     2540.7    -8977.1     7131.3    172.8    152.5    154.0 2023  3  9 11 29 19.260  3.4     0     0    11    11 -9.000  0.125   1
     4930  26.858628  102.990910     9.916     5028.3   -10021.3     3856.1     57.2     64.1     64.5 2023  3  9 11 30 47.960  3.3     0     0     7     6 -9.000  0.088   1
     4948  26.842283  102.991170    11.393     5054.7   -11832.4     5333.3     48.5     44.6     66.5 2023  3  9 14 21 16.530  3.2     0     0    12     8 -9.000  0.060   1
     4952  26.841530  102.987646     8.113     4704.6   -11915.7     2053.6     54.4     64.8     70.4 2023  3  9 16 32  5.720  4.1     0     0     4     4 -9.000  0.116   1
     4958  26.864360  102.864868     9.541    -7492.5    -9386.2     3481.6     29.7     49.9     85.3 2023  3  9 19  9 14.320  4.3     0     0     2     1 -9.000  0.065   1
     4959  26.850419  102.916675    11.237    -2346.0   -10930.9     5177.2     75.5     53.2     58.9 2023  3  9 19 16 19.320  2.8     0     0    11     6 -9.000  0.130   1
     4963  26.850366  102.942627    11.217      232.0   -10936.6     5157.3     57.9     47.8     52.1 2023  3  9 20 12 33.240  2.8     0     0    39    31 -9.000  0.108   1
     4966  26.855131  102.942782    13.970      247.4   -10408.7     7910.1     76.7     55.8     48.2 2023  3  9 20 28 34.160  3.9     0     0    19    17 -9.000  0.089   1
     4969  26.850696  102.947453    11.018      711.5   -10900.1     4958.7     52.9     32.5     35.8 2023  3  9 20 49 10.040  3.5     0     0    27    23 -9.000  0.110   1
     4972  26.856356  102.936833    13.981     -343.9   -10273.0     7921.7     88.9     65.8     62.6 2023  3  9 20 59 26.920  3.3     0     0     2     2 -9.000  0.016   1
     4974  26.868538  102.961646    13.595     2120.9    -8923.1     7536.0     99.9     79.0     98.5 2023  3  9 21  6 49.500  5.2     0     0    13    11 -9.000  0.138   1
     4975  26.867004  102.943408    15.831      309.9    -9093.0     9771.1     93.5     71.0     79.3 2023  3  9 21 12 28.880  3.3     0     0     6     3 -9.000  0.080   1
     4977  26.890733  102.869450     7.195    -7036.6    -6464.0     1135.2     13.8     12.7     26.1 2023  3  9 21 21 14.520  2.6     0     0     2     3 -9.000  0.038   1
     4981  26.855603  102.945076    11.647      475.2   -10356.4     5587.3     74.1     44.4     37.5 2023  3  9 21 36  5.720  3.9     0     0    13     7 -9.000  0.106   1
     4984  26.844139  102.996126    10.153     5546.6   -11626.8     4093.6     56.4     78.1     74.2 2023  3  9 21 46 60.000  2.8     0     0     4     2 -9.000  0.049   1
     4988  26.879108  102.896216    13.052    -4378.2    -7752.0     6992.8     49.5     46.9     27.4 2023  3  9 22 21 41.480  2.9     0     0     2     2 -9.000  0.086   1
     4992  26.851880  102.972420    10.864     3191.4   -10768.9     4804.2     67.7     63.5     48.0 2023  3  9 22 48 34.160  3.8     0     0     8     6 -9.000  0.106   1
     4997  26.863955  102.946842    13.348      650.7    -9431.0     7288.9     80.1     80.4     69.0 2023  3 10  0 20 44.900  5.5     0     0    24    17 -9.000  0.109   1
     4999  26.848590  102.944328    11.826      401.1   -11133.4     5766.7     91.0     71.5     71.0 2023  3 10  0 50 10.810  4.2     0     0     6     5 -9.000  0.135   1
     5000  26.854350  102.974251    16.309     3373.8   -10495.4    10249.6    114.1     91.8    117.2 2023  3 10  1 32 16.920  4.6     0     0     7     8 -9.000  0.139   1
     5001  26.861420  102.962231    12.324     2179.3    -9711.9     6264.8     63.5     65.5     55.8 2023  3 10  1 58 31.520  2.6     0     0    28    26 -9.000  0.097   1
     5004  26.866892  102.906519     9.365    -3354.5    -9105.5     3306.0     39.0     21.9     44.4 2023  3 10  2 51 15.690  3.4     0     0     4     3 -9.000  0.055   1
     5005  26.938255  102.822843     9.342   -11663.4    -1198.3     3282.9     33.0     37.2     32.4 2023  3 10  2 53 25.350  3.2     0     0     2     2 -9.000  0.073   1
     5007  26.842804  102.971200     9.217     3070.7   -11774.6     3157.8     41.2     56.6     64.9 2023  3 10  3 17 29.430  3.0     0     0    11    11 -9.000  0.074   1
     5009  26.847884  103.016260    14.462     7546.6   -11211.6     8402.6     60.3     47.5     42.9 2023  3 10  3 28 22.540  3.7     0     0     4     4 -9.000  0.029   1
     5010  26.842961  102.942326     9.528      201.8   -11757.2     3468.9     64.8     52.3     56.7 2023  3 10  3 57 59.910  3.5     0     0     8     6 -9.000  0.074   1
     5011  26.867975  102.937720    10.911     -255.3    -8985.5     4851.6     99.9     86.7     92.1 2023  3 10  5 39 34.000  2.9     0     0    11     7 -9.000  0.104   1
     5014  26.867137  102.952083    11.842     1171.5    -9078.5     5782.6     49.3     53.6     34.8 2023  3 10  6 35 52.570  3.3     0     0    23    23 -9.000  0.070   1
     5015  26.968134  102.799780     5.626   -13951.8     2112.2     -433.7      6.3     11.3     14.4 2023  3 10  6 36 57.890  2.9     0     0     2     2 -9.000  0.036   1
     5021  26.862130  102.917668     8.884    -2247.1    -9633.3     2824.9     60.6     32.9     78.7 2023  3 10 10 18  2.050  2.9     0     0     4     2 -9.000  0.037   1
     5022  26.844082  102.991838    10.166     5121.3   -11632.9     4106.0     33.0     33.2     42.5 2023  3 10 11 21 23.500  3.4     0     0    14    13 -9.000  0.080   1
     5023  26.849292  102.963623    13.167     2317.7   -11055.6     7107.9     85.1     55.8     75.7 2023  3 10 12 19 19.370  3.5     0     0    14    11 -9.000  0.126   1
     5024  26.831842  102.988314    12.794     4771.1   -12989.1     6734.5     30.7     30.9     60.4 2023  3 10 13 19 21.800  4.1     0     0     3     1 -9.000  0.027   1
     5029  26.826748  102.886287     4.473    -5365.3   -13553.7    -1586.4      4.7      3.3      5.3 2023  3 10 14 26 36.580  2.4     0     0     2     3 -9.000  0.000   1
     5030  26.869112  102.924292    10.615    -1589.1    -8859.6     4555.9     77.6     59.4     57.2 2023  3 10 14 54 39.800  2.6     0     0     4     3 -9.000  0.145   1
     5032  26.841113  102.937622    14.525     -264.8   -11962.0     8465.6     76.7     55.0     55.6 2023  3 10 16 13 27.660  3.8     0     0     6     5 -9.000  0.098   1
     5038  26.840619  102.963460     4.666     2302.1   -12016.6    -1393.9     89.7     26.2     48.7 2023  3 10 18 34 16.260  3.3     0     0     0     1 -9.000  0.000   1
     5041  27.027596  102.901978    12.022    -3803.1     8700.9     5962.6     28.3     28.1     21.3 2023  3 10 18 52 49.720  3.7     0     0     4     3 -9.000  0.081   1
     5043  27.038525  102.907650    10.046    -3240.0     9911.8     3986.5    190.3     96.6     82.0 2023  3 10 18 57 22.520  3.7     0     0     3     6 -9.000  0.034   1
     5044  27.018193  102.890771    10.818    -4915.9     7658.9     4758.5    157.6    123.3     97.1 2023  3 10 19  2 23.420  3.3     0     0     5     4 -9.000  0.080   1
     5045  27.029146  102.895565     9.824    -4439.8     8872.7     3764.6     82.1     40.8     35.7 2023  3 10 19  5 56.400  3.2     0     0     9     8 -9.000  0.076   1
     5048  27.014219  102.896232    11.930    -4374.0     7218.7     5870.7     20.3     30.9     20.9 2023  3 10 19 23 42.960  2.3     0     0     2     1 -9.000  0.009   1
     5049  26.867169  102.937769    10.669     -250.4    -9074.7     4609.8     80.2     69.4     57.0 2023  3 10 19 42 53.980  3.0     0     0     7    11 -9.000  0.056   1
     5052  27.026339  102.902523     9.574    -3749.4     8561.5     3514.2    111.5     62.4     50.6 2023  3 10 19 55 36.440  3.2     0     0    10     8 -9.000  0.090   1
     5054  26.851436  102.968693     6.879     2821.3   -10818.1      819.1     95.8     85.8    127.0 2023  3 10 20 14 21.680  3.4     0     0     3     4 -9.000  0.093   1
     5055  27.026113  102.895011    10.089    -4494.6     8536.5     4029.4    128.2     71.5     39.0 2023  3 10 20 25 38.080  3.9     0     0    11     6 -9.000  0.118   1
     5061  26.854586  102.958944     8.334     1852.7   -10469.1     2274.6    174.6    113.4    180.0 2023  3 10 21  1 10.940  3.5     0     0     4     1 -9.000  0.083   1
     5064  26.846039  102.970190     5.469     2969.9   -11416.1     -590.2     87.9     87.2    132.5 2023  3 10 21 25  8.960  3.2     0     0    12    11 -9.000  0.116   1
     5065  26.847099  102.938387     8.797     -189.2   -11298.6     2737.0    101.8     89.5    124.8 2023  3 10 21 37 59.680  3.1     0     0    11     8 -9.000  0.101   1
     5070  26.855182  102.968302     8.794     2782.5   -10403.2     2734.5     66.3     68.9     82.8 2023  3 10 22 15  6.000  3.0     0     0    23    23 -9.000  0.119   1
     5071  27.110392  102.862980    13.198    -7671.7    17874.8     7138.8    131.7     88.0     78.4 2023  3 10 22 20 47.820  3.5     0     0     3     3 -9.000  0.124   1
     5072  26.865843  102.944816    12.599      449.5    -9221.9     6540.0     85.5     75.9     64.1 2023  3 10 22 47  7.040  2.2     0     0    23    17 -9.000  0.074   1
     5079  26.859587  102.949430     6.839      907.9    -9915.0      779.2     48.6     69.9    101.9 2023  3 10 23 16  8.080  3.5     0     0    10    13 -9.000  0.105   1
     5080  26.862321  102.971810     8.252     3130.7    -9612.0     2192.9     66.9     57.7     65.1 2023  3 10 23 23 55.540  3.3     0     0     4     3 -9.000  0.110   1
     5083  27.108488  102.830200     9.758   -10924.4    17663.9     3698.8     43.3     23.0     35.9 2023  3 11  0  8 26.740  3.5     0     0    12    12 -9.000  0.080   1
     5087  26.850590  102.960213    11.774     1979.3   -10911.8     5714.1     37.8     34.7     69.5 2023  3 11 13  1 44.580  3.3     0     0     2     3 -9.000  0.054   1
     5091  26.920536  102.791764    10.459   -14750.5    -3161.7     4399.2     57.7     75.9     61.6 2023  3 11 14 29 21.540  2.3     0     0     0     2 -9.000  0.000   1
     5092  27.099858  102.825814     9.676   -11359.7    16707.7     3617.0     87.1     54.8     92.5 2023  3 11 14 41 36.230  2.8     0     0     9     9 -9.000  0.139   1
     5106  26.876619  102.873161     7.726    -6667.9    -8027.8     1666.7     18.9      9.5     26.0 2023  3 11 21  1 59.480  2.7     0     0     3     6 -9.000  0.039   1
     5115  27.160152  103.122705    11.931    18096.9    23388.5     5871.3     45.2     26.0     47.0 2023  3 11 23 30 29.660  4.9     0     0     7     6 -9.000  0.080   1
     5121  26.839777  102.944897    12.278      457.8   -12110.0     6218.2    169.6    128.8     99.6 2023  3 12  1 19  0.370  4.1     0     0     7     3 -9.000  0.098   1
     5132  26.844781  102.962842     9.006     2240.1   -11555.6     2946.1    219.2    201.6    256.7 2023  3 12  8 12 14.140  3.6     0     0     3     2 -9.000  0.069   1
     5142  27.056258  103.036369     8.844     9535.9    11876.8     2784.6     70.8    104.1    117.3 2023  3 12 12 20  9.260  3.2     0     0     1     1 -9.000  0.001   1
     5148  26.875557  102.896102    14.570    -4389.4    -8145.3     8510.5     51.5     47.9     26.1 2023  3 12 15 10  5.200  3.3     0     0     2     2 -9.000  0.086   1
     5152  26.865804  102.933651     8.716     -659.8    -9226.1     2657.0    140.1     82.4    102.0 2023  3 12 16  1 19.610  2.5     0     0     3     2 -9.000  0.119   1
     5157  26.882420  102.910824    15.222    -2927.4    -7385.0     9162.1    134.8     83.9     73.7 2023  3 12 19  9 25.040  3.2     0     0     4     3 -9.000  0.022   1
     5158  26.997024  102.799601     4.889   -13967.7     5313.4    -1170.2     81.1     83.9     91.0 2023  3 12 19 23 38.120  3.5     0     0    10     8 -9.000  0.093   1
     5162  27.128025  102.848291    10.373    -9128.1    19828.7     4313.4    145.4    141.4    130.8 2023  3 12 20 30 52.000  2.9     0     0     2     5 -9.000  0.090   1
     5165  26.942000  102.824211     9.440   -11527.2     -783.4     3380.4     33.3     36.7     32.2 2023  3 12 21 27  7.460  3.0     0     0     2     2 -9.000  0.073   1
      456  26.827055  102.968709     1.027      144.7    -2223.8      167.2   1526.5    807.0   1415.8 2022  9 25  8 20 30.560  2.8     0     0     3     4 -9.000  0.553   2
      972  26.833870  102.971403     1.345      412.5    -1468.6      484.8   1537.7    804.0   1398.4 2022 11  2 15 22  5.260  2.7     0     0     2     3 -9.000  0.191   2
     1175  26.841701  102.968571     0.768      131.2     -601.0      -92.1   3852.7   1989.0   3553.3 2023  1  2  3 36 57.500  2.4     0     0     1     1 -9.000  0.989   2
     1017  27.073828  102.892871     1.457     1805.9     2399.9      459.1    215.0    143.7    378.2 2022 11  9 19  3 37.960  2.4     0     0     0     3 -9.000  0.359   4
     4072  27.072923  102.881405     0.560      668.4     2299.7     -438.4    216.3    142.5    370.1 2023  2 18  6 37 12.010  3.1     0     0     0     3 -9.000  0.359   4
     1775  26.742080  102.991870     0.849     -759.1    -1487.2       15.8     49.7     21.5     30.0 2023  1 10 12 27 12.470  2.0     0     0     1     1 -9.000  0.234   5
     3710  26.753609  102.998926     0.804      -57.5     -209.5      -29.8     31.7     32.3     22.1 2023  2 11  4 22 25.770  1.9     0     0     1     1 -9.000  0.234   5
      132  26.949341  102.797575     0.993     3714.2     -682.4     -113.8      0.1      0.1      0.2 2022  9  2 16 49 23.400  3.5     0     0     2     2 -9.000  0.304   6
     2182  26.958071  102.780745     0.599     2042.8      284.8     -507.5      0.1      0.1      0.2 2023  1 16 11 34  5.800  2.9     0     0     2     2 -9.000  0.304   6
     2165  27.009133  102.927799     1.228      119.2    -1315.3      -72.0    543.5    297.0    681.7 2023  1 16  5 41 56.420  3.3     0     0     1     3 -9.000  0.527   7
     3375  27.015568  102.940007     1.073     1330.6     -602.2     -226.8    526.9    296.0   1092.2 2023  2  4 21 54 24.240  2.6     0     0     1     3 -9.000  0.527   7
      773  26.942383  102.902474     0.941    -1045.7      485.8       66.9    433.2    231.8    412.6 2022 10 17 14 23 33.190  3.1     0     0     2     3 -9.000  0.202  10
     2253  26.946409  102.920386     1.223      732.9      931.8      349.0    808.9    390.6    689.3 2023  1 17  8 54 54.650  2.3     0     0     2     2 -9.000  0.471  10
     3731  26.949021  102.908350     0.507     -462.6     1221.3     -366.7    405.3    203.7    389.8 2023  2 11 11 35 58.510  3.3     0     0     3     2 -9.000  0.444  10
     4515  26.926206  102.908496     0.955     -447.7    -1306.6       81.1    513.1    470.5    645.7 2023  2 28 14 51 47.730  1.9     0     0     1     1 -9.000  0.224  10
     2793  26.781319  102.966300     1.248     -219.7     1835.9       63.5     75.9     56.7    163.1 2023  1 25 22 28 42.600  1.0     0     0     2     2 -9.000  0.857  11
     3724  26.767617  102.975407     0.970      686.6      317.5     -214.8     74.2     58.5    152.5 2023  2 11  9 13 14.490  1.5     0     0     2     2 -9.000  0.857  11
     1230  26.959629  102.832088     1.551    -2324.5     1205.6      306.4    158.1    176.0    301.7 2023  1  3  2 40 46.620  3.0     0     0     2     2 -9.000  0.390  12
     3591  26.959288  102.848055     1.358     -739.5     1167.7      113.2    177.9    167.8    186.6 2023  2  9 10 41 48.240  2.8     0     0     2     2 -9.000  0.390  12
      377  27.061247  102.947111     1.536     -831.9     2188.1      246.3    365.8    158.6    913.0 2022  9 18 16 13 20.650  2.2     0     0     2     2 -9.000  0.289  15
     1135  27.044991  102.948771     1.577     -667.2      386.7      286.7    296.8    149.2    716.8 2023  1  1 13 37  7.030  2.2     0     0     4     4 -9.000  0.369  15
     1949  27.043966  102.963517     0.812      795.8      273.2     -477.6    366.8    149.0    970.2 2023  1 13  9 59 14.130  3.1     0     0     2     2 -9.000  0.434  15
      809  26.840210  102.865422     0.818      265.7     -171.0      -29.9   2318.3    612.2   3094.5 2022 10 19 14 25 11.960  2.0     0     0     2     2 -9.000  0.388  17
      976  26.839866  102.868750     1.153      597.0     -209.0      305.1   2294.4    603.1   3135.7 2022 11  3 23 13 53.660  3.6     0     0     2     2 -9.000  0.388  17
      324  27.224129  102.923389     1.801     -803.4    -1093.6      -36.2   7896.3    908.6   1275.4 2022  9 15  8 55 43.930  2.5     0     0     2     2 -9.000  0.258  18
     4649  27.224847  102.927775     1.847     -369.2    -1014.0        9.2   3104.8    914.4   1257.8 2023  3  5  6 25 19.670  2.4     0     0     2     2 -9.000  0.258  18
      290  26.832117  102.861930     1.294     -802.0     -956.8      378.7     15.6     19.4     50.1 2022  9 13 20 19 55.900  1.3     0     0     5     3 -9.000  0.019  19
      550  26.844008  102.873958     0.779      394.2      360.8     -136.4      6.5      8.6     23.0 2022 10  1  8 43 15.960  1.9     0     0     7     5 -9.000  0.016  19
      969  26.842963  102.870109     0.864       11.1      245.0      -50.6      8.0      8.0     27.8 2022 11  2  7  3 15.900  2.1     0     0     5     5 -9.000  0.018  19
      998  26.844012  102.873983     0.724      396.0      361.3     -190.5      7.5      5.3     30.4 2022 11  7 14 19 55.960  1.3     0     0     7     5 -9.000  0.016  19
      479  26.821114  102.787923     0.476    -1300.3     1009.7     -313.8    191.8    191.5   1119.6 2022  9 27  5 53 41.430  3.2     0     0     2     2 -9.000  0.149  24
     2667  26.816884  102.799064     0.899     -192.9      541.1      108.7    190.9    192.5    807.9 2023  1 24  1 54 10.670  3.0     0     0     2     2 -9.000  0.149  24
     2554  27.138133  102.862272     1.079      488.9      125.5     -107.6   1437.0   1438.2   5393.2 2023  1 22  3 56 57.620  2.5     0     0     2     3 -9.000  0.422  26
     3083  27.130884  102.868717     1.270     1127.7     -677.7       83.3   1480.3   1464.8   5008.4 2023  1 30 13 30 20.570  2.6     0     0     2     3 -9.000  0.422  26
      708  27.140375  102.937923     1.912      686.3     -881.7      308.9    128.3    100.2    149.6 2022 10 12 19  3 45.360  1.7     0     0     3     4 -9.000  0.369  27
     2335  27.155318  102.927913     2.286     -306.1      774.2      683.1     26.3     68.9    105.1 2023  1 18  4 47 26.320  2.6     0     0     3     3 -9.000  0.412  27
     3935  27.148739  102.927157     0.655     -381.1       45.1     -948.7     33.7     70.1    208.3 2023  2 14 13 52 59.610  2.2     0     0     2     5 -9.000  0.501  27
     2292  26.821883  103.171045     1.796    -1089.1     -751.5       -4.0    135.8    154.2    255.7 2023  1 17 18 26 30.440  3.0     0     0     2     2 -9.000  0.396  28
     3576  26.830166  103.158927     1.832    -2293.3      166.1       32.2    139.8    155.8    242.9 2023  2  9  0 17 38.860  2.5     0     0     2     2 -9.000  0.396  28
     1108  26.870044  102.899674     0.914     -562.7     1038.9      271.1     20.1     20.8     59.8 2023  1  1  3 15  6.530  2.8     0     0     2     1 -9.000  0.145  29
     2168  26.873944  102.913289     0.541      790.0     1471.1     -102.3     22.0     20.2     73.8 2023  1 16  7 20 30.820  2.5     0     0     2     1 -9.000  0.145  29
      163  27.002246  102.925716     1.321     -624.3      285.8       38.1    930.2    343.9    598.9 2022  9  4  9 43 48.460  3.2     0     0     4     4 -9.000  0.269  32
     1082  27.002114  102.940682     1.322      860.9      271.1       38.5   1063.9    457.2    838.5 2022 12  9 18 12 59.240  2.2     0     0     4     4 -9.000  0.321  32
     3542  26.994749  102.930583     1.255     -141.1     -544.9      -28.1    767.5    345.9    612.9 2023  2  7 23 43 50.120  2.1     0     0     4     4 -9.000  0.251  32
     3986  26.947229  102.926912     1.274      189.8     -583.8      199.1   3042.6    936.5   1596.7 2023  2 15 23 24  7.920  1.9     0     0     2     2 -9.000  0.633  51
     4180  26.957776  102.919466     0.858     -549.6      584.7     -216.5   2030.6    928.1   1779.2 2023  2 21  3  6 45.640  2.2     0     0     2     2 -9.000  0.633  51
     1400  26.724990  103.081055     0.290     -144.4       54.1     -355.0     47.8     21.8     36.5 2023  1  5 17 56 29.540  2.9     0     0     2     2 -9.000  0.049  53
     4057  26.724011  103.083952     1.001      144.0      -54.3      356.5     47.2     21.9     33.0 2023  2 17 22 46 29.560  4.6     0     0     2     2 -9.000  0.049  53
      171  26.962115  102.868978     1.249     -251.1     -485.8       99.2    300.3    346.5   1061.7 2022  9  4 19 53 39.720  1.5     0     0     1     3 -9.000  0.354  64
     3839  26.970882  102.874023     1.048      249.4      485.7     -102.0    307.8    347.2   1111.3 2023  2 12 18 14 47.400  2.7     0     0     1     3 -9.000  0.354  64
     3098  26.952810  102.950537     1.418      898.0     -187.4     -167.4      9.3     13.8     25.8 2023  1 30 22 48 18.600  2.0     0     0     2     2 -9.000  0.500  76
     3282  26.956209  102.932463     1.726     -896.7      189.3      140.9      9.3     13.6     24.5 2023  2  3  6 13 13.030  1.6     0     0     2     2 -9.000  0.500  76
      947  26.869023  102.869051     0.664      949.6       57.8     -171.5      0.2      0.1      0.7 2022 10 30 21 30 53.960  2.6     0     0     2     0 -9.000  0.138  80
     3038  26.867983  102.849943     1.010     -949.4      -57.2      174.6      0.2      0.1      0.6 2023  1 29 20 13 16.800  1.2     0     0     2     0 -9.000  0.138  80
     1813  26.626912  103.047249     0.522      423.2      156.4     -112.7    695.3    401.7   1181.6 2023  1 11  0 37 54.040  3.4     0     0     2     2 -9.000  0.309  83
     2722  26.624087  103.038680     0.745     -430.3     -156.6      110.5    739.7    399.3   1191.8 2023  1 25  0 24 14.860  3.0     0     0     2     2 -9.000  0.309  83
      305  26.852041  103.107992     1.655       -0.8      226.4       10.4    278.8    275.9    310.1 2022  9 14 13 53 47.700  3.2     0     0     1     3 -9.000  0.349  90
     2220  26.847972  103.108016     1.634        1.4     -224.5      -10.6    274.8    311.4    308.1 2023  1 16 21  5 16.480  2.5     0     0     1     3 -9.000  0.349  90
      333  27.326941  102.936206     1.706     -918.8     -172.8       36.5      5.1      2.8      7.7 2022  9 15 16  0 56.900  2.8     0     0     2     2 -9.000  0.257  93
     2111  27.330064  102.954777     1.633      918.9      173.3      -36.6      5.4      2.9      7.7 2023  1 15 15 10 19.050  2.5     0     0     2     2 -9.000  0.257  93
      419  27.189079  102.867049     1.002     -440.8     -600.7     -107.8    712.2    354.2    853.6 2022  9 21 14 17 54.850  2.5     0     0     2     2 -9.000  0.496 103
     1244  27.199921  102.875944     1.218      440.0      600.6      108.5    700.6    379.6    779.1 2023  1  3  8 30 26.580  3.2     0     0     2     2 -9.000  0.496 103
      256  26.987069  102.880949     1.668      -55.2     -213.8        3.2    105.3    129.6    155.2 2022  9 11 19 43 14.680  1.3     0     0     3     1 -9.000  0.053 104
     1206  26.990932  102.882056     1.662       54.9      214.3       -3.2    105.9    128.5    155.2 2023  1  2 18 13 14.680  0.7     0     0     3     1 -9.000  0.053 104
      648  26.958801  102.956079     1.270      -91.0      -22.0       15.4    278.6    491.7    435.9 2022 10  8 18 46 11.840  2.3     0     0     2     2 -9.000  0.131 108
      910  26.959202  102.957918     1.239       91.5       22.2      -16.5    276.9    503.1    450.9 2022 10 28  9 45 39.900  3.0     0     0     2     2 -9.000  0.131 108
      637  27.047032  102.925586     1.361      900.9      225.3       76.2     36.4     18.1     29.0 2022 10  7 17 29  1.720  2.2     0     0     2     2 -9.000  0.463 109
      815  27.042967  102.907520     1.211     -891.4     -225.1      -73.9     31.3     18.2     28.8 2022 10 19 20 50 40.400  3.1     0     0     2     2 -9.000  0.463 109
      233  26.967999  102.926660     1.129      -34.3      553.9      -55.7    673.8    378.9    787.4 2022  9  9 16 11 18.530  2.1     0     0     2     2 -9.000  0.449 111
      677  26.957963  102.927197     1.262       19.4     -558.1       77.3    665.5    371.4    886.6 2022 10 10  7 57 18.900  2.8     0     0     2     2 -9.000  0.449 111
