        1  26.739168  103.011019    13.873    11508.7   -24309.7     2227.7    199.1    267.3    308.9 2022 12  1  2 38 37.350  0.0   1
        3  27.055450  102.819849    15.947    -7480.7    10735.4     4301.5    933.0    515.5    591.1 2022 12  1  3 19 17.300  0.0   1
        4  26.726748  103.098665     7.965    20220.7   -25685.8    -3680.6   1146.4   2014.8   1455.4 2022 12  1  3 44  1.590  0.0   1
        6  26.907800  102.925277    11.095     2984.3    -5624.7     -550.5    663.0    199.4    211.9 2022 12  1  4 33 25.750  0.0   1
        7  26.942869  102.865902    13.801    -2911.6    -1738.9     2155.3    217.8    243.7    185.3 2022 12  1  4 40  4.560  0.0   1
        8  27.145308  102.887378    10.257     -778.5    20691.9    -1388.5    320.8    266.8    549.1 2022 12  1  5 25 51.010  0.0   1
        9  27.122327  102.721444     6.542   -17242.4    18145.4    -5103.3    428.6    385.5    555.5 2022 12  1  6  7 56.160  0.0   1
       10  27.050494  102.878825    17.901    -1627.6    10186.2     6255.2    436.9    345.7    391.8 2022 12  1  6 42 13.440  0.0   1
       11  26.996714  102.927214    15.050     3176.1     4227.2     3404.6    369.7    226.6    249.0 2022 12  1  6 57 12.780  0.0   1
       12  26.965346  102.912231     9.987     1688.4      751.5    -1658.3    357.7    275.4    301.8 2022 12  1  7 23 28.870  0.0   1
       13  26.962061  102.916447     9.719     2107.3      387.4    -1926.3    317.4    320.2    266.8 2022 12  1  7 37 49.360  0.0   1
       14  27.013334  102.931226     3.579     3574.2     6068.7    -8066.5    247.4    280.6    351.6 2022 12  1  7 59 11.290  0.0   1
       15  26.986963  102.926921    13.310     3146.7     3146.7     1665.0    281.7    248.8    272.2 2022 12  1  8  2  1.760  0.0   1
       16  27.004795  102.934814     5.025     3930.4     5122.7    -6620.8    287.2    300.0    282.1 2022 12  1  8 52 24.220  0.0   1
       17  26.924766  102.922054    11.215     2664.5    -3744.8     -430.5    636.8    196.5    190.9 2022 12  1  9 18  3.320  0.0   1
       18  27.059686  102.896289    14.120      105.6    11204.7     2474.5    608.9    487.2    622.8 2022 12  1 10 38 52.580  0.0   1
       19  26.739823  103.010156    13.919    11423.1   -24237.0     2273.3    310.7    430.0    284.6 2022 12  1 11  3  1.320  0.0   1
       20  26.995774  102.935978    14.588     4046.1     4123.0     2943.1    417.3    195.2    260.6 2022 12  1 11 40 34.550  0.0   1
       21  26.991319  102.940218     8.817     4466.8     3629.4    -2828.6    433.4    574.8    647.1 2022 12  1 11 40 44.980  0.0   1
       23  26.938145  102.797852     4.899    -9669.2    -2262.4    -6746.0    619.4    554.1    620.2 2022 12  1 14 13 49.650  0.0   1
       25  26.929144  102.924870    11.544     2944.0    -3259.8     -101.8    463.6    283.5    414.3 2022 12  1 17 34  0.680  0.0   1
       26  27.054722  102.909774     3.580     1444.3    10654.6    -8065.3    808.5    512.9    747.4 2022 12  1 18  0 23.740  0.0   1
       27  27.066103  102.887703     9.075     -746.0    11915.7    -2570.0    620.3    378.9    581.2 2022 12  1 19  2 42.840  0.0   1
       28  26.938643  102.902531     9.063      725.3    -2207.1    -2582.5    633.5    606.4    547.8 2022 12  1 19 16 50.920  0.0   1
       29  26.984045  102.910449    10.883     1511.4     2823.6     -762.9    503.9    505.2    437.9 2022 12  1 19 27 28.040  0.0   1
       30  27.001367  102.838062     7.672    -5674.5     4742.8    -3973.9    417.1    430.6    445.1 2022 12  1 20  2 54.600  0.0   1
       31  26.882831  102.951742    13.386     5613.8    -8391.4     1740.9    212.4    259.0    345.0 2022 12  1 20 34 42.040  0.0   1
       32  26.968697  102.925854     9.760     3041.1     1123.0    -1885.7    491.4    311.9    383.7 2022 12  1 20 39 41.460  0.0   1
       33  26.962734  102.831779    16.685    -6299.6      462.1     5039.9    542.5    434.1    521.7 2022 12  1 20 41 13.400  0.0   1
       34  26.428691  102.979842     1.110     8421.4   -58711.4   -10535.1    226.8    172.6    328.5 2022 12  1 20 41 53.080  0.0   1
       35  27.064602  102.885352     8.501     -979.4    11749.4    -3144.0    550.1    325.3    851.0 2022 12  1 21 29 33.240  0.0   1
       36  27.116366  103.179606     3.868    28217.2    17484.9    -7777.1    270.5    427.6    624.3 2022 12  1 21 52 41.060  0.0   1
       37  27.049231  102.630330     0.724   -26290.7    10046.3   -10921.5   1597.6   2085.7   2993.3 2022 12  1 22 42 22.480  0.0   1
       38  26.946399  102.933154     9.824     3766.2    -1347.8    -1821.8    501.9    544.1    535.0 2022 12  1 22 47  8.780  0.0   1
       39  26.466402  102.984644    11.752     8898.0   -54532.8      106.7    462.5    449.2    686.4 2022 12  1 23  5 20.240  0.0   1
       41  27.024036  102.728035    14.391   -16595.4     7254.4     2745.4    403.2    262.5    201.3 2022 12  1 23 54 17.760  0.0   1
       42  27.118195  102.910563     6.019     1522.3    17687.5    -5626.6    323.2    257.8    514.8 2022 12  2  1 13 45.360  0.0   1
       43  27.032076  102.896517    15.009      128.5     8145.4     3363.2    642.8    532.7    471.6 2022 12  2  3 58 18.650  0.0   1
       44  26.989539  102.929248    12.444     3377.8     3432.2      798.1    414.1    224.0    285.2 2022 12  2  4 22 50.060  0.0   1
       45  27.001176  102.891471     4.696     -372.6     4721.5    -6949.8    309.7    386.5    346.4 2022 12  2  4 54  7.500  0.0   1
       46  27.046775  102.814209    16.194    -8040.7     9774.0     4548.8    371.7    344.0    342.3 2022 12  2  7 18 31.430  0.0   1
       47  27.050618  102.916398    10.994     2101.5    10200.0     -651.1    570.9    626.5    748.0 2022 12  2  8 39 16.390  0.0   1
       48  27.022986  102.874845    13.760    -2022.6     7138.3     2114.3    347.1    251.8    291.7 2022 12  2  8 54 27.080  0.0   1
       51  26.946057  102.900944    13.591      568.0    -1385.8     1945.6    470.9    374.8    439.4 2022 12  2 11  9 38.110  0.0   1
       52  26.944887  102.904069    11.440      878.1    -1515.2     -205.3    742.8    620.6    585.0 2022 12  2 11 39 15.940  0.0   1
       53  27.167891  102.860465     5.975    -3448.2    23194.2    -5670.7    324.5    301.3    544.3 2022 12  2 11 47 43.420  0.0   1
       54  26.830160  102.944442    14.724     4889.5   -14227.5     3078.4    159.8    188.5    237.7 2022 12  2 12  3 40.390  0.0   1
       55  27.112238  103.284733     3.567    38649.3    17027.6    -8078.7    490.4    302.2    824.1 2022 12  2 13 40 36.380  0.0   1
       56  26.450151  103.010856     7.704    11506.9   -56333.6    -3941.0    373.5    246.6    469.1 2022 12  2 13 58 25.190  0.0   1
       57  26.844863  102.944230    15.640     4868.2   -12598.2     3995.0    211.7    218.3    308.9 2022 12  2 15 14 33.520  0.0   1
       58  26.849520  102.956559    14.103     6092.8   -12082.3     2457.6    187.7    191.8    325.8 2022 12  2 15 21  9.940  0.0   1
       59  26.931411  102.789364     3.183   -10512.1    -3008.6    -8462.0    149.4    163.6    512.0 2022 12  2 16 19 51.010  0.0   1
       60  26.853595  102.957503    15.487     6186.5   -11630.8     3841.4    210.9    376.0    514.6 2022 12  2 17 48 47.480  0.0   1
       61  26.844299  102.946997    15.526     5143.4   -12660.8     3880.8    208.2    211.4    313.7 2022 12  2 17 53 50.960  0.0   1
       62  26.842063  102.946354    15.453     5079.2   -12908.5     3807.7    215.0    246.0    321.7 2022 12  2 18  5  8.860  0.0   1
       63  26.939956  102.927075    12.970     3163.1    -2061.7     1324.8    388.2    278.0    417.0 2022 12  2 19 52  5.240  0.0   1
       64  26.905007  102.942375    13.024     4683.0    -5934.1     1378.8    782.1    429.1    374.3 2022 12  2 20  0 55.300  0.0   1
       66  26.983724  102.951864     7.835     5623.3     2787.8    -3810.2    484.5    564.4    462.0 2022 12  2 20 30 26.020  0.0   1
       67  26.990287  102.891170     9.237     -402.1     3515.1    -2408.8    397.5    424.0    362.1 2022 12  2 21  9 13.940  0.0   1
       68  27.013924  102.778947     8.346   -11542.5     6134.2    -3299.5    420.5    406.6    353.8 2022 12  2 21 15 14.080  0.0   1
       69  26.817114  102.957967    13.689     6234.1   -15672.9     2043.3    260.6    242.0    307.4 2022 12  2 21 21 24.040  0.0   1
       70  26.577098  103.013989    13.792    11812.4   -42267.4     2146.6    273.3    332.0    282.6 2022 12  2 22 39 24.240  0.0   1
       71  26.935449  102.929557    10.772     3409.8    -2561.0     -873.4    409.6    261.8    370.8 2022 12  2 22 42 34.740  0.0   1
       72  26.852201  102.940951    17.268     4542.7   -11785.3     5622.2    216.5    249.0    385.1 2022 12  2 22 59 50.800  0.0   1
       73  26.986424  102.767082     8.738   -12721.6     3087.0    -2906.4    381.7    513.3    744.3 2022 12  2 23  8 45.160  0.0   1
       76  26.847052  102.966447    14.328     7075.4   -12355.7     2682.4    206.4    245.6    414.4 2022 12  3  1 45 27.740  0.0   1
       77  26.852136  102.958236    15.868     6259.3   -11792.4     4222.1    227.6    216.0    366.6 2022 12  3  1 51 51.550  0.0   1
       78  26.924825  102.802507     5.037    -9207.2    -3738.2    -6608.7    175.5    208.6    391.5 2022 12  3  1 55 10.590  0.0   1
       79  26.925277  102.792757     3.640   -10175.4    -3688.2    -8005.9    140.3    147.8    672.1 2022 12  3  2  5 16.180  0.0   1
       80  26.923413  102.799308     3.690    -9525.2    -3894.8    -7955.3    142.7    158.9    339.5 2022 12  3  2  8 43.810  0.0   1
       81  26.849093  102.957194    14.111     6156.3   -12129.6     2465.1    197.4    213.9    345.7 2022 12  3  2 14 15.520  0.0   1
       82  26.851493  102.956689    15.465     6105.8   -11863.6     3819.2    158.9    185.8    312.4 2022 12  3  2 14 44.090  0.0   1
       83  26.850808  102.957837    14.842     6220.3   -11939.6     3197.0    199.4    208.9    310.7 2022 12  3  2 15  7.580  0.0   1
       84  26.854610  102.962126    16.790     6645.7   -11518.2     5144.2    210.9    333.3    524.8 2022 12  3  2 16 53.970  0.0   1
       85  26.925205  102.793896     3.379   -10062.1    -3696.1    -8266.2    137.4    138.2    505.2 2022 12  3  2 17 13.690  0.0   1
       86  26.849150  102.959709    14.265     6405.9   -12123.3     2619.9    200.6    216.5    331.9 2022 12  3  2 19 26.930  0.0   1
       87  27.010960  102.931616     2.617     3612.8     5805.8    -9028.3    291.3    330.5    452.4 2022 12  3  3  4 51.080  0.0   1
       88  26.651969  103.021704    17.008    12575.3   -33971.4     5362.4    305.3    196.1    209.3 2022 12  3  3 44 28.190  0.0   1
       90  26.849477  102.958049    14.605     6241.2   -12087.0     2959.9    225.7    204.6    285.9 2022 12  3  5  2 51.390  0.0   1
       91  26.924723  102.794881     4.322    -9964.6    -3749.6    -7323.6    664.5    214.3    379.9 2022 12  3  5 14 48.290  0.0   1
       92  26.932534  102.789242     0.772   -10524.6    -2884.1   -10873.2    423.9    592.6   1408.1 2022 12  3  5 23 53.430  0.0   1
       93  27.137791  102.848698    10.709    -4615.9    19858.8     -936.0    412.4    323.6    519.0 2022 12  3  7  6 21.980  0.0   1
       95  26.961843  102.926855    10.286     3140.9      363.3    -1359.2    378.9    261.6    294.4 2022 12  3  7 54 45.480  0.0   1
       96  26.958567  102.922152     9.544     2673.6        0.4    -2101.0    413.5    334.1    312.2 2022 12  3  8 39 54.890  0.0   1
       97  26.823405  103.114518     3.720    21787.1   -14975.9    -7925.7    342.6    413.0    325.4 2022 12  3  8 43 11.410  0.0   1
       98  26.970986  102.944303    11.627     4873.0     1376.4      -18.9    668.3    322.9    484.1 2022 12  3  8 50 46.740  0.0   1
      100  26.874548  102.952311    10.976     5670.4    -9309.0     -668.9    229.8    343.6    457.8 2022 12  3 11 45 40.200  0.0   1
      101  26.893394  102.942603    14.689     4705.7    -7220.9     3043.2    369.4    385.4    319.9 2022 12  3 12 49 32.480  0.0   1
      102  27.067114  102.642074     6.759   -25123.7    12027.7    -4886.4    183.6    271.5    337.1 2022 12  3 13 33  8.350  0.0   1
      103  27.011469  102.943921     4.093     4834.4     5861.9    -7552.2    402.2    602.6    728.6 2022 12  3 13 57 58.950  0.0   1
      104  26.524497  103.065470    15.799    16936.5   -48095.7     4153.7    253.5    414.8    209.3 2022 12  3 14 10 10.630  0.0   1
      105  27.116638  102.892782     9.412     -242.2    17515.1    -2233.5    244.0    215.3    525.4 2022 12  3 14 49 38.660  0.0   1
      106  27.017031  102.777767    16.037   -11659.1     6478.4     4391.2    203.2    238.1    277.7 2022 12  3 15 57 43.450  0.0   1
      107  27.007987  102.950806     2.441     5517.7     5476.4    -9204.0    343.7    322.9    392.8 2022 12  3 16 13 27.320  0.0   1
      108  27.069649  102.799715    11.988    -9478.3    12308.7      342.3    312.3    464.9    268.2 2022 12  3 16 26 40.090  0.0   1
      109  26.978235  102.891195    13.699     -400.3     2179.7     2053.3    772.4    500.1    453.7 2022 12  3 16 43 53.610  0.0   1
      110  27.000954  102.768433    12.778   -12587.2     4697.0     1132.2    323.5    321.7    387.4 2022 12  3 19 28 16.240  0.0   1
      111  27.019391  102.773592    16.149   -12073.8     6739.9     4503.2    190.2    235.5    275.2 2022 12  3 19 33  1.360  0.0   1
      112  27.005210  102.772502    12.901   -12182.9     5168.7     1255.4    223.8    249.9    358.6 2022 12  3 19 36 43.320  0.0   1
      113  27.025765  102.768237    17.281   -12604.6     7446.2     5635.4    300.9    240.8    283.6 2022 12  3 20 14 39.500  0.0   1
      115  26.979960  102.932251    10.408     3676.5     2370.9    -1237.5    513.4    356.1    400.3 2022 12  3 21  6 35.020  0.0   1
      116  26.985177  102.923340    12.254     2791.2     2948.9      608.9    282.2    274.2    290.6 2022 12  3 21 12 37.640  0.0   1
      117  26.874375  102.957251    15.477     6160.9    -9328.2     3831.8    211.9    227.2    322.9 2022 12  3 21 23 47.340  0.0   1
      118  27.243693  102.615796     2.473   -27710.0    31593.2    -9172.2   1067.1    886.0   1428.8 2022 12  3 21 36 58.720  0.0   1
      119  26.990922  102.933341    14.611     3784.5     3585.4     2965.5    431.3    282.9    290.7 2022 12  3 21 56 14.420  0.0   1
      120  26.874302  102.952051    14.925     5644.2    -9336.3     3279.8    390.3    232.0    295.9 2022 12  3 22  1 12.220  0.0   1
      121  26.723932  103.005477    16.625    10958.6   -25997.9     4979.5    374.0    548.9    471.9 2022 12  3 22  8 12.960  0.0   1
      122  26.871507  102.958089    17.604     6244.4    -9646.1     5958.8    270.6    317.9    535.9 2022 12  3 22 17 52.460  0.0   1
      123  27.019743  102.834229    12.034    -6054.6     6778.9      388.3    216.3    369.0    291.6 2022 12  3 22 27 41.440  0.0   1
      125  26.872133  102.964526    15.273     6883.5    -9576.7     3627.9    266.2    362.8    510.9 2022 12  3 22 56 39.000  0.0   1
      126  26.998297  102.767863    12.046   -12643.8     4402.7      400.2    348.7    338.8    429.4 2022 12  3 23 23 14.240  0.0   1
      127  27.122239  103.163590     0.966    26627.1    18135.8   -10679.0    358.7    457.2   1028.7 2022 12  4  0 40 45.880  0.0   1
      128  27.118921  102.908057     5.752     1273.2    17768.0    -5893.1    324.2    275.0    721.2 2022 12  4  2 10 26.660  0.0   1
      129  26.860699  102.941976    16.013     4644.4   -10843.7     4367.6    246.2    292.6    514.0 2022 12  4  3 10  1.950  0.0   1
      130  27.132751  102.778768    12.293   -11554.0    19300.6      647.3    772.1    552.0    663.4 2022 12  4  3 18 50.350  0.0   1
      132  26.723987  103.017651    14.029    12169.0   -25991.7     2383.7    365.9    563.3    456.1 2022 12  4  3 39 43.980  0.0   1
      133  26.978558  102.920142    11.727     2473.9     2215.4       82.0    311.9    315.8    293.0 2022 12  4  3 51 49.540  0.0   1
      136  27.034843  102.877287    15.278    -1780.2     8452.1     3632.8    329.4    221.5    272.1 2022 12  4  6 36 49.840  0.0   1
      137  26.999974  102.835498     9.106    -5929.4     4588.4    -2539.2    440.3    482.4    484.5 2022 12  4  8 33  8.820  0.0   1
      138  26.984652  102.921753    12.184     2634.1     2890.7      539.0    386.3    361.7    321.1 2022 12  4  8 34  9.270  0.0   1
      139  26.875517  102.955729    15.477     6010.1    -9201.8     3831.4    193.8    238.7    326.9 2022 12  4  9 29 21.250  0.0   1
      141  27.150783  102.907430     6.918     1211.1    21298.4    -4727.8    439.2    338.6    578.3 2022 12  4 10 56 47.490  0.0   1
      142  26.999943  102.810604    16.313    -8400.1     4585.1     4667.6    395.9    380.7    422.7 2022 12  4 12 49 43.560  0.0   1
      144  26.947762  102.950789    11.727     5517.7    -1196.9       81.5    867.5    721.8    569.9 2022 12  4 13  1  1.390  0.0   1
      145  27.015493  102.773486    16.266   -12084.3     6307.9     4620.1    223.8    241.2    283.4 2022 12  4 13 52 28.720  0.0   1
      146  26.985179  102.923877    12.151     2844.6     2949.0      505.1    257.7    242.4    273.7 2022 12  4 13 57 10.100  0.0   1
      147  26.823842  102.979907    12.649     8413.8   -14927.4     1003.7    311.8    283.8    335.4 2022 12  4 14  6 47.650  0.0   1
      148  27.017053  102.774691    15.616   -11964.8     6480.8     3971.0    222.3    245.0    280.6 2022 12  4 15 27 42.080  0.0   1
      150  26.988597  102.898763     9.954      351.1     3327.8    -1691.0    339.6    356.0    316.2 2022 12  4 15 46 54.590  0.0   1
      151  27.008944  102.830762     7.054    -6399.0     5582.3    -4590.9    406.5    438.1    431.1 2022 12  4 16 32 17.420  0.0   1
      152  27.005247  102.828931     6.989    -6580.9     5172.6    -4656.4    375.7    432.2    492.4 2022 12  4 16 41 49.520  0.0   1
      153  26.926567  102.867456     7.923    -2757.1    -3545.3    -3722.9    741.6    662.5    677.7 2022 12  4 16 45 41.460  0.0   1
      154  27.132684  102.681120     8.839   -21242.0    19293.2    -2806.4    493.2    422.4    689.5 2022 12  4 18 15 30.280  0.0   1
      155  26.920677  102.913753    12.490     1840.1    -4197.9      845.0    649.2    236.9    159.0 2022 12  4 18 24 28.520  0.0   1
      156  27.013157  102.777572    15.461   -11678.7     6049.1     3815.3    216.6    238.6    269.5 2022 12  4 18 25 42.480  0.0   1
      157  27.010602  102.776872    14.956   -11748.3     5766.1     3310.2    232.2    221.8    242.8 2022 12  4 18 29 53.800  0.0   1
      158  27.086519  102.792944     8.496   -10149.5    14178.0    -3149.5    289.4    377.5    393.7 2022 12  4 19 24 56.880  0.0   1
      160  27.085524  103.193148     3.034    29564.9    14067.7    -8611.8    665.8    602.2   1265.3 2022 12  4 22 52 22.540  0.0   1
      161  27.000002  102.935327    14.275     3981.2     4591.6     2629.6    373.4    213.3    238.7 2022 12  4 22 59  8.300  0.0   1
      162  27.138717  102.666121     9.328   -22729.8    19961.6    -2317.9    440.7    398.0    708.7 2022 12  4 23 15 31.880  0.0   1
      163  27.135925  102.675838     9.471   -21765.7    19652.2    -2174.6    528.5    405.8    672.1 2022 12  4 23 59  7.840  0.0   1
      166  26.577846  103.010539    13.004    11469.3   -42184.4     1359.0    361.2    405.2    276.9 2022 12  5  2 46 44.270  0.0   1
      167  26.907680  102.951375     7.928     5576.4    -5638.1    -3717.7    670.8    348.2    444.0 2022 12  5  2 52 43.300  0.0   1
      168  26.698486  103.029028    13.662    13300.9   -28817.1     2016.4    689.3    854.0    769.6 2022 12  5  3  6 33.210  0.0   1
      169  27.002334  102.801530     8.904    -9301.2     4850.0    -2741.0    425.1    654.7    664.4 2022 12  5  3 31 22.340  0.0   1
      170  27.125134  102.862419     8.795    -3255.2    18456.6    -2850.2    281.6    218.9    535.0 2022 12  5  3 39 24.700  0.0   1
      172  27.026054  102.888167     6.745     -700.7     7478.2    -4900.5    405.2    569.5    512.4 2022 12  5  4 29 52.400  0.0   1
      173  27.033252  102.754443    11.751   -13973.3     8275.6      105.2    292.2    460.6    380.4 2022 12  5  5 19 13.800  0.0   1
      175  27.102252  102.868294    11.168    -2672.5    15921.2     -477.8    359.7    325.1    506.9 2022 12  5  5 48 45.620  0.0   1
      177  26.455475  103.016667     8.166    12084.8   -55743.5    -3479.5    365.8    243.4    410.8 2022 12  5  6 31 22.920  0.0   1
      178  26.453438  102.991439    10.984     9574.5   -55969.3     -661.5    299.7    242.9    299.6 2022 12  5  8 48 11.700  0.0   1
      179  27.020013  102.873307    13.597    -2175.6     6808.8     1951.1    390.8    327.1    372.5 2022 12  5  9 10 49.590  0.0   1
      180  26.693705  102.847331    17.668    -4761.0   -29347.0     6022.8    225.2    227.8    283.9 2022 12  5  9 43 44.390  0.0   1
      181  26.744108  103.008317    13.982    11239.6   -23762.2     2337.0    284.3    374.4    285.4 2022 12  5  9 56  5.790  0.0   1
      182  26.859996  102.962028    14.260     6636.0   -10921.5     2614.8    374.0    606.3    506.8 2022 12  5  9 58 22.030  0.0   1
      184  27.030005  102.895207     7.074       -1.5     7915.9    -4571.2    612.9    666.5    650.2 2022 12  5 10 35 18.760  0.0   1
      186  27.270909  102.607918     1.969   -28487.5    34608.7    -9676.1   1071.1    870.9   1335.5 2022 12  5 11 22 20.690  0.0   1
      187  26.398983  103.011174    14.024    11541.0   -62003.1     2378.3    592.1    421.9    878.8 2022 12  5 11 25  5.140  0.0   1
      188  27.115068  102.905493     6.888     1019.2    17341.1    -4757.7    355.6    243.8    490.4 2022 12  5 12  8 29.770  0.0   1
      189  27.268640  102.627100    12.779   -26586.1    34357.4     1133.3    803.1    760.1   1337.4 2022 12  5 13 12 11.360  0.0   1
      190  26.966827  102.834896    16.425    -5989.8      915.8     4780.0    554.0    467.1    460.6 2022 12  5 14 47 13.770  0.0   1
      191  26.989299  102.811776    15.264    -8284.7     3405.5     3618.8    363.7    369.4    450.6 2022 12  5 15 41 16.610  0.0   1
      192  26.952722  103.016488    13.886    12040.7     -647.2     2240.5  32344.3  31707.0  30837.3 2022 12  5 16  1 33.680  0.0   1
      193  27.017786  102.886882     1.698     -828.3     6562.0    -9947.5    400.4    404.8    588.4 2022 12  5 16 13 52.500  0.0   1
      194  27.034383  102.805778    11.455    -8878.0     8401.0     -190.5    221.6    270.2    291.2 2022 12  5 17  1  2.400  0.0   1
      195  26.582265  103.032658    25.668    13669.0   -41695.0    14023.0    436.6    526.6    319.5 2022 12  5 17 14 27.160  0.0   1
      196  26.917537  102.904492     9.583      920.9    -4545.8    -2062.8    600.9    236.8    175.7 2022 12  5 18 10  0.720  0.0   1
      197  27.120032  103.180924     6.351    28347.9    17891.2    -5294.9    413.7    391.8    692.7 2022 12  5 20 41 41.820  0.0   1
      200  26.863121  103.060376     9.393    16405.1   -10575.4    -2252.3   8431.8  14057.0   8010.8 2022 12  6  2 32 32.120  0.0   1
      202  26.985461  102.904256    10.789      896.7     2980.3     -856.3    643.2    609.9    481.7 2022 12  6  4 21 11.780  0.0   1
      203  26.884985  103.064998    13.722    16863.1    -8152.7     2076.8  10053.4  12150.2   7333.0 2022 12  6  5 10 51.100  0.0   1
      204  27.091431  103.267383     2.718    36930.9    14722.0    -8927.1    499.0    261.2    831.7 2022 12  6  5 19 16.730  0.0   1
      205  27.190436  103.173828     9.240    27634.8    25692.1    -2405.2    256.7    232.8    559.3 2022 12  6  5 37  1.690  0.0   1
      206  27.193675  103.182072     7.497    28451.8    26051.0    -4148.9    272.7    245.2    773.0 2022 12  6  5 58 19.190  0.0   1
      207  26.905707  102.942830    14.260     4727.7    -5856.6     2614.8    822.4    470.7    385.9 2022 12  6  6 57 29.480  0.0   1
      208  27.003239  102.924894    10.763     2945.9     4950.1     -882.2    570.1    568.7    404.9 2022 12  6  7 40  0.000  0.0   1
      209  27.019838  102.916195     4.381     2081.9     6789.4    -7264.4    258.9    300.7    354.0 2022 12  6  8 15 46.370  0.0   1
      210  26.993219  102.906860    10.878     1155.1     3840.0     -767.4    567.7    644.2    463.5 2022 12  6  9  1 24.520  0.0   1
      211  26.307210  102.988485    13.671     9286.6   -72171.8     2026.0    458.8    487.4    796.1 2022 12  6  9  2 22.700  0.0   1
      212  26.985502  102.905583    10.555     1028.6     2985.0    -1090.4    527.6    566.7    410.6 2022 12  6 10  2 30.700  0.0   1
      213  27.076111  102.756820    10.153   -13735.2    13024.6    -1492.7    195.8    205.4    204.0 2022 12  6 10  8 59.270  0.0   1
      214  27.055298  102.634017     7.186   -25924.2    10718.5    -4458.9    191.9    328.5    389.1 2022 12  6 13 10 36.540  0.0   1
      215  27.189252  103.175960     7.058    27846.9    25561.0    -4587.8    221.5    234.1    398.3 2022 12  6 13 51 55.330  0.0   1
      216  27.075559  102.752718    11.129   -14142.6    12963.5     -516.0    449.1    324.1    322.7 2022 12  6 14 18 55.360  0.0   1
      217  26.855137  102.970964     7.424     7524.1   -11460.0    -4221.0    412.9    375.0    575.8 2022 12  6 15 18 14.910  0.0   1
      219  27.073018  102.753312    10.652   -14083.2    12682.0     -993.8    205.8    176.8    181.5 2022 12  6 16  1 43.360  0.0   1
      220  26.454657  103.027783    14.167    13191.5   -55834.2     2521.2    341.8    384.5    319.3 2022 12  6 16 16 45.830  0.0   1
      221  26.999550  102.787354    13.104   -10708.3     4541.5     1458.2    192.3    242.1    344.0 2022 12  6 16 27 32.990  0.0   1
      222  26.461163  102.999227     8.440    10349.4   -55113.3    -3205.2    334.7    202.4    340.8 2022 12  6 16 32  4.260  0.0   1
      223  27.098783  102.754622     6.687   -13951.9    15536.8    -4958.1    315.5    350.8    337.8 2022 12  6 17 32 35.320  0.0   1
      224  27.098501  102.750350     6.698   -14375.8    15505.4    -4947.1    350.4    354.6    351.8 2022 12  6 17 40 40.120  0.0   1
      225  27.122308  102.866089     8.409    -2890.3    18143.5    -3236.7    271.8    204.3    529.6 2022 12  6 17 47 49.120  0.0   1
      228  27.075407  102.751628    11.073   -14250.7    12946.5     -572.7    235.3    264.0    249.2 2022 12  6 20 25 26.900  0.0   1
      229  27.002643  102.932170     2.929     3667.8     4884.0    -8715.3    309.8    373.0    480.3 2022 12  6 20 39  6.380  0.0   1
      230  27.027234  102.918376     4.739     2298.1     7608.9    -6906.5    367.7    415.2    452.5 2022 12  6 21 13 24.200  0.0   1
      231  27.038601  102.721965    14.041   -17197.4     8868.4     2396.0    291.2    454.4    271.3 2022 12  6 22 16 48.680  0.0   1
      232  27.077852  102.754736    10.893   -13941.8    13217.5     -752.3    200.7    214.8    214.1 2022 12  6 22 17  9.440  0.0   1
      233  26.922758  102.943937    12.273     4838.0    -3967.3      627.8    616.4    430.3    568.4 2022 12  6 22 40  7.200  0.0   1
      234  26.915173  102.922933    10.164     2752.0    -4807.8    -1481.1    474.7    367.5    478.5 2022 12  6 23  6 36.600  0.0   1
      235  27.054169  102.865902     4.450    -2910.5    10593.4    -7195.5    276.7    271.1    457.0 2022 12  6 23 26 17.640  0.0   1
      236  26.888753  102.985295     8.428     8946.4    -7735.2    -3217.0    473.3    395.5    682.1 2022 12  6 23 35 38.440  0.0   1
      237  26.930050  102.858488     2.792    -3648.1    -3159.5    -8853.8    170.0    257.0    236.2 2022 12  6 23 42 22.720  0.0   1
      239  27.199512  103.180078     8.812    28253.6    26697.7    -2833.7    299.2    289.9    676.6 2022 12  7  4 30  9.540  0.0   1
      240  26.938820  102.843913     9.521    -5094.8    -2187.7    -2124.3    798.4   1014.5    921.2 2022 12  7  5 12 44.500  0.0   1
      241  27.006388  102.693075    22.267   -20067.3     5299.1    10621.4    505.1    314.2    298.0 2022 12  7  5 34  9.330  0.0   1
      242  27.055863  102.864290    20.258    -3069.8    10781.1     8612.7    517.0    417.2    400.2 2022 12  7  5 44 13.070  0.0   1
      245  27.053774  102.824935    16.277    -6976.3    10549.7     4631.8    951.8    445.7    666.3 2022 12  7  8 23  3.720  0.0   1
      246  26.826774  102.621037    16.602   -27239.8   -14602.6     4956.4    349.9    232.8    456.6 2022 12  7  9 26 20.710  0.0   1
      247  27.069771  102.751115    10.953   -14301.7    12322.1     -692.3    254.9    250.1    232.5 2022 12  7 14 23 10.200  0.0   1
      248  27.115497  102.891951     8.778     -324.7    17388.7    -2867.7    462.1    361.9    775.8 2022 12  7 14 24 59.690  0.0   1
      249  27.102285  102.799854     5.162    -9463.7    15924.8    -6483.8   1006.4    439.9   1073.6 2022 12  7 15 42 38.060  0.0   1
      250  27.191705  103.178923     7.211    28139.9    25832.7    -4434.4    207.7    248.6    366.5 2022 12  7 15 59  8.670  0.0   1
      252  26.986224  102.930697    14.704     3521.5     3065.0     3058.8    655.6    369.8    355.8 2022 12  7 17 22  7.480  0.0   1
      253  26.458236  102.978662     0.829     8302.9   -55437.6   -10816.5    210.8    176.9    330.3 2022 12  7 17 27  2.200  0.0   1
      254  26.907019  102.812199    14.117    -8245.5    -5711.1     2471.9    928.4    893.1   1024.1 2022 12  7 18 19  9.680  0.0   1
      255  26.984910  102.918905    13.054     2351.4     2919.4     1408.9    390.0    268.9    268.1 2022 12  7 18 25 41.520  0.0   1
      257  27.138534  102.834408     9.620    -6033.4    19941.1    -2024.9    526.2    444.7    815.1 2022 12  7 19 53  2.360  0.0   1
      258  26.388318  103.037939    16.085    14206.1   -63184.7     4439.4    624.9    465.9    605.2 2022 12  7 21  1 17.020  0.0   1
      259  26.429071  103.026090    13.525    13024.2   -58669.2     1879.5    553.1    627.8    936.2 2022 12  7 21  7 23.940  0.0   1
      260  26.985364  102.920166    12.987     2476.3     2969.6     1341.4    678.7    800.6    473.8 2022 12  7 21 26 26.000  0.0   1
      261  27.003603  102.860978     5.214    -3399.5     4990.6    -6431.6    346.4    375.8    341.1 2022 12  7 21 26 49.960  0.0   1
      262  27.006848  102.757251     6.143   -13696.7     5350.2    -5502.7    612.8    792.4    990.7 2022 12  7 21 27 23.380  0.0   1
      263  27.303599  102.633260    14.784   -25971.0    38231.0     3138.4    871.7    766.4    771.9 2022 12  7 21 40 47.720  0.0   1
      264  27.020911  102.822347    21.334    -7233.7     6908.3     9688.2    480.3    796.1    383.2 2022 12  7 21 44 20.520  0.0   1
      265  26.994580  102.930591    13.642     3511.3     3990.8     1996.6    336.0    179.3    238.9 2022 12  7 22  2 44.840  0.0   1
      266  26.986405  103.133358    13.889    23642.0     3085.0     2243.3    358.3    268.6   1506.2 2022 12  7 22  6 31.520  0.0   1
      267  26.946248  102.942204     9.955     4665.0    -1364.5    -1690.3    508.7    564.4    366.7 2022 12  7 22 19 10.560  0.0   1
      268  27.098092  102.707406    13.622   -18637.1    15460.2     1977.0    939.2    770.3    981.4 2022 12  7 22 25 32.020  0.0   1
      269  26.984623  102.920630    12.336     2522.5     2887.4      690.5    284.7    269.0    280.2 2022 12  7 22 54 41.300  0.0   1
      270  26.991964  102.930371    11.888     3489.7     3700.9      243.0    460.8    466.2    409.7 2022 12  7 22 58 29.500  0.0   1
      271  26.993380  102.937931    13.794     4239.7     3857.8     2148.4    584.9    330.8    378.6 2022 12  7 23 33 36.500  0.0   1
      272  26.989591  102.938875    14.004     4333.7     3437.9     2358.9    418.8    264.2    322.4 2022 12  7 23 33 49.560  0.0   1
      273  26.990690  102.954118    13.499     5846.8     3559.8     1853.9    622.5    272.4    448.0 2022 12  7 23 34  0.520  0.0   1
      274  27.050057  102.837565    10.047    -5722.9    10137.7    -1598.4    379.2    449.8    467.2 2022 12  7 23 40 58.480  0.0   1
      275  26.610234  103.037028    16.559    14101.9   -38595.9     4913.7    510.1    267.4    447.3 2022 12  8  1 16 41.430  0.0   1
      276  27.082524  102.815519     8.610    -7909.3    13735.1    -3035.7    648.5    396.0    508.8 2022 12  8  1 17 31.840  0.0   1
      277  27.020528  102.929679    16.339     3420.1     6866.0     4693.1    580.1    449.1    446.5 2022 12  8  1 19 29.050  0.0   1
      278  26.989848  102.785083    10.239   -10934.1     3466.4    -1406.2    361.5    333.9    395.8 2022 12  8  2 49 30.920  0.0   1
      279  27.058258  102.654696     4.722   -23872.0    11046.4    -6923.9    173.9    325.7    437.7 2022 12  8  2 58 42.810  0.0   1
      280  26.811157  103.081079     3.930    18466.3   -16332.9    -7714.2    315.0    397.0    474.6 2022 12  8  3 31 17.930  0.0   1
      281  27.012779  102.799023    12.840    -9549.2     6007.3     1194.4    232.2    267.9    323.3 2022 12  8  7  9 22.640  0.0   1
      282  27.034690  102.800732    15.961    -9379.2     8435.1     4315.2    292.4    288.2    280.4 2022 12  8  8 37 55.900  0.0   1
      283  27.039585  102.857284    19.727    -3765.6     8977.5     8081.9    550.1    321.0    385.3 2022 12  8  8 46  1.380  0.0   1
      284  27.042354  102.886735    15.237     -842.9     9284.3     3592.1    392.2    303.4    357.7 2022 12  8  8 53 46.270  0.0   1
      285  27.008527  102.823071    12.779    -7162.2     5536.1     1134.0    216.2    339.8    297.9 2022 12  8  9  4  0.310  0.0   1
      286  27.033818  102.807007    15.734    -8756.6     8338.4     4088.3    287.8    282.5    276.1 2022 12  8  9 31 51.900  0.0   1
      288  27.154171  102.720158     8.963   -17367.5    21673.9    -2682.7    367.7    382.7    607.3 2022 12  8 11 47 33.570  0.0   1
      291  26.863859  102.931722    16.055     3625.5   -10493.5     4410.0    364.0    336.8    320.8 2022 12  8 15 40 48.130  0.0   1
      292  27.016150  102.830273    10.786    -6447.1     6380.9     -859.0    216.6    257.1    268.8 2022 12  8 15 42 25.850  0.0   1
      293  26.989712  102.933057    10.932     3755.8     3451.2     -713.7    658.0    478.0    508.2 2022 12  8 15 44 29.920  0.0   1
      294  26.891522  102.996224     8.235    10031.1    -7428.4    -3410.7    561.4    532.1    683.4 2022 12  8 16  6 31.640  0.0   1
      295  26.986226  102.942708    13.040     4714.4     3065.2     1394.3    642.4    335.0    351.1 2022 12  8 17  3 51.920  0.0   1
      296  26.953062  102.914022    10.146     1866.9     -609.5    -1499.3    388.1    343.1    339.8 2022 12  8 17  8 25.440  0.0   1
      297  26.985063  102.937769    13.101     4223.8     2936.1     1455.7    454.3    244.5    320.6 2022 12  8 17 27 33.540  0.0   1
      298  26.986737  102.597339     8.013   -29573.4     3121.6    -3632.8    293.1    341.6    415.7 2022 12  8 18  0  1.720  0.0   1
      299  26.975000  102.899137     5.475      388.7     1821.1    -6170.5    743.6    723.9    554.2 2022 12  8 19 10 37.400  0.0   1
      300  27.026160  102.698356    14.683   -19541.4     7489.9     3037.8    596.9    424.7    298.4 2022 12  8 19 15 52.580  0.0   1
      301  26.931673  102.885815     5.496     -933.9    -2979.6    -6149.7    816.3    692.0    718.5 2022 12  8 19 47  3.900  0.0   1
      302  27.074677  102.598397     6.703   -29457.2    12865.8    -4942.3    181.9    202.3    261.6 2022 12  8 19 55  6.340  0.0   1
      304  26.667767  103.010693    14.394    11480.1   -32221.0     2748.4    312.3    257.8    393.2 2022 12  8 22  9 17.000  0.0   1
      305  26.393947  103.001636    10.027    10592.2   -62560.9    -1618.7    427.3    362.8    631.7 2022 12  9  1 32 59.460  0.0   1
      306  26.950736  102.859619    11.451    -3535.2     -867.3     -194.7    298.9    301.0    385.1 2022 12  9  1 44 46.830  0.0   1
      307  26.952622  102.860661    13.080    -3431.9     -658.3     1434.1    238.7    273.1    197.7 2022 12  9  2 21  4.330  0.0   1
      308  27.059119  102.846370    14.674    -4848.6    11141.7     3028.3    721.2    610.9    687.3 2022 12  9  3  7 42.560  0.0   1
      309  27.068740  102.758285    12.063   -13590.4    12207.8      417.7    268.1    292.2    287.5 2022 12  9  4 26 42.200  0.0   1
      310  27.021798  102.772795    16.529   -12152.5     7006.5     4883.2    216.5    246.2    277.6 2022 12  9  4 54 40.440  0.0   1
      311  26.505418  103.059131    14.073    16307.3   -50209.8     2428.1    261.0    228.3    275.8 2022 12  9  6  2 32.420  0.0   1
      313  26.589032  103.015739    14.323    11985.7   -40945.0     2677.4    365.2    406.3    248.6 2022 12  9  6 27 37.880  0.0   1
      315  27.119116  102.870549     8.854    -2448.3    17789.6    -2791.3    286.6    217.1    492.9 2022 12  9  7  5 32.620  0.0   1
      316  26.954958  102.771859     5.660   -12249.4     -399.4    -5985.8    613.8    890.0    860.8 2022 12  9  7 33 20.850  0.0   1
      317  26.903485  102.925228     9.452     2980.1    -6102.8    -2193.3    641.7    191.2    229.5 2022 12  9  8 16 49.390  0.0   1
      318  26.914650  102.898267     8.289      302.3    -4865.7    -3356.0    695.6    646.1    541.2 2022 12  9  9 52 54.890  0.0   1
      319  27.031576  102.965251     0.290     6950.9     8089.9   -11355.9    982.7    749.0   1539.9 2022 12  9 10  3 58.080  0.0   1
      320  26.914622  102.810620     3.348    -8402.2    -4868.8    -8297.8    182.8    210.8    526.3 2022 12  9 10 52 59.240  0.0   1
      321  26.844373  103.068636     1.176    17227.5   -12652.5   -10469.1    323.1    377.4    607.7 2022 12  9 12 47 10.210  0.0   1
      322  27.060040  102.877262     3.989    -1782.9    11243.8    -7656.6    342.9    323.4    421.9 2022 12  9 13 30 41.560  0.0   1
      323  27.015877  102.920239     4.117     2483.2     6350.6    -7528.0    268.6    320.4    373.1 2022 12  9 14 15 16.460  0.0   1
      324  27.084414  102.826204     4.303    -6849.1    13944.6    -7341.6    810.5    808.7   2086.1 2022 12  9 14 21 36.930  0.0   1
      325  27.128373  102.860889    10.771    -3406.6    18815.4     -874.8    311.8    231.6    449.3 2022 12  9 14 42 33.820  0.0   1
      326  27.124603  102.868669     9.217    -2634.4    18397.7    -2428.8    259.1    222.4    442.8 2022 12  9 14 49 16.700  0.0   1
      327  26.952051  102.860067    13.014    -3490.8     -721.6     1368.3    232.8    269.8    200.3 2022 12  9 15  6 51.720  0.0   1
      328  26.876929  102.915226     2.296     1987.0    -9045.3    -9349.2    238.1    325.6   1452.5 2022 12  9 15 41 15.900  0.0   1
      329  26.982375  102.769189     3.232   -12512.6     2638.4    -8413.8    641.9   1053.3   1157.5 2022 12  9 16 16  3.700  0.0   1
      330  26.908152  102.922624    10.221     2720.9    -5585.7    -1424.3    654.5    231.5    211.4 2022 12  9 16 23  8.160  0.0   1
      331  27.011997  102.723438    14.791   -17052.8     5920.6     3145.1    344.6    147.0    195.4 2022 12  9 18 41 57.680  0.0   1
      332  27.006820  102.829142     4.040    -6559.7     5346.8    -7605.7    569.6    592.0    681.9 2022 12  9 18 58 48.920  0.0   1
      333  27.025022  102.764510    15.421   -12975.2     7363.8     3776.0    296.2    288.0    275.0 2022 12  9 19  2 11.320  0.0   1
      334  27.022587  102.781877    14.426   -11251.0     7094.1     2781.0    211.1    225.8    213.4 2022 12  9 19  2 24.300  0.0   1
      335  26.979108  102.621460     4.582   -27179.6     2276.3    -7063.2    368.1    196.6    184.5 2022 12  9 19  4 23.340  0.0   1
      336  27.009092  102.829980     3.588    -6476.7     5598.7    -8057.0    569.7    597.2    834.2 2022 12  9 19  8 33.920  0.0   1
      337  27.022791  102.778402    14.852   -11596.1     7116.6     3206.2    219.4    329.5    265.6 2022 12  9 19  9 55.800  0.0   1
      338  27.022654  102.779077    14.194   -11529.0     7101.5     2548.1    186.3    196.7    232.0 2022 12  9 19 11 23.800  0.0   1
      339  27.031396  102.774797    16.088   -11953.9     8070.2     4442.5    328.8    285.0    286.4 2022 12  9 19 12  2.400  0.0   1
      340  27.023704  102.777393    15.713   -11695.9     7217.7     4067.6    208.1    244.9    270.5 2022 12  9 19 12 49.200  0.0   1
      341  27.087510  102.806657    23.116    -8789.3    14287.7    11470.1   1195.9    839.2    867.2 2022 12  9 19 12 59.800  0.0   1
      342  27.025842  102.715487    17.053   -17841.1     7454.7     5408.1    336.8    140.8    180.0 2022 12  9 19 14 36.780  0.0   1
      343  27.020878  102.726123    16.349   -16785.6     6904.8     4703.9    329.8    140.4    181.6 2022 12  9 19 26 26.960  0.0   1
      344  27.013645  102.782837    12.237   -11156.0     6103.3      591.4    222.5    271.5    349.7 2022 12  9 19 38 27.680  0.0   1
      345  27.027167  102.790153    14.883   -10429.5     7601.5     3237.8    250.7    234.3    252.6 2022 12  9 20  7 59.040  0.0   1
      346  27.029423  102.789144    15.046   -10529.3     7851.4     3400.7    262.5    275.3    271.5 2022 12  9 20 38 46.120  0.0   1
      347  27.020207  102.726742    16.165   -16724.1     6830.3     4520.0    327.8    140.5    178.9 2022 12  9 20 38 57.460  0.0   1
      348  26.996425  102.608561     7.878   -28458.3     4195.2    -3767.0    401.8    439.8    504.5 2022 12  9 20 41 29.180  0.0   1
      349  27.023147  102.760937    15.418   -13329.4     7156.0     3772.5    228.9    260.8    275.3 2022 12  9 20 42 50.280  0.0   1
      350  27.019318  102.728385    15.648   -16560.8     6731.7     4002.2    374.3    169.4    220.0 2022 12  9 21 17 38.800  0.0   1
      351  27.013922  102.641951    15.223   -25141.6     6134.0     3577.2    457.4    359.1    390.5 2022 12  9 21 19  4.820  0.0   1
      352  27.119082  102.706917     6.389   -18683.6    17785.8    -5256.4    481.9    432.9    577.6 2022 12  9 21 25 27.200  0.0   1
      353  27.000920  102.930859    13.931     3537.9     4693.1     2285.1    360.5    212.0    249.4 2022 12  9 21 52 18.340  0.0   1
      354  27.017474  102.780933    14.156   -11345.3     6527.5     2511.5    255.5    283.5    195.3 2022 12  9 21 53 57.880  0.0   1
      355  27.016300  102.777262    14.065   -11709.4     6397.5     2419.6    185.4    181.7    237.6 2022 12  9 22 16 43.960  0.0   1
      356  27.034814  102.785164    15.553   -10924.6     8448.8     3907.4    229.6    263.3    270.7 2022 12  9 23  0 30.520  0.0   1
      357  27.032760  102.783813    15.923   -11058.4     8221.1     4277.6    196.2    250.2    266.2 2022 12  9 23  2  0.840  0.0   1
      358  27.022506  102.782389    14.674   -11200.6     7085.1     3028.7    245.6    260.2    236.9 2022 12  9 23  2 13.780  0.0   1
      359  27.022001  102.779264    14.522   -11510.2     7029.1     2876.3    548.6    387.0    289.6 2022 12  9 23  3 21.900  0.0   1
      360  27.032707  102.845638     9.292    -4921.4     8215.3    -2353.9    385.7    348.9    459.9 2022 12  9 23  4 41.580  0.0   1
      361  27.021027  102.782690    14.063   -11170.4     6921.1     2417.5    230.5    245.9    185.9 2022 12  9 23  5 19.240  0.0   1
      362  27.019169  102.780688    13.896   -11369.1     6715.4     2250.2    216.2    221.3    184.3 2022 12  9 23  9  8.280  0.0   1
      363  27.018831  102.781828    14.440   -11256.4     6677.8     2794.5    199.4    211.9    192.3 2022 12  9 23 20 22.480  0.0   1
      364  26.712927  102.729557     6.156   -16467.2   -27217.2    -5489.5    223.7    150.4    250.1 2022 12  9 23 26 19.160  0.0   1
      365  27.021543  102.765381    15.313   -12888.8     6978.3     3667.9    219.7    245.4    256.9 2022 12  9 23 30 43.800  0.0   1
      366  27.009458  102.776766    13.018   -11759.2     5639.3     1373.0    186.9    224.6    320.1 2022 12  9 23 32  8.740  0.0   1
      367  27.024823  102.779012    15.341   -11535.7     7341.7     3695.6    187.5    246.2    269.4 2022 12  9 23 33 11.360  0.0   1
      368  27.021665  102.779761    14.561   -11461.3     6991.8     2915.5    204.1    220.8    239.9 2022 12  9 23 33 38.580  0.0   1
      369  27.019012  102.784399    14.368   -11000.8     6698.0     2722.7    191.9    208.6    201.2 2022 12  9 23 34 43.080  0.0   1
      370  27.025625  102.810498    12.929    -8409.9     7430.7     1283.8    278.7    217.8    274.7 2022 12  9 23 38 56.520  0.0   1
      371  27.033551  102.776359    16.413   -11798.1     8309.0     4767.8    307.3    252.0    284.8 2022 12  9 23 43 26.920  0.0   1
      372  27.013279  102.781958    13.146   -11243.9     6062.7     1500.7    248.9    294.3    362.5 2022 12  9 23 56 51.960  0.0   1
      373  27.022103  102.783439    14.163   -11095.8     7040.3     2517.9    198.4    231.7    201.8 2022 12  9 23 58  5.880  0.0   1
      374  27.050464  102.800301    16.050    -9421.1    10182.8     4404.2    320.7    305.6    296.4 2022 12  9 23 59 10.960  0.0   1
      375  27.024469  102.704289    18.394   -18952.8     7302.7     6748.4    349.0    167.4    196.7 2022 12 10  0  4 35.350  0.0   1
      376  27.008250  102.779826    12.177   -11455.5     5505.5      531.7    205.1    231.0    310.0 2022 12 10  0  5 47.270  0.0   1
      377  27.031016  102.787061    15.532   -10736.2     8027.9     3886.7    182.2    246.7    265.4 2022 12 10  0  7 50.470  0.0   1
      378  27.029582  102.783114    16.234   -11128.3     7869.1     4588.5    191.6    246.7    274.6 2022 12 10  0 16  7.980  0.0   1
      379  27.028457  102.788737    16.193   -10570.2     7744.5     4548.1    294.1    286.2    295.4 2022 12 10  0 16 55.370  0.0   1
      380  27.018632  102.779810    14.476   -11456.2     6655.8     2830.3    447.3    400.8    304.7 2022 12 10  0 17 36.370  0.0   1
      381  27.011287  102.781112    13.061   -11327.8     5842.0     1415.5    162.9    218.3    326.0 2022 12 10  0 18 52.750  0.0   1
      382  26.929549  102.925293     9.955     2986.2    -3214.9    -1690.3    542.2    389.0    477.3 2022 12 10  0 19 43.700  0.0   1
      383  27.041506  102.793547    17.218   -10092.1     9190.2     5572.7    448.0    449.9    411.7 2022 12 10  0 20  1.370  0.0   1
      384  27.023132  102.780745    14.455   -11363.4     7154.3     2809.5    208.9    235.5    277.7 2022 12 10  0 20 34.620  0.0   1
      385  27.032239  102.788387    15.697   -10604.2     8163.5     4051.3    200.3    260.9    284.8 2022 12 10  0 23 45.650  0.0   1
      386  27.026998  102.767741    16.255   -12654.2     7582.7     4609.3    207.4    252.3    276.8 2022 12 10  0 23 58.970  0.0   1
      387  27.025262  102.834692     9.351    -6008.4     7390.5    -2294.5    281.3    297.1    299.5 2022 12 10  0 24 40.970  0.0   1
      388  27.023846  102.799219    17.597    -9529.7     7233.7     5951.5    735.9    343.2    382.9 2022 12 10  0 25  4.370  0.0   1
      389  27.013051  102.780819    13.398   -11356.9     6037.5     1752.3    219.4    262.5    297.3 2022 12 10  0 30  7.610  0.0   1
      391  27.030967  102.771785    17.437   -12252.7     8022.6     5791.6    284.5    281.8    288.0 2022 12 10  0 36 34.050  0.0   1
      392  27.040179  102.787052    16.213   -10736.8     9043.2     4567.2    365.1    357.8    351.5 2022 12 10  0 50  4.960  0.0   1
      393  27.024764  102.705379    16.893   -18844.7     7335.2     5247.5    356.2    180.7    194.5 2022 12 10  0 52 34.380  0.0   1
      394  27.028385  102.771802    15.769   -12251.1     7736.5     4123.2    249.3    272.3    277.9 2022 12 10  0 57 35.320  0.0   1
      395  27.032397  102.775684    17.084   -11865.5     8181.1     5438.7    206.3    256.6    280.0 2022 12 10  1 10 53.820  0.0   1
      396  26.976436  102.656510     2.405   -23700.2     1980.4    -9240.8    540.5    285.8    728.1 2022 12 10  2 52 25.770  0.0   1
      397  27.016207  102.778857    16.307   -11551.5     6387.0     4661.2    210.1    234.0    276.7 2022 12 10  2 55 21.750  0.0   1
      398  27.001029  102.788639    10.389   -10581.2     4705.3    -1256.0    425.5    469.8    602.8 2022 12 10  3 27 43.070  0.0   1
      399  27.076105  102.873413    20.392    -2164.2    13024.0     8746.6    663.2    592.0    615.7 2022 12 10  3 37 57.940  0.0   1
      400  27.023903  102.771484    15.039   -12282.8     7239.9     3394.0    184.6    256.9    275.5 2022 12 10  3 53 43.570  0.0   1
      401  27.010415  102.782048    13.100   -11235.1     5745.2     1454.2    260.3    279.3    374.3 2022 12 10  4  2 58.150  0.0   1
      402  27.113190  102.877116     8.707    -1796.9    17133.1    -2938.1    254.5    235.9    493.0 2022 12 10  4 15 33.600  0.0   1
      403  27.011841  102.779728    13.711   -11465.1     5903.2     2065.3    185.2    233.2    331.8 2022 12 10  4 28 38.310  0.0   1
      404  27.008169  102.775513    13.160   -11883.9     5496.4     1514.1    272.4    278.8    333.5 2022 12 10  4 28 50.300  0.0   1
      405  26.995221  102.771484     9.741   -12284.2     4061.7    -1904.8    397.6    508.4    696.4 2022 12 10  4 29 51.090  0.0   1
      406  27.012726  102.775903    14.866   -11844.3     6001.4     3220.3    184.6    201.9    210.3 2022 12 10  4 30 13.770  0.0   1
      407  27.010409  102.778703    13.576   -11566.8     5744.5     1930.6    188.2    227.1    324.3 2022 12 10  4 30 38.900  0.0   1
      408  27.018693  102.784481    16.002   -10993.1     6662.6     4356.8    183.8    235.1    274.7 2022 12 10  4 31 10.420  0.0   1
      409  27.016482  102.775464    15.562   -11887.9     6417.6     3916.6    218.6    245.6    278.8 2022 12 10  4 31 26.200  0.0   1
      410  27.032758  102.772445    16.531   -12187.2     8220.8     4885.5    213.5    256.2    280.0 2022 12 10  4 31 54.400  0.0   1
      411  27.035423  102.778800    16.230   -11555.5     8516.3     4584.8    213.9    258.3    273.5 2022 12 10  4 33 42.300  0.0   1
      412  27.024402  102.784318    14.785   -11009.1     7295.1     3139.6    270.6    275.7    262.2 2022 12 10  4 38  2.810  0.0   1
      413  27.036654  102.784969    16.701   -10943.2     8652.7     5055.6    267.9    370.7    258.6 2022 12 10  4 39 51.300  0.0   1
      414  27.034831  102.779557    16.156   -11481.1     8450.5     4510.6    205.0    347.9    261.1 2022 12 10  4 40 12.230  0.0   1
      415  27.029665  102.787166    14.121   -10725.9     7878.2     2475.7    198.9    329.5    244.7 2022 12 10  4 41  0.660  0.0   1
      416  27.021309  102.777051    15.681   -11729.9     6952.4     4035.4    199.9    242.7    270.2 2022 12 10  4 41 58.060  0.0   1
      417  27.006191  102.776099    13.087   -11825.5     5277.2     1441.3    224.0    251.2    335.2 2022 12 10  4 42  6.970  0.0   1
      418  27.037592  102.774015    16.161   -12030.5     8756.5     4515.6    223.0    382.0    269.1 2022 12 10  4 44 29.340  0.0   1
      420  27.037929  102.781177    14.998   -11319.9     8794.0     3352.4    214.9    334.7    237.7 2022 12 10  4 50 50.090  0.0   1
      421  27.014618  102.773690    14.736   -12064.0     6211.0     3090.1    239.9    209.8    179.5 2022 12 10  5  0 58.380  0.0   1
      422  27.022965  102.778198    16.014   -11616.0     7136.0     4368.8    208.4    243.7    272.1 2022 12 10  5  3 24.840  0.0   1
      423  27.010990  102.779297    14.102   -11508.2     5809.0     2456.6    205.3    220.1    294.6 2022 12 10  5  3 45.760  0.0   1
      424  27.020850  102.781413    16.026   -11297.4     6901.4     4380.2    244.8    261.0    286.3 2022 12 10  5  6 32.710  0.0   1
      425  27.022786  102.778092    16.230   -11626.9     7116.2     4584.8    158.9    237.3    276.6 2022 12 10  5 20 22.910  0.0   1
      426  27.025887  102.764982    16.111   -12927.9     7459.6     4465.1    196.9    242.0    273.0 2022 12 10  5 22 51.970  0.0   1
      427  27.010203  102.820215     8.506    -7445.8     5721.9    -3139.4    424.7    357.9    457.9 2022 12 10  5 23  0.400  0.0   1
      428  27.073918  102.760148    11.131   -13405.2    12781.6     -514.8    207.7    176.1    175.6 2022 12 10  5 28 21.710  0.0   1
      429  27.027020  102.783984    14.855   -11041.7     7585.3     3209.8    252.2    242.0    258.4 2022 12 10  5 31  0.520  0.0   1
      431  27.012305  102.777718    12.498   -11664.1     5954.7      852.5    197.0    247.6    332.7 2022 12 10  5 37 15.300  0.0   1
      432  27.010571  102.779224    12.723   -11515.2     5762.7     1077.9    247.6    276.2    359.8 2022 12 10  5 38  3.740  0.0   1
      433  26.951754  102.938957     7.012     4342.9     -754.5    -4633.1    495.6    537.3    457.8 2022 12 10  5 42 52.490  0.0   1
      434  27.007501  102.778353    12.977   -11602.0     5422.6     1331.4    207.4    230.3    335.6 2022 12 10  5 56 48.760  0.0   1
      435  26.939187  102.777905     7.107   -11649.9    -2146.9    -4538.1   1117.1    627.2   1344.1 2022 12 10  5 57 34.310  0.0   1
      436  27.026147  102.782829    17.619   -11156.8     7488.4     5973.3    262.1    266.7    288.5 2022 12 10  6  4 39.510  0.0   1
      437  27.018587  102.778499    13.966   -11586.2     6650.7     2320.7    228.3    234.1    255.4 2022 12 10  6  7 15.240  0.0   1
      438  27.027954  102.765592    16.281   -12867.1     7688.6     4635.4    209.6    250.6    273.8 2022 12 10  6  9  5.320  0.0   1
      439  27.007469  102.777271    13.029   -11709.2     5418.8     1383.4    233.6    249.9    359.3 2022 12 10  6 12 39.370  0.0   1
      440  27.027517  102.776449    16.817   -11790.0     7640.2     5172.0    167.4    232.0    273.0 2022 12 10  6 55  7.290  0.0   1
      441  26.852287  102.938802     6.840     4328.9   -11775.7    -4805.1    493.0    533.1    720.7 2022 12 10  7 33  3.360  0.0   1
      442  27.012437  102.780070    12.758   -11431.3     5969.3     1112.5    173.2    230.0    325.0 2022 12 10  9  5 49.640  0.0   1
      443  27.009757  102.785465    12.096   -10895.2     5672.6      451.0    201.2    222.8    334.5 2022 12 10  9  6 14.380  0.0   1
      444  27.011202  102.781364    13.721   -11302.7     5832.5     2075.6    154.2    214.1    324.0 2022 12 10  9  8 47.580  0.0   1
      446  27.010321  102.779834    12.972   -11454.5     5734.8     1326.7    183.5    223.6    326.2 2022 12 10  9 15 10.840  0.0   1
      447  27.022963  102.723039    16.864   -17091.5     7135.7     5218.2    334.1    138.2    184.5 2022 12 10  9 16 23.050  0.0   1
      448  27.019338  102.777287    15.306   -11706.8     6733.9     3660.7    196.7    245.2    269.9 2022 12 10  9 18 22.630  0.0   1
      449  27.025391  102.705070    17.822   -18874.7     7404.6     6176.9    344.8    158.0    190.3 2022 12 10  9 38 48.070  0.0   1
      451  26.988711  102.916797    11.737     2142.2     3340.3       91.7    281.3    275.2    282.4 2022 12 10  9 58 51.640  0.0   1
      452  27.021714  102.779940    15.493   -11443.6     6997.2     3847.1    212.2    256.4    281.3 2022 12 10 10 41  1.630  0.0   1
      453  27.025224  102.795687     9.417    -9880.1     7386.1    -2228.6    283.2    416.0    578.0 2022 12 10 10 56 21.860  0.0   1
      454  27.156498  102.894450    10.593      -77.0    21931.8    -1051.9    433.7    330.6    566.7 2022 12 10 11  1 31.030  0.0   1
      455  27.016467  102.778149    14.208   -11621.5     6416.0     2563.0    256.1    286.1    285.2 2022 12 10 12 14 41.000  0.0   1
      456  27.008445  102.774805    12.955   -11953.8     5527.1     1309.9    184.2    217.8    320.1 2022 12 10 12 16 58.220  0.0   1
      457  27.008173  102.736019    14.849   -15804.1     5496.8     3204.0    324.6    169.4    241.7 2022 12 10 12 17 34.930  0.0   1
      458  27.037697  102.780534    16.363   -11383.7     8768.3     4717.6    212.5    256.1    275.1 2022 12 10 13 59 46.040  0.0   1
      459  26.997227  102.923022    14.366     2759.8     4284.1     2721.0    507.0    310.8    270.6 2022 12 10 15 39  4.860  0.0   1
      460  26.936304  102.905762    13.874     1046.1    -2466.5     2228.8    513.4    398.8    547.5 2022 12 10 16 20 15.290  0.0   1
      461  27.028719  102.787126    15.192   -10729.6     7773.4     3546.3    186.4    234.9    241.9 2022 12 10 16 26 13.240  0.0   1
      462  27.023145  102.782023    14.461   -11236.6     7155.7     2815.4    210.6    241.6    258.4 2022 12 10 16 34 51.830  0.0   1
      463  26.954946  102.850871    10.619    -4404.1     -400.7    -1026.3    619.2    515.5    619.5 2022 12 10 17 21 50.360  0.0   1
      464  26.979004  102.947388     6.533     5178.8     2264.9    -5112.0    386.9    435.6    401.7 2022 12 10 17 57 47.520  0.0   1
      465  26.548104  103.060758    13.999    16465.5   -45480.1     2353.8    202.3    244.0    241.1 2022 12 10 19  9 46.200  0.0   1
      466  26.923617  102.803524     7.440    -9106.7    -3872.2    -4205.0    297.8    270.7    442.9 2022 12 10 20 30 22.320  0.0   1
      467  26.845923  102.960588    14.530     6493.0   -12481.0     2884.2    186.5    194.6    312.2 2022 12 10 21 18 33.060  0.0   1
      468  26.846997  102.959692    14.364     6404.6   -12361.7     2718.8    217.5    216.9    307.8 2022 12 10 21 21 10.640  0.0   1
      469  26.987266  102.953898     7.622     5824.9     3180.3    -4023.1    376.7    496.7    465.7 2022 12 10 22 12 13.640  0.0   1
      470  27.028674  102.802287    14.952    -9224.9     7768.6     3306.4    346.9    277.5    298.6 2022 12 10 23 30 21.280  0.0   1
      472  26.990879  103.133862     4.872    23691.8     3580.6    -6773.6    248.2    232.7    459.9 2022 12 11  3 53  4.230  0.0   1
      473  26.847945  102.982951    15.122     8714.7   -12256.8     3476.5    252.3    205.2    268.6 2022 12 11  4 18 28.800  0.0   1
      474  27.014036  102.784033    12.282   -11037.6     6146.5      636.7    174.5    223.1    314.8 2022 12 11  5  7 57.090  0.0   1
      475  27.023706  102.793807    13.252   -10067.2     7218.1     1606.7    171.8    311.1    230.9 2022 12 11  5 16 51.490  0.0   1
      478  27.026420  102.879183    14.395    -1592.4     7518.6     2749.2    389.3    259.6    321.2 2022 12 11  7  7 41.140  0.0   1
      479  27.042074  102.898250    14.820      300.4     9253.1     3175.1    466.5    379.8    409.1 2022 12 11  7 25 41.140  0.0   1
      480  27.062488  102.873307     4.450    -2174.7    11515.2    -7195.4    335.4    366.1    595.4 2022 12 11  8 39 41.810  0.0   1
      481  26.823887  102.601978    18.087   -29134.1   -14922.4     6442.0    341.9    241.1    441.1 2022 12 11  8 52 14.100  0.0   1
      482  26.659863  102.855623     8.075    -3937.2   -33096.7    -3570.3    343.6    316.2    320.1 2022 12 11  8 55  4.240  0.0   1
      483  27.042721  102.886051    15.365     -910.0     9324.8     3719.6    428.5    343.7    407.7 2022 12 11  9  5  1.600  0.0   1
      484  26.694031  102.843424    17.456    -5148.8   -29310.9     5811.0    225.3    227.7    285.4 2022 12 11  9  8 16.010  0.0   1
      485  27.024282  102.697070    14.163   -19669.1     7281.9     2517.2   1038.9    701.5    428.2 2022 12 11  9 31 41.480  0.0   1
      486  27.112596  102.927515     8.900     3204.4    17067.1    -2745.3    436.7    359.3    611.4 2022 12 11 10 20 22.670  0.0   1
      487  27.025706  102.772803    16.186   -12151.9     7439.7     4540.9    407.0    410.2    416.4 2022 12 11 10 40 52.080  0.0   1
      488  27.106517  102.684245     6.840   -20934.3    16393.6    -4805.8    762.9    631.8    836.9 2022 12 11 10 41 18.100  0.0   1
      489  27.055827  102.895841     5.673       61.5    10777.1    -5972.7    340.4    310.7    399.7 2022 12 11 11 54 31.300  0.0   1
      490  26.424756  103.001904     7.264    10617.5   -59147.4    -4381.6    431.0    447.2    691.1 2022 12 11 12  6 48.020  0.0   1
      491  26.995144  102.628516    12.220   -26477.4     4053.2      575.1    559.8    442.3    504.2 2022 12 11 13  7 36.000  0.0   1
      492  27.028617  102.716691    17.501   -17721.0     7762.1     5856.1    336.6    140.6    188.0 2022 12 11 14 21 29.090  0.0   1
      493  27.027167  102.786117    15.992   -10830.3     7601.5     4346.9    253.1    245.8    283.6 2022 12 11 14 31 44.990  0.0   1
      496  27.029531  102.772274    15.756   -12204.3     7863.4     4110.4    201.2    258.2    275.5 2022 12 11 17 45 11.080  0.0   1
      497  26.897815  102.916414    15.224     2104.9    -6731.2     3578.2    498.2    449.3    361.9 2022 12 11 17 55 29.840  0.0   1
      498  27.117865  102.932609     9.350     3709.4    17651.0    -2295.4    454.7    432.8    804.2 2022 12 11 18  4 39.040  0.0   1
      499  27.027690  102.709155    15.518   -18469.1     7659.4     3872.8    376.0    172.2    192.0 2022 12 11 18  5  0.880  0.0   1
      500  27.028094  102.779614    16.652   -11475.5     7704.2     5006.1    236.8    256.7    279.6 2022 12 11 18 27 15.280  0.0   1
      501  26.986174  102.926147    13.587     3070.6     3059.3     1941.5    413.4    246.6    277.2 2022 12 11 18 41 17.520  0.0   1
      502  26.894541  102.990535     9.128     9466.5    -7093.9    -2517.0    349.0    276.1    388.3 2022 12 11 20 45 40.220  0.0   1
      503  27.063487  102.804720    11.859    -8981.6    11625.8      213.9    258.5    273.7    336.2 2022 12 11 21 19 34.060  0.0   1
      504  27.033437  102.789282    10.694   -10515.3     8296.2     -951.4    247.8    273.3    327.2 2022 12 11 21 20  0.320  0.0   1
      505  27.028406  102.785327    15.271   -10908.3     7738.6     3625.4    245.7    256.5    274.8 2022 12 11 22 33 22.420  0.0   1
      506  27.070113  102.822998    12.020    -7168.1    12360.1      374.6    297.2    318.1    297.5 2022 12 11 22 55  8.760  0.0   1
      507  27.021102  102.779810    14.073   -11456.6     6929.4     2428.0    211.6    236.0    250.5 2022 12 11 23  0  6.580  0.0   1
      508  27.020762  102.779891    13.948   -11448.5     6891.7     2302.8    187.4    200.6    204.5 2022 12 11 23  0 59.900  0.0   1
      509  27.058126  102.803752    10.713    -9078.7    11031.9     -932.8    247.2    281.3    302.1 2022 12 11 23 16 48.860  0.0   1
      510  27.024148  102.722868    17.087   -17108.5     7266.9     5441.9    339.2    140.7    189.0 2022 12 11 23 28 44.320  0.0   1
      511  27.034220  102.788224    16.876   -10620.5     8383.0     5230.3    264.1    294.2    310.0 2022 12 11 23 29 59.760  0.0   1
      512  27.028404  102.785815    15.457   -10859.8     7738.4     3811.2    236.0    260.7    269.1 2022 12 11 23 30 57.000  0.0   1
      513  27.010264  102.782015    12.952   -11237.9     5728.7     1306.8    166.1    216.6    317.1 2022 12 11 23 31 50.440  0.0   1
      514  27.023610  102.766724    15.324   -12754.9     7207.4     3678.5    225.5    252.7    270.8 2022 12 11 23 33  5.720  0.0   1
      515  27.030174  102.786882    15.937   -10753.8     7934.6     4292.0    354.3    370.0    389.7 2022 12 11 23 33 36.960  0.0   1
      516  27.027254  102.781144    15.760   -11323.8     7611.1     4114.2    208.9    252.1    274.9 2022 12 11 23 34 16.940  0.0   1
      517  27.027224  102.772648    16.301   -12166.7     7607.7     4655.7    238.1    255.6    275.1 2022 12 11 23 36 53.560  0.0   1
      518  27.024581  102.772070    16.217   -12224.1     7314.9     4572.0    179.6    241.1    276.8 2022 12 11 23 38 39.480  0.0   1
      519  27.016252  102.774674    15.100   -11966.7     6392.1     3454.6    261.0    241.6    239.1 2022 12 11 23 38 49.480  0.0   1
      520  26.989679  102.607153     8.068   -28599.0     3447.7    -3577.7    234.2    228.6    311.0 2022 12 11 23 40 31.280  0.0   1
      521  26.938991  102.896224    14.665       99.0    -2168.7     3019.6    693.5    473.0    491.9 2022 12 11 23 43 25.960  0.0   1
      522  27.121100  102.720646     5.399   -17321.3    18009.5    -6246.5    418.5    358.9    510.1 2022 12 11 23 52 17.580  0.0   1
      523  27.110209  102.938403    17.945     4284.4    16802.8     6299.9   1206.2    742.5    897.8 2022 12 12  0 58 37.420  0.0   1
      524  27.202053  103.217887     8.582    32003.6    26979.4    -3063.1    386.5    429.2    914.7 2022 12 12  1  6  8.760  0.0   1
      525  26.998545  103.477132     2.825    57768.4     4430.1    -8820.6    581.9    749.5    911.3 2022 12 12  2 54 53.290  0.0   1
      526  27.022827  102.771167    14.137   -12314.0     7120.7     2492.0    387.4    354.2    314.4 2022 12 12  3 25 55.480  0.0   1
      528  27.040279  102.810848     7.347    -8374.5     9054.4    -4298.0    351.6    454.4    516.1 2022 12 12  3 45 16.600  0.0   1
      530  27.021765  102.732886    14.382   -16114.4     7003.0     2737.0    544.0    529.2    601.3 2022 12 12  4  8 19.230  0.0   1
      531  27.015914  102.794800    11.799    -9968.5     6354.7      154.0    204.3    341.0    194.4 2022 12 12  4  9 53.810  0.0   1
      532  27.024133  102.730135    14.647   -16387.1     7265.2     3001.2    340.8    218.9    194.5 2022 12 12  4 11  8.620  0.0   1
      533  27.023787  102.730078    14.629   -16392.5     7227.1     2984.0    461.5    312.1    293.6 2022 12 12  4 16 56.180  0.0   1
      534  26.980660  103.126554     5.595    22966.7     2448.4    -6050.3    468.8    311.2    875.5 2022 12 12  4 48 23.710  0.0   1
      535  27.020410  102.875146    12.216    -1992.9     6852.8      570.7    567.6    401.3    485.5 2022 12 12  5 27  6.270  0.0   1
      537  27.080186  103.210571    10.147    31294.6    13476.2    -1498.4    577.1    434.5    893.0 2022 12 12  6 56 44.000  0.0   1
      539  27.044684  102.840430    10.832    -5438.3     9542.3     -813.8    333.8    350.5    354.2 2022 12 12  7 53  5.060  0.0   1
      540  27.190808  103.174170     9.141    27668.7    25733.5    -2504.5    338.4    276.5    666.7 2022 12 12  8 30 31.080  0.0   1
      541  27.189205  103.178809     6.984    28128.9    25555.8    -4661.7    207.9    238.2    504.3 2022 12 12  8 32 43.590  0.0   1
      542  27.182851  103.181901     2.233    28436.8    24851.7    -9412.7    348.3    380.8    722.1 2022 12 12  8 37 37.480  0.0   1
      543  27.013698  102.775741    12.830   -11860.5     6109.1     1184.4    175.5    219.4    316.1 2022 12 12  9 25 20.530  0.0   1
      544  27.011017  102.771802    13.330   -12251.6     5811.9     1684.7    183.3    219.7    328.3 2022 12 12  9 28  7.950  0.0   1
      545  27.037390  102.765080    16.057   -12917.6     8734.2     4412.1    176.5    330.9    254.6 2022 12 12  9 28 26.050  0.0   1
      546  27.190031  103.180664     6.934    28313.0    25647.3    -4711.2    201.9    235.2    375.0 2022 12 12  9 34  7.930  0.0   1
      547  26.976874  102.795711    10.292    -9879.7     2028.9    -1353.4    632.9    621.2    836.7 2022 12 12 10 32 56.010  0.0   1
      548  27.019385  102.873088    13.918    -2197.5     6739.2     2272.5    403.5    423.1    363.4 2022 12 12 11 18 55.920  0.0   1
      549  26.939303  103.103076     6.287    20639.8    -2134.2    -5358.3    869.1    812.6   1110.3 2022 12 12 11 26  8.870  0.0   1
      550  27.180282  103.172746     5.678    27528.9    24567.1    -5967.4    226.0    343.7    755.4 2022 12 12 11 39 38.960  0.0   1
      551  27.199278  103.193465     6.314    29581.3    26671.9    -5331.4    320.8    418.4    950.0 2022 12 12 11 40  5.790  0.0   1
      552  27.190322  103.177417     7.779    27991.0    25679.4    -3866.6    228.4    282.9    572.5 2022 12 12 15  9 38.520  0.0   1
      555  27.077169  102.751676    10.063   -14245.6    13141.9    -1582.4    204.6    220.4    219.3 2022 12 12 18 25 44.040  0.0   1
      557  27.090790  102.895337    11.748       11.3    14651.1      102.3    393.3    297.6    478.9 2022 12 12 19  9 31.000  0.0   1
      558  26.858419  102.937671     1.472     4216.3   -11096.3   -10173.4    275.5    337.0    562.7 2022 12 12 19 42  8.500  0.0   1
      559  26.941577  102.864307    12.591    -3069.7    -1882.0      945.1    207.6    271.6    252.3 2022 12 12 20  1 37.000  0.0   1
      560  26.936051  102.861475     2.774    -3351.3    -2494.3    -8871.1    162.4    252.9    231.9 2022 12 12 20 20 33.280  0.0   1
      562  27.111886  102.781649    18.894   -11269.4    16988.4     7248.6    454.1    486.0    513.9 2022 12 12 20 41  2.240  0.0   1
      563  27.034239  102.778540    11.580   -11581.5     8385.1      -65.0    282.6    270.9    375.7 2022 12 12 21 23 14.880  0.0   1
      564  26.449719  102.734831    19.265   -15961.2   -56381.3     7619.3    437.0    397.7    616.6 2022 12 12 21 28 29.020  0.0   1
      565  27.055524  102.774341    16.716   -11997.1    10743.5     5070.3    270.6    379.9    271.7 2022 12 12 21 32 46.480  0.0   1
      566  26.957147  102.760677     4.676   -13359.6     -156.8    -6969.5    579.5    869.3    890.6 2022 12 12 21 42 14.480  0.0   1
      568  27.066042  102.828141     3.971    -6657.9    11908.9    -7674.1    496.6    932.7   1289.3 2022 12 12 22 23  9.920  0.0   1
      569  26.452488  102.737459    19.465   -15699.4   -56074.6     7819.7    438.8    399.2    596.9 2022 12 12 22 45 53.600  0.0   1
      570  26.992906  103.144141    12.853    24712.0     3805.3     1207.4   1249.5   1107.3   1263.6 2022 12 13  2  3 30.090  0.0   1
      571  27.027212  102.792033    14.779   -10243.0     7606.5     3133.6    261.4    247.9    256.3 2022 12 13  2 49 47.460  0.0   1
      575  27.013560  102.775610    12.835   -11873.8     6093.9     1189.9    235.7    217.2    290.5 2022 12 13  3 44 31.160  0.0   1
      576  27.008285  102.782609    12.930   -11179.2     5509.3     1284.5    202.2    210.6    316.4 2022 12 13  4 32 32.150  0.0   1
      577  27.022890  102.780924    15.992   -11345.4     7127.5     4346.9    168.3    241.4    277.3 2022 12 13  4 36 38.660  0.0   1
      579  26.958203  102.930013    13.309     3454.5      -39.9     1664.0    361.4    366.4    333.5 2022 12 13  6 52 58.180  0.0   1
      580  27.128308  102.868441     8.485    -2656.9    18808.1    -3160.7    289.1    226.3    567.2 2022 12 13  7  5 23.840  0.0   1
      582  26.991949  102.919279    11.286     2388.3     3699.3     -359.0    286.2    282.1    280.4 2022 12 13  8 20  1.380  0.0   1
      583  26.986735  102.724691    18.599   -16930.4     3121.5     6953.7    457.1    186.4    296.9 2022 12 13  8 25 37.840  0.0   1
      584  26.650751  103.019173    17.235    12324.0   -34106.5     5589.6    307.8    206.5    207.3 2022 12 13  8 30  5.480  0.0   1
      585  27.185647  103.176383     7.122    27888.9    25161.4    -4523.9    235.3    367.7   1135.3 2022 12 13  8 32  6.510  0.0   1
      586  27.047085  102.849813    19.757    -4507.4     9808.3     8111.7    497.3    415.1    375.2 2022 12 13  9 30 41.550  0.0   1
      587  27.126359  102.869889     7.482    -2513.5    18592.2    -4163.0    306.7    223.8    468.3 2022 12 13 13  9 49.880  0.0   1
      588  27.076282  102.733732     8.682   -16026.1    13043.5    -2963.1    325.6    397.8    398.2 2022 12 13 15  5  6.060  0.0   1
      589  26.994680  102.814836    15.688    -7980.9     4001.9     4042.8    413.1    396.8    435.6 2022 12 13 15 28  8.810  0.0   1
      590  26.980312  102.625488     4.654   -26779.5     2409.9    -6991.4    376.8    202.7    182.9 2022 12 13 15 35 26.610  0.0   1
      591  27.047882  102.782902    13.602   -11147.9     9896.7     1956.5    376.5    315.2    323.5 2022 12 13 16 14 18.240  0.0   1
      592  27.108791  103.158634     5.807    26137.3    16645.6    -5838.3    406.5    276.1    539.6 2022 12 13 16 18 10.850  0.0   1
      593  27.010268  102.729476    15.806   -16453.5     5729.0     4160.4    337.5    144.2    209.4 2022 12 13 16 34 49.030  0.0   1
      594  26.373322  103.010514    13.149    11476.6   -64846.5     1503.6   1119.3    483.3   2266.6 2022 12 13 18 14 35.240  0.0   1
      596  27.033132  102.786711    17.227   -10771.0     8262.3     5581.5    287.1    283.0    290.8 2022 12 13 19 49 56.100  0.0   1
      597  26.875771  102.953320    15.518     5770.8    -9173.6     3873.0    260.0    269.1    363.6 2022 12 13 20  2 58.240  0.0   1
      599  27.042424  102.798934    11.481    -9557.3     9292.0     -164.8    259.2    371.9    550.7 2022 12 13 21 16 37.660  0.0   1
      600  27.117082  102.898739    11.810      349.1    17564.2      164.8    324.0    282.7    488.3 2022 12 13 21 51 49.020  0.0   1
      602  27.060722  102.870752     4.778    -2428.6    11319.4    -6867.7    286.7    322.0    594.6 2022 12 13 22 11  1.000  0.0   1
      603  27.114705  102.897843    10.033      260.3    17301.0    -1612.8    290.5    234.4    438.2 2022 12 13 22 21 21.120  0.0   1
      604  27.242078  102.916602     2.826     2120.3    31414.1    -8819.7    238.7    923.1    489.6 2022 12 13 23 40 41.440  0.0   1
      605  27.165149  102.862769     2.689    -3219.9    22890.3    -8956.7    415.4    398.7   1731.8 2022 12 13 23 58  4.480  0.0   1
      606  26.996189  102.833903     1.443    -6087.2     4169.0   -10202.4    646.4    657.4   1076.6 2022 12 14  0 10 40.510  0.0   1
      607  26.932935  102.853410     3.403    -4152.1    -2839.6    -8241.3    197.1    249.2    356.0 2022 12 14  2  5 52.150  0.0   1
      610  27.044885  102.765446    16.364   -12881.3     9564.7     4718.9    207.6    355.1    262.0 2022 12 14  5  3 22.110  0.0   1
      611  26.951263  102.922184    11.748     2677.3     -808.8      102.1    401.0    300.9    326.5 2022 12 14  5 11 33.280  0.0   1
      612  26.955786  102.924349    13.413     2891.8     -307.8     1768.1    362.9    366.8    382.1 2022 12 14  5 11 45.030  0.0   1
      613  27.169613  102.859619     6.138    -3531.9    23384.8    -5507.1    321.7    294.6    488.4 2022 12 14  5 46 58.300  0.0   1
      614  27.060791  102.869564     4.714    -2546.9    11327.0    -6931.5    433.5    457.3    682.7 2022 12 14  5 56  3.100  0.0   1
      615  26.935583  102.850578     3.010    -4433.3    -2546.2    -8635.6    184.4    266.6    255.5 2022 12 14  6  2  3.860  0.0   1
      616  27.038420  102.872469    17.370    -2258.1     8848.3     5724.5    324.9    265.4    335.3 2022 12 14  6 21 50.690  0.0   1
      618  26.975155  102.826969    23.121    -6776.4     1838.3    11475.1   2866.0   3518.9   1850.5 2022 12 14  8 21 11.680  0.0   1
      619  26.951839  102.922892    12.340     2747.2     -745.1      694.2    356.7    308.3    309.7 2022 12 14  9  0 27.610  0.0   1
      620  27.142275  102.865853    14.301    -2914.0    20355.7     2656.0    372.6    283.6    411.3 2022 12 14  9  2 36.970  0.0   1
      621  27.190245  103.178743     6.567    28122.5    25670.9    -5078.4    264.0    279.1    450.7 2022 12 14  9 46 49.350  0.0   1
      622  26.927230  102.862484     4.524    -3251.3    -3471.9    -7121.7    241.3    284.6    314.4 2022 12 14  9 50  9.980  0.0   1
      623  27.003253  102.896663     8.654      143.1     4951.9    -2991.4    400.5    411.0    404.4 2022 12 14 12  9 49.100  0.0   1
      624  26.904889  102.937606    10.831     4209.4    -5947.2     -814.5    448.9    430.0    423.4 2022 12 14 12 21 32.550  0.0   1
      625  26.885341  102.986727     2.982     9088.4    -8113.1    -8663.6   1063.8   1038.8   2523.9 2022 12 14 13 26 32.250  0.0   1
      626  27.051408  102.908781     2.590     1345.6    10287.4    -9055.2    510.1    413.1    791.3 2022 12 14 13 42 34.530  0.0   1
      627  27.013190  102.809953    14.773    -8464.3     6052.8     3127.1    160.6    299.1    268.3 2022 12 14 14  9 55.190  0.0   1
      628  27.127747  103.229118     6.470    33128.2    18746.0    -5175.9    407.1    436.6    759.9 2022 12 14 14 26 40.570  0.0   1
      629  27.121521  102.898356    13.991      310.9    18056.2     2345.3    402.6    312.3    532.5 2022 12 14 14 36 11.000  0.0   1
      630  27.116787  102.894417     8.253      -79.8    17531.6    -3392.0    229.9    196.2    504.1 2022 12 14 14 37 23.930  0.0   1
      631  26.992043  102.932153    13.705     3666.7     3709.6     2059.8    327.6    186.6    241.9 2022 12 14 16 23 53.450  0.0   1
      632  26.994641  102.928711    13.658     3324.5     3997.5     2012.2    351.4    197.7    251.3 2022 12 14 16 24 11.180  0.0   1
      633  26.992039  102.931226    13.793     3574.0     3709.1     2147.1    348.5    194.1    247.9 2022 12 14 16 24 44.600  0.0   1
      634  26.992362  102.931283    13.814     3580.0     3745.0     2168.6    367.3    251.0    257.7 2022 12 14 16 27 20.430  0.0   1
      635  26.991302  102.942358    14.173     4679.1     3627.7     2527.7    392.7    257.4    284.9 2022 12 14 16 27 48.520  0.0   1
      636  26.970870  102.932552    12.564     3706.3     1363.7      918.9    330.6    315.3    261.6 2022 12 14 16 30 45.260  0.0   1
      637  26.997257  102.943530    14.153     4795.5     4287.5     2507.1    510.6    300.6    332.5 2022 12 14 16 32  0.050  0.0   1
      638  27.168217  102.859139     5.205    -3579.2    23230.3    -6440.6    343.5    311.2    547.3 2022 12 14 16 38 29.110  0.0   1
      640  27.173216  102.857064    10.285    -3785.1    23784.0    -1360.3    306.0    285.8    581.9 2022 12 14 18 24  8.560  0.0   1
      642  27.072709  102.775317     5.747   -11899.4    12647.7    -5898.5    486.0    612.1    816.6 2022 12 14 18 38 49.780  0.0   1
      643  26.983392  102.927157    12.156     3170.2     2751.1      511.0    520.9    313.9    337.8 2022 12 14 18 47  2.640  0.0   1
      644  26.993882  102.935343    14.336     3983.0     3913.4     2690.3    432.3    284.0    361.4 2022 12 14 19  3  1.420  0.0   1
      645  27.108014  102.904264     6.097      897.0    16559.5    -5548.3    299.2    309.6    452.0 2022 12 14 19  9 20.920  0.0   1
      646  26.988914  102.925399    12.693     2995.8     3362.8     1047.5    278.8    240.2    265.0 2022 12 14 19 15 28.000  0.0   1
      647  27.106877  102.900212    14.694      494.8    16433.5     3048.3    395.1    315.4    583.8 2022 12 14 20 52 22.860  0.0   1
      648  27.046958  102.801522    11.332    -9300.0     9794.5     -313.7    252.1    301.3    320.3 2022 12 14 21  7 38.040  0.0   1
      649  27.152445  102.843799    12.048    -5101.5    21482.7      403.0    388.8    384.9    542.0 2022 12 14 21 48 24.440  0.0   1
      653  27.169419  102.859253     4.238    -3568.5    23363.4    -7407.3    387.5    327.1    744.4 2022 12 14 22 27 47.200  0.0   1
      654  27.168127  102.859766     5.642    -3517.0    23220.3    -6003.9    347.2    295.1    638.0 2022 12 14 22 30 22.560  0.0   1
      655  27.169090  102.881999     9.780    -1311.7    23327.0    -1865.6   3439.1    784.0   1171.6 2022 12 14 22 31  5.520  0.0   1
      656  26.961210  102.889054    12.970     -612.4      293.4     1324.4    490.5    430.5    342.9 2022 12 14 22 43  4.480  0.0   1
      657  27.029380  102.761385    15.712   -13285.0     7846.7     4066.6    217.2    251.7    271.4 2022 12 14 22 55 57.520  0.0   1
      658  27.030629  102.774243    15.504   -12008.8     7985.1     3858.6    200.4    257.0    274.3 2022 12 14 22 58 13.260  0.0   1
      659  27.062008  102.789852    13.040   -10457.8    11462.0     1394.5    289.1    363.4    347.6 2022 12 14 23 45 14.860  0.0   1
      660  27.137885  102.877441     4.900    -1764.5    19869.3    -6745.1    402.0    338.0    593.2 2022 12 14 23 58 52.440  0.0   1
      662  27.144305  102.874748    12.727    -2031.5    20580.8     1081.9    355.5    275.8    525.0 2022 12 15  2 46 40.180  0.0   1
      663  27.015108  102.828101    10.427    -6662.8     6265.3    -1218.6    243.9    266.5    263.6 2022 12 15  3 10 19.750  0.0   1
      664  27.062016  102.792171    18.631   -10227.8    11462.9     6985.2    629.4    526.5    494.5 2022 12 15  3 38 58.080  0.0   1
      665  27.013546  102.780037     8.272   -11434.1     6092.2    -3373.8    419.1    393.2    337.0 2022 12 15  4  3  3.420  0.0   1
      666  27.177755  102.853703    11.168    -4118.8    24287.0     -477.4    305.2    296.5    601.0 2022 12 15  4 25 56.760  0.0   1
      667  26.900905  102.818953     4.084    -7574.9    -6388.6    -7561.2    255.2    298.7    534.8 2022 12 15  5 23 25.580  0.0   1
      669  26.886182  102.950562    13.559     5496.5    -8020.1     1913.6    216.3    258.8    332.1 2022 12 15  6  7 48.680  0.0   1
      672  27.220111  102.838045    10.084    -5671.0    28980.2    -1561.6    741.4    754.0   1358.2 2022 12 15  8 37 25.160  0.0   1
      675  26.954405  102.850920    15.139    -4399.2     -460.7     3493.5    716.3    721.4    313.7 2022 12 15  9 18 39.600  0.0   1
      676  27.037429  102.866471    17.199    -2854.2     8738.4     5553.7    344.2    407.0    444.5 2022 12 15 10  4 45.000  0.0   1
      678  27.119993  102.870874    12.875    -2416.1    17886.8     1229.8    353.8    280.4    486.4 2022 12 15 10 50  3.820  0.0   1
      679  27.194303  102.839103    11.568    -5566.4    26120.8      -77.9    419.6    365.9    592.5 2022 12 15 11  5 22.640  0.0   1
      680  27.052279  103.093595     8.790    19688.9    10383.9    -2855.5    704.4    807.6   1424.7 2022 12 15 14 19 30.610  0.0   1
      681  27.025836  102.775513    16.348   -11882.5     7454.0     4702.5    226.1    250.7    282.9 2022 12 15 14 38 21.900  0.0   1
      682  27.183405  103.173307     2.002    27583.8    24913.0    -9643.4    300.7    445.4    532.3 2022 12 15 16 15 39.480  0.0   1
      683  26.879409  102.968579    13.172     7286.2    -8770.4     1526.8    315.4    239.9    365.2 2022 12 15 16 24  6.400  0.0   1
      684  26.879704  102.969808    12.915     7408.3    -8737.9     1269.2    259.9    241.5    368.1 2022 12 15 16 28 57.190  0.0   1
      685  27.276432  102.609383    10.373   -28341.6    35220.8    -1272.4    793.1    759.5   2075.6 2022 12 15 17 18 36.780  0.0   1
      686  27.181305  103.187524     4.284    28994.4    24680.4    -7361.6    260.3    481.4    534.1 2022 12 15 17 34 37.800  0.0   1
      687  26.953949  102.925684    12.477     3024.6     -511.2      831.8    398.5    301.7    384.5 2022 12 15 19 12 48.340  0.0   1
      689  27.044712  102.796712    11.774    -9777.8     9545.5      129.0    287.8    326.0    299.0 2022 12 15 19 29 55.500  0.0   1
      690  26.962203  102.789242    23.499   -10523.1      403.3    11853.6   3510.9   3121.9   1830.8 2022 12 15 20  9 20.940  0.0   1
      692  27.239156  103.157910     4.936    26050.3    31090.5    -6709.8    473.6    687.2   1113.1 2022 12 15 21 10 56.280  0.0   1
      693  27.012699  102.942448     4.141     4688.0     5998.4    -7504.9    305.6    324.1    356.3 2022 12 15 21 28 35.600  0.0   1
      694  27.046265  102.799927    12.177    -9458.8     9717.5      531.2    229.3    259.7    319.4 2022 12 15 21 35  2.660  0.0   1
      696  27.040806  102.792879    11.585   -10158.6     9112.6      -60.7    240.0    239.9    274.7 2022 12 15 22 10  7.780  0.0   1
      697  27.136597  102.879411     9.223    -1568.7    19726.6    -2422.3    335.8    257.2    501.1 2022 12 15 22 10 44.960  0.0   1
      698  27.061141  102.702458     6.288   -19131.3    11366.0    -5357.3    535.4    570.4    560.0 2022 12 15 22 24 45.200  0.0   1
      699  27.139980  102.872184    11.771    -2285.7    20101.4      125.2    361.3    278.1    557.3 2022 12 15 23 13 14.360  0.0   1
      700  27.113505  102.838851     8.835    -5593.6    17168.1    -2810.8    610.0    577.5    885.5 2022 12 15 23 14  7.840  0.0   1
      703  27.024921  102.725700    14.135   -16827.5     7352.5     2489.6    432.9    350.9    423.9 2022 12 16  2 21  1.150  0.0   1
      704  27.118968  102.872192    11.395    -2284.9    17773.2     -250.0    279.9    228.2    435.2 2022 12 16  3 18 18.880  0.0   1
      705  27.189624  103.178564     7.024    28104.7    25602.2    -4621.4    232.5    245.4    403.3 2022 12 16  3 33 35.730  0.0   1
      706  27.185632  103.178141     4.979    28063.0    25160.0    -6666.2    290.8    378.8    565.1 2022 12 16  3 47 52.680  0.0   1
      707  27.030377  102.868359    16.085    -2666.8     7957.2     4440.0    348.9    270.7    347.6 2022 12 16  5  3  3.080  0.0   1
      708  27.057491  102.705135    10.046   -18866.1    10961.5    -1599.3    778.1    752.4    773.4 2022 12 16  5 20 18.380  0.0   1
      709  27.113774  102.851717    11.811    -4316.7    17197.6      165.6    656.8    340.3    490.9 2022 12 16  6 36 25.050  0.0   1
      710  27.019122  102.922762     4.300     2734.0     6710.1    -7345.5    276.2    297.3    349.0 2022 12 16  6 52 12.230  0.0   1
      711  27.007218  102.771346    12.848   -12297.2     5391.2     1202.3    239.4    233.4    343.8 2022 12 16  7 25 30.400  0.0   1
      712  27.009886  102.769686    13.484   -12461.7     5686.7     1838.5    161.4    213.6    316.2 2022 12 16  7 26 20.540  0.0   1
      713  26.981051  102.894230    10.966      -98.7     2491.7     -679.5    713.0    676.7    478.1 2022 12 16  9 33 37.540  0.0   1
      714  27.045968  102.867952    12.785    -2707.0     9684.6     1139.8    464.1    383.3    474.7 2022 12 16 13 37  8.300  0.0   1
      717  27.115586  102.786117    20.087   -10825.5    17398.5     8441.8    646.5    537.8    592.6 2022 12 16 17 30 29.580  0.0   1
      718  27.028495  102.703825    17.936   -18998.2     7748.8     6290.1    341.4    165.0    189.6 2022 12 16 17 48 35.160  0.0   1
      719  26.895249  102.961646    11.803     6597.3    -7015.3      157.6    375.6    289.9    340.2 2022 12 16 18 17  7.520  0.0   1
      720  27.086310  102.810327     6.247    -8424.6    14154.8    -5398.2    331.0    322.5    468.6 2022 12 16 18 47  8.320  0.0   1
      721  27.143245  102.856600     5.816    -3832.2    20463.4    -5828.5    533.6    378.1    502.0 2022 12 16 18 48 45.040  0.0   1
      722  26.993154  102.808805    15.402    -8579.5     3832.6     3756.8    355.0    348.3    390.7 2022 12 16 19 28  8.280  0.0   1
      723  26.458588  103.038086    12.667    14215.7   -55398.7     1021.8    396.9    422.3    398.0 2022 12 16 20  2 25.280  0.0   1
      724  27.023969  102.878784     3.163    -1631.5     7247.1    -8482.6    390.3    291.4    334.1 2022 12 16 20 37 59.600  0.0   1
      725  27.120022  102.868302     9.160    -2671.1    17890.0    -2485.8    245.0    187.6    587.3 2022 12 16 21  5 18.660  0.0   1
      726  27.049117  103.446859     6.004    54751.1    10033.6    -5641.0    560.2    555.3   1069.9 2022 12 16 21 22  1.280  0.0   1
      727  27.011456  102.918270     3.482     2287.4     5860.8    -8163.0    252.8    302.0    353.0 2022 12 16 22 21 31.480  0.0   1
      728  26.809550  102.950513    14.926     5493.5   -16511.1     3280.5    319.9    277.9    335.0 2022 12 16 23 10 18.880  0.0   1
      729  26.981498  103.113265     6.690    21647.9     2541.2    -4955.5    565.8    374.5    932.7 2022 12 16 23 39 11.520  0.0   1
      730  26.869647  103.002205     7.921    10626.7    -9852.0    -3724.2    365.7    260.9    422.5 2022 12 17  2 18 34.930  0.0   1
      732  27.204812  103.209237    11.089    31145.2    27285.1     -556.4    465.2    564.2    733.9 2022 12 17  2 40 28.320  0.0   1
      734  27.022357  102.910807     4.126     1546.6     7068.6    -7519.7    258.4    317.8    363.5 2022 12 17  3 59 50.830  0.0   1
      735  26.989211  102.802881    15.956    -9167.8     3395.8     4310.6    359.4    350.2    413.4 2022 12 17  4 12 50.630  0.0   1
      736  27.046230  102.877075    16.964    -1801.3     9713.8     5318.5    359.8    309.9    314.8 2022 12 17  6 29 39.100  0.0   1
      737  26.829163  102.629102    20.018   -26438.8   -14338.0     8372.6    329.8    159.0    385.4 2022 12 17  9  2  0.730  0.0   1
      738  27.245815  103.170011     5.355    27249.5    31828.4    -6290.7    465.8    751.2    920.6 2022 12 17  9 50 34.270  0.0   1
      739  26.926501  102.786353     2.815   -10811.0    -3552.6    -8830.7    235.3    160.9    453.6 2022 12 17 10 46 19.200  0.0   1
      740  26.469629  103.031217    15.137    13531.9   -54175.2     3491.9    431.3    455.3    370.7 2022 12 17 10 58 22.120  0.0   1
      741  27.001447  102.919824     3.527     2442.0     4751.5    -8118.5    266.4    346.1    417.9 2022 12 17 11  8 58.400  0.0   1
      742  27.074392  102.861287     4.683    -3368.0    12834.0    -6962.7    219.9    283.5    555.8 2022 12 17 12  6  3.820  0.0   1
      743  27.070449  102.859668     4.823    -3528.8    12397.1    -6821.9    227.2    262.5    566.8 2022 12 17 12  7 16.890  0.0   1
      744  26.399996  103.039836    15.881    14393.6   -61890.7     4235.6    645.1    663.3    889.7 2022 12 17 12 46 17.390  0.0   1
      745  27.121124  102.869800     9.037    -2522.4    18012.3    -2608.1    537.0    285.9    621.9 2022 12 17 13 18 16.190  0.0   1
      746  27.040603  102.826221    10.137    -6848.5     9090.1    -1508.6    281.3    272.8    305.8 2022 12 17 14  0  6.910  0.0   1
      747  27.312276  103.177458     1.658    27980.0    39192.4    -9987.7    377.9    639.6    552.8 2022 12 17 14 27 51.510  0.0   1
      748  26.846680  102.953906    15.047     5830.0   -12397.1     3401.3    161.6    200.3    286.6 2022 12 17 14 29 53.000  0.0   1
      749  27.000769  102.908154     3.764     1283.4     4676.6    -7881.0    341.6    430.7    325.7 2022 12 17 14 35 49.080  0.0   1
      750  26.883852  102.812345     4.765    -8231.9    -8278.1    -6880.5    340.1    565.2    704.6 2022 12 17 14 59  7.570  0.0   1
      752  27.041339  103.383228     3.360    48437.3     9171.8    -8285.6    778.6    479.8   1115.4 2022 12 17 16  6 59.820  0.0   1
      753  27.070433  102.857666     3.593    -3726.9    12395.4    -8052.7    296.6    309.8    440.0 2022 12 17 16 39 55.380  0.0   1
      754  27.074406  102.865023     5.794    -2997.2    12835.7    -5851.7    276.7    223.7    406.9 2022 12 17 17 13 13.440  0.0   1
      757  26.848163  102.953410    16.060     5780.3   -12232.7     4414.7    186.2    228.5    363.6 2022 12 17 19  6  8.960  0.0   1
      758  26.978491  102.938037    13.135     4250.4     2208.1     1489.4    498.4    253.6    300.5 2022 12 17 19 13 42.560  0.0   1
      759  26.454600  103.005558    13.370    10979.8   -55840.4     1724.1    432.1    396.6    368.5 2022 12 17 19 49 34.760  0.0   1
      760  26.849725  102.955420    15.167     5980.2   -12059.5     3521.9    204.8    261.2    292.7 2022 12 17 19 55  3.760  0.0   1
      761  27.024353  102.920117     4.668     2471.0     7289.7    -6976.9    380.6    370.8    422.1 2022 12 17 20 27 39.460  0.0   1
      763  27.183905  103.175903     3.287    27841.6    24968.4    -8358.4    238.5    280.4    480.2 2022 12 17 20 47 35.440  0.0   1
      764  27.003212  102.794759    15.802    -9973.4     4947.3     4156.1    223.6    275.6    373.0 2022 12 17 20 54 56.720  0.0   1
      765  27.196684  103.187126     6.545    28952.8    26384.4    -5100.7    300.1    336.0    768.1 2022 12 17 20 58 44.160  0.0   1
      768  27.014612  102.948454     8.550     5284.2     6210.3    -3095.0   1040.5    722.7    583.1 2022 12 17 21 56 39.240  0.0   1
      770  26.846619  102.953735    15.076     5812.5   -12403.8     3430.2    183.1    198.8    330.9 2022 12 17 22 58 10.940  0.0   1
      771  26.997251  102.892407     9.729     -279.5     4286.7    -1916.1    755.8    436.7    329.9 2022 12 17 23 36  9.700  0.0   1
      772  27.013275  103.448584     6.593    54931.0     6062.3    -5052.2    596.5    551.3   1072.3 2022 12 17 23 44 45.380  0.0   1
      773  27.079635  103.202108    11.518    30454.9    13415.0     -127.4    576.0    427.0   2278.6 2022 12 18  0 20 15.930  0.0   1
      774  26.998958  102.926383     7.022     3093.0     4475.9    -4623.4    450.5    451.0    378.6 2022 12 18  3 44 55.500  0.0   1
      775  27.142133  103.205200    36.068    30753.2    20340.1    24423.0    467.8    315.7   4568.2 2022 12 18  3 59 44.910  0.0   1
      776  27.058289  102.791276    18.563   -10316.4    11049.8     6917.5    485.2    443.5    437.0 2022 12 18  4  6 13.140  0.0   1
      777  27.050067  103.425708     2.666    52651.5    10138.8    -8979.5    600.4    561.2   1072.7 2022 12 18  6  7  3.820  0.0   1
      778  26.943091  102.853491    14.422    -4143.6    -1714.5     2776.7    409.2    404.1    588.0 2022 12 18  6 45 11.690  0.0   1
      781  27.002144  102.711613    20.300   -18227.1     4829.0     8654.5    439.3    220.1    245.6 2022 12 18  8 28 39.970  0.0   1
      782  27.054818  102.788818    17.420   -10560.6    10665.3     5774.9    369.6    407.3    395.8 2022 12 18  9 43  0.600  0.0   1
      783  27.035663  102.888688    13.833     -648.8     8542.9     2187.7    492.8    328.8    457.6 2022 12 18 10  5 44.750  0.0   1
      784  27.038989  102.875749    16.598    -1933.2     8911.5     4952.8    398.8    418.3    388.9 2022 12 18 10  6  9.490  0.0   1
      785  26.905556  103.163460    10.571    26640.3    -5873.4    -1074.3    635.9    232.1    668.7 2022 12 18 12 29 20.590  0.0   1
      786  27.061080  102.801204    11.630    -9331.2    11359.2      -15.5    242.8    278.5    329.2 2022 12 18 12 39 26.540  0.0   1
      787  27.053829  102.797974    11.092    -9651.8    10555.8     -553.0    261.7    329.0    334.2 2022 12 18 14  7 37.830  0.0   1
      788  26.973918  102.931266    15.515     3578.2     1701.3     3869.6    784.6    456.4    349.2 2022 12 18 17 42 16.520  0.0   1
      789  27.167531  102.861287     7.557    -3366.7    23154.3    -4088.7    372.4    326.3    494.2 2022 12 18 18 36 36.440  0.0   1
      791  26.988597  102.900228     9.444      497.1     3327.9    -2201.2    320.4    308.3    319.4 2022 12 18 19 33 34.720  0.0   1
      792  27.021690  102.798910    18.812    -9560.2     6994.6     7166.5    428.2    287.3    338.7 2022 12 18 19 46 58.120  0.0   1
      793  26.841970  102.946265    15.841     5070.3   -12918.9     4195.4    182.6    189.8    328.3 2022 12 18 20 18 16.100  0.0   1
      794  26.943695  102.939128    11.412     4359.8    -1647.4     -233.7    464.8    289.7    390.3 2022 12 18 21 57 25.000  0.0   1
      795  26.470274  103.008952    12.075    11316.7   -54103.8      429.3    240.1    266.5    275.4 2022 12 18 21 59 55.460  0.0   1
      796  27.156295  102.847697    10.230    -4715.0    21909.1    -1415.3    339.7    281.2    548.3 2022 12 18 22 26 28.240  0.0   1
      797  26.904431  102.954940     8.437     5931.0    -5997.9    -3208.3    718.3    352.8    466.2 2022 12 18 22 47 39.820  0.0   1
      798  26.987122  102.927531    10.979     3207.8     3164.4     -666.1    314.7    310.7    302.1 2022 12 18 22 52  5.700  0.0   1
      799  27.178184  102.850920     6.995    -4395.0    24334.6    -4650.6    461.6    453.0    728.9 2022 12 18 23  2 46.080  0.0   1
      800  27.158962  102.849585    10.906    -4527.4    22204.8     -739.8    309.3    274.0    547.4 2022 12 19  0 17  5.840  0.0   1
      801  26.456482  103.018840     7.652    12300.9   -55632.1    -3993.8    329.8    282.0    476.2 2022 12 19  1 43 26.930  0.0   1
      802  27.046863  102.793262    10.852   -10119.8     9783.8     -793.7    294.3    360.4    487.5 2022 12 19  1 51  8.910  0.0   1
      803  27.016919  102.937646     4.006     4211.2     6466.1    -7639.1    238.4    248.8    328.9 2022 12 19  2 10 51.860  0.0   1
      804  27.069806  102.865422     5.585    -2958.0    12326.0    -6060.6    259.6    244.4    471.5 2022 12 19  2 46 38.710  0.0   1
      805  27.054108  102.902979     1.764      769.8    10586.6    -9881.5    748.0    604.9   1397.3 2022 12 19  3 11 34.080  0.0   1
      806  27.027020  102.810815     4.752    -8378.6     7585.2    -6893.7    349.5    713.6    753.6 2022 12 19  3 39 30.040  0.0   1
      807  27.014176  102.788639    20.763   -10580.4     6162.1     9117.5    623.0    440.3    374.1 2022 12 19  7  9  2.250  0.0   1
      809  27.026790  102.866333    15.796    -2867.4     7559.8     4150.5    350.9    261.5    360.2 2022 12 19  9 25 31.860  0.0   1
      811  26.584660  102.841073    12.962    -5385.9   -41429.5     1316.3    344.5    594.0    714.8 2022 12 19  9 42 56.410  0.0   1
      812  27.140090  102.872420    10.177    -2262.5    20113.8    -1468.6    280.4    201.9    471.5 2022 12 19 11 29 17.300  0.0   1
      815  26.388247  103.013786    13.381    11801.3   -63192.7     1735.3    344.0    368.3    517.9 2022 12 19 15  7 46.600  0.0   1
      816  27.054881  102.802938     6.224    -9159.3    10672.2    -5421.7    362.4    494.0    635.9 2022 12 19 15  9  4.590  0.0   1
      817  27.067731  102.854183     4.467    -4072.8    12096.2    -7178.9    271.5    293.4    389.9 2022 12 19 15 48 10.130  0.0   1
      819  27.020626  102.614087     4.053   -27906.9     6876.8    -7592.0   1214.0   2586.1   1459.6 2022 12 19 17  2  9.960  0.0   1
      820  26.999559  102.953068     4.526     5742.7     4542.5    -7119.7    338.8    348.4    344.9 2022 12 19 18 51 22.460  0.0   1
      821  26.295296  102.982414     8.611     8682.4   -73491.8    -3034.6    752.6    690.5   1319.1 2022 12 19 19 31 24.600  0.0   1
      822  26.448452  103.007454    13.400    11168.6   -56521.7     1754.7    323.0    314.3    395.2 2022 12 19 20 56 20.840  0.0   1
      823  27.462583  103.125106     1.645    22774.7    55846.9   -10000.2    838.7    746.4   1013.2 2022 12 19 20 58  7.320  0.0   1
      825  26.453727  102.922795    12.500     2743.8   -55937.2      854.9    211.1    163.4    275.1 2022 12 19 21  8 59.440  0.0   1
      826  26.452614  102.922062    11.096     2671.1   -56060.6     -549.8    290.0    220.3    430.4 2022 12 19 21 11 29.520  0.0   1
      827  26.469399  103.006592    11.536    11081.8   -54200.8     -108.9    246.3    260.1    368.9 2022 12 19 21 15 58.560  0.0   1
      828  26.453719  102.921737    12.137     2638.4   -55938.1      491.6    216.3    152.9    266.1 2022 12 19 21 19  3.160  0.0   1
      829  26.464622  102.925008    13.420     2963.9   -54730.0     1774.3    549.2    431.5    533.5 2022 12 19 21 36 27.040  0.0   1
      830  26.532355  103.078548    15.713    18236.4   -47225.1     4067.2    246.9    365.6    317.2 2022 12 19 21 38 53.000  0.0   1
      831  27.003280  102.928979    12.816     3350.7     4954.6     1170.7    486.5    365.9    389.5 2022 12 19 21 59 52.200  0.0   1
      832  26.467816  103.011507    12.446    11571.1   -54376.2      800.4    297.9    254.3    288.4 2022 12 19 22 33 14.520  0.0   1
      833  26.453532  102.982967     6.403     8731.5   -55958.8    -5241.9    400.9    374.0    447.7 2022 12 19 22 43  5.920  0.0   1
      834  26.475291  103.008146    11.149    11235.9   -53547.8     -496.5    245.9    277.2    352.8 2022 12 19 23 26 12.900  0.0   1
      835  26.473053  103.012972    11.746    11716.6   -53795.8      100.7    311.2    273.0    338.3 2022 12 19 23 46 39.120  0.0   1
      836  26.965104  102.923657    11.672     2823.1      724.7       26.2    318.3    306.1    284.3 2022 12 20  1  1  7.230  0.0   1
      838  27.474316  103.101644     2.373    20449.0    57146.8    -9272.8    886.1    725.5   1013.2 2022 12 20  1 37 25.590  0.0   1
      839  26.881089  102.915299    10.088     1994.4    -8584.4    -1557.3    468.3    353.1    816.6 2022 12 20  2 16 37.280  0.0   1
      840  27.126544  102.791276    21.019   -10313.7    18612.8     9373.2    730.6    515.7    490.0 2022 12 20  3 30 28.010  0.0   1
      842  27.128632  102.930550     7.149     3504.8    18844.0    -4496.0    591.3    766.6    932.8 2022 12 20  6 29 55.400  0.0   1
      843  27.022078  102.869596    14.348    -2543.4     7037.8     2702.8    521.5    381.7    429.7 2022 12 20  7 38 56.440  0.0   1
      845  27.030841  102.730493    16.390   -16350.9     8008.7     4744.7    516.0    277.8    190.7 2022 12 20 11 14 20.870  0.0   1
      846  26.852108  102.955697    15.326     6006.9   -11795.5     3680.7    211.5    199.3    319.2 2022 12 20 11 31 58.840  0.0   1
      847  26.850708  102.953760    14.332     5815.1   -11950.7     2686.2    184.0    234.4    365.3 2022 12 20 11 52 52.630  0.0   1
      848  26.995774  102.601042     6.859   -29204.9     4123.2    -4786.8    223.3    372.1    334.0 2022 12 20 14 22 14.640  0.0   1
      849  27.059017  103.096118    10.105    19938.0    11130.5    -1540.6    729.6    808.6   1084.6 2022 12 20 14 36 12.040  0.0   1
      850  27.118504  102.878011     8.452    -1707.5    17721.8    -3193.3    218.5    181.9    478.7 2022 12 20 15 10 12.150  0.0   1
      851  26.607845  103.007715    16.290    11187.0   -38860.6     4644.2    210.4    224.3    268.2 2022 12 20 15 50 21.030  0.0   1
      852  26.613212  103.011629    16.617    11575.6   -38265.9     4971.4    333.7    367.7    304.1 2022 12 20 15 52 54.610  0.0   1
      853  27.055223  102.866748    16.315    -2826.0    10710.0     4669.8    615.3    497.2    583.0 2022 12 20 16 43 28.870  0.0   1
      854  27.068921  102.797762    11.394    -9672.5    12228.0     -251.1    283.6    373.5    291.0 2022 12 20 17 22  9.400  0.0   1
      855  26.945744  102.922461    12.550     2704.8    -1420.5      904.7    507.5    299.9    415.3 2022 12 20 17 51 22.580  0.0   1
      856  26.944039  102.861320    12.881    -3366.8    -1609.4     1235.7    283.9    321.8    339.7 2022 12 20 17 56 45.960  0.0   1
      857  27.014923  102.835669    11.737    -5912.0     6244.9       91.6    233.5    248.8    258.3 2022 12 20 18  2 29.100  0.0   1
      858  27.014467  102.834676    11.969    -6010.1     6194.3      323.7    225.5    246.2    263.4 2022 12 20 18  2 40.240  0.0   1
      859  26.448962  103.045264    10.897    14931.4   -56465.3     -748.6    500.6    441.8    488.3 2022 12 20 19 25  7.680  0.0   1
      860  27.022333  102.836092    13.408    -5869.7     7065.8     1762.5    365.2    377.9    386.3 2022 12 20 19 31  4.420  0.0   1
      861  27.187406  103.200260     2.262    30257.1    25356.4    -9383.1    386.8    526.1    908.0 2022 12 20 19 58 57.680  0.0   1
      862  26.982690  102.935384     4.952     3987.0     2673.3    -6693.3    559.7    498.2    339.7 2022 12 20 19 59 47.900  0.0   1
      863  26.957660  102.942847    13.148     4728.4     -100.2     1502.2    555.4    345.0    399.4 2022 12 20 20 27 42.440  0.0   1
      864  27.019855  102.840299    12.386    -5452.1     6791.3      740.1    513.4    470.9    545.7 2022 12 20 21  3 49.000  0.0   1
      866  27.015926  102.835490    11.802    -5929.2     6356.0      156.6    241.2    266.1    273.7 2022 12 20 21 31 40.580  0.0   1
      867  26.943732  102.858561    13.219    -3640.0    -1643.3     1573.3    264.2    283.7    237.4 2022 12 20 22 10 47.760  0.0   1
      868  27.054449  102.891292     5.255     -389.8    10624.5    -6390.5    265.7    286.7    504.6 2022 12 20 22 14 45.320  0.0   1
      869  27.216897  102.942586     2.245     4697.3    28624.0    -9400.8    255.9    334.1    407.4 2022 12 20 22 34 58.740  0.0   1
      871  27.015727  102.834416    12.287    -6036.4     6333.9      642.0    270.3    294.0    301.3 2022 12 21  1  9 27.980  0.0   1
      874  26.970382  102.791016     9.794   -10346.4     1309.6    -1851.2    737.6    648.1    593.0 2022 12 21  2 55 41.440  0.0   1
      875  27.068172  102.841504     2.739    -5331.2    12145.1    -8906.8    737.9    686.0    949.8 2022 12 21  4 15 31.880  0.0   1
      877  27.054985  102.866227    20.436    -2877.8    10683.8     8791.0    522.8    415.4    400.3 2022 12 21  4 53  5.990  0.0   1
      878  27.095101  102.746248     9.882   -14783.3    15128.7    -1763.4    257.9    318.5    330.6 2022 12 21  6 58 45.220  0.0   1
      879  27.040306  102.804460    11.763    -9008.5     9057.2      117.7    281.8    282.2    358.4 2022 12 21  9 45 14.110  0.0   1
      880  26.789927  102.960791    16.642     6515.5   -18685.4     4996.3    240.5    261.5    202.6 2022 12 21 13 15 12.150  0.0   1
      881  26.790076  102.958407    16.120     6277.8   -18669.0     4474.1    223.7    250.4    260.3 2022 12 21 13 21 13.140  0.0   1
      882  26.790712  102.959757    16.587     6412.4   -18598.4     4941.3    216.8    266.8    206.0 2022 12 21 13 25 35.510  0.0   1
      883  26.790631  102.958309    15.991     6268.3   -18607.3     4345.6    309.9    301.0    400.7 2022 12 21 13 29 20.800  0.0   1
      884  26.791905  102.957137    15.897     6152.4   -18466.2     4251.8    217.6    242.2    256.3 2022 12 21 13 47 52.250  0.0   1
      885  27.009377  102.773307    13.095   -12102.7     5630.3     1449.5    235.9    223.1    327.1 2022 12 21 14  9 17.820  0.0   1
      886  26.788556  102.961523    16.841     6588.3   -18837.3     5195.2    266.9    288.5    249.9 2022 12 21 14 12 11.880  0.0   1
      887  27.019067  102.834212    11.987    -6055.9     6704.0      341.9    236.6    250.1    250.9 2022 12 21 14 14  4.950  0.0   1
      888  26.792002  102.958529    16.399     6290.5   -18455.5     4753.5    326.6    317.6    377.6 2022 12 21 14 15 16.770  0.0   1
      889  26.795121  102.955632    16.896     6002.1   -18109.7     5250.7    251.2    288.6    389.3 2022 12 21 14 24 48.730  0.0   1
      890  26.791738  102.959229    16.397     6359.6   -18484.7     4751.6    240.5    256.6    231.4 2022 12 21 14 25 16.190  0.0   1
      891  26.788997  102.959977    16.296     6434.3   -18788.3     4650.7    264.1    294.0    288.7 2022 12 21 14 30  3.030  0.0   1
      892  26.790257  102.958366    16.045     6273.8   -18648.8     4399.8    195.9    218.3    210.3 2022 12 21 15  1  1.780  0.0   1
      893  26.843642  102.960807    13.585     6515.5   -12733.6     1940.0    205.0    222.8    273.3 2022 12 21 15 22 16.790  0.0   1
      894  26.852706  102.955347    16.406     5972.2   -11729.3     4760.4    249.4    281.6    467.0 2022 12 21 15 23 18.130  0.0   1
      896  26.907682  102.939478    12.285     4394.9    -5637.9      639.1    409.1    370.7    461.3 2022 12 21 16 35 28.020  0.0   1
      897  26.753835  103.003719    14.629    10782.2   -22684.5     2983.1    430.8    600.3    465.9 2022 12 21 17 17 11.440  0.0   1
      898  26.906356  102.943986    13.222     4843.2    -5784.7     1576.2    381.9    337.7    323.1 2022 12 21 17 19 38.160  0.0   1
      899  26.784949  102.963330    16.560     6767.8   -19237.1     4914.3    224.7    255.2    262.7 2022 12 21 17 40 58.400  0.0   1
      900  26.787826  102.959098    15.844     6347.3   -18918.2     4198.3    195.7    227.5    295.7 2022 12 21 17 47 52.840  0.0   1
      901  27.065430  102.816838     5.264    -7779.4    11841.1    -6381.7    454.5    707.7    886.5 2022 12 21 18  6 37.720  0.0   1
      902  26.851477  102.957243    16.227     6160.8   -11865.5     4581.3    218.7    271.8    466.3 2022 12 21 18 14 41.160  0.0   1
      903  27.048600  102.814787    10.815    -7983.2     9976.4     -830.2    274.0    310.7    312.0 2022 12 21 18 40 57.200  0.0   1
      904  27.011292  102.814160    13.190    -8047.1     5842.4     1544.3    210.6    325.0    285.1 2022 12 21 18 49 18.440  0.0   1
      905  27.118125  102.867505     8.016    -2750.3    17679.9    -3629.0    276.0    286.1    514.4 2022 12 21 18 59 33.660  0.0   1
      906  27.112587  102.870915     7.414    -2412.0    17066.4    -4231.9    245.4    231.0    417.9 2022 12 21 19  8 35.440  0.0   1
      907  26.943001  102.929907     4.739     3443.8    -1724.3    -6906.4    512.2    492.4    465.6 2022 12 21 19 13 45.660  0.0   1
      908  26.999280  102.811157    16.322    -8345.5     4511.5     4676.5    373.2    359.1    384.2 2022 12 21 19 23 39.440  0.0   1
      909  26.792914  102.958675    16.444     6304.6   -18354.5     4798.5    223.7    244.1    207.4 2022 12 21 19 43 15.140  0.0   1
      910  26.794875  102.958065    15.516     6243.9   -18137.2     3870.4    199.4    224.3    214.0 2022 12 21 19 56 13.080  0.0   1
      911  27.057450  102.787712    10.711   -10670.6    10956.9     -934.6    234.3    260.0    322.3 2022 12 21 19 57  1.700  0.0   1
      912  26.791622  102.959489    16.382     6385.4   -18497.7     4736.3    231.8    252.6    261.4 2022 12 21 20  3  3.820  0.0   1
      913  27.007534  102.941545     4.195     4598.2     5426.1    -7450.9    307.6    327.1    347.9 2022 12 21 20 36  6.640  0.0   1
      914  27.038293  102.830184    11.498    -6455.5     8834.3     -147.2    288.1    283.5    251.3 2022 12 21 21  7 38.840  0.0   1
      915  27.030963  102.728499    15.860   -16548.7     8022.2     4214.5    419.7    263.0    248.0 2022 12 21 21 39 19.300  0.0   1
      917  26.784033  102.962183    16.214     6653.8   -19338.3     4569.0    277.7    267.1    329.7 2022 12 21 23 40 50.560  0.0   1
      918  27.094552  102.879313     7.866    -1578.5    15067.8    -3779.2    650.2    397.1    544.6 2022 12 21 23 51 43.880  0.0   1
      920  26.498069  102.941431    14.197     4597.5   -51024.0     2551.6    806.9    543.8    534.2 2022 12 22  1  6 38.580  0.0   1
      921  26.907959  102.846403     5.398    -4848.3    -5607.1    -6247.0    265.8    428.3    555.7 2022 12 22  1 15 42.390  0.0   1
      922  27.133683  102.862362     7.236    -3260.0    19403.8    -4409.8    394.2    316.3    670.6 2022 12 22  1 35  5.030  0.0   1
      923  27.135221  102.859399     9.760    -3554.3    19574.2    -1885.2    375.2    266.2    596.3 2022 12 22  1 58 42.760  0.0   1
      924  27.012858  102.777637    13.290   -11672.9     6015.9     1644.8    220.1    234.9    321.0 2022 12 22  2 25 56.830  0.0   1
      925  27.140865  102.845288     8.759    -4953.9    20199.6    -2886.3    539.1    335.9    845.4 2022 12 22  3 26  3.960  0.0   1
      926  26.998494  102.702262    18.310   -19155.8     4424.6     6664.5    420.1    188.5    238.1 2022 12 22  3 44 37.110  0.0   1
      927  26.444604  102.998747     9.073    10302.3   -56948.0    -2572.3    287.2    306.6    370.1 2022 12 22  4 34  1.570  0.0   1
      928  27.018561  102.899072     6.418      382.0     6647.8    -5227.5    547.2    665.9    610.6 2022 12 22  5  6  3.120  0.0   1
      929  27.026300  102.867440    15.917    -2757.9     7505.5     4271.8    320.0    240.2    276.3 2022 12 22  5 54 43.160  0.0   1
      932  26.997087  102.930957    14.557     3547.6     4268.4     2911.3    473.6    291.5    306.6 2022 12 22  7 33 50.380  0.0   1
      933  26.523535  103.031413    15.891    13548.3   -48202.3     4245.3    410.1    482.9    379.3 2022 12 22  8 43 23.460  0.0   1
      934  27.116949  102.867529     9.509    -2747.6    17549.7    -2136.0    246.6    191.8    459.0 2022 12 22  8 46 36.170  0.0   1
      936  26.867749  102.942684    14.098     4714.4   -10062.5     2453.0    228.7    246.0    397.5 2022 12 22 10 35  1.110  0.0   1
      938  27.132680  102.861947     8.279    -3301.5    19292.6    -3366.2    339.1    274.0    529.9 2022 12 22 11 31  9.490  0.0   1
      939  26.933911  102.943970     7.881     4840.3    -2731.5    -3764.2    592.1    491.6    434.4 2022 12 22 13 46  6.880  0.0   1
      941  26.898977  102.896069    13.913       84.4    -6602.3     2267.9    713.7    510.5    390.0 2022 12 22 14 48 18.330  0.0   1
      943  26.943142  102.872046    13.126    -2301.3    -1708.8     1480.1    386.7    360.0    183.5 2022 12 22 18  5  2.820  0.0   1
      944  26.858669  102.959619     8.467     6396.7   -11068.6    -3178.2    444.4    457.0    645.0 2022 12 22 18 24 31.620  0.0   1
      945  26.985683  102.921794    10.885     2638.0     3004.9     -760.2    279.3    276.5    303.5 2022 12 22 18 53 24.260  0.0   1
      946  27.192212  103.186003     7.041    28842.3    25888.8    -4604.5    298.1    357.4   1408.4 2022 12 22 20 48 41.560  0.0   1
      947  26.853904  102.986532    14.566     9070.2   -11596.5     2920.4    270.6    237.6    361.2 2022 12 22 21  3 11.480  0.0   1
      948  26.741553  102.711808     8.075   -18228.6   -24045.3    -3570.2    231.6    111.5    256.1 2022 12 22 21 20 28.120  0.0   1
      949  26.978680  102.845825    12.861    -4904.7     2229.0     1215.6    398.0    463.8    485.4 2022 12 22 21 22  2.920  0.0   1
      952  27.120351  102.893449     7.965     -176.0    17926.5    -3680.4    320.2    411.1    836.7 2022 12 23  4  9 28.340  0.0   1
      953  27.038399  102.949316     4.995     5369.3     8846.0    -6650.5   1172.3    677.7    930.0 2022 12 23  4 10  3.330  0.0   1
      954  26.876233  102.948039     1.464     5246.4    -9122.5   -10181.6    295.5    297.9    715.0 2022 12 23  6 32 20.850  0.0   1
      955  26.529989  103.081665    14.773    18546.7   -47487.3     3127.5    217.7    217.2    216.9 2022 12 23  6 40 46.650  0.0   1
      956  26.532963  103.075521    14.428    17935.1   -47157.6     2782.7    183.8    224.9    221.6 2022 12 23  6 41 38.610  0.0   1
      957  27.022817  102.862687    15.109    -3229.7     7119.4     3463.6    369.3    376.4    321.3 2022 12 23  8 52 53.330  0.0   1
      958  27.036450  102.877091    17.838    -1799.3     8630.2     6192.6    363.5    286.2    352.3 2022 12 23  9  5 43.180  0.0   1
      959  27.030334  102.768815    16.142   -12547.5     7952.3     4497.0    321.5    252.1    282.1 2022 12 23  9 49 41.320  0.0   1
      960  27.025511  102.772917    15.017   -12140.1     7418.0     3371.2    302.0    257.2    275.3 2022 12 23  9 52 38.750  0.0   1
      962  27.023271  102.722925    17.000   -17103.2     7169.9     5354.1    336.5    139.2    186.6 2022 12 23 10  5 59.630  0.0   1
      963  27.012004  102.782096    12.931   -11229.7     5921.4     1285.6    247.7    266.3    360.9 2022 12 23 10 14  7.040  0.0   1
      964  27.012783  102.780859    12.500   -11352.2     6007.6      855.0    255.6    244.7    334.3 2022 12 23 10 16  6.970  0.0   1
      965  27.012895  102.782845    11.434   -11155.5     6020.1     -211.3    260.0    282.0    404.6 2022 12 23 10 24 50.710  0.0   1
      966  26.510268  103.065063    14.859    16896.7   -49672.4     3213.1    199.9    309.8    227.9 2022 12 23 10 33 15.130  0.0   1
      967  26.998315  102.812435    16.559    -8219.1     4404.6     4913.6    350.6    344.0    364.6 2022 12 23 11 19 17.330  0.0   1
      968  27.001070  102.795386    17.259    -9911.5     4709.8     5613.9    355.3    313.4    345.8 2022 12 23 12 25 32.480  0.0   1
      969  27.074382  102.766113    11.432   -12812.6    12833.1     -213.4    223.9    235.1    225.2 2022 12 23 13 33 11.170  0.0   1
      970  27.028345  102.773389    16.051   -12093.8     7731.9     4405.7    207.1    231.4    253.4 2022 12 23 14  5 39.980  0.0   1
      971  27.014366  102.778434    12.241   -11593.2     6183.0      595.5    280.6    198.9    211.9 2022 12 23 14  9 55.580  0.0   1
      972  27.023474  102.772021    15.253   -12229.1     7192.3     3607.8    189.7    246.6    269.1 2022 12 23 14 15 37.400  0.0   1
      974  27.074766  102.796232    12.251    -9823.7    12875.6      605.1    352.4    485.9    319.2 2022 12 23 15 13 19.710  0.0   1
      975  26.854130  102.971265    15.663     7553.9   -11571.5     4017.1    165.6    198.8    281.7 2022 12 23 15 38 15.500  0.0   1
      976  26.589773  103.022021    13.693    12610.0   -40863.1     2047.5    418.5    468.3    262.9 2022 12 23 15 54 23.950  0.0   1
      978  27.281862  103.172445     9.425    27486.6    35822.4    -2220.3    427.3    493.3    744.6 2022 12 23 16 51 45.160  0.0   1
      979  27.021021  102.811743    18.145    -8286.4     6920.4     6499.2    352.1    315.7    322.7 2022 12 23 17 22 49.380  0.0   1
      980  26.555371  103.014673    12.391    11881.6   -44674.8      745.1    361.2    418.4    303.6 2022 12 23 19 13 40.120  0.0   1
      981  26.987510  102.702140    18.328   -19169.3     3207.4     6682.5    430.7    211.1    265.3 2022 12 23 19 55 59.400  0.0   1
      983  27.045671  102.848242    15.917    -4662.7     9651.7     4271.5    771.1    547.9    527.8 2022 12 23 21 11  4.060  0.0   1
      984  27.012895  102.842782    18.238    -5205.6     6020.2     6593.0    316.3    587.1    295.0 2022 12 23 21 13 32.720  0.0   1
      985  26.917194  102.904956    10.211      966.7    -4583.9    -1434.5    607.9    228.5    157.4 2022 12 23 22  3 43.400  0.0   1
      986  27.051170  102.785156    12.356   -10924.1    10261.1      710.9    248.9    253.9    283.3 2022 12 23 22  8 19.660  0.0   1
      988  27.057642  102.876058     4.408    -1902.2    10978.2    -7237.9    239.4    234.0    402.1 2022 12 24  1 52 43.380  0.0   1
      989  27.055617  102.877051     4.315    -1803.8    10753.8    -7330.3    266.1    236.1    409.4 2022 12 24  2  7 28.660  0.0   1
      990  27.065544  102.741382    13.138   -15267.6    11853.7     1492.7    210.0    241.7    270.5 2022 12 24  3 28 20.920  0.0   1
      991  27.084918  102.853451    10.693    -4145.7    14000.5     -952.2    618.8    848.3    418.9 2022 12 24  5 29 26.010  0.0   1
      992  26.995390  102.941048    14.288     4549.4     4080.6     2642.2    577.2    331.3    380.1 2022 12 24  6 54 32.440  0.0   1
      993  26.992552  102.914852    13.892     1948.8     3766.0     2246.1    495.7    325.8    282.1 2022 12 24 12  8 40.750  0.0   1
      994  26.998680  102.934855    12.978     3934.8     4445.1     1333.7    464.0    265.8    346.6 2022 12 24 12 41 41.870  0.0   1
      995  27.045947  102.910010    18.848     1467.5     9682.4     7203.0   1007.0    490.9    410.0 2022 12 24 14  1 26.100  0.0   1
      996  27.046663  102.884017    13.387    -1111.9     9761.8     1741.3    764.6    385.3    538.2 2022 12 24 15 25 36.710  0.0   1
      997  26.994554  102.937801    14.365     4227.2     3987.7     2719.9    466.4    289.1    297.0 2022 12 24 16  2 59.910  0.0   1
      998  27.014126  102.844344    17.211    -5051.0     6156.5     5566.0    281.0    502.6    254.3 2022 12 24 16 28 24.250  0.0   1
      999  26.428906  102.988892    15.907     9321.8   -58687.4     4261.5   1019.5    572.3    819.2 2022 12 24 16 40 43.700  0.0   1
     1001  26.982985  102.937573     4.925     4204.2     2706.1    -6720.2    389.6    463.2    398.9 2022 12 24 17 22 37.040  0.0   1
     1002  27.070593  102.743978    13.000   -15010.2    12413.3     1354.8    247.4    245.1    257.4 2022 12 24 18 22 27.820  0.0   1
     1003  26.789642  102.991740    16.362     9590.5   -18716.9     4716.7    333.5    379.0    353.1 2022 12 24 18 25  2.160  0.0   1
     1004  26.832446  102.972078    13.111     7635.5   -13974.1     1465.4    649.2    986.8   1046.9 2022 12 24 18 38 10.280  0.0   1
     1005  26.707955  103.084082     5.735    18772.6   -27768.1    -5910.2   1151.3   1468.8   1629.0 2022 12 24 19  1  3.120  0.0   1
     1006  26.275157  102.995850    12.512    10021.1   -75723.3      866.4    831.2    665.2   1243.0 2022 12 24 19 27 33.840  0.0   1
     1007  27.023950  102.813322     7.186    -8129.9     7245.1    -4459.7    356.6    475.5    472.1 2022 12 24 19 39  0.720  0.0   1
     1008  26.945095  102.920329    12.210     2492.7    -1492.3      564.2    343.7    263.2    379.0 2022 12 24 20 17 17.000  0.0   1
     1009  27.015346  102.758350     2.657   -13587.0     6291.6    -8988.8    759.0   1286.7   1169.1 2022 12 24 20 49  2.560  0.0   1
     1010  27.052232  102.891260     5.222     -393.0    10378.8    -6423.3    274.2    334.5    503.6 2022 12 24 23  9 30.440  0.0   1
     1011  27.105839  102.720801     2.846   -17307.4    16318.5    -8799.4    427.0    338.5    536.2 2022 12 25  1  1  6.530  0.0   1
     1012  26.901267  102.937321     7.954     4181.1    -6348.6    -3691.1    648.6    236.4    343.9 2022 12 25  1  2  8.950  0.0   1
     1014  27.024284  102.773161    14.168   -12116.5     7282.0     2522.5    383.6    360.3    316.7 2022 12 25  3 56 46.440  0.0   1
     1015  27.039575  102.876758    17.393    -1832.4     8976.4     5747.7    362.7    280.1    343.5 2022 12 25  5 14 39.720  0.0   1
     1016  27.036011  102.870671    16.185    -2437.0     8581.4     4539.6    411.4    404.5    407.7 2022 12 25  5 32 45.730  0.0   1
     1017  27.101040  102.790942     8.147   -10347.6    15786.7    -3498.8    304.1    355.1    439.4 2022 12 25  5 40 51.470  0.0   1
     1018  27.018313  102.879069     2.541    -1603.3     6620.4    -9104.1    417.5    397.1    662.8 2022 12 25  6  9  0.890  0.0   1
     1019  27.111715  102.913534     9.415     1816.6    16969.6    -2230.2    355.5    266.7    542.9 2022 12 25 14  8 55.050  0.0   1
     1020  26.448568  103.021851     7.208    12600.7   -56509.0    -4437.0    287.8    275.8    379.9 2022 12 25 16 21 27.060  0.0   1
     1021  26.783549  102.962817    16.534     6716.9   -19392.0     4888.4    282.7    245.6    331.9 2022 12 25 17 12  3.160  0.0   1
     1022  26.642969  103.153117    12.498    25642.5   -34968.8      852.7    266.5    532.0    466.9 2022 12 25 17 13 15.720  0.0   1
     1023  26.998907  102.939502     4.549     4395.9     4470.3    -7096.8    255.1    254.5    306.3 2022 12 25 17 55 49.200  0.0   1
     1024  27.102370  102.891821    11.663     -337.3    15934.1       17.4    329.1    286.1    585.8 2022 12 25 18 42 17.240  0.0   1
     1025  26.983380  102.976497    15.460     8068.9     2749.8     3814.3    769.0    595.1    674.9 2022 12 25 18 46 35.240  0.0   1
     1026  26.920353  102.873722     3.667    -2135.5    -4233.8    -7977.0    974.4    653.4   1175.8 2022 12 25 20 59 33.880  0.0   1
     1027  26.993384  102.932414    11.892     3692.0     3858.3      246.9    372.6    228.4    273.5 2022 12 25 23 11 15.680  0.0   1
     1028  27.012496  102.836458     7.091    -5833.4     5976.0    -4554.5    407.3    439.5    414.2 2022 12 26  0 43 45.930  0.0   1
     1029  27.185406  103.184310     2.798    28675.2    25134.9    -8847.4    320.9    527.0    862.8 2022 12 26  1 17 13.310  0.0   1
     1030  27.047308  102.774268     9.663   -12005.5     9833.1    -1982.8    252.0    406.8    312.6 2022 12 26  2  6 41.860  0.0   1
     1033  26.909013  102.914982     9.333     1962.7    -5490.2    -2312.8    617.6    178.5    174.9 2022 12 26  4 11 43.150  0.0   1
     1034  27.051050  102.876465     3.900    -1861.9    10247.7    -7744.4    643.1    325.3    519.0 2022 12 26  4 15 17.730  0.0   1
     1035  27.020966  102.762410    15.496   -13183.3     6914.4     3850.8    224.6    239.5    262.0 2022 12 26  4 56 35.820  0.0   1
     1036  26.550759  102.844084    14.909    -5087.1   -45185.8     3263.2    380.5    605.4    846.1 2022 12 26  5 48 40.060  0.0   1
     1037  26.997133  102.968595     5.670     7284.1     4273.6    -5975.0    554.5    561.7    588.7 2022 12 26  6  4 17.700  0.0   1
     1040  26.954492  102.931787     9.303     3630.9     -451.1    -2342.3    591.5    412.6    381.4 2022 12 26  9 35 29.970  0.0   1
     1042  27.041361  102.874463    17.079    -2060.4     9174.3     5433.2    357.8    287.6    334.9 2022 12 26 10 12 43.400  0.0   1
     1043  26.985347  102.691300    19.840   -20245.2     2967.9     8194.8    399.5    226.2    252.2 2022 12 26 10 49 41.630  0.0   1
     1044  26.993960  102.758854    10.055   -13538.0     3922.0    -1589.9    370.0    512.9    705.4 2022 12 26 10 54 45.850  0.0   1
     1045  26.985760  102.926611    13.347     3116.3     3013.5     1701.5    294.7    274.8    304.6 2022 12 26 10 55 35.790  0.0   1
     1046  27.020376  102.916211     4.264     2083.5     6849.1    -7381.7    259.7    332.7    381.3 2022 12 26 11 32 37.280  0.0   1
     1047  27.146295  102.894019    12.777     -119.2    20801.3     1131.6    404.8    290.0    557.2 2022 12 26 12  7 28.340  0.0   1
     1048  27.128188  102.959082    12.246     6335.7    18794.8      600.7   1002.2    868.8   1227.9 2022 12 26 12 44 31.500  0.0   1
     1051  27.000189  102.675562    14.950   -21806.5     4612.2     3304.8    452.2    293.6    410.1 2022 12 26 14 28 57.700  0.0   1
     1053  26.834367  102.949691    14.670     5411.4   -13761.2     3024.6    258.5    275.3    197.1 2022 12 26 15  0 11.130  0.0   1
     1054  27.116608  102.899154    10.812      390.2    17511.8     -833.8    317.6    238.7    423.1 2022 12 26 15  9 19.480  0.0   1
     1055  26.299375  102.987443    15.721     9183.0   -73039.9     4076.1    470.9    510.6   1207.9 2022 12 26 15 31  4.340  0.0   1
     1056  27.045593  102.830575     7.479    -6416.4     9643.1    -4166.1    520.3    622.7    729.1 2022 12 26 15 42 30.230  0.0   1
     1057  26.879543  102.947192     2.174     5162.0    -8755.8    -9471.7    365.7    462.5    610.8 2022 12 26 15 57 17.640  0.0   1
     1058  26.875741  102.957536    16.645     6189.4    -9176.9     5000.0    264.1    298.7    423.8 2022 12 26 16  0 47.160  0.0   1
     1059  26.899160  102.922852    13.187     2744.3    -6582.1     1541.1    724.9    262.3    240.4 2022 12 26 16 20 33.860  0.0   1
     1060  26.832605  102.945736    15.455     5018.6   -13956.5     3809.6    175.9    205.3    219.1 2022 12 26 17 15 17.160  0.0   1
     1061  26.833299  102.943807    15.471     4826.9   -13879.6     3826.0    175.8    182.4    307.2 2022 12 26 17 33 38.880  0.0   1
     1062  26.833767  102.945044    15.724     4949.7   -13827.7     4078.6    159.2    167.1    191.9 2022 12 26 17 34 29.440  0.0   1
     1063  26.899001  102.852067     1.277    -4286.4    -6599.7   -10368.6    967.1    534.0   1542.5 2022 12 26 17 44 56.680  0.0   1
     1064  26.998964  102.665430    15.038   -22812.2     4476.7     3392.5    471.6    305.0    415.0 2022 12 26 18 36 16.160  0.0   1
     1066  26.604946  103.047445    22.050    15138.0   -39181.8    10404.3    377.9    410.0    265.8 2022 12 26 19 28 29.340  0.0   1
     1067  26.587219  103.035628    21.649    13963.9   -41146.0    10003.6    378.4    445.6    264.6 2022 12 26 19 50 49.080  0.0   1
     1068  27.091604  102.757422     9.815   -13674.2    14741.3    -1830.4    182.8    210.1    197.9 2022 12 26 19 57 14.640  0.0   1
     1069  26.831171  102.952759    16.310     5716.4   -14115.5     4664.4    202.3    212.6    274.7 2022 12 26 20  7 47.020  0.0   1
     1070  26.831771  102.951929    15.814     5633.9   -14048.9     4168.7    164.1    217.3    250.9 2022 12 26 20  8 10.600  0.0   1
     1071  26.837573  102.948893    18.252     5331.8   -13406.0     6606.1    227.1    279.2    556.6 2022 12 26 20 11  5.940  0.0   1
     1072  26.827749  102.946257    14.944     5070.3   -14494.7     3298.1    194.8    239.4    325.1 2022 12 26 20 11 19.960  0.0   1
     1073  26.829134  102.946452    15.947     5089.3   -14341.1     4301.4    157.6    201.5    306.1 2022 12 26 20 13 22.840  0.0   1
     1074  26.990066  103.130990     7.658    23406.7     3490.5    -3987.8    484.5    286.3    879.7 2022 12 26 20 18 46.960  0.0   1
     1075  26.786938  103.059139    17.879    16287.5   -19016.4     6233.4    834.8    956.3    589.0 2022 12 26 20 20 47.840  0.0   1
     1077  26.833162  102.952018    15.397     5642.5   -13894.7     3751.2    239.4    253.7    283.5 2022 12 26 20 26 48.620  0.0   1
     1078  26.828408  102.944621    15.006     4907.8   -14421.6     3360.2    162.3    185.0    239.2 2022 12 26 20 33 20.460  0.0   1
     1079  26.833569  102.948747    15.662     5317.1   -13849.7     4016.1    340.4    303.2    267.9 2022 12 26 20 34 26.960  0.0   1
     1080  26.830943  102.945394    16.073     4984.1   -14140.8     4428.0    188.2    193.4    285.3 2022 12 26 20 35 32.120  0.0   1
     1081  26.901656  102.981982    17.514     8616.3    -6305.5     5868.6    568.4    773.2    667.6 2022 12 26 20 35 43.440  0.0   1
     1082  26.832922  102.943766    16.462     4822.5   -13921.5     4816.8    219.0    255.9    265.2 2022 12 26 20 37 11.120  0.0   1
     1083  26.832076  102.946077    15.527     5052.6   -14015.2     3881.4    122.3    164.6    200.9 2022 12 26 20 40 55.960  0.0   1
     1084  26.864103  102.910368    19.799     1504.1   -10466.5     8153.3    531.3    634.1    560.8 2022 12 26 20 41 49.840  0.0   1
     1085  26.834220  102.946175    15.481     5061.9   -13777.6     3835.8    225.5    229.1    353.1 2022 12 26 20 43 15.680  0.0   1
     1086  26.833877  102.946289    16.000     5072.9   -13815.6     4354.5    150.5    223.8    253.2 2022 12 26 20 45 43.280  0.0   1
     1087  26.835309  102.944377    16.137     4883.1   -13657.0     4491.7    152.7    190.3    254.1 2022 12 26 20 47 48.040  0.0   1
     1088  26.833417  102.943433    16.078     4789.8   -13866.5     4432.7    187.6    220.9    315.3 2022 12 26 20 49 37.840  0.0   1
     1090  26.832143  102.946354    15.809     5079.9   -14007.8     4163.4    169.1    204.0    227.9 2022 12 26 20 54 15.340  0.0   1
     1092  26.865861  102.894922    18.946      -30.0   -10271.6     7300.2    548.1    492.6    646.8 2022 12 26 20 55 58.780  0.0   1
     1093  26.833781  102.948405    15.947     5283.8   -13826.3     4301.1    337.0    313.6    317.4 2022 12 26 21  0 32.160  0.0   1
     1094  26.833474  102.943823    15.244     4827.9   -13860.3     3598.3    136.4    170.4    205.2 2022 12 26 21  1  5.520  0.0   1
     1095  26.910935  102.784692     4.521   -10976.9    -5277.3    -7124.1    191.3    178.6    350.8 2022 12 26 21  3  5.800  0.0   1
     1097  26.831903  102.942228    15.365     4669.7   -14034.3     3719.6    154.0    195.7    204.6 2022 12 26 21  7 32.080  0.0   1
     1098  26.839441  102.910726    11.354     1540.2   -13199.1     -291.5    856.8    568.3    816.1 2022 12 26 21  8 14.880  0.0   1
     1099  26.833695  102.944246    16.168     4870.6   -13835.6     4522.9    147.2    189.5    226.6 2022 12 26 21  8 30.960  0.0   1
     1100  26.832259  102.944222    15.672     4868.0   -13994.8     4026.5    168.3    180.9    259.8 2022 12 26 21 11 31.220  0.0   1
     1101  26.826532  102.945890    15.181     5033.6   -14629.5     3535.1    143.8    169.1    213.7 2022 12 26 21 16 11.640  0.0   1
     1103  26.833608  102.944206    15.397     4866.6   -13845.3     3751.8    154.5    173.0    193.5 2022 12 26 21 24 32.440  0.0   1
     1104  26.833148  102.945345    15.897     4979.2   -13896.4     4251.8    159.9    189.2    334.8 2022 12 26 21 36 14.680  0.0   1
     1105  26.830874  102.947363    16.171     5180.2   -14148.5     4525.4    170.6    173.0    247.1 2022 12 26 21 43 36.620  0.0   1
     1106  26.833858  102.945076    15.481     4952.6   -13817.6     3835.7    154.4    184.0    358.1 2022 12 26 21 50 12.840  0.0   1
     1108  26.828666  102.948169    15.180     5260.4   -14393.1     3534.6    203.7    231.8    291.1 2022 12 26 22 34  5.740  0.0   1
     1109  26.831498  102.946387    16.205     5083.0   -14079.2     4559.4    190.3    238.0    230.0 2022 12 26 22 54 44.460  0.0   1
     1110  26.832483  102.944336    15.377     4879.3   -13970.0     3731.5    159.8    179.0    338.5 2022 12 26 22 56 10.800  0.0   1
     1112  26.834060  102.942375    15.653     4684.2   -13795.2     4007.8    136.0    168.3    229.4 2022 12 26 23  0 12.940  0.0   1
     1113  26.835954  102.940080    15.474     4456.7   -13585.6     3828.4    205.9    196.6    333.7 2022 12 26 23  0 52.640  0.0   1
     1115  26.833730  102.948340    16.391     5276.7   -13831.8     4745.8    182.7    182.7    377.6 2022 12 26 23 25 34.700  0.0   1
     1116  26.832640  102.949308    14.608     5373.0   -13952.7     2962.4    165.3    187.1    276.2 2022 12 26 23 37 22.280  0.0   1
     1118  26.832542  102.946663    15.307     5110.6   -13963.5     3661.7    258.2    275.7    226.5 2022 12 26 23 40 51.080  0.0   1
     1120  26.835358  102.943742    15.397     4820.5   -13651.6     3751.3    187.7    203.9    275.4 2022 12 26 23 49 57.400  0.0   1
     1121  26.957275  102.661328     7.530   -23223.7     -142.7    -4115.6    960.2    471.8   1378.1 2022 12 27  0 15 14.930  0.0   1
     1122  26.888564  102.839925    15.571    -5492.3    -7756.1     3925.9    729.2    872.5   1065.1 2022 12 27  0 30  4.130  0.0   1
     1123  26.833870  102.945150    16.098     4959.7   -13816.4     4452.7    188.9    216.5    404.3 2022 12 27  0 30 44.240  0.0   1
     1124  26.830025  102.944149    14.890     4860.9   -14242.4     3244.7    179.2    199.9    319.2 2022 12 27  0 32 50.160  0.0   1
     1125  26.940373  102.790503     3.132   -10398.7    -2015.6    -8513.4    340.1    505.0   1063.0 2022 12 27  1 25 33.710  0.0   1
     1126  26.455992  102.924927    13.459     2955.8   -55686.3     1813.6    183.5    169.3    244.8 2022 12 27  1 33 36.930  0.0   1
     1127  27.323008  103.175871     1.127    27821.4    40381.5   -10517.3    378.1    593.0   1556.5 2022 12 27  3 23 48.880  0.0   1
     1128  26.951658  102.933398     6.314     3790.5     -765.2    -5331.1    502.6    565.1    567.8 2022 12 27  3 37 38.180  0.0   1
     1129  26.835274  102.945638    17.230     5008.2   -13660.7     5584.2    230.1    302.7    655.0 2022 12 27  4 40 35.460  0.0   1
     1130  26.838643  102.952075    16.827     5648.2   -13287.3     5182.0    292.2    308.3    326.1 2022 12 27  5 34 34.830  0.0   1
     1131  26.834037  102.943066    15.080     4752.9   -13797.8     3434.1    137.1    180.9    198.9 2022 12 27  5 45 13.480  0.0   1
     1132  26.818724  102.968213    14.081     7251.5   -15494.7     2435.3    196.4    247.2    329.7 2022 12 27  7 43 52.810  0.0   1
     1134  26.825187  102.943042    15.110     4750.8   -14778.4     3464.2    248.9    241.4    245.4 2022 12 27  9 57 35.630  0.0   1
     1135  26.465068  103.080705    10.845    18456.8   -54680.6     -800.8   1742.0    915.6   1048.2 2022 12 27 10  2 30.640  0.0   1
     1136  27.012309  103.158732     7.545    26158.2     5955.1    -4100.1    793.1    428.9   1428.4 2022 12 27 10 34 29.790  0.0   1
     1137  27.000000  103.138354     6.833    24136.4     4591.4    -4812.7    480.8    343.7   1276.0 2022 12 27 12 29 15.630  0.0   1
     1138  27.120105  102.904020     8.119      873.2    17899.2    -3526.3    251.6    212.9    548.3 2022 12 27 16  2  8.930  0.0   1
     1139  27.004449  102.795524    15.079    -9897.1     5084.2     3433.2    285.5    332.0    282.5 2022 12 27 16 17 41.490  0.0   1
     1141  26.834121  102.941333    14.960     4580.9   -13788.6     3314.1    176.9    194.9    311.3 2022 12 27 16 34 42.200  0.0   1
     1142  26.831976  102.943091    15.218     4755.5   -14026.2     3572.9    191.3    230.3    237.3 2022 12 27 17 42 21.360  0.0   1
     1144  27.006641  102.872323    14.895    -2273.5     5327.2     3250.0    302.3    618.6    330.1 2022 12 27 19 48 30.680  0.0   1
     1145  26.923102  102.780046     5.921   -11437.8    -3929.1    -5724.0    508.1    517.1    723.4 2022 12 27 19 52  6.780  0.0   1
     1146  27.117694  102.909277    12.918     1394.7    17632.0     1272.5    348.5    273.1    535.7 2022 12 27 19 58 35.700  0.0   1
     1147  26.860669  102.909831    20.112     1450.9   -10847.0     8466.8    660.1    568.8    479.3 2022 12 27 20 14 43.680  0.0   1
     1148  27.117120  102.906592    12.261     1128.4    17568.5      615.8    359.1    308.2    511.8 2022 12 27 20 20  9.440  0.0   1
     1149  26.859694  102.965755    14.359     7006.5   -10954.9     2713.7    218.1    215.3    349.2 2022 12 27 20 34 49.360  0.0   1
     1150  26.856018  102.965129    13.470     6944.3   -11362.2     1824.1    236.2    224.0    314.2 2022 12 27 20 35 51.300  0.0   1
     1151  26.855263  102.966089    13.848     7039.8   -11446.0     2202.1    220.9    232.7    313.7 2022 12 27 21 51  2.780  0.0   1
     1152  26.848627  102.967358    15.742     7166.2   -12181.4     4096.5    249.1    201.3    343.9 2022 12 27 22 57 14.400  0.0   1
     1153  27.053237  102.893766     4.734     -144.2    10490.1    -6911.4    253.3    242.3    373.1 2022 12 27 23 43 12.920  0.0   1
     1154  27.056547  102.869035     4.022    -2599.4    10856.8    -7623.1    260.2    237.6    402.2 2022 12 28  0 22 52.200  0.0   1
     1155  26.907066  102.919181     9.887     2379.3    -5706.2    -1758.9    636.1    175.2    189.1 2022 12 28  0 27 53.040  0.0   1
     1156  27.071745  102.901733    17.825      646.0    12540.8     6179.9    529.7    637.2    477.7 2022 12 28  2 37 48.890  0.0   1
     1157  27.175464  102.859578    13.804    -3535.9    24033.2     2158.6    349.6    366.8    560.9 2022 12 28  4 15 45.380  0.0   1
     1158  26.832292  102.957023    17.750     6139.5   -13991.1     6104.4    356.9    307.3    315.3 2022 12 28  5 25  7.180  0.0   1
     1159  27.069631  102.751807    10.427   -14233.5    12306.7    -1218.4    217.5    368.4    443.6 2022 12 28  9 42 30.530  0.0   1
     1160  27.010362  102.771729    13.210   -12259.5     5739.4     1564.9    316.6    241.5    335.1 2022 12 28  9 44 59.890  0.0   1
     1161  26.671370  103.056974     9.679    16080.8   -31821.7    -1966.4    895.1    850.8   1140.8 2022 12 28 11 15 36.090  0.0   1
     1162  27.063574  102.874943     4.698    -2012.8    11635.4    -6947.2    308.1    340.4    428.6 2022 12 28 11 47 14.980  0.0   1
     1164  26.858490  102.966382    14.288     7068.3   -11088.4     2642.6    225.6    201.8    320.3 2022 12 28 13 30 50.670  0.0   1
     1165  27.033571  102.679932    13.983   -21369.4     8311.0     2337.1    470.9    450.5    433.1 2022 12 28 13 40 16.380  0.0   1
     1166  27.004289  102.942765     4.383     4719.7     5066.5    -7262.6    317.7    351.1    334.0 2022 12 28 13 41 34.200  0.0   1
     1167  27.008748  102.747632    16.857   -14651.5     5560.7     5211.7    408.3    315.6    290.2 2022 12 28 13 49 38.800  0.0   1
     1168  27.002195  102.833293    21.135    -6147.7     4834.6     9489.3    496.3    878.7    434.9 2022 12 28 14 46  0.810  0.0   1
     1169  27.031045  102.776270    15.914   -11807.3     8031.1     4268.1    209.7    255.3    276.4 2022 12 28 15  1 49.950  0.0   1
     1170  26.453994  102.923315    12.830     2795.2   -55907.8     1184.1    202.5    167.2    262.1 2022 12 28 15 20 52.340  0.0   1
     1171  27.001864  102.943294     3.839     4772.3     4797.9    -7806.4    301.4    320.5    348.1 2022 12 28 15 24 43.530  0.0   1
     1172  27.030717  102.681250    13.619   -21238.9     7994.9     1974.0    475.3    443.5    439.4 2022 12 28 15 39 54.070  0.0   1
     1173  26.567328  103.076514    12.989    18031.6   -43350.0     1343.5    333.7    425.0    409.7 2022 12 28 16 13  6.980  0.0   1
     1174  26.870880  102.952970    13.810     5736.4    -9715.5     2165.3    176.1    212.5    340.4 2022 12 28 16 42 12.950  0.0   1
     1175  26.873556  102.952905    14.226     5729.7    -9419.0     2580.9    215.0    221.9    337.7 2022 12 28 16 47 43.240  0.0   1
     1176  26.986420  102.805615    16.420    -8895.9     3086.7     4774.7    397.8    355.0    400.5 2022 12 28 17 23 47.360  0.0   1
     1177  27.038310  102.901986     4.102      671.2     8836.1    -7543.3    387.0    392.5    454.8 2022 12 28 17 31 46.720  0.0   1
     1179  27.031569  102.955599     7.806     5992.9     8089.2    -3838.9   1100.1    939.0    902.3 2022 12 28 19 51 45.960  0.0   1
     1180  27.003086  102.949561     3.813     5394.0     4933.3    -7832.5    294.2    309.1    339.1 2022 12 28 20 12 43.600  0.0   1
     1181  27.032324  102.930965     3.389     3547.8     8172.8    -8256.9    277.0    289.1    445.3 2022 12 28 20 59 26.320  0.0   1
     1184  26.867708  102.964738    13.364     6905.1   -10067.1     1718.5    258.9    220.6    342.2 2022 12 28 22 23  1.120  0.0   1
     1187  26.918540  102.906201    10.601     1090.2    -4434.6    -1044.2    612.7    234.9    161.5 2022 12 28 22 58 24.680  0.0   1
     1188  26.458691  102.925081    13.026     2971.3   -55387.1     1380.6    168.7    171.5    260.3 2022 12 28 23  4 38.940  0.0   1
     1189  26.999723  102.847184    11.336    -4769.0     4560.6     -309.3    190.9    321.6    281.5 2022 12 29  0 13 18.740  0.0   1
     1190  27.002244  102.975382     5.418     7957.4     4839.9    -6227.4    359.3    466.0    616.4 2022 12 29  1 52 44.280  0.0   1
     1191  26.988566  102.616455     7.540   -27676.0     3324.3    -4105.3    289.9    227.7    285.1 2022 12 29  2 21  7.930  0.0   1
     1193  27.077041  102.746191    13.946   -14790.0    13127.6     2300.9    250.5    270.5    273.4 2022 12 29  3 50 18.680  0.0   1
     1194  26.374648  103.012459    11.615    11670.5   -64699.3      -30.2    524.4    460.8    945.6 2022 12 29  4 38 23.530  0.0   1
     1195  27.122042  102.898755     5.349      350.4    18113.9    -6296.6    356.4    307.6    637.5 2022 12 29  5  0 51.170  0.0   1
     1196  27.200024  103.215910     9.860    31807.9    26754.6    -1785.5    384.0    368.5    779.0 2022 12 29  6 12 42.180  0.0   1
     1197  26.431042  102.935278    10.185     3986.0   -58450.8    -1460.3    632.3    433.1    558.1 2022 12 29  6 19 38.210  0.0   1
     1198  26.873779  102.952287    14.236     5668.4    -9394.2     2590.5    205.6    230.7    337.2 2022 12 29  6 57  2.870  0.0   1
     1199  27.012679  102.766577    13.756   -12770.4     5996.2     2110.2    283.6    217.4    406.6 2022 12 29  7  0  0.250  0.0   1
     1200  27.014628  102.758960    13.702   -13526.2     6212.2     2056.8    206.4    201.7    235.2 2022 12 29  7 10 51.090  0.0   1
     1202  27.028265  102.754517    17.501   -13966.4     7723.3     5855.1    606.5    345.9    316.5 2022 12 29  7 43 48.440  0.0   1
     1203  26.873924  102.954411    14.652     5879.3    -9378.2     3006.2    243.0    236.5    345.2 2022 12 29  7 50  3.990  0.0   1
     1204  27.007371  102.822420    10.269    -7227.3     5407.9    -1376.1    155.2    254.4    259.6 2022 12 29 10 55 38.810  0.0   1
     1205  26.829983  102.968620    17.121     7291.9   -14247.2     5475.6    302.6    324.8    308.6 2022 12 29 11 56 30.090  0.0   1
     1206  26.929350  102.930615    11.111     3514.4    -3236.8     -534.5    444.3    317.2    464.5 2022 12 29 11 59 30.020  0.0   1
     1207  26.829869  102.969491    15.640     7377.9   -14259.6     3994.7    187.9    186.8    279.4 2022 12 29 13 25 18.820  0.0   1
     1208  26.936161  102.943636    11.991     4807.8    -2482.2      345.2    558.5    330.6    442.8 2022 12 29 13 30 53.790  0.0   1
     1209  26.838255  102.965991    15.437     7030.6   -13330.4     3791.6    188.5    236.2    345.9 2022 12 29 13 59  8.080  0.0   1
     1210  26.884243  102.943612     1.764     4805.8    -8235.0    -9881.8    273.9    268.9   1068.0 2022 12 29 14  3  2.500  0.0   1
     1211  26.965289  102.921680    11.714     2626.8      745.4       68.6    414.4    312.7    397.8 2022 12 29 15 12 25.980  0.0   1
     1212  26.980857  102.817692     6.681    -7697.7     2470.3    -4964.3    442.9    469.1    694.1 2022 12 29 15 14 27.740  0.0   1
     1213  26.989891  102.828597     8.468    -6614.8     3471.1    -3177.4    407.4    417.5    499.4 2022 12 29 15 17 39.720  0.0   1
     1214  26.833042  102.970378    16.097     7466.6   -13908.1     4451.4    166.0    205.7    205.9 2022 12 29 15 54 12.170  0.0   1
     1215  26.830261  102.970597    16.485     7488.1   -14216.3     4840.0    211.0    182.7    287.3 2022 12 29 15 54 33.170  0.0   1
     1216  26.832009  102.968164    16.216     7246.2   -14022.6     4570.9    168.8    209.4    262.4 2022 12 29 15 54 47.640  0.0   1
     1218  26.834340  102.966968    15.996     7127.9   -13764.3     4351.0    190.2    206.1    272.0 2022 12 29 15 59  6.010  0.0   1
     1219  26.833995  102.968433    15.891     7273.0   -13802.5     4245.5    186.7    204.9    286.9 2022 12 29 16  1 41.450  0.0   1
     1220  26.999524  102.848104    12.328    -4677.4     4538.5      682.9    249.0    369.9    365.2 2022 12 29 16  6 36.430  0.0   1
     1221  27.009528  102.830119    20.443    -6462.7     5647.0     8798.1    397.8    701.3    427.0 2022 12 29 16 54 28.820  0.0   1
     1222  26.877244  102.926685     2.247     3125.3    -9010.3    -9398.2    195.3    216.9   1383.2 2022 12 29 17  1 38.080  0.0   1
     1223  27.281614  103.165438    10.197    26792.0    35795.0    -1448.8    434.8    492.0    617.9 2022 12 29 17 10 42.960  0.0   1
     1224  26.995483  102.958049     3.199     6236.9     4090.8    -8446.7    511.9    761.1    983.8 2022 12 29 17 24  5.520  0.0   1
     1226  26.997660  102.833276    10.279    -6149.6     4332.1    -1366.3    403.7    417.0    440.4 2022 12 29 17 44 30.160  0.0   1
     1227  27.002869  102.852425    14.273    -4248.4     4909.3     2627.6    334.7    472.3    394.3 2022 12 29 17 45  4.720  0.0   1
     1228  27.007469  102.849797    12.139    -4509.2     5418.8      493.7    327.3    345.6    397.7 2022 12 29 17 45 54.720  0.0   1
     1229  27.034670  102.870841    15.234    -2420.2     8432.9     3588.7    386.1    399.0    513.5 2022 12 29 17 50  3.200  0.0   1
     1230  26.577122  103.048592    15.972    15253.3   -42264.8     4326.1    341.2    359.5    417.7 2022 12 29 17 52  4.400  0.0   1
     1231  27.089846  102.931299    19.055     3580.0    14546.6     7409.3   1210.5    755.2    849.4 2022 12 29 18  8 58.560  0.0   1
     1232  27.081765  102.849764    14.185    -4511.1    13651.0     2539.6    567.8    652.9    493.1 2022 12 29 18 21  6.440  0.0   1
     1233  26.993176  102.827319     8.358    -6741.1     3835.3    -3287.5    416.3    464.1    553.4 2022 12 29 18 31 41.700  0.0   1
     1234  26.836833  102.969743    17.058     7402.8   -13488.1     5412.9    267.6    318.3    404.9 2022 12 29 18 32 25.160  0.0   1
     1235  26.962880  102.919816    10.722     2441.6      478.5     -923.0    312.3    256.1    337.6 2022 12 29 18 38 44.800  0.0   1
     1236  27.037551  102.743644    13.160   -15045.3     8752.0     1514.7    274.8    390.2    277.2 2022 12 29 19  4 44.640  0.0   1
     1237  26.400100  102.984871    11.695     8922.7   -61879.3       49.9    465.1    506.6    833.1 2022 12 29 19 41 58.400  0.0   1
     1238  26.983044  102.819059     6.571    -7561.5     2712.6    -5074.3    419.1    436.2    614.3 2022 12 29 20  0 47.680  0.0   1
     1240  27.009532  102.814079    10.948    -8055.0     5647.4     -697.3    177.2    294.8    259.9 2022 12 29 20 23 37.760  0.0   1
     1241  26.953920  102.916903     1.297     2152.9     -514.3   -10348.6    619.9    759.2    981.2 2022 12 29 20 41 23.080  0.0   1
     1242  26.921523  102.941146    12.804     4560.1    -4104.2     1158.3    542.7    349.9    443.1 2022 12 29 20 55 20.540  0.0   1
     1243  26.915450  102.928394    12.820     3294.2    -4777.0     1174.4    542.4    324.9    432.1 2022 12 29 21 47 45.120  0.0   1
     1244  26.985195  102.825431     6.936    -6929.1     2950.9    -4709.6    406.1    413.7    561.9 2022 12 29 21 48 55.960  0.0   1
     1245  26.445736  103.013485    11.040    11769.1   -56822.6     -605.2    407.9    247.4    331.1 2022 12 29 22 20  7.200  0.0   1
     1246  27.008720  102.851351    12.670    -4355.3     5557.5     1024.1    271.3    286.1    279.6 2022 12 29 22 37 11.720  0.0   1
     1247  26.996556  103.140552     2.951    24355.3     4209.6    -8694.3    526.8    407.0    901.5 2022 12 29 23 26  8.140  0.0   1
     1248  27.121499  102.902604     6.238      732.0    18053.6    -5407.5    330.6    287.2    586.9 2022 12 29 23 50 54.580  0.0   1
     1249  27.002283  102.845972    11.081    -4888.9     4844.2     -564.7    248.5    267.9    282.5 2022 12 30  0 54 30.710  0.0   1
     1250  26.867013  102.926978    21.757     3154.0   -10144.0    10111.1    639.3    577.9    480.1 2022 12 30  2 20 45.560  0.0   1
     1251  27.062002  102.873796     4.465    -2126.4    11461.2    -7180.0    261.6    270.4    564.1 2022 12 30  2 26 38.770  0.0   1
     1252  26.872544  102.952401    13.998     5679.8    -9531.1     2352.8    175.4    206.8    355.1 2022 12 30  2 34 37.620  0.0   1
     1253  26.832092  102.969808    16.055     7409.4   -14013.3     4409.5    143.4    185.0    233.2 2022 12 30  2 35 24.330  0.0   1
     1254  27.157566  102.889217     7.568     -595.8    22050.1    -4077.3    405.6    328.4    588.2 2022 12 30  3  1 33.050  0.0   1
     1255  27.042511  102.816797    12.051    -7784.0     9301.6      405.1    258.2    251.7    296.7 2022 12 30  3 30 33.890  0.0   1
     1256  27.186564  103.207389     5.185    30964.6    25263.0    -6460.6    234.5    366.4    712.3 2022 12 30  5 30 27.810  0.0   1
     1257  27.036847  102.888289    13.363     -687.9     8674.0     1717.3    507.1    776.2    303.9 2022 12 30  6 24 20.990  0.0   1
     1258  26.834979  102.966878    15.848     7118.5   -13693.4     4202.2    200.5    200.1    228.9 2022 12 30  7 14 43.720  0.0   1
     1259  26.833551  102.968343    16.177     7263.8   -13851.7     4531.3    179.3    193.2    250.3 2022 12 30  7 22 26.290  0.0   1
     1260  27.034812  102.799479     8.195    -9503.4     8448.6    -3450.1    393.9    569.9    435.1 2022 12 30  7 27 27.860  0.0   1
     1263  26.961715  102.816496     5.827    -7816.5      349.3    -5818.8    730.2    959.6   1317.6 2022 12 30 10 47 25.010  0.0   1
     1264  26.985270  103.132788     9.749    23585.1     2959.2    -1896.7    742.2    639.8    851.5 2022 12 30 12 18 37.100  0.0   1
     1265  26.860990  102.967879    14.921     7217.3   -10811.4     3275.4    256.8    197.5    298.5 2022 12 30 12 22  0.500  0.0   1
     1266  26.905674  102.937557    11.978     4204.5    -5860.4      332.7    701.1    258.2    277.9 2022 12 30 12 49 36.530  0.0   1
     1267  27.008020  102.776807    13.654   -11755.0     5480.0     2008.9    235.7    248.2    327.7 2022 12 30 15 22 26.890  0.0   1
     1268  26.451642  102.993498    10.122     9779.3   -56168.2    -1523.6    316.3    313.9    382.0 2022 12 30 15 36 40.890  0.0   1
     1269  26.843732  102.980046     8.952     8426.7   -12723.6    -2693.3    307.7    452.9    741.0 2022 12 30 16 21 48.690  0.0   1
     1270  27.006183  102.850285    11.676    -4460.9     5276.3       30.8    275.9    265.8    278.6 2022 12 30 16 31 35.080  0.0   1
     1272  26.514099  103.082666    15.196    18647.7   -49247.8     3550.8    233.1    319.2    221.1 2022 12 30 16 40 49.450  0.0   1
     1273  27.132371  102.873421    14.102    -2163.4    19258.4     2456.1    427.8    338.4    550.7 2022 12 30 17  2 13.460  0.0   1
     1275  27.139394  102.858455    14.254    -3648.0    20036.5     2608.2    439.8    302.4    672.8 2022 12 30 17 27  2.440  0.0   1
     1276  26.548159  103.063590    14.301    16747.8   -45473.9     2655.6    206.4    289.6    232.0 2022 12 30 17 53 57.340  0.0   1
     1277  27.122522  103.148551    14.541    25135.1    18167.2     2895.3   1162.4   1301.0   1556.1 2022 12 30 19  9 43.080  0.0   1
     1278  27.003996  102.836792    10.444    -5800.9     5033.9    -1201.4    165.5    258.2    267.1 2022 12 30 20 13  7.200  0.0   1
     1280  26.416711  103.019181     9.167    12337.1   -60038.8    -2478.2    460.5    371.2    693.8 2022 12 30 21  7  0.580  0.0   1
     1281  26.653058  103.171834    13.263    27502.0   -33850.8     1617.9    265.5    581.1    462.8 2022 12 30 21 20  3.960  0.0   1
     1282  27.071818  102.880314     2.610    -1479.9    12549.0    -9035.2    340.8    275.5    577.1 2022 12 30 21 42 37.560  0.0   1
     1283  27.083846  102.603743     8.834   -28925.6    13881.7    -2811.7    187.4    213.1    301.5 2022 12 30 22 26 38.360  0.0   1
     1284  27.133757  103.187004    12.036    28948.6    19411.8      390.6   1123.9   1401.6   1554.1 2022 12 30 22 33 59.360  0.0   1
     1285  26.870563  102.950537    14.206     5494.1    -9750.6     2560.4    380.6    270.2    345.8 2022 12 30 23  4 52.020  0.0   1
     1287  27.138521  102.744995    10.842   -14904.4    19939.9     -803.1    451.4    419.9    355.0 2022 12 31  0 23 42.490  0.0   1
     1288  27.150340  102.730339     9.938   -16357.6    21249.3    -1707.8    324.9    347.4    517.7 2022 12 31  0 56  2.670  0.0   1
     1289  26.952651  103.059709    14.440    16332.6     -655.0     2794.4  39434.9  30496.6  28870.6 2022 12 31  0 59 45.940  0.0   1
     1290  27.199587  103.199276    13.160    30157.8    26706.0     1514.2    972.5    911.2   1157.7 2022 12 31  5 43 28.100  0.0   1
     1291  27.127767  102.795117     6.210    -9932.3    18748.2    -5435.3    645.8    446.0    801.9 2022 12 31  6 30  0.600  0.0   1
     1292  27.056925  102.708390     6.563   -18543.1    10898.7    -5082.2    599.3    621.7    514.4 2022 12 31  6 55 46.340  0.0   1
     1295  26.774740  103.063851    19.423    16757.1   -20368.1     7777.9    901.3    903.7    584.8 2022 12 31 10 21 53.220  0.0   1
     1296  27.050775  102.749658    10.346   -14447.3    10217.4    -1299.4    397.2    568.2    658.8 2022 12 31 11 42 37.460  0.0   1
     1297  26.982613  102.936279     5.001     4076.1     2664.8    -6644.2    439.9    486.2    630.9 2022 12 31 12 20  8.150  0.0   1
     1300  26.927983  102.958325     9.047     6266.5    -3388.4    -2598.8    626.3    612.4    508.8 2022 12 31 15 29 29.680  0.0   1
     1302  26.530544  103.072713    13.955    17656.4   -47425.8     2309.7    166.3    182.6    210.1 2022 12 31 15 43  7.390  0.0   1
     1303  26.458655  102.926481    13.790     3110.5   -55391.4     2144.6    157.1    168.7    252.7 2022 12 31 16 58 44.910  0.0   1
     1306  26.906807  103.123031    10.900    22624.3    -5734.7     -745.8    605.6    227.9    659.2 2022 12 31 18  0 28.940  0.0   1
     1307  27.127509  102.907251    11.384     1193.6    18719.5     -261.0    326.1    251.4    475.8 2022 12 31 18 33 20.460  0.0   1
     1308  26.650745  102.862199     9.640    -3283.7   -34107.1    -2005.8    352.6    320.1    310.9 2022 12 31 20 36 39.080  0.0   1
     1310  27.005288  102.885579     2.792     -957.0     5177.3    -8852.3    323.6    351.1    481.9 2022 12 31 22 30 35.280  0.0   1
     1311  26.872620  102.922298     5.732     2689.1    -9522.8    -5912.9    465.6    355.9    818.0 2022 12 31 22 42 43.240  0.0   1
     1312  27.063991  102.873079     4.810    -2197.7    11681.6    -6835.4    323.4    281.7    532.4 2022 12 31 23 19 16.240  0.0   1
