        1  26.749231  103.004663    13.483    10876.1   -23194.6     1837.7   1503.9   1835.0   1692.5 2022 12  1  2 38 37.350  0.0   1
        2  26.546511  103.134993     2.778    23850.0   -45656.6    -8867.8   1983.9   2083.1   3729.8 2022 12  1  2 45 23.860  0.0   1
        3  27.041976  102.817432    12.461    -7720.9     9242.4      815.5   1598.1   1699.0   2665.7 2022 12  1  3 19 17.300  0.0   1
        4  26.727079  103.096436     7.268    19998.8   -25649.0    -4377.3   1931.1   1290.3   2648.3 2022 12  1  3 44  1.590  0.0   1
        5  26.446765  103.364209     1.874    46670.5   -56708.6    -9771.9   3905.9   4390.6   5626.7 2022 12  1  3 59 27.810  0.0   1
        6  26.887396  102.900317    12.984      505.8    -7885.5     1338.6   2411.1   4101.3   1623.1 2022 12  1  4 33 25.750  0.0   1
        7  26.939087  102.858097    12.912    -3686.8    -2157.9     1267.0   1538.5   1394.5   1723.1 2022 12  1  4 40  4.560  0.0   1
        8  27.137044  102.888965     8.760     -620.5    19776.1    -2885.0   1487.7   1340.5   3413.3 2022 12  1  5 25 51.010  0.0   1
        9  27.110256  102.729525     6.088   -16441.7    16807.9    -5557.8   1443.4   1523.0   1749.8 2022 12  1  6  7 56.160  0.0   1
       10  27.049526  102.878084    17.927    -1701.4    10078.8     6282.0   1799.4   1535.3   1918.9 2022 12  1  6 42 13.440  0.0   1
       11  27.005145  102.930404    15.545     3492.1     5161.4     3899.8   2104.0   1935.4   1997.3 2022 12  1  6 57 12.780  0.0   1
       12  26.968070  102.912362    11.519     1701.6     1053.5     -126.1   2066.0   1962.5   1915.1 2022 12  1  7 23 28.870  0.0   1
       13  26.959283  102.918319    10.276     2293.1       79.9    -1369.5   2433.9   1752.6   2099.6 2022 12  1  7 37 49.360  0.0   1
       14  27.013031  102.925130     3.654     2969.2     6035.1    -7991.5   1404.2   1434.4   2059.9 2022 12  1  7 59 11.290  0.0   1
       15  26.979138  102.920858    12.893     2545.1     2279.8     1248.0   1515.3   1440.6   1840.9 2022 12  1  8  2  1.760  0.0   1
       16  27.003276  102.927327     5.540     3187.4     4954.2    -6105.8   1413.6   1674.4   2860.3 2022 12  1  8 52 24.220  0.0   1
       17  26.912236  102.898210    12.180      296.5    -5133.2      534.4   2442.4   3719.4   1477.7 2022 12  1  9 18  3.320  0.0   1
       18  27.057465  102.895003    14.636      -21.8    10958.6     2990.2   1941.8   1604.3   2015.6 2022 12  1 10 38 52.580  0.0   1
       19  26.745931  103.005526    13.207    10962.2   -23560.2     1561.8   1612.9   1921.4   1659.0 2022 12  1 11  3  1.320  0.0   1
       20  27.004030  102.925171    15.082     2973.1     5037.8     3436.5   2472.6   1983.4   1561.8 2022 12  1 11 40 34.550  0.0   1
       21  26.982308  102.928532     4.255     3306.8     2631.0    -7390.7   2056.6   2152.8   2202.0 2022 12  1 11 40 44.980  0.0   1
       23  26.916028  102.798486     7.399    -9607.0    -4712.9    -4246.0   2437.9   2651.1   3324.6 2022 12  1 14 13 49.650  0.0   1
       24  26.752323  102.623348     6.784   -27018.9   -22852.0    -4861.2   1540.0   2114.5   2886.2 2022 12  1 17  4 49.880  0.0   1
       25  26.931028  102.933919    12.825     3842.5    -3051.1     1179.3   1904.9   1690.4   1846.0 2022 12  1 17 34  0.680  0.0   1
       26  27.073399  102.906055     5.656     1074.6    12724.1    -5989.1   2778.6   1736.5   2353.4 2022 12  1 18  0 23.740  0.0   1
       27  27.066805  102.888232     9.746     -693.4    11993.6    -1899.1   2102.5   1435.1   2008.5 2022 12  1 19  2 42.840  0.0   1
       28  26.945056  102.902987    11.327      771.2    -1496.7     -318.0   2486.5   2289.4   1995.0 2022 12  1 19 16 50.920  0.0   1
       29  26.994843  102.921452    12.967     2603.8     4019.9     1321.1   3156.7   3134.0   2070.4 2022 12  1 19 27 28.040  0.0   1
       30  26.992308  102.829728     6.115    -6502.2     3739.0    -5530.7   1208.2   1380.1   2241.6 2022 12  1 20  2 54.600  0.0   1
       31  26.879940  102.950228    12.645     5463.6    -8711.7      999.9   1156.2    968.0   1727.7 2022 12  1 20 34 42.040  0.0   1
       32  26.968201  102.927612    10.122     3216.2     1067.9    -1523.8   3119.1   1499.0   2359.2 2022 12  1 20 39 41.460  0.0   1
       33  26.959853  102.823031    16.142    -7168.3      143.0     4496.3   1477.4   1409.0   2109.2 2022 12  1 20 41 13.400  0.0   1
       34  26.423081  102.981893     2.176     8625.4   -59333.0    -9469.6   2791.6   2413.3   3986.3 2022 12  1 20 41 53.080  0.0   1
       35  27.066713  102.888525     7.506     -665.0    11983.3    -4139.3   1618.2   1556.4   2070.3 2022 12  1 21 29 33.240  0.0   1
       36  27.116103  103.179875     4.013    28244.2    17455.9    -7632.0   1384.5   1282.4   2053.2 2022 12  1 21 52 41.060  0.0   1
       37  27.019358  102.605526     3.012   -28756.9     6736.2    -8633.5   1732.9   2607.4   3149.9 2022 12  1 22 42 22.480  0.0   1
       38  26.952761  102.931885    10.435     3639.9     -642.8    -1210.4   3269.0   2685.0   2327.9 2022 12  1 22 47  8.780  0.0   1
       39  26.471969  102.985612    12.214     8993.9   -53915.9      569.0   1644.1   1540.1   2476.1 2022 12  1 23  5 20.240  0.0   1
       40  26.606706  103.246932    13.503    34975.1   -38986.8     1857.1   2051.2   1977.8   6352.3 2022 12  1 23 49 28.440  0.0   1
       41  27.027264  102.736743    14.830   -15730.7     7612.3     3184.4   1860.5   1422.1   1623.5 2022 12  1 23 54 17.760  0.0   1
       42  27.110779  102.909269     4.819     1393.7    16866.0    -6826.4   1506.3   1293.0   2533.2 2022 12  2  1 13 45.360  0.0   1
       43  27.040920  102.916195    15.026     2081.8     9125.4     3380.4   2151.8   2048.9   2271.9 2022 12  2  3 58 18.650  0.0   1
       44  26.997139  102.933846    13.230     3834.6     4274.4     1585.0   1845.4   1742.4   1936.4 2022 12  2  4 22 50.060  0.0   1
       45  26.993129  102.883773     4.274    -1136.6     3830.1    -7371.6   1464.5   1401.3   1648.0 2022 12  2  4 54  7.500  0.0   1
       46  27.046637  102.814608    16.271    -8001.3     9758.8     4625.5   1494.9   1519.6   1862.6 2022 12  2  7 18 31.430  0.0   1
       47  27.039722  102.900960    12.300      569.7     8992.6      654.1   2848.4   1964.5   2757.6 2022 12  2  8 39 16.390  0.0   1
       48  27.022670  102.872852    14.080    -2221.0     7103.2     2435.0   1721.9   1368.8   1904.4 2022 12  2  8 54 27.080  0.0   1
       49  27.413383  102.845272     0.571    -4949.7    50395.4   -11074.8   3623.7   2383.3   4542.9 2022 12  2 10 32 47.090  0.0   1
       50  26.922902  103.193335    20.297    29604.4    -3951.4     8651.5   2713.3   1375.4   1780.4 2022 12  2 10 33 35.360  0.0   1
       51  26.946515  102.894019    15.010     -119.8    -1335.0     3365.0   2350.7   1930.4   2164.9 2022 12  2 11  9 38.110  0.0   1
       52  26.926691  102.877067    10.104    -1803.2    -3531.6    -1541.3   2215.2   2306.5   2487.2 2022 12  2 11 39 15.940  0.0   1
       53  27.162478  102.859155     6.781    -3577.7    22594.3    -4864.2   1628.9   1515.3   3042.3 2022 12  2 11 47 43.420  0.0   1
       54  26.832532  102.942415    14.669     4688.1   -13964.7     3024.0   1111.8   1231.7   1829.6 2022 12  2 12  3 40.390  0.0   1
       55  27.112419  103.286768     4.086    38850.8    17047.6    -7559.1   1662.2   1249.1   2248.0 2022 12  2 13 40 36.380  0.0   1
       56  26.453489  103.011068     8.322    11527.6   -55963.6    -3323.0   1551.8   1077.6   2109.5 2022 12  2 13 58 25.190  0.0   1
       57  26.846735  102.942497    16.737     4695.8   -12390.9     5091.2   1621.3   1930.3   1850.4 2022 12  2 15 14 33.520  0.0   1
       58  26.850043  102.954142    13.324     5853.0   -12024.4     1678.9   1338.6   1258.2   1889.1 2022 12  2 15 21  9.940  0.0   1
       59  26.940794  102.787679     5.358   -10679.1    -1968.9    -6287.8   1245.7   1584.9   2112.0 2022 12  2 16 19 51.010  0.0   1
       60  26.858063  102.955355    16.904     5973.4   -11135.8     5258.8   1678.1   2136.3   1916.5 2022 12  2 17 48 47.480  0.0   1
       61  26.843778  102.944328    14.438     4878.3   -12718.6     2792.7   1681.7   1342.6   1834.4 2022 12  2 17 53 50.960  0.0   1
       62  26.842800  102.944442    14.782     4889.7   -12826.9     3136.3   1196.7   1229.8   1474.4 2022 12  2 18  5  8.860  0.0   1
       63  26.938422  102.923714    14.289     2828.9    -2231.7     2643.9   2006.1   1876.4   1989.2 2022 12  2 19 52  5.240  0.0   1
       64  26.883893  102.910376    15.126     1504.7    -8273.8     3480.3   2480.8   4266.3   1602.6 2022 12  2 20  0 55.300  0.0   1
       65  27.201215  102.899642     6.190      438.0    26886.4    -5455.2   1569.8   1591.2   2734.3 2022 12  2 20 17 18.700  0.0   1
       66  26.982306  102.959066     8.950     6338.4     2630.8    -2695.4   1977.7   1878.3   2038.6 2022 12  2 20 30 26.020  0.0   1
       67  26.983211  102.886670     8.751     -849.0     2731.0    -2894.3   1437.6   1455.9   1780.1 2022 12  2 21  9 13.940  0.0   1
       68  27.017053  102.776921     8.635   -11743.8     6480.9    -3010.4   2028.5   1924.8   1938.3 2022 12  2 21 15 14.080  0.0   1
       69  26.821735  102.958634    14.355     6299.8   -15160.9     2709.7   1618.1   1295.4   1759.2 2022 12  2 21 21 24.040  0.0   1
       70  26.574994  103.015568    14.554    11969.2   -42500.5     2908.3   1353.2   1322.7   1704.0 2022 12  2 22 39 24.240  0.0   1
       71  26.935254  102.930632    11.588     3515.9    -2582.7      -57.3   2365.3   1716.7   1837.6 2022 12  2 22 42 34.740  0.0   1
       72  26.845624  102.943522    18.275     4798.3   -12514.1     6629.6   1194.3   1381.3   1803.1 2022 12  2 22 59 50.800  0.0   1
       73  26.977435  102.769189     5.308   -12512.8     2091.1    -6336.2   1387.1   1379.9   2218.4 2022 12  2 23  8 45.160  0.0   1
       74  27.015011  103.004338     7.988    10831.3     6254.5    -3657.5   2379.8   1531.7   3485.7 2022 12  2 23 23 18.180  0.0   1
       75  27.242293  103.071566     0.810    17487.1    31438.1   -10835.9   1960.7   2496.8   2512.5 2022 12  2 23 52 44.820  0.0   1
       76  26.855098  102.964958    17.414     6927.6   -11464.3     5768.3   2764.6   2103.3   1987.9 2022 12  3  1 45 27.740  0.0   1
       77  26.854456  102.960571    17.117     6491.2   -11535.4     5471.7   1298.8   1454.8   1707.9 2022 12  3  1 51 51.550  0.0   1
       78  26.933425  102.798625     5.794    -9592.2    -2785.5    -5851.7   1219.7   1657.2   2117.7 2022 12  3  1 55 10.590  0.0   1
       79  26.933236  102.790674     5.157   -10382.3    -2806.4    -6488.3   1222.8   1571.1   2123.2 2022 12  3  2  5 16.180  0.0   1
       80  26.933024  102.797770     5.584    -9677.3    -2829.7    -6061.8   1218.4   1633.6   2108.1 2022 12  3  2  8 43.810  0.0   1
       81  26.848427  102.954712    12.463     5909.6   -12203.4      817.5   1343.4   1339.5   2419.4 2022 12  3  2 14 15.520  0.0   1
       82  26.851701  102.954427    14.637     5881.6   -11840.6     2991.9   1180.9   1141.0   1769.4 2022 12  3  2 14 44.090  0.0   1
       83  26.850500  102.955412    13.978     5978.7   -11973.7     2332.4   1330.0   1200.4   1759.5 2022 12  3  2 15  7.580  0.0   1
       84  26.862425  102.959904    18.727     6425.2   -10652.5     7082.0   1509.0   1804.9   1935.8 2022 12  3  2 16 53.970  0.0   1
       85  26.933494  102.791951     5.200   -10255.2    -2777.8    -6445.5   1225.3   1571.9   2111.4 2022 12  3  2 17 13.690  0.0   1
       86  26.849697  102.957438    13.356     6180.6   -12062.7     1710.8   1285.8   1294.4   1822.4 2022 12  3  2 19 26.930  0.0   1
       87  27.002747  102.918481     2.407     2308.9     4895.6    -9238.3   1353.9   1400.2   1655.8 2022 12  3  3  4 51.080  0.0   1
       88  26.647188  103.019767    17.400    12383.4   -34501.1     5754.7   1692.1   1658.5   1826.6 2022 12  3  3 44 28.190  0.0   1
       89  26.927100  102.777856    28.126   -11655.2    -3486.3    16480.6   2063.7   2108.7   2190.4 2022 12  3  4 46 51.570  0.0   1
       90  26.850584  102.954842    13.166     5922.2   -11964.3     1520.9   1303.1   1368.7   1950.8 2022 12  3  5  2 51.390  0.0   1
       91  26.926742  102.778996     3.254   -11542.2    -3526.0    -8391.5   2920.5   1832.5   5014.0 2022 12  3  5 14 48.290  0.0   1
       92  26.932243  102.795418     2.199    -9910.8    -2916.4    -9446.8   1743.7   1664.3   4667.7 2022 12  3  5 23 53.430  0.0   1
       93  27.131313  102.849561    11.322    -4530.2    19141.1     -323.1   1226.8   1421.9   3059.6 2022 12  3  7  6 21.980  0.0   1
       95  26.965456  102.929069    11.781     3360.1      763.9      136.0   1872.7   1563.0   1812.1 2022 12  3  7 54 45.480  0.0   1
       96  26.950378  102.914014     8.694     1865.7     -906.9    -2951.9   2148.4   1605.8   1935.2 2022 12  3  8 39 54.890  0.0   1
       97  26.829567  103.120426     4.988    22373.2   -14293.1    -6657.9   1485.2   1737.9   1777.5 2022 12  3  8 43 11.410  0.0   1
       98  26.979936  102.955672    13.183     6001.2     2368.2     1537.8   2060.9   1370.0   1858.6 2022 12  3  8 50 46.740  0.0   1
      100  26.880013  102.948991    11.749     5340.4    -8703.7      103.7   1298.0   1579.7   2000.8 2022 12  3 11 45 40.200  0.0   1
      101  26.902441  102.942179    15.481     4663.9    -6218.5     3835.6   1494.2   1599.9   1998.9 2022 12  3 12 49 32.480  0.0   1
      102  27.067926  102.642017     6.648   -25129.3    12117.7    -4997.4   1616.8   1717.0   1682.9 2022 12  3 13 33  8.350  0.0   1
      103  27.032863  102.951221     3.435     5558.0     8232.7    -8210.2   2233.3   1726.6   2531.8 2022 12  3 13 57 58.950  0.0   1
      104  26.515027  103.066235    16.752    17013.4   -49145.0     5106.8   1740.1   1952.9   2081.7 2022 12  3 14 10 10.630  0.0   1
      105  27.113662  102.889909    11.309     -527.0    17185.4     -336.9   1742.3   1527.0   1801.4 2022 12  3 14 49 38.660  0.0   1
      106  27.019670  102.780713    16.597   -11366.9     6770.8     4951.8   1417.8   1339.5   1842.6 2022 12  3 15 57 43.450  0.0   1
      107  27.013660  102.949862     2.996     5423.8     6104.7    -8649.9   1781.5   1442.0   2385.8 2022 12  3 16 13 27.320  0.0   1
      108  27.081295  102.804036    12.540    -9049.0    13598.9      894.9   1755.6   1971.9   1412.1 2022 12  3 16 26 40.090  0.0   1
      109  26.983244  102.910368    15.214     1503.8     2734.7     3568.8   2327.9   1924.2   2029.3 2022 12  3 16 43 53.610  0.0   1
      110  26.988851  102.758976    11.227   -13526.6     3356.0     -418.9   1547.9   1487.0   1963.3 2022 12  3 19 28 16.240  0.0   1
      111  27.022282  102.776937    16.748   -11741.1     7060.2     5102.2   1404.9   1292.4   1832.9 2022 12  3 19 33  1.360  0.0   1
      112  27.004185  102.770890    13.054   -12342.7     5055.0     1408.9   1875.9   1473.6   1719.9 2022 12  3 19 36 43.320  0.0   1
      113  27.028510  102.770801    17.944   -12350.5     7750.2     6299.0   2080.3   1320.9   1819.9 2022 12  3 20 14 39.500  0.0   1
      115  26.968825  102.912508     9.527     1715.9     1137.0    -2118.1   2504.7   2000.1   1943.8 2022 12  3 21  6 35.020  0.0   1
      116  26.977431  102.917464    11.769     2208.1     2090.7      123.6   1566.4   1536.3   1833.4 2022 12  3 21 12 37.640  0.0   1
      117  26.875366  102.956201    14.961     6056.5    -9218.6     3315.1   1312.4   1187.8   1712.1 2022 12  3 21 23 47.340  0.0   1
      118  27.238554  102.617643     5.564   -27527.2    31023.8    -6081.2   1746.5   1591.9   2855.2 2022 12  3 21 36 58.720  0.0   1
      119  26.996096  102.938973    14.962     4343.2     4158.7     3317.0   2168.6   1694.9   1849.1 2022 12  3 21 56 14.420  0.0   1
      120  26.873395  102.955575    14.629     5994.8    -9436.8     2983.6   1193.4   1100.7   1704.4 2022 12  3 22  1 12.220  0.0   1
      121  26.753343  103.007397    18.577    11148.2   -22738.9     6931.6   1737.5   2575.6   1711.8 2022 12  3 22  8 12.960  0.0   1
      122  26.875419  102.956047    18.703     6041.2    -9212.6     7057.2   1336.1   1451.5   1984.6 2022 12  3 22 17 52.460  0.0   1
      123  27.009190  102.831673    13.165    -6308.8     5609.7     1519.5   1881.5   2980.4   1800.7 2022 12  3 22 27 41.440  0.0   1
      124  27.021014  102.927230     1.291     3177.3     6919.7   -10354.9   1558.5   1654.9   2636.2 2022 12  3 22 39 39.540  0.0   1
      125  26.888615  102.962573    19.308     6689.3    -7750.4     7662.5   1538.8   1476.6   1752.3 2022 12  3 22 56 39.000  0.0   1
      126  26.984467  102.763192     8.956   -13108.0     2870.3    -2689.6   1615.0   1508.9   1833.4 2022 12  3 23 23 14.240  0.0   1
      127  27.123926  103.167407     3.984    27005.8    18322.7    -7661.7   1597.8   1335.3   2473.4 2022 12  4  0 40 45.880  0.0   1
      128  27.112010  102.909448     5.569     1411.9    17002.3    -6076.4   1905.2   1465.1   3238.1 2022 12  4  2 10 26.660  0.0   1
      129  26.870221  102.949308    19.953     5372.3    -9788.5     8307.9   1371.7   1561.3   1992.2 2022 12  4  3 10  1.950  0.0   1
      130  27.123059  102.775928    12.424   -11836.5    18226.6      778.1   3196.6   1730.6   2908.0 2022 12  4  3 18 50.350  0.0   1
      131  27.136985  102.772257     3.187   -12200.2    19769.7    -8458.3   1752.6   1808.4   3806.0 2022 12  4  3 25 41.800  0.0   1
      132  26.691384  103.030737    13.189    13471.1   -29604.3     1544.0   1770.4   2345.5   2017.8 2022 12  4  3 39 43.980  0.0   1
      133  26.969877  102.917310    10.637     2193.1     1253.5    -1008.3   1631.7   1619.0   1925.2 2022 12  4  3 51 49.540  0.0   1
      134  27.145628  102.868368    24.370    -2664.1    20727.2    12724.8   2901.3   1720.7   3324.8 2022 12  4  4 28  6.550  0.0   1
      135  26.992442  102.838713     2.319    -5610.1     3753.8    -9326.6   2372.6   2506.0   2774.3 2022 12  4  6 35 46.430  0.0   1
      136  27.034206  102.877181    15.520    -1791.1     8381.5     3874.7   1724.1   1620.8   1958.1 2022 12  4  6 36 49.840  0.0   1
      137  26.985984  102.826383     7.381    -6834.0     3038.3    -4264.7   1766.6   1953.7   2203.2 2022 12  4  8 33  8.820  0.0   1
      138  26.970072  102.915031    11.493     1966.9     1275.3     -152.4   1827.1   1604.5   2030.3 2022 12  4  8 34  9.270  0.0   1
      139  26.875393  102.953931    15.302     5831.4    -9215.6     3656.6   1198.1   1083.7   1781.5 2022 12  4  9 29 21.250  0.0   1
      141  27.141551  102.913379     6.383     1801.5    20275.4    -5262.8   1478.0   1387.7   3512.5 2022 12  4 10 56 47.490  0.0   1
      142  27.005042  102.817253    17.327    -7740.3     5149.9     5681.8   1554.4   1365.2   1888.1 2022 12  4 12 49 43.560  0.0   1
      143  27.011700  102.886833     4.117     -832.7     5887.6    -7528.4   1286.8   1327.3   2453.2 2022 12  4 12 52 43.930  0.0   1
      144  26.932267  102.998421    10.363    10248.3    -2913.7    -1282.4   3059.5   2411.7   3299.9 2022 12  4 13  1  1.390  0.0   1
      145  27.020917  102.778320    17.222   -11604.6     6909.0     5576.3   1700.5   1309.2   1820.8 2022 12  4 13 52 28.720  0.0   1
      146  26.980078  102.921370    12.015     2595.6     2383.9      369.1   1768.3   1852.3   1828.1 2022 12  4 13 57 10.100  0.0   1
      147  26.827138  102.985303    13.645     8949.2   -14562.2     1999.7   1630.2   1446.4   1681.6 2022 12  4 14  6 47.650  0.0   1
      148  27.020929  102.777889    16.349   -11647.1     6910.4     4703.7   1435.1   1268.7   1856.6 2022 12  4 15 27 42.080  0.0   1
      149  27.067834  102.680387     1.565   -21320.8    12107.6   -10080.4   2309.1   1815.6   2271.0 2022 12  4 15 32 27.030  0.0   1
      150  26.988202  102.900789    10.752      552.8     3284.0     -893.5   1581.0   1759.0   1863.4 2022 12  4 15 46 54.590  0.0   1
      151  27.002161  102.827572     5.805    -6716.0     4830.7    -5840.5   1180.9   1250.6   2353.0 2022 12  4 16 32 17.420  0.0   1
      152  26.993768  102.820109     4.104    -7456.8     3900.7    -7541.9   1219.1   1549.2   2242.2 2022 12  4 16 41 49.520  0.0   1
      153  26.917230  102.854647     4.180    -4029.4    -4579.8    -7465.4   1908.0   1594.7   3452.5 2022 12  4 16 45 41.460  0.0   1
      154  27.130941  102.675488     8.532   -21801.0    19099.9    -3113.0   1771.3   1644.6   2808.0 2022 12  4 18 15 30.280  0.0   1
      155  26.910779  102.892139    13.201     -306.3    -5294.7     1555.5   2918.2   4233.4   1703.6 2022 12  4 18 24 28.520  0.0   1
      156  27.016052  102.780672    16.055   -11371.0     6370.0     4409.6   1470.9   1288.6   1826.9 2022 12  4 18 25 42.480  0.0   1
      157  27.014404  102.780168    15.582   -11421.5     6187.3     3936.4   1359.2   1304.6   1802.2 2022 12  4 18 29 53.800  0.0   1
      158  27.089604  102.796403     9.227    -9806.6    14519.6    -2418.8   1450.3   1311.6   1922.8 2022 12  4 19 24 56.880  0.0   1
      159  27.089303  103.394368     4.213    49532.1    14486.3    -7432.0   1552.8   1515.7   2335.4 2022 12  4 19 53  2.400  0.0   1
      160  27.088352  103.205135     3.236    30754.0    14381.1    -8409.2   1670.6   1349.0   2906.8 2022 12  4 22 52 22.540  0.0   1
      161  27.006679  102.936426    14.649     4089.9     5331.4     3003.5   1928.3   1752.0   1977.1 2022 12  4 22 59  8.300  0.0   1
      162  27.133838  102.661735     9.159   -23165.6    19420.8    -2486.9   1494.3   1439.9   2201.7 2022 12  4 23 15 31.880  0.0   1
      163  27.132155  102.669108     9.246   -22434.2    19234.4    -2399.2   1706.7   1404.4   1981.8 2022 12  4 23 59  7.840  0.0   1
      164  26.768060  102.767782    16.318   -12664.7   -21108.3     4672.5   2017.8   1782.5   1890.5 2022 12  5  0  1 57.790  0.0   1
      166  26.573271  103.006380    13.143    11055.7   -42691.5     1497.3   1435.3   1603.0   1711.5 2022 12  5  2 46 44.270  0.0   1
      167  26.896879  102.926921     9.647     3148.3    -6834.9    -1998.3   1976.9   4803.1   1956.7 2022 12  5  2 52 43.300  0.0   1
      168  26.667458  103.039689    11.477    14362.2   -32255.3     -168.0   1622.7   2194.8   2552.6 2022 12  5  3  6 33.210  0.0   1
      169  26.998639  102.800399     4.553    -9413.4     4440.4    -7092.3   1502.4   1527.6   3024.2 2022 12  5  3 31 22.340  0.0   1
      170  27.122139  102.859473     7.035    -3547.0    18124.6    -4610.4   1511.4   1504.2   3353.3 2022 12  5  3 39 24.700  0.0   1
      171  26.653105  103.080404     8.453    18411.8   -33845.7    -3192.5   2610.9   1431.5   2009.5 2022 12  5  4  7  6.010  0.0   1
      172  27.038780  102.890055     5.313     -512.7     8888.2    -6332.0   1676.9   2430.4   2995.9 2022 12  5  4 29 52.400  0.0   1
      173  27.038863  102.759554    12.705   -13466.3     8897.5     1059.5   1400.9   2058.1   1403.4 2022 12  5  5 19 13.800  0.0   1
      174  26.914844  102.949455     5.638     5385.6    -4844.2    -6007.0   1141.7   2110.8   2646.5 2022 12  5  5 46  0.410  0.0   1
      175  27.096781  102.869230    13.908    -2579.2    15315.1     2262.2   1835.7   1749.5   1844.2 2022 12  5  5 48 45.620  0.0   1
      176  26.576349  102.991650     8.435     9590.3   -42350.4    -3210.4   1453.2   1502.4   1953.0 2022 12  5  6 29 14.380  0.0   1
      177  26.454673  103.015104     7.869    11929.3   -55832.3    -3775.9   2033.8   1205.0   2348.1 2022 12  5  6 31 22.920  0.0   1
      178  26.452273  102.990780    11.219     9509.2   -56098.4     -426.7   1613.8    941.4   1169.1 2022 12  5  8 48 11.700  0.0   1
      179  27.015365  102.862166    13.191    -3281.4     6293.8     1545.5   1738.6   1654.6   1888.1 2022 12  5  9 10 49.590  0.0   1
      180  26.698995  102.838241    18.526    -5664.3   -28760.9     6880.9   1547.5   2466.1   1930.0 2022 12  5  9 43 44.390  0.0   1
      181  26.754299  103.003223    14.212    10732.8   -22633.1     2566.4   1482.4   1735.6   1564.5 2022 12  5  9 56  5.790  0.0   1
      182  26.858651  102.956844     1.207     6121.5   -11070.5   -10438.2   1779.1   2662.0   5828.4 2022 12  5  9 58 22.030  0.0   1
      184  27.045528  102.895247     8.645        2.2     9636.0    -3000.3   2699.5   1583.1   1598.3 2022 12  5 10 35 18.760  0.0   1
      185  27.108736  102.910213     2.401     1487.8    16639.6    -9244.0   2149.4   1560.3   3589.5 2022 12  5 10 56 57.240  0.0   1
      186  27.267735  102.618709    15.013   -27418.2    34257.1     3367.9   1686.6   2018.2   4584.0 2022 12  5 11 22 20.690  0.0   1
      187  26.399217  103.013664    13.514    11788.8   -61977.0     1868.1   2002.8   1297.8   1529.0 2022 12  5 11 25  5.140  0.0   1
      188  27.109538  102.900529     4.600      526.4    16728.3    -7045.4   1705.8   1403.1   2795.0 2022 12  5 12  8 29.770  0.0   1
      189  27.270986  102.621183    10.281   -27172.7    34617.2    -1364.0   2127.8   1722.0   3024.1 2022 12  5 13 12 11.360  0.0   1
      190  26.967411  102.831649    16.697    -6312.0      980.4     5051.4   1720.8   1733.2   2039.4 2022 12  5 14 47 13.770  0.0   1
      191  26.984477  102.808748    14.401    -8585.3     2871.2     2755.6   1307.6   1357.3   1668.5 2022 12  5 15 41 16.610  0.0   1
      192  26.963540  103.004093    14.879    10809.8      551.4     3233.6   2145.5   1649.6   2046.2 2022 12  5 16  1 33.680  0.0   1
      193  27.026862  102.899992     4.716      473.1     7567.6    -6929.9   1717.8   1488.4   1808.7 2022 12  5 16 13 52.500  0.0   1
      194  27.033409  102.806991    11.171    -8758.2     8293.1     -474.3   1439.0   1231.6   1697.1 2022 12  5 17  1  2.400  0.0   1
      195  26.576357  103.038444    27.123    14244.2   -42349.4    15477.6   1809.9   2386.6   1899.0 2022 12  5 17 14 27.160  0.0   1
      196  26.909741  102.886800    10.301     -836.3    -5409.7    -1344.3   2444.9   3840.9   1887.5 2022 12  5 18 10  0.720  0.0   1
      197  27.119330  103.178670     6.897    28124.2    17813.5    -4748.7   1222.8   1273.2   2166.7 2022 12  5 20 41 41.820  0.0   1
      198  27.293018  102.857446    21.565    -3745.1    37058.5     9919.3   3980.5   2781.5   2686.9 2022 12  5 22 38  3.520  0.0   1
      200  26.871145  103.051123     7.669    15485.3    -9686.3    -3976.2   1869.2   1809.7   2013.2 2022 12  6  2 32 32.120  0.0   1
      201  26.536292  103.286621     9.826    38934.0   -46788.9    -1819.2   2293.4   3643.2   8400.7 2022 12  6  3 33 55.320  0.0   1
      202  26.968361  102.889176    12.836     -600.1     1085.7     1191.0   3260.5   2215.0   1992.1 2022 12  6  4 21 11.780  0.0   1
      203  26.876996  103.065666    15.445    16929.8    -9037.8     3799.3   1728.2   2069.9   2204.1 2022 12  6  5 10 51.100  0.0   1
      204  27.092466  103.277393     5.204    37924.3    14836.7    -6441.1   1350.8   1412.1   1444.0 2022 12  6  5 19 16.730  0.0   1
      205  27.192639  103.180770     9.178    28323.2    25936.3    -2467.8   1480.8   1506.9   3605.6 2022 12  6  5 37  1.690  0.0   1
      206  27.188475  103.180013     5.448    28248.7    25474.8    -6197.6   1294.3   1418.9   1912.8 2022 12  6  5 58 19.190  0.0   1
      207  26.882810  102.911572    16.413     1624.2    -8393.6     4767.5   2681.3   4685.4   1564.1 2022 12  6  6 57 29.480  0.0   1
      208  27.018117  102.932113    10.369     3661.8     6598.7    -1276.5   2257.5   2171.9   1633.7 2022 12  6  7 40  0.000  0.0   1
      209  27.015875  102.909733     4.235     1440.7     6350.3    -7410.5   1446.9   1332.0   1696.7 2022 12  6  8 15 46.370  0.0   1
      210  26.997449  102.911792    13.716     1645.0     4308.6     2071.1   4715.0   4060.8   2221.6 2022 12  6  9  1 24.520  0.0   1
      211  26.307157  103.004875    16.490    10918.7   -72177.5     4844.9   2324.9   1712.9   3349.0 2022 12  6  9  2 22.700  0.0   1
      212  26.971307  102.888794    11.513     -638.6     1412.2     -132.8   2240.5   1960.0   2238.1 2022 12  6 10  2 30.700  0.0   1
      213  27.079462  102.760539    10.777   -13365.9    13396.0     -868.6   1422.3   1344.4   1922.4 2022 12  6 10  8 59.270  0.0   1
      214  27.057532  102.632031     7.351   -26121.0    10966.0    -4293.9   1350.2   1508.6   1739.8 2022 12  6 13 10 36.540  0.0   1
      215  27.190936  103.180192     7.721    28265.8    25747.6    -3924.0   1244.3   1400.1   1816.6 2022 12  6 13 51 55.330  0.0   1
      216  27.081038  102.759880    11.769   -13431.4    13570.5      123.8   2170.1   1790.7   1860.8 2022 12  6 14 18 55.360  0.0   1
      217  26.857715  102.975065     7.701     7931.3   -11174.2    -3944.8   1693.0   1277.9   2110.3 2022 12  6 15 18 14.910  0.0   1
      219  27.077148  102.757284    11.242   -13689.3    13139.5     -403.4   1414.5   1355.5   1769.2 2022 12  6 16  1 43.360  0.0   1
      220  26.444865  103.020418    13.596    12459.0   -56919.1     1950.9   2300.7   2086.3   2310.6 2022 12  6 16 16 45.830  0.0   1
      221  26.996458  102.787614    12.857   -10683.1     4198.9     1211.3   1286.9   1304.5   1672.8 2022 12  6 16 27 32.990  0.0   1
      222  26.469643  102.985661     7.948     8999.0   -54173.7    -3697.2   1475.8   1226.7   2701.8 2022 12  6 16 32  4.260  0.0   1
      223  27.084560  102.756266     7.275   -13789.9    13960.9    -4370.4   1483.4   1646.4   2094.8 2022 12  6 17 32 35.320  0.0   1
      224  27.085431  102.759578     6.304   -13460.8    14057.3    -5341.6   2010.9   1731.2   2728.3 2022 12  6 17 40 40.120  0.0   1
      225  27.118848  102.864030     7.513    -3094.7    17760.0    -4132.1   1247.4   1358.8   1665.4 2022 12  6 17 47 49.120  0.0   1
      228  27.078611  102.756502    11.408   -13766.8    13301.6     -237.7   1546.3   1257.7   1745.2 2022 12  6 20 25 26.900  0.0   1
      229  26.987146  102.923039     3.136     2761.5     3167.0    -8508.1   1759.8   1542.0   1679.9 2022 12  6 20 39  6.380  0.0   1
      230  27.041842  102.919189     6.036     2378.7     9227.5    -5609.4   2003.4   2208.8   1834.6 2022 12  6 21 13 24.200  0.0   1
      231  27.031376  102.719377    15.074   -17454.1     8067.8     3429.0   2053.8   2696.0   1719.8 2022 12  6 22 16 48.680  0.0   1
      232  27.081350  102.758984    11.526   -13520.4    13605.0     -119.3   1486.8   1309.7   1879.9 2022 12  6 22 17  9.440  0.0   1
      233  26.927690  102.947681    15.479     5209.3    -3420.8     3833.4   4488.1   2704.8   2394.9 2022 12  6 22 40  7.200  0.0   1
      234  26.908588  102.919987     9.419     2459.1    -5537.4    -2225.9   2010.1   1610.6   1732.8 2022 12  6 23  6 36.600  0.0   1
      235  27.045772  102.863330     5.485    -3165.1     9663.0    -6160.4   1761.3   1438.5   2662.3 2022 12  6 23 26 17.640  0.0   1
      236  26.879895  102.983634     7.280     8781.3    -8716.7    -4365.0   1787.1   1448.6   2636.1 2022 12  6 23 35 38.440  0.0   1
      237  26.938997  102.855802     3.261    -3914.6    -2168.0    -8384.7   1392.5   1635.5   1960.9 2022 12  6 23 42 22.720  0.0   1
      239  27.198899  103.181958     7.447    28440.0    26629.9    -4198.1   1380.1   1561.8   2468.3 2022 12  7  4 30  9.540  0.0   1
      240  26.912408  102.811385     7.067    -8326.3    -5114.1    -4578.4   2070.8   2788.4   2956.3 2022 12  7  5 12 44.500  0.0   1
      241  27.005863  102.683512    22.633   -21017.1     5241.0    10987.5   2133.7   1376.4   1358.8 2022 12  7  5 34  9.330  0.0   1
      242  27.057174  102.858927    21.528    -3601.9    10926.3     9882.5   2267.5   1907.0   1959.5 2022 12  7  5 44 13.070  0.0   1
      243  27.223653  102.903866    13.927      857.3    29372.7     2281.1   1879.6   2164.2   2718.5 2022 12  7  7 32 21.900  0.0   1
      245  27.046556  102.820207    16.668    -7445.4     9749.7     5022.2   1961.6   2168.5   3343.0 2022 12  7  8 23  3.720  0.0   1
      246  26.826746  102.623975    15.474   -26948.3   -14605.8     3828.2   1638.2   1387.1   2149.8 2022 12  7  9 26 20.710  0.0   1
      247  27.068215  102.758748    10.652   -13544.2    12149.7     -993.3   1512.3   1528.3   1803.9 2022 12  7 14 23 10.200  0.0   1
      248  27.122260  102.897176    10.558      194.2    18138.0    -1087.7   2250.4   2012.8   4113.7 2022 12  7 14 24 59.690  0.0   1
      249  27.099947  102.762655    10.119   -13154.6    15665.6    -1526.3   2627.3   2297.3   1886.9 2022 12  7 15 42 38.060  0.0   1
      250  27.189945  103.177010     7.211    27950.8    25637.7    -4434.0   1276.8   1503.8   2409.3 2022 12  7 15 59  8.670  0.0   1
      251  27.016351  103.021672    15.229    12551.7     6403.1     3584.0   2211.0   2130.8   3134.2 2022 12  7 17 19 48.020  0.0   1
      252  26.997502  102.941398    15.686     4583.9     4314.6     4040.8   2330.3   2204.8   2213.4 2022 12  7 17 22  7.480  0.0   1
      253  26.467499  102.982227     0.895     8657.3   -54411.4   -10750.0   2067.5   1407.3   2658.9 2022 12  7 17 27  2.200  0.0   1
      254  26.905092  102.819116    12.351    -7558.6    -5924.8      705.2   1945.1   1466.9   1873.5 2022 12  7 18 19  9.680  0.0   1
      255  26.988908  102.923071    13.096     2765.1     3362.2     1451.0   2055.9   1945.7   1882.2 2022 12  7 18 25 41.520  0.0   1
      256  26.553713  102.733415    14.617   -16094.8   -44858.6     2971.7   1728.7   1746.4   1704.8 2022 12  7 18 28 28.280  0.0   1
      257  27.144950  102.844889     6.972    -4993.3    20652.2    -4672.2   2104.9   3501.5   5261.8 2022 12  7 19 53  2.360  0.0   1
      258  26.387360  103.036532    16.671    14065.8   -63291.0     5025.7   2066.1   1669.8   2309.6 2022 12  7 21  1 17.020  0.0   1
      259  26.419167  103.018970    13.397    12315.9   -59766.6     1751.9   1672.4   1431.9   1987.9 2022 12  7 21  7 23.940  0.0   1
      260  26.990025  102.927417    14.599     3195.9     3486.1     2953.7   2943.6   2989.7   2341.8 2022 12  7 21 26 26.000  0.0   1
      261  26.997402  102.853410     3.908    -4151.0     4303.4    -7737.0   1451.8   1354.8   1795.5 2022 12  7 21 26 49.960  0.0   1
      262  27.008915  102.759359     5.551   -13487.0     5579.2    -6094.4   1779.9   1713.1   2101.0 2022 12  7 21 27 23.380  0.0   1
      263  27.304641  102.619914    12.450   -27294.3    38346.4      805.0   2301.1   1753.9   6228.9 2022 12  7 21 40 47.720  0.0   1
      264  27.040247  102.828182    21.856    -6654.0     9050.7    10211.0   1767.3   2964.3   1368.3 2022 12  7 21 44 20.520  0.0   1
      265  27.001316  102.933024    14.095     3752.4     4737.1     2449.3   1659.0   1657.4   1927.0 2022 12  7 22  2 44.840  0.0   1
      266  26.988326  103.131958     4.472    23502.5     3297.8    -7173.9   1384.5   1309.8   2204.7 2022 12  7 22  6 31.520  0.0   1
      267  26.956104  102.948478    11.618     5288.0     -272.5      -27.3   4068.9   3397.4   2229.5 2022 12  7 22 19 10.560  0.0   1
      268  27.096533  102.706445    14.209   -18732.4    15287.3     2563.8   4077.5   2209.8   2592.9 2022 12  7 22 25 32.020  0.0   1
      269  26.980105  102.917660    12.577     2227.5     2386.8      931.4   1575.9   1464.3   1917.7 2022 12  7 22 54 41.300  0.0   1
      270  26.996462  102.936515    11.586     4099.3     4199.3      -59.5   1747.9   1648.2   1953.7 2022 12  7 22 58 29.500  0.0   1
      271  27.008311  102.981185    14.515     8533.5     5512.2     2870.0   2316.6   2339.0   2139.3 2022 12  7 23 33 36.500  0.0   1
      272  26.992118  102.940169    14.180     4462.0     3718.0     2534.9   2743.7   1719.8   2343.1 2022 12  7 23 33 49.560  0.0   1
      273  26.995636  102.950724    14.108     5509.6     4107.8     2462.2   2726.2   1469.9   2325.4 2022 12  7 23 34  0.520  0.0   1
      274  27.039166  102.828491     8.352    -6623.8     8931.0    -3293.4   1269.2   1321.0   1819.6 2022 12  7 23 40 58.480  0.0   1
      275  26.610746  103.041488    16.885    14545.0   -38539.2     5239.7   2918.0   1312.7   1829.5 2022 12  8  1 16 41.430  0.0   1
      276  27.073749  102.814543     7.784    -8007.2    12762.9    -3861.1   2634.6   1976.3   2411.4 2022 12  8  1 17 31.840  0.0   1
      277  27.033523  102.924626    16.224     2918.1     8305.7     4578.4   2913.9   1808.4   2015.9 2022 12  8  1 19 29.050  0.0   1
      278  26.990515  102.789681    11.832   -10477.7     3540.3      186.1   2667.9   2045.6   2538.6 2022 12  8  2 49 30.920  0.0   1
      279  27.072841  102.664437     6.629   -22903.4    12662.4    -5016.6   1848.5   1396.2   1478.2 2022 12  8  2 58 42.810  0.0   1
      280  26.814453  103.093050     6.568    19655.2   -15967.8    -5076.3   1945.7   1757.4   2946.2 2022 12  8  3 31 17.930  0.0   1
      281  27.007349  102.799300    12.066    -9522.4     5405.5      420.9   1276.5   1328.6   1565.6 2022 12  8  7  9 22.640  0.0   1
      282  27.038106  102.805900    16.443    -8865.5     8813.5     4797.7   1578.0   1573.9   1883.0 2022 12  8  8 37 55.900  0.0   1
      283  27.040515  102.853727    20.689    -4119.0     9080.4     9043.5   2039.0   1745.5   1958.5 2022 12  8  8 46  1.380  0.0   1
      284  27.041838  102.886768    16.099     -839.3     9226.9     4453.6   1901.1   1506.7   2119.6 2022 12  8  8 53 46.270  0.0   1
      285  27.013810  102.828971    13.805    -6576.5     6121.5     2159.9   1411.0   2287.9   1572.9 2022 12  8  9  4  0.310  0.0   1
      286  27.036070  102.811694    16.020    -8290.7     8588.0     4374.9   1527.9   1583.7   1861.9 2022 12  8  9 31 51.900  0.0   1
      287  26.882878  102.885994     5.239     -916.3    -8386.1    -6406.3   2693.0   2214.1   3278.3 2022 12  8 11 20 13.360  0.0   1
      288  27.137297  102.721842    12.717   -17201.5    19804.1     1071.5   1580.4   1599.1   1980.4 2022 12  8 11 47 33.570  0.0   1
      289  27.270386  102.655160    25.749   -23803.6    34550.7    14103.8   2246.5   2043.1   2428.2 2022 12  8 11 48 29.140  0.0   1
      291  26.862537  102.930632    16.012     3516.9   -10639.9     4366.9   1497.5   1471.1   1943.2 2022 12  8 15 40 48.130  0.0   1
      292  27.018618  102.833162    11.035    -6160.1     6654.2     -610.1   1962.3   1588.1   1926.9 2022 12  8 15 42 25.850  0.0   1
      293  26.986544  102.936165     7.595     4064.9     3100.4    -4050.0   2213.2   1660.1   2207.5 2022 12  8 15 44 29.920  0.0   1
      294  26.899524  102.995199     9.499     9929.2    -6541.7    -2146.3   1629.5   1703.4   2115.4 2022 12  8 16  6 31.640  0.0   1
      295  26.977887  102.942399    13.041     4684.1     2141.2     1396.0   2214.0   1608.5   1864.4 2022 12  8 17  3 51.920  0.0   1
      296  26.945308  102.906209     9.780     1090.9    -1468.7    -1865.3   1966.8   1701.7   2280.7 2022 12  8 17  8 25.440  0.0   1
      297  26.977045  102.932381    13.315     3689.3     2047.7     1669.6   1669.5   1794.9   1875.1 2022 12  8 17 27 33.540  0.0   1
      298  26.986847  102.596134     8.256   -29693.4     3133.9    -3389.8   1369.6   1200.3   1952.9 2022 12  8 18  0  1.720  0.0   1
      299  26.980231  102.889771     6.079     -541.6     2400.8    -5566.9   2330.9   1986.2   2149.0 2022 12  8 19 10 37.400  0.0   1
      300  27.029728  102.688127    14.903   -20556.7     7885.2     3258.0   2037.7   1827.2   1338.7 2022 12  8 19 15 52.580  0.0   1
      301  26.920616  102.868945     6.907    -2609.9    -4204.7    -4738.8   3638.5   1842.7   1913.4 2022 12  8 19 47  3.900  0.0   1
      302  27.066620  102.595272     7.332   -29768.6    11973.0    -4313.6   1761.2   2832.3   2995.2 2022 12  8 19 55  6.340  0.0   1
      303  27.186932  103.124032    12.653    22696.1    25303.9     1008.0   1483.2   1695.2   1935.2 2022 12  8 21 45 51.980  0.0   1
      304  26.657587  103.009017    16.148    11314.0   -33349.1     4502.1   1341.4   1341.7   1868.7 2022 12  8 22  9 17.000  0.0   1
      305  26.390533  102.993050     8.753     9737.3   -62939.2    -2892.7   1677.4   1041.3   2354.4 2022 12  9  1 32 59.460  0.0   1
      306  26.956551  102.867847    13.390    -2718.3     -223.0     1744.6   2099.5   1970.2   1911.3 2022 12  9  1 44 46.830  0.0   1
      307  26.951326  102.855632    12.933    -3931.0     -801.9     1287.9   1619.9   1552.0   1627.3 2022 12  9  2 21  4.330  0.0   1
      308  27.066221  102.836686    16.770    -5809.7    11928.7     5124.6   2746.8   1954.6   2293.6 2022 12  9  3  7 42.560  0.0   1
      309  27.072668  102.760669    12.951   -13353.0    12643.1     1305.4   1517.2   1528.9   1765.7 2022 12  9  4 26 42.200  0.0   1
      310  27.023326  102.775024    16.975   -11931.6     7176.0     5329.2   1537.6   1281.4   1806.2 2022 12  9  4 54 40.440  0.0   1
      311  26.503481  103.063501    14.754    16741.8   -50424.3     3108.9   1832.1   1689.6   1841.6 2022 12  9  6  2 32.420  0.0   1
      312  26.977334  103.206803    11.389    30934.7     2079.7     -256.1   1893.9   1315.8   2799.8 2022 12  9  6 12 21.060  0.0   1
      313  26.584688  103.012329    14.600    11646.6   -41426.4     2954.7   1231.4   1335.5   1910.8 2022 12  9  6 27 37.880  0.0   1
      314  26.749715  103.012752     3.601    11680.1   -23140.9    -8044.7   3126.3   3962.7   4196.6 2022 12  9  7  1 15.700  0.0   1
      315  27.117114  102.864119     7.489    -3086.5    17568.0    -4156.2   1923.3   1609.3   3369.3 2022 12  9  7  5 32.620  0.0   1
      316  26.966223  102.762256     6.837   -13202.4      848.7    -4808.1   1661.5   1729.6   2172.3 2022 12  9  7 33 20.850  0.0   1
      317  26.884524  102.898877    11.547      362.8    -8203.7      -98.7   2308.6   3897.8   1664.6 2022 12  9  8 16 49.390  0.0   1
      318  26.916939  102.888411     9.066     -676.7    -4612.2    -2579.9   2650.2   3415.3   3345.5 2022 12  9  9 52 54.890  0.0   1
      319  27.032265  102.996151     5.263    10018.1     8166.4    -6382.4   3061.7   2375.2   4406.6 2022 12  9 10  3 58.080  0.0   1
      320  26.923301  102.807113     5.458    -8750.3    -3907.2    -6187.8   1208.3   1597.4   1982.1 2022 12  9 10 52 59.240  0.0   1
      321  26.860695  103.063509     4.103    16716.8   -10844.1    -7542.4   3639.6   2316.1   3711.8 2022 12  9 12 47 10.210  0.0   1
      322  27.067568  102.888631     4.446     -654.0    12078.0    -7199.2   1776.6   1583.2   2001.1 2022 12  9 13 30 41.560  0.0   1
      323  27.029667  102.923836     5.396     2840.4     7878.5    -6249.0   1907.9   1974.6   1874.6 2022 12  9 14 15 16.460  0.0   1
      324  27.082941  102.829517     3.523    -6520.9    13781.4    -8121.1   1505.1   1610.2   2396.5 2022 12  9 14 21 36.930  0.0   1
      325  27.128569  102.853955    12.166    -4094.2    18837.0      520.6   1823.6   2262.7   2152.4 2022 12  9 14 42 33.820  0.0   1
      326  27.127863  102.870785     9.379    -2424.7    18758.9    -2266.9   1373.7   1556.3   2632.3 2022 12  9 14 49 16.700  0.0   1
      327  26.951099  102.855273    12.904    -3966.9     -827.2     1258.3   1543.7   1483.5   1679.6 2022 12  9 15  6 51.720  0.0   1
      328  26.882880  102.909066     4.417     1375.1    -8385.9    -7228.0   1216.3   1284.0   2926.0 2022 12  9 15 41 15.900  0.0   1
      329  26.982707  102.765942     1.399   -12835.0     2675.3   -10246.9   2143.0   1988.6   6713.0 2022 12  9 16 16  3.700  0.0   1
      330  26.882753  102.911190    12.483     1586.0    -8399.9      837.9   3570.1   4597.4   1749.8 2022 12  9 16 23  8.160  0.0   1
      331  27.011833  102.720418    15.043   -17352.9     5902.5     3397.9   2146.9    927.4   1442.8 2022 12  9 18 41 57.680  0.0   1
      332  27.027934  102.847884     5.108    -4698.7     7686.4    -6537.8   1492.4   1742.6   2216.5 2022 12  9 18 58 48.920  0.0   1
      333  27.029820  102.771525    16.064   -12278.7     7895.5     4418.3   1453.8   1346.3   1759.5 2022 12  9 19  2 11.320  0.0   1
      334  27.021366  102.782503    14.551   -11188.7     6958.7     2905.6   1342.8   1478.2   1757.4 2022 12  9 19  2 24.300  0.0   1
      335  26.976270  102.636043     4.461   -25732.3     1962.0    -7184.0   1650.6   1096.0   1784.4 2022 12  9 19  4 23.340  0.0   1
      336  27.020404  102.840918     2.465    -5390.4     6852.2    -9180.8   1463.0   1653.8   2544.9 2022 12  9 19  8 33.920  0.0   1
      337  27.028188  102.780176    15.669   -11419.7     7714.6     4023.7   1672.8   1308.2   1834.5 2022 12  9 19  9 55.800  0.0   1
      338  27.024648  102.781673    14.774   -11271.2     7322.3     3128.3   1348.8   1373.2   1761.9 2022 12  9 19 11 23.800  0.0   1
      339  27.034485  102.776945    16.843   -11740.1     8412.4     5197.5   2376.4   1781.2   1798.4 2022 12  9 19 12  2.400  0.0   1
      340  27.026483  102.780957    16.209   -11342.5     7525.6     4563.6   1467.7   1321.8   1805.0 2022 12  9 19 12 49.200  0.0   1
      341  27.081822  102.803719    22.480    -9080.9    13657.3    10834.9   2243.5   2212.1   1918.8 2022 12  9 19 12 59.800  0.0   1
      342  27.026046  102.705103    17.550   -18871.9     7477.2     5904.1   2067.3    983.1   1452.8 2022 12  9 19 14 36.780  0.0   1
      343  27.021360  102.715861    16.910   -17804.2     6958.1     5264.4   2155.4    938.1   1469.5 2022 12  9 19 26 26.960  0.0   1
      344  27.006197  102.781803    11.231   -11259.5     5277.9     -414.1   1404.2   1437.1   1595.9 2022 12  9 19 38 27.680  0.0   1
      345  27.032088  102.795353    15.517    -9912.9     8146.9     3871.2   1597.6   1466.2   1834.3 2022 12  9 20  7 59.040  0.0   1
      346  27.033911  102.794214    15.664   -10026.4     8348.8     4019.0   1573.9   1475.4   1833.7 2022 12  9 20 38 46.120  0.0   1
      347  27.020711  102.716333    16.745   -17757.5     6886.3     5099.3   2159.3    920.9   1465.1 2022 12  9 20 38 57.460  0.0   1
      348  26.997272  102.599097     9.506   -29397.5     4289.1    -2139.9   1512.7   1322.6   1941.4 2022 12  9 20 41 29.180  0.0   1
      349  27.027500  102.764966    16.192   -12929.2     7638.4     4546.9   1547.5   1285.0   1781.4 2022 12  9 20 42 50.280  0.0   1
      350  27.020601  102.719596    16.416   -17433.4     6874.0     4770.6   2066.8    969.3   1712.2 2022 12  9 21 17 38.800  0.0   1
      351  27.010120  102.640763    15.388   -25260.0     5712.5     3742.8   2205.9   1205.6   1081.0 2022 12  9 21 19  4.820  0.0   1
      352  27.105888  102.705160     6.806   -18859.8    16324.0    -4839.7   1554.0   1611.4   1868.7 2022 12  9 21 25 27.200  0.0   1
      353  27.007096  102.930640    14.682     3515.6     5377.7     3036.3   2009.1   1944.5   1572.3 2022 12  9 21 52 18.340  0.0   1
      354  27.012905  102.780941    14.424   -11344.5     6021.1     2780.1   1566.0   1831.2   1631.5 2022 12  9 21 53 57.880  0.0   1
      355  27.019047  102.779663    14.814   -11471.0     6701.8     3168.4   1369.8   1402.1   1802.5 2022 12  9 22 16 43.960  0.0   1
      356  27.036450  102.787834    15.965   -10659.1     8630.1     4319.1   1519.0   1473.2   1832.3 2022 12  9 23  0 30.520  0.0   1
      357  27.033586  102.785889    16.235   -10852.8     8312.8     4589.3   1674.1   1540.2   1842.0 2022 12  9 23  2  0.840  0.0   1
      358  27.022245  102.783870    14.831   -11053.5     7056.1     3185.4   1391.9   1463.8   1744.6 2022 12  9 23  2 13.780  0.0   1
      359  27.026312  102.780225    15.361   -11415.2     7506.8     3715.5   1787.7   1369.1   1843.0 2022 12  9 23  3 21.900  0.0   1
      360  27.040161  102.852515     9.591    -4239.4     9041.3    -2054.6   1752.5   1782.8   2029.3 2022 12  9 23  4 41.580  0.0   1
      361  27.020331  102.783423    14.300   -11097.7     6844.1     2654.6   1460.3   1348.4   1509.6 2022 12  9 23  5 19.240  0.0   1
      362  27.018933  102.781462    14.202   -11292.9     6689.2     2556.1   1363.5   1325.8   1638.6 2022 12  9 23  9  8.280  0.0   1
      363  27.018880  102.782178    14.779   -11221.4     6683.3     3133.9   1547.3   1417.4   1716.5 2022 12  9 23 20 22.480  0.0   1
      364  26.725710  102.744718     5.417   -14959.1   -25800.8    -6228.2   1939.6   1905.6   1658.3 2022 12  9 23 26 19.160  0.0   1
      365  27.023802  102.768555    15.759   -12573.8     7228.5     4113.5   1555.3   1336.1   1726.4 2022 12  9 23 30 43.800  0.0   1
      366  27.005627  102.777026    12.827   -11733.3     5214.9     1181.9   1632.0   1390.8   1696.2 2022 12  9 23 32  8.740  0.0   1
      367  27.027995  102.782528    15.926   -11186.3     7693.2     4280.9   1295.3   1255.7   1793.5 2022 12  9 23 33 11.360  0.0   1
      368  27.024609  102.782788    15.165   -11160.5     7318.0     3519.2   1343.0   1354.0   1771.0 2022 12  9 23 33 38.580  0.0   1
      369  27.018050  102.785311    14.519   -10910.4     6591.2     2873.5   1449.9   1483.2   1757.7 2022 12  9 23 34 43.080  0.0   1
      370  27.028807  102.813590    13.641    -8102.8     7783.2     1995.5   1637.6   1262.9   1775.4 2022 12  9 23 38 56.520  0.0   1
      371  27.037917  102.779842    17.303   -11452.2     8792.6     5657.5   2318.1   1566.8   1798.1 2022 12  9 23 43 26.920  0.0   1
      372  27.011593  102.781934    13.137   -11246.3     5875.8     1491.4   1408.6   1390.5   1642.6 2022 12  9 23 56 51.960  0.0   1
      373  27.020424  102.783439    14.135   -11096.4     6854.5     2489.3   1745.1   1637.5   1657.2 2022 12  9 23 58  5.880  0.0   1
      374  27.052405  102.804647    16.533    -8989.6    10397.9     4887.1   1702.5   1632.6   1937.8 2022 12  9 23 59 10.960  0.0   1
      375  27.024583  102.696883    18.730   -19687.6     7315.1     7084.3   2098.3   1118.5   1465.8 2022 12 10  0  4 35.350  0.0   1
      376  27.007009  102.781608    12.621   -11278.6     5367.8      975.5   1448.4   1498.2   1864.6 2022 12 10  0  5 47.270  0.0   1
      377  27.033547  102.790283    16.040   -10416.1     8308.4     4394.9   1588.9   1494.7   1841.5 2022 12 10  0  7 50.470  0.0   1
      378  27.031584  102.786182    16.702   -10823.1     8090.9     5056.9   1427.8   1345.7   1837.4 2022 12 10  0 16  7.980  0.0   1
      379  27.033134  102.793726    16.946   -10074.8     8262.7     5300.4   1458.0   1403.6   1877.9 2022 12 10  0 16 55.370  0.0   1
      380  27.024797  102.790487    14.671   -10396.7     7338.7     3025.7   1376.3   1198.7   1673.2 2022 12 10  0 17 36.370  0.0   1
      381  27.006734  102.781779    12.467   -11261.9     5337.5      821.4   1251.0   1254.6   1630.3 2022 12 10  0 18 52.750  0.0   1
      382  26.921252  102.904810     8.029      952.3    -4134.0    -3616.7   2130.3   1620.1   1743.0 2022 12 10  0 19 43.700  0.0   1
      383  27.045923  102.791341    19.566   -10310.8     9679.6     7920.9   2017.9   1473.8   1756.2 2022 12 10  0 20  1.370  0.0   1
      384  27.025149  102.784546    14.810   -10986.4     7377.7     3164.2   1498.1   1500.3   1813.8 2022 12 10  0 20 34.620  0.0   1
      385  27.032302  102.791333    15.687   -10312.3     8170.4     4041.7   1396.8   1505.9   1812.6 2022 12 10  0 23 45.650  0.0   1
      386  27.029799  102.771379    16.842   -12293.2     7893.3     5196.7   1504.2   1249.6   1792.1 2022 12 10  0 23 58.970  0.0   1
      387  27.029144  102.838818     9.551    -5599.0     7820.5    -2094.0   1532.8   1368.6   1836.8 2022 12 10  0 24 40.970  0.0   1
      388  27.011149  102.778369    16.456   -11599.9     5826.7     4810.4   2299.6   1741.9   1673.3 2022 12 10  0 25  4.370  0.0   1
      389  27.011633  102.780908    13.692   -11348.0     5880.3     2046.3   1355.7   1419.8   1654.3 2022 12 10  0 30  7.610  0.0   1
      391  27.034932  102.775342    18.291   -11899.1     8461.9     6645.5   1637.6   1391.9   1839.5 2022 12 10  0 36 34.050  0.0   1
      392  27.040562  102.786865    16.643   -10754.9     9085.6     4997.4   1943.0   1765.8   1893.5 2022 12 10  0 50  4.960  0.0   1
      393  27.024797  102.698706    17.220   -19506.8     7338.9     5574.3   2121.5   1253.7   1507.2 2022 12 10  0 52 34.380  0.0   1
      394  27.032345  102.776701    16.392   -11764.2     8175.2     4746.7   1402.4   1397.9   1810.5 2022 12 10  0 57 35.320  0.0   1
      395  27.035136  102.778996    17.692   -11536.1     8484.4     6046.2   1549.4   1359.8   1823.3 2022 12 10  1 10 53.820  0.0   1
      396  26.980168  102.654582     5.941   -23891.1     2393.8    -5704.1   2794.1   2257.9   3858.9 2022 12 10  2 52 25.770  0.0   1
      397  27.017763  102.781689    16.756   -11269.8     6559.5     5110.5   1495.2   1338.0   1839.1 2022 12 10  2 55 21.750  0.0   1
      398  26.988086  102.790479     5.390   -10398.8     3271.1    -6255.9   1817.5   2553.5   4903.2 2022 12 10  3 27 43.070  0.0   1
      399  27.073625  102.872396    20.726    -2265.3    12749.2     9080.6   2193.1   1888.0   2161.8 2022 12 10  3 37 57.940  0.0   1
      400  27.028477  102.775146    15.801   -11918.9     7746.6     4155.9   1448.0   1335.7   1806.2 2022 12 10  3 53 43.570  0.0   1
      401  27.006767  102.777523    12.999   -11683.8     5341.1     1353.9   1392.1   1333.7   1622.2 2022 12 10  4  2 58.150  0.0   1
      402  27.116815  102.879704     7.543    -1539.7    17534.8    -4102.2   1468.6   1558.8   1890.5 2022 12 10  4 15 33.600  0.0   1
      403  27.008022  102.780754    13.752   -11363.7     5480.1     2106.1   1333.1   1324.4   1535.2 2022 12 10  4 28 38.310  0.0   1
      404  27.004185  102.777954    12.802   -11641.2     5055.1     1156.6   1267.6   1257.9   1692.3 2022 12 10  4 28 50.300  0.0   1
      405  26.983885  102.770809     7.443   -12352.1     2805.8    -4202.5   1517.3   1520.2   2659.9 2022 12 10  4 29 51.090  0.0   1
      406  27.011536  102.776204    14.970   -11814.5     5869.5     3324.3   1525.3   1618.5   1515.7 2022 12 10  4 30 13.770  0.0   1
      407  27.005686  102.779419    13.265   -11496.0     5221.4     1619.8   1331.0   1296.1   1662.1 2022 12 10  4 30 38.900  0.0   1
      408  27.023598  102.790015    16.831   -10443.1     7206.1     5185.7   1479.2   1335.2   1840.8 2022 12 10  4 31 10.420  0.0   1
      409  27.019775  102.778776    16.205   -11558.9     6782.4     4559.2   1511.6   1342.4   1833.6 2022 12 10  4 31 26.200  0.0   1
      410  27.035421  102.775887    17.126   -11845.1     8516.1     5480.9   1532.9   1457.0   1857.6 2022 12 10  4 31 54.400  0.0   1
      411  27.034241  102.780762    16.149   -11361.1     8385.2     4503.7   1575.0   1452.2   1803.5 2022 12 10  4 33 42.300  0.0   1
      412  27.029500  102.787809    15.592   -10662.1     7860.0     3946.7   1527.0   1435.9   1870.2 2022 12 10  4 38  2.810  0.0   1
      413  27.041109  102.789022    17.049   -10540.7     9146.4     5404.0   1393.8   2535.7   1547.4 2022 12 10  4 39 51.300  0.0   1
      414  27.039618  102.783846    16.582   -11054.6     8981.1     4936.2   1250.8   2475.7   1572.8 2022 12 10  4 40 12.230  0.0   1
      415  27.032104  102.790324    14.420   -10412.2     8148.6     2774.7   1355.5   2271.7   1544.3 2022 12 10  4 41  0.660  0.0   1
      416  27.024384  102.780664    16.282   -11371.7     7293.0     4636.8   1380.2   1283.6   1811.2 2022 12 10  4 41 58.060  0.0   1
      417  27.000800  102.779053    12.514   -11532.3     4680.0      868.8   1492.8   1365.1   1733.6 2022 12 10  4 42  6.970  0.0   1
      418  27.042424  102.778524    16.554   -11583.0     9291.9     4908.9   1360.0   2590.9   1558.5 2022 12 10  4 44 29.340  0.0   1
      419  27.147827  102.789917     2.857   -10447.1    20970.9    -8788.6   3034.3   3257.1   6031.4 2022 12 10  4 49 33.420  0.0   1
      420  27.040824  102.784505    15.309   -10989.8     9114.9     3663.4   1372.6   2294.5   1504.7 2022 12 10  4 50 50.090  0.0   1
      421  27.014535  102.775667    14.974   -11868.2     6201.9     3328.2   1576.6   1547.9   1775.6 2022 12 10  5  0 58.380  0.0   1
      422  27.025444  102.781608    16.552   -11277.9     7410.4     4906.8   1588.8   1263.5   1813.6 2022 12 10  5  3 24.840  0.0   1
      423  27.008789  102.780257    14.171   -11412.3     5565.1     2525.5   1420.1   1428.4   1622.6 2022 12 10  5  3 45.760  0.0   1
      424  27.024192  102.785417    16.582   -10899.3     7271.9     4936.9   1392.5   1294.5   1838.6 2022 12 10  5  6 32.710  0.0   1
      425  27.025641  102.782300    16.827   -11208.7     7432.4     5181.6   1347.2   1239.6   1824.2 2022 12 10  5 20 22.910  0.0   1
      426  27.028674  102.768522    16.666   -12576.6     7768.4     5021.0   1516.2   1367.4   1778.6 2022 12 10  5 22 51.970  0.0   1
      427  27.013570  102.820402     9.333    -7427.3     6095.0    -2312.8   1594.4   1363.8   1837.5 2022 12 10  5 23  0.400  0.0   1
      428  27.076764  102.764526    11.556   -12970.6    13097.0      -89.3   1358.0   1144.9   1843.9 2022 12 10  5 28 21.710  0.0   1
      429  27.032701  102.789502    15.615   -10493.9     8214.5     3969.7   1690.3   1500.1   1854.6 2022 12 10  5 31  0.520  0.0   1
      430  27.200478  102.923958     5.624     2849.9    26804.9    -6021.2   2951.3   1771.9   1971.3 2022 12 10  5 36 37.350  0.0   1
      431  27.006307  102.777979    11.630   -11639.0     5290.1      -15.4   1349.3   1291.1   1590.6 2022 12 10  5 37 15.300  0.0   1
      432  27.002962  102.783944    11.217   -11047.0     4919.5     -428.8   1231.1   1182.0   1769.5 2022 12 10  5 38  3.740  0.0   1
      433  26.950891  102.935653     8.035     4014.8     -850.2    -3610.4   2093.4   1799.2   2292.5 2022 12 10  5 42 52.490  0.0   1
      434  27.002403  102.778662    11.785   -11571.1     4857.6      139.8   1349.5   1395.9   1977.7 2022 12 10  5 56 48.760  0.0   1
      435  26.926145  102.808577     3.217    -8604.3    -3592.0    -8428.6   2622.8   2377.4   3336.9 2022 12 10  5 57 34.310  0.0   1
      436  27.026402  102.784684    17.978   -10972.1     7516.7     6333.0   1516.5   1582.8   1955.2 2022 12 10  6  4 39.510  0.0   1
      437  27.026003  102.787760    14.876   -10666.6     7472.5     3230.6   1473.0   1507.0   1933.4 2022 12 10  6  7 15.240  0.0   1
      438  27.030467  102.769157    16.797   -12513.2     7967.0     5151.5   1505.8   1303.0   1785.2 2022 12 10  6  9  5.320  0.0   1
      439  27.001809  102.777563    11.999   -11680.3     4791.6      354.0   1640.1   1398.9   1767.1 2022 12 10  6 12 39.370  0.0   1
      440  27.028784  102.779956    17.121   -11441.7     7780.6     5475.2   1579.6   1488.4   1863.5 2022 12 10  6 55  7.290  0.0   1
      441  26.855361  102.942350     7.356     4681.1   -11435.1    -4289.7   1714.8   1467.7   2251.9 2022 12 10  7 33  3.360  0.0   1
      442  27.006960  102.780884    12.182   -11350.4     5362.5      536.4   1611.8   1498.0   1807.6 2022 12 10  9  5 49.640  0.0   1
      443  27.005861  102.785636    11.707   -10878.4     5240.8       62.0   1378.0   1242.1   1819.8 2022 12 10  9  6 14.380  0.0   1
      444  27.007650  102.781510    13.431   -11288.6     5439.0     1785.7   1254.8   1230.0   1530.4 2022 12 10  9  8 47.580  0.0   1
      445  27.011755  102.849170     3.633    -4571.6     5893.8    -8012.7   1766.7   2108.1   2404.3 2022 12 10  9 12 50.040  0.0   1
      446  27.005278  102.780729    12.165   -11366.2     5176.1      519.6   1254.0   1251.8   1638.9 2022 12 10  9 15 10.840  0.0   1
      447  27.023299  102.712516    17.413   -18136.2     7172.9     5767.8   2143.0    961.1   1466.8 2022 12 10  9 16 23.050  0.0   1
      448  27.022628  102.780558    15.905   -11382.0     7098.5     4259.6   1440.3   1314.8   1803.4 2022 12 10  9 18 22.630  0.0   1
      449  27.025564  102.698226    18.127   -19554.5     7423.8     6481.8   2108.4   1051.2   1463.1 2022 12 10  9 38 48.070  0.0   1
      451  26.980200  102.910767    11.210     1543.4     2397.3     -435.6   1511.9   1585.7   1932.7 2022 12 10  9 58 51.640  0.0   1
      452  27.026090  102.784562    16.233   -10984.4     7482.2     4587.7   1457.5   1443.7   1863.9 2022 12 10 10 41  1.630  0.0   1
      453  27.014042  102.792952     8.036   -10151.7     6147.3    -3609.7   1368.5   1474.2   1630.6 2022 12 10 10 56 21.860  0.0   1
      454  27.158164  102.892415    13.412     -278.7    22116.4     1766.4   1692.3   1487.4   1510.3 2022 12 10 11  1 31.030  0.0   1
      455  27.012939  102.777979    14.513   -11638.2     6025.0     2867.6   1433.0   1578.6   1515.1 2022 12 10 12 14 41.000  0.0   1
      456  27.005265  102.774479    12.681   -11986.1     5174.8     1035.2   1551.4   1412.8   1686.1 2022 12 10 12 16 58.220  0.0   1
      457  27.009318  102.729663    15.410   -16434.7     5623.7     3764.4   2244.8    942.7   1492.8 2022 12 10 12 17 34.930  0.0   1
      458  27.040818  102.783545    17.001   -11084.6     9114.0     5355.2   1486.1   1565.8   1852.7 2022 12 10 13 59 46.040  0.0   1
      459  27.005141  102.928092    15.070     3263.3     5160.9     3424.9   2164.4   1935.2   2008.2 2022 12 10 15 39  4.860  0.0   1
      460  26.948232  102.894368    16.819      -85.2    -1144.8     5174.0   3687.5   2448.2   2327.3 2022 12 10 16 20 15.290  0.0   1
      461  27.029169  102.788997    15.421   -10544.2     7823.4     3776.1   1494.6   1451.3   1784.7 2022 12 10 16 26 13.240  0.0   1
      462  27.026514  102.785132    15.127   -10927.5     7529.1     3481.9   1415.0   1421.9   1818.9 2022 12 10 16 34 51.830  0.0   1
      463  26.957646  102.840853     8.686    -5398.8     -101.6    -2959.5   2409.5   2182.6   2561.1 2022 12 10 17 21 50.360  0.0   1
      464  26.985435  102.957650     7.616     6197.6     2977.5    -4029.1   1975.2   1497.8   1904.4 2022 12 10 17 57 47.520  0.0   1
      465  26.550305  103.061475    14.166    16536.8   -45236.2     2520.4   1450.2   1430.5   1779.0 2022 12 10 19  9 46.200  0.0   1
      466  26.933718  102.798674     9.064    -9587.9    -2753.0    -2581.7   1348.6   1367.8   1581.7 2022 12 10 20 30 22.320  0.0   1
      467  26.847034  102.958716    13.918     6307.3   -12357.7     2272.4   1360.0   1266.4   1698.4 2022 12 10 21 18 33.060  0.0   1
      468  26.848531  102.957861    13.980     6222.3   -12191.9     2334.4   1400.7   1419.3   1725.3 2022 12 10 21 21 10.640  0.0   1
      469  26.990702  102.963647     8.812     6793.0     3561.0    -2833.7   1939.8   1423.4   2017.3 2022 12 10 22 12 13.640  0.0   1
      470  27.034399  102.802271    16.071    -9226.6     8402.8     4425.8   2157.0   1677.0   1980.9 2022 12 10 23 30 21.280  0.0   1
      471  26.860447  103.160701    10.008    26370.9   -10871.4    -1637.2   1786.5   1403.0   1666.1 2022 12 11  0 52 35.340  0.0   1
      472  26.986912  103.138704     7.622    24172.9     3141.1    -4023.7   1577.3   1346.6   2316.1 2022 12 11  3 53  4.230  0.0   1
      473  26.849872  102.987142    15.508     9131.4   -12043.2     3862.6   1924.0   1226.1   1567.2 2022 12 11  4 18 28.800  0.0   1
      474  27.011497  102.785368    12.085   -10905.2     5865.1      439.6   1338.6   1287.7   1720.8 2022 12 11  5  7 57.090  0.0   1
      475  27.027144  102.797070    13.676    -9742.7     7599.1     2030.4   1879.8   2509.2   1480.7 2022 12 11  5 16 51.490  0.0   1
      476  27.275606  102.932576     6.526     3703.8    35129.3    -5119.1   1844.3   2582.6   2014.3 2022 12 11  5 46 27.900  0.0   1
      477  26.986949  102.550334     8.238   -34239.9     3145.2    -3407.5   2021.6   4074.4   4093.2 2022 12 11  7  4 11.820  0.0   1
      478  27.025861  102.877327    14.697    -1776.2     7456.8     3051.6   1693.5   1529.6   1967.7 2022 12 11  7  7 41.140  0.0   1
      479  27.038118  102.894491    14.800      -72.9     8815.0     3154.6   2210.2   1720.7   2057.5 2022 12 11  7 25 41.140  0.0   1
      480  27.068390  102.884204     5.786    -1093.6    12169.0    -5859.4   1759.2   1570.9   2007.5 2022 12 11  8 39 41.810  0.0   1
      481  26.819747  102.609701    19.138   -28367.5   -15381.2     7492.6   1613.1   1609.8   1743.4 2022 12 11  8 52 14.100  0.0   1
      482  26.670589  102.861344     6.578    -3368.2   -31908.3    -5067.8   1852.4   2275.8   3821.6 2022 12 11  8 55  4.240  0.0   1
      483  27.043174  102.887533    16.628     -763.1     9375.0     4982.9   1987.4   1630.1   2166.6 2022 12 11  9  5  1.600  0.0   1
      484  26.706533  102.834131    19.168    -6072.8   -27925.7     7522.4   1789.4   3024.1   1533.0 2022 12 11  9  8 16.010  0.0   1
      485  27.050230  102.733268    15.855   -16074.1    10156.9     4210.0   2913.9   3104.5   3430.5 2022 12 11  9 31 41.480  0.0   1
      486  27.110695  102.918896     7.756     2348.7    16856.7    -3889.2   1781.6   1614.9   2569.4 2022 12 11 10 20 22.670  0.0   1
      487  27.034961  102.784017    17.364   -11037.7     8465.1     5718.2   1410.2   1348.0   1839.2 2022 12 11 10 40 52.080  0.0   1
      488  27.118579  102.684814     8.839   -20877.3    17730.2    -2806.2   1933.4   1491.2   1960.3 2022 12 11 10 41 18.100  0.0   1
      489  27.063497  102.904639     5.529      934.5    11626.8    -6116.6   1972.4   1803.9   2307.3 2022 12 11 11 54 31.300  0.0   1
      490  26.429801  103.005591     8.857    10983.6   -58588.4    -2788.4   1722.1    980.5   1935.7 2022 12 11 12  6 48.020  0.0   1
      491  26.991313  102.631974    12.030   -26134.7     3628.8      384.4   1433.3   1275.4   1504.0 2022 12 11 13  7 36.000  0.0   1
      492  27.029175  102.705452    17.996   -18836.4     7824.0     6350.8   2214.2   1036.5   1499.2 2022 12 11 14 21 29.090  0.0   1
      493  27.030947  102.790080    16.754   -10436.4     8020.3     5108.6   2269.1   1554.4   1850.8 2022 12 11 14 31 44.990  0.0   1
      494  26.662699  103.239046     0.584    34183.2   -32782.6   -11060.5   2546.6   2596.2   3988.5 2022 12 11 14 37 22.110  0.0   1
      496  27.031600  102.776489    16.205   -11785.4     8092.6     4559.1   1659.4   1381.0   1762.9 2022 12 11 17 45 11.080  0.0   1
      497  26.896136  102.916772    14.543     2139.9    -6917.1     2897.4   1576.7   1370.3   1929.4 2022 12 11 17 55 29.840  0.0   1
      498  27.122508  102.937500     9.399     4194.4    18165.5    -2246.2   2018.0   1737.6   2963.0 2022 12 11 18  4 39.040  0.0   1
      499  27.027592  102.702669    15.802   -19113.0     7648.6     4156.9   2085.1   1326.3   1440.4 2022 12 11 18  5  0.880  0.0   1
      500  27.030308  102.781340    17.171   -11303.9     7949.5     5525.5   1702.5   1410.2   1772.7 2022 12 11 18 27 15.280  0.0   1
      501  26.988987  102.930111    13.943     3463.5     3371.1     2298.0   1746.5   1560.0   1879.4 2022 12 11 18 41 17.520  0.0   1
      502  26.883468  102.997347     7.681    10143.7    -8320.8    -3964.0   1723.2   1634.1   3296.4 2022 12 11 20 45 40.220  0.0   1
      503  27.066062  102.808455    12.115    -8610.9    11911.3      469.6   1549.0   1634.4   1934.6 2022 12 11 21 19 34.060  0.0   1
      504  27.034454  102.789836    11.059   -10460.5     8408.9     -586.6   1629.3   1743.6   1846.1 2022 12 11 21 20  0.320  0.0   1
      505  27.031226  102.794897    15.539    -9958.1     8051.3     3893.9   2003.0   1362.1   1874.0 2022 12 11 22 33 22.420  0.0   1
      506  27.070951  102.826204    11.955    -6849.9    12452.8      309.9   1698.9   1547.3   1858.0 2022 12 11 22 55  8.760  0.0   1
      507  27.017324  102.779264    14.203   -11510.9     6510.8     2557.9   1333.0   1422.7   1708.2 2022 12 11 23  0  6.580  0.0   1
      508  27.019863  102.780737    14.159   -11364.2     6792.2     2513.6   1358.9   1293.8   1647.2 2022 12 11 23  0 59.900  0.0   1
      509  27.057638  102.806063    10.584    -8849.0    10977.7    -1061.0   1369.7   1266.4   1804.1 2022 12 11 23 16 48.860  0.0   1
      510  27.024554  102.712020    17.641   -18185.2     7312.1     5995.3   2130.7    950.9   1465.5 2022 12 11 23 28 44.320  0.0   1
      511  27.035661  102.788949    17.454   -10548.4     8542.7     5808.3   1451.7   1477.7   1864.7 2022 12 11 23 29 59.760  0.0   1
      512  27.031818  102.790332    15.966   -10411.2     8116.7     4320.7   1538.9   1515.3   1852.2 2022 12 11 23 30 57.000  0.0   1
      513  27.006716  102.781136    12.856   -11325.8     5335.5     1210.3   1315.0   1279.3   1645.5 2022 12 11 23 31 50.440  0.0   1
      514  27.027989  102.770549    16.092   -12375.2     7692.5     4446.4   1505.2   1290.1   1805.9 2022 12 11 23 33  5.720  0.0   1
      515  27.037553  102.798364    16.698    -9613.6     8752.2     5052.1   1491.3   1487.0   1907.7 2022 12 11 23 33 36.960  0.0   1
      516  27.030983  102.784863    16.427   -10954.2     8024.3     4781.2   1446.8   1326.2   1821.3 2022 12 11 23 34 16.940  0.0   1
      517  27.030532  102.774837    17.018   -11949.7     7974.4     5372.7   1942.8   1613.3   1797.7 2022 12 11 23 36 53.560  0.0   1
      518  27.027926  102.775578    16.907   -11876.4     7685.6     5261.1   1397.0   1300.6   1816.4 2022 12 11 23 38 39.480  0.0   1
      519  27.018036  102.774455    15.535   -11988.5     6589.7     3889.9   1455.6   1421.3   1781.3 2022 12 11 23 38 49.480  0.0   1
      520  26.989425  102.606877     8.149   -28626.7     3419.6    -3496.9   1282.7   1182.6   1771.8 2022 12 11 23 40 31.280  0.0   1
      521  26.944157  102.878890    15.100    -1621.5    -1596.2     3455.0   3139.0   2290.6   1851.1 2022 12 11 23 43 25.960  0.0   1
      522  27.108577  102.728312     4.605   -16561.6    16621.9    -7040.1   1650.0   1418.0   1951.9 2022 12 11 23 52 17.580  0.0   1
      523  27.112227  102.931193    18.051     3569.4    17026.4     6406.0   2190.0   1745.4   2480.5 2022 12 12  0 58 37.420  0.0   1
      524  27.200576  103.214502     9.745    31668.3    26815.6    -1900.3   1253.7   1474.0   2284.2 2022 12 12  1  6  8.760  0.0   1
      525  27.007117  103.476123     6.762    57666.3     5379.8    -4883.5   1766.6   1809.4   2676.7 2022 12 12  2 54 53.290  0.0   1
      526  26.996100  102.787606    15.328   -10683.8     4159.2     3682.1   1357.4   1671.5   3774.3 2022 12 12  3 25 55.480  0.0   1
      527  27.089789  102.975667     2.461     7982.7    14540.2    -9184.4   1988.4   1395.9   3480.7 2022 12 12  3 44 31.290  0.0   1
      528  27.027002  102.803467     6.909    -9107.5     7583.3    -4736.4   1457.3   1662.8   2626.3 2022 12 12  3 45 16.600  0.0   1
      529  27.080092  103.200537     7.783    30298.8    13465.7    -3862.3   1422.0   1350.9   3237.2 2022 12 12  3 53 20.830  0.0   1
      530  27.006301  102.738037    11.886   -15603.7     5289.5      240.9   1678.5   1847.3   2487.5 2022 12 12  4  8 19.230  0.0   1
      531  27.018351  102.796883    12.483    -9761.6     6624.7      838.0   1493.6   2327.6   1597.9 2022 12 12  4  9 53.810  0.0   1
      532  27.028398  102.735083    15.242   -15895.6     7737.7     3597.0   1872.2   1398.7   1676.1 2022 12 12  4 11  8.620  0.0   1
      533  27.030035  102.735531    15.443   -15851.5     7919.2     3797.1   1975.5   1551.7   1706.9 2022 12 12  4 16 56.180  0.0   1
      534  26.981069  103.128809     4.658    23190.9     2493.7    -6987.9   1430.1   1279.7   2048.0 2022 12 12  4 48 23.710  0.0   1
      535  27.028337  102.889526    12.390     -565.5     7731.1      744.6   1936.6   1534.0   1983.5 2022 12 12  5 27  6.270  0.0   1
      536  26.874752  102.545833     3.358   -34703.9    -9286.5    -8287.3   1644.6   2162.4   5675.8 2022 12 12  6 39 34.470  0.0   1
      537  27.080406  103.210376    10.816    31275.6    13500.6     -829.2   1428.2   1406.4   4569.3 2022 12 12  6 56 44.000  0.0   1
      538  27.206571  102.934440     4.015     3889.5    27480.0    -7630.7   4987.2   3216.5   5386.8 2022 12 12  7  7  2.790  0.0   1
      539  27.045180  102.840942    10.978    -5387.2     9597.5     -667.6   1513.3   1240.8   1770.5 2022 12 12  7 53  5.060  0.0   1
      540  27.191872  103.174333    10.921    27684.6    25851.2     -724.4   1912.2   1468.8   2420.9 2022 12 12  8 30 31.080  0.0   1
      541  27.193115  103.186328     7.359    28874.5    25988.9    -4286.4   1546.5   1479.8   2916.9 2022 12 12  8 32 43.590  0.0   1
      542  27.191327  103.190194     3.918    29258.4    25790.8    -7727.3   1514.8   1434.3   2243.6 2022 12 12  8 37 37.480  0.0   1
      543  27.009143  102.776294    12.400   -11806.1     5604.5      754.3   1454.0   1312.7   1677.6 2022 12 12  9 25 20.530  0.0   1
      544  27.007229  102.772974    12.884   -12135.5     5392.3     1238.5   1469.2   1269.5   1683.0 2022 12 12  9 28  7.950  0.0   1
      545  27.039101  102.768840    16.389   -12544.5     8923.8     4743.8   1411.0   2437.4   1641.0 2022 12 12  9 28 26.050  0.0   1
      546  27.189480  103.179069     7.420    28154.9    25586.2    -4225.5   1338.6   1522.2   2366.3 2022 12 12  9 34  7.930  0.0   1
      547  26.956510  102.783830     5.430   -11060.4     -227.3    -6215.4   1423.9   1164.1   3089.5 2022 12 12 10 32 56.010  0.0   1
      548  27.013210  102.865169    13.852    -2983.0     6054.9     2206.3   1400.6   1654.7   1818.3 2022 12 12 11 18 55.920  0.0   1
      549  26.952419  103.117310     7.743    22051.8     -680.9    -3902.4   1654.5   1295.7   1948.1 2022 12 12 11 26  8.870  0.0   1
      550  27.181057  103.172070     6.391    27461.5    24652.8    -5254.4   1318.0   1417.9   2694.9 2022 12 12 11 39 38.960  0.0   1
      551  27.193667  103.179655    12.772    28212.2    26050.1     1126.6   1481.1   1484.9   2545.5 2022 12 12 11 40  5.790  0.0   1
      552  27.191243  103.181006     7.471    28346.7    25781.7    -4174.0   1228.3   1377.7   1842.3 2022 12 12 15  9 38.520  0.0   1
      553  26.342104  102.951823     3.459     5635.4   -68305.4    -8186.2   1871.2    983.6   1765.0 2022 12 12 15 35 40.260  0.0   1
      555  27.080672  102.755404    10.683   -13875.3    13530.1     -962.3   1533.0   1473.6   1931.8 2022 12 12 18 25 44.040  0.0   1
      556  26.399640  102.679924    21.749   -21429.6   -61930.2    10103.7   4657.8   3424.7   4438.2 2022 12 12 18 56 44.560  0.0   1
      557  27.087590  102.895581    13.321       35.5    14296.6     1675.4   1827.4   1585.0   1861.0 2022 12 12 19  9 31.000  0.0   1
      558  26.849868  102.939673     2.240     4415.4   -12043.8    -9405.5   1415.6   2187.8   5838.4 2022 12 12 19 42  8.500  0.0   1
      559  26.937646  102.856486    11.521    -3846.3    -2317.7     -124.3   1461.4   1305.2   1921.3 2022 12 12 20  1 37.000  0.0   1
      560  26.946631  102.859269     3.199    -3570.3    -1322.2    -8446.0   1346.3   1830.7   2059.7 2022 12 12 20 20 33.280  0.0   1
      561  27.214740  102.762964     6.317   -13117.1    28385.1    -5328.2   1997.1   1819.6   3233.0 2022 12 12 20 31 26.000  0.0   1
      562  27.107631  102.794417    18.538   -10002.6    16517.1     6892.3   2279.8   2127.8   2058.3 2022 12 12 20 41  2.240  0.0   1
      563  27.030444  102.779378    11.124   -11498.8     7964.7     -521.9   1604.6   1402.6   1967.1 2022 12 12 21 23 14.880  0.0   1
      564  26.450362  102.733577    18.809   -16085.5   -56310.0     7163.2   2525.2   2555.0   2949.4 2022 12 12 21 28 29.020  0.0   1
      565  27.057892  102.778304    16.950   -11603.6    11006.0     5304.5   1554.0   2217.6   1469.6 2022 12 12 21 32 46.480  0.0   1
      566  26.945042  102.759806     6.479   -13446.2    -1498.2    -5166.4   1707.8   1883.4   2221.4 2022 12 12 21 42 14.480  0.0   1
      567  27.188904  103.039884     4.722    14348.9    25522.4    -6923.9   3817.1   2954.6   5071.0 2022 12 12 22  2 28.960  0.0   1
      568  27.024512  102.846444     3.901    -4841.6     7307.2    -7744.0   3140.1   2201.2   4932.7 2022 12 12 22 23  9.920  0.0   1
      569  26.450846  102.735189    19.618   -15925.4   -56256.5     7972.2   2523.9   2520.3   2785.4 2022 12 12 22 45 53.600  0.0   1
      570  27.006333  103.165780    11.493    26858.4     5293.1     -152.3   1333.5   1292.4   1646.0 2022 12 13  2  3 30.090  0.0   1
      571  27.031881  102.797217    15.393    -9727.7     8123.8     3747.1   1589.3   1475.0   1829.4 2022 12 13  2 49 47.460  0.0   1
      575  27.011098  102.775342    12.985   -11900.2     5820.9     1339.5   1577.9   1472.3   1934.9 2022 12 13  3 44 31.160  0.0   1
      576  27.004795  102.784668    12.782   -10975.3     5122.7     1136.2   1358.2   1218.6   1845.5 2022 12 13  4 32 32.150  0.0   1
      577  27.026373  102.784391    16.674   -11001.3     7513.6     5028.3   1470.9   1305.4   1836.7 2022 12 13  4 36 38.660  0.0   1
      579  26.960193  102.932682    14.009     3719.4      180.5     2363.6   1678.9   1811.7   2003.2 2022 12 13  6 52 58.180  0.0   1
      580  27.125279  102.865544     7.715    -2945.1    18472.6    -3930.0   1175.3   1331.3   3321.6 2022 12 13  7  5 23.840  0.0   1
      581  26.705066  102.678459     5.221   -21546.8   -28088.2    -6424.9   1422.0   1814.2   3053.3 2022 12 13  8 18 40.940  0.0   1
      582  26.983757  102.915161    10.779     1979.5     2791.4     -866.5   1660.1   1758.1   1915.5 2022 12 13  8 20  1.380  0.0   1
      583  26.986788  102.721875    18.714   -17209.7     3127.4     7068.3   2372.8   1148.6   1533.6 2022 12 13  8 25 37.840  0.0   1
      584  26.646486  103.015934    17.381    12001.8   -34579.0     5735.7   1560.0   1840.2   1844.1 2022 12 13  8 30  5.480  0.0   1
      585  27.186031  103.178939     4.993    28142.7    25204.1    -6652.0   1191.1   1383.7   1817.8 2022 12 13  8 32  6.510  0.0   1
      586  27.049087  102.858740    20.205    -3621.1    10030.3     8559.7   2251.0   1566.1   1463.7 2022 12 13  9 30 41.550  0.0   1
      587  27.121556  102.868929     6.690    -2608.9    18060.0    -4955.2   1706.3   1654.6   2567.4 2022 12 13 13  9 49.880  0.0   1
      588  27.069554  102.736296     8.241   -15772.3    12298.0    -3404.1   1518.2   1517.4   1653.2 2022 12 13 15  5  6.060  0.0   1
      589  27.000653  102.822087    16.836    -7260.8     4663.8     5191.0   1854.9   1386.3   1906.8 2022 12 13 15 28  8.810  0.0   1
      590  26.977384  102.639787     4.513   -25360.5     2085.5    -7132.0   1690.2   1160.1   1844.5 2022 12 13 15 35 26.610  0.0   1
      591  27.049654  102.784937    14.228   -10946.3    10093.1     2583.0   2240.0   1861.8   2106.1 2022 12 13 16 14 18.240  0.0   1
      592  27.109174  103.150382     5.911    25318.2    16688.0    -5734.1   1334.2   1296.5   1962.9 2022 12 13 16 18 10.850  0.0   1
      593  27.010710  102.719564    16.402   -17437.7     5778.0     4756.9   2174.8    962.7   1462.1 2022 12 13 16 34 49.030  0.0   1
      594  26.373702  102.984937     4.872     8930.6   -64804.2    -6773.4   1995.0   1169.3   2006.2 2022 12 13 18 14 35.240  0.0   1
      595  27.222091  103.083488     3.385    18671.5    29199.6    -8259.7   1787.3   1825.1   2167.2 2022 12 13 19 10  4.120  0.0   1
      596  27.036847  102.791561    17.906   -10289.4     8674.0     6260.9   1372.2   1352.0   1849.8 2022 12 13 19 49 56.100  0.0   1
      597  26.878925  102.952612    16.641     5700.1    -8824.2     4995.7   1390.2   1448.4   1775.3 2022 12 13 20  2 58.240  0.0   1
      598  27.122253  103.241471    14.337    34354.7    18137.4     2691.6   1607.0   1513.0   1825.9 2022 12 13 20  4  6.960  0.0   1
      599  27.028178  102.796509     9.392    -9798.9     7713.6    -2253.6   1368.0   1383.6   1694.1 2022 12 13 21 16 37.660  0.0   1
      600  27.118488  102.891414    13.791     -377.7    17720.1     2146.0   1637.8   1538.4   1996.5 2022 12 13 21 51 49.020  0.0   1
      602  27.058260  102.864388     5.686    -3060.2    11046.6    -5959.8   1509.4   1264.4   2386.3 2022 12 13 22 11  1.000  0.0   1
      603  27.111568  102.897355    10.503      211.2    16953.3    -1142.9   1303.9   1265.4   1731.1 2022 12 13 22 21 21.120  0.0   1
      604  27.248606  102.908944     2.871     1360.5    32137.6    -8774.6   2512.7   2433.8   2544.4 2022 12 13 23 40 41.440  0.0   1
      605  27.160417  102.862313     3.641    -3264.8    22365.9    -8004.7   1592.2   1539.0   3963.6 2022 12 13 23 58  4.480  0.0   1
      606  26.991390  102.819238     0.669    -7543.1     3637.2   -10976.7   2179.7   1721.5   2532.1 2022 12 14  0 10 40.510  0.0   1
      607  26.932493  102.851172     2.055    -4374.1    -2888.7    -9589.3   1899.2   2011.4   2928.2 2022 12 14  2  5 52.150  0.0   1
      608  27.166850  102.674471     4.024   -21898.8    23078.7    -7621.7   2716.8   2059.2   2394.6 2022 12 14  3  4 20.650  0.0   1
      609  26.710533  103.052702     1.811    15653.6   -27482.6    -9834.2   1447.2   2422.2   2745.0 2022 12 14  4 49 43.120  0.0   1
      610  27.048527  102.769922    16.741   -12436.2     9968.3     5095.1   1343.6   2286.0   1488.2 2022 12 14  5  3 22.110  0.0   1
      611  26.944649  102.917847    11.088     2246.6    -1541.7     -557.3   1646.8   1523.4   2059.4 2022 12 14  5 11 33.280  0.0   1
      612  26.958995  102.929565    15.322     3409.9       47.7     3676.8   1927.5   1564.2   1965.5 2022 12 14  5 11 45.030  0.0   1
      613  27.163165  102.858472     5.214    -3646.0    22670.5    -6431.2   1717.8   1678.6   3499.3 2022 12 14  5 46 58.300  0.0   1
      614  27.059987  102.870410     5.059    -2462.2    11238.1    -6586.4   1649.7   1440.8   1866.0 2022 12 14  5 56  3.100  0.0   1
      615  26.938413  102.850081     2.752    -4482.2    -2232.6    -8893.7   1301.4   1317.6   2006.7 2022 12 14  6  2  3.860  0.0   1
      616  27.040957  102.870133    18.530    -2490.1     9129.5     6884.6   1680.4   1586.8   2049.3 2022 12 14  6 21 50.690  0.0   1
      617  27.157247  102.865332     0.880    -2965.4    22014.7   -10765.0   1631.9   1646.6   4009.5 2022 12 14  7 14 39.920  0.0   1
      618  26.978206  102.828890    24.255    -6585.6     2176.4    12609.7   3213.8   2626.8   2007.2 2022 12 14  8 21 11.680  0.0   1
      619  26.947803  102.919922    11.822     2452.5    -1192.3      176.8   1448.6   1472.5   1746.4 2022 12 14  9  0 27.610  0.0   1
      620  27.140847  102.864600    15.200    -3038.4    20197.5     3554.2   1833.4   1630.5   1899.2 2022 12 14  9  2 36.970  0.0   1
      621  27.190279  103.177433     7.203    27992.6    25674.7    -4442.1   1246.8   1371.7   1528.9 2022 12 14  9 46 49.350  0.0   1
      622  26.938320  102.858569     4.694    -3640.0    -2243.0    -6951.5   1381.3   1710.0   1442.7 2022 12 14  9 50  9.980  0.0   1
      623  27.005920  102.901603     9.435      633.6     5247.2    -2210.9   2441.9   1789.9   2403.1 2022 12 14 12  9 49.100  0.0   1
      624  26.906095  102.934530    11.181     3903.4    -5813.6     -464.9   1401.0   1322.2   1858.5 2022 12 14 12 21 32.550  0.0   1
      625  26.887270  102.980160     3.249     8435.9    -7899.5    -8396.6   1787.1   1873.5   3248.5 2022 12 14 13 26 32.250  0.0   1
      626  27.051493  102.905086     1.424      978.8    10297.0   -10221.6   1886.1   1666.1   2688.7 2022 12 14 13 42 34.530  0.0   1
      627  27.015143  102.814412    15.959    -8021.9     6269.2     4313.8   2292.7   3874.4   1436.3 2022 12 14 14  9 55.190  0.0   1
      628  27.132788  103.235775     7.131    33787.9    19304.5    -4514.9   1362.5   1425.1   3128.7 2022 12 14 14 26 40.570  0.0   1
      629  27.122180  102.885986    18.161     -916.4    18129.3     6515.5   2594.2   1952.4   2116.1 2022 12 14 14 36 11.000  0.0   1
      630  27.114268  102.890283     7.362     -490.5    17252.5    -4283.1   1331.7   1367.1   2036.5 2022 12 14 14 37 23.930  0.0   1
      631  26.997375  102.933862    14.057     3836.2     4300.5     2411.6   1754.9   1566.9   1921.8 2022 12 14 16 23 53.450  0.0   1
      632  27.001717  102.932422    14.315     3693.1     4781.6     2669.2   1906.7   1657.9   1948.6 2022 12 14 16 24 11.180  0.0   1
      633  26.996997  102.931266    14.617     3578.0     4258.5     2971.9   1941.7   1935.0   1598.6 2022 12 14 16 24 44.600  0.0   1
      634  26.998743  102.932145    14.348     3665.8     4451.9     2702.7   1837.9   1865.2   1912.7 2022 12 14 16 27 20.430  0.0   1
      635  26.988031  102.934481    13.654     3897.4     3265.0     2008.2   1616.9   1485.3   1977.3 2022 12 14 16 27 48.520  0.0   1
      636  26.968064  102.927743    12.449     3228.8     1052.8      803.3   2008.1   2051.6   1817.4 2022 12 14 16 30 45.260  0.0   1
      637  26.998543  102.933260    14.191     3775.7     4430.0     2545.4   2018.7   1683.3   1930.9 2022 12 14 16 32  0.050  0.0   1
      638  27.163324  102.856925     3.343    -3798.8    22688.1    -8302.4   1770.4   1724.3   3374.7 2022 12 14 16 38 29.110  0.0   1
      639  27.239026  102.832707     0.118    -6200.0    31076.1   -11527.7   1907.0   2136.4   3118.4 2022 12 14 17 46 16.560  0.0   1
      640  27.173580  102.849951     9.722    -4491.3    23824.5    -1923.2   1626.3   1570.7   1982.0 2022 12 14 18 24  8.560  0.0   1
      642  27.066919  102.778849     4.744   -11549.0    12006.0    -6901.4   1432.6   1342.8   1978.1 2022 12 14 18 38 49.780  0.0   1
      643  26.976066  102.920687    12.015     2528.4     1939.5      369.1   2238.2   1787.8   2208.3 2022 12 14 18 47  2.640  0.0   1
      644  26.992544  102.927124    13.979     3167.4     3765.1     2333.3   1942.4   1543.6   1924.5 2022 12 14 19  3  1.420  0.0   1
      645  27.106925  102.899032     5.920      377.7    16439.0    -5725.9   1607.3   1680.8   2950.3 2022 12 14 19  9 20.920  0.0   1
      646  26.981504  102.920809    12.299     2540.3     2541.9      653.5   1488.9   1477.9   1794.9 2022 12 14 19 15 28.000  0.0   1
      647  27.104498  102.902393    14.682      711.2    16169.9     3036.1   1586.1   1567.2   2135.4 2022 12 14 20 52 22.860  0.0   1
      648  27.049418  102.803019    12.023    -9151.5    10067.1      377.6   1506.5   1418.6   1725.2 2022 12 14 21  7 38.040  0.0   1
      649  27.162205  102.832829    15.442    -6189.6    22564.1     3796.2   2015.5   2053.6   2775.1 2022 12 14 21 48 24.440  0.0   1
      650  27.167625  102.864193     1.673    -3078.5    23164.5    -9972.0    960.2   1208.0   3367.8 2022 12 14 22 14 27.520  0.0   1
      652  26.927047  102.735433    22.978   -15868.1    -3492.1    11332.2   2429.8   2465.8   2262.4 2022 12 14 22 27  4.760  0.0   1
      653  27.163116  102.859326     5.073    -3561.3    22665.0    -6572.7   1687.0   1655.7   2281.7 2022 12 14 22 27 47.200  0.0   1
      654  27.161867  102.858553     2.389    -3637.8    22526.6    -9256.6   1624.6   1559.6   3524.5 2022 12 14 22 30 22.560  0.0   1
      655  27.160581  102.860742     4.478    -3420.2    22384.3    -7167.9   1547.9   1517.8   4188.2 2022 12 14 22 31  5.520  0.0   1
      656  26.965352  102.884359    15.167    -1078.6      752.3     3521.5   2092.2   1854.5   2109.9 2022 12 14 22 43  4.480  0.0   1
      657  27.033628  102.765324    16.455   -12893.2     8317.5     4809.2   1763.9   1334.9   1772.6 2022 12 14 22 55 57.520  0.0   1
      658  27.035551  102.778638    16.288   -11571.8     8530.5     4642.2   1369.9   1393.7   1841.7 2022 12 14 22 58 13.260  0.0   1
      659  27.062577  102.790438    13.530   -10399.6    11525.0     1884.5   1442.3   1405.6   1798.0 2022 12 14 23 45 14.860  0.0   1
      660  27.132074  102.878564     4.227    -1652.5    19225.5    -7418.0   1266.1   1368.8   2186.4 2022 12 14 23 58 52.440  0.0   1
      661  26.913633  102.952889     5.203     5727.0    -4978.3    -6441.9   1281.9   1375.8   3080.0 2022 12 15  0 42 45.760  0.0   1
      662  27.143791  102.875838    15.168    -1923.0    20523.6     3522.8   2098.5   1811.3   2034.3 2022 12 15  2 46 40.180  0.0   1
      663  27.019076  102.832495    10.873    -6226.9     6704.9     -772.9   1610.6   1293.1   1761.9 2022 12 15  3 10 19.750  0.0   1
      664  27.074280  102.811629    19.636    -8296.1    12821.8     7990.6   2455.2   1990.0   2108.2 2022 12 15  3 38 58.080  0.0   1
      665  27.015914  102.776302     8.672   -11804.5     6354.7    -2973.1   1646.7   1490.3   1793.7 2022 12 15  4  3  3.420  0.0   1
      666  27.179032  102.851139    13.235    -4373.0    24428.6     1589.1   1590.6   1655.1   2146.3 2022 12 15  4 25 56.760  0.0   1
      667  26.906447  102.814860     5.929    -7981.1    -5774.5    -5716.4   1397.3   1974.4   2533.8 2022 12 15  5 23 25.580  0.0   1
      669  26.883988  102.949154    13.237     5356.6    -8263.1     1591.8   1352.8   1374.4   1790.7 2022 12 15  6  7 48.680  0.0   1
      670  27.112811  102.869759    18.923    -2526.5    17091.0     7277.4   1486.5   1383.6   5291.6 2022 12 15  7 18 43.830  0.0   1
      671  26.900382  102.937142     5.307     4163.1    -6446.7    -6338.7   1276.0   1256.9   2698.2 2022 12 15  7 23 14.080  0.0   1
      672  27.224902  102.838045     5.163    -5670.2    29511.2    -6482.3   1501.6   1918.2   2570.1 2022 12 15  8 37 25.160  0.0   1
      675  26.938090  102.878573    13.531    -1653.8    -2268.6     1885.5   2649.0   2132.0   2846.6 2022 12 15  9 18 39.600  0.0   1
      676  27.050486  102.864811    19.277    -3018.6    10185.4     7631.1   2156.8   2285.4   2089.1 2022 12 15 10  4 45.000  0.0   1
      677  27.099579  102.975960    19.617     8011.2    15624.9     7972.0   2582.6   1769.3   1920.6 2022 12 15 10 30 33.140  0.0   1
      678  27.117619  102.868555    13.804    -2646.0    17623.9     2158.7   1723.7   1594.8   1659.9 2022 12 15 10 50  3.820  0.0   1
      679  27.200203  102.837077    14.405    -5767.6    26774.3     2759.8   1652.0   1705.9   2101.7 2022 12 15 11  5 22.640  0.0   1
      680  27.052582  103.099626     5.221    20287.5    10417.4    -6424.2   1293.0   1315.5   3546.8 2022 12 15 14 19 30.610  0.0   1
      681  27.029451  102.779093    17.075   -11527.3     7854.7     5429.1   1415.0   1289.7   1844.2 2022 12 15 14 38 21.900  0.0   1
      682  27.187455  103.161361     3.620    26398.7    25361.9    -8025.6   2190.1   1881.9   3245.0 2022 12 15 16 15 39.480  0.0   1
      683  26.880198  102.972526    13.609     7678.0    -8683.1     1963.6   2054.4   1301.4   1813.4 2022 12 15 16 24  6.400  0.0   1
      684  26.879582  102.978052    12.969     8226.9    -8751.3     1323.7   1592.2   1055.6   1752.1 2022 12 15 16 28 57.190  0.0   1
      685  27.269255  102.620801    10.269   -27210.7    34425.5    -1376.0   1876.9   1920.7   3626.3 2022 12 15 17 18 36.780  0.0   1
      686  27.184214  103.183781     5.289    28622.6    25002.8    -6356.2   1251.5   1406.9   2345.0 2022 12 15 17 34 37.800  0.0   1
      687  26.956427  102.921134    14.325     2573.1     -236.7     2679.8   1916.3   1857.8   2008.9 2022 12 15 19 12 48.340  0.0   1
      688  26.369122  103.088574     7.019    19247.8   -65311.8    -4626.3   2979.4   1745.9   3760.6 2022 12 15 19 26 37.620  0.0   1
      689  27.043374  102.799788    11.190    -9472.5     9397.2     -455.6   1385.4   1219.4   1687.5 2022 12 15 19 29 55.500  0.0   1
      690  26.951815  102.784440    24.342   -11000.3     -747.7    12696.2   1704.6   1951.5   1590.9 2022 12 15 20  9 20.940  0.0   1
      692  27.222760  103.151782     3.494    25444.5    29273.8    -8151.0   2617.4   2305.8   2759.4 2022 12 15 21 10 56.280  0.0   1
      693  27.027531  102.949910     5.596     5428.5     7641.9    -6049.6   2040.0   2042.5   1884.1 2022 12 15 21 28 35.600  0.0   1
      694  27.049084  102.801595    12.908    -9292.8    10030.0     1262.7   1656.8   1514.4   1778.4 2022 12 15 21 35  2.660  0.0   1
      695  26.845844  103.123519    21.933    22678.8   -12489.6    10288.0   2035.7   3024.1   1510.4 2022 12 15 21 46 58.760  0.0   1
      696  27.046124  102.797599    12.199    -9689.5     9701.9      553.2   1705.6   1729.5   1935.7 2022 12 15 22 10  7.780  0.0   1
      697  27.131512  102.898796    10.365      354.2    19163.2    -1280.5   3467.7   2176.2   2739.5 2022 12 15 22 10 44.960  0.0   1
      698  27.061633  102.709587     5.954   -18424.0    11420.5    -5691.5   2181.2   1955.0   1820.3 2022 12 15 22 24 45.200  0.0   1
      699  27.136037  102.873267    13.181    -2178.1    19664.5     1535.9   1909.5   1604.0   2206.6 2022 12 15 23 13 14.360  0.0   1
      700  27.108974  102.843254    10.750    -5156.8    16665.9     -895.7   2061.8   2156.8   2016.5 2022 12 15 23 14  7.840  0.0   1
      701  27.102976  102.764136     7.104   -13007.9    16001.5    -4541.6   2418.2   1480.6   2087.8 2022 12 15 23 25 51.800  0.0   1
      702  27.131643  102.870549     5.463    -2447.8    19177.8    -6182.6   1889.3   1642.5   2606.7 2022 12 16  1 48  3.300  0.0   1
      703  27.019965  102.734985    13.581   -15906.0     6803.5     1935.9   1985.1   1415.1   1600.0 2022 12 16  2 21  1.150  0.0   1
      704  27.117385  102.868221    12.244    -2679.6    17597.9      598.4   1718.2   1470.4   1826.2 2022 12 16  3 18 18.880  0.0   1
      705  27.187665  103.178052     6.752    28054.3    25385.1    -4893.2   1201.4   1347.6   1813.9 2022 12 16  3 33 35.730  0.0   1
      706  27.184432  103.175277     5.897    27779.2    25027.0    -5748.1   1644.0   1445.3   2463.3 2022 12 16  3 47 52.680  0.0   1
      707  27.036296  102.865975    17.941    -2903.5     8612.9     6295.1   1673.7   1621.7   2123.2 2022 12 16  5  3  3.080  0.0   1
      708  27.058486  102.701709    10.610   -19205.5    11071.7    -1035.4   1669.8   1263.2   1562.7 2022 12 16  5 20 18.380  0.0   1
      709  27.115078  102.824194    13.605    -7047.8    17342.2     1959.3   2288.1   1775.4   2485.4 2022 12 16  6 36 25.050  0.0   1
      710  27.023789  102.921541     4.053     2612.3     7227.3    -7592.8   1491.8   1418.5   1586.3 2022 12 16  6 52 12.230  0.0   1
      711  27.003215  102.771777    12.253   -12254.8     4947.5      608.0   1645.0   1199.7   1634.8 2022 12 16  7 25 30.400  0.0   1
      712  27.006148  102.770199    13.220   -12411.2     5272.6     1574.3   1711.3   1344.5   1747.2 2022 12 16  7 26 20.540  0.0   1
      713  26.953455  102.888631    12.378     -654.3     -566.0      732.2   2904.3   2760.8   2220.0 2022 12 16  9 33 37.540  0.0   1
      714  27.046468  102.871159    12.737    -2388.4     9740.2     1091.1   1954.0   1634.6   1907.6 2022 12 16 13 37  8.300  0.0   1
      715  27.048537  103.443050    11.781    54373.2     9969.3      135.8   1769.0   1926.9   1958.2 2022 12 16 14 50 30.080  0.0   1
      717  27.117700  102.801595    20.755    -9289.6    17632.9     9109.8   2626.7   1768.8   1916.6 2022 12 16 17 30 29.580  0.0   1
      718  27.028831  102.695386    18.310   -19836.2     7785.8     6664.2   2106.6   1047.3   1467.6 2022 12 16 17 48 35.160  0.0   1
      719  26.894832  102.973128    11.974     7737.8    -7061.6      328.3   1845.0   1222.6   1834.7 2022 12 16 18 17  7.520  0.0   1
      720  27.088603  102.812207     6.649    -8237.9    14408.8    -4996.9   1406.6   1709.2   2121.9 2022 12 16 18 47  8.320  0.0   1
      721  27.141284  102.846281     4.630    -4855.9    20246.0    -7014.1   1770.4   1537.2   2969.8 2022 12 16 18 48 45.040  0.0   1
      722  26.994098  102.811963    15.709    -8265.8     3937.4     4063.9   1546.9   1381.6   1821.0 2022 12 16 19 28  8.280  0.0   1
      723  26.444887  103.032829    12.843    13693.9   -56916.8     1197.2   2138.5   2128.1   2542.9 2022 12 16 20  2 25.280  0.0   1
      724  27.028088  102.885742     3.891     -940.9     7703.7    -7754.8   1857.8   1552.5   1705.1 2022 12 16 20 37 59.600  0.0   1
      725  27.115981  102.867505     7.334    -2750.3    17442.3    -4311.4   1134.4   1326.6   1848.0 2022 12 16 21  5 18.660  0.0   1
      726  27.053125  103.444702     4.625    54536.2    10477.8    -7020.8   1788.4   1859.6   4586.0 2022 12 16 21 22  1.280  0.0   1
      727  27.008020  102.911393     3.316     1605.4     5480.0    -8329.2   1359.0   1197.7   1604.0 2022 12 16 22 21 31.480  0.0   1
      728  26.811326  102.955461    16.851     5985.3   -16314.3     5205.8   1579.7   1325.8   1655.2 2022 12 16 23 10 18.880  0.0   1
      729  26.980823  103.134334    11.746    23739.6     2466.4      100.1   1857.5   1417.7   2084.2 2022 12 16 23 39 11.520  0.0   1
      730  26.871625  103.024951     8.561    12886.0    -9633.0    -3084.8   2464.0   1437.0   2550.3 2022 12 17  2 18 34.930  0.0   1
      731  27.319674  103.251579     5.810    35326.8    40012.0    -5835.0   1602.3   2104.0   2291.2 2022 12 17  2 23  4.350  0.0   1
      732  27.202275  103.214079    15.613    31625.9    27003.8     3967.6   1278.2   1486.1   5977.7 2022 12 17  2 40 28.320  0.0   1
      733  27.118079  103.115283     1.947    21834.8    17674.8    -9698.1   1498.7   1909.9   2615.1 2022 12 17  3 48 17.280  0.0   1
      734  27.021442  102.907161     3.705     1185.0     6967.2    -7939.9   1855.7   1531.7   2522.6 2022 12 17  3 59 50.830  0.0   1
      735  26.989207  102.803475    16.218    -9108.3     3395.3     4572.4   1597.6   1292.1   1819.0 2022 12 17  4 12 50.630  0.0   1
      736  27.047729  102.879508    17.566    -1559.6     9880.0     5920.1   2185.5   1593.1   2219.4 2022 12 17  6 29 39.100  0.0   1
      737  26.824851  102.627271    20.430   -26621.2   -14815.7     8784.9   2299.9   1853.0   1680.5 2022 12 17  9  2  0.730  0.0   1
      738  27.242704  103.171224     5.088    27370.3    31483.5    -6557.6   1430.4   2065.2   2757.6 2022 12 17  9 50 34.270  0.0   1
      739  26.934528  102.784082     5.041   -11036.6    -2663.2    -6604.9   1304.7   1561.9   2192.8 2022 12 17 10 46 19.200  0.0   1
      740  26.460520  103.028556    15.199    13267.8   -55184.5     3553.2   1740.1   1315.1   1879.5 2022 12 17 10 58 22.120  0.0   1
      741  26.999697  102.914185     3.065     1882.4     4557.7    -8580.6   1580.5   1810.4   1783.2 2022 12 17 11  8 58.400  0.0   1
      742  27.070445  102.856380     5.460    -3854.7    12396.7    -6185.1   1510.2   1291.3   2397.8 2022 12 17 12  6  3.820  0.0   1
      743  27.065690  102.855151     4.106    -3977.3    11869.9    -7538.6   1597.9   1346.9   2415.9 2022 12 17 12  7 16.890  0.0   1
      744  26.383883  103.032210    15.788    13635.5   -63676.2     4142.6   2466.7   1697.1   3137.6 2022 12 17 12 46 17.390  0.0   1
      745  27.120980  102.854395     7.255    -4051.3    17996.1    -4390.0   2465.2   1526.3   2783.9 2022 12 17 13 18 16.190  0.0   1
      746  27.044472  102.830615    10.454    -6412.4     9518.9    -1191.5   1592.6   1328.6   1807.4 2022 12 17 14  0  6.910  0.0   1
      747  27.313652  103.171753     1.317    27414.0    39344.8   -10328.2   1634.9   2161.7   2532.3 2022 12 17 14 27 51.510  0.0   1
      748  26.848761  102.953076    16.030     5746.9   -12166.4     4385.0   1331.9   1577.5   1706.5 2022 12 17 14 29 53.000  0.0   1
      749  27.019090  102.911060     5.388     1572.2     6706.6    -6257.0   1931.7   2245.9   1779.8 2022 12 17 14 35 49.080  0.0   1
      750  26.879557  102.801025     2.481    -9356.2    -8754.2    -9164.7   1985.9   2053.5   3788.8 2022 12 17 14 59  7.570  0.0   1
      752  27.045247  103.379622     4.570    48078.5     9604.9    -7075.8   1398.6   1638.5   2163.9 2022 12 17 16  6 59.820  0.0   1
      753  27.079561  102.867391     4.448    -2762.2    13407.0    -7197.8   1768.5   1757.6   1954.4 2022 12 17 16 39 55.380  0.0   1
      754  27.072957  102.861857     5.602    -3310.9    12675.2    -6043.4   1723.3   1420.7   2147.0 2022 12 17 17 13 13.440  0.0   1
      755  27.272028  102.710343     0.589   -18331.9    34732.7   -11056.8   1774.4   1941.3   4054.6 2022 12 17 18  6 18.760  0.0   1
      756  27.052751  103.032292     4.472    13604.2    10436.2    -7173.5   2365.8   1597.8   3508.3 2022 12 17 18 11 23.080  0.0   1
      757  26.852519  102.953182    17.609     5757.3   -11750.0     5963.7   1198.0   1337.4   1832.1 2022 12 17 19  6  8.960  0.0   1
      758  26.985134  102.943734    14.034     4815.8     2944.2     2388.3   2344.1   1586.4   1937.7 2022 12 17 19 13 42.560  0.0   1
      759  26.463739  103.015007    13.035    11919.4   -54827.9     1389.6   1455.0   1203.4   1712.1 2022 12 17 19 49 34.760  0.0   1
      760  26.850401  102.953849    15.108     5823.8   -11984.8     3462.2   1378.0   1329.1   1800.5 2022 12 17 19 55  3.760  0.0   1
      761  27.039345  102.924154     6.542     2871.4     8950.9    -5103.1   2222.3   1626.1   1688.8 2022 12 17 20 27 39.460  0.0   1
      762  27.280841  102.587679     6.904   -30492.9    35709.3    -4741.1   1635.0   1767.7   4346.6 2022 12 17 20 35 56.440  0.0   1
      763  27.188165  103.179256     3.679    28173.9    25440.5    -7966.6   1221.4   1296.7   2988.8 2022 12 17 20 47 35.440  0.0   1
      764  27.000069  102.793197    15.442   -10128.5     4599.1     3796.9   1374.0   1346.6   1702.6 2022 12 17 20 54 56.720  0.0   1
      765  27.199294  103.180664    13.219    28311.5    26673.7     1573.9   2020.2   1696.3   2665.2 2022 12 17 20 58 44.160  0.0   1
      766  26.568276  103.054826     7.045    15874.7   -43244.9    -4600.4   2619.1   2058.0   1714.7 2022 12 17 21 16 14.840  0.0   1
      767  27.098142  102.945540     5.156     4993.4    15465.9    -6489.8   2887.5   2244.1   3753.0 2022 12 17 21 40 10.800  0.0   1
      768  26.989746  102.981730    11.416     8588.0     3455.1     -229.1   3085.2   1868.9   1544.6 2022 12 17 21 56 39.240  0.0   1
      769  26.920579  102.784733    20.457   -10972.3    -4208.7     8811.3   1795.9   1342.4   1695.3 2022 12 17 22 49 46.400  0.0   1
      770  26.848484  102.951383    13.611     5578.9   -12197.0     1965.8   1573.9   1317.5   1800.7 2022 12 17 22 58 10.940  0.0   1
      771  27.007888  102.871680    10.483    -2337.4     5465.3    -1162.0   2485.3   1763.6   1724.7 2022 12 17 23 36  9.700  0.0   1
      772  27.017641  103.447209     7.033    54793.4     6545.9    -4612.7   2464.9   1744.0   5718.1 2022 12 17 23 44 45.380  0.0   1
      773  27.079694  103.197396     6.581    29986.9    13421.6    -5064.8   1732.6   1228.2   1961.2 2022 12 18  0 20 15.930  0.0   1
      774  26.985354  102.913029     6.115     1767.5     2968.5    -5530.8   1619.9   1825.8   2094.2 2022 12 18  3 44 55.500  0.0   1
      775  27.142745  103.202922     8.507    30527.3    20407.8    -3138.1   1137.5   1364.3   2414.9 2022 12 18  3 59 44.910  0.0   1
      776  27.066553  102.798315    19.733    -9617.3    11965.5     8087.1   2559.2   2043.8   1997.3 2022 12 18  4  6 13.140  0.0   1
      777  27.050836  103.435278     4.925    53601.5    10224.1    -6719.9   1399.2   1841.8   2114.8 2022 12 18  6  7  3.820  0.0   1
      778  26.950476  102.866659    17.157    -2836.1     -896.0     5512.0   2603.4   1750.5   2241.2 2022 12 18  6 45 11.690  0.0   1
      780  26.419061  103.298836     3.506    40169.9   -59778.3    -8139.7   3298.6   3486.2   5588.2 2022 12 18  7 51 56.810  0.0   1
      781  27.001347  102.702311    20.672   -19151.0     4740.7     9026.5   2203.9   1347.7   1359.9 2022 12 18  8 28 39.970  0.0   1
      782  27.051453  102.790535    17.037   -10390.1    10292.4     5391.8   1721.4   1786.2   2003.5 2022 12 18  9 43  0.600  0.0   1
      783  27.041976  102.901164    13.804      589.5     9242.3     2158.2   2050.1   1517.2   2196.1 2022 12 18 10  5 44.750  0.0   1
      784  27.037618  102.876294    16.899    -1879.2     8759.6     5253.8   1726.7   1537.6   1981.1 2022 12 18 10  6  9.490  0.0   1
      785  26.910107  103.178507    12.255    28133.6    -5369.0      609.1   2716.8   1381.3   2617.3 2022 12 18 12 29 20.590  0.0   1
      786  27.062134  102.804175    11.723    -9036.2    11476.0       77.3   1473.9   1291.9   1876.6 2022 12 18 12 39 26.540  0.0   1
      787  27.048531  102.799170     9.893    -9533.7     9968.7    -1752.3   1498.9   1602.9   1825.9 2022 12 18 14  7 37.830  0.0   1
      788  26.982951  102.941325    16.687     4577.4     2702.2     5041.6   2503.1   2072.6   2063.9 2022 12 18 17 42 16.520  0.0   1
      789  27.161525  102.860457     6.966    -3448.9    22488.9    -4679.0   1333.7   1449.5   2248.6 2022 12 18 18 36 36.440  0.0   1
      790  26.990375  102.762150     1.803   -13211.6     3524.9    -9842.2   1609.9   3214.7   3988.6 2022 12 18 19 16 54.080  0.0   1
      791  26.988395  102.902604    10.000      732.9     3305.5    -1645.3   2453.1   1539.3   2047.5 2022 12 18 19 33 34.720  0.0   1
      792  27.025049  102.799756    19.785    -9476.3     7366.9     8139.9   1756.0   1210.0   1836.3 2022 12 18 19 46 58.120  0.0   1
      793  26.842798  102.943644    14.801     4810.0   -12827.1     3155.9   1583.8   1493.8   1817.8 2022 12 18 20 18 16.100  0.0   1
      794  26.942328  102.941089    12.577     4554.8    -1799.0      931.7   2023.9   1471.6   1875.0 2022 12 18 21 57 25.000  0.0   1
      795  26.467977  103.008732    12.271    11294.3   -54358.4      625.4   1506.9   1274.4   1941.2 2022 12 18 21 59 55.460  0.0   1
      796  27.155290  102.844556    11.242    -5026.4    21797.9     -403.6   1334.4   1505.6   1937.9 2022 12 18 22 26 28.240  0.0   1
      797  26.884054  102.924756    10.993     2933.1    -8255.9     -652.9   2104.7   4047.4   1868.7 2022 12 18 22 47 39.820  0.0   1
      798  26.981909  102.923519    10.681     2809.3     2586.7     -964.1   1852.3   1736.5   1767.5 2022 12 18 22 52  5.700  0.0   1
      799  27.200834  102.826343     9.617    -6831.8    26844.2    -2028.1   1817.8   1816.2   1796.8 2022 12 18 23  2 46.080  0.0   1
      800  27.158980  102.846297    12.182    -4853.8    22206.8      536.1   1437.3   1434.4   1820.3 2022 12 19  0 17  5.840  0.0   1
      801  26.454885  103.019417     8.187    12358.4   -55809.0    -3458.7   1615.5   1283.6   2416.1 2022 12 19  1 43 26.930  0.0   1
      802  27.034725  102.792399     9.149   -10205.9     8438.9    -2496.1   1251.3   1253.2   1719.6 2022 12 19  1 51  8.910  0.0   1
      803  27.020935  102.932536     4.218     3704.1     6910.9    -7427.8   1555.2   1258.4   1545.3 2022 12 19  2 10 51.860  0.0   1
      804  27.065120  102.856779     5.332    -3815.4    11806.8    -6313.8   1470.1   1222.4   2292.8 2022 12 19  2 46 38.710  0.0   1
      805  27.054165  102.892700     6.800     -250.4    10592.9    -4845.1   3052.0   1347.7   1812.2 2022 12 19  3 11 34.080  0.0   1
      806  27.019600  102.805835     3.436    -8873.3     6763.0    -8209.1   2640.6   2596.1   5229.3 2022 12 19  3 39 30.040  0.0   1
      807  27.012789  102.786670    21.117   -10776.0     6008.4     9471.7   2144.1   1629.8   1717.4 2022 12 19  7  9  2.250  0.0   1
      808  27.185695  102.959806     6.241     6405.9    25166.9    -5404.2   2416.7   2512.4   3623.5 2022 12 19  7 15 58.900  0.0   1
      809  27.031596  102.864535    17.336    -3046.3     8092.1     5690.5   1665.7   1582.2   2058.2 2022 12 19  9 25 31.860  0.0   1
      810  26.958824  102.992985     2.061     9706.6       28.9    -9584.0   2373.2   1257.8   2749.6 2022 12 19  9 33 49.770  0.0   1
      811  26.619523  102.854891    10.031    -4010.8   -37566.5    -1614.5   1669.1   1797.7   3227.4 2022 12 19  9 42 56.410  0.0   1
      812  27.137270  102.872697    10.800    -2235.0    19801.3     -845.7   2282.4   1658.5   2350.4 2022 12 19 11 29 17.300  0.0   1
      813  27.228056  102.742407     6.918   -15155.3    29860.4    -4727.8   1529.7   1777.0   2823.9 2022 12 19 12  5 51.460  0.0   1
      815  26.391844  103.010669    14.365    11491.2   -62794.1     2719.3   1801.8   1450.9   1270.1 2022 12 19 15  7 46.600  0.0   1
      816  27.049268  102.803532     5.147    -9100.3    10050.4    -6498.8   1280.3   1566.2   2161.1 2022 12 19 15  9  4.590  0.0   1
      817  27.066412  102.853947     4.549    -4096.6    11950.0    -7096.9   1484.6   1280.1   1887.0 2022 12 19 15 48 10.130  0.0   1
      819  27.016364  102.621785     3.537   -27143.1     6404.3    -8108.1   1644.4   1700.3   3695.8 2022 12 19 17  2  9.960  0.0   1
      820  27.006942  102.962581     5.609     6686.4     5360.4    -6036.5   1671.0   1731.8   1735.1 2022 12 19 18 51 22.460  0.0   1
      821  26.290385  102.979997    15.078     8442.1   -74035.9     3432.8   2589.5   1440.9   1928.8 2022 12 19 19 31 24.600  0.0   1
      822  26.447306  103.005542    14.494    10978.5   -56648.7     2848.5   1848.9   1144.8   1411.1 2022 12 19 20 56 20.840  0.0   1
      823  27.446167  103.133219     1.813    23580.4    54027.8    -9832.3   2394.2   2130.8   3460.9 2022 12 19 20 58  7.320  0.0   1
      824  26.972290  102.955924    10.492     6026.5     1521.0    -1153.8   1906.8   1594.0   4235.4 2022 12 19 21  6 10.080  0.0   1
      825  26.453375  102.921167    13.187     2582.0   -55976.3     1542.0   1765.2   1643.8   2355.2 2022 12 19 21  8 59.440  0.0   1
      826  26.444419  102.921395    15.709     2604.8   -56968.5     4063.9   2174.3   1610.1   5555.0 2022 12 19 21 11 29.520  0.0   1
      827  26.466551  103.005143    11.297    10937.3   -54516.3     -348.9   1449.0   1211.2   2021.3 2022 12 19 21 15 58.560  0.0   1
      828  26.451937  102.920605    11.948     2525.8   -56135.5      302.2   1775.7   1521.8   2272.1 2022 12 19 21 19  3.160  0.0   1
      829  26.459851  102.917025    13.617     2169.1   -55258.7     1971.5   1800.9   1577.1   2447.1 2022 12 19 21 36 27.040  0.0   1
      830  26.538236  103.078792    15.723    18260.5   -46573.3     4077.5   1340.1   1416.6   1831.5 2022 12 19 21 38 53.000  0.0   1
      831  27.005813  102.925618    13.269     3017.3     5235.4     1623.1   1974.4   1736.5   2044.7 2022 12 19 21 59 52.200  0.0   1
      832  26.458205  103.009871    12.662    11408.4   -55441.1     1017.0   1909.2   1916.0   2793.6 2022 12 19 22 33 14.520  0.0   1
      833  26.464956  102.973438     3.447     7782.6   -54693.2    -8198.8   2047.5   2198.4   3436.8 2022 12 19 22 43  5.920  0.0   1
      834  26.481685  103.005705    10.614    10992.7   -52839.3    -1031.0   1500.3   1901.5   1911.1 2022 12 19 23 26 12.900  0.0   1
      835  26.475153  103.015731    12.232    11990.4   -53563.1      586.2   1518.6   1376.2   1861.3 2022 12 19 23 46 39.120  0.0   1
      836  26.956484  102.915894    10.521     2052.7     -230.4    -1124.7   1812.3   1523.5   1850.0 2022 12 20  1  1  7.230  0.0   1
      838  27.493508  103.088281     5.738    19124.0    59273.4    -5907.1   3738.6   3928.6   7224.2 2022 12 20  1 37 25.590  0.0   1
      839  26.880990  102.919425     6.442     2403.7    -8595.3    -5203.8   1580.5   1086.0   2690.5 2022 12 20  2 16 37.280  0.0   1
      840  27.136249  102.733927    23.329   -16003.0    19688.1    11683.2   3120.9   2620.8   2632.2 2022 12 20  3 30 28.010  0.0   1
      842  27.090507  102.926058    10.226     3059.7    14619.8    -1419.6   2053.5   2013.0   2880.5 2022 12 20  6 29 55.400  0.0   1
      843  27.027352  102.868522    15.836    -2650.4     7621.9     4191.0   1569.9   1469.1   2009.7 2022 12 20  7 38 56.440  0.0   1
      844  27.122630  102.792570     5.766   -10185.0    18179.1    -5879.1   2001.7   1647.9   2846.6 2022 12 20 11 12 59.900  0.0   1
      845  27.030882  102.731689    16.601   -16232.4     8013.1     4955.7   2243.3   1515.7   1654.9 2022 12 20 11 14 20.870  0.0   1
      846  26.853351  102.954997    16.089     5937.5   -11657.9     4443.4   1358.8   1387.4   1552.4 2022 12 20 11 31 58.840  0.0   1
      847  26.845876  102.952498    12.607     5690.2   -12486.0      961.6   1189.0   1182.4   2003.3 2022 12 20 11 52 52.630  0.0   1
      848  26.993962  102.598861     7.777   -29422.1     3922.2    -3868.6   1594.6   2592.3   3068.1 2022 12 20 14 22 14.640  0.0   1
      849  27.061839  103.102132     5.493    20534.7    11443.2    -6152.6   1841.7   1623.0   3851.1 2022 12 20 14 36 12.040  0.0   1
      850  27.112333  102.878418     9.383    -1667.4    17038.1    -2262.4   1440.2   1340.0   3748.9 2022 12 20 15 10 12.150  0.0   1
      851  26.607054  103.009993    17.010    11413.4   -38948.1     5364.3   1146.4   1467.6   1862.4 2022 12 20 15 50 21.030  0.0   1
      852  26.610311  103.010091    16.997    11422.9   -38587.3     5351.7   1389.4   1467.2   1767.7 2022 12 20 15 52 54.610  0.0   1
      853  27.060356  102.896297    14.782      107.0    11278.8     3136.3   2808.2   2229.1   1990.0 2022 12 20 16 43 28.870  0.0   1
      854  27.076959  102.804744    12.067    -8979.1    13118.7      421.1   1512.7   1730.4   1445.0 2022 12 20 17 22  9.400  0.0   1
      855  26.947239  102.938354    13.918     4282.7    -1254.8     2272.6   2546.4   1631.2   2197.3 2022 12 20 17 51 22.580  0.0   1
      856  26.938403  102.853581    11.620    -4135.3    -2233.9      -25.2   1572.6   1325.3   1761.2 2022 12 20 17 56 45.960  0.0   1
      857  27.019582  102.840951    12.290    -5387.4     6761.0      644.2   1423.5   1279.8   1719.6 2022 12 20 18  2 29.100  0.0   1
      858  27.017737  102.838615    12.264    -5618.9     6556.5      618.9   1395.8   1227.0   1728.8 2022 12 20 18  2 40.240  0.0   1
      859  26.456077  103.035571    11.368    13965.9   -55676.9     -277.9   1682.2   1759.5   1933.8 2022 12 20 19 25  7.680  0.0   1
      860  27.026434  102.841211    14.187    -5361.7     7520.2     2541.2   1687.1   1577.1   1899.2 2022 12 20 19 31  4.420  0.0   1
      861  27.194364  103.205729     5.439    30798.8    26127.3    -6206.4   1388.4   1716.3   2633.5 2022 12 20 19 58 57.680  0.0   1
      862  26.972154  102.922380     4.584     2696.6     1505.8    -7061.6   1597.8   1259.2   1876.6 2022 12 20 19 59 47.900  0.0   1
      863  26.961072  102.951123    14.273     5550.7      277.9     2627.8   2925.4   2035.9   2272.7 2022 12 20 20 27 42.440  0.0   1
      864  27.021889  102.843311    14.679    -5152.8     7016.7     3033.9   1553.7   1675.5   2065.5 2022 12 20 21  3 49.000  0.0   1
      865  26.596698  103.197664    19.657    30077.6   -40095.6     8011.8   1576.7   1996.6   2264.0 2022 12 20 21 29 44.080  0.0   1
      866  27.020351  102.843001    12.086    -5183.6     6846.2      440.1   1509.4   1340.1   1783.4 2022 12 20 21 31 40.580  0.0   1
      867  26.944468  102.856592    13.301    -3836.0    -1561.7     1655.3   1501.0   1516.9   1784.1 2022 12 20 22 10 47.760  0.0   1
      868  27.056346  102.891968     4.936     -322.8    10834.5    -6709.5   1662.2   1523.5   1796.6 2022 12 20 22 14 45.320  0.0   1
      869  27.222711  102.947900     4.699     5224.0    29268.3    -6946.3   1869.1   2559.6   2773.2 2022 12 20 22 34 58.740  0.0   1
      870  27.185032  103.189429     2.849    29182.9    25093.4    -8796.9   1611.4   1959.5   3103.9 2022 12 21  0 17 20.350  0.0   1
      871  27.017043  102.835661    12.360    -5912.2     6479.6      714.5   1393.8   1252.2   1734.1 2022 12 21  1  9 27.980  0.0   1
      872  26.665226  103.021167    25.197    12521.0   -32502.5    13551.2   2317.9   2132.8   2237.2 2022 12 21  1 13 19.780  0.0   1
      873  26.927844  102.987036     3.628     9117.7    -3403.7    -8017.0   2414.2   2719.8   2896.2 2022 12 21  1 16 55.260  0.0   1
      874  26.966479  102.793579     8.368   -10092.2      877.1    -3277.9   2257.1   1849.9   4385.8 2022 12 21  2 55 41.440  0.0   1
      875  27.064844  102.815112     4.891    -7950.8    11776.2    -6754.9   1764.9   1691.7   2449.6 2022 12 21  4 15 31.880  0.0   1
      876  27.154093  102.834375    22.904    -6036.6    21665.2    11258.6   3009.9   2730.5   2830.4 2022 12 21  4 38  7.010  0.0   1
      877  27.054545  102.861198    21.125    -3376.8    10635.0     9479.4   1948.5   1581.5   1942.4 2022 12 21  4 53  5.990  0.0   1
      878  27.103493  102.751400    11.612   -14271.3    16058.6      -33.0   2559.4   2489.9   2607.9 2022 12 21  6 58 45.220  0.0   1
      879  27.044570  102.809155    12.506    -8542.3     9529.7      860.4   1608.2   1521.7   1811.1 2022 12 21  9 45 14.110  0.0   1
      880  26.796729  102.956681    16.033     6106.4   -17931.8     4387.5   1205.7   1293.6   2015.2 2022 12 21 13 15 12.150  0.0   1
      881  26.796633  102.954338    16.214     5874.1   -17942.2     4568.3   1260.9   1446.3   1728.7 2022 12 21 13 21 13.140  0.0   1
      882  26.794920  102.959521    17.856     6389.3   -18132.2     6210.4   1690.4   1429.6   1821.8 2022 12 21 13 25 35.510  0.0   1
      883  26.798155  102.950773    14.599     5519.3   -17773.8     2953.2   1180.5   1323.4   1455.7 2022 12 21 13 29 20.800  0.0   1
      884  26.798246  102.952450    15.571     5686.3   -17763.6     3925.8   1135.7   1336.4   1574.9 2022 12 21 13 47 52.250  0.0   1
      885  27.005906  102.774910    12.726   -11943.5     5245.7     1080.9   1623.5   1343.5   1698.9 2022 12 21 14  9 17.820  0.0   1
      886  26.796753  102.957821    17.071     6220.1   -17929.0     5425.7   1347.4   1425.6   1701.3 2022 12 21 14 12 11.880  0.0   1
      887  27.023454  102.839233    12.487    -5557.3     7190.0      841.7   1467.6   1403.5   1762.2 2022 12 21 14 14  4.950  0.0   1
      888  26.791121  102.966406    18.942     7073.5   -18553.0     7296.2   1872.4   1556.6   1658.8 2022 12 21 14 15 16.770  0.0   1
      889  26.803499  102.950627    18.801     5504.6   -17181.6     7155.5   2935.1   2166.0   1950.8 2022 12 21 14 24 48.730  0.0   1
      890  26.797050  102.958236    17.045     6261.3   -17896.0     5399.1   1365.7   1483.8   1614.3 2022 12 21 14 25 16.190  0.0   1
      891  26.795721  102.955526    16.534     5992.1   -18043.3     4888.5   1309.4   1404.9   1745.1 2022 12 21 14 30  3.030  0.0   1
      892  26.796688  102.954696    16.078     5909.4   -17936.3     4432.6   1502.1   1775.5   1655.3 2022 12 21 15  1  1.780  0.0   1
      893  26.847705  102.958700    14.562     6305.6   -12283.3     2916.6   1239.1   1325.0   1680.9 2022 12 21 15 22 16.790  0.0   1
      894  26.856677  102.957292    18.074     6165.7   -11289.3     6428.9   1534.7   1698.6   1984.5 2022 12 21 15 23 18.130  0.0   1
      895  26.459420  102.932788     3.097     3738.1   -55306.5    -8548.1   1527.0   1883.7   2900.7 2022 12 21 16 11 55.420  0.0   1
      896  26.903455  102.936987    10.982     4147.5    -6106.2     -663.6   1483.1   1482.7   1699.2 2022 12 21 16 35 28.020  0.0   1
      897  26.770966  102.995394    14.517     9954.5   -20786.4     2871.5   1316.3   1640.6   1586.6 2022 12 21 17 17 11.440  0.0   1
      898  26.903784  102.939771    12.881     4424.0    -6069.7     1235.9   1521.9   1388.4   2128.7 2022 12 21 17 19 38.160  0.0   1
      899  26.793093  102.959766    16.918     6413.1   -18334.6     5272.9   1213.3   1434.0   1638.7 2022 12 21 17 40 58.400  0.0   1
      900  26.794155  102.956323    16.570     6071.4   -18216.8     4924.9   1462.2   1591.3   1837.8 2022 12 21 17 47 52.840  0.0   1
      901  27.061407  102.815430     3.630    -7919.0    11395.5    -8015.0   1471.8   1659.7   3059.9 2022 12 21 18  6 37.720  0.0   1
      902  26.856712  102.954932    17.834     5931.0   -11285.3     6188.5   1444.2   1637.4   1993.9 2022 12 21 18 14 41.160  0.0   1
      903  27.051107  102.818351    10.499    -7629.7    10254.1    -1146.4   1433.3   1326.8   1783.0 2022 12 21 18 40 57.200  0.0   1
      904  27.016795  102.819507    14.141    -7515.9     6452.1     2495.4   1396.9   2289.1   1540.2 2022 12 21 18 49 18.440  0.0   1
      905  27.123824  102.871623     8.745    -2341.5    18311.4    -2900.0   1569.4   1669.6   2491.2 2022 12 21 18 59 33.660  0.0   1
      906  27.112533  102.872363     6.553    -2268.6    17060.2    -5092.9   1464.3   1530.0   2185.9 2022 12 21 19  8 35.440  0.0   1
      907  26.945518  102.924813     4.648     2938.2    -1445.4    -6997.5   2039.3   1987.8   1738.9 2022 12 21 19 13 45.660  0.0   1
      908  27.003715  102.816398    17.329    -7824.9     5002.9     5683.8   1511.6   1351.3   1864.2 2022 12 21 19 23 39.440  0.0   1
      909  26.799668  102.955046    15.812     5943.8   -17606.1     4166.4   1247.9   1336.4   1724.0 2022 12 21 19 43 15.140  0.0   1
      910  26.800852  102.954264    15.712     5866.4   -17474.7     4066.2   1379.9   1557.6   1792.1 2022 12 21 19 56 13.080  0.0   1
      911  27.058162  102.790511    10.929   -10392.6    11035.9     -716.4   1384.2   1148.5   1752.1 2022 12 21 19 57  1.700  0.0   1
      912  26.801754  102.955485    15.708     5987.4   -17374.9     4062.9   1179.8   1309.1   1956.8 2022 12 21 20  3  3.820  0.0   1
      913  27.026487  102.948226     5.921     5261.0     7526.2    -5724.5   2343.0   2004.8   1890.6 2022 12 21 20 36  6.640  0.0   1
      914  27.040519  102.833667    11.598    -6109.7     9081.1      -47.6   1484.3   1225.4   1737.9 2022 12 21 21  7 38.840  0.0   1
      915  27.035524  102.730192    16.749   -16380.3     8527.6     5103.6   2114.1   1438.7   1699.8 2022 12 21 21 39 19.300  0.0   1
      916  27.343974  102.951676    25.769     5596.2    42704.6    14123.2   3387.3   2525.5   2050.6 2022 12 21 22 57 41.720  0.0   1
      917  26.787179  102.963851    18.643     6819.2   -18990.0     6997.8   1493.1   1538.7   1762.4 2022 12 21 23 40 50.560  0.0   1
      918  27.100675  102.841040     5.685    -5376.5    15746.5    -5960.6   2864.8   1600.8   2115.0 2022 12 21 23 51 43.880  0.0   1
      920  26.493553  102.940739    13.322     4528.7   -51524.5     1677.0   1652.5   1114.1   1699.2 2022 12 22  1  6 38.580  0.0   1
      921  26.898484  102.852368     4.235    -4255.9    -6656.8    -7410.4   1338.1   1440.3   2192.4 2022 12 22  1 15 42.390  0.0   1
      922  27.133374  102.857316     6.598    -3760.5    19369.6    -5047.6   1457.3   1476.6   2134.1 2022 12 22  1 35  5.030  0.0   1
      923  27.145740  102.833813    16.370    -6092.4    20739.7     4724.4   2237.4   2010.8   2304.9 2022 12 22  1 58 42.760  0.0   1
      924  27.009385  102.776375    13.063   -11797.9     5631.3     1417.2   1367.9   1438.3   1676.0 2022 12 22  2 25 56.830  0.0   1
      925  27.138759  102.831055     6.065    -6366.2    19966.2    -5580.8   1656.3   1531.3   3668.4 2022 12 22  3 26  3.960  0.0   1
      926  26.998206  102.699992    18.419   -19381.5     4392.5     6773.1   2157.5   1082.4   1382.7 2022 12 22  3 44 37.110  0.0   1
      927  26.435822  103.001530    10.355    10579.4   -57921.2    -1290.9   1828.6   1834.1   2864.0 2022 12 22  4 34  1.570  0.0   1
      928  27.040169  102.901839     8.414      656.3     9042.1    -3231.3   2587.6   1614.8   1544.0 2022 12 22  5  6  3.120  0.0   1
      929  27.027348  102.868799    16.286    -2622.6     7621.5     4640.5   1690.4   1445.1   1982.9 2022 12 22  5 54 43.160  0.0   1
      930  26.892495  102.550854     5.915   -34203.0    -7320.6    -5730.7   2388.5   2530.2   4220.5 2022 12 22  6  3 58.740  0.0   1
      931  26.817649  102.647852    25.714   -24577.3   -15613.7    14068.3   1886.0   1958.4   1929.9 2022 12 22  6 22 12.470  0.0   1
      932  27.006677  102.939176    15.572     4363.7     5331.3     3926.3   2189.8   1919.5   2069.1 2022 12 22  7 33 50.380  0.0   1
      933  26.516205  103.030355    16.425    13443.1   -49014.6     4779.1   1433.3   1396.8   1678.4 2022 12 22  8 43 23.460  0.0   1
      934  27.114410  102.863786     9.420    -3119.4    17268.4    -2225.0   1438.5   1410.5   2418.2 2022 12 22  8 46 36.170  0.0   1
      935  27.009452  102.995353    18.067     9940.1     5638.8     6421.3   3515.2   2553.5   2222.5 2022 12 22  8 50 16.210  0.0   1
      936  26.865995  102.940641    13.860     4511.2   -10256.7     2214.5   1830.8   1066.1   1903.5 2022 12 22 10 35  1.110  0.0   1
      937  26.842352  102.979346     9.974     8356.9   -12876.4    -1671.5   2522.0   1211.0   2498.5 2022 12 22 11 10 56.150  0.0   1
      938  27.131645  102.858366     8.890    -3656.9    19177.8    -2755.9   1728.7   1466.3   2260.9 2022 12 22 11 31  9.490  0.0   1
      939  26.929952  102.932861     7.585     3737.9    -3170.3    -4060.4   1791.5   1425.9   2024.0 2022 12 22 13 46  6.880  0.0   1
      940  27.301709  103.246370    13.053    34813.0    38021.4     1407.3   1618.8   1997.5   4988.3 2022 12 22 14 28 56.930  0.0   1
      941  26.897087  102.899032    14.166      378.0    -6811.8     2521.0   1816.7   1391.5   2047.8 2022 12 22 14 48 18.330  0.0   1
      943  26.940981  102.867383    14.012    -2764.4    -1948.3     2366.4   1647.9   1770.7   1927.6 2022 12 22 18  5  2.820  0.0   1
      944  26.859011  102.951742     6.652     5614.1   -11030.7    -4993.8   1094.2   1331.3   3457.1 2022 12 22 18 24 31.620  0.0   1
      945  26.977000  102.914380    10.336     1901.9     2042.8    -1309.8   1697.4   1720.8   1841.5 2022 12 22 18 53 24.260  0.0   1
      946  27.196275  103.186922     7.164    28932.7    26339.1    -4481.9   1223.2   1356.9   3008.5 2022 12 22 20 48 41.560  0.0   1
      947  26.854822  102.991007    14.757     9514.7   -11494.9     3111.8   2122.2   1265.0   1722.5 2022 12 22 21  3 11.480  0.0   1
      948  26.736257  102.710002     8.256   -18408.4   -24632.1    -3389.4   1848.1   1795.4   2794.3 2022 12 22 21 20 28.120  0.0   1
      949  26.981535  102.849862    13.479    -4503.3     2545.2     1833.4   1866.7   1564.1   1793.5 2022 12 22 21 22  2.920  0.0   1
      950  26.778503  103.284953    10.111    38727.5   -19951.2    -1534.6   1579.4   2689.2   3020.2 2022 12 22 22  1 41.840  0.0   1
      952  27.124874  102.897347     7.876      210.6    18427.6    -3769.0   1671.9   2046.8   3557.5 2022 12 23  4  9 28.340  0.0   1
      953  27.037447  102.991211     3.811     9527.7     8740.6    -7834.6   4654.8   2054.9   4854.0 2022 12 23  4 10  3.330  0.0   1
      954  26.868471  102.947534     1.105     5196.5    -9982.5   -10540.2   1299.4   2166.5   6796.7 2022 12 23  6 32 20.850  0.0   1
      955  26.529258  103.083919    15.090    18770.8   -47568.1     3444.6   1546.7   1418.3   1807.9 2022 12 23  6 40 46.650  0.0   1
      956  26.532922  103.076807    14.757    18063.0   -47162.1     3111.2   1670.2   1410.0   1850.2 2022 12 23  6 41 38.610  0.0   1
      957  27.025883  102.865877    15.636    -2913.3     7459.3     3990.2   1835.5   1894.9   2055.9 2022 12 23  8 52 53.330  0.0   1
      958  27.040000  102.874569    19.261    -2050.2     9023.4     7615.1   2349.1   1764.6   2227.7 2022 12 23  9  5 43.180  0.0   1
      959  27.033917  102.768896    17.066   -12538.9     8349.5     5420.7   3259.8   1877.6   1819.0 2022 12 23  9 49 41.320  0.0   1
      960  27.029694  102.773006    15.914   -12131.2     7881.4     4268.3   2679.8   1583.9   1774.6 2022 12 23  9 52 38.750  0.0   1
      962  27.023657  102.712451    17.532   -18142.3     7212.6     5887.0   2136.3    953.0   1465.8 2022 12 23 10  5 59.630  0.0   1
      963  27.009074  102.781095    12.661   -11329.5     5596.8     1015.1   1310.6   1335.5   1608.0 2022 12 23 10 14  7.040  0.0   1
      964  27.009896  102.778800    12.289   -11556.8     5687.8      643.6   1341.0   1242.9   1806.0 2022 12 23 10 16  6.970  0.0   1
      965  27.013025  102.785474    10.892   -10894.8     6034.5     -753.3   1252.9   1171.7   1924.6 2022 12 23 10 24 50.710  0.0   1
      966  26.510645  103.067155    14.953    17104.8   -49630.6     3307.6   1909.0   1487.9   1916.1 2022 12 23 10 33 15.130  0.0   1
      967  26.997241  102.810661    16.476    -8395.2     4285.5     4831.0   1551.4   1388.4   1813.9 2022 12 23 11 19 17.330  0.0   1
      968  27.001241  102.796102    19.469    -9840.0     4728.9     7823.1   1608.6   1287.5   1924.1 2022 12 23 12 25 32.480  0.0   1
      969  27.076884  102.770939    11.832   -12333.6    13110.3      186.8   1397.2   1503.7   1807.1 2022 12 23 13 33 11.170  0.0   1
      970  27.029700  102.776229    16.426   -11811.3     7882.2     4780.6   1630.4   1515.3   1855.4 2022 12 23 14  5 39.980  0.0   1
      971  27.011780  102.777287    12.557   -11707.7     5896.5      911.1   2201.5   1767.2   1518.5 2022 12 23 14  9 55.580  0.0   1
      972  27.027494  102.775456    15.962   -11888.6     7637.8     4316.5   1370.7   1260.1   1800.4 2022 12 23 14 15 37.400  0.0   1
      973  26.644710  102.986987    23.724     9124.0   -34775.9    12078.4   1932.1   2049.6   1441.8 2022 12 23 14 36  5.410  0.0   1
      974  27.081000  102.802889    12.798    -9163.4    13566.2     1152.2   1682.2   1921.5   1930.0 2022 12 23 15 13 19.710  0.0   1
      975  26.855117  102.969027    15.196     7331.4   -11462.2     3550.1   1346.6   1428.4   1598.4 2022 12 23 15 38 15.500  0.0   1
      976  26.593075  103.022892    13.944    12696.4   -40497.3     2298.3   1507.4   1591.2   1911.8 2022 12 23 15 54 23.950  0.0   1
      977  27.051550  103.439160     5.901    53986.6    10303.3    -5744.5   2025.5   2236.0   3283.2 2022 12 23 15 55 21.610  0.0   1
      978  27.290066  103.184692     9.249    28700.0    36731.4    -2396.5   1462.1   1604.1   3374.8 2022 12 23 16 51 45.160  0.0   1
      979  27.023924  102.815763    18.873    -7887.2     7242.1     7227.6   1734.0   1494.2   1928.8 2022 12 23 17 22 49.380  0.0   1
      980  26.553839  103.017456    13.019    12157.9   -44844.6     1373.5   1286.7   1372.5   1590.5 2022 12 23 19 13 40.120  0.0   1
      981  26.987779  102.697184    18.520   -19660.8     3237.1     6874.5   2055.3   1234.4   1455.3 2022 12 23 19 55 59.400  0.0   1
      982  27.188043  103.170898     3.520    27344.5    25427.1    -8125.2   2821.4   2517.8   3342.3 2022 12 23 19 59 13.600  0.0   1
      983  27.028042  102.838688    14.586    -5611.3     7698.3     2940.4   1616.3   1493.3   2046.6 2022 12 23 21 11  4.060  0.0   1
      984  27.026713  102.847160    18.737    -4771.2     7551.2     7091.4   1741.9   2805.0   1650.6 2022 12 23 21 13 32.720  0.0   1
      985  26.909090  102.886686    10.924     -847.9    -5481.8     -721.6   2349.5   3803.2   1831.2 2022 12 23 22  3 43.400  0.0   1
      986  27.050970  102.788127    12.257   -10629.4    10239.1      611.5   1499.2   1110.2   1689.7 2022 12 23 22  8 19.660  0.0   1
      987  27.152972  102.803402    26.514    -9109.2    21541.0    14868.4   2727.6   1629.5   1236.8 2022 12 24  0 15 17.810  0.0   1
      988  27.051562  102.872038     4.726    -2301.4    10304.7    -6919.5   1551.0   1299.1   2305.8 2022 12 24  1 52 43.380  0.0   1
      989  27.049382  102.871582     4.197    -2346.2    10062.8    -7448.2   1733.3   1363.7   2182.2 2022 12 24  2  7 28.660  0.0   1
      990  27.058972  102.748201    12.569   -14591.7    11125.6      923.8   1432.3   1799.2   1825.1 2022 12 24  3 28 20.920  0.0   1
      991  27.071836  102.843034    11.300    -5179.3    12551.0     -345.3   1710.2   1749.4   1878.2 2022 12 24  5 29 26.010  0.0   1
      992  27.032585  102.980005    15.807     8415.2     8201.8     4161.4   3226.5   2549.8   2608.6 2022 12 24  6 54 32.440  0.0   1
      993  26.999337  102.921191    14.749     2577.7     4517.9     3103.3   2090.9   1859.9   1966.1 2022 12 24 12  8 40.750  0.0   1
      994  27.007664  102.928426    14.657     3296.0     5440.5     3012.8   3216.2   2263.6   1758.0 2022 12 24 12 41 41.870  0.0   1
      995  27.064815  102.889754    17.832     -542.9    11773.0     6186.9   2321.7   1732.2   2014.1 2022 12 24 14  1 26.100  0.0   1
      996  27.051715  102.879248    12.900    -1585.8    10321.4     1255.1   2536.0   1685.1   1982.2 2022 12 24 15 25 36.710  0.0   1
      997  27.007139  102.945947    15.141     5035.8     5382.3     3495.2   2335.6   2310.9   2028.6 2022 12 24 16  2 59.910  0.0   1
      998  27.029348  102.850041    17.816    -4485.1     7843.1     6170.3   1743.1   2739.1   1582.8 2022 12 24 16 28 24.250  0.0   1
      999  26.427504  102.988525    15.822     9285.6   -58842.9     4176.3   2064.0   1469.9   2059.0 2022 12 24 16 40 43.700  0.0   1
     1000  26.442063  103.024447    21.615    12859.8   -57229.6     9969.9   2270.5   1657.0   1913.8 2022 12 24 17  7  1.520  0.0   1
     1001  26.971641  102.919832     5.036     2443.6     1449.0    -6609.9   1496.0   1271.9   2119.3 2022 12 24 17 22 37.040  0.0   1
     1002  27.076257  102.748478    13.761   -14562.9    13040.9     2116.0   1537.8   1523.4   1747.6 2022 12 24 18 22 27.820  0.0   1
     1003  26.797605  102.987736    16.045     9192.0   -17834.7     4399.5   1441.5   1481.0   1875.8 2022 12 24 18 25  2.160  0.0   1
     1004  26.850104  102.962386    10.205     6671.5   -12017.6    -1440.2   1374.4   2104.3   1740.7 2022 12 24 18 38 10.280  0.0   1
     1005  26.728381  103.075122     8.161    17880.1   -25504.8    -3484.1   1811.2   3024.8   3685.1 2022 12 24 19  1  3.120  0.0   1
     1006  26.277480  103.006104    12.245    11041.9   -75466.0      599.5   2611.1   1556.6   4507.9 2022 12 24 19 27 33.840  0.0   1
     1007  27.010032  102.807902     5.406    -8668.2     5702.8    -6239.0   1724.8   2246.6   3558.6 2022 12 24 19 39  0.720  0.0   1
     1008  26.945284  102.918490    13.861     2310.7    -1471.3     2215.4   2127.2   1713.9   1979.8 2022 12 24 20 17 17.000  0.0   1
     1009  27.025173  102.752808     6.210   -14136.3     7380.6    -5435.2   1322.6   2207.8   2119.9 2022 12 24 20 49  2.560  0.0   1
     1010  27.047949  102.887394     5.086     -777.3     9904.1    -6559.3   1437.1   1490.8   1688.4 2022 12 24 23  9 30.440  0.0   1
     1011  27.105986  102.696688     1.975   -19699.9    16334.8    -9670.6   1878.9   1335.4   2115.2 2022 12 25  1  1  6.530  0.0   1
     1012  26.884019  102.912630    10.314     1729.3    -8259.8    -1331.1   2222.8   3674.7   1910.0 2022 12 25  1  2  8.950  0.0   1
     1014  27.003015  102.790658    14.005   -10380.8     4925.4     2359.4   1911.7   2077.4   3664.8 2022 12 25  3 56 46.440  0.0   1
     1015  27.043298  102.874015    18.874    -2104.6     9388.8     7228.7   1808.1   1575.2   2113.4 2022 12 25  5 14 39.720  0.0   1
     1016  27.038837  102.873551    16.714    -2151.4     8894.5     5068.7   1656.1   1741.1   2075.6 2022 12 25  5 32 45.730  0.0   1
     1017  27.100362  102.795036     8.194    -9941.2    15711.7    -3451.1   1260.9   1493.9   1778.3 2022 12 25  5 40 51.470  0.0   1
     1018  27.031000  102.875472     2.820    -1960.5     8026.3    -8825.2   2132.6   1902.2   2689.9 2022 12 25  6  9  0.890  0.0   1
     1019  27.118563  102.918156     8.058     2275.2    17728.5    -3587.0   1699.6   1592.8   2176.5 2022 12 25 14  8 55.050  0.0   1
     1020  26.450385  103.016113     6.062    12029.9   -56307.7    -5583.4   1831.7   1504.6   2137.3 2022 12 25 16 21 27.060  0.0   1
     1021  26.789176  102.963664    17.992     6800.3   -18768.5     6346.7   1406.9   1539.5   1578.1 2022 12 25 17 12  3.160  0.0   1
     1022  26.651837  103.151115    11.902    25441.8   -33986.2      256.2   3649.3   1946.7   6007.3 2022 12 25 17 13 15.720  0.0   1
     1023  26.994824  102.939714     5.149     4417.0     4017.7    -6496.1   1515.5   1430.8   1736.6 2022 12 25 17 55 49.200  0.0   1
     1024  27.101329  102.887240     9.519     -792.5    15818.7    -2126.6   1447.6   1377.9   2736.8 2022 12 25 18 42 17.240  0.0   1
     1025  26.978546  102.972168    14.629     7639.1     2214.2     2983.9   2636.7   1933.3   2398.2 2022 12 25 18 46 35.240  0.0   1
     1026  26.922294  102.872371     1.982    -2269.4    -4018.6    -9662.4   2525.6   1772.2   3892.9 2022 12 25 20 59 33.880  0.0   1
     1027  26.998352  102.933024    12.454     3752.3     4408.8      808.4   2342.9   1513.1   2012.3 2022 12 25 23 11 15.680  0.0   1
     1028  27.006801  102.832267     6.183    -6250.0     5344.9    -5462.5   1526.5   1494.2   2146.2 2022 12 26  0 43 45.930  0.0   1
     1029  27.192792  103.187280     5.104    28969.2    25953.1    -6541.1   1230.1   1684.7   4290.0 2022 12 26  1 17 13.310  0.0   1
     1030  27.057117  102.780729    10.473   -11363.1    10920.1    -1172.6   1462.0   1774.5   1397.3 2022 12 26  2  6 41.860  0.0   1
     1032  26.736119  103.082975     4.484    18660.1   -24647.5    -7161.4   1314.9   1931.3   2405.1 2022 12 26  2 50 54.010  0.0   1
     1033  26.894185  102.892806    10.862     -240.2    -7133.2     -783.8   2360.7   3909.5   1723.1 2022 12 26  4 11 43.150  0.0   1
     1034  27.043223  102.896069     4.290       83.7     9380.5    -7354.1   3388.3   2240.3   2678.0 2022 12 26  4 15 17.730  0.0   1
     1035  27.024019  102.765503    16.121   -12876.3     7252.8     4476.1   1531.9   1323.4   1757.8 2022 12 26  4 56 35.820  0.0   1
     1036  26.534501  102.797038    16.987    -9767.1   -46987.3     5341.3   2761.9   2445.0   2404.8 2022 12 26  5 48 40.060  0.0   1
     1037  26.995811  102.974292     6.186     7849.5     4127.1    -5459.8   2157.2   1847.0   2137.0 2022 12 26  6  4 17.700  0.0   1
     1038  26.930603  103.198983    10.814    30164.8    -3098.0     -831.5   1812.2   2069.4   2172.0 2022 12 26  6 33 44.390  0.0   1
     1039  26.849056  103.031201     6.034    13507.9   -12133.8    -5611.9   3269.9   4072.4   4466.1 2022 12 26  8 25 34.420  0.0   1
     1040  26.954380  102.930371    10.180     3490.0     -463.4    -1465.5   1995.3   1756.2   2317.4 2022 12 26  9 35 29.970  0.0   1
     1041  26.815259  102.585514    24.500   -30770.8   -15878.4    12854.7   1996.3   2070.1   1689.2 2022 12 26 10  8 12.010  0.0   1
     1042  27.043341  102.873918    17.917    -2114.7     9393.6     6272.0   1787.5   1492.5   2075.0 2022 12 26 10 12 43.400  0.0   1
     1043  26.985317  102.686694    20.010   -20702.7     2964.3     8364.9   1952.7   1185.1   1272.7 2022 12 26 10 49 41.630  0.0   1
     1044  26.981618  102.763184     5.848   -13109.0     2554.5    -5796.6   1312.3   1622.9   2532.6 2022 12 26 10 54 45.850  0.0   1
     1045  26.979523  102.922477    13.181     2706.1     2322.4     1535.6   1485.8   1695.5   1831.4 2022 12 26 10 55 35.790  0.0   1
     1046  27.017415  102.905876     3.480     1057.5     6521.1    -8165.3   1654.9   1740.1   2003.3 2022 12 26 11 32 37.280  0.0   1
     1047  27.149125  102.883049    15.281    -1208.2    21114.9     3635.3   2344.6   1866.8   2053.1 2022 12 26 12  7 28.340  0.0   1
     1048  27.129468  102.965397    14.459     6962.3    18936.8     2813.1   1924.6   1571.3   1892.9 2022 12 26 12 44 31.500  0.0   1
     1049  26.998848  102.980558     0.575     8471.3     4463.7   -11070.5   1486.6   1877.8   2255.4 2022 12 26 13 50 47.900  0.0   1
     1050  26.873710  102.925830     3.994     3040.0    -9401.9    -7651.8   1116.7   1383.7   2977.1 2022 12 26 13 54  4.980  0.0   1
     1051  26.999937  102.684261    15.550   -20942.6     4584.3     3904.7   2126.5   1364.0   1807.7 2022 12 26 14 28 57.700  0.0   1
     1053  26.837856  102.948275    14.925     5270.4   -13374.7     3279.5   1218.3   1164.7   1676.9 2022 12 26 15  0 11.130  0.0   1
     1054  27.113621  102.896623    10.656      138.8    17180.8     -989.1   1508.3   1345.3   2726.6 2022 12 26 15  9 19.480  0.0   1
     1055  26.298195  102.985278    16.626     8967.5   -73170.5     4980.3   2182.3   1427.5   3419.9 2022 12 26 15 31  4.340  0.0   1
     1056  27.061224  102.841300     8.615    -5351.7    11375.1    -3030.1   1864.4   2510.2   4382.0 2022 12 26 15 42 30.230  0.0   1
     1057  26.887537  102.941805     5.714     4626.9    -7870.0    -5931.0   1070.8   1518.1   2888.2 2022 12 26 15 57 17.640  0.0   1
     1058  26.878711  102.955786    17.602     6015.3    -8847.8     5956.4   1450.4   1726.3   1849.8 2022 12 26 16  0 47.160  0.0   1
     1059  26.873871  102.890706    15.839     -449.0    -9384.1     4193.6   2905.9   5804.8   1604.7 2022 12 26 16 20 33.860  0.0   1
     1060  26.835667  102.943254    15.271     4771.9   -13617.2     3625.8   1222.6   1227.4   1607.2 2022 12 26 17 15 17.160  0.0   1
     1061  26.835057  102.941309    14.675     4578.7   -13684.9     3029.8   1155.8   1174.1   1713.4 2022 12 26 17 33 38.880  0.0   1
     1062  26.836515  102.942716    16.067     4718.0   -13523.2     4421.1   1122.5   1228.4   1583.1 2022 12 26 17 34 29.440  0.0   1
     1063  26.909711  102.819881     5.014    -7482.6    -5412.9    -6631.8   2125.2   1947.7   2768.5 2022 12 26 17 44 56.680  0.0   1
     1064  27.001265  102.671615    16.230   -22198.2     4731.6     4584.2   2867.1   1611.3   1814.4 2022 12 26 18 36 16.160  0.0   1
     1066  26.606167  103.051457    22.604    15536.5   -39046.5    10958.5   1203.0   1998.9   1472.8 2022 12 26 19 28 29.340  0.0   1
     1067  26.586521  103.038314    22.327    14231.2   -41223.3    10681.9   1286.5   1922.1   1707.4 2022 12 26 19 50 49.080  0.0   1
     1068  27.093052  102.761759    10.071   -13244.3    14901.7    -1574.6   1610.7   1203.0   1848.4 2022 12 26 19 57 14.640  0.0   1
     1069  26.832625  102.952075    17.120     5647.8   -13954.2     5474.6   1192.6   1421.3   1638.5 2022 12 26 20  7 47.020  0.0   1
     1070  26.834304  102.949463    15.479     5388.7   -13768.2     3834.0   1642.0   1581.3   1595.8 2022 12 26 20  8 10.600  0.0   1
     1071  26.842440  102.948145    20.345     5257.4   -12866.7     8699.9   1619.3   1756.6   1918.3 2022 12 26 20 11  5.940  0.0   1
     1072  26.830981  102.943921    16.583     4838.0   -14136.5     4937.8   1874.7   2211.8   1875.5 2022 12 26 20 11 19.960  0.0   1
     1073  26.832709  102.943970    15.848     4842.7   -13945.1     4202.3   1220.9   1282.4   1725.1 2022 12 26 20 13 22.840  0.0   1
     1074  26.991152  103.133553     6.567    23661.1     3610.8    -5078.3   1378.1   1210.8   2118.8 2022 12 26 20 18 46.960  0.0   1
     1075  26.790544  103.044922    16.545    14875.2   -18617.2     4899.2   1737.1   2113.2   2075.3 2022 12 26 20 20 47.840  0.0   1
     1076  26.691563  103.003117     2.824    10725.2   -29584.5    -8821.0   1669.0   1837.0   2227.1 2022 12 26 20 26 30.640  0.0   1
     1077  26.835978  102.949764    15.302     5418.7   -13582.9     3656.7   1152.5   1322.3   1499.6 2022 12 26 20 26 48.620  0.0   1
     1078  26.830766  102.942578    14.839     4704.5   -14160.3     3194.0   1086.3   1481.6   1712.2 2022 12 26 20 33 20.460  0.0   1
     1079  26.837868  102.950122    16.387     5453.8   -13373.4     4741.1   1204.4   1311.7   1515.2 2022 12 26 20 34 26.960  0.0   1
     1080  26.832591  102.942725    15.028     4719.2   -13958.0     3382.3   1315.4   1295.2   1642.6 2022 12 26 20 35 32.120  0.0   1
     1081  26.917863  102.982804    19.398     8697.4    -4509.7     7752.1   1975.1   2573.1   1864.1 2022 12 26 20 35 43.440  0.0   1
     1082  26.833443  102.941756    15.427     4623.0   -13863.6     3781.9   1606.6   1736.5   1929.4 2022 12 26 20 37 11.120  0.0   1
     1083  26.834300  102.944092    16.001     4854.6   -13768.8     4355.7   1226.2   1379.0   1565.0 2022 12 26 20 40 55.960  0.0   1
     1084  26.869930  102.911344    20.967     1601.4    -9820.8     9321.2   1738.7   2006.4   1913.3 2022 12 26 20 41 49.840  0.0   1
     1085  26.837313  102.943636    14.095     4809.5   -13434.9     2449.9   1653.0   1472.3   1965.4 2022 12 26 20 43 15.680  0.0   1
     1086  26.835390  102.945182    17.346     4963.4   -13647.8     5701.0   1251.9   1446.8   1640.2 2022 12 26 20 45 43.280  0.0   1
     1087  26.838173  102.942212    16.936     4667.7   -13339.5     5290.9   1202.9   1321.0   1612.0 2022 12 26 20 47 48.040  0.0   1
     1088  26.837528  102.940625    17.422     4510.8   -13411.0     5776.4   1198.7   1484.0   1779.3 2022 12 26 20 49 37.840  0.0   1
     1089  26.855145  102.856291     8.120    -3867.2   -11458.9    -3525.5   1891.1   1377.4   2141.7 2022 12 26 20 53 24.540  0.0   1
     1090  26.834568  102.944743    16.412     4919.8   -13739.1     4766.1   1159.9   1285.2   1527.7 2022 12 26 20 54 15.340  0.0   1
     1091  26.832330  102.928483    29.238     3304.3   -13986.8    17593.0   1830.1   1506.0   7103.4 2022 12 26 20 54 31.520  0.0   1
     1092  26.856028  102.901636    18.733      636.8   -11361.2     7087.7   2061.8   2499.2   2029.3 2022 12 26 20 55 58.780  0.0   1
     1093  26.837343  102.948682    15.260     5310.8   -13431.6     3614.1   1855.5   1733.6   1740.6 2022 12 26 21  0 32.160  0.0   1
     1094  26.836025  102.941846    15.591     4632.1   -13577.5     3945.1   1210.0   1237.9   1565.4 2022 12 26 21  1  5.520  0.0   1
     1095  26.920015  102.776929     4.922   -11747.6    -4271.3    -6723.6   1295.5   1500.1   2356.7 2022 12 26 21  3  5.800  0.0   1
     1097  26.833358  102.940877    15.408     4536.0   -13873.1     3762.4   1156.2   1281.9   1607.4 2022 12 26 21  7 32.080  0.0   1
     1098  26.828670  102.933553     7.897     3808.1   -14392.5    -3748.5   2032.1   1545.9   2777.9 2022 12 26 21  8 14.880  0.0   1
     1099  26.835392  102.942415    16.562     4688.2   -13647.8     4916.9   1114.4   1366.8   1578.2 2022 12 26 21  8 30.960  0.0   1
     1100  26.835406  102.943213    17.380     4767.2   -13646.1     5734.1   1344.6   1423.7   1611.3 2022 12 26 21 11 31.220  0.0   1
     1101  26.828746  102.943693    15.984     4815.6   -14384.2     4338.9   1508.9   1572.6   1580.5 2022 12 26 21 16 11.640  0.0   1
     1103  26.836332  102.942651    16.033     4711.6   -13543.4     4387.6   1154.2   1273.2   1535.0 2022 12 26 21 24 32.440  0.0   1
     1104  26.835640  102.944613    17.188     4906.8   -13620.3     5542.8   1403.1   1577.4   1771.6 2022 12 26 21 36 14.680  0.0   1
     1105  26.833468  102.945264    16.946     4971.6   -13860.9     5300.4   1287.3   1295.7   1675.9 2022 12 26 21 43 36.620  0.0   1
     1106  26.838568  102.943734    17.492     4819.3   -13295.8     5846.1   1209.3   1461.5   1880.1 2022 12 26 21 50 12.840  0.0   1
     1107  26.919733  102.766162     3.448   -12816.8    -4302.6    -8197.3   1592.4   2054.5   4610.2 2022 12 26 22 30 20.040  0.0   1
     1108  26.830648  102.945443    14.785     4989.1   -14173.3     3139.9   1490.3   1635.7   1965.2 2022 12 26 22 34  5.740  0.0   1
     1109  26.835516  102.945133    17.172     4958.5   -13633.9     5527.0   1563.2   1572.6   1642.4 2022 12 26 22 54 44.460  0.0   1
     1110  26.834477  102.942350    14.756     4682.2   -13749.2     3110.7   1461.4   1294.5   1687.4 2022 12 26 22 56 10.800  0.0   1
     1111  26.806085  102.858211     6.228    -3677.7   -16894.9    -5417.0   1978.5   1475.6   2447.0 2022 12 26 22 56 19.700  0.0   1
     1112  26.836790  102.940080    15.985     4455.9   -13492.9     4339.5   1121.7   1213.7   1573.5 2022 12 26 23  0 12.940  0.0   1
     1113  26.838381  102.940470    16.711     4494.9   -13316.5     5066.0   1444.2   1427.5   1744.5 2022 12 26 23  0 52.640  0.0   1
     1114  26.813641  102.897445    26.735      220.5   -16057.7    15089.6   1807.3   1804.9   1862.7 2022 12 26 23 23 51.760  0.0   1
     1115  26.838580  102.951318    18.545     5572.7   -13294.5     6899.8   1458.2   1470.8   1787.7 2022 12 26 23 25 34.700  0.0   1
     1116  26.836102  102.946493    14.253     5093.4   -13569.1     2607.1   1168.2   1197.7   1773.4 2022 12 26 23 37 22.280  0.0   1
     1117  26.813304  103.000415    31.411    10451.2   -16095.2    19765.6   4418.6   2461.8   2683.0 2022 12 26 23 40 23.780  0.0   1
     1118  26.832456  102.946094    15.718     5054.0   -13973.0     4072.2   1123.6   1271.7   1592.2 2022 12 26 23 40 51.080  0.0   1
     1119  26.805983  102.992391     8.995     9654.1   -16906.4    -2650.9   1772.1   1504.1   2353.4 2022 12 26 23 45 28.180  0.0   1
     1120  26.835974  102.941813    14.845     4628.3   -13583.2     3199.9   1364.0   1216.2   1765.9 2022 12 26 23 49 57.400  0.0   1
     1121  26.955436  102.661784     3.888   -23178.7     -346.5    -7757.2   2220.0   1736.1   3552.1 2022 12 27  0 15 14.930  0.0   1
     1122  26.897007  102.827026    16.556    -6772.8    -6820.7     4910.2   2200.8   1732.8   2226.4 2022 12 27  0 30  4.130  0.0   1
     1123  26.839333  102.943693    18.417     4815.1   -13211.0     6771.7   1307.6   1538.4   1922.4 2022 12 27  0 30 44.240  0.0   1
     1124  26.829966  102.942635    13.333     4710.2   -14249.0     1687.7   1252.5   1206.0   1826.3 2022 12 27  0 32 50.160  0.0   1
     1125  26.942334  102.796973     3.600    -9755.9    -1798.2    -8045.8   1730.3   2425.3   3832.4 2022 12 27  1 25 33.710  0.0   1
     1126  26.454439  102.922437    13.799     2707.9   -55858.4     2153.8   1692.3   1664.1   2132.2 2022 12 27  1 33 36.930  0.0   1
     1127  27.305827  103.174634     1.287    27700.9    38477.8   -10357.1   1816.6   2326.4   2866.9 2022 12 27  3 23 48.880  0.0   1
     1128  26.945917  102.932227     8.931     3674.6    -1401.3    -2714.0   2173.0   1756.6   2243.7 2022 12 27  3 37 38.180  0.0   1
     1129  26.841614  102.954867    22.696     5925.3   -12958.3    11050.1   1460.4   2008.9   1862.8 2022 12 27  4 40 35.460  0.0   1
     1130  26.841978  102.953548    17.761     5794.4   -12918.0     6115.5   1382.0   1517.6   1781.4 2022 12 27  5 34 34.830  0.0   1
     1131  26.835801  102.941545    15.754     4601.8   -13602.3     4108.4   1322.7   1429.9   1723.3 2022 12 27  5 45 13.480  0.0   1
     1132  26.823393  102.965169    13.991     6949.2   -14977.3     2345.2   1172.9   1369.8   1619.1 2022 12 27  7 43 52.810  0.0   1
     1133  26.784505  102.711027    15.964   -18303.1   -19286.1     4318.5   1641.0   1626.3   1847.0 2022 12 27  9 47 14.190  0.0   1
     1134  26.829905  102.943652    16.156     4811.4   -14255.7     4511.0   1661.4   1459.2   1687.6 2022 12 27  9 57 35.630  0.0   1
     1135  26.463314  103.080949    10.855    18480.6   -54875.0     -790.4   1655.4   1564.4   2434.6 2022 12 27 10  2 30.640  0.0   1
     1136  27.007286  103.154191     6.613    25707.9     5398.7    -5032.5   1831.0   1212.3   2334.5 2022 12 27 10 34 29.790  0.0   1
     1137  26.997416  103.147974     4.354    25092.0     4305.1    -7291.3   1672.9   1411.8   2975.4 2022 12 27 12 29 15.630  0.0   1
     1138  27.115104  102.900952     6.715      568.1    17345.2    -4930.7   1542.2   1318.2   3282.5 2022 12 27 16  2  8.930  0.0   1
     1139  27.000572  102.793628    14.183   -10085.7     4654.6     2537.8   2115.0   2163.5   1666.1 2022 12 27 16 17 41.490  0.0   1
     1140  27.115889  102.899642     4.433      438.2    17432.2    -7212.0   1785.4   1573.6   3113.8 2022 12 27 16 31  5.520  0.0   1
     1141  26.835791  102.939299    14.138     4379.0   -13603.6     2492.3   1225.9   1155.2   1807.3 2022 12 27 16 34 42.200  0.0   1
     1142  26.832544  102.943188    15.952     4765.2   -13963.3     4306.7   1896.6   1298.8   1589.4 2022 12 27 17 42 21.360  0.0   1
     1144  27.010541  102.881551    15.631    -1357.5     5759.3     3985.3   2137.1   2848.6   1709.1 2022 12 27 19 48 30.680  0.0   1
     1145  26.929759  102.784391     3.808   -11006.3    -3191.6    -7837.5   1460.6   1281.0   2631.7 2022 12 27 19 52  6.780  0.0   1
     1146  27.116691  102.905420    12.961     1011.6    17520.9     1315.7   1749.5   1511.0   1907.8 2022 12 27 19 58 35.700  0.0   1
     1147  26.844973  102.890039    19.119     -515.0   -12586.2     7474.0   4398.5   2557.5   8865.1 2022 12 27 20 14 43.680  0.0   1
     1148  27.113654  102.911393    14.991     1604.8    17184.4     3345.2   2500.8   1928.1   2097.7 2022 12 27 20 20  9.440  0.0   1
     1149  26.859656  102.962988    12.971     6731.3   -10959.2     1325.1   1221.8   1147.4   2027.5 2022 12 27 20 34 49.360  0.0   1
     1150  26.857487  102.963534    13.653     6785.4   -11199.6     2007.8   1165.6   1076.7   1842.8 2022 12 27 20 35 51.300  0.0   1
     1151  26.863607  102.962093    15.561     6642.7   -10521.5     3915.2   1166.4   1092.2   1594.8 2022 12 27 21 51  2.780  0.0   1
     1152  26.852468  102.972502    17.286     7676.9   -11755.7     5640.4   2166.1   1324.0   1922.4 2022 12 27 22 57 14.400  0.0   1
     1153  27.047416  102.888672     4.743     -650.6     9845.2    -6902.7   1507.8   1419.7   1810.4 2022 12 27 23 43 12.920  0.0   1
     1154  27.051786  102.864640     3.776    -3035.5    10329.4    -7869.4   1607.4   1412.1   2584.5 2022 12 28  0 22 52.200  0.0   1
     1155  26.890684  102.894214    11.539     -100.6    -7521.2     -106.2   2293.8   3823.9   1668.2 2022 12 28  0 27 53.040  0.0   1
     1156  27.060382  102.897632    18.254      239.3    11281.9     6608.1   1942.3   2080.1   2045.6 2022 12 28  2 37 48.890  0.0   1
     1157  27.180908  102.855192    16.437    -3970.8    24636.4     4791.8   1763.7   1611.6   2121.7 2022 12 28  4 15 45.380  0.0   1
     1158  26.826815  102.934611    19.177     3913.4   -14598.0     7531.3   2079.3   2245.2   1466.7 2022 12 28  5 25  7.180  0.0   1
     1159  27.059393  102.757894     9.018   -13629.8    11172.2    -2627.4   1529.7   1501.1   1806.9 2022 12 28  9 42 30.530  0.0   1
     1160  27.005760  102.774300    12.859   -12004.5     5229.6     1213.1   1557.6   1343.1   1906.7 2022 12 28  9 44 59.890  0.0   1
     1161  26.665224  103.047192    11.759    15108.4   -32502.8      113.5   1819.4   1278.4   2027.3 2022 12 28 11 15 36.090  0.0   1
     1162  27.056871  102.867220     4.533    -2779.0    10892.8    -7112.6   1473.8   1346.2   1995.1 2022 12 28 11 47 14.980  0.0   1
     1164  26.859094  102.968270    14.567     7256.5   -11021.5     2921.8   1272.3   1281.7   1729.3 2022 12 28 13 30 50.670  0.0   1
     1165  27.028259  102.687297    14.043   -20638.9     7722.4     2397.2   2806.0   1568.0   1781.7 2022 12 28 13 40 16.380  0.0   1
     1166  27.019273  102.960913     5.743     6520.7     6726.8    -5901.9   2591.6   2108.9   1924.1 2022 12 28 13 41 34.200  0.0   1
     1167  27.009149  102.750285    17.140   -14387.7     5605.1     5494.6   2047.6   1770.8   1772.2 2022 12 28 13 49 38.800  0.0   1
     1168  27.034904  102.841797    21.993    -5302.9     8458.7    10347.6   1942.9   3180.1   1423.5 2022 12 28 14 46  0.810  0.0   1
     1169  27.035549  102.780461    16.686   -11391.1     8530.2     5041.0   1422.9   1414.1   1860.5 2022 12 28 15  1 49.950  0.0   1
     1170  26.455955  102.924349    13.063     2898.6   -55690.4     1417.9   1501.8   1246.6   1725.4 2022 12 28 15 20 52.340  0.0   1
     1171  27.013251  102.952718     5.201     5707.1     6059.6    -6444.5   1982.1   1826.1   1704.2 2022 12 28 15 24 43.530  0.0   1
     1172  27.022017  102.694987    12.744   -19875.9     7030.9     1098.5   2050.2   1276.4   1755.6 2022 12 28 15 39 54.070  0.0   1
     1173  26.574365  103.071647    12.146    17547.2   -42570.2      500.4   1737.2   1351.7   1884.2 2022 12 28 16 13  6.980  0.0   1
     1174  26.871006  102.951831    13.026     5622.8    -9701.6     1381.2   1299.3   1192.4   1736.9 2022 12 28 16 42 12.950  0.0   1
     1175  26.875197  102.951619    14.468     5601.4    -9237.3     2822.5   1126.3   1036.5   1672.4 2022 12 28 16 47 43.240  0.0   1
     1176  26.989443  102.808651    17.379    -8595.0     3421.6     5733.5   1572.9   1214.6   1854.5 2022 12 28 17 23 47.360  0.0   1
     1177  27.051003  102.903296     4.950      801.4    10242.6    -6695.4   2195.9   1862.9   1824.9 2022 12 28 17 31 46.720  0.0   1
     1178  26.498598  103.145980    32.025    24948.1   -50965.5    20379.3   3257.3   3272.5   2495.9 2022 12 28 19 17 56.860  0.0   1
     1179  27.002543  102.965129    10.090     6939.4     4873.2    -1554.9   3014.6   2068.3   2348.8 2022 12 28 19 51 45.960  0.0   1
     1180  27.009873  102.943245     3.557     4767.2     5685.3    -8088.6   1395.4   1290.4   1862.8 2022 12 28 20 12 43.600  0.0   1
     1181  27.029659  102.925326     3.141     2987.9     7877.5    -8504.0   1759.2   1714.6   2124.4 2022 12 28 20 59 26.320  0.0   1
     1182  26.747447  103.142375     1.169    24562.6   -23392.2   -10476.2   1625.6   1877.4   5663.0 2022 12 28 21 13 16.760  0.0   1
     1183  26.660423  103.166838     8.317    27003.9   -33034.8    -3328.3   1457.1   1705.1   2447.3 2022 12 28 21 29 34.760  0.0   1
     1184  26.867021  102.977010    13.620     8123.8   -10143.2     1974.9   1779.9   1338.6   1840.7 2022 12 28 22 23  1.120  0.0   1
     1187  26.910352  102.887549    11.288     -762.3    -5342.1     -357.4   2403.8   3805.8   1780.3 2022 12 28 22 58 24.680  0.0   1
     1188  26.456905  102.924943    13.007     2957.2   -55585.1     1361.6   1814.6   1413.4   2436.9 2022 12 28 23  4 38.940  0.0   1
     1189  27.000346  102.852515    12.387    -4240.1     4629.6      742.0   1438.3   2408.4   1705.6 2022 12 29  0 13 18.740  0.0   1
     1190  27.000366  102.972502     4.627     7672.1     4631.9    -7018.1   1622.1   1572.5   1458.2 2022 12 29  1 52 44.280  0.0   1
     1191  26.989353  102.614836     7.814   -27836.4     3411.7    -3831.8   1358.3   1342.0   1805.9 2022 12 29  2 21  7.930  0.0   1
     1192  26.901440  102.941219     1.276     4568.2    -6329.3   -10369.4   1469.4   2395.4   2597.2 2022 12 29  2 24 32.030  0.0   1
     1193  27.082261  102.752108    14.442   -14202.0    13706.0     2797.0   1733.2   1676.0   1932.4 2022 12 29  3 50 18.680  0.0   1
     1194  26.384361  103.014632    13.642    11886.3   -63623.3     1996.2   2089.2   1493.2   3908.6 2022 12 29  4 38 23.530  0.0   1
     1195  27.116233  102.899194     4.115      393.7    17470.4    -7530.1   1605.3   1479.7   2853.5 2022 12 29  5  0 51.170  0.0   1
     1196  27.196710  103.217008     8.474    31917.0    26387.3    -3171.9   1268.2   1439.6   2083.3 2022 12 29  6 12 42.180  0.0   1
     1197  26.435201  102.928223     7.362     3283.9   -57990.0    -4283.3   2193.9   1760.3   2934.0 2022 12 29  6 19 38.210  0.0   1
     1198  26.874113  102.950700    13.712     5510.8    -9357.2     2067.0   1352.6   1131.0   1837.7 2022 12 29  6 57  2.870  0.0   1
     1199  27.008441  102.772388    12.852   -12194.2     5526.5     1206.5   1486.8   1269.7   1669.6 2022 12 29  7  0  0.250  0.0   1
     1200  27.016496  102.760799    14.469   -13343.7     6419.2     2823.1   1596.4   1540.0   1790.0 2022 12 29  7 10 51.090  0.0   1
     1201  27.203174  103.224829     5.672    32692.1    27103.5    -5973.2   1325.4   1535.2   2988.6 2022 12 29  7 13 58.630  0.0   1
     1202  27.024969  102.740291    17.947   -15378.7     7357.9     6301.5   4075.7   2321.5   1880.5 2022 12 29  7 43 48.440  0.0   1
     1203  26.872827  102.953589    13.742     5797.4    -9499.8     2096.8   1135.3    955.6   1840.9 2022 12 29  7 50  3.990  0.0   1
     1204  27.009715  102.825806    11.201    -6891.3     5667.8     -444.7   1327.9   2150.5   1707.1 2022 12 29 10 55 38.810  0.0   1
     1205  26.831295  102.965804    18.345     7011.7   -14101.6     6699.7   1453.7   1868.2   1776.6 2022 12 29 11 56 30.090  0.0   1
     1206  26.924294  102.925155    10.493     2972.6    -3797.2    -1152.6   1874.3   1585.5   1731.7 2022 12 29 11 59 30.020  0.0   1
     1207  26.831569  102.968034    15.823     7233.8   -14071.4     4177.6   1263.8   1461.2   1513.7 2022 12 29 13 25 18.820  0.0   1
     1208  26.934467  102.942171    14.067     4661.7    -2670.1     2421.2   3216.6   3451.2   2190.2 2022 12 29 13 30 53.790  0.0   1
     1209  26.839870  102.965104    16.498     6941.9   -13151.4     4853.0   1263.8   1609.0   1791.9 2022 12 29 13 59  8.080  0.0   1
     1210  26.889952  102.938916     4.313     4339.4    -7602.3    -7332.4   1013.7   1408.0   2973.6 2022 12 29 14  3  2.500  0.0   1
     1211  26.971912  102.920036    14.528     2463.9     1479.0     2882.4   2093.1   1706.4   1989.0 2022 12 29 15 12 25.980  0.0   1
     1212  26.969474  102.807048     1.949    -8754.5     1209.0    -9696.6   1723.8   1910.1   3955.1 2022 12 29 15 14 27.740  0.0   1
     1213  26.990784  102.828239     8.128    -6650.2     3570.1    -3517.5   1122.0   1107.4   1496.5 2022 12 29 15 17 39.720  0.0   1
     1214  26.835008  102.967961    16.076     7226.0   -13690.2     4430.5   1369.6   1426.2   1451.5 2022 12 29 15 54 12.170  0.0   1
     1215  26.832369  102.968717    16.726     7301.3   -13982.7     5080.3   1206.7   1447.3   1604.7 2022 12 29 15 54 33.170  0.0   1
     1216  26.832878  102.965698    14.889     7001.2   -13926.2     3243.3   1165.6   1394.6   1445.3 2022 12 29 15 54 47.640  0.0   1
     1217  26.849276  102.958407    65.806     6276.5   -12109.3    54160.9   1378.1   1913.8  10420.0 2022 12 29 15 57 24.210  0.0   1
     1218  26.834780  102.964616    14.811     6894.1   -13715.5     3165.4   1557.1   1601.7   1586.7 2022 12 29 15 59  6.010  0.0   1
     1219  26.837010  102.965446    14.752     6976.2   -13468.5     3106.9   1442.5   1403.7   1580.1 2022 12 29 16  1 41.450  0.0   1
     1220  27.001253  102.856812    13.820    -3813.5     4730.1     2174.6   1571.8   2281.3   1647.0 2022 12 29 16  6 36.430  0.0   1
     1221  27.021796  102.835311    20.903    -5947.0     7006.3     9257.9   1920.7   3294.7   1453.8 2022 12 29 16 54 28.820  0.0   1
     1222  26.882294  102.921541     4.334     2614.5    -8450.8    -7311.0   1156.8   1330.6   2951.8 2022 12 29 17  1 38.080  0.0   1
     1223  27.284814  103.157210     9.912    25975.7    36149.6    -1733.2   1651.7   2083.2   2292.4 2022 12 29 17 10 42.960  0.0   1
     1224  27.008289  102.964152     3.723     6842.2     5509.7    -7922.6   1821.3   1960.3   2101.8 2022 12 29 17 24  5.520  0.0   1
     1225  26.608327  103.199967     5.957    30304.7   -38807.2    -5688.6   1599.8   1969.1   2086.4 2022 12 29 17 40 40.600  0.0   1
     1226  26.990889  102.825195     8.801    -6952.4     3581.7    -2844.4   1312.7   1524.0   2319.2 2022 12 29 17 44 30.160  0.0   1
     1227  27.008925  102.858309    14.912    -3664.8     5580.3     3266.5   1646.2   2366.6   1901.3 2022 12 29 17 45  4.720  0.0   1
     1228  27.003680  102.840186    11.280    -5463.6     4999.1     -365.9   1358.5   1371.5   1662.1 2022 12 29 17 45 54.720  0.0   1
     1229  27.030438  102.869141    14.437    -2588.9     7964.0     2791.8   2119.2   1877.5   2212.3 2022 12 29 17 50  3.200  0.0   1
     1230  26.578428  103.051229    16.262    15515.6   -42120.0     4616.2   1358.3   1505.9   1894.4 2022 12 29 17 52  4.400  0.0   1
     1231  27.090568  102.934521    19.466     3899.6    14626.4     7820.5   2027.6   1696.4   2225.3 2022 12 29 18  8 58.560  0.0   1
     1232  27.082534  102.850496    14.242    -4438.3    13736.3     2596.2   1588.4   1763.3   1286.5 2022 12 29 18 21  6.440  0.0   1
     1233  26.986615  102.819792     5.956    -7489.1     3108.3    -5689.6   1599.2   1700.1   2458.5 2022 12 29 18 31 41.700  0.0   1
     1234  26.840896  102.967847    18.259     7215.0   -13037.9     6613.1   1513.3   1694.4   2140.7 2022 12 29 18 32 25.160  0.0   1
     1235  26.964567  102.920988    12.028     2558.4      665.2      382.5   2008.6   1561.1   1789.3 2022 12 29 18 38 44.800  0.0   1
     1236  27.040220  102.746606    13.725   -14751.3     9047.9     2079.2   1355.5   2193.2   1508.1 2022 12 29 19  4 44.640  0.0   1
     1237  26.404191  102.987240    13.686     9158.9   -61426.0     2041.0   1750.5   1230.1   1584.1 2022 12 29 19 41 58.400  0.0   1
     1238  26.976560  102.814510     4.741    -8013.4     1994.2    -6904.2   1562.7   1591.9   3390.3 2022 12 29 20  0 47.680  0.0   1
     1239  27.007267  102.758822     2.240   -13540.6     5396.6    -9405.8   1659.3   2605.8   2839.7 2022 12 29 20 21 26.320  0.0   1
     1240  27.011294  102.816512    11.705    -7813.8     5842.6       59.9   1361.3   2215.6   1685.3 2022 12 29 20 23 37.760  0.0   1
     1241  26.937443  102.922160     3.897     2674.7    -2340.1    -7748.3   1834.2   2609.5   2680.6 2022 12 29 20 41 23.080  0.0   1
     1242  26.921604  102.943742    13.799     4817.9    -4095.1     2153.5   2362.3   1798.6   1981.1 2022 12 29 20 55 20.540  0.0   1
     1243  26.917741  102.929443    14.404     3398.2    -4523.3     2758.8   2262.1   1793.0   2088.5 2022 12 29 21 47 45.120  0.0   1
     1244  26.989067  102.822339     3.900    -7235.5     3379.8    -7745.1   1696.1   1885.1   2189.3 2022 12 29 21 48 55.960  0.0   1
     1245  26.447337  103.013721    11.804    11792.3   -56645.3      158.1   1503.8   1181.2   1805.8 2022 12 29 22 20  7.200  0.0   1
     1246  27.014227  102.857381    12.966    -3756.5     6167.7     1320.3   1774.1   1677.6   1985.4 2022 12 29 22 37 11.720  0.0   1
     1247  26.995780  103.139510     2.773    24251.8     4123.7    -8872.1   1444.8   1443.7   2998.6 2022 12 29 23 26  8.140  0.0   1
     1248  27.116634  102.900814     5.430      554.9    17514.8    -6215.4   1390.2   1278.8   2518.1 2022 12 29 23 50 54.580  0.0   1
     1249  27.008022  102.853573    11.840    -4134.9     5480.1      194.5   1461.3   1265.2   1735.5 2022 12 30  0 54 30.710  0.0   1
     1250  26.879997  102.944141    22.783     4858.5    -8705.4    11137.7   1335.1   1502.8   8696.7 2022 12 30  2 20 45.560  0.0   1
     1251  27.057729  102.872249     4.909    -2280.2    10987.9    -6736.1   1681.8   1454.0   2422.5 2022 12 30  2 26 38.770  0.0   1
     1252  26.871222  102.950879    12.650     5527.9    -9677.7     1004.4   1214.3   1120.3   1856.3 2022 12 30  2 34 37.620  0.0   1
     1253  26.833400  102.967489    16.144     7179.1   -13868.4     4498.2   1193.7   1258.3   1462.8 2022 12 30  2 35 24.330  0.0   1
     1254  27.150952  102.887443     7.025     -772.0    21317.2    -4620.3   1250.8   1363.0   2939.6 2022 12 30  3  1 33.050  0.0   1
     1255  27.042708  102.818905    12.117    -7575.2     9323.5      471.8   1507.7   1514.8   1806.8 2022 12 30  3 30 33.890  0.0   1
     1256  27.191248  103.209408     6.848    31164.0    25782.1    -4797.4   1323.9   1572.4   2044.8 2022 12 30  5 30 27.810  0.0   1
     1257  27.021828  102.884033    14.956    -1110.9     7009.9     3310.5   2438.3   3673.9   2282.0 2022 12 30  6 24 20.990  0.0   1
     1258  26.838062  102.965047    16.655     6937.0   -13351.8     5009.5   1407.3   1547.7   1591.5 2022 12 30  7 14 43.720  0.0   1
     1259  26.836045  102.966024    16.489     7033.9   -13575.4     4843.2   1245.6   1282.2   1552.9 2022 12 30  7 22 26.290  0.0   1
     1260  27.036281  102.800643     8.122    -9388.0     8611.5    -3523.6   1496.3   1713.3   1488.5 2022 12 30  7 27 27.860  0.0   1
     1261  26.982330  102.615023    20.025   -27818.3     2633.4     8380.0   2360.3   2292.7   2756.8 2022 12 30  9 35 30.840  0.0   1
     1262  26.587120  102.601261     2.191   -29235.6   -41157.1    -9454.3   2591.2   2900.4   4278.0 2022 12 30 10 11 11.400  0.0   1
     1263  26.953418  102.805509     2.963    -8907.8     -570.1    -8682.9   1603.5   1838.8   4438.3 2022 12 30 10 47 25.010  0.0   1
     1264  26.994653  103.157275     7.198    26015.5     3998.8    -4447.7   1482.6   1443.7   2340.9 2022 12 30 12 18 37.100  0.0   1
     1265  26.861536  102.966854    14.613     7115.1   -10750.8     2967.8   1206.8   1214.3   1352.2 2022 12 30 12 22  0.500  0.0   1
     1266  26.884574  102.908162    13.938     1285.1    -8198.1     2292.1   2487.5   4322.2   1618.2 2022 12 30 12 49 36.530  0.0   1
     1267  27.004541  102.774341    13.874   -11999.9     5094.5     2228.9   1913.4   1724.2   1584.7 2022 12 30 15 22 26.890  0.0   1
     1268  26.449646  102.993840    10.627     9813.9   -56389.4    -1018.6   1538.0   1138.4   1872.1 2022 12 30 15 36 40.890  0.0   1
     1269  26.847502  102.985848     9.072     9002.4   -12305.9    -2573.7   1945.7   1381.5   1876.0 2022 12 30 16 21 48.690  0.0   1
     1270  27.012061  102.859147    12.351    -3581.1     5927.7      705.6   1470.0   1361.3   1759.0 2022 12 30 16 31 35.080  0.0   1
     1271  27.172439  102.884196     4.582    -1094.1    23697.9    -7063.4   1500.9   1685.2   2453.6 2022 12 30 16 35 49.540  0.0   1
     1272  26.502622  103.080469    15.602    18430.4   -50519.5     3956.6   1664.6   1451.4   1828.1 2022 12 30 16 40 49.450  0.0   1
     1273  27.131580  102.865617    13.330    -2937.6    19170.6     1684.3   1702.7   1519.2   2276.8 2022 12 30 17  2 13.460  0.0   1
     1275  27.137921  102.860531    18.888    -3441.9    19873.4     7242.8   2856.8   1922.1   2187.4 2022 12 30 17 27  2.440  0.0   1
     1276  26.542285  103.062329    14.721    16622.7   -46124.8     3075.1   1460.1   1595.7   1783.5 2022 12 30 17 53 57.340  0.0   1
     1277  27.119657  103.156844    12.608    25958.0    17849.7      962.7   1896.2   1467.2   2158.5 2022 12 30 19  9 43.080  0.0   1
     1278  27.005766  102.840552    11.246    -5426.9     5230.2     -399.6   1496.4   2600.0   1751.3 2022 12 30 20 13  7.200  0.0   1
     1279  27.289730  102.804427    12.050    -9002.2    36694.3      404.1   2267.3   2346.2   2907.1 2022 12 30 20 45  2.760  0.0   1
     1280  26.417979  103.006527     9.331    11077.5   -59898.3    -2314.1   1879.2   1194.8   3370.6 2022 12 30 21  7  0.580  0.0   1
     1281  26.660406  103.177629    13.675    28076.7   -33036.5     2030.0   1412.2   1640.5   2552.2 2022 12 30 21 20  3.960  0.0   1
     1282  27.074878  102.889893     4.093     -528.8    12888.1    -7552.1   1733.0   1540.1   2206.6 2022 12 30 21 42 37.560  0.0   1
     1283  27.078204  102.599430     9.186   -29354.4    13256.5    -2459.2   1529.0   1863.3   1822.6 2022 12 30 22 26 38.360  0.0   1
     1284  27.154136  103.174487    17.956    27704.3    21669.9     6310.5   3187.7   2571.2   3160.9 2022 12 30 22 33 59.360  0.0   1
     1285  26.870264  102.961271    14.700     6560.4    -9783.8     3054.7   2034.0   1220.3   1897.2 2022 12 30 23  4 52.020  0.0   1
     1287  27.134426  102.737956    12.849   -15603.3    19486.1     1203.6   1849.9   1861.6   2405.2 2022 12 31  0 23 42.490  0.0   1
     1288  27.140922  102.723910    12.256   -16996.0    20205.8      610.2   2344.7   2182.7   2338.0 2022 12 31  0 56  2.670  0.0   1
     1289  26.954441  103.053467    15.403    15712.9     -456.8     3757.3   1584.9   1720.4   2267.1 2022 12 31  0 59 45.940  0.0   1
     1290  27.181879  103.204036     5.540    30632.4    24743.9    -6105.0   1295.9   1427.3   1911.6 2022 12 31  5 43 28.100  0.0   1
     1291  27.121330  102.778467     8.033   -11584.6    18034.9    -3612.5   1566.5   1380.8   2087.6 2022 12 31  6 30  0.600  0.0   1
     1292  27.048157  102.711515     6.458   -18233.8     9927.3    -5187.7   1603.6   1354.3   1310.5 2022 12 31  6 55 46.340  0.0   1
     1294  26.457052  103.195955     3.595    29925.6   -55568.9    -8050.3   2100.6   1984.9   2412.1 2022 12 31  9 56 23.460  0.0   1
     1295  26.777940  103.062305    20.261    16603.2   -20013.6     8615.2   1881.8   1939.0   1488.2 2022 12 31 10 21 53.220  0.0   1
     1296  27.037553  102.756649     8.799   -13754.5     8752.3    -2846.1   1707.7   1207.5   1578.7 2022 12 31 11 42 37.460  0.0   1
     1297  26.968315  102.922778     5.603     2736.0     1080.6    -6042.5   1719.2   1587.6   2229.2 2022 12 31 12 20  8.150  0.0   1
     1298  27.064945  103.217708     4.588    32005.2    11787.3    -7057.6   1681.2   1445.6   4295.5 2022 12 31 13 23 52.750  0.0   1
     1299  26.822215  103.025814     0.340    12974.4   -15107.7   -11305.5   2353.6   1870.7   4165.7 2022 12 31 14  9  0.200  0.0   1
     1300  26.933207  102.975610     9.950     7982.9    -2809.5    -1695.7   2515.9   1741.6   2648.7 2022 12 31 15 29 29.680  0.0   1
     1301  27.384495  102.997152    11.878    10101.7    47194.5      232.6   3126.8   2829.8   2932.2 2022 12 31 15 35  8.780  0.0   1
     1302  26.531753  103.073633    14.290    17747.8   -47291.9     2644.8   1390.0   1324.9   1701.8 2022 12 31 15 43  7.390  0.0   1
     1303  26.456588  102.926668    14.005     3129.2   -55620.3     2359.2   1791.2   1364.8   1352.1 2022 12 31 16 58 44.910  0.0   1
     1304  27.150478  103.032756     9.344    13644.2    21264.8    -2301.3   2291.7   1423.2   2211.3 2022 12 31 17  3 59.460  0.0   1
     1305  26.944474  102.839819     0.630    -5501.2    -1561.1   -11015.2   3464.9   1784.5   5959.5 2022 12 31 17 59 29.200  0.0   1
     1306  26.906610  103.119564    10.594    22280.5    -5756.6    -1051.7   1785.3   1316.3   2337.4 2022 12 31 18  0 28.940  0.0   1
     1307  27.126058  102.903638    12.627      835.2    18558.9      981.9   1531.5   1415.2   1734.3 2022 12 31 18 33 20.460  0.0   1
     1308  26.632263  102.862874    11.448    -3216.9   -36154.9     -197.5   2556.9   1962.2   2355.4 2022 12 31 20 36 39.080  0.0   1
     1309  27.058545  102.830924     3.975    -6381.7    11078.4    -7670.0   2597.4   4110.8   4121.2 2022 12 31 22 17 48.240  0.0   1
     1310  27.017116  102.884847     3.499    -1029.6     6487.8    -8145.1   2422.3   1673.8   2409.1 2022 12 31 22 30 35.280  0.0   1
     1311  26.870439  102.925773     7.098     3034.5    -9764.4    -4547.8   1477.3   1066.5   2478.7 2022 12 31 22 42 43.240  0.0   1
     1312  27.062199  102.869401     4.702    -2562.9    11483.0    -6943.7   2061.6   1759.2   1903.8 2022 12 31 23 19 16.240  0.0   1
