        1  26.739028  103.011312    13.777    11538.1   -24325.2     2131.2    646.6    803.2    787.4 2022 12  1  2 38 37.350  0.0   1
        3  27.048676  102.822982    15.420    -7169.8     9984.6     3774.8    917.2    748.4   1265.7 2022 12  1  3 19 17.300  0.0   1
        4  26.726925  103.098600     7.955    20214.3   -25666.2    -3690.9   1594.5   1635.8   2051.0 2022 12  1  3 44  1.590  0.0   1
        6  26.907288  102.920679    11.165     2528.0    -5681.5     -480.9    837.2    789.0    690.9 2022 12  1  4 33 25.750  0.0   1
        7  26.943443  102.865544    13.693    -2946.8    -1675.5     2047.8    506.3    606.7    773.5 2022 12  1  4 40  4.560  0.0   1
        8  27.143520  102.889144     9.668     -602.7    20493.6    -1977.2    754.0    585.0   1168.5 2022 12  1  5 25 51.010  0.0   1
        9  27.120626  102.723714     5.674   -17017.6    17956.9    -5971.0    748.3    611.7    699.4 2022 12  1  6  7 56.160  0.0   1
       10  27.050417  102.877620    17.863    -1747.2    10177.7     6217.8    697.3    558.7    726.4 2022 12  1  6 42 13.440  0.0   1
       11  26.997736  102.929281    15.150     3380.8     4340.4     3504.9    667.4    611.3    682.5 2022 12  1  6 57 12.780  0.0   1
       12  26.965594  102.912223    10.295     1688.3      779.0    -1350.6    500.6    466.9    696.7 2022 12  1  7 23 28.870  0.0   1
       13  26.959662  102.916667     9.670     2129.4      121.8    -1975.6    492.6    461.5    686.8 2022 12  1  7 37 49.360  0.0   1
       14  27.012622  102.931169     3.592     3568.6     5989.8    -8053.3    466.4    549.6    558.4 2022 12  1  7 59 11.290  0.0   1
       15  26.986532  102.927466    13.173     3200.9     3098.9     1527.6    466.6    498.1    664.7 2022 12  1  8  2  1.760  0.0   1
       16  27.003796  102.933903     4.949     3839.7     5011.9    -6696.8    481.8    537.0    511.8 2022 12  1  8 52 24.220  0.0   1
       17  26.924856  102.917969    11.236     2258.9    -3734.9     -408.9    817.7    859.1    658.5 2022 12  1  9 18  3.320  0.0   1
       18  27.058496  102.895223    14.229       -0.3    11072.9     2583.5    623.1    509.3    731.2 2022 12  1 10 38 52.580  0.0   1
       19  26.737992  103.011165    13.857    11523.1   -24439.9     2211.8    691.1    968.2    769.4 2022 12  1 11  3  1.320  0.0   1
       20  26.996521  102.936418    14.720     4089.6     4205.8     3074.6   1218.2    593.1    750.6 2022 12  1 11 40 34.550  0.0   1
       21  26.985826  102.940560     8.010     4500.9     3020.8    -3635.6    635.8    808.3   1287.2 2022 12  1 11 40 44.980  0.0   1
       23  26.929606  102.800635     6.030    -9393.1    -3208.5    -5615.1   1085.9   1498.3   2343.5 2022 12  1 14 13 49.650  0.0   1
       24  26.764339  102.632048     5.736   -26153.5   -21520.5    -5909.7   1333.8   1625.1   1766.4 2022 12  1 17  4 49.880  0.0   1
       25  26.929014  102.926912    11.681     3146.8    -3274.1       35.1    700.2    530.1    792.3 2022 12  1 17 34  0.680  0.0   1
       26  27.061920  102.912378     3.919     1702.2    11452.3    -7726.4   1128.2    783.7   1284.9 2022 12  1 18  0 23.740  0.0   1
       27  27.066648  102.890511     9.860     -467.6    11976.1    -1785.1    654.4    610.4    760.9 2022 12  1 19  2 42.840  0.0   1
       28  26.937699  102.899967     9.275      471.4    -2311.9    -2370.6   1003.3   1015.5    850.1 2022 12  1 19 16 50.920  0.0   1
       29  26.987801  102.915503    11.187     2013.1     3239.6     -458.5   1061.5   1153.8    863.5 2022 12  1 19 27 28.040  0.0   1
       30  26.999402  102.837020     7.261    -5778.0     4524.9    -4384.5    543.2    639.2    790.9 2022 12  1 20  2 54.600  0.0   1
       31  26.881565  102.951758    13.278     5615.2    -8531.5     1632.5    494.7    467.1    683.9 2022 12  1 20 34 42.040  0.0   1
       32  26.968453  102.927507     9.658     3205.3     1095.9    -1987.8    618.1    602.6    747.8 2022 12  1 20 39 41.460  0.0   1
       33  26.961910  102.826701    16.425    -6803.3      370.8     4779.9    556.1    526.3    700.9 2022 12  1 20 41 13.400  0.0   1
       34  26.428912  102.979875     1.196     8424.9   -58686.8   -10449.7    995.1    744.0   1470.7 2022 12  1 20 41 53.080  0.0   1
       35  27.065548  102.888029     8.372     -714.1    11854.2    -3273.5    626.5    689.1   1205.7 2022 12  1 21 29 33.240  0.0   1
       36  27.117891  103.180339     3.796    28290.0    17654.1    -7849.0    535.3    475.6    902.9 2022 12  1 21 52 41.060  0.0   1
       37  27.050083  102.625415     0.545   -26778.5    10140.8   -11100.8    896.3   1111.6   1227.9 2022 12  1 22 42 22.480  0.0   1
       38  26.953550  102.933968     9.277     3847.4     -555.4    -2368.2    580.8    622.5    741.8 2022 12  1 22 47  8.780  0.0   1
       39  26.469851  102.985409    11.983     8973.7   -54150.7      337.8    579.1    598.6    889.8 2022 12  1 23  5 20.240  0.0   1
       40  26.602834  103.246606    11.333    34943.7   -39415.7     -312.6   1043.8   1674.0   1630.6 2022 12  1 23 49 28.440  0.0   1
       41  27.025181  102.730680    14.329   -16333.0     7381.3     2683.1    569.7    377.7    541.0 2022 12  1 23 54 17.760  0.0   1
       42  27.116742  102.910726     5.785     1538.5    17526.6    -5860.6    561.1    451.7    886.1 2022 12  2  1 13 45.360  0.0   1
       43  27.036092  102.905998    14.872     1069.3     8590.5     3226.6    822.4    726.1    758.6 2022 12  2  3 58 18.650  0.0   1
       44  26.990560  102.932031    12.581     3654.2     3545.3      935.2    565.3    505.9    682.6 2022 12  2  4 22 50.060  0.0   1
       45  26.999158  102.890715     4.651     -447.9     4498.1    -6994.9    469.7    596.2    466.8 2022 12  2  4 54  7.500  0.0   1
       46  27.046075  102.811898    16.065    -8270.7     9696.7     4419.7    483.4    521.1    664.3 2022 12  2  7 18 31.430  0.0   1
       47  27.047371  102.910758    11.221     1541.7     9840.1     -424.5    847.0    676.2   1020.7 2022 12  2  8 39 16.390  0.0   1
       48  27.022573  102.872721    13.670    -2233.9     7092.5     2024.3    683.4    541.3    689.2 2022 12  2  8 54 27.080  0.0   1
       50  26.923421  103.201351    20.353    30400.3    -3893.7     8707.5   4807.9   3497.5   3869.3 2022 12  2 10 33 35.360  0.0   1
       51  26.945557  102.899284    13.665      403.0    -1441.1     2019.2    881.7    713.6    859.1 2022 12  2 11  9 38.110  0.0   1
       52  26.939223  102.904614    11.389      932.5    -2143.0     -256.2   1025.3   1140.5    833.5 2022 12  2 11 39 15.940  0.0   1
       53  27.167474  102.860555     6.365    -3439.3    23147.9    -5280.6    643.9    496.5    940.3 2022 12  2 11 47 43.420  0.0   1
       54  26.830231  102.944189    14.635     4864.6   -14219.5     2989.7    390.4    392.8    583.3 2022 12  2 12  3 40.390  0.0   1
       55  27.111886  103.282910     3.422    38468.2    16988.6    -8223.7    976.4    829.1   1534.3 2022 12  2 13 40 36.380  0.0   1
       56  26.452075  103.009977     7.831    11419.4   -56120.3    -3814.7    428.8    413.8    661.3 2022 12  2 13 58 25.190  0.0   1
       57  26.844566  102.944165    15.784     4862.2   -12631.3     4139.0    500.0    522.3    683.8 2022 12  2 15 14 33.520  0.0   1
       58  26.849563  102.956307    13.886     6067.9   -12077.7     2240.4    415.2    412.0    689.0 2022 12  2 15 21  9.940  0.0   1
       59  26.931474  102.789347     3.218   -10513.6    -3001.6    -8427.5    474.3    624.0   1244.6 2022 12  2 16 19 51.010  0.0   1
       60  26.853861  102.957438    15.686     6180.0   -11601.2     4040.2    448.8    661.0    881.7 2022 12  2 17 48 47.480  0.0   1
       61  26.843984  102.946753    15.230     5119.1   -12695.8     3585.0    472.3    453.6    640.6 2022 12  2 17 53 50.960  0.0   1
       62  26.841178  102.946362    15.209     5080.6   -13006.6     3564.0    465.1    445.3    564.5 2022 12  2 18  5  8.860  0.0   1
       63  26.939431  102.925269    13.147     2983.8    -2119.9     1501.3    671.5    549.7    827.9 2022 12  2 19 52  5.240  0.0   1
       64  26.903723  102.935815    13.187     4031.8    -6076.5     1541.1   1030.0    889.5    742.7 2022 12  2 20  0 55.300  0.0   1
       66  26.978611  102.949780     8.223     5416.6     2221.4    -3422.5    631.3    742.5    693.6 2022 12  2 20 30 26.020  0.0   1
       67  26.989406  102.891064     9.076     -412.9     3417.6    -2569.7    477.9    608.9    638.5 2022 12  2 21  9 13.940  0.0   1
       68  27.017143  102.776823     8.266   -11753.0     6490.8    -3379.0    528.3    491.3    517.1 2022 12  2 21 15 14.080  0.0   1
       69  26.817576  102.958716    13.789     6308.4   -15621.8     2143.6    509.8    437.1    576.4 2022 12  2 21 21 24.040  0.0   1
       70  26.576858  103.015316    14.048    11944.5   -42294.0     2402.3    438.6    573.7    558.1 2022 12  2 22 39 24.240  0.0   1
       71  26.934662  102.927547    10.727     3210.2    -2648.3     -918.0    665.2    506.5    748.5 2022 12  2 22 42 34.740  0.0   1
       72  26.851111  102.941341    17.385     4581.4   -11906.1     5739.8    748.7    873.0    749.2 2022 12  2 22 59 50.800  0.0   1
       73  26.984660  102.766064     8.029   -12822.8     2891.5    -3615.0    650.5    780.4   1038.3 2022 12  2 23  8 45.160  0.0   1
       74  27.022955  103.014909     7.036    11880.5     7134.7    -4609.4    980.2   1205.3   1711.6 2022 12  2 23 23 18.180  0.0   1
       76  26.848348  102.965430    14.874     6974.3   -12212.2     3228.9    448.7    471.5    785.5 2022 12  3  1 45 27.740  0.0   1
       77  26.852448  102.959993    16.356     6434.4   -11758.0     4710.7    427.9    435.6    656.3 2022 12  3  1 51 51.550  0.0   1
       78  26.925114  102.802474     5.065    -9210.6    -3706.2    -6580.2    626.8    650.2    644.6 2022 12  3  1 55 10.590  0.0   1
       79  26.924792  102.792944     3.078   -10156.8    -3742.0    -8567.7    472.5    633.1   1735.3 2022 12  3  2  5 16.180  0.0   1
       80  26.923643  102.799211     3.778    -9535.0    -3869.3    -7867.5    493.9    628.4    976.7 2022 12  3  2  8 43.810  0.0   1
       81  26.849050  102.956893    13.794     6126.5   -12134.4     2148.1    458.8    467.4    707.8 2022 12  3  2 14 15.520  0.0   1
       82  26.851272  102.956413    15.319     6078.5   -11888.1     3673.2    430.1    425.0    649.0 2022 12  3  2 14 44.090  0.0   1
       83  26.850307  102.957438    14.650     6180.4   -11995.1     3004.5    427.2    426.2    647.7 2022 12  3  2 15  7.580  0.0   1
       84  26.854926  102.962321    17.120     6665.5   -11483.4     5474.8    486.0    628.9    858.5 2022 12  3  2 16 53.970  0.0   1
       85  26.924884  102.794010     3.161   -10051.0    -3731.6    -8484.9    474.6    626.2   1432.1 2022 12  3  2 17 13.690  0.0   1
       86  26.849093  102.959473    14.042     6382.2   -12129.5     2396.8    444.5    433.1    684.5 2022 12  3  2 19 26.930  0.0   1
       87  27.007835  102.929224     2.553     3375.5     5459.4    -9092.9    680.8    678.6    759.4 2022 12  3  3  4 51.080  0.0   1
       88  26.652014  103.020809    16.923    12486.2   -33966.6     5278.0    668.9    686.8    668.7 2022 12  3  3 44 28.190  0.0   1
       89  26.958138  102.787061    29.463   -10740.0      -47.2    17817.4   1479.2   1902.3   1382.3 2022 12  3  4 46 51.570  0.0   1
       90  26.849790  102.958073    14.422     6243.3   -12052.4     2776.8    469.0    491.9    705.8 2022 12  3  5  2 51.390  0.0   1
       91  26.923258  102.798690     4.815    -9586.3    -3911.8    -6830.3   1574.8    824.4   1521.0 2022 12  3  5 14 48.290  0.0   1
       92  26.931826  102.791838     1.808   -10266.2    -2962.6    -9837.1    718.1    464.6    908.4 2022 12  3  5 23 53.430  0.0   1
       93  27.136770  102.849292    10.524    -4556.9    19745.7    -1121.1    718.1    608.9    820.9 2022 12  3  7  6 21.980  0.0   1
       95  26.962380  102.927767    10.585     3231.4      422.9    -1060.8    601.8    445.4    688.5 2022 12  3  7 54 45.480  0.0   1
       96  26.956423  102.920622     9.192     2521.9     -237.2    -2453.8    598.1    537.6    677.0 2022 12  3  8 39 54.890  0.0   1
       97  26.823586  103.114648     3.714    21799.8   -14955.9    -7931.8    880.5   1031.8    930.3 2022 12  3  8 43 11.410  0.0   1
       98  26.973564  102.951343    11.931     5571.6     1662.0      285.6    806.9    514.5    751.0 2022 12  3  8 50 46.740  0.0   1
      100  26.876298  102.951750    11.172     5614.9    -9115.3     -473.3    474.4    531.7    755.3 2022 12  3 11 45 40.200  0.0   1
      101  26.895168  102.944458    14.497     4890.1    -7024.3     2851.9    596.6    555.1    738.8 2022 12  3 12 49 32.480  0.0   1
      102  27.067100  102.642554     6.668   -25076.3    12026.2    -4977.6    690.0    763.4    769.6 2022 12  3 13 33  8.350  0.0   1
      103  27.015942  102.947575     3.854     5197.1     6357.7    -7791.6    645.1   1185.4   1844.8 2022 12  3 13 57 58.950  0.0   1
      104  26.519655  103.063599    15.866    16750.1   -48632.2     4220.1    561.5    974.5    638.7 2022 12  3 14 10 10.630  0.0   1
      105  27.116256  102.892432    10.185     -277.3    17472.8    -1460.6    561.4    527.2    895.0 2022 12  3 14 49 38.660  0.0   1
      106  27.017417  102.777962    16.071   -11640.1     6521.1     4425.4    453.9    428.2    642.1 2022 12  3 15 57 43.450  0.0   1
      107  27.007166  102.951522     2.392     5588.5     5385.4    -9253.2    450.6    506.0    758.4 2022 12  3 16 13 27.320  0.0   1
      108  27.070929  102.800106    12.040    -9439.8    12450.4      394.6    521.7    751.5    443.9 2022 12  3 16 26 40.090  0.0   1
      109  26.976652  102.901619    13.830      634.8     2004.4     2184.9   1183.9    746.1    678.3 2022 12  3 16 43 53.610  0.0   1
      110  26.999915  102.765934    12.637   -12834.6     4581.8      991.9    862.7    796.2    755.7 2022 12  3 19 28 16.240  0.0   1
      111  27.020117  102.774194    16.199   -12013.6     6820.4     4553.8    430.1    422.2    643.3 2022 12  3 19 33  1.360  0.0   1
      112  27.005638  102.772266    12.976   -12205.7     5216.0     1330.7    427.7    480.2    731.7 2022 12  3 19 36 43.320  0.0   1
      113  27.026418  102.768555    17.386   -12573.7     7518.5     5740.6    599.3    423.7    652.7 2022 12  3 20 14 39.500  0.0   1
      115  26.975970  102.929598     9.803     3413.2     1928.7    -1842.4    705.2    637.3    728.1 2022 12  3 21  6 35.020  0.0   1
      116  26.982959  102.923096    12.112     2766.8     2703.2      466.9    471.7    515.9    667.2 2022 12  3 21 12 37.640  0.0   1
      117  26.874731  102.957373    15.397     6173.2    -9288.8     3751.6    464.5    457.2    655.6 2022 12  3 21 23 47.340  0.0   1
      118  27.243872  102.614990     2.882   -27790.1    31613.0    -8762.9   1478.4   1382.4   1932.2 2022 12  3 21 36 58.720  0.0   1
      119  26.990918  102.934342    14.847     3883.7     3584.9     3201.3    662.8    670.4    561.8 2022 12  3 21 56 14.420  0.0   1
      120  26.873879  102.953076    14.897     5746.3    -9383.3     3251.9    760.2    485.2    615.1 2022 12  3 22  1 12.220  0.0   1
      121  26.729301  103.006209    17.148    11031.0   -25402.9     5502.2    837.4   1147.7    884.3 2022 12  3 22  8 12.960  0.0   1
      122  26.871354  102.957975    17.786     6233.4    -9662.9     6141.1    568.8    728.3    891.2 2022 12  3 22 17 52.460  0.0   1
      123  27.016703  102.833968    12.165    -6080.5     6442.1      520.0    609.7    848.3    628.2 2022 12  3 22 27 41.440  0.0   1
      124  27.020555  102.930493     0.536     3500.7     6868.8   -11109.2    444.7    571.5   1336.3 2022 12  3 22 39 39.540  0.0   1
      125  26.874251  102.964990    16.056     6930.2    -9342.1     4410.6    624.4    687.1    897.4 2022 12  3 22 56 39.000  0.0   1
      126  26.996023  102.766016    11.356   -12827.0     4150.6     -289.5    565.9    577.6    813.6 2022 12  3 23 23 14.240  0.0   1
      127  27.120585  103.164022     2.703    26670.4    17952.6    -8942.8    600.0    572.8   1186.7 2022 12  4  0 40 45.880  0.0   1
      128  27.117255  102.909188     6.152     1385.6    17583.5    -5493.6    683.8    541.7    957.3 2022 12  4  2 10 26.660  0.0   1
      129  26.863003  102.942749    17.112     4720.7   -10588.4     5466.2    575.6    583.2    954.6 2022 12  4  3 10  1.950  0.0   1
      130  27.129948  102.784904    11.844   -10945.8    18989.8      198.3    887.9    732.8    686.3 2022 12  4  3 18 50.350  0.0   1
      132  26.720660  103.019629    14.244    12365.4   -26360.3     2599.0    883.0   1285.7    909.6 2022 12  4  3 39 43.980  0.0   1
      133  26.977311  102.920581    11.412     2517.3     2077.2     -233.6    635.9    662.5    708.9 2022 12  4  3 51 49.540  0.0   1
      134  27.148584  102.877197    25.395    -1788.6    21054.8    13750.0   6383.6   1862.6   1530.5 2022 12  4  4 28  6.550  0.0   1
      136  27.034544  102.876489    15.279    -1859.3     8418.9     3633.1    576.4    521.4    653.6 2022 12  4  6 36 49.840  0.0   1
      137  26.997571  102.834049     8.611    -6073.2     4322.2    -3034.9    750.6    831.7    890.6 2022 12  4  8 33  8.820  0.0   1
      138  26.982556  102.920280    12.230     2487.3     2658.5      584.5    677.5    665.8    722.4 2022 12  4  8 34  9.270  0.0   1
      139  26.875326  102.955607    15.432     5998.0    -9222.9     3786.6    436.0    455.0    629.7 2022 12  4  9 29 21.250  0.0   1
      141  27.149603  102.909049     6.957     1371.6    21167.7    -4688.6    765.6    563.3    914.8 2022 12  4 10 56 47.490  0.0   1
      142  27.002606  102.813647    16.768    -8098.2     4880.0     5123.1    464.1    380.8    631.1 2022 12  4 12 49 43.560  0.0   1
      144  26.943976  102.961190    11.628     6550.7    -1616.4      -17.5   1228.5    891.4    874.4 2022 12  4 13  1  1.390  0.0   1
      145  27.016172  102.773543    16.363   -12078.6     6383.2     4718.1    562.9    466.3    655.8 2022 12  4 13 52 28.720  0.0   1
      146  26.984078  102.924390    12.042     2895.8     2827.0      396.2    493.5    544.7    657.4 2022 12  4 13 57 10.100  0.0   1
      147  26.823950  102.981812    12.818     8602.3   -14915.5     1172.9    481.3    463.5    588.6 2022 12  4 14  6 47.650  0.0   1
      148  27.017480  102.774764    15.673   -11957.7     6528.2     4027.4    407.3    416.7    645.3 2022 12  4 15 27 42.080  0.0   1
      150  26.987638  102.899764     9.984      450.6     3221.7    -1661.0    527.3    552.7    675.1 2022 12  4 15 46 54.590  0.0   1
      151  27.007188  102.830184     6.677    -6456.6     5387.6    -4968.4    509.7    629.3    821.4 2022 12  4 16 32 17.420  0.0   1
      152  27.003166  102.828027     6.547    -6670.3     4942.0    -5098.8    572.8    617.9    864.0 2022 12  4 16 41 49.520  0.0   1
      153  26.921914  102.870459     7.900    -2459.4    -4060.8    -3745.1   1049.9    742.6   1202.5 2022 12  4 16 45 41.460  0.0   1
      154  27.134660  102.680111     8.497   -21342.2    19512.0    -3148.3    711.6    720.7    838.4 2022 12  4 18 15 30.280  0.0   1
      155  26.921285  102.909041    12.476     1371.9    -4130.6      830.4    795.2    876.7    642.7 2022 12  4 18 24 28.520  0.0   1
      156  27.013487  102.777661    15.472   -11670.1     6085.7     3826.8    407.4    405.2    631.2 2022 12  4 18 25 42.480  0.0   1
      157  27.011196  102.777287    14.962   -11707.3     5831.8     3316.4    416.1    408.8    613.3 2022 12  4 18 29 53.800  0.0   1
      158  27.086711  102.792554     8.794   -10188.2    14199.0    -2851.3    533.8    616.6    819.0 2022 12  4 19 24 56.880  0.0   1
      159  27.087852  103.400106     4.907    50102.0    14325.6    -6738.2    682.0    798.4   1098.3 2022 12  4 19 53  2.400  0.0   1
      160  27.087038  103.197176     2.912    29964.5    14235.3    -8733.4    531.9    479.0   1057.3 2022 12  4 22 52 22.540  0.0   1
      161  27.000586  102.936580    14.305     4105.6     4656.2     2660.0    683.4    528.3    682.4 2022 12  4 22 59  8.300  0.0   1
      162  27.141549  102.662931     9.209   -23046.3    20275.2    -2436.1    758.2    743.2   1033.2 2022 12  4 23 15 31.880  0.0   1
      163  27.136351  102.678385     9.643   -21513.4    19699.4    -2002.6    903.6    678.3    851.2 2022 12  4 23 59  7.840  0.0   1
      164  26.773348  102.759757    17.089   -13461.5   -20522.4     5443.3   1475.0   1140.2   1534.2 2022 12  5  0  1 57.790  0.0   1
      166  26.575875  103.008171    12.847    11233.5   -42402.9     1201.2    611.6    735.8    576.4 2022 12  5  2 46 44.270  0.0   1
      167  26.908036  102.942985     8.048     4743.3    -5598.6    -3597.7   1120.7    884.2    921.8 2022 12  5  2 52 43.300  0.0   1
      168  26.690548  103.031453    13.174    13542.3   -29696.8     1528.6    667.9    887.5    821.8 2022 12  5  3  6 33.210  0.0   1
      169  27.004045  102.803125     7.523    -9142.6     5039.4    -4122.5    562.4    777.2   1315.6 2022 12  5  3 31 22.340  0.0   1
      170  27.125002  102.862061     8.393    -3290.3    18442.0    -3252.9    553.0    491.6   1160.1 2022 12  5  3 39 24.700  0.0   1
      171  26.654433  103.100285     6.948    20387.8   -33698.5    -4697.3   1658.2   1075.9   1353.8 2022 12  5  4  7  6.010  0.0   1
      172  27.029022  102.889950     6.768     -523.4     7807.0    -4877.5    726.3   1306.1   1300.3 2022 12  5  4 29 52.400  0.0   1
      173  27.034607  102.756038    12.083   -13815.3     8425.9      437.9    288.5    647.1    509.4 2022 12  5  5 19 13.800  0.0   1
      174  26.912313  102.956999    18.811     6135.3    -5124.7     7165.9    650.8    853.2   5428.6 2022 12  5  5 46  0.410  0.0   1
      175  27.101693  102.867668    12.008    -2734.6    15859.1      362.1    573.2    600.0    845.1 2022 12  5  5 48 45.620  0.0   1
      176  26.580261  102.990413     7.496     9467.6   -41916.8    -4149.6    691.4    771.4   1012.1 2022 12  5  6 29 14.380  0.0   1
      177  26.455754  103.017041     8.305    12122.0   -55712.7    -3340.4    494.9    408.6    699.1 2022 12  5  6 31 22.920  0.0   1
      178  26.453105  102.991203    11.053     9550.7   -56006.3     -592.2    338.6    344.0    438.1 2022 12  5  8 48 11.700  0.0   1
      179  27.018142  102.868563    13.329    -2646.7     6601.4     1683.7    815.3    663.4    786.9 2022 12  5  9 10 49.590  0.0   1
      180  26.693707  102.847917    17.602    -4702.5   -29346.9     5956.4    759.1    536.8    949.3 2022 12  5  9 43 44.390  0.0   1
      181  26.743329  103.009041    14.026    11311.5   -23848.5     2381.0    560.3    667.5    772.7 2022 12  5  9 56  5.790  0.0   1
      182  26.855375  102.961987    13.402     6632.3   -11433.6     1756.3   1380.7   1255.3   1525.2 2022 12  5  9 58 22.030  0.0   1
      184  27.033927  102.898617     7.514      337.1     8350.6    -4131.8    730.2    703.8    662.0 2022 12  5 10 35 18.760  0.0   1
      186  27.270732  102.608626     1.783   -28417.2    34589.2    -9862.8   2009.3   1266.1   2053.8 2022 12  5 11 22 20.690  0.0   1
      187  26.398468  103.011849    13.305    11608.5   -62060.1     1659.9    484.1    529.9    893.7 2022 12  5 11 25  5.140  0.0   1
      188  27.113985  102.904687     6.760      939.1    17221.1    -4885.1    655.5    520.7    900.7 2022 12  5 12  8 29.770  0.0   1
      189  27.269938  102.626229    12.001   -26672.2    34501.2      355.3    826.5    794.4   2058.4 2022 12  5 13 12 11.360  0.0   1
      190  26.967350  102.834196    16.491    -6059.3      973.7     4845.7    610.0    525.1    667.6 2022 12  5 14 47 13.770  0.0   1
      191  26.987073  102.809871    14.586    -8473.7     3158.9     2940.1    446.0    487.6    642.9 2022 12  5 15 41 16.610  0.0   1
      192  26.954714  103.014176    14.095    11811.5     -426.5     2449.2    932.0    941.2    927.3 2022 12  5 16  1 33.680  0.0   1
      193  27.016614  102.891699     2.469     -349.6     6432.2    -9176.1    548.2    611.6    869.2 2022 12  5 16 13 52.500  0.0   1
      194  27.033960  102.805941    11.374    -8862.2     8354.2     -271.9    408.7    416.1    572.3 2022 12  5 17  1  2.400  0.0   1
      195  26.581993  103.033032    25.798    13705.7   -41725.0    14152.4    789.4    971.2    720.8 2022 12  5 17 14 27.160  0.0   1
      196  26.918404  102.899959     9.537      470.3    -4449.8    -2108.4    804.3    829.6    695.7 2022 12  5 18 10  0.720  0.0   1
      197  27.119889  103.180420     6.377    28297.8    17875.4    -5268.9    572.7    493.7    905.4 2022 12  5 20 41 41.820  0.0   1
      200  26.864998  103.059619     9.461    16330.2   -10367.1    -2184.7   1430.8   1940.5   1619.3 2022 12  6  2 32 32.120  0.0   1
      201  26.530933  103.275936     5.506    37872.2   -47382.6    -6139.2   2217.6   1898.1   6693.4 2022 12  6  3 33 55.320  0.0   1
      202  26.979913  102.901107    11.175      584.3     2365.7     -470.3    922.7    747.9    795.3 2022 12  6  4 21 11.780  0.0   1
      203  26.883582  103.066073    13.666    16969.5    -8308.1     2020.2   1589.8   1672.4   1409.7 2022 12  6  5 10 51.100  0.0   1
      204  27.091575  103.269320     2.961    37122.6    14738.0    -8684.1    991.8    842.1   1428.6 2022 12  6  5 19 16.730  0.0   1
      205  27.190696  103.174113     9.214    27663.3    25721.1    -2431.5    614.5    603.9   1206.5 2022 12  6  5 37  1.690  0.0   1
      206  27.193327  103.181673     7.587    28412.8    26012.5    -4058.7    573.2    817.8   1262.0 2022 12  6  5 58 19.190  0.0   1
      207  26.904708  102.935059    14.397     3956.5    -5967.4     2751.9   1162.5    972.4    837.4 2022 12  6  6 57 29.480  0.0   1
      208  27.003815  102.927726    10.329     3227.0     5014.1    -1316.4    802.5    802.0    779.7 2022 12  6  7 40  0.000  0.0   1
      209  27.018225  102.916016     4.371     2063.9     6610.7    -7274.9    462.7    553.0    552.8 2022 12  6  8 15 46.370  0.0   1
      210  26.996265  102.910278    11.278     1494.3     4177.4     -367.8   1092.8   1152.0    983.6 2022 12  6  9  1 24.520  0.0   1
      211  26.307572  102.989201    13.637     9357.8   -72131.6     1991.6   1325.7    908.4   1649.3 2022 12  6  9  2 22.700  0.0   1
      212  26.982507  102.903931    10.555      864.7     2653.1    -1090.5    710.3    686.7    725.4 2022 12  6 10  2 30.700  0.0   1
      213  27.075629  102.756543    10.159   -13762.7    12971.2    -1486.7    471.9    457.0    561.1 2022 12  6 10  8 59.270  0.0   1
      214  27.056073  102.633569     7.186   -25969.2    10804.3    -4459.8    661.9    760.8    813.8 2022 12  6 13 10 36.540  0.0   1
      215  27.188900  103.176302     6.802    27880.2    25521.9    -4843.9    376.8    427.2    530.3 2022 12  6 13 51 55.330  0.0   1
      216  27.076290  102.756038    11.040   -13813.0    13044.5     -605.0    725.1    551.5    621.8 2022 12  6 14 18 55.360  0.0   1
      217  26.856809  102.973446     7.621     7770.3   -11274.6    -4024.0    626.9    536.4    972.7 2022 12  6 15 18 14.910  0.0   1
      219  27.072650  102.753084    10.639   -14105.8    12641.1    -1006.3    489.0    387.3    547.9 2022 12  6 16  1 43.360  0.0   1
      220  26.451835  103.026912    14.182    13104.9   -56146.8     2536.5    726.9    559.5    787.6 2022 12  6 16 16 45.830  0.0   1
      221  26.999215  102.787321    13.075   -10712.2     4504.4     1429.1    381.9    471.8    696.5 2022 12  6 16 27 32.990  0.0   1
      222  26.461613  102.999438     8.309    10370.5   -55063.6    -3336.2    483.5    387.4    557.2 2022 12  6 16 32  4.260  0.0   1
      223  27.096305  102.753719     6.861   -14041.3    15262.2    -4784.0    591.1    627.9    679.2 2022 12  6 17 32 35.320  0.0   1
      224  27.095662  102.750326     6.780   -14378.5    15191.0    -4865.8    611.6    605.8    694.8 2022 12  6 17 40 40.120  0.0   1
      225  27.121808  102.866317     8.631    -2868.0    18088.0    -3014.5    571.7    504.5    953.3 2022 12  6 17 47 49.120  0.0   1
      228  27.075777  102.752303    11.047   -14183.1    12987.7     -598.6    498.8    402.4    551.6 2022 12  6 20 25 26.900  0.0   1
      229  26.998954  102.931453     3.252     3597.0     4475.5    -8392.7    822.6    874.6    885.8 2022 12  6 20 39  6.380  0.0   1
      230  27.030050  102.920345     4.947     2493.8     7921.0    -6698.1    762.2    692.2    872.0 2022 12  6 21 13 24.200  0.0   1
      231  27.039195  102.721981    14.173   -17195.6     8934.3     2527.8    633.3    976.9    539.0 2022 12  6 22 16 48.680  0.0   1
      232  27.078469  102.755094    11.016   -13906.0    13285.9     -629.1    482.6    451.7    561.0 2022 12  6 22 17  9.440  0.0   1
      233  26.923399  102.944360    12.971     4879.4    -3896.2     1325.2   1113.6    685.2    929.4 2022 12  6 22 40  7.200  0.0   1
      234  26.913350  102.921354     9.921     2595.3    -5009.7    -1724.2    578.6    515.6    707.0 2022 12  6 23  6 36.600  0.0   1
      235  27.052816  102.864372     4.811    -3061.9    10443.4    -6834.2    522.4    507.5    879.0 2022 12  6 23 26 17.640  0.0   1
      236  26.887854  102.983496     8.108     8767.6    -7834.8    -3537.5    587.9    676.5    945.3 2022 12  6 23 35 38.440  0.0   1
      237  26.930103  102.858936     2.655    -3603.5    -3153.5    -8990.3    482.3    566.3    519.6 2022 12  6 23 42 22.720  0.0   1
      239  27.199412  103.179980     8.468    28243.9    26686.6    -3177.5    578.0    492.6   1431.2 2022 12  7  4 30  9.540  0.0   1
      240  26.924817  102.837736     8.825    -5708.6    -3739.2    -2820.5   1155.9   1117.5   1548.6 2022 12  7  5 12 44.500  0.0   1
      241  27.006763  102.691756    22.293   -20198.5     5340.6    10648.0    740.7    433.3    490.1 2022 12  7  5 34  9.330  0.0   1
      242  27.056466  102.860091    20.618    -3487.2    10847.9     8972.6    763.3    615.7    719.8 2022 12  7  5 44 13.070  0.0   1
      243  27.217535  102.899805    11.122      454.3    28694.8     -523.2   1068.0    769.0   1015.9 2022 12  7  7 32 21.900  0.0   1
      245  27.056183  102.830924    16.964    -6381.8    10816.6     5318.6   1182.4    840.7   1064.3 2022 12  7  8 23  3.720  0.0   1
      246  26.827492  102.623299    16.469   -27015.2   -14523.0     4824.0   1133.6    879.8   1893.5 2022 12  7  9 26 20.710  0.0   1
      247  27.070420  102.753133    10.923   -14101.7    12394.1     -722.5    513.7    447.4    593.9 2022 12  7 14 23 10.200  0.0   1
      248  27.117794  102.893888     8.957     -132.2    17643.3    -2688.5    695.2    679.3   1262.7 2022 12  7 14 24 59.690  0.0   1
      249  27.103465  102.778288     7.417   -11603.0    16055.6    -4228.8   1242.3    942.0    928.3 2022 12  7 15 42 38.060  0.0   1
      250  27.191187  103.178280     6.970    28076.6    25775.3    -4675.8    315.8    382.9    787.7 2022 12  7 15 59  8.670  0.0   1
      251  27.033748  103.033358    13.889    13711.3     8330.7     2243.6   1870.5   1716.1   2028.9 2022 12  7 17 19 48.020  0.0   1
      252  26.985695  102.935856    14.651     4033.7     3006.4     3005.9    882.0    742.1    753.3 2022 12  7 17 22  7.480  0.0   1
      253  26.458000  102.978605     0.725     8297.3   -55463.7   -10920.8    847.3    746.7   1721.6 2022 12  7 17 27  2.200  0.0   1
      254  26.907033  102.813623    14.046    -8103.8    -5709.7     2400.2   1532.2    996.2   1059.2 2022 12  7 18 19  9.680  0.0   1
      255  26.985642  102.920394    12.902     2498.9     3000.5     1256.2    526.9    460.2    634.8 2022 12  7 18 25 41.520  0.0   1
      256  26.538688  102.747526    13.716   -14692.0   -46523.4     2070.3   2799.9   2445.7   3149.4 2022 12  7 18 28 28.280  0.0   1
      257  27.141707  102.837630     9.765    -5713.8    20292.8    -1879.4    705.0    730.6   1719.1 2022 12  7 19 53  2.360  0.0   1
      258  26.387986  103.036296    16.299    14042.4   -63221.5     4653.4    738.8    382.7    687.3 2022 12  7 21  1 17.020  0.0   1
      259  26.423322  103.022876    13.655    12704.7   -59306.3     2009.2    563.0    496.3    667.0 2022 12  7 21  7 23.940  0.0   1
      260  26.987122  102.926676    12.969     3122.8     3164.3     1323.3   1155.7   1233.1    865.5 2022 12  7 21 26 26.000  0.0   1
      261  27.001560  102.859106     4.914    -3585.1     4764.3    -6731.9    514.3    579.1    560.4 2022 12  7 21 26 49.960  0.0   1
      262  27.005086  102.759383     5.590   -13485.3     5154.8    -6055.0    525.2    692.1    854.4 2022 12  7 21 27 23.380  0.0   1
      263  27.302578  102.634993    14.479   -25799.7    38117.8     2834.0   1291.2    955.5   1928.5 2022 12  7 21 40 47.720  0.0   1
      264  27.029797  102.822974    21.536    -7171.6     7892.9     9890.1    671.3   1060.3    520.8 2022 12  7 21 44 20.520  0.0   1
      265  26.995192  102.931502    13.677     3601.4     4058.7     2031.5    609.9    526.0    674.1 2022 12  7 22  2 44.840  0.0   1
      266  26.986987  103.131543     5.164    23461.9     3149.4    -6481.8    550.1    565.8    957.7 2022 12  7 22  6 31.520  0.0   1
      267  26.954502  102.934945     9.626     3944.0     -449.9    -2019.8    846.1    736.2    762.6 2022 12  7 22 19 10.560  0.0   1
      268  27.098083  102.705737    13.496   -18803.1    15459.2     1850.5    844.7    690.2    726.8 2022 12  7 22 25 32.020  0.0   1
      269  26.984367  102.921663    12.376     2625.1     2859.1      730.2    478.9    511.5    659.6 2022 12  7 22 54 41.300  0.0   1
      270  26.993724  102.934098    11.671     3859.8     3895.9       25.3    785.8    744.8    766.7 2022 12  7 22 58 29.500  0.0   1
      271  26.994802  102.945394    14.051     4980.9     4015.4     2405.8   1223.3    768.0    937.1 2022 12  7 23 33 36.500  0.0   1
      272  26.989504  102.936589    13.865     4106.3     3428.3     2219.1    594.0    467.8    685.5 2022 12  7 23 33 49.560  0.0   1
      273  26.990953  102.950708    13.564     5508.5     3588.9     1918.1    945.2    505.6    761.7 2022 12  7 23 34  0.520  0.0   1
      274  27.044527  102.832406     9.351    -6234.5     9525.1    -2294.1    455.7    570.2    702.9 2022 12  7 23 40 58.480  0.0   1
      275  26.609521  103.039469    16.326    14344.7   -38674.9     4680.4    842.1    426.2    637.4 2022 12  8  1 16 41.430  0.0   1
      276  27.078137  102.828654     7.808    -6606.1    13249.2    -3837.9   1026.2    684.5    640.4 2022 12  8  1 17 31.840  0.0   1
      277  27.023421  102.931258    16.284     3576.8     7186.4     4638.2   1150.0    958.2    928.2 2022 12  8  1 19 29.050  0.0   1
      278  26.989742  102.784017    10.306   -11040.0     3454.6    -1339.2    582.6    491.4    911.2 2022 12  8  2 49 30.920  0.0   1
      279  27.057239  102.654370     4.932   -23904.6    10933.6    -6713.6    752.5    829.4    856.9 2022 12  8  2 58 42.810  0.0   1
      280  26.811001  103.080957     3.926    18453.8   -16350.3    -7718.7   1074.5    897.5   1212.3 2022 12  8  3 31 17.930  0.0   1
      281  27.011698  102.799406    12.639    -9511.6     5887.4      993.8    391.2    482.0    680.8 2022 12  8  7  9 22.640  0.0   1
      282  27.035382  102.801538    16.021    -9299.1     8511.7     4375.9    472.4    489.0    655.1 2022 12  8  8 37 55.900  0.0   1
      283  27.040413  102.853206    20.123    -4170.0     9069.2     8477.9    618.7    469.0    688.4 2022 12  8  8 46  1.380  0.0   1
      284  27.042428  102.886304    15.530     -885.3     9292.4     3884.8    582.3    520.0    662.8 2022 12  8  8 53 46.270  0.0   1
      285  27.008795  102.824609    13.085    -7010.1     5565.8     1439.3    407.2    649.0    580.2 2022 12  8  9  4  0.310  0.0   1
      286  27.034088  102.807682    15.724    -8689.4     8368.3     4078.1    486.3    491.7    653.1 2022 12  8  9 31 51.900  0.0   1
      288  27.152706  102.721077     9.420   -17276.5    21511.6    -2225.0    980.3    879.3   1305.2 2022 12  8 11 47 33.570  0.0   1
      291  26.863359  102.931519    16.121     3605.3   -10548.8     4475.3    577.2    464.9    553.3 2022 12  8 15 40 48.130  0.0   1
      292  27.016166  102.830444    10.679    -6430.0     6382.6     -966.7    405.7    392.5    570.1 2022 12  8 15 42 25.850  0.0   1
      293  26.987891  102.936979    10.004     4145.1     3249.6    -1641.1    865.6    817.4    874.8 2022 12  8 15 44 29.920  0.0   1
      294  26.895266  102.993522     8.798     9762.8    -7013.5    -2847.0    647.8    631.1    921.8 2022 12  8 16  6 31.640  0.0   1
      295  26.984625  102.945369    12.908     4978.4     2887.7     1262.5    582.8    503.1    663.5 2022 12  8 17  3 51.920  0.0   1
      296  26.949923  102.912459     9.865     1711.6     -957.4    -1780.5    650.8    604.3    795.8 2022 12  8 17  8 25.440  0.0   1
      297  26.984442  102.937419    13.163     4188.9     2867.4     1517.1    489.1    511.6    680.7 2022 12  8 17 27 33.540  0.0   1
      298  26.986375  102.598584     7.767   -29450.0     3081.6    -3878.8    478.1    615.9    722.6 2022 12  8 18  0  1.720  0.0   1
      299  26.980225  102.899731     5.447      447.3     2400.2    -6198.7    828.4    680.7    638.8 2022 12  8 19 10 37.400  0.0   1
      300  27.029753  102.691309    14.822   -20240.8     7887.9     3176.2    798.6    388.1    430.1 2022 12  8 19 15 52.580  0.0   1
      301  26.929083  102.888249     5.788     -692.9    -3266.4    -5857.4   1099.6    868.6    936.0 2022 12  8 19 47  3.900  0.0   1
      302  27.074681  102.598608     6.685   -29436.0    12866.0    -4960.1    627.4    780.7    775.2 2022 12  8 19 55  6.340  0.0   1
      303  27.184694  103.125033    11.890    22795.3    25055.9      244.8    803.2    925.7    976.3 2022 12  8 21 45 51.980  0.0   1
      304  26.665780  103.009928    14.903    11403.6   -32441.2     3258.0    643.8    687.0    860.3 2022 12  8 22  9 17.000  0.0   1
      305  26.391937  102.999878    10.451    10417.0   -62783.8    -1194.9    739.7    628.6   1251.1 2022 12  9  1 32 59.460  0.0   1
      306  26.952089  102.862313    11.732    -3267.7     -717.3       86.1    547.6    626.0    849.4 2022 12  9  1 44 46.830  0.0   1
      307  26.952944  102.860482    13.199    -3449.8     -622.5     1553.3    510.5    607.2    735.8 2022 12  9  2 21  4.330  0.0   1
      308  27.062858  102.836898    15.932    -5788.1    11556.2     4286.4    655.4    562.1    718.2 2022 12  9  3  7 42.560  0.0   1
      309  27.069116  102.757715    12.370   -13646.7    12249.5      724.8    539.3    405.8    564.7 2022 12  9  4 26 42.200  0.0   1
      310  27.022188  102.772770    16.600   -12154.9     7049.9     4954.7    485.8    439.5    639.6 2022 12  9  4 54 40.440  0.0   1
      311  26.505208  103.060059    14.199    16398.9   -50233.0     2553.3    456.7    574.4    447.7 2022 12  9  6  2 32.420  0.0   1
      312  26.982753  103.248633    16.182    35087.1     2680.3     4536.7   1772.7   1387.9   2040.1 2022 12  9  6 12 21.060  0.0   1
      313  26.587510  103.014193    14.269    11831.7   -41113.8     2623.7    524.9    588.8    540.9 2022 12  9  6 27 37.880  0.0   1
      314  26.763011  103.006388     3.009    11047.2   -21667.7    -8636.9   1292.1   3157.5   2514.1 2022 12  9  7  1 15.700  0.0   1
      315  27.119043  102.870036     8.613    -2499.1    17781.6    -3032.6    566.6    495.1    991.9 2022 12  9  7  5 32.620  0.0   1
      316  26.958897  102.769645     6.107   -12469.1       37.0    -5538.9    677.3    713.1    934.7 2022 12  9  7 33 20.850  0.0   1
      317  26.903328  102.920662     9.501     2526.9    -6120.2    -2144.8    839.0    765.7    754.5 2022 12  9  8 16 49.390  0.0   1
      318  26.914410  102.892440     8.465     -276.2    -4892.4    -3180.5    687.8    664.1    650.0 2022 12  9  9 52 54.890  0.0   1
      319  27.034688  102.971232     1.748     7544.8     8435.0    -9897.5   1805.1   1348.9   2140.5 2022 12  9 10  3 58.080  0.0   1
      320  26.913961  102.810685     3.163    -8395.8    -4942.1    -8482.2    436.4    611.1    970.2 2022 12  9 10 52 59.240  0.0   1
      321  26.843502  103.068205     1.465    17184.5   -12749.1   -10180.0    706.5   1006.1   1237.0 2022 12  9 12 47 10.210  0.0   1
      322  27.061959  102.880249     4.453    -1486.0    11456.5    -7192.8    484.8    515.8    639.5 2022 12  9 13 30 41.560  0.0   1
      323  27.017853  102.921940     4.297     2651.8     6569.4    -7348.9    629.7    647.4    681.6 2022 12  9 14 15 16.460  0.0   1
      324  27.080255  102.826261     1.268    -6843.4    13483.7   -10376.3    522.3    480.7   1301.2 2022 12  9 14 21 36.930  0.0   1
      325  27.128821  102.858667    11.365    -3626.6    18865.0     -280.1    655.0    543.4    892.1 2022 12  9 14 42 33.820  0.0   1
      326  27.124762  102.868579     9.453    -2643.5    18415.2    -2192.0    581.6    517.7    948.3 2022 12  9 14 49 16.700  0.0   1
      327  26.952407  102.859855    13.116    -3511.5     -682.1     1470.2    508.0    594.9    736.0 2022 12  9 15  6 51.720  0.0   1
      328  26.877401  102.915332     3.282     1997.1    -8992.9    -8363.6    616.7    618.4    954.4 2022 12  9 15 41 15.900  0.0   1
      329  26.993542  102.768473     3.887   -12583.6     3875.9    -7758.7    772.7    983.1   1657.4 2022 12  9 16 16  3.700  0.0   1
      330  26.906946  102.919889    10.327     2449.8    -5719.4    -1318.4    858.0    811.9    697.7 2022 12  9 16 23  8.160  0.0   1
      331  27.012059  102.723617    14.754   -17035.3     5927.3     3109.0    643.5    233.6    552.4 2022 12  9 18 41 57.680  0.0   1
      332  27.011646  102.833586     3.698    -6118.5     5881.7    -7947.0   1036.2    991.2    949.6 2022 12  9 18 58 48.920  0.0   1
      333  27.027024  102.766707    15.557   -12756.3     7585.7     3911.1    490.9    452.3    611.5 2022 12  9 19  2 11.320  0.0   1
      334  27.022294  102.781771    14.396   -11261.8     7061.5     2750.3    402.0    339.6    559.8 2022 12  9 19  2 24.300  0.0   1
      335  26.978841  102.622949     4.557   -27031.8     2246.7    -7088.7    578.7    423.0    562.7 2022 12  9 19  4 23.340  0.0   1
      336  27.009208  102.828035     2.990    -6669.7     5611.7    -8655.4    975.6    862.0   1137.2 2022 12  9 19  8 33.920  0.0   1
      337  27.024459  102.778231    14.967   -11613.1     7301.5     3321.5    742.2    536.9    673.0 2022 12  9 19  9 55.800  0.0   1
      338  27.022811  102.778971    14.224   -11539.5     7118.8     2578.3    410.4    328.8    575.5 2022 12  9 19 11 23.800  0.0   1
      339  27.031919  102.774259    16.171   -12007.2     8128.1     4526.0    719.6    541.1    668.1 2022 12  9 19 12  2.400  0.0   1
      340  27.024198  102.777710    15.758   -11664.7     7272.6     4112.3    430.6    439.3    640.8 2022 12  9 19 12 49.200  0.0   1
      341  27.083223  102.801815    22.591    -9269.3    13812.8    10945.7   1066.6   1004.5    813.5 2022 12  9 19 12 59.800  0.0   1
      342  27.026036  102.713973    17.101   -17991.4     7476.1     5455.7    745.4    233.1    542.2 2022 12  9 19 14 36.780  0.0   1
      343  27.021104  102.724601    16.406   -16937.0     6929.7     4760.6    718.1    220.4    574.9 2022 12  9 19 26 26.960  0.0   1
      344  27.011428  102.782161    11.898   -11223.3     5857.5      252.6    433.2    517.9    709.0 2022 12  9 19 38 27.680  0.0   1
      345  27.027781  102.790747    14.902   -10370.1     7669.5     3257.1    419.2    472.6    634.3 2022 12  9 20  7 59.040  0.0   1
      346  27.029911  102.789681    15.085   -10476.1     7905.6     3439.9    425.7    470.6    636.5 2022 12  9 20 38 46.120  0.0   1
      347  27.020435  102.725260    16.216   -16871.1     6855.6     4570.8    715.5    222.0    577.1 2022 12  9 20 38 57.460  0.0   1
      348  26.998676  102.603377     8.700   -28973.0     4444.6    -2945.3    561.4    693.8    710.2 2022 12  9 20 41 29.180  0.0   1
      349  27.024156  102.761621    15.518   -13261.3     7267.8     3872.5    458.5    439.7    636.8 2022 12  9 20 42 50.280  0.0   1
      350  27.019623  102.726668    15.732   -16731.2     6765.5     4086.6    675.7    281.0    630.4 2022 12  9 21 17 38.800  0.0   1
      351  27.010557  102.645369    15.161   -24802.8     5761.0     3516.0    668.6    463.0    548.5 2022 12  9 21 19  4.820  0.0   1
      352  27.118561  102.705778     5.527   -18796.8    17728.2    -6118.5    766.4    705.5    809.1 2022 12  9 21 25 27.200  0.0   1
      353  27.001508  102.932511    14.001     3702.1     4758.3     2355.2    688.0    531.3    688.0 2022 12  9 21 52 18.340  0.0   1
      354  27.017531  102.781323    14.117   -11306.3     6533.8     2472.2    437.3    356.1    532.8 2022 12  9 21 53 57.880  0.0   1
      355  27.016571  102.776921    14.112   -11743.2     6427.4     2466.3    424.3    332.5    574.4 2022 12  9 22 16 43.960  0.0   1
      356  27.034947  102.784871    15.631   -10953.2     8463.4     3985.4    401.8    446.8    636.8 2022 12  9 23  0 30.520  0.0   1
      357  27.033069  102.783895    15.987   -11050.5     8255.5     4341.7    404.2    409.2    625.2 2022 12  9 23  2  0.840  0.0   1
      358  27.021944  102.781706    14.640   -11267.9     7022.9     2994.8    418.5    347.5    580.7 2022 12  9 23  2 13.780  0.0   1
      359  27.020046  102.777799    14.636   -11656.1     6812.4     2990.7    378.4    617.0    587.6 2022 12  9 23  3 21.900  0.0   1
      360  27.031877  102.845719     8.656    -4913.8     8123.4    -2989.4    513.1    488.2    693.9 2022 12  9 23  4 41.580  0.0   1
      361  27.020713  102.782560    14.072   -11183.2     6886.5     2426.6    442.0    420.7    546.8 2022 12  9 23  5 19.240  0.0   1
      362  27.018717  102.780444    13.879   -11393.2     6665.2     2233.2    433.1    378.9    542.8 2022 12  9 23  9  8.280  0.0   1
      363  27.018939  102.781340    14.479   -11304.6     6689.8     2833.8    416.0    320.6    542.1 2022 12  9 23 20 22.480  0.0   1
      364  26.712984  102.729533     6.157   -16469.4   -27210.8    -5488.0    559.2    656.0    662.7 2022 12  9 23 26 19.160  0.0   1
      365  27.022099  102.765942    15.348   -12833.1     7039.8     3702.5    431.8    404.8    608.0 2022 12  9 23 30 43.800  0.0   1
      366  27.008720  102.776644    12.950   -11771.3     5557.6     1304.5    420.3    482.6    687.1 2022 12  9 23 32  8.740  0.0   1
      367  27.025236  102.779020    15.422   -11534.6     7387.5     3776.4    398.1    430.8    633.0 2022 12  9 23 33 11.360  0.0   1
      368  27.021802  102.779761    14.616   -11461.5     7007.1     2970.9    434.0    361.8    582.1 2022 12  9 23 33 38.580  0.0   1
      369  27.019025  102.784530    14.333   -10988.2     6699.2     2687.3    410.7    346.3    542.2 2022 12  9 23 34 43.080  0.0   1
      370  27.025891  102.810807    12.975    -8379.6     7460.1     1329.6    415.1    355.9    591.3 2022 12  9 23 38 56.520  0.0   1
      371  27.034452  102.776497    16.552   -11784.3     8408.8     4906.4    605.0    450.4    660.4 2022 12  9 23 43 26.920  0.0   1
      372  27.014632  102.782007    13.251   -11238.9     6212.7     1605.8    399.9    503.7    695.0 2022 12  9 23 56 51.960  0.0   1
      373  27.021576  102.783073    14.102   -11132.4     6982.1     2456.3    431.0    419.8    583.0 2022 12  9 23 58  5.880  0.0   1
      374  27.051408  102.801481    16.250    -9304.0    10287.4     4604.6    466.7    483.5    651.5 2022 12  9 23 59 10.960  0.0   1
      375  27.024636  102.703613    18.405   -19019.5     7321.0     6759.8    728.0    267.9    523.2 2022 12 10  0  4 35.350  0.0   1
      376  27.007617  102.780233    12.144   -11415.3     5435.2      498.9    410.9    475.1    684.3 2022 12 10  0  5 47.270  0.0   1
      377  27.031478  102.787215    15.632   -10720.9     8079.1     3986.7    376.5    441.0    639.2 2022 12 10  0  7 50.470  0.0   1
      378  27.029824  102.782943    16.296   -11145.2     7895.9     4650.3    390.4    430.4    649.8 2022 12 10  0 16  7.980  0.0   1
      379  27.029350  102.789494    16.303   -10494.8     7843.4     4657.7    559.1    495.9    664.1 2022 12 10  0 16 55.370  0.0   1
      380  27.021285  102.783944    14.471   -11046.1     6949.7     2825.4    672.9    625.1    609.9 2022 12 10  0 17 36.370  0.0   1
      381  27.010421  102.781209    12.929   -11318.3     5746.0     1283.2    411.4    479.4    696.5 2022 12 10  0 18 52.750  0.0   1
      382  26.927264  102.922119     9.535     2670.8    -3468.1    -2110.6    781.7    540.5    765.1 2022 12 10  0 19 43.700  0.0   1
      383  27.042212  102.791577    17.891   -10287.7     9268.5     6245.4    734.1    745.1    769.6 2022 12 10  0 20  1.370  0.0   1
      384  27.023305  102.781055    14.331   -11332.3     7173.6     2685.8    481.6    415.6    596.1 2022 12 10  0 20 34.620  0.0   1
      385  27.031842  102.788379    15.611   -10605.6     8119.6     3965.2    473.4    498.7    636.2 2022 12 10  0 23 45.650  0.0   1
      386  27.027901  102.768368    16.369   -12591.6     7682.8     4723.5    460.3    435.5    644.0 2022 12 10  0 23 58.970  0.0   1
      387  27.025468  102.835376     9.296    -5940.4     7413.1    -2349.7    414.6    442.1    569.8 2022 12 10  0 24 40.970  0.0   1
      388  27.023537  102.788265    17.498   -10616.7     7199.3     5852.1    723.0    752.8    878.6 2022 12 10  0 25  4.370  0.0   1
      389  27.013123  102.780664    13.444   -11372.0     6045.2     1799.1    459.3    539.7    637.2 2022 12 10  0 30  7.610  0.0   1
      391  27.031842  102.772282    17.630   -12203.2     8119.6     5984.2    488.5    444.4    653.7 2022 12 10  0 36 34.050  0.0   1
      392  27.038745  102.784790    16.150   -10961.3     8884.5     4504.6    410.2    461.1    653.5 2022 12 10  0 50  4.960  0.0   1
      393  27.024931  102.704484    16.914   -18933.2     7353.8     5269.0    750.2    270.9    522.2 2022 12 10  0 52 34.380  0.0   1
      394  27.029966  102.773307    15.887   -12101.0     7911.7     4241.4    421.3    435.7    636.3 2022 12 10  0 57 35.320  0.0   1
      395  27.033120  102.776042    17.186   -11829.7     8261.1     5540.4    441.4    440.8    653.3 2022 12 10  1 10 53.820  0.0   1
      396  26.975861  102.658138     2.719   -23538.9     1916.5    -8926.1   1513.1    794.9   1381.8 2022 12 10  2 52 25.770  0.0   1
      397  27.016443  102.778923    16.357   -11544.7     6413.3     4711.2    409.8    387.3    633.5 2022 12 10  2 55 21.750  0.0   1
      398  27.000232  102.788973    10.153   -10548.1     4617.0    -1492.8    669.0    907.0   1301.5 2022 12 10  3 27 43.070  0.0   1
      399  27.075531  102.875350    19.896    -1971.9    12960.4     8250.9    692.6    581.4    813.2 2022 12 10  3 37 57.940  0.0   1
      400  27.024569  102.771525    15.118   -12278.8     7313.7     3473.0    401.0    455.0    639.6 2022 12 10  3 53 43.570  0.0   1
      401  27.010402  102.780168    13.178   -11421.6     5743.9     1532.8    555.4    573.2    736.9 2022 12 10  4  2 58.150  0.0   1
      402  27.112439  102.877043     8.557    -1803.7    17049.9    -3088.0    589.4    580.9    989.8 2022 12 10  4 15 33.600  0.0   1
      403  27.010944  102.780298    13.646   -11408.9     5803.8     2000.4    513.7    537.4    681.8 2022 12 10  4 28 38.310  0.0   1
      404  27.007237  102.776514    12.975   -11784.5     5393.2     1329.2    470.7    513.8    692.3 2022 12 10  4 28 50.300  0.0   1
      405  26.993390  102.771175     8.858   -12314.9     3859.0    -2787.2    626.2    941.5   1236.6 2022 12 10  4 29 51.090  0.0   1
      406  27.013057  102.775700    14.901   -11864.7     6038.2     3255.4    442.1    461.7    532.4 2022 12 10  4 30 13.770  0.0   1
      407  27.009363  102.779191    13.443   -11518.3     5628.7     1797.9    468.0    484.5    695.7 2022 12 10  4 30 38.900  0.0   1
      408  27.019468  102.784969    16.106   -10944.6     6748.4     4460.4    421.9    436.4    651.6 2022 12 10  4 31 10.420  0.0   1
      409  27.016840  102.775521    15.598   -11882.5     6457.2     3952.9    401.2    415.3    639.7 2022 12 10  4 31 26.200  0.0   1
      410  27.033490  102.772738    16.651   -12158.0     8302.1     5005.7    476.1    447.3    651.9 2022 12 10  4 31 54.400  0.0   1
      411  27.035197  102.778792    16.098   -11556.9     8491.3     4452.1    434.3    423.8    614.4 2022 12 10  4 33 42.300  0.0   1
      412  27.024394  102.784310    14.797   -11009.9     7294.1     3151.2    434.2    486.3    641.4 2022 12 10  4 38  2.810  0.0   1
      413  27.037089  102.785091    16.725   -10931.1     8700.9     5079.6    458.2    837.9    568.2 2022 12 10  4 39 51.300  0.0   1
      414  27.035345  102.779793    16.195   -11457.3     8507.6     4549.7    417.8    813.5    576.4 2022 12 10  4 40 12.230  0.0   1
      415  27.028530  102.786670    14.024   -10775.3     7752.4     2378.8    385.8    726.5    536.3 2022 12 10  4 41  0.660  0.0   1
      416  27.021840  102.777238    15.747   -11711.9     7011.4     4101.3    432.9    450.3    647.5 2022 12 10  4 41 58.060  0.0   1
      417  27.004789  102.777083    12.850   -11727.9     5122.0     1205.1    508.0    538.7    709.0 2022 12 10  4 42  6.970  0.0   1
      418  27.038578  102.774544    16.230   -11978.0     8865.9     4585.0    431.1    844.7    558.5 2022 12 10  4 44 29.340  0.0   1
      420  27.037174  102.780827    14.947   -11354.7     8710.2     3301.6    385.3    765.0    552.7 2022 12 10  4 50 50.090  0.0   1
      421  27.014720  102.774072    14.818   -12026.3     6222.2     3172.9    444.4    341.2    461.5 2022 12 10  5  0 58.380  0.0   1
      422  27.023454  102.778255    16.084   -11610.7     7190.0     4438.2    402.1    415.6    643.3 2022 12 10  5  3 24.840  0.0   1
      423  27.010588  102.780062    14.079   -11432.3     5764.5     2433.5    444.3    429.7    638.1 2022 12 10  5  3 45.760  0.0   1
      424  27.021615  102.782267    16.025   -11212.1     6986.4     4379.5    397.7    418.6    645.7 2022 12 10  5  6 32.710  0.0   1
      425  27.023482  102.778426    16.302   -11593.6     7193.3     4656.9    401.7    424.5    648.6 2022 12 10  5 20 22.910  0.0   1
      426  27.026632  102.765552    16.186   -12871.3     7542.3     4540.5    461.4    423.5    634.2 2022 12 10  5 22 51.970  0.0   1
      427  27.010793  102.818880     8.928    -7578.1     5787.2    -2717.7    444.3    434.4    622.4 2022 12 10  5 23  0.400  0.0   1
      428  27.074048  102.760229    11.179   -13397.0    12796.1     -466.7    461.6    397.1    562.9 2022 12 10  5 28 21.710  0.0   1
      429  27.027726  102.784644    14.905   -10976.6     7663.4     3259.3    447.5    485.1    641.1 2022 12 10  5 31  0.520  0.0   1
      431  27.011135  102.777897    12.270   -11646.5     5825.0      624.7    422.4    499.8    714.3 2022 12 10  5 37 15.300  0.0   1
      432  27.009090  102.780640    12.348   -11375.0     5598.5      702.5    485.7    558.9    769.2 2022 12 10  5 38  3.740  0.0   1
      433  26.952622  102.934546     6.864     3904.9     -658.2    -4781.8    671.3    604.5    778.3 2022 12 10  5 42 52.490  0.0   1
      434  27.007011  102.779102    12.809   -11527.7     5368.2     1163.2    445.1    471.7    700.8 2022 12 10  5 56 48.760  0.0   1
      435  26.930511  102.790120     9.144   -10436.9    -3108.2    -2501.6   1876.9   1821.7   2394.2 2022 12 10  5 57 34.310  0.0   1
      436  27.026719  102.783423    17.824   -11097.5     7551.8     6178.6    498.7    474.5    668.5 2022 12 10  6  4 39.510  0.0   1
      437  27.018909  102.778548    13.837   -11581.6     6686.4     2191.6    421.4    345.6    592.9 2022 12 10  6  7 15.240  0.0   1
      438  27.028660  102.766130    16.309   -12813.9     7766.9     4663.3    458.8    423.3    639.8 2022 12 10  6  9  5.320  0.0   1
      439  27.006081  102.777580    12.705   -11678.5     5265.2     1059.7    461.8    509.4    739.6 2022 12 10  6 12 39.370  0.0   1
      440  27.028109  102.776847    16.892   -11749.8     7705.8     5246.3    442.7    434.6    648.3 2022 12 10  6 55  7.290  0.0   1
      441  26.853764  102.939941     7.125     4442.2   -11612.0    -4520.2    703.2    595.3   1030.1 2022 12 10  7 33  3.360  0.0   1
      442  27.011259  102.780558    12.557   -11382.5     5838.9      911.9    370.5    492.8    699.2 2022 12 10  9  5 49.640  0.0   1
      443  27.009167  102.785433    12.005   -10898.9     5607.0      360.0    406.9    462.7    766.6 2022 12 10  9  6 14.380  0.0   1
      444  27.010610  102.781405    13.580   -11298.8     5766.9     1934.3    390.4    479.7    688.4 2022 12 10  9  8 47.580  0.0   1
      446  27.009176  102.780363    12.764   -11401.9     5608.0     1118.5    408.1    470.1    700.3 2022 12 10  9 15 10.840  0.0   1
      447  27.023181  102.721379    16.925   -17256.6     7159.8     5279.5    723.7    215.7    564.5 2022 12 10  9 16 23.050  0.0   1
      448  27.019808  102.777507    15.353   -11685.3     6786.1     3708.0    444.2    436.3    627.4 2022 12 10  9 18 22.630  0.0   1
      449  27.025566  102.704525    17.826   -18929.3     7423.9     6180.3    734.6    289.5    524.1 2022 12 10  9 38 48.070  0.0   1
      451  26.987337  102.916992    11.582     2161.6     3188.2      -63.2    490.5    546.6    657.7 2022 12 10  9 58 51.640  0.0   1
      452  27.022620  102.780542    15.604   -11383.8     7097.5     3958.1    420.4    438.3    647.7 2022 12 10 10 41  1.630  0.0   1
      453  27.020785  102.793913     8.731   -10056.7     6894.4    -2914.2    473.8    579.0    785.2 2022 12 10 10 56 21.860  0.0   1
      454  27.157745  102.894303    11.027      -91.0    22069.8     -618.0    646.5    506.5    941.1 2022 12 10 11  1 31.030  0.0   1
      455  27.016042  102.777865    14.338   -11649.5     6368.8     2692.2    452.8    501.4    628.0 2022 12 10 12 14 41.000  0.0   1
      456  27.007924  102.774235    12.856   -12010.8     5469.4     1211.0    363.3    464.7    694.3 2022 12 10 12 16 58.220  0.0   1
      457  27.008042  102.736426    14.820   -15763.4     5482.4     3174.5    639.9    349.8    623.7 2022 12 10 12 17 34.930  0.0   1
      458  27.038161  102.780599    16.443   -11377.5     8819.7     4797.5    444.3    458.6    651.3 2022 12 10 13 59 46.040  0.0   1
      459  26.997536  102.926440    14.476     3099.0     4318.4     2830.3    823.1    596.8    705.2 2022 12 10 15 39  4.860  0.0   1
      460  26.937274  102.903792    14.346      851.2    -2358.9     2700.4   1561.9    987.1   1136.0 2022 12 10 16 20 15.290  0.0   1
      461  27.028550  102.786914    15.209   -10750.8     7754.7     3563.1    375.2    408.8    602.8 2022 12 10 16 26 13.240  0.0   1
      462  27.023250  102.781893    14.524   -11249.3     7167.5     2878.6    421.1    392.0    604.5 2022 12 10 16 34 51.830  0.0   1
      463  26.953333  102.851099     9.888    -4381.5     -579.6    -1757.4   1090.7    783.8   1038.4 2022 12 10 17 21 50.360  0.0   1
      464  26.981525  102.950431     6.895     5481.1     2544.2    -4750.8    591.9    576.4    643.5 2022 12 10 17 57 47.520  0.0   1
      465  26.549209  103.061410    13.861    16530.1   -45357.7     2215.5    389.5    552.0    462.3 2022 12 10 19  9 46.200  0.0   1
      466  26.925033  102.802677     7.740    -9190.6    -3715.2    -3905.1    549.9    685.4    764.4 2022 12 10 20 30 22.320  0.0   1
      467  26.845768  102.960360    14.370     6470.7   -12498.0     2724.1    434.2    421.7    648.1 2022 12 10 21 18 33.060  0.0   1
      468  26.847048  102.959505    14.188     6385.6   -12356.1     2542.6    421.3    421.5    640.4 2022 12 10 21 21 10.640  0.0   1
      469  26.987891  102.955892     7.936     6022.8     3249.7    -3709.2    561.8    622.1    686.3 2022 12 10 22 12 13.640  0.0   1
      470  27.029865  102.801440    15.163    -9308.6     7900.4     3517.7    776.5    530.6    689.6 2022 12 10 23 30 21.280  0.0   1
      471  26.857330  103.151929     9.695    25499.7   -11217.0    -1950.2   1215.4    953.1   1164.7 2022 12 11  0 52 35.340  0.0   1
      472  26.989923  103.133586     4.683    23664.5     3474.8    -6962.7    678.7    508.6   1929.4 2022 12 11  3 53  4.230  0.0   1
      473  26.848024  102.983423    15.145     8761.8   -12247.9     3499.9    591.7    483.4    680.4 2022 12 11  4 18 28.800  0.0   1
      474  27.013389  102.784310    12.140   -11009.8     6074.9      494.9    369.4    473.9    686.6 2022 12 11  5  7 57.090  0.0   1
      475  27.022978  102.793392    13.158   -10108.4     7137.2     1512.3    352.5    661.7    542.5 2022 12 11  5 16 51.490  0.0   1
      476  27.275075  102.930697     6.364     3517.0    35070.4    -5281.1   1546.4   1088.8   1060.8 2022 12 11  5 46 27.900  0.0   1
      477  27.004661  102.535254     6.903   -35734.8     5107.8    -4742.8    784.2   1555.7   1610.1 2022 12 11  7  4 11.820  0.0   1
      478  27.026353  102.877677    14.329    -1741.8     7511.2     2683.5    526.9    437.7    658.7 2022 12 11  7  7 41.140  0.0   1
      479  27.041213  102.896842    14.716      160.6     9157.9     3070.2    608.8    518.3    678.7 2022 12 11  7 25 41.140  0.0   1
      480  27.063049  102.875968     5.363    -1910.8    11577.4    -6282.5    579.7    581.9    925.0 2022 12 11  8 39 41.810  0.0   1
      481  26.823326  102.600952    18.045   -29235.8   -14984.8     6399.1   1083.9    902.9   1351.1 2022 12 11  8 52 14.100  0.0   1
      482  26.660120  102.855282     8.046    -3970.7   -33068.3    -3599.3   1894.7   1807.0   1828.1 2022 12 11  8 55  4.240  0.0   1
      483  27.043119  102.886426    15.769     -873.6     9369.0     4123.5    636.6    570.6    707.6 2022 12 11  9  5  1.600  0.0   1
      484  26.694031  102.842830    17.523    -5208.3   -29310.8     5877.3    780.0    612.4    940.1 2022 12 11  9  8 16.010  0.0   1
      485  27.032094  102.709172    14.210   -18467.1     8147.3     2564.9   1524.8   1108.5    858.4 2022 12 11  9 31 41.480  0.0   1
      486  27.113070  102.924805     9.320     2935.0    17119.8    -2325.2    879.2    726.0   1000.5 2022 12 11 10 20 22.670  0.0   1
      487  27.030664  102.778149    16.684   -11621.0     7989.0     5038.6    480.3    494.7    669.9 2022 12 11 10 40 52.080  0.0   1
      488  27.110571  102.675586     7.558   -21793.9    16842.8    -4087.8   1086.9    800.0   1008.0 2022 12 11 10 41 18.100  0.0   1
      489  27.057987  102.899748     6.007      449.2    11016.4    -5638.2    523.5    484.1    696.9 2022 12 11 11 54 31.300  0.0   1
      490  26.428475  103.005851     8.495    11009.6   -58735.3    -3150.6    400.8    432.3    638.2 2022 12 11 12  6 48.020  0.0   1
      491  26.991300  102.634774    11.763   -25856.9     3627.5      117.8    567.0    489.9    540.2 2022 12 11 13  7 36.000  0.0   1
      492  27.028796  102.715389    17.541   -17850.6     7782.0     5895.9    741.1    268.0    550.9 2022 12 11 14 21 29.090  0.0   1
      493  27.028054  102.786507    16.105   -10791.6     7699.8     4459.5    565.5    439.9    665.6 2022 12 11 14 31 44.990  0.0   1
      496  27.029968  102.772933    15.794   -12138.7     7911.8     4148.9    465.3    442.9    634.9 2022 12 11 17 45 11.080  0.0   1
      497  26.898914  102.918481    15.421     2309.6    -6609.3     3775.2    611.7    565.8    795.9 2022 12 11 17 55 29.840  0.0   1
      498  27.118862  102.934578     9.418     3904.6    17761.4    -2227.1    770.1    631.5   1049.2 2022 12 11 18  4 39.040  0.0   1
      499  27.027816  102.709668    15.480   -18418.2     7673.5     3834.8    805.4    231.2    508.8 2022 12 11 18  5  0.880  0.0   1
      500  27.028817  102.780225    16.745   -11414.9     7784.4     5099.8    464.7    451.9    635.8 2022 12 11 18 27 15.280  0.0   1
      501  26.986273  102.927295    13.530     3184.4     3070.3     1884.7    563.3    484.1    650.7 2022 12 11 18 41 17.520  0.0   1
      502  26.892969  102.993400     8.799     9751.3    -7268.0    -2846.2    669.7    801.5   1123.8 2022 12 11 20 45 40.220  0.0   1
      503  27.063051  102.804443    11.862    -9009.2    11577.6      216.2    430.2    379.8    580.5 2022 12 11 21 19 34.060  0.0   1
      504  27.032286  102.787785    10.561   -10664.0     8168.5    -1084.8    393.2    349.0    589.4 2022 12 11 21 20  0.320  0.0   1
      505  27.028823  102.785514    15.303   -10889.5     7785.0     3657.4    479.9    443.1    648.2 2022 12 11 22 33 22.420  0.0   1
      506  27.070013  102.822762    12.033    -7191.0    12348.9      387.4    464.0    411.5    552.1 2022 12 11 22 55  8.760  0.0   1
      507  27.019908  102.778988    13.973   -11538.4     6797.2     2327.2    424.1    347.9    556.4 2022 12 11 23  0  6.580  0.0   1
      508  27.020146  102.779696    13.894   -11467.8     6823.4     2248.2    412.1    328.1    549.1 2022 12 11 23  0 59.900  0.0   1
      509  27.057387  102.803556    10.689    -9098.0    10950.0     -956.7    410.1    423.7    599.9 2022 12 11 23 16 48.860  0.0   1
      510  27.024361  102.721257    17.148   -17268.8     7290.5     5502.2    716.7    209.1    564.1 2022 12 11 23 28 44.320  0.0   1
      511  27.033543  102.786882    16.891   -10754.1     8308.0     5245.8    467.1    466.0    663.2 2022 12 11 23 29 59.760  0.0   1
      512  27.028939  102.786279    15.501   -10813.8     7797.9     3855.6    442.3    451.8    640.2 2022 12 11 23 30 57.000  0.0   1
      513  27.009969  102.781510    12.923   -11288.3     5695.9     1278.0    360.2    463.8    688.8 2022 12 11 23 31 50.440  0.0   1
      514  27.024540  102.767188    15.429   -12709.1     7310.4     3783.8    423.6    437.0    638.7 2022 12 11 23 33  5.720  0.0   1
      515  27.034263  102.791455    16.314   -10299.8     8387.7     4668.6    545.6    514.1    668.8 2022 12 11 23 33 36.960  0.0   1
      516  27.028048  102.781543    15.862   -11284.2     7699.1     4216.8    396.4    438.9    649.0 2022 12 11 23 34 16.940  0.0   1
      517  27.027832  102.772868    16.376   -12144.9     7675.2     4730.1    465.7    444.7    645.5 2022 12 11 23 36 53.560  0.0   1
      518  27.025409  102.772469    16.325   -12184.8     7406.6     4679.9    436.9    425.9    647.0 2022 12 11 23 38 39.480  0.0   1
      519  27.016624  102.773779    15.142   -12055.4     6433.2     3496.2    399.0    407.5    599.7 2022 12 11 23 38 49.480  0.0   1
      520  26.989467  102.607983     7.920   -28516.5     3424.2    -3725.0    432.2    547.8    601.1 2022 12 11 23 40 31.280  0.0   1
      521  26.941756  102.885954    14.355     -920.8    -1862.3     2709.7   1093.4    836.7    860.7 2022 12 11 23 43 25.960  0.0   1
      522  27.120443  102.721175     4.728   -17269.5    17936.6    -6917.1    622.9    632.6    890.3 2022 12 11 23 52 17.580  0.0   1
      523  27.109410  102.936019    17.812     4047.8    16714.2     6166.5   1358.6   1054.0   1191.0 2022 12 12  0 58 37.420  0.0   1
      524  27.201571  103.217155     8.509    31931.2    26925.9    -3136.8    506.7    493.8   1051.7 2022 12 12  1  6  8.760  0.0   1
      525  27.004480  103.473193     4.083    57375.8     5087.6    -7562.7    774.5    957.1   4547.9 2022 12 12  2 54 53.290  0.0   1
      526  27.023122  102.769808    14.222   -12449.3     7153.4     2576.2   1546.1   1163.1   1357.6 2022 12 12  3 25 55.480  0.0   1
      528  27.036424  102.808008     7.087    -8656.5     8627.1    -4558.6    542.1    678.0    716.8 2022 12 12  3 45 16.600  0.0   1
      529  27.078746  103.189242     3.444    29178.3    13316.6    -8201.0    833.5    605.7   1237.0 2022 12 12  3 53 20.830  0.0   1
      530  27.017126  102.735547    13.496   -15850.2     6489.0     1850.1    793.9    763.2    791.6 2022 12 12  4  8 19.230  0.0   1
      531  27.016219  102.794808    11.843    -9968.2     6388.5      197.9    311.9    575.4    553.1 2022 12 12  4  9 53.810  0.0   1
      532  27.025423  102.731958    14.674   -16206.2     7408.2     3028.2    537.1    341.3    543.8 2022 12 12  4 11  8.620  0.0   1
      533  27.023690  102.731087    14.671   -16292.7     7216.2     3025.1    567.7    609.3    573.4 2022 12 12  4 16 56.180  0.0   1
      534  26.979272  103.128906     5.416    23201.0     2294.6    -6229.2    594.4    495.6    749.2 2022 12 12  4 48 23.710  0.0   1
      535  27.023875  102.882520    12.218    -1260.9     7236.8      572.3    674.3    521.1    688.4 2022 12 12  5 27  6.270  0.0   1
      537  27.080275  103.209587    10.352    31197.3    13486.1    -1293.3    953.6    673.8   1221.4 2022 12 12  6 56 44.000  0.0   1
      539  27.044576  102.840690    10.918    -5413.0     9530.4     -727.2    543.2    563.3    654.6 2022 12 12  7 53  5.060  0.0   1
      540  27.191595  103.173901     9.606    27642.3    25820.6    -2039.1    449.9    597.2    743.5 2022 12 12  8 30 31.080  0.0   1
      541  27.190489  103.180111     7.228    28257.9    25698.0    -4417.5    519.5    648.9   1069.5 2022 12 12  8 32 43.590  0.0   1
      542  27.184383  103.183854     2.764    28629.9    25021.5    -8881.4    568.9    730.7   1221.7 2022 12 12  8 37 37.480  0.0   1
      543  27.012854  102.775716    12.714   -11863.0     6015.5     1068.5    388.8    476.2    689.7 2022 12 12  9 25 20.530  0.0   1
      544  27.010551  102.772054    13.245   -12227.1     5760.3     1599.5    400.6    462.4    693.2 2022 12 12  9 28  7.950  0.0   1
      545  27.037028  102.765275    16.054   -12898.0     8694.1     4408.5    356.2    766.7    562.0 2022 12 12  9 28 26.050  0.0   1
      546  27.189335  103.180184     6.555    28265.7    25570.1    -5090.7    451.2    525.7   1258.4 2022 12 12  9 34  7.930  0.0   1
      547  26.973346  102.792448     9.812   -10203.8     1637.9    -1833.9    700.8    829.6   1323.6 2022 12 12 10 32 56.010  0.0   1
      548  27.015448  102.868026    13.718    -2699.6     6303.1     2072.9    627.1    651.9    652.5 2022 12 12 11 18 55.920  0.0   1
      549  26.942893  103.107048     6.574    21033.8    -1736.3    -5071.3    770.3    643.2    769.7 2022 12 12 11 26  8.870  0.0   1
      550  27.180037  103.172835     5.744    27537.6    24540.1    -5901.8    381.4    716.4   1375.4 2022 12 12 11 39 38.960  0.0   1
      551  27.200149  103.194539     9.485    29688.1    26768.3    -2160.2    980.2    714.5   1264.8 2022 12 12 11 40  5.790  0.0   1
      552  27.191191  103.177922     7.801    28040.9    25775.8    -3844.4    525.6    610.4   1406.9 2022 12 12 15  9 38.520  0.0   1
      553  26.340808  102.949349     3.374     5388.7   -68449.0    -8271.1   1273.9    975.1   1798.5 2022 12 12 15 35 40.260  0.0   1
      555  27.076705  102.751392    10.076   -14273.8    13090.4    -1569.5    488.0    448.3    556.6 2022 12 12 18 25 44.040  0.0   1
      556  26.392877  102.680306    20.380   -21392.4   -62679.5     8734.2    906.0    779.2   1126.2 2022 12 12 18 56 44.560  0.0   1
      557  27.091382  102.895044    12.409      -17.6    14716.7      763.1    646.6    613.5    778.4 2022 12 12 19  9 31.000  0.0   1
      558  26.856968  102.938338     2.398     4282.6   -11257.1    -9247.7    775.1   1164.1   2945.7 2022 12 12 19 42  8.500  0.0   1
      559  26.941703  102.863875    12.383    -3112.5    -1868.2      737.5    554.3    612.8    788.6 2022 12 12 20  1 37.000  0.0   1
      560  26.935832  102.862069     2.613    -3292.5    -2518.7    -9032.3    504.1    623.9    645.6 2022 12 12 20 20 33.280  0.0   1
      562  27.112305  102.782910    18.758   -11144.2    17034.9     7112.7   1424.8   1187.9   1241.6 2022 12 12 20 41  2.240  0.0   1
      563  27.032983  102.777531    11.579   -11682.0     8246.0      -66.5    552.0    460.7    666.1 2022 12 12 21 23 14.880  0.0   1
      564  26.450067  102.734985    19.119   -15945.7   -56342.7     7473.6   1275.5   1129.9   1805.6 2022 12 12 21 28 29.020  0.0   1
      565  27.054903  102.774064    16.676   -12025.4    10674.6     5031.0    433.2    761.4    530.2 2022 12 12 21 32 46.480  0.0   1
      566  26.956207  102.762280     4.515   -13200.3     -261.0    -7130.4    770.0    847.0   1167.9 2022 12 12 21 42 14.480  0.0   1
      567  27.193864  103.047013     3.567    15056.3    26072.0    -8078.1   1845.6   1921.4   3487.8 2022 12 12 22  2 28.960  0.0   1
      568  27.061890  102.826823     3.092    -6788.3    11448.8    -8553.4    700.7    988.1   1216.3 2022 12 12 22 23  9.920  0.0   1
      569  26.452136  102.737337    19.584   -15711.4   -56113.5     7939.0   1284.9   1133.5   1731.5 2022 12 12 22 45 53.600  0.0   1
      570  27.005583  103.159180    10.996    26203.2     5209.9     -649.3   1301.0    839.0   1274.9 2022 12 13  2  3 30.090  0.0   1
      571  27.027490  102.792546    14.809   -10191.6     7637.3     3163.3    420.9    481.4    634.8 2022 12 13  2 49 47.460  0.0   1
      575  27.012984  102.775391    12.820   -11895.8     6030.0     1174.5    411.2    454.2    664.3 2022 12 13  3 44 31.160  0.0   1
      576  27.007701  102.783480    12.833   -11093.0     5444.5     1187.7    394.0    462.4    683.7 2022 12 13  4 32 32.150  0.0   1
      577  27.023625  102.781217    16.093   -11316.3     7208.9     4447.2    398.8    423.2    652.2 2022 12 13  4 36 38.660  0.0   1
      579  26.959090  102.932756    13.283     3726.8       58.3     1637.7    531.5    484.0    693.0 2022 12 13  6 52 58.180  0.0   1
      580  27.128796  102.867505     8.035    -2750.3    18862.2    -3610.7    578.6    488.8   1131.7 2022 12 13  7  5 23.840  0.0   1
      581  26.714661  102.680534     4.454   -21339.3   -27025.0    -7191.8    553.8    605.6    794.6 2022 12 13  8 18 40.940  0.0   1
      582  26.990299  102.919824    11.122     2442.3     3516.6     -523.9    487.9    538.2    672.8 2022 12 13  8 20  1.380  0.0   1
      583  26.987244  102.725594    18.397   -16840.9     3177.8     6751.8    711.7    266.7    603.3 2022 12 13  8 25 37.840  0.0   1
      584  26.651253  103.018343    17.143    12241.6   -34050.8     5497.5    670.4    663.4    637.1 2022 12 13  8 30  5.480  0.0   1
      585  27.186959  103.176497     5.321    27900.2    25306.9    -6323.9    681.4    809.6   1297.4 2022 12 13  8 32  6.510  0.0   1
      586  27.046379  102.848332    19.645    -4654.4     9730.2     8000.0    728.4    566.3    589.3 2022 12 13  9 30 41.550  0.0   1
      587  27.125602  102.870142     7.342    -2488.3    18508.5    -4303.8    568.3    514.7   1075.8 2022 12 13 13  9 49.880  0.0   1
      588  27.072201  102.733130     8.362   -16086.4    12591.3    -3283.6    585.9    504.3    610.9 2022 12 13 15  5  6.060  0.0   1
      589  26.997048  102.817440    16.057    -7721.6     4264.2     4411.4    562.2    423.0    643.9 2022 12 13 15 28  8.810  0.0   1
      590  26.979932  102.627230     4.635   -26607.2     2367.7    -7010.4    624.1    441.8    548.0 2022 12 13 15 35 26.610  0.0   1
      591  27.047699  102.782145    13.681   -11223.5     9876.5     2035.4    591.2    478.6    620.2 2022 12 13 16 14 18.240  0.0   1
      592  27.107808  103.154443     4.974    25721.5    16536.8    -6671.4    795.2    667.1   1856.3 2022 12 13 16 18 10.850  0.0   1
      593  27.010435  102.728459    15.835   -16554.9     5747.6     4189.7    707.6    231.3    588.8 2022 12 13 16 34 49.030  0.0   1
      594  26.368142  103.004924     8.024    10920.8   -65420.2    -3621.8   1363.4    847.0   1777.2 2022 12 13 18 14 35.240  0.0   1
      595  27.224359  103.084155     3.174    18737.4    29451.0    -8470.1   1713.4   3269.5   3442.7 2022 12 13 19 10  4.120  0.0   1
      596  27.033988  102.787410    17.331   -10701.1     8357.4     5685.8    513.8    468.9    661.5 2022 12 13 19 49 56.100  0.0   1
      597  26.876137  102.953516    15.755     5790.1    -9133.1     4109.9    489.9    468.1    648.3 2022 12 13 20  2 58.240  0.0   1
      598  27.118146  103.228198    13.435    33038.2    17682.1     1789.7   1016.2    850.3   1328.6 2022 12 13 20  4  6.960  0.0   1
      599  27.035952  102.797526    10.557    -9696.8     8574.9    -1088.7    449.3    580.6    881.4 2022 12 13 21 16 37.660  0.0   1
      600  27.118278  102.897380    12.501      213.7    17696.8      855.9    661.4    552.6    849.7 2022 12 13 21 51 49.020  0.0   1
      602  27.062937  102.869954     4.524    -2507.9    11565.0    -7121.6    551.0    512.6    816.6 2022 12 13 22 11  1.000  0.0   1
      603  27.114663  102.898584    10.297      333.1    17296.2    -1348.6    536.6    507.1    864.0 2022 12 13 22 21 21.120  0.0   1
      604  27.242039  102.916602     2.827     2120.0    31409.9    -8818.6   1380.7   1035.3   1203.5 2022 12 13 23 40 41.440  0.0   1
      605  27.164313  102.862931     3.015    -3203.4    22797.6    -8630.2    679.3    551.7   1497.7 2022 12 13 23 58  4.480  0.0   1
      606  26.992531  102.829224     2.072    -6552.3     3763.8    -9573.8   1043.6    711.1   2091.6 2022 12 14  0 10 40.510  0.0   1
      607  26.932896  102.853882     3.271    -4105.0    -2844.1    -8373.6   1106.5    581.4   1963.2 2022 12 14  2  5 52.150  0.0   1
      608  27.172103  102.687565     5.843   -20599.5    23660.8    -5802.4    960.9    684.0   1162.9 2022 12 14  3  4 20.650  0.0   1
      609  26.710455  103.052856     1.690    15668.6   -27491.0    -9955.5   1160.4   1525.5   2073.3 2022 12 14  4 49 43.120  0.0   1
      610  27.044843  102.765633    16.372   -12862.4     9559.9     4726.7    382.0    781.0    551.4 2022 12 14  5  3 22.110  0.0   1
      611  26.949760  102.922371    11.493     2695.4     -975.4     -152.3    471.1    465.7    665.2 2022 12 14  5 11 33.280  0.0   1
      612  26.956374  102.926481    13.812     3104.0     -242.5     2166.9    702.5    507.4    773.4 2022 12 14  5 11 45.030  0.0   1
      613  27.169102  102.859163     6.087    -3577.0    23328.3    -5558.6    620.1    484.5    945.3 2022 12 14  5 46 58.300  0.0   1
      614  27.062524  102.872152     5.145    -2289.7    11519.1    -6500.0    432.0    511.3    726.8 2022 12 14  5 56  3.100  0.0   1
      615  26.934473  102.851473     2.833    -4344.2    -2669.3    -8812.1    476.2    581.6    703.3 2022 12 14  6  2  3.860  0.0   1
      616  27.039675  102.870011    17.699    -2502.5     8987.4     6053.6    519.9    501.6    720.1 2022 12 14  6 21 50.690  0.0   1
      618  26.976196  102.825667    23.120    -6905.6     1953.9    11474.8   1119.9   1217.8    805.6 2022 12 14  8 21 11.680  0.0   1
      619  26.951514  102.923722    12.107     2830.0     -781.2      461.6    537.6    521.0    661.9 2022 12 14  9  0 27.610  0.0   1
      620  27.142403  102.866699    14.484    -2829.7    20370.1     2838.9    713.0    583.6    721.9 2022 12 14  9  2 36.970  0.0   1
      621  27.191512  103.178662     6.748    28114.1    25811.3    -4897.7    357.5    401.9    893.6 2022 12 14  9 46 49.350  0.0   1
      622  26.927356  102.862614     4.517    -3238.0    -3457.8    -7128.9    458.1    571.6    494.1 2022 12 14  9 50  9.980  0.0   1
      623  27.003229  102.897705     8.832      246.3     4949.1    -2813.0    577.2    539.2    659.6 2022 12 14 12  9 49.100  0.0   1
      624  26.905039  102.936377    10.755     4087.6    -5930.5     -890.2    525.6    485.7    761.2 2022 12 14 12 21 32.550  0.0   1
      625  26.885634  102.988420     3.588     9256.5    -8080.6    -8057.4    724.4    840.9   1504.5 2022 12 14 13 26 32.250  0.0   1
      626  27.050492  102.910897     2.026     1555.9    10186.1    -9619.1    546.1    487.3    886.7 2022 12 14 13 42 34.530  0.0   1
      627  27.012764  102.810303    14.845    -8429.7     6005.6     3199.3    345.6    728.4    664.0 2022 12 14 14  9 55.190  0.0   1
      628  27.130096  103.227108     6.641    32928.2    19006.4    -5004.2    786.6    659.7   1940.0 2022 12 14 14 26 40.570  0.0   1
      629  27.122565  102.896484    14.959      125.5    18171.9     3313.7   1042.0    743.4   1010.1 2022 12 14 14 36 11.000  0.0   1
      630  27.116693  102.893750     8.071     -146.1    17521.2    -3574.7    580.8    525.2    951.4 2022 12 14 14 37 23.930  0.0   1
      631  26.992653  102.932902    13.738     3740.5     3777.3     2092.6    592.5    486.4    671.8 2022 12 14 16 23 53.450  0.0   1
      632  26.995487  102.930965    13.763     3548.4     4091.3     2117.2    723.8    522.5    689.2 2022 12 14 16 24 11.180  0.0   1
      633  26.992867  102.932324    13.884     3682.9     3801.0     2238.7    647.8    526.6    689.1 2022 12 14 16 24 44.600  0.0   1
      634  26.993571  102.929940    13.891     3446.6     3878.9     2245.8    607.5    495.3    672.0 2022 12 14 16 27 20.430  0.0   1
      635  26.990904  102.938851    13.944     4331.2     3583.3     2298.4    517.1    452.2    665.0 2022 12 14 16 27 48.520  0.0   1
      636  26.971010  102.933040    12.486     3754.7     1379.2      840.3    496.3    477.4    660.7 2022 12 14 16 30 45.260  0.0   1
      637  26.996397  102.939469    14.061     4392.2     4192.0     2416.0    881.3    605.7    744.8 2022 12 14 16 32  0.050  0.0   1
      638  27.167446  102.858643     4.511    -3629.1    23144.9    -7134.8    597.9    474.4    943.8 2022 12 14 16 38 29.110  0.0   1
      640  27.173354  102.856698     9.921    -3822.0    23799.4    -1724.3    664.9    512.7    942.8 2022 12 14 18 24  8.560  0.0   1
      642  27.070866  102.775407     5.561   -11891.0    12443.5    -6084.9    664.4    667.9    998.0 2022 12 14 18 38 49.780  0.0   1
      643  26.982444  102.923722    12.041     2829.8     2646.0      395.9    588.7    542.1    674.4 2022 12 14 18 47  2.640  0.0   1
      644  26.992169  102.930843    14.099     3536.6     3723.7     2454.0    738.7    592.9    758.8 2022 12 14 19  3  1.420  0.0   1
      645  27.109562  102.901986     6.386      670.7    16731.0    -5259.2    582.9    595.6    741.0 2022 12 14 19  9 20.920  0.0   1
      646  26.987860  102.925977    12.558     3053.4     3246.1      912.3    463.8    506.5    658.0 2022 12 14 19 15 28.000  0.0   1
      647  27.107552  102.900635    14.470      537.1    16508.5     2824.1    668.4    557.0    850.1 2022 12 14 20 52 22.860  0.0   1
      648  27.047223  102.800846    11.488    -9367.4     9823.8     -157.6    390.9    338.3    588.9 2022 12 14 21  7 38.040  0.0   1
      649  27.152504  102.845540    12.812    -4928.5    21489.2     1166.2    731.6    728.3   1011.5 2022 12 14 21 48 24.440  0.0   1
      652  26.943636  102.741569    22.748   -15257.2    -1654.0    11102.6   1560.3   1341.3    948.1 2022 12 14 22 27  4.760  0.0   1
      653  27.168846  102.859090     5.203    -3584.2    23299.8    -6442.7    822.1    739.3   1206.7 2022 12 14 22 27 47.200  0.0   1
      654  27.167041  102.859115     4.565    -3581.9    23099.9    -7080.6    692.9    598.6   1590.0 2022 12 14 22 30 22.560  0.0   1
      655  27.171106  102.864315    10.290    -3066.3    23550.3    -1355.0    694.0    807.4   2190.7 2022 12 14 22 31  5.520  0.0   1
      656  26.962130  102.888224    13.496     -694.9      395.1     1850.6    910.0    796.6    766.0 2022 12 14 22 43  4.480  0.0   1
      657  27.030359  102.762093    15.827   -13214.1     7955.2     4181.9    488.3    444.8    641.4 2022 12 14 22 55 57.520  0.0   1
      658  27.031610  102.774764    15.626   -11956.4     8093.7     3980.7    418.7    454.2    646.9 2022 12 14 22 58 13.260  0.0   1
      659  27.061831  102.788932    13.291   -10549.2    11442.3     1645.5    486.6    462.0    577.6 2022 12 14 23 45 14.860  0.0   1
      660  27.136601  102.878597     4.887    -1649.8    19727.0    -6758.6    578.8    426.8    797.9 2022 12 14 23 58 52.440  0.0   1
      662  27.145192  102.874845    13.119    -2021.9    20679.0     1473.2    657.1    536.6    876.8 2022 12 15  2 46 40.180  0.0   1
      663  27.015483  102.828947    10.431    -6579.0     6306.9    -1214.6    429.9    404.1    569.2 2022 12 15  3 10 19.750  0.0   1
      664  27.066868  102.800391    18.930    -9411.6    12000.6     7284.9    762.2    709.8    778.1 2022 12 15  3 38 58.080  0.0   1
      665  27.015912  102.776571     8.309   -11778.6     6354.4    -3336.8    571.0    507.5    517.9 2022 12 15  4  3  3.420  0.0   1
      666  27.179087  102.853353    11.660    -4153.0    24434.8       14.6    655.0    519.8    887.8 2022 12 15  4 25 56.760  0.0   1
      667  26.900234  102.819035     3.928    -7566.9    -6463.0    -7717.9    580.1    608.8    983.9 2022 12 15  5 23 25.580  0.0   1
      669  26.885291  102.950749    13.449     5515.1    -8118.8     1804.0    461.2    463.5    676.7 2022 12 15  6  7 48.680  0.0   1
      670  27.063279  102.854769    16.312    -4014.6    11602.7     4666.8   1514.7   1318.6    760.3 2022 12 15  7 18 43.830  0.0   1
      672  27.214673  102.836564     8.109    -5817.7    28377.6    -3536.7   1120.7    634.6   3488.0 2022 12 15  8 37 25.160  0.0   1
      675  26.948311  102.860522    14.994    -3445.7    -1135.9     3348.9   1394.7   1272.8   1067.1 2022 12 15  9 18 39.600  0.0   1
      676  27.043520  102.864437    17.898    -3055.3     9413.5     6252.5    609.1    665.9    792.8 2022 12 15 10  4 45.000  0.0   1
      677  27.118538  102.981462    22.253     8556.4    17725.8    10607.2   1565.8   1556.2   1833.2 2022 12 15 10 30 33.140  0.0   1
      678  27.120860  102.869539    13.260    -2548.3    17982.9     1614.6    582.0    547.0    861.0 2022 12 15 10 50  3.820  0.0   1
      679  27.195656  102.839168    11.956    -5559.8    26270.6      310.2    803.9    690.8    927.9 2022 12 15 11  5 22.640  0.0   1
      680  27.050718  103.094922     8.439    19820.6    10211.0    -3206.9    986.1   1036.8   2776.9 2022 12 15 14 19 30.610  0.0   1
      681  27.026607  102.775830    16.454   -11851.0     7539.5     4808.5    422.9    426.4    652.9 2022 12 15 14 38 21.900  0.0   1
      682  27.184853  103.171582     1.594    27412.4    25073.6   -10051.4    434.8    797.4   1155.4 2022 12 15 16 15 39.480  0.0   1
      683  26.878990  102.970605    13.127     7487.6    -8817.0     1482.0    619.7    495.2    721.1 2022 12 15 16 24  6.400  0.0   1
      684  26.879004  102.971720    12.758     7598.4    -8815.5     1112.3    492.7    457.8    717.5 2022 12 15 16 28 57.190  0.0   1
      685  27.275564  102.610132     9.075   -28267.3    35124.5    -2570.2    853.9    816.7   2455.7 2022 12 15 17 18 36.780  0.0   1
      686  27.182074  103.185848     4.332    28828.3    24765.7    -7313.6    432.3    579.9   1169.7 2022 12 15 17 34 37.800  0.0   1
      687  26.954006  102.924414    12.794     2898.8     -504.9     1148.3    831.7    532.8    767.4 2022 12 15 19 12 48.340  0.0   1
      688  26.379987  103.108805    10.896    21260.2   -64107.8     -749.1   1793.2   1296.5   2684.1 2022 12 15 19 26 37.620  0.0   1
      689  27.044263  102.797469    11.535    -9702.1     9495.8     -110.0    404.5    465.0    595.8 2022 12 15 19 29 55.500  0.0   1
      690  26.960431  102.791732    23.567   -10275.3      207.0    11921.1   1196.9   1342.2    901.5 2022 12 15 20  9 20.940  0.0   1
      692  27.231871  103.159456     3.512    26204.9    30283.1    -8133.8    764.7    917.6   1213.7 2022 12 15 21 10 56.280  0.0   1
      693  27.014406  102.945304     4.295     4971.1     6187.5    -7350.5    609.4    702.6    701.2 2022 12 15 21 28 35.600  0.0   1
      694  27.047300  102.799813    12.440    -9470.0     9832.4      794.2    420.7    378.9    583.2 2022 12 15 21 35  2.660  0.0   1
      695  26.761440  103.162305    21.049    26541.9   -21841.8     9403.9   7341.4  11494.5   1743.4 2022 12 15 21 46 58.760  0.0   1
      696  27.040918  102.792830    11.514   -10163.2     9125.0     -130.9    443.1    383.3    581.7 2022 12 15 22 10  7.780  0.0   1
      697  27.136564  102.880851     9.469    -1425.6    19723.0    -2176.7   1367.9    822.0   1221.3 2022 12 15 22 10 44.960  0.0   1
      698  27.059111  102.704980     5.925   -18881.1    11140.9    -5720.7    742.6    647.1    680.8 2022 12 15 22 24 45.200  0.0   1
      699  27.140017  102.872632    12.428    -2241.5    20105.5      782.1    677.7    553.0    910.7 2022 12 15 23 13 14.360  0.0   1
      700  27.107975  102.837459     9.753    -5731.4    16555.4    -1892.5    877.4    795.0   1205.2 2022 12 15 23 14  7.840  0.0   1
      703  27.023157  102.731152    13.643   -16285.9     7157.2     1997.7    541.1    464.9    601.4 2022 12 16  2 21  1.150  0.0   1
      704  27.119810  102.870955    11.803    -2408.0    17866.6      158.1    542.5    508.0    827.4 2022 12 16  3 18 18.880  0.0   1
      705  27.188784  103.178271     6.540    28076.0    25509.1    -5105.3    346.8    406.0   1010.6 2022 12 16  3 33 35.730  0.0   1
      706  27.182935  103.177629     4.834    28012.4    24861.0    -6811.4    544.3    638.1   1234.9 2022 12 16  3 47 52.680  0.0   1
      707  27.032524  102.865804    16.648    -2920.0     8195.1     5002.8    548.1    536.9    745.3 2022 12 16  5  3  3.080  0.0   1
      708  27.062360  102.694450    10.812   -19925.7    11500.8     -833.9    845.0    579.5    716.5 2022 12 16  5 20 18.380  0.0   1
      709  27.115592  102.841667    12.401    -5314.2    17399.4      755.7   1225.7    708.1    962.0 2022 12 16  6 36 25.050  0.0   1
      710  27.019802  102.924137     4.425     2870.4     6785.4    -7220.6    602.4    482.2    544.8 2022 12 16  6 52 12.230  0.0   1
      711  27.006541  102.770907    12.678   -12340.6     5316.1     1032.5    415.2    461.3    719.7 2022 12 16  7 25 30.400  0.0   1
      712  27.009395  102.769678    13.408   -12462.4     5632.3     1762.2    379.5    465.4    686.7 2022 12 16  7 26 20.540  0.0   1
      713  26.971212  102.897038    10.944      180.4     1401.5     -701.9    611.7    854.0    873.8 2022 12 16  9 33 37.540  0.0   1
      714  27.045683  102.868368    12.551    -2665.4     9653.2      905.3    597.3    563.3    696.2 2022 12 16 13 37  8.300  0.0   1
      715  27.045998  103.438485    11.966    53920.6     9688.0      320.9    650.7    888.7   1418.4 2022 12 16 14 50 30.080  0.0   1
      717  27.116132  102.787256    19.929   -10713.1    17459.1     8283.4   1285.9   1095.4   1039.2 2022 12 16 17 30 29.580  0.0   1
      718  27.028687  102.703027    17.950   -19077.1     7769.8     6304.9    726.2    266.6    519.3 2022 12 16 17 48 35.160  0.0   1
      719  26.894877  102.964014    11.748     6832.5    -7056.5      103.0    586.2    473.1    723.0 2022 12 16 18 17  7.520  0.0   1
      720  27.085185  102.809733     5.949    -8483.9    14030.1    -5696.4    492.1    541.7    695.0 2022 12 16 18 47  8.320  0.0   1
      721  27.141264  102.859831     5.830    -3511.1    20243.6    -5814.5    870.0    561.8   1056.6 2022 12 16 18 48 45.040  0.0   1
      722  26.993947  102.809831    15.560    -8477.6     3920.5     3914.2    369.0    372.6    604.1 2022 12 16 19 28  8.280  0.0   1
      723  26.453833  103.036214    12.476    14030.0   -55925.6      830.4    600.9    753.9    612.6 2022 12 16 20  2 25.280  0.0   1
      724  27.025338  102.881714     3.412    -1340.7     7398.8    -8233.2    425.6    376.5    431.5 2022 12 16 20 37 59.600  0.0   1
      725  27.119633  102.868465     8.886    -2655.2    17846.9    -2759.5    595.8    521.8   1058.1 2022 12 16 21  5 18.660  0.0   1
      726  27.050671  103.445882     6.016    54653.3    10205.9    -5629.7    489.2    842.1   1440.1 2022 12 16 21 22  1.280  0.0   1
      727  27.009688  102.917505     3.462     2212.0     5664.9    -8183.3    468.5    560.9    508.9 2022 12 16 22 21 31.480  0.0   1
      728  26.808698  102.952336    15.286     5674.8   -16605.5     3640.9    555.1    496.4    607.9 2022 12 16 23 10 18.880  0.0   1
      729  26.982509  103.120345     7.664    22350.1     2653.4    -3981.3    979.5    637.5   1355.5 2022 12 16 23 39 11.520  0.0   1
      730  26.871604  103.006722     8.409    11075.4    -9635.2    -3236.5   1149.0    884.0   1020.0 2022 12 17  2 18 34.930  0.0   1
      731  27.324864  103.257552     8.203    35918.0    40587.1    -3442.7   1364.2   2095.5   3311.1 2022 12 17  2 23  4.350  0.0   1
      732  27.203945  103.206868    11.305    30910.4    27189.0     -340.7   1008.8    836.5   1392.3 2022 12 17  2 40 28.320  0.0   1
      734  27.022074  102.911027     4.145     1568.4     7037.2    -7500.1    468.5    553.4    516.1 2022 12 17  3 59 50.830  0.0   1
      735  26.988637  102.801473    15.933    -9307.7     3332.3     4287.9    430.5    380.2    600.7 2022 12 17  4 12 50.630  0.0   1
      736  27.046649  102.876978    16.936    -1811.1     9760.3     5290.3    555.5    490.6    693.3 2022 12 17  6 29 39.100  0.0   1
      737  26.829041  102.627938    19.966   -26554.3   -14351.6     8320.1   1294.0    966.4   1284.8 2022 12 17  9  2  0.730  0.0   1
      738  27.255235  103.167847     6.351    27033.7    32871.9    -5294.6    713.6   1679.6   2282.0 2022 12 17  9 50 34.270  0.0   1
      739  26.926292  102.787329     2.722   -10714.4    -3575.7    -8923.7    820.2    624.4   1190.2 2022 12 17 10 46 19.200  0.0   1
      740  26.466111  103.029932    15.037    13404.5   -54565.1     3391.6    672.4    612.9    515.0 2022 12 17 10 58 22.120  0.0   1
      741  27.000230  102.918970     3.332     2357.8     4616.7    -8313.0    533.1    609.3    603.7 2022 12 17 11  8 58.400  0.0   1
      742  27.074624  102.860661     5.317    -3430.2    12859.8    -6328.0    517.1    504.8    842.8 2022 12 17 12  6  3.820  0.0   1
      743  27.069377  102.858879     5.515    -3606.9    12278.4    -6129.4    425.8    548.8    907.8 2022 12 17 12  7 16.890  0.0   1
      744  26.393901  103.036580    15.965    14070.2   -62566.2     4319.6    843.6    753.5   1018.7 2022 12 17 12 46 17.390  0.0   1
      745  27.121883  102.865243     8.767    -2974.9    18096.2    -2878.4    819.4    536.4   1175.9 2022 12 17 13 18 16.190  0.0   1
      746  27.040946  102.827018    10.193    -6769.6     9128.4    -1452.2    375.2    398.4    581.4 2022 12 17 14  0  6.910  0.0   1
      747  27.312150  103.177441     1.608    27977.9    39178.5   -10037.0    952.8   1558.6   3104.3 2022 12 17 14 27 51.510  0.0   1
      748  26.846486  102.954167    15.141     5855.4   -12418.4     3496.0    413.2    436.2    604.5 2022 12 17 14 29 53.000  0.0   1
      749  27.005719  102.908171     4.045     1285.7     5225.0    -7599.9    690.7    710.3    628.1 2022 12 17 14 35 49.080  0.0   1
      750  26.882253  102.811694     5.042    -8296.5    -8455.3    -6603.2   1070.7   1055.2   1703.0 2022 12 17 14 59  7.570  0.0   1
      752  27.042775  103.385799     4.250    48692.2     9331.0    -7395.7    731.8    779.0   1152.0 2022 12 17 16  6 59.820  0.0   1
      753  27.072959  102.859920     4.225    -3503.2    12675.5    -7420.7    565.5    595.7    739.6 2022 12 17 16 39 55.380  0.0   1
      754  27.074648  102.863949     6.296    -3103.6    12862.4    -5349.5    622.0    679.7    834.4 2022 12 17 17 13 13.440  0.0   1
      755  27.273366  102.694165    30.324   -19936.0    34881.1    18678.1   2130.2   1407.1  12615.0 2022 12 17 18  6 18.760  0.0   1
      756  27.045015  103.019141     7.621    12299.6     9579.2    -4024.4   2427.0   1341.7   2744.9 2022 12 17 18 11 23.080  0.0   1
      757  26.848834  102.953646    16.408     5803.6   -12158.3     4762.3    504.7    481.8    738.3 2022 12 17 19  6  8.960  0.0   1
      758  26.979409  102.942334    13.292     4677.0     2309.8     1646.2    705.1    481.9    682.0 2022 12 17 19 13 42.560  0.0   1
      759  26.459202  103.009904    13.049    11411.9   -55330.7     1403.4    747.1    704.5    718.0 2022 12 17 19 49 34.760  0.0   1
      760  26.849017  102.955404    15.009     5978.4   -12138.1     3364.1    447.3    469.2    563.6 2022 12 17 19 55  3.760  0.0   1
      761  27.026976  102.922306     5.064     2688.2     7580.2    -6581.6    668.5    700.3    741.1 2022 12 17 20 27 39.460  0.0   1
      762  27.274752  102.595443    19.583   -29724.4    35034.5     7937.5    884.9    848.9   3629.2 2022 12 17 20 35 56.440  0.0   1
      763  27.184271  103.176221     3.271    27872.8    25009.1    -8374.4    466.9    659.8   1159.9 2022 12 17 20 47 35.440  0.0   1
      764  27.002295  102.794002    15.622   -10048.6     4845.5     3976.1    433.2    471.5    627.7 2022 12 17 20 54 56.720  0.0   1
      765  27.199062  103.188892     7.744    29128.0    26648.0    -3900.9    556.4    795.8   1101.8 2022 12 17 20 58 44.160  0.0   1
      766  26.563658  103.048893     6.631    15284.3   -43756.6    -5014.4   2631.8   2768.7   1022.8 2022 12 17 21 16 14.840  0.0   1
      768  27.010445  102.947965     8.831     5236.0     5748.7    -2814.4   1044.8    764.2    788.2 2022 12 17 21 56 39.240  0.0   1
      769  26.921094  102.781502    19.412   -11293.3    -4151.8     7766.7   1027.4   1166.2    983.9 2022 12 17 22 49 46.400  0.0   1
      770  26.846761  102.953296    14.792     5768.7   -12388.0     3146.2    444.9    452.2    673.1 2022 12 17 22 58 10.940  0.0   1
      771  27.001758  102.877083     9.780    -1800.8     4786.1    -1865.7    854.7    460.0    560.6 2022 12 17 23 36  9.700  0.0   1
      772  27.017403  103.442651     5.716    54341.3     6519.7    -5929.7    767.8    803.4   1086.1 2022 12 17 23 44 45.380  0.0   1
      773  27.079513  103.203117     7.904    30555.4    13401.6    -3741.6    674.9    587.1   1400.9 2022 12 18  0 20 15.930  0.0   1
      774  26.996965  102.924032     6.918     2860.2     4255.0    -4727.5    607.1    701.6    611.4 2022 12 18  3 44 55.500  0.0   1
      775  27.142535  103.201953     7.565    30431.0    20384.7    -4080.6    477.7    447.9   1571.7 2022 12 18  3 59 44.910  0.0   1
      776  27.060657  102.794425    18.855   -10003.7    11312.2     7209.5    736.8    720.3    777.0 2022 12 18  4  6 13.140  0.0   1
      777  27.050313  103.428939     3.762    52971.7    10166.2    -7883.3    712.9    716.9   1085.0 2022 12 18  6  7  3.820  0.0   1
      778  26.945398  102.857666    15.171    -3729.5    -1458.7     3525.5    901.9    667.6    865.2 2022 12 18  6 45 11.690  0.0   1
      781  27.002358  102.709880    20.340   -18399.7     4852.6     8694.5    741.6    374.3    513.5 2022 12 18  8 28 39.970  0.0   1
      782  27.053971  102.788306    17.248   -10611.2    10571.6     5602.8    498.3    586.9    698.4 2022 12 18  9 43  0.600  0.0   1
      783  27.037567  102.892407    13.681     -279.2     8753.9     2035.5    817.7    559.1    907.2 2022 12 18 10  5 44.750  0.0   1
      784  27.039897  102.875488    16.459    -1959.0     9011.9     4813.8    587.8    567.9    671.7 2022 12 18 10  6  9.490  0.0   1
      785  26.905929  103.163460    10.507    26639.7    -5832.1    -1138.9   1670.1    862.7   1632.1 2022 12 18 12 29 20.590  0.0   1
      786  27.060439  102.800863    11.617    -9364.6    11288.1      -28.8    387.5    398.1    574.8 2022 12 18 12 39 26.540  0.0   1
      787  27.052323  102.797754    10.641    -9673.9    10388.8    -1004.0    448.7    458.2    613.8 2022 12 18 14  7 37.830  0.0   1
      788  26.974567  102.935156    15.606     3964.9     1773.3     3960.1    839.0    636.3    752.9 2022 12 18 17 42 16.520  0.0   1
      789  27.166323  102.862085     7.742    -3287.6    23020.3    -3903.9    608.8    491.2    972.0 2022 12 18 18 36 36.440  0.0   1
      791  26.987836  102.900814     9.370      554.8     3243.5    -2275.0    505.5    545.3    667.9 2022 12 18 19 33 34.720  0.0   1
      792  27.022123  102.798136    19.018    -9637.2     7042.6     7372.5    638.6    429.9    666.7 2022 12 18 19 46 58.120  0.0   1
      793  26.841978  102.945801    15.730     5024.7   -12917.9     4084.3    445.8    426.0    656.6 2022 12 18 20 18 16.100  0.0   1
      794  26.942436  102.938696    11.495     4316.8    -1787.1     -150.1    679.5    566.9    770.2 2022 12 18 21 57 25.000  0.0   1
      795  26.468750  103.008480    12.091    11269.7   -54272.6      445.4    426.3    396.6    509.2 2022 12 18 21 59 55.460  0.0   1
      796  27.156746  102.848966    10.544    -4588.7    21959.3    -1101.4    621.6    472.4    913.8 2022 12 18 22 26 28.240  0.0   1
      797  26.904071  102.949634     8.597     5404.2    -6037.8    -3048.9   1332.6    981.4   1003.5 2022 12 18 22 47 39.820  0.0   1
      798  26.987480  102.928996    10.840     3353.2     3204.0     -805.0    501.7    531.4    659.7 2022 12 18 22 52  5.700  0.0   1
      799  27.185179  102.844735     7.949    -5008.0    25109.6    -3696.6    806.6    758.3    920.7 2022 12 18 23  2 46.080  0.0   1
      800  27.160390  102.849007    11.217    -4584.7    22362.9     -428.4    635.9    520.2    885.8 2022 12 19  0 17  5.840  0.0   1
      801  26.455959  103.017936     7.593    12211.4   -55689.8    -4052.6    459.4    412.4    663.0 2022 12 19  1 43 26.930  0.0   1
      802  27.041024  102.791699    10.065   -10275.1     9136.8    -1580.3    418.5    484.9    617.5 2022 12 19  1 51  8.910  0.0   1
      803  27.016646  102.938208     4.055     4266.8     6435.7    -7590.0    445.4    516.9    562.4 2022 12 19  2 10 51.860  0.0   1
      804  27.069080  102.864884     6.081    -3010.7    12245.5    -5564.6    475.0    549.3    720.4 2022 12 19  2 46 38.710  0.0   1
      805  27.053829  102.903703     2.976      841.6    10555.6    -8669.0   1090.2    593.8   1523.9 2022 12 19  3 11 34.080  0.0   1
      806  27.026483  102.808700     3.968    -8588.8     7525.8    -7677.8    558.2    764.0   1215.2 2022 12 19  3 39 30.040  0.0   1
      807  27.013763  102.786466    20.960   -10796.3     6116.3     9314.4    689.7    585.1    635.8 2022 12 19  7  9  2.250  0.0   1
      808  27.203562  102.953491     8.909     5779.3    27146.5    -2736.0   1992.3   1718.7   1523.1 2022 12 19  7 15 58.900  0.0   1
      809  27.028573  102.864030    16.270    -3096.6     7757.3     4624.8    541.7    520.1    733.8 2022 12 19  9 25 31.860  0.0   1
      811  26.587146  102.842757    12.708    -5217.9   -41154.1     1062.1   2545.4   1527.8   1759.3 2022 12 19  9 42 56.410  0.0   1
      812  27.140068  102.872892    10.447    -2215.8    20111.3    -1198.4    595.2    477.9    930.3 2022 12 19 11 29 17.300  0.0   1
      813  27.255109  102.747835     4.299   -14615.0    32858.1    -7346.9   1780.8   4684.3   3903.1 2022 12 19 12  5 51.460  0.0   1
      815  26.388957  103.012695    13.900    11692.9   -63114.0     2254.8    607.2    522.4    631.0 2022 12 19 15  7 46.600  0.0   1
      816  27.050783  102.801888     5.790    -9263.6    10218.2    -5855.7    537.4    666.9    904.0 2022 12 19 15  9  4.590  0.0   1
      817  27.068188  102.853890     4.803    -4102.0    12146.8    -6842.5    592.8    690.4    832.2 2022 12 19 15 48 10.130  0.0   1
      819  27.021493  102.616187     3.738   -27698.1     6972.8    -7907.6    621.2    658.5    813.2 2022 12 19 17  2  9.960  0.0   1
      820  27.002470  102.956095     4.575     6042.7     4864.9    -7070.3    653.3    678.8    892.3 2022 12 19 18 51 22.460  0.0   1
      821  26.292106  102.982210    10.307     8662.5   -73845.3    -1338.0   1921.6   1236.7   4398.4 2022 12 19 19 31 24.600  0.0   1
      822  26.447880  103.007267    13.472    11149.5   -56585.0     1826.6    604.5    708.9   1077.0 2022 12 19 20 56 20.840  0.0   1
      823  27.460710  103.125806     1.634    22844.3    55639.2   -10011.2   1593.7   1456.3   1943.8 2022 12 19 20 58  7.320  0.0   1
      825  26.453849  102.923185    12.510     2782.8   -55923.8      864.1    463.4    478.5    764.4 2022 12 19 21  8 59.440  0.0   1
      826  26.453105  102.922786    11.511     2742.5   -56006.3     -134.2    755.1    612.4   1093.9 2022 12 19 21 11 29.520  0.0   1
      827  26.468046  103.005973    11.516    11020.5   -54350.7     -129.8    457.0    442.0    673.6 2022 12 19 21 15 58.560  0.0   1
      828  26.454173  102.922217    12.108     2686.5   -55887.8      462.6    480.6    458.8    785.4 2022 12 19 21 19  3.160  0.0   1
      829  26.461755  102.921688    14.011     2633.5   -55047.6     2366.0    464.7    509.7    774.8 2022 12 19 21 36 27.040  0.0   1
      830  26.535506  103.078320    15.559    18213.4   -46876.0     3913.2    490.6    665.3    518.5 2022 12 19 21 38 53.000  0.0   1
      831  27.003408  102.927165    13.113     3170.6     4968.8     1467.8    644.7    555.6    666.5 2022 12 19 21 59 52.200  0.0   1
      832  26.466652  103.011190    12.447    11539.5   -54505.2      801.3    468.6    530.1    656.8 2022 12 19 22 33 14.520  0.0   1
      833  26.452639  102.981755     6.628     8610.6   -56057.7    -5017.8    824.0    608.3   1002.9 2022 12 19 22 43  5.920  0.0   1
      834  26.475952  103.008911    11.117    11312.0   -53474.6     -528.3    434.5    462.8    574.1 2022 12 19 23 26 12.900  0.0   1
      835  26.474443  103.014380    11.659    11855.9   -53641.9       13.5    529.5    481.9    654.1 2022 12 19 23 46 39.120  0.0   1
      836  26.963641  102.923201    11.393     2777.9      562.6     -252.3    494.7    497.5    692.2 2022 12 20  1  1  7.230  0.0   1
      838  27.475966  103.099618     2.384    20248.3    57329.7    -9261.9   1740.5   1392.8   2214.0 2022 12 20  1 37 25.590  0.0   1
      839  26.881217  102.917521     8.128     2215.1    -8570.1    -3517.7    836.2    563.4   1210.6 2022 12 20  2 16 37.280  0.0   1
      840  27.125262  102.787549    21.227   -10683.2    18470.7     9582.0   1914.5   1719.3   1495.1 2022 12 20  3 30 28.010  0.0   1
      842  27.120911  102.929069     9.279     3358.2    17988.4    -2366.3   1317.0   1490.5   1583.7 2022 12 20  6 29 55.400  0.0   1
      843  27.023130  102.866520    14.828    -2848.8     7154.2     3182.8    560.3    575.4    738.1 2022 12 20  7 38 56.440  0.0   1
      844  27.121098  102.795850     2.799    -9860.1    18009.2    -8846.0    837.6    656.5   1361.8 2022 12 20 11 12 59.900  0.0   1
      845  27.030031  102.728532    16.339   -16545.7     7918.8     4693.4    833.2    506.4    582.9 2022 12 20 11 14 20.870  0.0   1
      846  26.852083  102.955778    15.404     6015.5   -11798.2     3758.8    454.0    406.1    595.5 2022 12 20 11 31 58.840  0.0   1
      847  26.849585  102.953939    13.933     5832.9   -12075.1     2287.9    453.7    475.8    730.2 2022 12 20 11 52 52.630  0.0   1
      848  26.996116  102.601180     6.828   -29191.3     4160.9    -4817.2    479.8    755.8    762.5 2022 12 20 14 22 14.640  0.0   1
      849  27.061353  103.095915    11.233    19917.9    11389.4     -412.1   1042.1   1072.3   2699.0 2022 12 20 14 36 12.040  0.0   1
      850  27.118317  102.877856     8.337    -1723.3    17701.1    -3308.3    574.3    508.3    978.3 2022 12 20 15 10 12.150  0.0   1
      851  26.607198  103.008659    16.500    11280.3   -38932.3     4854.3    383.4    418.9    570.1 2022 12 20 15 50 21.030  0.0   1
      852  26.612457  103.010474    16.527    11460.5   -38349.4     4881.9    588.9    635.8    578.3 2022 12 20 15 52 54.610  0.0   1
      853  27.055894  102.868563    15.925    -2646.1    10784.6     4279.4   1193.6    854.3   1274.9 2022 12 20 16 43 28.870  0.0   1
      854  27.069828  102.798356    11.462    -9613.3    12328.5     -183.0    425.9    626.2    488.2 2022 12 20 17 22  9.400  0.0   1
      855  26.945083  102.928516    12.790     3305.9    -1493.7     1144.4    799.4    461.0    791.6 2022 12 20 17 51 22.580  0.0   1
      856  26.942666  102.860148    12.514    -3483.1    -1761.6      868.1    523.0    655.8    783.7 2022 12 20 17 56 45.960  0.0   1
      857  27.015692  102.836776    11.752    -5802.2     6330.1      106.3    388.5    407.1    582.3 2022 12 20 18  2 29.100  0.0   1
      858  27.014982  102.835474    11.947    -5930.7     6251.4      301.7    380.3    400.4    583.5 2022 12 20 18  2 40.240  0.0   1
      859  26.454002  103.039665    11.101    14373.5   -55906.9     -544.1    880.6    423.5    779.1 2022 12 20 19 25  7.680  0.0   1
      860  27.024190  102.838216    13.748    -5659.0     7271.6     2102.6    435.8    444.1    628.1 2022 12 20 19 31  4.420  0.0   1
      861  27.191050  103.201652     3.227    30394.9    25760.3    -8418.0    541.5    722.3   1177.3 2022 12 20 19 58 57.680  0.0   1
      862  26.978815  102.933154     4.788     3766.0     2243.8    -6856.9    662.1    677.3    588.8 2022 12 20 19 59 47.900  0.0   1
      863  26.957992  102.946541    13.432     5095.7      -63.3     1786.8    891.8    496.3    736.9 2022 12 20 20 27 42.440  0.0   1
      864  27.018760  102.839990    13.202    -5482.9     6669.9     1556.9    579.3    580.4    753.8 2022 12 20 21  3 49.000  0.0   1
      865  26.589323  103.190047    18.442    29320.6   -40912.8     6796.7   1398.4   1574.1   1594.5 2022 12 20 21 29 44.080  0.0   1
      866  27.016382  102.836165    11.784    -5862.2     6406.5      138.9    522.4    480.9    606.2 2022 12 20 21 31 40.580  0.0   1
      867  26.944733  102.859619    13.293    -3535.0    -1532.6     1647.2    531.9    617.8    774.5 2022 12 20 22 10 47.760  0.0   1
      868  27.054610  102.892391     5.535     -281.3    10642.2    -6110.3    449.2    622.2    979.8 2022 12 20 22 14 45.320  0.0   1
      869  27.216901  102.942586     2.244     4697.6    28624.5    -9401.6   1553.3   2023.8   2459.9 2022 12 20 22 34 58.740  0.0   1
      870  27.181539  103.185490     0.661    28792.8    24706.2   -10984.9    760.7   1016.8   1696.4 2022 12 21  0 17 20.350  0.0   1
      871  27.015562  102.834180    12.175    -6059.2     6315.7      530.0    430.1    441.2    607.4 2022 12 21  1  9 27.980  0.0   1
      872  26.649312  103.019482    24.848    12354.9   -34265.9    13202.8   1927.3   1980.8    945.0 2022 12 21  1 13 19.780  0.0   1
      874  26.968724  102.784896     9.839   -10954.4     1125.9    -1806.8    743.2    735.3    989.2 2022 12 21  2 55 41.440  0.0   1
      875  27.068951  102.829639     2.295    -6508.5    12231.3    -9350.5    660.9    599.2   1541.0 2022 12 21  4 15 31.880  0.0   1
      876  27.149231  102.848218    20.671    -4663.4    21126.6     9025.9   1827.6   1501.0   1375.7 2022 12 21  4 38  7.010  0.0   1
      877  27.055066  102.861043    20.775    -3392.0    10692.8     9129.7    640.2    502.2    702.3 2022 12 21  4 53  5.990  0.0   1
      878  27.097131  102.746558    10.176   -14752.4    15353.8    -1469.7    605.9    595.0    760.5 2022 12 21  6 58 45.220  0.0   1
      879  27.040904  102.804647    11.930    -8990.2     9123.5      284.5    430.9    454.0    604.1 2022 12 21  9 45 14.110  0.0   1
      880  26.790692  102.960962    16.591     6532.0   -18600.5     4945.8    478.7    529.3    593.0 2022 12 21 13 15 12.150  0.0   1
      881  26.791711  102.957397    15.939     6178.2   -18487.6     4294.0    474.4    512.9    547.1 2022 12 21 13 21 13.140  0.0   1
      882  26.790743  102.959627    16.627     6399.6   -18594.9     4981.5    515.1    543.7    613.8 2022 12 21 13 25 35.510  0.0   1
      883  26.791949  102.956323    15.419     6071.0   -18461.2     3773.6    475.8    503.2    675.8 2022 12 21 13 29 20.800  0.0   1
      884  26.792806  102.956478    15.710     6086.2   -18366.4     4064.3    452.6    503.8    542.9 2022 12 21 13 47 52.250  0.0   1
      885  27.008504  102.773763    12.935   -12057.4     5533.6     1289.3    451.8    485.1    695.9 2022 12 21 14  9 17.820  0.0   1
      886  26.790629  102.961458    16.906     6581.7   -18607.5     5261.1    464.4    519.8    550.7 2022 12 21 14 12 11.880  0.0   1
      887  27.019747  102.835140    11.986    -5964.0     6779.3      340.1    355.3    398.7    579.1 2022 12 21 14 14  4.950  0.0   1
      888  26.790220  102.960840    16.789     6520.4   -18652.8     5143.7    595.3    567.9    715.5 2022 12 21 14 15 16.770  0.0   1
      889  26.796206  102.955127    17.281     5952.0   -17989.6     5635.3    636.2    609.4    788.0 2022 12 21 14 24 48.730  0.0   1
      890  26.791831  102.959839    16.454     6420.6   -18474.3     4808.9    497.6    543.3    590.7 2022 12 21 14 25 16.190  0.0   1
      891  26.790802  102.958594    16.079     6297.0   -18588.5     4434.0    482.8    531.4    549.1 2022 12 21 14 30  3.030  0.0   1
      892  26.791170  102.957951    15.945     6232.6   -18547.6     4299.5    482.5    547.2    567.8 2022 12 21 15  1  1.780  0.0   1
      893  26.844495  102.960465    13.761     6481.5   -12639.1     2115.6    431.7    420.7    570.5 2022 12 21 15 22 16.790  0.0   1
      894  26.853927  102.956771    17.083     6113.6   -11594.1     5437.4    519.2    542.2    782.7 2022 12 21 15 23 18.130  0.0   1
      895  26.453200  102.932951     3.249     3754.4   -55995.6    -8396.5    739.2    673.1   1252.7 2022 12 21 16 11 55.420  0.0   1
      896  26.906964  102.937801    11.995     4228.8    -5717.3      349.4    524.0    532.3    723.5 2022 12 21 16 35 28.020  0.0   1
      897  26.759249  103.002026    14.875    10614.0   -22084.7     3229.7    530.3    603.8    613.6 2022 12 21 17 17 11.440  0.0   1
      898  26.906024  102.941382    13.381     4584.5    -5821.5     1735.2    531.3    554.8    777.2 2022 12 21 17 19 38.160  0.0   1
      899  26.786452  102.963558    16.651     6790.5   -19070.4     5005.7    476.9    541.6    559.0 2022 12 21 17 40 58.400  0.0   1
      900  26.788885  102.959229    15.916     6359.9   -18800.8     4270.8    481.5    549.8    639.5 2022 12 21 17 47 52.840  0.0   1
      901  27.060488  102.814510     4.290    -8010.3    11293.6    -7355.3    624.2    946.4   1320.2 2022 12 21 18  6 37.720  0.0   1
      902  26.852026  102.957137    16.527     6150.4   -11804.5     4881.6    478.7    549.4    834.4 2022 12 21 18 14 41.160  0.0   1
      903  27.048505  102.814982    10.543    -7964.2     9965.7    -1102.4    438.9    463.3    609.6 2022 12 21 18 40 57.200  0.0   1
      904  27.011997  102.815405    13.466    -7923.4     5920.6     1820.9    379.1    646.8    566.8 2022 12 21 18 49 18.440  0.0   1
      905  27.119588  102.868693     8.442    -2632.7    17841.9    -3203.3    610.8    617.8   1063.9 2022 12 21 18 59 33.660  0.0   1
      906  27.111479  102.870850     7.384    -2418.5    16943.6    -4261.2    518.8    564.1    788.8 2022 12 21 19  8 35.440  0.0   1
      907  26.946633  102.927734     4.444     3228.6    -1321.9    -7201.4    775.6    706.5    673.3 2022 12 21 19 13 45.660  0.0   1
      908  27.000977  102.812500    16.677    -8211.8     4699.5     5032.0    523.3    445.3    635.2 2022 12 21 19 23 39.440  0.0   1
      909  26.794041  102.958822    16.350     6319.2   -18229.6     4704.5    500.6    546.7    612.0 2022 12 21 19 43 15.140  0.0   1
      910  26.795605  102.957625    15.387     6200.8   -18056.2     3741.1    445.4    495.6    616.2 2022 12 21 19 56 13.080  0.0   1
      911  27.056303  102.787093    10.643   -10731.7    10829.9    -1002.4    395.8    383.6    571.6 2022 12 21 19 57  1.700  0.0   1
      912  26.792598  102.959969    16.356     6433.1   -18389.3     4710.2    482.4    536.0    588.2 2022 12 21 20  3  3.820  0.0   1
      913  27.009867  102.944539     4.387     4895.7     5684.5    -7258.1    598.7    691.5    711.8 2022 12 21 20 36  6.640  0.0   1
      914  27.038489  102.830908    11.473    -6384.0     8855.9     -172.2    384.8    361.6    605.0 2022 12 21 21  7 38.840  0.0   1
      915  27.031862  102.727824    15.975   -16616.2     8121.7     4329.5    613.7    450.6    622.2 2022 12 21 21 39 19.300  0.0   1
      917  26.784959  102.962638    16.451     6699.1   -19235.9     4805.3    527.0    557.6    698.7 2022 12 21 23 40 50.560  0.0   1
      918  27.097475  102.870695     7.799    -2434.0    15391.8    -3846.2   1011.7    621.4    988.6 2022 12 21 23 51 43.880  0.0   1
      920  26.496578  102.941642    13.834     4618.2   -51189.2     2188.4    744.9    608.3   1041.1 2022 12 22  1  6 38.580  0.0   1
      921  26.902785  102.846940     4.312    -4795.7    -6180.4    -7333.4   1014.5    832.2   1204.3 2022 12 22  1 15 42.390  0.0   1
      922  27.134979  102.860840     7.649    -3411.5    19547.4    -3996.6    601.3    497.4    971.3 2022 12 22  1 35  5.030  0.0   1
      923  27.136513  102.858724    10.822    -3621.5    19717.4     -823.5    857.6    609.5   1011.4 2022 12 22  1 58 42.760  0.0   1
      924  27.012732  102.776782    13.266   -11757.1     6002.0     1620.1    420.1    473.7    681.7 2022 12 22  2 25 56.830  0.0   1
      925  27.142181  102.837476     7.732    -5729.1    20345.4    -3913.0    803.6    461.0   1193.5 2022 12 22  3 26  3.960  0.0   1
      926  26.998887  102.702197    18.280   -19162.7     4468.0     6634.6    803.6    295.0    520.8 2022 12 22  3 44 37.110  0.0   1
      927  26.441915  102.999382     9.258    10365.8   -57246.0    -2387.9    453.1    542.0    681.7 2022 12 22  4 34  1.570  0.0   1
      928  27.024795  102.901774     7.013      650.0     7338.7    -4632.8    738.0    816.8    739.1 2022 12 22  5  6  3.120  0.0   1
      929  27.026137  102.866195    15.849    -2881.1     7487.4     4203.7    598.7    517.1    682.8 2022 12 22  5 54 43.160  0.0   1
      931  26.820182  102.732731    28.801   -16143.9   -15332.9    17155.2   3949.4   1880.8   2148.0 2022 12 22  6 22 12.470  0.0   1
      932  26.997221  102.934188    14.704     3868.4     4283.3     3058.1    978.4    760.5    733.3 2022 12 22  7 33 50.380  0.0   1
      933  26.518807  103.030436    16.048    13451.1   -48726.1     4402.3    540.8    668.1    537.0 2022 12 22  8 43 23.460  0.0   1
      934  27.116817  102.867261     9.821    -2774.2    17535.1    -1824.5    542.0    498.9    863.4 2022 12 22  8 46 36.170  0.0   1
      935  27.042124  102.973307    18.710     7750.5     9258.9     7064.6   1085.4   1212.6   1185.8 2022 12 22  8 50 16.210  0.0   1
      936  26.866543  102.942424    13.807     4688.6   -10196.2     2161.5    479.3    456.8    642.8 2022 12 22 10 35  1.110  0.0   1
      937  26.837781  102.982992     7.169     8719.5   -13383.1    -4476.8    883.2    745.4   1709.7 2022 12 22 11 10 56.150  0.0   1
      938  27.133820  102.860734     8.578    -3421.5    19418.9    -3067.1    674.0    523.6   1032.3 2022 12 22 11 31  9.490  0.0   1
      939  26.932237  102.936605     7.590     4109.6    -2917.1    -4055.1    536.5    562.8    614.4 2022 12 22 13 46  6.880  0.0   1
      940  27.286047  103.241105    12.451    34293.8    36286.1      805.9   1245.2   2043.4   2016.3 2022 12 22 14 28 56.930  0.0   1
      941  26.897347  102.900635    13.866      537.2    -6783.0     2220.8    604.0    566.9    833.1 2022 12 22 14 48 18.330  0.0   1
      943  26.943103  102.872420    13.158    -2264.5    -1713.0     1513.0    685.8    653.1    737.2 2022 12 22 18  5  2.820  0.0   1
      944  26.856441  102.956144     8.112     6051.6   -11315.4    -3533.5    860.4   1168.1   1660.3 2022 12 22 18 24 31.620  0.0   1
      945  26.984281  102.921338    10.644     2592.5     2849.7    -1001.0    462.6    529.9    669.2 2022 12 22 18 53 24.260  0.0   1
      946  27.190428  103.185791     5.304    28821.8    25691.3    -6341.6    510.7    536.1    996.7 2022 12 22 20 48 41.560  0.0   1
      947  26.853365  102.988371    14.482     9252.7   -11656.2     2836.5    594.0    439.5    686.3 2022 12 22 21  3 11.480  0.0   1
      948  26.741490  102.711825     8.074   -18227.0   -24052.3    -3571.8    642.3    695.5    719.3 2022 12 22 21 20 28.120  0.0   1
      949  26.979476  102.847184    12.912    -4769.1     2317.1     1266.3    546.7    523.6    652.8 2022 12 22 21 22  2.920  0.0   1
      952  27.122485  102.894751     7.574      -46.7    18162.9    -4071.8    502.4    733.9   1196.2 2022 12 23  4  9 28.340  0.0   1
      953  27.040061  102.954875     5.342     5920.6     9030.2    -6303.5   1701.9   1123.7   1394.0 2022 12 23  4 10  3.330  0.0   1
      954  26.874080  102.948966     2.884     5338.0    -9361.0    -8761.4    723.5    754.4   2061.8 2022 12 23  6 32 20.850  0.0   1
      955  26.529386  103.082048    14.872    18585.2   -47554.0     3226.1    490.0    580.6    343.8 2022 12 23  6 40 46.650  0.0   1
      956  26.532320  103.075741    14.527    17957.3   -47228.9     2881.8    419.4    536.6    419.5 2022 12 23  6 41 38.610  0.0   1
      957  27.024585  102.862321    15.050    -3266.3     7315.3     3404.5    583.9    615.5    674.5 2022 12 23  8 52 53.330  0.0   1
      958  27.037834  102.874300    18.258    -2077.0     8783.5     6612.9    575.3    513.3    733.7 2022 12 23  9  5 43.180  0.0   1
      959  27.031002  102.767106    16.320   -12716.9     8026.4     4674.6    739.0    464.0    635.6 2022 12 23  9 49 41.320  0.0   1
      960  27.026404  102.771672    15.168   -12263.6     7517.0     3522.6    590.9    452.1    633.4 2022 12 23  9 52 38.750  0.0   1
      962  27.023478  102.721362    17.057   -17258.1     7192.8     5411.1    719.5    209.8    564.3 2022 12 23 10  5 59.630  0.0   1
      963  27.012138  102.781470    12.938   -11291.7     5936.1     1292.9    404.7    501.5    706.8 2022 12 23 10 14  7.040  0.0   1
      964  27.012622  102.779940    12.445   -11444.1     5990.0      799.9    587.0    506.8    689.2 2022 12 23 10 16  6.970  0.0   1
      965  27.013491  102.783879    10.962   -11053.2     6086.2     -683.6    465.5    504.9    755.8 2022 12 23 10 24 50.710  0.0   1
      966  26.512284  103.065918    14.773    16981.5   -49448.9     3127.9    491.8    652.7    397.1 2022 12 23 10 33 15.130  0.0   1
      967  26.998686  102.811865    16.644    -8275.4     4445.6     4998.7    472.2    433.5    626.7 2022 12 23 11 19 17.330  0.0   1
      968  27.002865  102.795614    17.640    -9888.3     4908.8     5994.2    985.7    834.2    960.6 2022 12 23 12 25 32.480  0.0   1
      969  27.074235  102.766813    11.459   -12743.9    12816.6     -186.5    474.1    372.3    572.2 2022 12 23 13 33 11.170  0.0   1
      970  27.028483  102.773511    16.082   -12081.4     7747.3     4436.4    455.5    425.9    609.2 2022 12 23 14  5 39.980  0.0   1
      971  27.013989  102.778182    12.270   -11618.1     6141.4      624.7    520.6    431.0    467.3 2022 12 23 14  9 55.580  0.0   1
      972  27.024123  102.772176    15.336   -12214.4     7264.3     3690.5    425.1    447.3    637.6 2022 12 23 14 15 37.400  0.0   1
      973  26.641416  102.983586    23.749     8785.5   -35140.7    12103.6    819.1   1170.8    655.3 2022 12 23 14 36  5.410  0.0   1
      974  27.073529  102.796012    12.453    -9845.4    12738.5      807.4    550.4    718.7    590.6 2022 12 23 15 13 19.710  0.0   1
      975  26.854032  102.970980    15.489     7525.6   -11582.3     3843.9    421.1    435.3    659.3 2022 12 23 15 38 15.500  0.0   1
      976  26.593835  103.024699    13.581    12876.4   -40412.8     1935.9    517.0    587.1    566.7 2022 12 23 15 54 23.950  0.0   1
      977  27.046580  103.443083    75.311    54377.1     9752.6    63665.3    680.6    848.3   9573.5 2022 12 23 15 55 21.610  0.0   1
      978  27.281785  103.173869     9.203    27627.5    35813.8    -2442.3   1168.8   1243.4   2382.2 2022 12 23 16 51 45.160  0.0   1
      979  27.021743  102.812191    18.330    -8242.4     7000.6     6684.3    594.5    502.3    678.4 2022 12 23 17 22 49.380  0.0   1
      980  26.556258  103.015999    12.518    12012.8   -44576.5      872.1    432.0    576.9    505.6 2022 12 23 19 13 40.120  0.0   1
      981  26.988234  102.703743    18.191   -19010.0     3287.6     6545.1    743.6    304.4    530.5 2022 12 23 19 55 59.400  0.0   1
      983  27.043506  102.848812    15.754    -4606.6     9411.9     4108.7    714.9    821.9    830.9 2022 12 23 21 11  4.060  0.0   1
      984  27.018400  102.843205    18.387    -5163.6     6630.0     6741.9    627.5    945.8    577.0 2022 12 23 21 13 32.720  0.0   1
      985  26.918036  102.901286    10.166      601.8    -4490.5    -1479.5    772.1    816.9    660.4 2022 12 23 22  3 43.400  0.0   1
      986  27.050806  102.784977    12.285   -10942.3    10220.7      639.7    414.9    362.2    559.3 2022 12 23 22  8 19.660  0.0   1
      987  27.150732  102.802018    26.364    -9246.5    21292.8    14718.6   2236.8   1160.8    823.8 2022 12 24  0 15 17.810  0.0   1
      988  27.057493  102.875741     4.592    -1933.3    10961.8    -7053.2    481.7    517.2    660.6 2022 12 24  1 52 43.380  0.0   1
      989  27.055070  102.876221     4.519    -1886.2    10693.3    -7126.4    505.7    511.8    497.0 2022 12 24  2  7 28.660  0.0   1
      990  27.065381  102.742440    13.097   -15162.7    11835.6     1451.9    517.6    550.5    656.2 2022 12 24  3 28 20.920  0.0   1
      991  27.072203  102.842627    11.173    -5219.8    12591.5     -472.1    506.5    612.8    605.9 2022 12 24  5 29 26.010  0.0   1
      992  26.996830  102.945809    14.631     5021.9     4240.0     2985.9   1089.4    953.3    865.2 2022 12 24  6 54 32.440  0.0   1
      993  26.992975  102.918514    14.029     2312.4     3812.8     2383.9    919.8    622.5    680.8 2022 12 24 12  8 40.750  0.0   1
      994  27.000028  102.936296    13.268     4077.7     4594.4     1623.1    973.6    632.9    737.6 2022 12 24 12 41 41.870  0.0   1
      995  27.052118  102.887980    18.668     -718.8    10366.0     7022.6   2358.1   1042.1   1180.4 2022 12 24 14  1 26.100  0.0   1
      996  27.047076  102.884961    12.834    -1018.4     9807.6     1188.5    996.6    564.8    635.0 2022 12 24 15 25 36.710  0.0   1
      997  26.995095  102.941333    14.452     4577.2     4047.8     2806.4    846.0    695.9    725.1 2022 12 24 16  2 59.910  0.0   1
      998  27.021580  102.845516    17.442    -4933.7     6982.4     5796.6    617.8    903.3    572.7 2022 12 24 16 28 24.250  0.0   1
      999  26.428906  102.987939    15.765     9227.4   -58687.4     4119.6    535.4    403.5    637.4 2022 12 24 16 40 43.700  0.0   1
     1000  26.484281  103.040373    21.831    14442.2   -52551.8    10185.5   1283.3   1747.7   1018.7 2022 12 24 17  7  1.520  0.0   1
     1001  26.979612  102.936247     4.975     4072.7     2332.2    -6670.9    710.0    640.4    568.3 2022 12 24 17 22 37.040  0.0   1
     1002  27.071893  102.744059    13.151   -15001.6    12557.3     1505.3    574.8    460.4    558.1 2022 12 24 18 22 27.820  0.0   1
     1003  26.790588  102.992147    16.397     9630.8   -18612.2     4752.1    520.6    570.2    575.6 2022 12 24 18 25  2.160  0.0   1
     1004  26.841827  102.967684    11.859     7198.8   -12934.6      213.5    834.3   1334.2   1601.5 2022 12 24 18 38 10.280  0.0   1
     1005  26.707859  103.084147     5.748    18779.0   -27778.6    -5897.3   1614.4   1742.1   2087.7 2022 12 24 19  1  3.120  0.0   1
     1006  26.276803  102.998682    12.139    10303.0   -75540.9      493.3   1168.3    768.0   1595.4 2022 12 24 19 27 33.840  0.0   1
     1007  27.020302  102.812443     6.831    -8217.1     6840.9    -4814.2    492.8    593.9    777.6 2022 12 24 19 39  0.720  0.0   1
     1008  26.945091  102.920117    12.490     2471.8    -1492.8      844.8    642.1    493.6    773.4 2022 12 24 20 17 17.000  0.0   1
     1009  27.022487  102.755111     4.728   -13907.7     7083.0    -6917.7    592.0    789.5   1132.7 2022 12 24 20 49  2.560  0.0   1
     1010  27.050954  102.891512     5.574     -368.4    10237.2    -6071.7    491.4    512.6    691.3 2022 12 24 23  9 30.440  0.0   1
     1011  27.106759  102.716325     2.391   -17751.9    16420.4    -9254.0   1163.5    852.6   1037.9 2022 12 25  1  1  6.530  0.0   1
     1012  26.901046  102.932707     8.050     3723.1    -6373.2    -3595.0    948.6    741.3    815.8 2022 12 25  1  2  8.950  0.0   1
     1014  27.024699  102.772030    14.127   -12228.3     7327.9     2481.6   1453.9   1137.2   1368.6 2022 12 25  3 56 46.440  0.0   1
     1015  27.041077  102.874097    17.821    -2097.3     9142.6     6175.4    536.5    521.0    727.6 2022 12 25  5 14 39.720  0.0   1
     1016  27.037944  102.871029    16.094    -2401.7     8795.7     4448.5    589.8    599.9    694.8 2022 12 25  5 32 45.730  0.0   1
     1017  27.100142  102.791243     8.020   -10318.2    15687.3    -3625.4    468.5    515.3    604.3 2022 12 25  5 40 51.470  0.0   1
     1018  27.020538  102.879704     2.549    -1540.2     6867.0    -9096.0    574.5    762.0    669.4 2022 12 25  6  9  0.890  0.0   1
     1019  27.111702  102.913867     9.409     1849.7    16968.3    -2236.2    781.5    668.6   1082.2 2022 12 25 14  8 55.050  0.0   1
     1020  26.448460  103.021712     7.259    12587.2   -56520.8    -4386.8    905.8    444.4   1053.4 2022 12 25 16 21 27.060  0.0   1
     1021  26.784056  102.963590    16.810     6793.3   -19335.9     5164.4    632.1    595.3    683.0 2022 12 25 17 12  3.160  0.0   1
     1022  26.642981  103.153117    12.497    25642.1   -34967.4      851.6   1468.7   2974.7   2591.4 2022 12 25 17 13 15.720  0.0   1
     1023  26.999115  102.941007     4.648     4545.0     4493.4    -6997.7    533.1    618.4    560.5 2022 12 25 17 55 49.200  0.0   1
     1024  27.104002  102.890039    10.764     -514.2    16114.9     -881.5    550.9    526.7    935.5 2022 12 25 18 42 17.240  0.0   1
     1025  26.983881  102.974325    15.294     7853.0     2805.3     3648.8    779.8    623.9    762.3 2022 12 25 18 46 35.240  0.0   1
     1026  26.922528  102.881177     2.773    -1394.7    -3992.9    -8871.7    981.5    658.2   1283.4 2022 12 25 20 59 33.880  0.0   1
     1027  26.993573  102.931641    11.906     3615.2     3879.2      260.3    693.5    473.5    680.7 2022 12 25 23 11 15.680  0.0   1
     1028  27.011230  102.836361     6.893    -5843.0     5835.6    -4752.3    520.8    621.9    718.8 2022 12 26  0 43 45.930  0.0   1
     1029  27.189132  103.186011     3.891    28843.5    25547.6    -7754.3    490.0    815.2   1007.2 2022 12 26  1 17 13.310  0.0   1
     1030  27.049957  102.775423     9.867   -11890.6    10126.8    -1778.8    352.2    681.7    500.5 2022 12 26  2  6 41.860  0.0   1
     1032  26.741237  103.084424     4.557    18803.8   -24080.2    -7088.8   1364.5   4371.7   2536.6 2022 12 26  2 50 54.010  0.0   1
     1033  26.909139  102.910791     9.344     1546.5    -5476.4    -2301.4    810.3    789.1    740.0 2022 12 26  4 11 43.150  0.0   1
     1034  27.051683  102.874072     4.274    -2099.6    10317.9    -7370.5   1022.7    717.9    895.1 2022 12 26  4 15 17.730  0.0   1
     1035  27.021523  102.762956    15.565   -13129.0     6976.0     3919.6    439.4    398.5    613.7 2022 12 26  4 56 35.820  0.0   1
     1036  26.548324  102.842228    15.125    -5271.3   -45455.7     3479.4   2302.5   2606.8   4056.3 2022 12 26  5 48 40.060  0.0   1
     1037  26.992021  102.969735     5.267     7397.3     3707.1    -6378.9    859.1    830.6    880.1 2022 12 26  6  4 17.700  0.0   1
     1038  26.924007  103.191471    10.533    29419.7    -3828.9    -1112.6   2100.6   1888.8   1939.8 2022 12 26  6 33 44.390  0.0   1
     1039  26.858327  103.032080     5.280    13594.7   -11106.4    -6365.5    807.1   1124.5   1445.1 2022 12 26  8 25 34.420  0.0   1
     1040  26.953646  102.933634     9.564     3814.4     -544.9    -2081.6    577.3    597.4    835.3 2022 12 26  9 35 29.970  0.0   1
     1041  26.820135  102.589258    24.583   -30398.2   -15338.2    12938.0   1225.5   1121.7   1088.1 2022 12 26 10  8 12.010  0.0   1
     1042  27.042590  102.872103    17.370    -2294.6     9310.5     5724.2    864.6    619.2    811.6 2022 12 26 10 12 43.400  0.0   1
     1043  26.985952  102.691349    19.795   -20240.3     3034.8     8149.7    725.1    382.2    518.9 2022 12 26 10 49 41.630  0.0   1
     1044  26.991569  102.757878     9.377   -13635.3     3657.2    -2267.3    627.0    749.9   1112.9 2022 12 26 10 54 45.850  0.0   1
     1045  26.985726  102.927205    13.163     3175.2     3009.7     1517.8    470.4    499.9    667.5 2022 12 26 10 55 35.790  0.0   1
     1046  27.019265  102.915837     4.168     2046.3     6726.0    -7477.0    621.4    626.0    671.0 2022 12 26 11 32 37.280  0.0   1
     1047  27.147634  102.891878    13.106     -332.1    20949.6     1460.4    861.8    640.1    911.7 2022 12 26 12  7 28.340  0.0   1
     1048  27.131022  102.961938    12.895     6618.9    19109.0     1249.8   1025.3    727.8    986.6 2022 12 26 12 44 31.500  0.0   1
     1051  26.997850  102.676595    15.045   -21704.5     4353.0     3399.3    833.2    411.8    587.8 2022 12 26 14 28 57.700  0.0   1
     1053  26.835248  102.949862    14.686     5428.2   -13663.8     3040.1    408.5    410.6    531.0 2022 12 26 15  0 11.130  0.0   1
     1054  27.116795  102.898706    10.855      345.2    17532.6     -790.5    532.1    500.3    856.7 2022 12 26 15  9 19.480  0.0   1
     1055  26.299455  102.987606    15.642     9199.3   -73031.1     3996.9   1607.0    660.7   1691.8 2022 12 26 15 31  4.340  0.0   1
     1056  27.041410  102.828516     6.807    -6621.3     9179.6    -4838.5    793.5   1187.9   1209.1 2022 12 26 15 42 30.230  0.0   1
     1057  26.883958  102.945418     1.892     4985.5    -8266.4    -9753.6    593.9    667.7   1523.2 2022 12 26 15 57 17.640  0.0   1
     1058  26.875753  102.957536    16.900     6189.0    -9175.7     5254.2    492.3    552.8    723.3 2022 12 26 16  0 47.160  0.0   1
     1059  26.898147  102.916406    13.316     2103.5    -6694.4     1670.2    952.9    837.3    738.1 2022 12 26 16 20 33.860  0.0   1
     1060  26.833138  102.945288    15.344     4974.0   -13897.4     3698.3    406.7    400.1    554.0 2022 12 26 17 15 17.160  0.0   1
     1061  26.833270  102.943465    15.178     4792.8   -13882.9     3532.7    421.0    393.0    589.6 2022 12 26 17 33 38.880  0.0   1
     1062  26.833970  102.944694    15.752     4914.5   -13805.2     4106.3    438.0    422.9    560.4 2022 12 26 17 34 29.440  0.0   1
     1063  26.900138  102.858073     4.042    -3689.3    -6473.5    -7603.7   1475.5    539.3   1221.1 2022 12 26 17 44 56.680  0.0   1
     1064  26.996991  102.666374    15.197   -22718.6     4257.8     3551.5    969.4    461.6    638.7 2022 12 26 18 36 16.160  0.0   1
     1066  26.604950  103.047380    22.042    15131.4   -39181.4    10396.5    657.7    840.0    593.3 2022 12 26 19 28 29.340  0.0   1
     1067  26.587170  103.035685    21.656    13969.3   -41151.4    10010.3    711.9    872.3    620.2 2022 12 26 19 50 49.080  0.0   1
     1068  27.090806  102.757161     9.804   -13700.0    14652.8    -1841.3    505.1    423.7    607.4 2022 12 26 19 57 14.640  0.0   1
     1069  26.830286  102.953231    16.477     5762.7   -14213.5     4831.4    421.1    430.8    599.0 2022 12 26 20  7 47.020  0.0   1
     1070  26.832225  102.951782    15.766     5619.2   -13998.7     4120.5    407.0    405.4    546.3 2022 12 26 20  8 10.600  0.0   1
     1071  26.838031  102.949121    18.731     5354.7   -13355.4     7085.9    504.5    560.8    929.4 2022 12 26 20 11  5.940  0.0   1
     1072  26.827519  102.946240    15.138     5068.4   -14520.0     3493.0    462.5    515.6    783.0 2022 12 26 20 11 19.960  0.0   1
     1073  26.829586  102.945996    15.978     5043.9   -14291.1     4332.4    403.7    433.6    630.0 2022 12 26 20 13 22.840  0.0   1
     1074  26.990361  103.132218     7.101    23528.0     3523.2    -4544.4    593.6    542.0   1099.5 2022 12 26 20 18 46.960  0.0   1
     1075  26.786566  103.058822    17.895    16256.0   -19057.8     6249.1   1243.9   1059.2   1346.0 2022 12 26 20 20 47.840  0.0   1
     1077  26.833492  102.951758    15.389     5616.3   -13858.2     3743.7    393.2    397.6    565.4 2022 12 26 20 26 48.620  0.0   1
     1078  26.828463  102.944393    14.929     4884.8   -14415.5     3283.4    413.0    403.3    559.3 2022 12 26 20 33 20.460  0.0   1
     1079  26.835392  102.950846    15.863     5525.9   -13647.6     4217.7    439.1    466.5    575.8 2022 12 26 20 34 26.960  0.0   1
     1080  26.830725  102.945142    15.837     4959.1   -14164.8     4191.8    399.8    388.9    595.8 2022 12 26 20 35 32.120  0.0   1
     1081  26.904698  102.981112    18.024     8529.8    -5968.4     6378.6    598.3    891.0    916.3 2022 12 26 20 35 43.440  0.0   1
     1082  26.832487  102.943717    16.329     4817.5   -13969.5     4683.5    422.6    434.2    583.4 2022 12 26 20 37 11.120  0.0   1
     1083  26.832196  102.945752    15.557     5020.2   -14001.8     3911.6    410.6    420.4    583.3 2022 12 26 20 40 55.960  0.0   1
     1084  26.867655  102.912557    20.299     1721.9   -10072.9     8654.0    679.8    782.7    844.1 2022 12 26 20 41 49.840  0.0   1
     1085  26.834560  102.945760    15.300     5020.5   -13739.9     3654.1    487.0    464.6    655.4 2022 12 26 20 43 15.680  0.0   1
     1086  26.834247  102.945882    16.207     5032.9   -13774.6     4561.2    419.1    436.8    630.2 2022 12 26 20 45 43.280  0.0   1
     1087  26.835590  102.944043    16.286     4849.7   -13625.9     4640.8    461.5    464.3    608.8 2022 12 26 20 47 48.040  0.0   1
     1088  26.833988  102.943001    16.343     4747.0   -13803.1     4697.5    523.9    565.6    724.4 2022 12 26 20 49 37.840  0.0   1
     1089  26.852635  102.869116     7.500    -2593.5   -11737.3    -4145.3   1484.7   1208.0   1973.3 2022 12 26 20 53 24.540  0.0   1
     1090  26.832202  102.946167    15.895     5060.8   -14001.2     4249.2    431.8    432.9    617.1 2022 12 26 20 54 15.340  0.0   1
     1092  26.861139  102.894531    18.333      -68.4   -10794.9     6687.6    946.4    982.7    808.4 2022 12 26 20 55 58.780  0.0   1
     1093  26.834857  102.949674    15.826     5409.7   -13707.1     4180.9    433.3    440.5    636.8 2022 12 26 21  0 32.160  0.0   1
     1094  26.833740  102.943522    15.257     4798.5   -13830.8     3611.2    410.7    399.8    566.4 2022 12 26 21  1  5.520  0.0   1
     1095  26.911210  102.785173     4.431   -10929.6    -5246.8    -7214.2    534.5    684.8   1585.6 2022 12 26 21  3  5.800  0.0   1
     1097  26.831722  102.942367    15.313     4683.9   -14054.3     3667.6    406.2    418.3    556.6 2022 12 26 21  7 32.080  0.0   1
     1098  26.835986  102.918319    10.797     2294.4   -13581.9     -848.1   1360.0    950.7   1658.0 2022 12 26 21  8 14.880  0.0   1
     1099  26.833645  102.944002    16.215     4846.2   -13841.4     4570.0    436.1    443.7    614.7 2022 12 26 21  8 30.960  0.0   1
     1100  26.832581  102.944051    15.916     4850.8   -13959.3     4270.7    440.0    460.3    631.6 2022 12 26 21 11 31.220  0.0   1
     1101  26.826345  102.945768    15.283     5021.6   -14650.1     3637.7    423.3    428.0    583.9 2022 12 26 21 16 11.640  0.0   1
     1103  26.833897  102.944010    15.489     4847.0   -13813.3     3843.8    411.0    402.7    563.9 2022 12 26 21 24 32.440  0.0   1
     1104  26.833339  102.945345    16.121     4979.4   -13875.2     4475.4    449.5    467.0    706.0 2022 12 26 21 36 14.680  0.0   1
     1105  26.831146  102.947087    16.341     5152.2   -14118.2     4695.9    444.9    453.9    622.1 2022 12 26 21 43 36.620  0.0   1
     1106  26.834578  102.945011    15.944     4945.9   -13737.8     4298.7    489.6    511.7    788.4 2022 12 26 21 50 12.840  0.0   1
     1108  26.828833  102.947144    14.917     5158.6   -14374.5     3271.9    403.1    419.6    585.7 2022 12 26 22 34  5.740  0.0   1
     1109  26.831934  102.946029    16.319     5047.4   -14030.8     4673.8    497.2    473.9    628.8 2022 12 26 22 54 44.460  0.0   1
     1110  26.832463  102.944084    15.099     4854.4   -13972.2     3453.3    417.4    382.4    582.6 2022 12 26 22 56 10.800  0.0   1
     1111  26.810952  102.847420     6.137    -4749.3   -16355.7    -5508.2   2392.5   1635.9   2832.9 2022 12 26 22 56 19.700  0.0   1
     1112  26.834245  102.941838    15.604     4631.0   -13774.8     3958.5    436.1    420.4    564.4 2022 12 26 23  0 12.940  0.0   1
     1113  26.835968  102.940210    15.698     4469.3   -13583.8     4052.8    497.4    466.1    719.8 2022 12 26 23  0 52.640  0.0   1
     1114  26.812118  102.893302    26.657     -191.1   -16226.7    15011.9   1785.8   1824.0   2153.9 2022 12 26 23 23 51.760  0.0   1
     1115  26.834408  102.949235    16.971     5365.6   -13756.7     5325.2    493.0    500.1    790.5 2022 12 26 23 25 34.700  0.0   1
     1116  26.832898  102.948869    14.464     5329.1   -13924.0     2818.5    441.8    422.4    587.3 2022 12 26 23 37 22.280  0.0   1
     1117  26.844716  102.977686    32.350     8191.6   -12614.5    20704.8   3787.8   3726.3   3292.7 2022 12 26 23 40 23.780  0.0   1
     1118  26.831010  102.947266    15.308     5170.6   -14133.2     3662.8    455.4    474.1    576.2 2022 12 26 23 40 51.080  0.0   1
     1119  26.800566  102.994352     8.756     9849.8   -17506.6    -2889.0    677.7    678.3    996.2 2022 12 26 23 45 28.180  0.0   1
     1120  26.835168  102.943278    15.137     4774.4   -13672.5     3491.8    470.6    451.7    624.5 2022 12 26 23 49 57.400  0.0   1
     1121  26.960901  102.648617     6.793   -24486.0      259.0    -4852.8    975.9    779.5   1811.2 2022 12 27  0 15 14.930  0.0   1
     1122  26.888438  102.838354    15.654    -5648.0    -7770.0     4008.2   1095.2    753.9   1153.3 2022 12 27  0 30  4.130  0.0   1
     1123  26.834635  102.944979    16.560     4943.1   -13731.5     4914.2    488.1    521.7    838.3 2022 12 27  0 30 44.240  0.0   1
     1124  26.830129  102.943831    14.583     4829.4   -14230.8     2938.0    433.0    424.1    644.9 2022 12 27  0 32 50.160  0.0   1
     1125  26.939616  102.791699     2.872   -10279.8    -2099.4    -8773.5    595.5    625.5   1109.9 2022 12 27  1 25 33.710  0.0   1
     1126  26.456167  102.925244    13.428     2987.3   -55666.9     1782.9    459.6    465.2    721.3 2022 12 27  1 33 36.930  0.0   1
     1127  27.323108  103.175895     1.195    27823.2    40392.7   -10449.0    982.5   1611.1   1436.0 2022 12 27  3 23 48.880  0.0   1
     1128  26.949028  102.930575     6.915     3510.0    -1056.5    -4730.4    811.1    744.0    911.3 2022 12 27  3 37 38.180  0.0   1
     1129  26.836340  102.946370    18.836     5081.4   -13542.7     7190.7    674.6    667.1   1202.5 2022 12 27  4 40 35.460  0.0   1
     1130  26.839868  102.954093    17.118     5848.6   -13151.8     5472.8    471.6    494.8    690.1 2022 12 27  5 34 34.830  0.0   1
     1131  26.833925  102.942904    15.112     4736.5   -13810.3     3466.4    412.8    402.8    567.4 2022 12 27  5 45 13.480  0.0   1
     1132  26.819255  102.967773    14.042     7208.3   -15435.7     2396.5    450.8    523.8    716.3 2022 12 27  7 43 52.810  0.0   1
     1133  26.787974  102.709408    15.401   -18463.4   -18901.8     3755.5   1419.5   1069.0   1705.4 2022 12 27  9 47 14.190  0.0   1
     1134  26.825808  102.943278    15.266     4774.3   -14709.6     3621.0    450.4    423.0    547.8 2022 12 27  9 57 35.630  0.0   1
     1135  26.463975  103.079004    10.827    18287.7   -54801.7     -818.2    766.6    608.1    763.3 2022 12 27 10  2 30.640  0.0   1
     1136  27.011029  103.158586     6.256    26143.3     5813.3    -5389.2    874.2    624.5   1305.1 2022 12 27 10 34 29.790  0.0   1
     1137  26.999900  103.138314     2.894    24132.6     4580.2    -8751.8    771.1    557.2   1425.4 2022 12 27 12 29 15.630  0.0   1
     1138  27.119330  102.903483     7.792      819.5    17813.4    -3853.7    588.1    498.0    929.1 2022 12 27 16  2  8.930  0.0   1
     1139  27.002893  102.795272    14.862    -9922.2     4911.8     3216.2    489.6    596.1    641.5 2022 12 27 16 17 41.490  0.0   1
     1140  27.121427  102.897371     3.121      212.8    18045.8    -8524.5    505.4    446.2   1418.3 2022 12 27 16 31  5.520  0.0   1
     1141  26.834172  102.941113    14.829     4559.0   -13782.9     3183.1    470.2    416.9    638.5 2022 12 27 16 34 42.200  0.0   1
     1142  26.830804  102.943579    15.253     4804.0   -14156.1     3607.2    435.7    418.7    538.6 2022 12 27 17 42 21.360  0.0   1
     1144  27.003619  102.874772    15.102    -2029.9     4992.3     3456.9    602.8    893.6    575.4 2022 12 27 19 48 30.680  0.0   1
     1145  26.925911  102.781502     5.077   -11293.3    -3617.9    -6568.8    689.2    852.4   1261.5 2022 12 27 19 52  6.780  0.0   1
     1146  27.118254  102.909229    12.859     1389.7    17694.1     1213.1    679.8    565.1    913.0 2022 12 27 19 58 35.700  0.0   1
     1147  26.860586  102.909709    20.106     1438.6   -10856.2     8460.3   2198.1   1884.0   1787.6 2022 12 27 20 14 43.680  0.0   1
     1148  27.117570  102.907992    12.964     1266.8    17618.4     1318.6    770.1    619.5    883.3 2022 12 27 20 20  9.440  0.0   1
     1149  26.859438  102.965511    14.106     6982.0   -10983.3     2460.1    458.4    450.5    694.7 2022 12 27 20 34 49.360  0.0   1
     1150  26.856256  102.964803    13.412     6912.0   -11336.0     1766.6    443.4    421.8    663.1 2022 12 27 20 35 51.300  0.0   1
     1151  26.856034  102.965837    14.054     7014.4   -11360.6     2409.0    496.4    515.5    812.0 2022 12 27 21 51  2.780  0.0   1
     1152  26.849148  102.967904    15.995     7220.3   -12123.5     4349.1    468.5    446.0    641.4 2022 12 27 22 57 14.400  0.0   1
     1153  27.051872  102.893368     4.943     -184.0    10338.8    -6702.6    430.7    509.1    510.1 2022 12 27 23 43 12.920  0.0   1
     1154  27.055863  102.868286     4.271    -2673.3    10781.1    -7374.9    544.1    521.6    691.8 2022 12 28  0 22 52.200  0.0   1
     1155  26.906893  102.914811     9.928     1945.4    -5725.2    -1717.1    814.5    779.4    711.7 2022 12 28  0 27 53.040  0.0   1
     1156  27.067444  102.899276    17.824      402.3    12064.3     6179.0    673.8    659.6    681.2 2022 12 28  2 37 48.890  0.0   1
     1157  27.176190  102.859603    14.040    -3533.0    24113.8     2395.0    767.5    622.6    967.2 2022 12 28  4 15 45.380  0.0   1
     1158  26.831486  102.957552    17.810     6192.1   -14080.4     6164.1    881.9    758.6    673.2 2022 12 28  5 25  7.180  0.0   1
     1159  27.066622  102.752295    10.019   -14184.6    11973.3    -1626.2    519.7    728.4    885.3 2022 12 28  9 42 30.530  0.0   1
     1160  27.009534  102.772965    13.045   -12136.5     5647.7     1399.9    509.2    465.7    691.8 2022 12 28  9 44 59.890  0.0   1
     1161  26.668225  103.048389    11.415    15227.6   -32170.4     -230.7    722.4    713.3    781.0 2022 12 28 11 15 36.090  0.0   1
     1162  27.062388  102.872754     4.910    -2229.9    11504.1    -6735.9    455.6    534.6    656.7 2022 12 28 11 47 14.980  0.0   1
     1164  26.858907  102.968123    14.495     7241.2   -11042.1     2849.6    482.4    442.9    647.5 2022 12 28 13 30 50.670  0.0   1
     1165  27.029336  102.680965    13.717   -21267.2     7841.7     2072.0    772.4    394.9    557.5 2022 12 28 13 40 16.380  0.0   1
     1166  27.008634  102.946997     4.502     5139.9     5548.0    -7142.9    689.8    759.2    833.1 2022 12 28 13 41 34.200  0.0   1
     1167  27.008813  102.747892    16.819   -14625.2     5567.8     5173.8    521.3    397.8    609.4 2022 12 28 13 49 38.800  0.0   1
     1168  27.019472  102.835897    21.566    -5888.8     6748.9     9920.8    684.2   1088.5    536.6 2022 12 28 14 46  0.810  0.0   1
     1169  27.031913  102.776685    16.029   -11766.2     8127.3     4383.9    433.0    454.3    652.3 2022 12 28 15  1 49.950  0.0   1
     1170  26.454527  102.923543    12.683     2818.5   -55848.7     1037.9    442.7    484.2    774.9 2022 12 28 15 20 52.340  0.0   1
     1171  27.003080  102.946313     3.956     5071.6     4932.5    -7689.0    546.2    652.4    764.6 2022 12 28 15 24 43.530  0.0   1
     1172  27.026912  102.684741    13.319   -20892.9     7573.3     1673.8    786.5    456.0    615.2 2022 12 28 15 39 54.070  0.0   1
     1173  26.568640  103.075464    12.633    17926.6   -43204.5      987.6    661.3    653.2    653.3 2022 12 28 16 13  6.980  0.0   1
     1174  26.870644  102.953027    13.541     5741.3    -9741.8     1896.3    443.1    439.6    680.0 2022 12 28 16 42 12.950  0.0   1
     1175  26.873846  102.952832    14.247     5722.0    -9386.8     2602.0    467.8    423.8    621.2 2022 12 28 16 47 43.240  0.0   1
     1176  26.986993  102.805119    16.660    -8945.7     3150.1     5015.0    477.7    390.8    618.1 2022 12 28 17 23 47.360  0.0   1
     1177  27.039630  102.904598     4.305      930.6     8982.4    -7340.9    680.1    702.6    658.3 2022 12 28 17 31 46.720  0.0   1
     1179  27.022241  102.964714     7.046     6897.9     7055.7    -4599.8    782.0   1043.5   1043.5 2022 12 28 19 51 45.960  0.0   1
     1180  27.002970  102.948210     3.810     5260.5     4920.5    -7835.2    493.7    590.1    637.4 2022 12 28 20 12 43.600  0.0   1
     1181  27.031203  102.932796     3.480     3729.3     8048.7    -8164.9    495.7    521.0    637.9 2022 12 28 20 59 26.320  0.0   1
     1182  26.741793  103.134839     2.937    23814.3   -24018.7    -8708.0   1441.7   1551.5   3707.3 2022 12 28 21 13 16.760  0.0   1
     1183  26.657452  103.167896     7.961    27110.1   -33364.0    -3684.5   1187.5   1427.1   2174.1 2022 12 28 21 29 34.760  0.0   1
     1184  26.867283  102.966659    13.312     7095.6   -10114.1     1667.0    598.2    461.7    702.2 2022 12 28 22 23  1.120  0.0   1
     1187  26.919393  102.902189    10.560      691.8    -4340.1    -1085.0    778.3    829.5    652.8 2022 12 28 22 58 24.680  0.0   1
     1188  26.458787  102.925138    12.860     2976.5   -55376.6     1214.6    428.5    449.2    739.9 2022 12 28 23  4 38.940  0.0   1
     1189  26.998391  102.848226    11.483    -4665.4     4412.9     -162.2    400.9    620.7    593.2 2022 12 29  0 13 18.740  0.0   1
     1190  27.003546  102.975269     5.143     7946.5     4984.3    -6502.8    606.2    732.4   1087.1 2022 12 29  1 52 44.280  0.0   1
     1191  26.988411  102.617179     7.456   -27604.0     3307.3    -4189.4    409.8    471.0    551.4 2022 12 29  2 21  7.930  0.0   1
     1193  27.077163  102.746875    14.008   -14722.1    13141.1     2362.7    631.5    444.5    538.8 2022 12 29  3 50 18.680  0.0   1
     1194  26.377679  103.013525    12.857    11776.0   -64363.4     1211.2    573.9    661.4    830.2 2022 12 29  4 38 23.530  0.0   1
     1195  27.120538  102.899642     4.844      438.6    17947.2    -6801.3    608.5    528.4    681.2 2022 12 29  5  0 51.170  0.0   1
     1196  27.199109  103.214388     9.893    31656.7    26653.0    -1752.2    635.8    557.6   1008.0 2022 12 29  6 12 42.180  0.0   1
     1197  26.432853  102.934310     9.914     3889.5   -58250.1    -1731.5    937.5    749.9    848.3 2022 12 29  6 19 38.210  0.0   1
     1198  26.873950  102.952360    14.063     5675.2    -9375.3     2417.7    443.1    443.3    658.8 2022 12 29  6 57  2.870  0.0   1
     1199  27.011857  102.768831    13.457   -12546.6     5905.0     1811.7    599.0    462.2    728.6 2022 12 29  7  0  0.250  0.0   1
     1200  27.015247  102.759269    13.733   -13495.5     6280.7     2087.2    445.8    333.9    553.9 2022 12 29  7 10 51.090  0.0   1
     1202  27.028086  102.752271    17.495   -14189.4     7703.4     5849.7    686.6    441.0    614.0 2022 12 29  7 43 48.440  0.0   1
     1203  26.873969  102.955021    14.521     5939.7    -9373.3     2875.8    455.8    448.9    676.3 2022 12 29  7 50  3.990  0.0   1
     1204  27.006864  102.822925    10.369    -7176.9     5351.8    -1276.5    353.2    544.9    586.4 2022 12 29 10 55 38.810  0.0   1
     1205  26.828571  102.967993    17.491     7230.0   -14403.5     5845.5    457.0    572.3    582.8 2022 12 29 11 56 30.090  0.0   1
     1206  26.928339  102.927824    10.936     3237.7    -3348.9     -709.5    576.0    502.9    763.4 2022 12 29 11 59 30.020  0.0   1
     1207  26.829401  102.969287    15.448     7358.3   -14311.5     3802.1    399.8    413.1    602.4 2022 12 29 13 25 18.820  0.0   1
     1208  26.936131  102.940226    12.381     4468.7    -2485.7      735.9    803.9    653.3    862.6 2022 12 29 13 30 53.790  0.0   1
     1209  26.838438  102.965706    15.494     7001.7   -13310.1     3848.3    447.6    642.2    641.0 2022 12 29 13 59  8.080  0.0   1
     1210  26.884937  102.943547     3.286     4799.3    -8158.0    -8359.2    573.2    600.7    940.2 2022 12 29 14  3  2.500  0.0   1
     1211  26.966707  102.923828    12.445     2840.5      902.3      799.5    945.5    548.1    755.2 2022 12 29 15 12 25.980  0.0   1
     1212  26.975435  102.812557     5.862    -8207.6     1869.5    -5783.0    632.4    694.8   1497.5 2022 12 29 15 14 27.740  0.0   1
     1213  26.991471  102.830933     8.621    -6382.6     3646.4    -3024.5    517.6    540.3    721.7 2022 12 29 15 17 39.720  0.0   1
     1214  26.832660  102.970020    16.082     7431.0   -13950.4     4436.2    405.7    425.1    532.6 2022 12 29 15 54 12.170  0.0   1
     1215  26.829685  102.970369    16.371     7466.0   -14280.0     4725.3    394.7    437.1    567.1 2022 12 29 15 54 33.170  0.0   1
     1216  26.831946  102.967896    15.969     7219.5   -14029.7     4323.1    439.5    483.7    964.7 2022 12 29 15 54 47.640  0.0   1
     1218  26.834450  102.966447    15.742     7075.9   -13752.0     4096.7    420.0    469.5    914.1 2022 12 29 15 59  6.010  0.0   1
     1219  26.834237  102.967904    15.574     7220.2   -13775.8     3928.1    412.9    414.0    682.4 2022 12 29 16  1 41.450  0.0   1
     1220  26.998059  102.850277    12.716    -4461.7     4376.2     1070.8    491.5    712.4    700.3 2022 12 29 16  6 36.430  0.0   1
     1221  27.011094  102.829435    20.437    -6530.9     5820.6     8791.4    635.1   1055.7    577.5 2022 12 29 16 54 28.820  0.0   1
     1222  26.877559  102.926766     3.180     3132.7    -8975.4    -8465.4    574.6    589.5    876.9 2022 12 29 17  1 38.080  0.0   1
     1223  27.281704  103.163892    10.184    26638.2    35805.0    -1461.7   1218.0   1291.4   1571.6 2022 12 29 17 10 42.960  0.0   1
     1224  27.000409  102.962109     2.116     6639.9     4636.6    -9529.0    653.7    915.2   1206.4 2022 12 29 17 24  5.520  0.0   1
     1225  26.605981  103.198674     5.668    30176.5   -39067.1    -5977.0   1029.5   1364.6   1417.0 2022 12 29 17 40 40.600  0.0   1
     1226  26.995396  102.831722     9.772    -6304.0     4081.2    -1873.9    529.8    534.1    737.5 2022 12 29 17 44 30.160  0.0   1
     1227  27.003746  102.854451    14.517    -4047.4     5006.3     2871.9    524.6    779.0    556.5 2022 12 29 17 45  4.720  0.0   1
     1228  27.005880  102.847005    11.698    -4786.6     5242.8       52.9    619.1    622.2    683.7 2022 12 29 17 45 54.720  0.0   1
     1229  27.031514  102.868018    14.656    -2700.6     8083.1     3011.0    542.6    511.5    712.1 2022 12 29 17 50  3.200  0.0   1
     1230  26.578076  103.050024    16.025    15396.0   -42159.1     4379.6    413.1    555.3    532.9 2022 12 29 17 52  4.400  0.0   1
     1231  27.089140  102.930981    19.007     3548.2    14468.2     7361.9   1232.5   1016.0   1256.9 2022 12 29 18  8 58.560  0.0   1
     1232  27.080916  102.848014    14.096    -4684.8    13557.2     2451.0    593.8    585.2    410.0 2022 12 29 18 21  6.440  0.0   1
     1233  26.991772  102.826058     7.695    -6866.4     3679.6    -3950.4    681.3    725.1    868.1 2022 12 29 18 31 41.700  0.0   1
     1234  26.837626  102.969474    17.361     7376.6   -13400.1     5715.8    474.4    512.1    768.9 2022 12 29 18 32 25.160  0.0   1
     1235  26.963059  102.920679    10.940     2527.3      498.1     -705.8    476.6    455.7    706.3 2022 12 29 18 38 44.800  0.0   1
     1236  27.038175  102.743913    13.250   -15018.6     8821.2     1604.3    327.0    650.1    519.5 2022 12 29 19  4 44.640  0.0   1
     1237  26.399827  102.984001    12.432     8836.5   -61909.6      786.8    643.7    641.1    967.1 2022 12 29 19 41 58.400  0.0   1
     1238  26.981665  102.818254     6.074    -7641.4     2559.7    -5571.5    618.9    622.7    954.0 2022 12 29 20  0 47.680  0.0   1
     1240  27.008984  102.814339    10.960    -8029.0     5586.7     -685.5    318.4    548.3    566.5 2022 12 29 20 23 37.760  0.0   1
     1241  26.954439  102.915031     1.361     1967.2     -457.0   -10284.6    765.5    953.5   1138.8 2022 12 29 20 41 23.080  0.0   1
     1242  26.921637  102.939510    12.962     4398.1    -4091.5     1316.4    799.6    490.8    831.0 2022 12 29 20 55 20.540  0.0   1
     1243  26.915745  102.929451    13.087     3399.5    -4744.3     1441.8    857.9    569.9    863.3 2022 12 29 21 47 45.120  0.0   1
     1244  26.983799  102.824162     6.382    -7055.2     2796.1    -5263.0    563.7    574.3    888.0 2022 12 29 21 48 55.960  0.0   1
     1245  26.445066  103.013354    11.127    11755.6   -56896.9     -518.3    425.7    410.4    557.2 2022 12 29 22 20  7.200  0.0   1
     1246  27.009798  102.853516    12.674    -4140.4     5676.9     1028.7    514.2    451.4    617.4 2022 12 29 22 37 11.720  0.0   1
     1247  26.997290  103.136833     2.078    23985.7     4291.0    -9567.4    487.9    502.2    790.4 2022 12 29 23 26  8.140  0.0   1
     1248  27.120730  102.901750     6.192      647.3    17968.5    -5453.1    570.1    473.9    869.1 2022 12 29 23 50 54.580  0.0   1
     1249  27.003320  102.847477    11.134    -4739.7     4959.1     -511.4    457.4    418.1    601.2 2022 12 30  0 54 30.710  0.0   1
     1250  26.867098  102.927091    21.763     3165.6   -10134.5    10117.7   2109.3   1912.6   1593.5 2022 12 30  2 20 45.560  0.0   1
     1251  27.061096  102.873853     5.036    -2120.7    11361.0    -6609.4    433.5    530.3    726.2 2022 12 30  2 26 38.770  0.0   1
     1252  26.872188  102.952393    13.640     5678.6    -9570.6     1994.6    455.7    451.3    691.8 2022 12 30  2 34 37.620  0.0   1
     1253  26.831816  102.969450    16.083     7374.1   -14044.0     4437.1    393.1    433.0    527.1 2022 12 30  2 35 24.330  0.0   1
     1254  27.156986  102.889299     7.346     -587.8    21985.9    -4299.3    787.0    584.7    995.6 2022 12 30  3  1 33.050  0.0   1
     1255  27.042507  102.817472    12.157    -7717.0     9301.3      511.1    360.8    388.1    591.2 2022 12 30  3 30 33.890  0.0   1
     1256  27.188090  103.206649     5.914    30890.8    25432.1    -5731.8    385.2    808.1   1514.4 2022 12 30  5 30 27.810  0.0   1
     1257  27.030436  102.889600    13.263     -558.4     7963.8     1617.5    958.9   1260.4    877.4 2022 12 30  6 24 20.990  0.0   1
     1258  26.834945  102.966577    15.947     7088.8   -13697.2     4301.8    422.2    429.2    543.6 2022 12 30  7 14 43.720  0.0   1
     1259  26.833624  102.968083    16.231     7238.6   -13843.5     4585.7    389.9    416.8    553.0 2022 12 30  7 22 26.290  0.0   1
     1260  27.034642  102.799097     8.227    -9541.7     8429.8    -3418.9    545.1    501.7    520.6 2022 12 30  7 27 27.860  0.0   1
     1261  26.981578  102.613086    19.756   -28010.6     2550.0     8110.2    799.3    637.7    928.5 2022 12 30  9 35 30.840  0.0   1
     1263  26.955365  102.811165     4.776    -8346.1     -354.4    -6869.7    782.6   1023.4   1463.2 2022 12 30 10 47 25.010  0.0   1
     1264  26.991364  103.140658     8.885    24366.2     3634.5    -2760.1   1292.6   1029.0   1679.6 2022 12 30 12 18 37.100  0.0   1
     1265  26.860848  102.968660    14.876     7294.7   -10827.1     3230.1    443.9    458.6    571.8 2022 12 30 12 22  0.500  0.0   1
     1266  26.904801  102.931901    12.097     3642.8    -5957.0      451.1    887.7    805.6    702.2 2022 12 30 12 49 36.530  0.0   1
     1267  27.007536  102.775822    13.711   -11852.6     5426.2     2065.5    598.3    577.2    733.4 2022 12 30 15 22 26.890  0.0   1
     1268  26.450629  102.993555    10.224     9785.3   -56280.5    -1421.0    444.8    432.8    637.2 2022 12 30 15 36 40.890  0.0   1
     1269  26.846914  102.982406     9.464     8660.7   -12371.1    -2181.7    636.7    534.5    872.7 2022 12 30 16 21 48.690  0.0   1
     1270  27.007359  102.852165    11.750    -4274.4     5406.8      104.2    504.7    458.9    614.2 2022 12 30 16 31 35.080  0.0   1
     1272  26.511051  103.082048    15.291    18586.2   -49585.7     3645.3    611.2    764.3    513.3 2022 12 30 16 40 49.450  0.0   1
     1273  27.133657  102.871208    13.855    -2382.5    19400.8     2209.9    644.2    543.9    908.0 2022 12 30 17  2 13.460  0.0   1
     1275  27.140324  102.859611    15.216    -3532.8    20139.5     3570.3    975.7    620.6   1048.6 2022 12 30 17 27  2.440  0.0   1
     1276  26.547355  103.063468    14.373    16735.3   -45562.9     2727.2    476.8    624.6    452.3 2022 12 30 17 53 57.340  0.0   1
     1277  27.118878  103.152702    12.832    25547.4    17763.3     1186.2   1123.8    880.6   1479.0 2022 12 30 19  9 43.080  0.0   1
     1278  27.003343  102.837492    10.553    -5731.3     4961.7    -1092.8    362.3    561.8    582.6 2022 12 30 20 13  7.200  0.0   1
     1280  26.415379  103.016463     8.627    12066.5   -60186.3    -3018.7    502.1    507.4    757.5 2022 12 30 21  7  0.580  0.0   1
     1281  26.653044  103.171842    13.264    27502.4   -33852.5     1618.9   1332.8   1285.4   1750.0 2022 12 30 21 20  3.960  0.0   1
     1282  27.073216  102.884041     3.321    -1109.5    12703.9    -8324.8    481.6    396.4    689.2 2022 12 30 21 42 37.560  0.0   1
     1283  27.083718  102.603597     8.851   -28940.1    13867.4    -2794.5    647.4    832.2    828.3 2022 12 30 22 26 38.360  0.0   1
     1284  27.139974  103.184188    13.575    28668.9    20100.9     1929.2    937.2   1436.7   1375.4 2022 12 30 22 33 59.360  0.0   1
     1285  26.870040  102.952515    14.174     5690.8    -9808.6     2528.3    601.1    477.1    702.6 2022 12 30 23  4 52.020  0.0   1
     1287  27.140800  102.743856    10.484   -15017.5    20192.4    -1161.3    749.0    817.4   1096.8 2022 12 31  0 23 42.490  0.0   1
     1288  27.151054  102.729508     9.884   -16439.8    21328.5    -1761.1    818.0    857.7   1210.3 2022 12 31  0 56  2.670  0.0   1
     1289  26.950810  103.063143    14.257    16673.8     -859.2     2611.5   2429.0   1941.6   1877.4 2022 12 31  0 59 45.940  0.0   1
     1290  27.193581  103.209131    13.102    31135.9    26040.5     1456.8    775.3   1160.8   2684.4 2022 12 31  5 43 28.100  0.0   1
     1291  27.129742  102.790487     6.918   -10391.3    18967.1    -4727.6    660.3    555.2    929.2 2022 12 31  6 30  0.600  0.0   1
     1292  27.058411  102.703638     6.779   -19014.7    11063.3    -4866.9    633.0    599.1    588.1 2022 12 31  6 55 46.340  0.0   1
     1295  26.775073  103.064225    19.408    16793.8   -20331.2     7762.4   1895.0   1996.9   1288.7 2022 12 31 10 21 53.220  0.0   1
     1296  27.043858  102.752173     9.394   -14198.6     9450.8    -2251.0    555.6    532.8    645.7 2022 12 31 11 42 37.460  0.0   1
     1297  26.978090  102.935433     5.163     3992.3     2163.7    -6482.0    720.6    642.8    722.1 2022 12 31 12 20  8.150  0.0   1
     1298  27.063759  103.217220    16.520    31956.6    11655.9     4874.3    950.2   1082.0  10948.2 2022 12 31 13 23 52.750  0.0   1
     1300  26.929928  102.960612     9.228     6493.1    -3172.8    -2417.0    918.4    613.6    867.1 2022 12 31 15 29 29.680  0.0   1
     1302  26.531187  103.073250    13.905    17709.6   -47354.5     2259.3    411.0    546.2    436.0 2022 12 31 15 43  7.390  0.0   1
     1303  26.458879  102.926514    13.599     3113.4   -55366.5     1953.4    434.2    462.5    727.3 2022 12 31 16 58 44.910  0.0   1
     1304  27.152893  103.017464     8.539    12127.2    21532.4    -3106.1   1719.9   1449.0   2385.4 2022 12 31 17  3 59.460  0.0   1
     1306  26.906437  103.122762    10.962    22597.7    -5775.8     -683.9   1021.8    800.2   1007.2 2022 12 31 18  0 28.940  0.0   1
     1307  27.128184  102.907088    11.687     1177.2    18794.5       41.4    625.2    524.4    877.6 2022 12 31 18 33 20.460  0.0   1
     1308  26.650482  102.862549     9.667    -3248.4   -34136.1    -1978.3   2047.0   1770.5   1687.8 2022 12 31 20 36 39.080  0.0   1
     1310  27.007416  102.885327     2.913     -982.2     5413.1    -8731.7    582.6    787.4    850.4 2022 12 31 22 30 35.280  0.0   1
     1311  26.871798  102.923185     6.655     2777.3    -9613.8    -4990.4    781.6    571.3   1253.7 2022 12 31 22 42 43.240  0.0   1
     1312  27.063456  102.871908     5.438    -2314.1    11622.3    -6207.1    461.1    510.8    792.3 2022 12 31 23 19 16.240  0.0   1
