        1  26.738171  103.010343    13.627    11441.1   -24420.1     1982.1    929.4   1194.8   1048.9 2022 12  1  2 38 37.350  0.0   1
        3  27.043528  102.818278    13.809    -7637.2     9414.3     2163.5   1162.8    927.5   1772.1 2022 12  1  3 19 17.300  0.0   1
        4  26.727268  103.097225     7.724    20077.5   -25628.1    -3921.4   1596.4   1342.6   1945.6 2022 12  1  3 44  1.590  0.0   1
        5  26.451813  103.360547     1.840    46305.3   -56149.4    -9805.9   2661.2   2966.3   3857.0 2022 12  1  3 59 27.810  0.0   1
        6  26.902948  102.909945    11.575     1462.0    -6162.3      -70.1   2778.6   1457.1   1307.9 2022 12  1  4 33 25.750  0.0   1
        7  26.941691  102.862565    13.238    -3243.0    -1869.5     1592.9    996.8    892.5    890.3 2022 12  1  4 40  4.560  0.0   1
        8  27.139323  102.892171     8.318     -303.0    20028.6    -3327.4   1221.9   1011.3   1628.2 2022 12  1  5 25 51.010  0.0   1
        9  27.115641  102.725260     5.860   -16864.5    17404.7    -5785.4    978.0    780.5    974.2 2022 12  1  6  7 56.160  0.0   1
       10  27.049677  102.876709    17.910    -1837.8    10095.7     6264.5    986.2    865.2   1059.4 2022 12  1  6 42 13.440  0.0   1
       11  27.001131  102.930859    15.423     3537.4     4716.6     3777.1   1129.3   1118.5   1084.4 2022 12  1  6 57 12.780  0.0   1
       12  26.966307  102.912744    10.781     1739.5      858.0     -864.2   1142.0    929.0   1087.4 2022 12  1  7 23 28.870  0.0   1
       13  26.958964  102.916829     9.893     2145.4       44.5    -1752.4    947.0    799.9   1024.2 2022 12  1  7 37 49.360  0.0   1
       14  27.013226  102.929175     3.811     3370.4     6056.8    -7834.3    858.0    771.4    858.8 2022 12  1  7 59 11.290  0.0   1
       15  26.984092  102.924910    13.035     2947.3     2828.8     1390.0    852.9    910.7    936.1 2022 12  1  8  2  1.760  0.0   1
       16  27.003109  102.930965     5.113     3548.2     4935.8    -6532.4   1011.4   1080.1   1034.6 2022 12  1  8 52 24.220  0.0   1
       17  26.921454  102.909530    11.501     1420.8    -4111.7     -144.7   2308.5   1462.9   1162.9 2022 12  1  9 18  3.320  0.0   1
       18  27.057823  102.895076    14.457      -14.2    10998.1     2811.1   1001.9    819.0   1031.9 2022 12  1 10 38 52.580  0.0   1
       19  26.734607  103.011271    13.594    11533.6   -24814.9     1949.0   1034.0   1383.9   1295.6 2022 12  1 11  3  1.320  0.0   1
       20  26.999200  102.930648    14.905     3516.6     4502.6     3259.3   1499.7   1163.4   1052.1 2022 12  1 11 40 34.550  0.0   1
       21  26.984485  102.937459     6.039     4192.9     2872.2    -5606.1   1034.9   1129.8   1545.7 2022 12  1 11 40 44.980  0.0   1
       23  26.910889  102.794173     4.591   -10035.4    -5282.5    -7054.7   1416.1   1647.4   2621.9 2022 12  1 14 13 49.650  0.0   1
       24  26.754675  102.625732     6.624   -26782.0   -22591.3    -5021.9   1235.4   1442.7   2184.0 2022 12  1 17  4 49.880  0.0   1
       25  26.930198  102.929801    12.188     3433.5    -3143.0      542.6    835.5    828.1   1001.4 2022 12  1 17 34  0.680  0.0   1
       26  27.068315  102.907422     5.377     1210.9    12160.7    -6268.7   1343.9   1148.3   1789.0 2022 12  1 18  0 23.740  0.0   1
       27  27.067163  102.890023    10.066     -515.9    12033.2    -1579.8    672.6    782.3    964.4 2022 12  1 19  2 42.840  0.0   1
       28  26.940765  102.900122    10.116      486.3    -1972.1    -1529.2   1267.7   1354.2   1211.3 2022 12  1 19 16 50.920  0.0   1
       29  26.990826  102.918058    11.880     2266.9     3574.9      234.2   2228.2   2329.0   1263.5 2022 12  1 19 27 28.040  0.0   1
       30  26.996187  102.832690     6.664    -6207.7     4168.8    -4981.2    835.1    888.4   1123.1 2022 12  1 20  2 54.600  0.0   1
       31  26.880788  102.950936    12.935     5533.4    -8617.7     1289.2    769.7    766.0   1019.0 2022 12  1 20 34 42.040  0.0   1
       32  26.968803  102.926351     9.931     3090.3     1134.5    -1714.1   1483.7    869.0   1141.4 2022 12  1 20 39 41.460  0.0   1
       33  26.962018  102.825309    16.360    -6942.1      382.7     4714.8    924.3    782.1    912.0 2022 12  1 20 41 13.400  0.0   1
       34  26.426735  102.977897     0.927     8228.3   -58928.0   -10718.6   1289.8    890.6   1749.4 2022 12  1 20 41 53.080  0.0   1
       35  27.067460  102.889315     8.483     -586.4    12066.1    -3162.1    699.5    780.4   1372.8 2022 12  1 21 29 33.240  0.0   1
       36  27.117910  103.181641     4.808    28419.1    17656.1    -6837.4    866.2    834.9   1842.0 2022 12  1 21 52 41.060  0.0   1
       37  27.040000  102.611825     1.255   -28128.6     9023.5   -10390.7   1309.4   2033.0   2767.5 2022 12  1 22 42 22.480  0.0   1
       38  26.955082  102.934196     9.486     3870.0     -385.6    -2159.4   1656.7   1306.3   1276.3 2022 12  1 22 47  8.780  0.0   1
       39  26.472176  102.986068    12.172     9039.2   -53893.0      526.7    787.6    672.0    702.5 2022 12  1 23  5 20.240  0.0   1
       40  26.606504  103.246981    11.489    34980.6   -39009.2     -156.0   1699.9   2152.5   2470.8 2022 12  1 23 49 28.440  0.0   1
       41  27.025956  102.733659    14.527   -16037.6     7467.3     2881.6    920.4    617.5    841.0 2022 12  1 23 54 17.760  0.0   1
       42  27.114229  102.908870     5.530     1353.9    17248.3    -6115.7    978.1    839.6   1395.5 2022 12  2  1 13 45.360  0.0   1
       43  27.040068  102.912354    15.018     1700.5     9030.9     3372.2   1595.9   1074.6   1406.1 2022 12  2  3 58 18.650  0.0   1
       44  26.993565  102.932959    12.937     3746.1     3878.3     1291.4   1010.7   1107.8   1081.3 2022 12  2  4 22 50.060  0.0   1
       45  26.995898  102.887402     4.604     -776.1     4136.8    -7041.8    715.3    759.6    803.7 2022 12  2  4 54  7.500  0.0   1
       46  27.046507  102.812826    16.210    -8178.1     9744.4     4564.3    739.0    731.4   1025.6 2022 12  2  7 18 31.430  0.0   1
       47  27.042244  102.903621    11.575      833.9     9272.1      -70.9   1612.5   1068.9   1820.9 2022 12  2  8 39 16.390  0.0   1
       48  27.022048  102.871517    13.865    -2353.3     7034.2     2219.4    988.1    740.8    990.1 2022 12  2  8 54 27.080  0.0   1
       49  27.410284  102.848779     0.927    -4602.4    50051.9   -10718.7   3280.5   2955.4   8247.7 2022 12  2 10 32 47.090  0.0   1
       50  26.920658  103.183675    20.533    28645.3    -4199.9     8887.9   1677.7   1541.3   1298.3 2022 12  2 10 33 35.360  0.0   1
       51  26.943886  102.896257    14.121      102.8    -1626.3     2475.5   1420.0   1112.9   1249.9 2022 12  2 11  9 38.110  0.0   1
       52  26.929553  102.895076    10.607      -14.3    -3214.5    -1038.6   1381.4   1340.2   1089.5 2022 12  2 11 39 15.940  0.0   1
       53  27.166187  102.859733     6.677    -3521.0    23005.2    -4968.0   1123.1   1024.7   1365.6 2022 12  2 11 47 43.420  0.0   1
       54  26.831458  102.943311    14.613     4777.7   -14083.6     2967.4    611.5    707.2    921.3 2022 12  2 12  3 40.390  0.0   1
       55  27.112081  103.283341     3.421    38510.5    17010.1    -8224.4    902.6    870.9   1497.3 2022 12  2 13 40 36.380  0.0   1
       56  26.452995  103.010474     8.061    11468.7   -56018.4    -3584.5    948.1    709.3   1062.2 2022 12  2 13 58 25.190  0.0   1
       57  26.845428  102.943465    16.278     4792.1   -12535.7     4632.5    750.5    846.5   1009.0 2022 12  2 15 14 33.520  0.0   1
       58  26.850108  102.955282    13.578     5965.9   -12017.1     1932.2    641.4    731.7   1120.6 2022 12  2 15 21  9.940  0.0   1
       59  26.935352  102.790316     3.614   -10417.4    -2571.9    -8031.2    746.6   1071.5   1804.5 2022 12  2 16 19 51.010  0.0   1
       60  26.855599  102.956698    16.275     6106.3   -11408.6     4629.5    838.5   1068.2   1228.8 2022 12  2 17 48 47.480  0.0   1
       61  26.844000  102.945540    14.852     4998.8   -12693.9     3206.6    684.1    712.1   1031.6 2022 12  2 17 53 50.960  0.0   1
       62  26.841937  102.945353    14.957     4980.3   -12922.4     3311.1    652.3    649.7    872.4 2022 12  2 18  5  8.860  0.0   1
       63  26.939345  102.925041    13.674     2961.2    -2129.5     2028.5    888.2    925.7   1129.9 2022 12  2 19 52  5.240  0.0   1
       64  26.898859  102.921191    13.635     2579.1    -6615.4     1989.3   3974.8   1568.1   1522.2 2022 12  2 20  0 55.300  0.0   1
       65  27.192350  102.914119     0.937     1874.3    25904.2   -10708.4   1256.7   1269.6   2359.1 2022 12  2 20 17 18.700  0.0   1
       66  26.976129  102.950757     8.553     5513.6     1946.4    -3092.6   1168.4   1028.6   1248.9 2022 12  2 20 30 26.020  0.0   1
       67  26.986357  102.889396     8.828     -578.5     3079.7    -2817.5    909.0   1033.2   1099.6 2022 12  2 21  9 13.940  0.0   1
       68  27.018168  102.776921     8.440   -11743.0     6604.4    -3205.4    806.2    769.6    802.7 2022 12  2 21 15 14.080  0.0   1
       69  26.819505  102.958708    14.037     6307.4   -15408.0     2391.3    749.5    700.1    898.5 2022 12  2 21 21 24.040  0.0   1
       70  26.575771  103.015267    14.256    11939.0   -42414.5     2610.5    718.4    755.4    889.7 2022 12  2 22 39 24.240  0.0   1
       71  26.934939  102.927751    11.018     3230.4    -2617.6     -627.1    789.0    807.8    953.3 2022 12  2 22 42 34.740  0.0   1
       72  26.846936  102.942977    17.958     4744.3   -12368.5     6312.9    881.4    982.8   1047.2 2022 12  2 22 59 50.800  0.0   1
       73  26.981250  102.765552     7.467   -12873.6     2513.7    -4177.6   1049.8    891.1   1487.1 2022 12  2 23  8 45.160  0.0   1
       74  27.017649  103.014811     7.349    11870.7     6546.8    -4296.8   1538.1   1067.3   2760.0 2022 12  2 23 23 18.180  0.0   1
       76  26.851697  102.965861    16.156     7017.3   -11841.1     4510.3   1004.2    880.9   1215.3 2022 12  3  1 45 27.740  0.0   1
       77  26.853662  102.960482    16.916     6482.9   -11623.4     5270.2    687.3    717.5    943.4 2022 12  3  1 51 51.550  0.0   1
       78  26.928733  102.800651     4.686    -9391.8    -3305.2    -6959.2    727.4   1043.0   1503.1 2022 12  3  1 55 10.590  0.0   1
       79  26.927576  102.793587     3.187   -10093.3    -3433.5    -8458.1    777.4   1122.0   1982.1 2022 12  3  2  5 16.180  0.0   1
       80  26.927915  102.800033     4.299    -9453.2    -3395.9    -7346.7    724.6   1054.0   1566.3 2022 12  3  2  8 43.810  0.0   1
       81  26.849217  102.955916    13.150     6029.2   -12115.8     1504.8    725.3    758.2   1192.6 2022 12  3  2 14 15.520  0.0   1
       82  26.851558  102.955273    15.008     5965.6   -11856.5     3362.4    578.2    690.2    992.5 2022 12  3  2 14 44.090  0.0   1
       83  26.850531  102.956315    14.315     6069.0   -11970.2     2669.8    619.1    708.1   1046.4 2022 12  3  2 15  7.580  0.0   1
       84  26.857692  102.961361    17.977     6570.0   -11176.8     6331.2    859.7   1099.3   1278.9 2022 12  3  2 16 53.970  0.0   1
       85  26.927887  102.794792     3.357    -9973.2    -3399.0    -8288.4    766.2   1110.3   1899.0 2022 12  3  2 17 13.690  0.0   1
       86  26.849672  102.958472    13.669     6283.2   -12065.5     2023.1    617.3    697.7   1124.8 2022 12  3  2 19 26.930  0.0   1
       87  27.005086  102.924227     2.517     2878.9     5154.8    -9128.0    915.0    981.7    843.5 2022 12  3  3  4 51.080  0.0   1
       88  26.649536  103.018945    17.100    12301.1   -34241.1     5454.2    769.6    917.5   1143.7 2022 12  3  3 44 28.190  0.0   1
       89  26.950354  102.785921    29.441   -10853.3     -909.6    17795.4   1875.9   2312.6   1769.6 2022 12  3  4 46 51.570  0.0   1
       90  26.850576  102.956641    13.836     6101.2   -11965.3     2190.5    658.9    711.9   1162.2 2022 12  3  5  2 51.390  0.0   1
       91  26.923273  102.793319     4.620   -10119.6    -3910.2    -7025.3   2313.4   1353.7   2282.9 2022 12  3  5 14 48.290  0.0   1
       92  26.932546  102.792594     2.273   -10191.4    -2882.9    -9372.6   1036.9    904.5   1645.3 2022 12  3  5 23 53.430  0.0   1
       93  27.134532  102.848934    10.565    -4592.8    19497.8    -1080.8   1276.3   1203.7   1404.5 2022 12  3  7  6 21.980  0.0   1
       95  26.963857  102.928451    11.154     3299.0      586.5     -491.1    767.8    734.8    995.4 2022 12  3  7 54 45.480  0.0   1
       96  26.953444  102.918506     8.822     2311.7     -567.3    -2823.8    892.3    764.3    947.5 2022 12  3  8 39 54.890  0.0   1
       97  26.824420  103.116024     4.174    21936.5   -14863.5    -7471.6   1175.7   1428.6   1110.7 2022 12  3  8 43 11.410  0.0   1
       98  26.976996  102.953117    12.721     5747.6     2042.5     1075.5   1180.0    833.5   1078.2 2022 12  3  8 50 46.740  0.0   1
      100  26.877594  102.950342    11.374     5474.4    -8971.7     -271.2    685.6    872.7   1161.5 2022 12  3 11 45 40.200  0.0   1
      101  26.897060  102.944727    14.732     4916.5    -6814.8     3086.8    910.2   1080.1   1285.7 2022 12  3 12 49 32.480  0.0   1
      102  27.066414  102.643278     6.606   -25003.8    11950.1    -5039.5    858.5    961.7    873.6 2022 12  3 13 33  8.350  0.0   1
      103  27.026758  102.951164     2.910     5552.4     7556.2    -8735.8   1045.0   1297.5   2234.9 2022 12  3 13 57 58.950  0.0   1
      104  26.515456  103.067269    16.562    17116.2   -49097.4     4916.6    840.9    854.2    836.7 2022 12  3 14 10 10.630  0.0   1
      105  27.115275  102.891252    10.989     -394.2    17364.1     -656.4    734.4    845.7   1129.7 2022 12  3 14 49 38.660  0.0   1
      106  27.018689  102.778670    16.347   -11569.4     6662.1     4701.7    744.8    631.2   1009.0 2022 12  3 15 57 43.450  0.0   1
      107  27.009483  102.952100     2.874     5646.1     5642.0    -8771.4    918.4    885.8   1339.6 2022 12  3 16 13 27.320  0.0   1
      108  27.076052  102.800684    12.247    -9381.9    13018.0      601.4    919.7   1121.4    771.2 2022 12  3 16 26 40.090  0.0   1
      109  26.975783  102.907153    14.333     1184.2     1908.1     2687.5   1424.1   1227.1   1166.4 2022 12  3 16 43 53.610  0.0   1
      110  26.994973  102.761141    11.971   -13310.8     4034.4      325.9    876.7    910.0   1119.8 2022 12  3 19 28 16.240  0.0   1
      111  27.021283  102.774821    16.491   -11951.7     6949.5     4846.0    752.4    610.8   1010.6 2022 12  3 19 33  1.360  0.0   1
      112  27.005251  102.771956    12.974   -12237.1     5173.1     1328.7    756.6    680.2    907.1 2022 12  3 19 36 43.320  0.0   1
      113  27.027850  102.769613    17.666   -12468.6     7677.3     6020.9   1528.4    890.5   1074.2 2022 12  3 20 14 39.500  0.0   1
      115  26.972255  102.923901     9.522     2847.7     1517.1    -2123.0   1376.9   1140.3   1209.9 2022 12  3 21  6 35.020  0.0   1
      116  26.980495  102.920996    11.931     2558.9     2430.1      285.3    832.8    922.1    913.7 2022 12  3 21 12 37.640  0.0   1
      117  26.875167  102.956714    15.202     6107.5    -9240.6     3556.3    671.0    781.9    914.4 2022 12  3 21 23 47.340  0.0   1
      118  27.238458  102.617114     3.164   -27580.1    31013.2    -8481.8   1611.3   1557.1   3141.3 2022 12  3 21 36 58.720  0.0   1
      119  26.993547  102.936947    14.976     4141.8     3876.3     3330.3    963.5   1139.7    902.2 2022 12  3 21 56 14.420  0.0   1
      120  26.873374  102.955599    14.796     5997.4    -9439.2     3150.2    989.3    755.7    904.7 2022 12  3 22  1 12.220  0.0   1
      121  26.740969  103.008553    18.034    11263.2   -24110.0     6388.6   1067.7   1500.6    972.7 2022 12  3 22  8 12.960  0.0   1
      122  26.873592  102.956852    18.233     6121.5    -9415.0     6587.1    844.8    902.2   1297.8 2022 12  3 22 17 52.460  0.0   1
      123  27.015009  102.833431    12.422    -6134.0     6254.2      776.7    889.1   1089.9    910.2 2022 12  3 22 27 41.440  0.0   1
      124  27.020831  102.929272     1.285     3379.9     6899.4   -10360.8    659.6    581.2   1573.7 2022 12  3 22 39 39.540  0.0   1
      125  26.880723  102.964624    17.816     6893.1    -8625.0     6170.9    987.2   1112.9   1278.8 2022 12  3 22 56 39.000  0.0   1
      126  26.991390  102.763745    10.256   -13052.4     3637.2    -1389.2   1185.0   1009.2   1220.5 2022 12  3 23 23 14.240  0.0   1
      127  27.122805  103.165120     3.833    26779.1    18198.4    -7812.1    815.5    730.1   1311.0 2022 12  4  0 40 45.880  0.0   1
      128  27.114469  102.909033     6.311     1370.7    17274.9    -5334.3    842.4    822.8   1407.1 2022 12  4  2 10 26.660  0.0   1
      129  26.867548  102.945850    19.029     5029.1   -10084.8     7383.2   1033.8    955.7   1249.0 2022 12  4  3 10  1.950  0.0   1
      130  27.128143  102.782170    11.978   -11217.0    18789.9      332.3   1397.7   1157.8   1448.7 2022 12  4  3 18 50.350  0.0   1
      132  26.699864  103.028337    13.643    13232.1   -28664.7     1997.1    873.4   1126.5   1177.4 2022 12  4  3 39 43.980  0.0   1
      133  26.974420  102.919141    10.923     2374.8     1757.0     -722.1    982.7   1001.8    929.4 2022 12  4  3 51 49.540  0.0   1
      134  27.147506  102.882324    25.304    -1279.7    20935.5    13659.0   1871.4   1249.8   1655.6 2022 12  4  4 28  6.550  0.0   1
      136  27.034721  102.876644    15.461    -1843.7     8438.4     3815.5   1001.3    827.4   1002.0 2022 12  4  6 36 49.840  0.0   1
      137  26.992047  102.829500     7.948    -6524.9     3710.1    -3697.8   1186.3   1398.1   1519.4 2022 12  4  8 33  8.820  0.0   1
      138  26.977629  102.916650    12.063     2127.4     2112.4      417.8   1036.4   1198.0    971.6 2022 12  4  8 34  9.270  0.0   1
      139  26.875578  102.954720    15.433     5909.4    -9195.0     3787.9    644.9    743.7    984.9 2022 12  4  9 29 21.250  0.0   1
      141  27.146407  102.911719     6.597     1636.8    20813.6    -5048.1   1190.3   1036.0   1708.7 2022 12  4 10 56 47.490  0.0   1
      142  27.004146  102.814990    17.096    -7965.0     5050.7     5450.2    791.7    674.2   1013.6 2022 12  4 12 49 43.560  0.0   1
      143  27.006643  102.878019     5.009    -1708.0     5327.3    -6636.7   1230.9    844.7   1074.5 2022 12  4 12 52 43.930  0.0   1
      144  26.937962  102.980306    11.022     8448.8    -2282.6     -623.0   2291.8   1614.8   1963.6 2022 12  4 13  1  1.390  0.0   1
      145  27.017979  102.774528    16.762   -11981.0     6583.5     5117.0    813.7    712.3   1060.9 2022 12  4 13 52 28.720  0.0   1
      146  26.982857  102.923413    12.017     2798.9     2691.9      371.7    997.3   1011.3    953.9 2022 12  4 13 57 10.100  0.0   1
      147  26.825533  102.983146    13.169     8735.1   -14740.2     1523.9    746.6    618.7    954.0 2022 12  4 14  6 47.650  0.0   1
      148  27.019226  102.775586    15.994   -11876.2     6721.7     4348.8    751.5    656.2   1028.0 2022 12  4 15 27 42.080  0.0   1
      149  27.063009  102.672314     0.217   -22122.4    11572.8   -11428.6   1173.3   1111.7   1492.3 2022 12  4 15 32 27.030  0.0   1
      150  26.987274  102.900106    10.209      484.4     3181.3    -1436.8    962.1    939.6   1164.1 2022 12  4 15 46 54.590  0.0   1
      151  27.005202  102.828475     6.135    -6626.0     5167.7    -5510.3    880.0    942.2   1149.1 2022 12  4 16 32 17.420  0.0   1
      152  26.999133  102.823682     5.418    -7102.1     4495.3    -6227.9    850.6   1078.4   1313.7 2022 12  4 16 41 49.520  0.0   1
      153  26.918673  102.862012     6.352    -3298.4    -4419.9    -5293.8   1039.0    806.5   1798.1 2022 12  4 16 45 41.460  0.0   1
      154  27.133138  102.675602     8.483   -21789.6    19343.4    -3162.8   1290.0   1064.7   1752.2 2022 12  4 18 15 30.280  0.0   1
      155  26.919358  102.899658    12.627      440.1    -4344.0      981.4   2233.6   1492.5   1130.4 2022 12  4 18 24 28.520  0.0   1
      156  27.014756  102.778605    15.770   -11576.5     6226.4     4124.7    717.8    634.4    993.8 2022 12  4 18 25 42.480  0.0   1
      157  27.012644  102.778068    15.263   -11629.5     5992.2     3617.4    774.0    629.2    962.1 2022 12  4 18 29 53.800  0.0   1
      158  27.087608  102.793164     9.112   -10127.6    14298.5    -2533.4    807.4    810.9   1061.0 2022 12  4 19 24 56.880  0.0   1
      159  27.089056  103.396175     4.298    49711.6    14459.0    -7347.7    888.3    945.1   1325.0 2022 12  4 19 53  2.400  0.0   1
      160  27.086912  103.198543     2.830    30100.5    14221.3    -8815.8    910.5    785.7   1282.1 2022 12  4 22 52 22.540  0.0   1
      161  27.003227  102.937174    14.545     4164.4     4948.8     2900.0    938.2   1066.7   1075.9 2022 12  4 22 59  8.300  0.0   1
      162  27.138696  102.659701     9.152   -23366.6    19959.2    -2493.5   1064.3   1002.7   1613.7 2022 12  4 23 15 31.880  0.0   1
      163  27.132564  102.676473     9.605   -21703.8    19279.7    -2040.2   1130.5    931.9   1650.2 2022 12  4 23 59  7.840  0.0   1
      164  26.772536  102.762280    16.758   -13210.8   -20612.3     5112.2   1613.6   1495.7   1644.9 2022 12  5  0  1 57.790  0.0   1
      166  26.573623  103.005697    12.805    10987.4   -42652.4     1159.4    741.6    729.6    883.3 2022 12  5  2 46 44.270  0.0   1
      167  26.905452  102.932080     8.519     3660.1    -5884.8    -3126.2   3511.7   1445.8   1687.1 2022 12  5  2 52 43.300  0.0   1
      168  26.680638  103.035303    12.971    13925.7   -30795.0     1325.7   1189.8   1791.9   1599.7 2022 12  5  3  6 33.210  0.0   1
      169  27.002000  102.802018     5.703    -9252.6     4812.9    -5942.5   1063.9   1377.4   1529.1 2022 12  5  3 31 22.340  0.0   1
      170  27.124123  102.859912     7.806    -3503.3    18344.6    -3839.1    801.2    876.7   1883.6 2022 12  5  3 39 24.700  0.0   1
      171  26.651058  103.094539     7.978    19817.0   -34072.3    -3667.5   1509.1    786.3   1149.3 2022 12  5  4  7  6.010  0.0   1
      172  27.034656  102.891577     6.306     -361.5     8431.2    -5339.7    889.6   1464.0   1577.9 2022 12  5  4 29 52.400  0.0   1
      173  27.036798  102.757227    12.369   -13697.3     8668.6      723.6    617.4    980.0    758.6 2022 12  5  5 19 13.800  0.0   1
      174  26.919838  102.951245     2.567     5563.1    -4290.8    -9078.0    692.9    968.8   2420.0 2022 12  5  5 46  0.410  0.0   1
      175  27.099373  102.868392    13.340    -2662.7    15602.2     1694.2    826.8    965.6   1062.1 2022 12  5  5 48 45.620  0.0   1
      176  26.578375  102.990218     7.796     9448.0   -42125.8    -3849.0    738.1    825.6   1113.5 2022 12  5  6 29 14.380  0.0   1
      177  26.455479  103.016284     8.255    12046.4   -55743.2    -3390.9   1194.3    784.8   1499.0 2022 12  5  6 31 22.920  0.0   1
      178  26.452535  102.991187    11.156     9549.4   -56069.4     -489.1    726.4    480.7    701.4 2022 12  5  8 48 11.700  0.0   1
      179  27.015839  102.863477    13.239    -3151.5     6346.3     1593.2    897.2    673.6    952.1 2022 12  5  9 10 49.590  0.0   1
      180  26.692090  102.848047    17.238    -4689.5   -29526.1     5592.6   1209.7   1728.3   1236.1 2022 12  5  9 43 44.390  0.0   1
      181  26.743510  103.008114    14.184    11219.7   -23828.4     2538.3    864.9   1099.4    952.2 2022 12  5  9 56  5.790  0.0   1
      182  26.851784  102.959709    12.883     6405.5   -11831.3     1237.6   1127.5   1638.1   5726.9 2022 12  5  9 58 22.030  0.0   1
      184  27.040875  102.896118     8.193       89.2     9120.3    -3452.1    979.7    948.6    887.5 2022 12  5 10 35 18.760  0.0   1
      186  27.270457  102.641398     0.643   -25167.9    34558.6   -11002.0   1965.5   1685.5   6110.2 2022 12  5 11 22 20.690  0.0   1
      187  26.397455  103.011353    13.002    11559.3   -62172.4     1356.2   1056.3    771.2   1242.0 2022 12  5 11 25  5.140  0.0   1
      188  27.112569  102.901489     6.356      621.4    17064.2    -5289.8    861.0    931.5   1809.9 2022 12  5 12  8 29.770  0.0   1
      189  27.269958  102.626424     9.818   -26653.2    34503.4    -1827.0   1385.7   1213.3   2136.4 2022 12  5 13 12 11.360  0.0   1
      190  26.967360  102.832397    16.567    -6237.7      974.8     4921.9    911.9    831.0    916.0 2022 12  5 14 47 13.770  0.0   1
      191  26.986328  102.809237    14.413    -8536.7     3076.3     2768.0    890.1    837.8    860.4 2022 12  5 15 41 16.610  0.0   1
      192  26.957943  103.008057    14.558    11203.7      -68.8     2912.4   1710.1   1400.6   1389.2 2022 12  5 16  1 33.680  0.0   1
      193  27.022160  102.896574     3.621      134.2     7046.7    -8024.0    956.6   1221.4   1599.1 2022 12  5 16 13 52.500  0.0   1
      194  27.033372  102.805640    11.254    -8891.9     8288.9     -391.6    739.1    703.0    902.5 2022 12  5 17  1  2.400  0.0   1
      195  26.578196  103.036491    26.479    14050.2   -42145.6    14833.2   1019.0   1281.0   1099.0 2022 12  5 17 14 27.160  0.0   1
      196  26.918402  102.890658     9.591     -453.6    -4450.1    -2054.5   2868.4   1461.0   1177.6 2022 12  5 18 10  0.720  0.0   1
      197  27.119863  103.179696     6.773    28225.6    17872.4    -4872.3    711.7    653.8   1134.0 2022 12  5 20 41 41.820  0.0   1
      198  27.298879  102.849927    21.486    -4491.0    37708.0     9840.3   1961.6   1798.0   1770.2 2022 12  5 22 38  3.520  0.0   1
      200  26.875271  103.058154     8.031    16184.0    -9229.0    -3614.3   1159.1   1145.7   1277.1 2022 12  6  2 32 32.120  0.0   1
      201  26.531327  103.279085     7.375    38185.9   -47338.9    -4270.1   2295.7   2677.0   4267.0 2022 12  6  3 33 55.320  0.0   1
      202  26.972900  102.893018    11.807     -218.8     1588.5      161.9   1567.1   1152.0   1056.3 2022 12  6  4 21 11.780  0.0   1
      203  26.879968  103.065706    14.285    16933.2    -8708.7     2639.1    973.6   1352.7   1382.8 2022 12  6  5 10 51.100  0.0   1
      204  27.091396  103.274268     1.988    37613.9    14718.2    -9657.1    686.2    875.4   2711.7 2022 12  6  5 19 16.730  0.0   1
      205  27.191563  103.176335     9.348    27883.0    25817.0    -2297.2    956.2    663.3   1834.1 2022 12  6  5 37  1.690  0.0   1
      206  27.188993  103.179883     8.866    28235.6    25532.4    -2779.2    755.8    722.6   2955.6 2022 12  6  5 58 19.190  0.0   1
      207  26.897935  102.920549    15.056     2515.6    -6717.7     3410.5   5057.4   1672.3   1589.9 2022 12  6  6 57 29.480  0.0   1
      208  27.007792  102.930314    10.365     3483.8     5454.8    -1280.2   1339.5   1370.0   1400.0 2022 12  6  7 40  0.000  0.0   1
      209  27.016770  102.913306     4.516     1794.9     6449.5    -7129.8    745.1    720.6    816.7 2022 12  6  8 15 46.370  0.0   1
      210  26.995858  102.907894    12.367     1257.5     4132.4      721.3   2047.7   1734.3   1326.2 2022 12  6  9  1 24.520  0.0   1
      211  26.304983  102.997054    13.468    10139.8   -72418.6     1822.9   1826.6    923.4   2876.9 2022 12  6  9  2 22.700  0.0   1
      212  26.976923  102.896501    10.850      127.0     2034.2     -795.4   1474.8   1295.5   1081.7 2022 12  6 10  2 30.700  0.0   1
      213  27.076422  102.757210    10.420   -13696.1    13059.2    -1225.2    837.4    691.0    966.8 2022 12  6 10  8 59.270  0.0   1
      214  27.057336  102.632633     7.254   -26061.9    10944.4    -4391.0    808.3    877.3    931.2 2022 12  6 13 10 36.540  0.0   1
      215  27.189661  103.177930     6.961    28041.5    25606.1    -4684.2    711.9    683.9   1493.6 2022 12  6 13 51 55.330  0.0   1
      216  27.077625  102.757316    11.269   -13686.1    13192.4     -376.2    962.2    869.9    927.2 2022 12  6 14 18 55.360  0.0   1
      217  26.856755  102.974561     7.417     7881.4   -11280.6    -4228.3    812.5    787.5   1246.0 2022 12  6 15 18 14.910  0.0   1
      219  27.073806  102.753955    10.856   -14019.8    12769.1     -789.9    832.9    773.1    892.9 2022 12  6 16  1 43.360  0.0   1
      220  26.447628  103.024219    13.909    12837.0   -56613.0     2263.4   1096.2    853.3   1199.5 2022 12  6 16 16 45.830  0.0   1
      221  26.998120  102.787329    12.928   -10711.0     4383.1     1282.2    642.9    693.6    898.5 2022 12  6 16 27 32.990  0.0   1
      222  26.463247  102.996997     8.141    10127.5   -54882.4    -3504.8   1816.5   1036.1   1506.1 2022 12  6 16 32  4.260  0.0   1
      223  27.089514  102.754167     6.993   -13998.0    14509.8    -4652.9    899.7    855.6   1065.6 2022 12  6 17 32 35.320  0.0   1
      224  27.089478  102.752930     6.672   -14120.3    14505.7    -4973.6    998.2    914.7   1108.4 2022 12  6 17 40 40.120  0.0   1
      225  27.120276  102.865153     8.809    -2983.3    17918.3    -2836.2    791.4    866.7   1628.7 2022 12  6 17 47 49.120  0.0   1
      228  27.076066  102.753182    11.144   -14096.2    13019.6     -501.0    857.3    621.7    890.7 2022 12  6 20 25 26.900  0.0   1
      229  26.991954  102.928768     3.751     3330.2     3699.8    -7893.8    978.3    979.7   1030.2 2022 12  6 20 39  6.380  0.0   1
      230  27.035229  102.920801     5.658     2538.8     8494.9    -5987.2   1025.4   1257.7   1287.0 2022 12  6 21 13 24.200  0.0   1
      231  27.045494  102.725122    14.511   -16882.9     9632.1     2865.8   1628.7   2317.9    937.5 2022 12  6 22 16 48.680  0.0   1
      232  27.078882  102.755387    11.248   -13877.2    13331.6     -397.3    849.2    690.9    933.7 2022 12  6 22 17  9.440  0.0   1
      233  26.923254  102.944157    13.886     4859.2    -3912.2     2241.0   1223.1   1032.0   1353.0 2022 12  6 22 40  7.200  0.0   1
      234  26.911987  102.921021     9.768     2562.3    -5160.7    -1877.6    924.4    897.1   1038.5 2022 12  6 23  6 36.600  0.0   1
      235  27.049967  102.862687     5.209    -3229.5    10127.9    -6436.5   1091.5   1011.3   1849.2 2022 12  6 23 26 17.640  0.0   1
      236  26.885181  102.982544     7.513     8673.1    -8130.9    -4132.1    987.1   1005.3   1369.1 2022 12  6 23 35 38.440  0.0   1
      237  26.934884  102.856925     2.477    -3803.1    -2623.8    -9168.2    657.2   1019.0   1331.9 2022 12  6 23 42 22.720  0.0   1
      239  27.199902  103.181510     8.558    28396.1    26740.9    -3087.4    601.9    934.3   1746.3 2022 12  7  4 30  9.540  0.0   1
      240  26.915769  102.822339     7.548    -7238.5    -4741.7    -4097.3   1514.0   1565.8   2065.6 2022 12  7  5 12 44.500  0.0   1
      241  27.006525  102.688477    22.423   -20523.9     5314.3    10777.5    979.2    769.1    704.4 2022 12  7  5 34  9.330  0.0   1
      242  27.056364  102.857894    21.158    -3705.2    10836.7     9512.3   1041.8    979.7   1053.8 2022 12  7  5 44 13.070  0.0   1
      243  27.222255  102.902767    12.656      748.5    29217.8     1010.7   1290.7   1126.8   1577.2 2022 12  7  7 32 21.900  0.0   1
      245  27.057294  102.827466    18.340    -6724.6    10939.7     6694.6   1446.5   1335.3   1837.4 2022 12  7  8 23  3.720  0.0   1
      246  26.828868  102.621419    15.623   -27201.5   -14370.7     3977.4   1278.3   1041.8   1960.4 2022 12  7  9 26 20.710  0.0   1
      247  27.068949  102.755509    10.736   -13865.7    12231.1     -909.5    835.6    800.9    877.8 2022 12  7 14 23 10.200  0.0   1
      248  27.119242  102.893953    10.045     -125.7    17803.7    -1600.9   1207.0   1233.3   1437.9 2022 12  7 14 24 59.690  0.0   1
      249  27.101552  102.764006     8.976   -13020.2    15843.7    -2669.9   1327.7   1005.1   1357.1 2022 12  7 15 42 38.060  0.0   1
      250  27.190948  103.177995     7.303    28047.9    25749.0    -4342.5    645.7    741.6   1381.1 2022 12  7 15 59  8.670  0.0   1
      251  27.030029  103.021289    14.867    12513.1     7918.6     3221.9   1327.7   1574.3   1734.2 2022 12  7 17 19 48.020  0.0   1
      252  26.990214  102.940169    15.118     4462.1     3507.0     3473.0   1081.4   1120.1   1130.7 2022 12  7 17 22  7.480  0.0   1
      253  26.460036  102.979338     1.255     8370.1   -55238.1   -10390.0   1327.1   1277.6   2094.2 2022 12  7 17 27  2.200  0.0   1
      254  26.903961  102.821501    13.381    -7321.5    -6050.1     1735.7   1308.0   1004.6   1306.5 2022 12  7 18 19  9.680  0.0   1
      255  26.986843  102.921745    13.030     2632.8     3133.5     1384.2   1065.8    959.7   1028.0 2022 12  7 18 25 41.520  0.0   1
      256  26.549261  102.731250    14.600   -16310.3   -45351.7     2955.1   2362.1   2043.1   2260.8 2022 12  7 18 28 28.280  0.0   1
      257  27.141854  102.838721     7.965    -5606.0    20309.1    -3679.2   1561.9   1268.5   2799.8 2022 12  7 19 53  2.360  0.0   1
      258  26.387581  103.036434    16.419    14056.4   -63266.3     4773.1    881.5    518.2   1012.3 2022 12  7 21  1 17.020  0.0   1
      259  26.421165  103.021891    13.661    12606.5   -59545.3     2015.2    938.3    897.5   1342.2 2022 12  7 21  7 23.940  0.0   1
      260  26.989052  102.928394    13.500     3292.8     3378.4     1854.6   1483.7   1545.5   1353.2 2022 12  7 21 26 26.000  0.0   1
      261  26.998749  102.855501     4.516    -3943.1     4452.8    -7129.0    872.7   1072.5   1139.9 2022 12  7 21 26 49.960  0.0   1
      262  27.005337  102.759619     5.524   -13461.9     5182.7    -6121.0    951.3   1289.9   1544.1 2022 12  7 21 27 23.380  0.0   1
      263  27.303221  102.629891    12.096   -26305.0    38189.0      450.1   1613.2   1218.6   1418.4 2022 12  7 21 40 47.720  0.0   1
      264  27.038194  102.825732    21.759    -6897.6     8823.2    10113.5   1021.3   1579.8    774.7 2022 12  7 21 44 20.520  0.0   1
      265  26.997652  102.932853    13.920     3735.4     4331.2     2274.6    931.3   1032.9   1068.3 2022 12  7 22  2 44.840  0.0   1
      266  26.987590  103.130745     4.616    23382.3     3216.2    -7029.5    795.9    871.0   1282.8 2022 12  7 22  6 31.520  0.0   1
      267  26.956020  102.935856    10.290     4034.6     -281.9    -1355.3   1452.7   1199.8   1170.4 2022 12  7 22 19 10.560  0.0   1
      268  27.095553  102.702710    13.028   -19103.3    15178.8     1382.3   1774.9   1346.2   1731.8 2022 12  7 22 25 32.020  0.0   1
      269  26.982597  102.920133    12.491     2473.1     2663.0      845.4    979.8   1032.6   1008.4 2022 12  7 22 54 41.300  0.0   1
      270  26.995386  102.935954    11.653     4043.2     4080.0        7.1   1183.5    980.1   1049.3 2022 12  7 22 58 29.500  0.0   1
      271  27.001172  102.968311    14.452     7255.6     4721.2     2806.1   1461.6   1101.1   1143.7 2022 12  7 23 33 36.500  0.0   1
      272  26.990460  102.936662    13.967     4113.5     3534.4     2322.0    982.7    896.4   1042.2 2022 12  7 23 33 49.560  0.0   1
      273  26.992684  102.948657    13.857     5304.9     3780.7     2211.3   1091.8    918.5   1093.9 2022 12  7 23 34  0.520  0.0   1
      274  27.041364  102.829606     8.821    -6512.7     9174.6    -2824.6    823.2    838.6    950.7 2022 12  7 23 40 58.480  0.0   1
      275  26.609275  103.042790    16.781    14674.5   -38702.0     5135.3   1707.0    926.2   1283.4 2022 12  8  1 16 41.430  0.0   1
      276  27.076072  102.821265     7.788    -7340.0    13020.4    -3857.9   1627.1   1082.8   1173.0 2022 12  8  1 17 31.840  0.0   1
      277  27.029156  102.928687    16.289     3321.4     7821.9     4643.3   1424.5   1049.4   1171.7 2022 12  8  1 19 29.050  0.0   1
      278  26.990497  102.786369    11.002   -10806.8     3538.3     -643.3    998.9    823.4   1404.4 2022 12  8  2 49 30.920  0.0   1
      279  27.066925  102.658138     5.911   -23529.5    12006.7    -5734.4   1419.4   1294.3   1134.8 2022 12  8  2 58 42.810  0.0   1
      280  26.810712  103.085067     5.077    18862.1   -16382.3    -6567.3   2349.9   1985.4   2410.7 2022 12  8  3 31 17.930  0.0   1
      281  27.009871  102.799569    12.323    -9495.3     5685.2      677.3    641.9    713.7    872.0 2022 12  8  7  9 22.640  0.0   1
      282  27.037362  102.803410    16.311    -9113.1     8731.0     4665.4    793.3    728.1   1030.0 2022 12  8  8 37 55.900  0.0   1
      283  27.040116  102.851473    20.531    -4342.8     9036.2     8885.3   1057.6    977.0   1076.4 2022 12  8  8 46  1.380  0.0   1
      284  27.042291  102.886662    15.821     -849.5     9277.2     4175.6   1006.7    857.8   1017.9 2022 12  8  8 53 46.270  0.0   1
      285  27.011637  102.826619    13.485    -6810.3     5880.7     1839.3    771.8   1112.8    845.9 2022 12  8  9  4  0.310  0.0   1
      286  27.035655  102.809351    15.944    -8523.2     8542.0     4298.8    744.2    715.8   1007.2 2022 12  8  9 31 51.900  0.0   1
      287  26.880955  102.890283     1.759     -490.8    -8599.2    -9886.6   1730.3   1373.5   2533.7 2022 12  8 11 20 13.360  0.0   1
      288  27.145764  102.718872    11.335   -17496.1    20742.5     -310.0   1380.6   1378.5   1487.8 2022 12  8 11 47 33.570  0.0   1
      289  27.281405  102.654118    24.856   -23905.5    35771.7    13210.2   3186.9   2913.7   2079.5 2022 12  8 11 48 29.140  0.0   1
      291  26.863507  102.930990    16.213     3552.7   -10532.5     4567.9    772.0    776.4    844.5 2022 12  8 15 40 48.130  0.0   1
      292  27.017234  102.831055    10.824    -6369.8     6500.9     -821.8    724.6    602.8    865.3 2022 12  8 15 42 25.850  0.0   1
      293  26.987488  102.937646     8.695     4211.9     3204.9    -2950.6   1414.5   1276.3   1282.8 2022 12  8 15 44 29.920  0.0   1
      294  26.897770  102.992977     9.168     9708.5    -6736.1    -2477.4    870.1    947.1   1285.1 2022 12  8 16  6 31.640  0.0   1
      295  26.982377  102.944816    12.897     4923.3     2638.6     1252.1   1264.0    930.1    931.9 2022 12  8 17  3 51.920  0.0   1
      296  26.947306  102.909090     9.854     1376.6    -1247.3    -1791.6    907.3    861.3   1094.2 2022 12  8 17  8 25.440  0.0   1
      297  26.982442  102.936377    13.260     4085.8     2645.9     1615.0    839.9    982.5    962.5 2022 12  8 17 27 33.540  0.0   1
      298  26.986869  102.597396     7.987   -29568.1     3136.5    -3658.7    929.7    871.3   1250.9 2022 12  8 18  0  1.720  0.0   1
      299  26.978339  102.896574     5.629      134.3     2191.1    -6016.4   1437.6   1281.0   1172.3 2022 12  8 19 10 37.400  0.0   1
      300  27.029057  102.691390    14.832   -20232.6     7810.9     3186.8   1148.3    634.0    599.6 2022 12  8 19 15 52.580  0.0   1
      301  26.923743  102.879427     6.491    -1568.8    -3858.2    -5154.0   1528.0   1012.9   1074.4 2022 12  8 19 47  3.900  0.0   1
      302  27.074542  102.597591     6.782   -29537.6    12850.8    -4863.4   1215.0   1395.4   1320.1 2022 12  8 19 55  6.340  0.0   1
      303  27.186165  103.123763    12.129    22669.0    25218.9      483.2    959.8    733.0   1316.8 2022 12  8 21 45 51.980  0.0   1
      304  26.659841  103.009066    15.930    11318.8   -33099.3     4284.5    832.1    827.0   1130.0 2022 12  8 22  9 17.000  0.0   1
      305  26.390666  102.995451     9.279     9976.6   -62924.6    -2366.5   1182.2    688.2   1428.7 2022 12  9  1 32 59.460  0.0   1
      306  26.954106  102.865544    12.543    -2946.8     -493.9      897.5   1230.3   1022.2   1058.8 2022 12  9  1 44 46.830  0.0   1
      307  26.952136  102.858415    13.107    -3655.1     -712.2     1461.1    934.7    830.4    837.8 2022 12  9  2 21  4.330  0.0   1
      308  27.064889  102.835132    16.488    -5964.1    11781.2     4842.5    990.8    902.6   1128.5 2022 12  9  3  7 42.560  0.0   1
      309  27.070180  102.758146    12.615   -13603.6    12367.5      969.1    953.2    651.0    897.2 2022 12  9  4 26 42.200  0.0   1
      310  27.023100  102.773364    16.796   -12096.3     7150.8     5150.9    755.2    612.9   1004.5 2022 12  9  4 54 40.440  0.0   1
      311  26.505109  103.061296    14.487    16522.0   -50244.0     2841.6    892.6    728.1    835.7 2022 12  9  6  2 32.420  0.0   1
      312  26.979877  103.218774    13.220    32123.2     2361.5     1574.3   1519.8   1041.9   2206.4 2022 12  9  6 12 21.060  0.0   1
      313  26.585634  103.012524    14.322    11666.4   -41321.6     2676.5    806.2    762.9    919.4 2022 12  9  6 27 37.880  0.0   1
      314  26.747935  103.008122     2.133    11220.6   -23338.3    -9512.5   1299.4   1051.0   2342.6 2022 12  9  7  1 15.700  0.0   1
      315  27.118166  102.868188     8.114    -2682.2    17684.5    -3531.0   1135.9   1001.5   1696.9 2022 12  9  7  5 32.620  0.0   1
      316  26.963031  102.766447     6.777   -12786.0      494.9    -4868.3    973.9    847.1    742.8 2022 12  9  7 33 20.850  0.0   1
      317  26.899876  102.911646     9.923     1631.2    -6502.7    -1722.2   2454.4   1406.4   1353.6 2022 12  9  8 16 49.390  0.0   1
      318  26.914461  102.890405     8.604     -478.1    -4886.6    -3041.3   1050.5   1293.9   1484.0 2022 12  9  9 52 54.890  0.0   1
      319  27.032591  103.000659     2.164    10465.9     8202.4    -9481.8   1871.9   1415.1   3383.9 2022 12  9 10  3 58.080  0.0   1
      320  26.917755  102.810246     3.981    -8439.1    -4521.6    -7664.1    744.1   1009.3   1497.9 2022 12  9 10 52 59.240  0.0   1
      321  26.848029  103.063737     2.201    16739.8   -12247.5    -9444.3   1459.2   2107.3   2286.6 2022 12  9 12 47 10.210  0.0   1
      322  27.064093  102.884465     4.764    -1067.6    11693.0    -6881.5    835.9    891.1    959.7 2022 12  9 13 30 41.560  0.0   1
      323  27.024483  102.923381     4.637     2794.9     7304.1    -7008.3    854.3   1193.3   1308.5 2022 12  9 14 15 16.460  0.0   1
      324  27.082251  102.827970     3.091    -6674.4    13704.9    -8553.1    708.2    816.4   1628.6 2022 12  9 14 21 36.930  0.0   1
      325  27.128752  102.855501    12.096    -3941.3    18857.4      450.9    731.1    900.8   1120.6 2022 12  9 14 42 33.820  0.0   1
      326  27.125444  102.869092     9.713    -2592.4    18490.9    -1932.9    730.9    916.4   1209.5 2022 12  9 14 49 16.700  0.0   1
      327  26.951931  102.857764    13.017    -3719.8     -734.9     1371.3    882.4    816.5    842.0 2022 12  9 15  6 51.720  0.0   1
      328  26.880135  102.911662     1.993     1632.5    -8690.1    -9652.3    791.4    714.0   1904.9 2022 12  9 15 41 15.900  0.0   1
      329  26.990108  102.768001     2.862   -12630.6     3495.4    -8783.3   1097.6   1543.2   2701.9 2022 12  9 16 16  3.700  0.0   1
      330  26.901501  102.910221    10.798     1489.8    -6322.6     -847.5   2470.8   1462.5   1315.5 2022 12  9 16 23  8.160  0.0   1
      331  27.011721  102.724341    14.826   -16963.5     5890.1     3180.7   1135.2    423.1    837.7 2022 12  9 18 41 57.680  0.0   1
      332  27.020652  102.843449     3.557    -5139.4     6879.6    -8088.6    820.4    976.0   1661.0 2022 12  9 18 58 48.920  0.0   1
      333  27.029319  102.769092    15.918   -12519.7     7839.9     4272.4    747.0    589.9    948.3 2022 12  9 19  2 11.320  0.0   1
      334  27.022044  102.781966    14.471   -11242.7     7033.7     2826.0    752.1    524.3    883.2 2022 12  9 19  2 24.300  0.0   1
      335  26.977736  102.628581     4.510   -26472.8     2124.4    -7135.6   1174.5    624.2    768.8 2022 12  9 19  4 23.340  0.0   1
      336  27.012465  102.831706     2.848    -6305.4     5972.6    -8797.8   1262.7   1212.2   1136.3 2022 12  9 19  8 33.920  0.0   1
      337  27.026465  102.778369    15.355   -11599.0     7523.7     3710.1    766.9    667.7   1008.7 2022 12  9 19  9 55.800  0.0   1
      338  27.023472  102.779834    14.486   -11453.7     7192.2     2840.7    729.8    503.4    899.9 2022 12  9 19 11 23.800  0.0   1
      339  27.033636  102.775065    16.525   -11926.9     8318.3     4880.0    890.5    644.7    992.9 2022 12  9 19 12  2.400  0.0   1
      340  27.025545  102.778524    16.015   -11583.6     7421.9     4369.2    717.0    631.6    995.2 2022 12  9 19 12 49.200  0.0   1
      341  27.082210  102.801823    22.589    -9268.9    13700.4    10944.0   1026.8    866.1   1066.0 2022 12  9 19 12 59.800  0.0   1
      342  27.026084  102.710343    17.284   -18351.6     7481.4     5638.9   1066.2    528.0    812.7 2022 12  9 19 14 36.780  0.0   1
      343  27.021324  102.721118    16.611   -17282.2     6954.0     4965.3   1041.6    461.3    834.9 2022 12  9 19 26 26.960  0.0   1
      344  27.008724  102.781860    11.448   -11253.9     5557.8     -197.3    633.1    725.0    913.2 2022 12  9 19 38 27.680  0.0   1
      345  27.030098  102.792546    15.232   -10191.5     7926.4     3586.2    741.8    723.0   1012.8 2022 12  9 20  7 59.040  0.0   1
      346  27.032351  102.791512    15.421   -10293.9     8176.0     3776.0    751.5    718.6   1016.3 2022 12  9 20 38 46.120  0.0   1
      347  27.020646  102.721826    16.434   -17212.5     6878.9     4788.5   1047.0    455.9    838.2 2022 12  9 20 38 57.460  0.0   1
      348  26.999636  102.598112     9.558   -29495.6     4551.0    -2087.3    798.6    931.4   1007.9 2022 12  9 20 41 29.180  0.0   1
      349  27.026158  102.762899    15.876   -13135.0     7489.6     4230.1    805.4    646.0   1000.5 2022 12  9 20 42 50.280  0.0   1
      350  27.020144  102.723153    16.047   -17080.4     6823.2     4401.2    892.6    403.5    885.3 2022 12  9 21 17 38.800  0.0   1
      351  27.010529  102.643636    15.298   -24974.6     5757.9     3653.0    809.5    765.7    914.8 2022 12  9 21 19  4.820  0.0   1
      352  27.114960  102.705648     5.912   -18810.1    17329.2    -5733.3   1383.2   1296.8   1547.3 2022 12  9 21 25 27.200  0.0   1
      353  27.004618  102.933114    14.336     3761.5     5103.1     2690.2   1204.5   1087.7   1074.5 2022 12  9 21 52 18.340  0.0   1
      354  27.017161  102.781966    14.281   -11242.2     6492.8     2636.6    960.2    863.0    863.4 2022 12  9 21 53 57.880  0.0   1
      355  27.017395  102.777922    14.418   -11644.3     6518.6     2772.6    692.0    469.1    906.7 2022 12  9 22 16 43.960  0.0   1
      356  27.036121  102.785921    15.831   -10848.8     8593.6     4185.8    702.6    685.6   1023.3 2022 12  9 23  0 30.520  0.0   1
      357  27.033870  102.784448    16.152   -10995.6     8344.2     4506.6    709.0    627.1    997.7 2022 12  9 23  2  0.840  0.0   1
      358  27.022019  102.782039    14.771   -11235.4     7031.1     3125.6    787.6    789.4    911.3 2022 12  9 23  2 13.780  0.0   1
      359  27.023954  102.778833    14.970   -11552.9     7245.5     3324.1    712.6    681.3   1005.9 2022 12  9 23  3 21.900  0.0   1
      360  27.034934  102.848747     8.912    -4612.9     8462.1    -2733.1    901.5    834.9   1155.8 2022 12  9 23  4 41.580  0.0   1
      361  27.020502  102.782739    14.192   -11165.8     6862.9     2546.7    746.9    522.6    857.2 2022 12  9 23  5 19.240  0.0   1
      362  27.018595  102.780623    13.997   -11376.1     6651.8     2351.8    724.5    470.2    833.8 2022 12  9 23  9  8.280  0.0   1
      363  27.018960  102.781372    14.620   -11301.6     6692.2     2974.3    720.6    590.8    866.3 2022 12  9 23 20 22.480  0.0   1
      364  26.719330  102.733415     5.576   -16082.8   -26507.7    -6069.1   1920.0   1190.9   1777.9 2022 12  9 23 26 19.160  0.0   1
      365  27.023138  102.766911    15.567   -12737.0     7155.1     3921.9    777.4    633.1    941.8 2022 12  9 23 30 43.800  0.0   1
      366  27.007149  102.776628    12.810   -11773.4     5383.4     1165.0    687.6    685.6    925.8 2022 12  9 23 32  8.740  0.0   1
      367  27.026858  102.780225    15.701   -11414.6     7567.1     4055.1    689.4    627.8    989.3 2022 12  9 23 33 11.360  0.0   1
      368  27.022628  102.780509    14.865   -11387.3     7098.5     3219.5    742.5    694.6    967.7 2022 12  9 23 33 38.580  0.0   1
      369  27.018882  102.785099    14.417   -10931.7     6683.4     2771.9    677.4    512.4    858.8 2022 12  9 23 34 43.080  0.0   1
      370  27.027201  102.811353    13.312    -8325.4     7605.4     1667.0    840.1    589.8    941.9 2022 12  9 23 38 56.520  0.0   1
      371  27.036538  102.777010    16.949   -11733.3     8639.8     5303.1    948.3    624.8   1019.7 2022 12  9 23 43 26.920  0.0   1
      372  27.014360  102.781917    13.204   -11247.2     6182.3     1558.1    684.8    721.2    882.9 2022 12  9 23 56 51.960  0.0   1
      373  27.020862  102.783032    14.074   -11136.2     6902.9     2428.4    749.2    530.5    861.1 2022 12  9 23 58  5.880  0.0   1
      374  27.052909  102.802751    16.464    -9177.7    10453.8     4818.5    725.9    729.0   1031.6 2022 12  9 23 59 10.960  0.0   1
      375  27.024809  102.700480    18.536   -19330.9     7340.1     6890.4   1003.9    590.5    786.2 2022 12 10  0  4 35.350  0.0   1
      376  27.006864  102.780973    12.213   -11341.5     5351.9      567.5    699.5    657.9    942.4 2022 12 10  0  5 47.270  0.0   1
      377  27.032833  102.788265    15.861   -10616.6     8229.3     4215.2    705.1    711.6   1016.1 2022 12 10  0  7 50.470  0.0   1
      378  27.031042  102.784033    16.537   -11036.9     8031.0     4892.0    714.3    641.7   1027.5 2022 12 10  0 16  7.980  0.0   1
      379  27.031571  102.791081    16.645   -10337.2     8089.6     4999.7    719.8    677.7   1046.3 2022 12 10  0 16 55.370  0.0   1
      380  27.023763  102.787622    14.602   -10681.1     7224.4     2956.3    780.9    543.8    919.2 2022 12 10  0 17 36.370  0.0   1
      381  27.008852  102.781372    12.652   -11302.2     5572.1     1006.6    700.0    758.0    913.3 2022 12 10  0 18 52.750  0.0   1
      382  26.924583  102.915682     8.771     2031.6    -3765.1    -2874.5   1156.1    892.9   1042.2 2022 12 10  0 19 43.700  0.0   1
      383  27.043770  102.790186    18.915   -10425.4     9441.3     7269.3    936.6    749.3   1058.9 2022 12 10  0 20  1.370  0.0   1
      384  27.024060  102.782194    14.571   -11219.9     7257.2     2925.2    800.9    606.8    944.4 2022 12 10  0 20 34.620  0.0   1
      385  27.032422  102.789038    15.715   -10539.6     8183.6     4069.8    712.8    685.2   1000.0 2022 12 10  0 23 45.650  0.0   1
      386  27.029325  102.769491    16.659   -12480.5     7840.6     5013.8    772.7    635.3   1011.6 2022 12 10  0 23 58.970  0.0   1
      387  27.027022  102.836475     9.427    -5831.2     7585.4    -2218.6    787.5    709.8    963.0 2022 12 10  0 24 40.970  0.0   1
      388  27.015898  102.781706    16.567   -11268.4     6352.9     4921.8    962.0    870.0    977.3 2022 12 10  0 25  4.370  0.0   1
      389  27.012174  102.780518    13.504   -11386.6     5940.3     1859.0    691.4    672.2    876.4 2022 12 10  0 30  7.610  0.0   1
      391  27.033769  102.773267    17.978   -12104.9     8333.1     6332.6    844.6    655.8   1038.1 2022 12 10  0 36 34.050  0.0   1
      392  27.039626  102.785400    16.360   -10900.2     8981.9     4714.6    771.5    682.7   1024.1 2022 12 10  0 50  4.960  0.0   1
      393  27.024919  102.702246    17.028   -19155.5     7352.4     5382.5   1102.5    578.4    792.5 2022 12 10  0 52 34.380  0.0   1
      394  27.031512  102.774202    16.190   -12012.2     8082.9     4544.7    724.4    630.9   1009.0 2022 12 10  0 57 35.320  0.0   1
      395  27.034483  102.776969    17.470   -11737.9     8412.1     5824.8    801.0    633.4   1027.9 2022 12 10  1 10 53.820  0.0   1
      396  26.977763  102.669173     2.101   -22443.0     2127.3    -9544.8   1605.7   1063.3   2303.3 2022 12 10  2 52 25.770  0.0   1
      397  27.017393  102.779525    16.611   -11484.7     6518.6     4965.5    747.1    639.5   1001.7 2022 12 10  2 55 21.750  0.0   1
      398  26.990420  102.786719     7.972   -10772.2     3529.8    -3673.6   1245.2   1359.7   1937.9 2022 12 10  3 27 43.070  0.0   1
      399  27.074402  102.871948    20.417    -2309.8    12835.1     8772.0   1225.9   1096.3   1161.7 2022 12 10  3 37 57.940  0.0   1
      400  27.026603  102.772990    15.457   -12133.3     7538.9     3811.3    753.3    683.5    998.6 2022 12 10  3 53 43.570  0.0   1
      401  27.009037  102.777775    13.117   -11659.3     5592.6     1471.7    666.7    698.5    903.5 2022 12 10  4  2 58.150  0.0   1
      402  27.113649  102.878475     8.712    -1662.1    17184.0    -2933.8    791.7    965.0   1451.8 2022 12 10  4 15 33.600  0.0   1
      403  27.009684  102.780396    13.613   -11398.6     5664.3     1968.0    695.8    720.8    907.5 2022 12 10  4 28 38.310  0.0   1
      404  27.005912  102.777531    12.790   -11683.3     5246.4     1144.2    664.8    696.5    946.5 2022 12 10  4 28 50.300  0.0   1
      405  26.986668  102.768693     7.373   -12561.5     3114.1    -4272.4    915.2   1053.2   1380.9 2022 12 10  4 29 51.090  0.0   1
      406  27.012649  102.775537    14.967   -11880.8     5992.7     3321.4    724.2    593.7    729.2 2022 12 10  4 30 13.770  0.0   1
      407  27.007530  102.779126    13.256   -11525.1     5425.6     1610.3    676.4    677.5    887.8 2022 12 10  4 30 38.900  0.0   1
      408  27.021983  102.786719    16.529   -10770.1     7027.1     4883.6    708.0    641.4   1015.3 2022 12 10  4 31 10.420  0.0   1
      409  27.018392  102.776636    15.897   -11771.5     6629.2     4251.5    718.2    636.3   1003.4 2022 12 10  4 31 26.200  0.0   1
      410  27.034916  102.773771    16.940   -12055.1     8460.0     5294.9    764.7    656.3   1037.0 2022 12 10  4 31 54.400  0.0   1
      411  27.035020  102.779663    16.187   -11470.2     8471.6     4541.8    745.1    634.1    973.0 2022 12 10  4 33 42.300  0.0   1
      412  27.026827  102.785547    15.153   -10887.0     7563.9     3507.8    734.4    738.9   1020.1 2022 12 10  4 38  2.810  0.0   1
      413  27.039701  102.786564    16.893   -10785.3     8990.4     5247.6    762.0   1321.2    874.7 2022 12 10  4 39 51.300  0.0   1
      414  27.038139  102.781364    16.399   -11301.4     8817.2     4753.8    723.1   1296.6    890.7 2022 12 10  4 40 12.230  0.0   1
      415  27.030715  102.787948    14.212   -10648.1     7994.6     2566.3    705.4   1149.6    824.0 2022 12 10  4 41  0.660  0.0   1
      416  27.023285  102.778369    16.036   -11599.5     7171.4     4390.2    720.7    632.7   1000.9 2022 12 10  4 41 58.060  0.0   1
      417  27.002568  102.778263    12.521   -11610.7     4875.8      875.3    693.9    723.9    955.1 2022 12 10  4 42  6.970  0.0   1
      418  27.041699  102.776457    16.436   -11788.4     9211.7     4790.3    731.8   1345.3    872.7 2022 12 10  4 44 29.340  0.0   1
      420  27.039331  102.782153    15.121   -11222.8     8949.4     3476.0    675.9   1205.3    857.3 2022 12 10  4 50 50.090  0.0   1
      421  27.014054  102.774202    14.911   -12013.4     6148.5     3266.0    841.6    797.7    754.2 2022 12 10  5  0 58.380  0.0   1
      422  27.024733  102.779525    16.354   -11484.8     7331.9     4708.5    773.3    628.1   1010.4 2022 12 10  5  3 24.840  0.0   1
      423  27.009825  102.780216    14.108   -11416.9     5679.8     2462.9    680.9    625.8    856.2 2022 12 10  5  3 45.760  0.0   1
      424  27.022949  102.783138    16.324   -11126.3     7134.2     4678.4    722.2    640.9   1017.2 2022 12 10  5  6 32.710  0.0   1
      425  27.024782  102.779500    16.610   -11487.3     7337.3     4964.2    740.5    616.6   1027.3 2022 12 10  5 20 22.910  0.0   1
      426  27.028015  102.766398    16.463   -12786.9     7695.4     4817.1    808.6    629.8    990.3 2022 12 10  5 22 51.970  0.0   1
      427  27.011884  102.818758     9.101    -7590.7     5908.0    -2544.7    722.0    611.7    925.6 2022 12 10  5 23  0.400  0.0   1
      428  27.074467  102.760946    11.355   -13325.4    12842.5     -290.9    817.2    692.9    943.8 2022 12 10  5 28 21.710  0.0   1
      429  27.030440  102.786556    15.272   -10786.5     7964.2     3626.2    744.8    734.0   1014.8 2022 12 10  5 31  0.520  0.0   1
      430  27.204327  103.455501     4.207    55570.5    27231.3    -7438.6  10083.8    846.0   1470.8 2022 12 10  5 36 37.350  0.0   1
      431  27.009096  102.778052    11.879   -11631.6     5599.2      233.6    664.9    718.6    900.9 2022 12 10  5 37 15.300  0.0   1
      432  27.005900  102.782943    11.675   -11146.4     5245.0       29.5    664.5    738.6   1044.4 2022 12 10  5 38  3.740  0.0   1
      433  26.950972  102.932674     7.253     3718.6     -841.0    -4392.2   1340.0   1140.9   1203.0 2022 12 10  5 42 52.490  0.0   1
      434  27.005450  102.779329    12.385   -11504.9     5195.2      739.1    716.8    754.7   1236.6 2022 12 10  5 56 48.760  0.0   1
      435  26.932880  102.812980     6.442    -8167.2    -2845.8    -5203.4   2021.3   1880.7   3103.5 2022 12 10  5 57 34.310  0.0   1
      436  27.027356  102.783667    18.002   -11073.0     7622.4     6356.4    754.8    710.0   1082.2 2022 12 10  6  4 39.510  0.0   1
      437  27.020978  102.780013    14.320   -11436.3     6915.8     2674.9   1020.3    950.9   1028.4 2022 12 10  6  7 15.240  0.0   1
      438  27.029757  102.767147    16.574   -12712.7     7888.5     4928.2    763.7    607.8   1004.4 2022 12 10  6  9  5.320  0.0   1
      439  27.003947  102.777490    12.217   -11687.2     5028.6      571.8    654.1    686.1    915.6 2022 12 10  6 12 39.370  0.0   1
      440  27.028979  102.777547    17.094   -11680.6     7802.3     5448.9    755.0    638.6   1031.3 2022 12 10  6 55  7.290  0.0   1
      441  26.854624  102.942448     7.099     4691.1   -11516.7    -4546.6    734.9    783.2   1281.2 2022 12 10  7 33  3.360  0.0   1
      442  27.009210  102.780811    12.213   -11357.6     5611.8      568.0    669.5    773.0    946.9 2022 12 10  9  5 49.640  0.0   1
      443  27.007741  102.785579    11.813   -10884.1     5449.2      168.0    660.0    712.6    918.9 2022 12 10  9  6 14.380  0.0   1
      444  27.009469  102.781299    13.324   -11309.4     5640.3     1679.0    661.4    702.5    915.5 2022 12 10  9  8 47.580  0.0   1
      446  27.007477  102.780697    12.414   -11369.0     5419.8      768.5    656.6    680.0    888.4 2022 12 10  9 15 10.840  0.0   1
      447  27.023336  102.717651    17.130   -17625.9     7177.0     5484.3   1031.7    481.6    826.6 2022 12 10  9 16 23.050  0.0   1
      448  27.021246  102.778304    15.638   -11605.6     6945.5     3992.5    712.5    663.4    975.7 2022 12 10  9 18 22.630  0.0   1
      449  27.025818  102.701367    17.948   -19242.9     7452.1     6302.5   1010.7    569.0    784.6 2022 12 10  9 38 48.070  0.0   1
      451  26.984635  102.914681    11.396     1931.4     2888.9     -249.9    836.4    888.4    942.0 2022 12 10  9 58 51.640  0.0   1
      452  27.024681  102.781966    15.964   -11242.1     7326.0     4318.3    696.6    662.6   1030.5 2022 12 10 10 41  1.630  0.0   1
      453  27.016268  102.791870     8.346   -10259.8     6393.8    -3299.6    750.8   1031.6   1300.9 2022 12 10 10 56 21.860  0.0   1
      454  27.158799  102.893058    12.251     -214.6    22186.8      605.8    818.5    858.8   1196.6 2022 12 10 11  1 31.030  0.0   1
      455  27.014931  102.777743    14.433   -11662.0     6245.6     2787.2    727.9    756.7    858.1 2022 12 10 12 14 41.000  0.0   1
      456  27.006812  102.774178    12.687   -12016.2     5346.0     1041.3    695.5    726.1    941.8 2022 12 10 12 16 58.220  0.0   1
      457  27.008736  102.733830    15.038   -16021.7     5559.2     3392.7   1050.3    461.7    889.2 2022 12 10 12 17 34.930  0.0   1
      458  27.039508  102.781405    16.710   -11297.3     8968.9     5064.4    786.7    704.7   1025.9 2022 12 10 13 59 46.040  0.0   1
      459  27.000389  102.927889    14.826     3243.2     4634.4     3180.6   1264.3   1155.3   1083.5 2022 12 10 15 39  4.860  0.0   1
      460  26.943968  102.896224    15.798       99.2    -1617.1     4152.7   1338.2   1260.0   1457.6 2022 12 10 16 20 15.290  0.0   1
      461  27.029067  102.787427    15.347   -10699.7     7812.0     3701.5    689.8    651.4    952.3 2022 12 10 16 26 13.240  0.0   1
      462  27.024115  102.782625    14.790   -11176.7     7263.4     3144.8    727.9    767.1   1009.6 2022 12 10 16 34 51.830  0.0   1
      463  26.953231  102.847103     8.874    -4778.2     -590.7    -2771.7   1449.2   1183.6   1512.3 2022 12 10 17 21 50.360  0.0   1
      464  26.983759  102.954500     7.374     5884.8     2791.8    -4271.5   1124.7   1010.1    943.4 2022 12 10 17 57 47.520  0.0   1
      465  26.550382  103.061361    13.921    16525.7   -45227.5     2275.9    781.8    717.1    820.8 2022 12 10 19  9 46.200  0.0   1
      466  26.929561  102.801253     8.365    -9331.7    -3213.4    -3280.3    833.3    950.2   1115.5 2022 12 10 20 30 22.320  0.0   1
      467  26.846425  102.959448    14.126     6380.4   -12425.1     2480.5    618.5    714.1   1008.6 2022 12 10 21 18 33.060  0.0   1
      468  26.847791  102.958643    14.016     6300.1   -12273.9     2370.6    662.6    700.4   1013.6 2022 12 10 21 21 10.640  0.0   1
      469  26.989321  102.959440     8.451     6375.5     3408.1    -3194.0   1043.6    752.3   1019.6 2022 12 10 22 12 13.640  0.0   1
      470  27.032507  102.800586    15.704    -9393.5     8193.3     4058.5    794.3    715.1   1060.8 2022 12 10 23 30 21.280  0.0   1
      471  26.859100  103.158683     9.659    26170.5   -11020.7    -1986.1   1037.9   1201.8   1071.0 2022 12 11  0 52 35.340  0.0   1
      472  26.988074  103.134123     5.363    23717.9     3269.7    -6282.4    845.3    794.1   1812.3 2022 12 11  3 53  4.230  0.0   1
      473  26.849166  102.984684    15.347     8886.8   -12121.5     3701.4   1023.2    651.5    864.2 2022 12 11  4 18 28.800  0.0   1
      474  27.012567  102.784904    11.993   -10951.4     5983.7      347.2    687.2    706.5    903.8 2022 12 11  5  7 57.090  0.0   1
      475  27.024841  102.794499    13.366    -9998.4     7343.9     1720.8    695.9   1088.4    834.6 2022 12 11  5 16 51.490  0.0   1
      476  27.271086  102.934334     6.095     3877.8    34628.5    -5550.8   1358.6   1728.3   1411.7 2022 12 11  5 46 27.900  0.0   1
      477  26.994019  102.540422     6.451   -35223.1     3928.6    -5194.3   1664.5   2713.8   2736.5 2022 12 11  7  4 11.820  0.0   1
      478  27.025832  102.877051    14.523    -1803.5     7453.7     2877.4    954.9    720.1   1002.3 2022 12 11  7  7 41.140  0.0   1
      479  27.038906  102.894784    14.729      -43.7     8902.2     3083.6   1065.2    759.4   1015.5 2022 12 11  7 25 41.140  0.0   1
      480  27.064848  102.880168     5.890    -1494.2    11776.5    -5755.5    827.9   1031.6   1387.5 2022 12 11  8 39 41.810  0.0   1
      481  26.822638  102.608162    18.657   -28519.8   -15061.0     7011.2   1569.8   1301.7   2007.0 2022 12 11  8 52 14.100  0.0   1
      482  26.664954  102.856421     7.597    -3857.3   -32532.8    -4048.0   1928.7   2255.1   2682.5 2022 12 11  8 55  4.240  0.0   1
      483  27.043559  102.887533    16.225     -762.9     9417.8     4579.3   1122.2    898.8   1110.0 2022 12 11  9  5  1.600  0.0   1
      484  26.695903  102.842424    17.891    -5248.4   -29103.5     6245.8   1199.5   1772.5   1317.1 2022 12 11  9  8 16.010  0.0   1
      485  27.037286  102.723975    14.491   -16997.3     8722.8     2845.7   1348.4   1888.2   1967.7 2022 12 11  9 31 41.480  0.0   1
      486  27.112563  102.921379     9.723     2595.2    17063.5    -1922.3   1120.3    892.7   2062.5 2022 12 11 10 20 22.670  0.0   1
      487  27.034184  102.781193    17.181   -11318.8     8379.0     5535.7    774.0    639.0   1026.5 2022 12 11 10 40 52.080  0.0   1
      488  27.113826  102.675952     8.173   -21757.0    17203.5    -3472.8   1530.2   1111.9   1358.6 2022 12 11 10 41 18.100  0.0   1
      489  27.059621  102.902897     6.400      761.5    11197.6    -5245.8    929.9   1166.6   1833.6 2022 12 11 11 54 31.300  0.0   1
      490  26.429836  103.007113     8.901    11135.1   -58584.5    -2744.8    943.4    739.8   1031.3 2022 12 11 12  6 48.020  0.0   1
      491  26.991414  102.633187    11.888   -26014.2     3640.0      242.4    819.2    615.5    711.8 2022 12 11 13  7 36.000  0.0   1
      492  27.029083  102.710938    17.733   -18292.3     7813.7     6087.2   1052.8    537.5    821.6 2022 12 11 14 21 29.090  0.0   1
      493  27.029808  102.787443    16.460   -10698.3     7894.0     4814.2    960.7    675.7   1057.8 2022 12 11 14 31 44.990  0.0   1
      494  26.657690  103.242822     0.333    34559.5   -33337.6   -11310.9   2990.4   3444.5   4983.4 2022 12 11 14 37 22.110  0.0   1
      496  27.031136  102.774520    16.014   -11981.3     8041.3     4368.4    766.0    653.1    986.5 2022 12 11 17 45 11.080  0.0   1
      497  26.898210  102.917521    15.039     2214.3    -6687.3     3393.4    931.2    830.9   1066.1 2022 12 11 17 55 29.840  0.0   1
      498  27.120671  102.936182     9.598     4063.6    17961.9    -2047.5    978.8    952.7   1445.4 2022 12 11 18  4 39.040  0.0   1
      499  27.027759  102.707235    15.587   -18659.8     7667.1     3942.0   1093.3    559.8    766.4 2022 12 11 18  5  0.880  0.0   1
      500  27.030096  102.780851    16.990   -11352.8     7926.0     5344.9    744.7    571.6    994.8 2022 12 11 18 27 15.280  0.0   1
      501  26.987250  102.928630    13.743     3316.2     3178.6     2097.7    852.4    830.7   1027.8 2022 12 11 18 41 17.520  0.0   1
      502  26.890346  102.995426     8.167     9952.0    -7558.6    -3478.2   1059.6   1237.4   1642.1 2022 12 11 20 45 40.220  0.0   1
      503  27.063706  102.805160    11.973    -8938.5    11650.2      328.0    768.6    733.6    896.4 2022 12 11 21 19 34.060  0.0   1
      504  27.032324  102.787980    10.640   -10644.9     8173.0    -1004.9    759.4    720.5    922.1 2022 12 11 21 20  0.320  0.0   1
      505  27.030265  102.786532    15.555   -10788.9     7944.8     3909.6   1591.1    967.5   1083.0 2022 12 11 22 33 22.420  0.0   1
      506  27.070172  102.823389    12.054    -7129.1    12366.7      408.5    699.5    688.5    855.4 2022 12 11 22 55  8.760  0.0   1
      507  27.019165  102.779077    14.036   -11529.3     6714.9     2390.6    742.0    568.6    858.7 2022 12 11 23  0  6.580  0.0   1
      508  27.019765  102.780046    13.990   -11433.0     6781.4     2344.4    724.6    503.4    851.6 2022 12 11 23  0 59.900  0.0   1
      509  27.056982  102.803849    10.641    -9068.7    10905.2    -1004.2    714.1    651.5    911.6 2022 12 11 23 16 48.860  0.0   1
      510  27.024575  102.717367    17.349   -17654.2     7314.3     5703.1   1028.2    487.4    828.4 2022 12 11 23 28 44.320  0.0   1
      511  27.034395  102.787256    17.128   -10716.4     8402.5     5482.4    804.8    703.6   1030.2 2022 12 11 23 29 59.760  0.0   1
      512  27.030715  102.787720    15.783   -10671.2     7994.7     4137.2    730.9    699.0   1022.2 2022 12 11 23 30 57.000  0.0   1
      513  27.008836  102.781177    12.834   -11321.3     5570.3     1189.0    650.7    682.8    906.0 2022 12 11 23 31 50.440  0.0   1
      514  27.026491  102.768392    15.767   -12589.7     7526.7     4122.0    776.6    648.7    999.4 2022 12 11 23 33  5.720  0.0   1
      515  27.038125  102.795841    16.749    -9864.2     8815.6     5103.8    734.0    711.7   1041.2 2022 12 11 23 33 36.960  0.0   1
      516  27.029769  102.782568    16.172   -11182.1     7889.8     4526.6    782.6    665.4   1021.5 2022 12 11 23 34 16.940  0.0   1
      517  27.029272  102.773966    16.679   -12036.0     7834.9     5033.8    788.7    625.0    998.0 2022 12 11 23 36 53.560  0.0   1
      518  27.026945  102.773470    16.644   -12085.7     7577.0     4998.4    758.5    614.4   1020.2 2022 12 11 23 38 39.480  0.0   1
      519  27.017240  102.773747    15.327   -12058.8     6501.5     3681.6    741.3    648.2    957.2 2022 12 11 23 38 49.480  0.0   1
      520  26.989740  102.607218     8.053   -28592.8     3454.4    -3592.6    817.3    789.2   1055.5 2022 12 11 23 40 31.280  0.0   1
      521  26.941862  102.880859    14.591    -1425.9    -1850.6     2945.8   1421.4   1005.2    940.2 2022 12 11 23 43 25.960  0.0   1
      522  27.113924  102.724577     4.620   -16932.4    17214.3    -7025.0   1024.1    778.7    966.7 2022 12 11 23 52 17.580  0.0   1
      523  27.112465  102.931632    18.110     3612.7    17052.8     6464.5   1510.1    968.4   1194.8 2022 12 12  0 58 37.420  0.0   1
      524  27.200999  103.215633     9.397    31780.0    26862.7    -2248.0    828.6    741.7   1800.1 2022 12 12  1  6  8.760  0.0   1
      525  27.006484  103.476147     8.375    57669.1     5309.8    -3270.7    897.3   1061.3   1980.8 2022 12 12  2 54 53.290  0.0   1
      526  27.012520  102.766463    14.741   -12781.8     5978.5     3095.9   1717.5   1469.5   2052.1 2022 12 12  3 25 55.480  0.0   1
      527  27.097184  102.963900     3.503     6814.7    15359.7    -8142.5   1800.0   1290.7   1702.9 2022 12 12  3 44 31.290  0.0   1
      528  27.032235  102.805184     6.780    -8937.6     8163.0    -4865.0    792.7    900.8   1122.7 2022 12 12  3 45 16.600  0.0   1
      529  27.079177  103.196981     3.847    29945.8    13364.4    -7798.8    799.5    619.8   3435.6 2022 12 12  3 53 20.830  0.0   1
      530  27.012146  102.734188    12.711   -15985.7     5937.0     1065.3    976.8   1057.5   1278.9 2022 12 12  4  8 19.230  0.0   1
      531  27.016982  102.795280    12.058    -9921.1     6473.0      412.7    696.3   1072.1    861.8 2022 12 12  4  9 53.810  0.0   1
      532  27.026455  102.733439    14.893   -16059.3     7522.6     3247.6    833.4    603.0    890.3 2022 12 12  4 11  8.620  0.0   1
      533  27.027417  102.733341    14.949   -16068.7     7629.1     3303.7    835.6    665.9    922.6 2022 12 12  4 16 56.180  0.0   1
      534  26.979799  103.127775     4.656    23088.2     2353.0    -6989.0    897.4    817.3   1254.9 2022 12 12  4 48 23.710  0.0   1
      535  27.026676  102.886629    12.419     -852.6     7547.2      773.7   1060.6    819.3   1051.7 2022 12 12  5 27  6.270  0.0   1
      536  26.875824  102.537728     2.367   -35508.8    -9167.6    -9278.6   1458.6   1756.8   4593.4 2022 12 12  6 39 34.470  0.0   1
      537  27.080825  103.210173    10.055    31254.7    13547.0    -1590.6   1113.4    724.9   1353.6 2022 12 12  6 56 44.000  0.0   1
      539  27.044444  102.839868    10.953    -5494.4     9515.9     -692.1    757.5    618.7    924.4 2022 12 12  7 53  5.060  0.0   1
      540  27.191711  103.173893    10.185    27640.9    25833.6    -1460.1    878.6    696.5   1119.3 2022 12 12  8 30 31.080  0.0   1
      541  27.192924  103.182194     8.266    28464.3    25967.8    -3379.0    952.2   1083.7   2492.2 2022 12 12  8 32 43.590  0.0   1
      542  27.187937  103.186475     3.842    28889.3    25415.3    -7803.7    819.6    870.7   1584.5 2022 12 12  8 37 37.480  0.0   1
      543  27.011190  102.776034    12.476   -11832.1     5831.2      830.4    676.3    685.6    910.4 2022 12 12  9 25 20.530  0.0   1
      544  27.009292  102.772371    13.040   -12195.5     5620.8     1394.2    699.6    698.4    909.6 2022 12 12  9 28  7.950  0.0   1
      545  27.038904  102.766789    16.249   -12748.0     8901.9     4603.3    652.9   1223.4    876.7 2022 12 12  9 28 26.050  0.0   1
      546  27.189646  103.179704     7.197    28218.2    25604.7    -4448.6    672.7    618.9    987.6 2022 12 12  9 34  7.930  0.0   1
      547  26.964152  102.786515     7.655   -10793.9      619.2    -3990.4    991.9    939.7   1664.5 2022 12 12 10 32 56.010  0.0   1
      548  27.013656  102.864982    13.790    -3001.8     6104.3     2144.8    920.2   1048.2    993.9 2022 12 12 11 18 55.920  0.0   1
      549  26.948374  103.113647     6.875    21688.6    -1128.9    -4770.7    947.8    843.1   1207.8 2022 12 12 11 26  8.870  0.0   1
      550  27.181067  103.172900     6.316    27543.7    24654.0    -5329.8    616.0    670.0    987.2 2022 12 12 11 39 38.960  0.0   1
      551  27.194952  103.180835    12.517    28329.6    26192.6      871.6    697.7    667.0    858.0 2022 12 12 11 40  5.790  0.0   1
      552  27.190257  103.178931     7.376    28141.1    25672.3    -4269.7    662.8    643.7    951.4 2022 12 12 15  9 38.520  0.0   1
      553  26.340291  102.948120     3.356     5266.2   -68506.2    -8289.5   1285.8    819.3   1693.8 2022 12 12 15 35 40.260  0.0   1
      555  27.077570  102.752148    10.332   -14198.9    13186.3    -1313.7    839.4    702.0    961.3 2022 12 12 18 25 44.040  0.0   1
      556  26.395673  102.681266    21.256   -21296.1   -62369.9     9611.0   2799.0   2116.8   2706.8 2022 12 12 18 56 44.560  0.0   1
      557  27.089714  102.895386    13.135       16.0    14531.8     1489.8    752.3    919.1   1037.4 2022 12 12 19  9 31.000  0.0   1
      558  26.854515  102.937410     1.425     4191.2   -11528.9   -10220.7    847.1   1187.2   1479.3 2022 12 12 19 42  8.500  0.0   1
      559  26.939465  102.860653    11.783    -3432.7    -2116.2      137.6    939.6    857.3   1007.3 2022 12 12 20  1 37.000  0.0   1
      560  26.941524  102.860050     2.369    -3492.5    -1887.9    -9276.3    716.0   1165.3   1432.6 2022 12 12 20 20 33.280  0.0   1
      561  27.213493  102.769157     1.921   -12503.3    28246.9    -9724.0   1101.9   1172.9   2728.7 2022 12 12 20 31 26.000  0.0   1
      562  27.108628  102.791105    18.350   -10331.6    16627.6     6705.0   1039.7    854.6   1019.5 2022 12 12 20 41  2.240  0.0   1
      563  27.031268  102.777393    11.284   -11695.5     8056.0     -361.0    884.8    759.2   1166.6 2022 12 12 21 23 14.880  0.0   1
      564  26.451912  102.735677    18.902   -15876.5   -56138.2     7256.1   2421.9   1941.0   3399.0 2022 12 12 21 28 29.020  0.0   1
      565  27.056844  102.775431    16.813   -11888.9    10889.7     5167.8    764.9   1179.5    823.5 2022 12 12 21 32 46.480  0.0   1
      566  26.950759  102.760872     5.580   -13340.2     -864.7    -6065.3   1071.3   1244.5   1549.8 2022 12 12 21 42 14.480  0.0   1
      567  27.189156  103.050692     2.658    15421.2    25550.4    -8987.8   1681.2   1522.0   2038.6 2022 12 12 22  2 28.960  0.0   1
      568  27.040375  102.835457     5.938    -5931.7     9065.0    -5707.6   2198.1   1954.7   4304.2 2022 12 12 22 23  9.920  0.0   1
      569  26.450281  102.736580    19.711   -15786.7   -56319.2     8065.8   2431.0   1946.4   3247.8 2022 12 12 22 45 53.600  0.0   1
      570  27.005851  103.163460    11.247    26628.4     5239.7     -398.8    908.1    848.3    992.0 2022 12 13  2  3 30.090  0.0   1
      571  27.029989  102.794377    15.140   -10010.2     7914.1     3494.6    717.1    734.0   1008.6 2022 12 13  2 49 47.460  0.0   1
      575  27.011912  102.775505    12.776   -11884.5     5911.3     1131.0    730.3    673.9    910.1 2022 12 13  3 44 31.160  0.0   1
      576  27.006453  102.784172    12.720   -11024.2     5306.4     1074.5    632.3    671.6    908.7 2022 12 13  4 32 32.150  0.0   1
      577  27.025210  102.782275    16.407   -11211.4     7384.6     4762.0    765.7    655.5   1030.3 2022 12 13  4 36 38.660  0.0   1
      579  26.959566  102.932943    13.628     3745.4      111.2     1982.9   1185.1   1029.9   1031.4 2022 12 13  6 52 58.180  0.0   1
      580  27.127409  102.866211     7.493    -2878.7    18708.6    -4152.3    734.2    854.8   1666.5 2022 12 13  7  5 23.840  0.0   1
      581  26.709351  102.677409     3.797   -21651.0   -27613.5    -7848.8   1850.3   1596.0   3546.6 2022 12 13  8 18 40.940  0.0   1
      582  26.987604  102.917961    10.933     2257.2     3217.7     -712.1    874.4    934.9   1005.1 2022 12 13  8 20  1.380  0.0   1
      583  26.986928  102.725643    18.489   -16835.9     3143.0     6843.3   1083.6    531.9    844.3 2022 12 13  8 25 37.840  0.0   1
      584  26.648230  103.015967    17.214    12004.9   -34385.8     5568.3    807.5    815.6   1038.8 2022 12 13  8 30  5.480  0.0   1
      585  27.183870  103.174674     3.594    27719.4    24964.6    -8051.0    865.9    705.6   1664.3 2022 12 13  8 32  6.510  0.0   1
      586  27.047764  102.852417    19.931    -4248.2     9883.7     8285.9   1263.0    835.3    771.4 2022 12 13  9 30 41.550  0.0   1
      587  27.124351  102.868758     7.229    -2625.9    18369.7    -4416.3    795.0    875.4   1237.1 2022 12 13 13  9 49.880  0.0   1
      588  27.068719  102.734757     8.123   -15925.3    12205.6    -3522.4    986.5    845.1    914.3 2022 12 13 15  5  6.060  0.0   1
      589  26.999034  102.819312    16.468    -7536.0     4484.3     4822.1    882.4    703.7   1018.3 2022 12 13 15 28  8.810  0.0   1
      590  26.978837  102.632511     4.582   -26082.4     2246.5    -7063.2   1162.9    621.3    750.7 2022 12 13 15 35 26.610  0.0   1
      591  27.048285  102.781909    14.008   -11246.7     9941.3     2362.7    790.3    628.8    928.3 2022 12 13 16 14 18.240  0.0   1
      592  27.108352  103.149341     5.199    25215.0    16596.9    -6446.6    653.4    698.1   1693.7 2022 12 13 16 18 10.850  0.0   1
      593  27.010628  102.725301    16.069   -16868.3     5768.9     4423.2   1083.8    478.1    846.7 2022 12 13 16 34 49.030  0.0   1
      594  26.373853  102.985571     4.339     8994.1   -64787.6    -7306.8   1156.4    855.6   1166.3 2022 12 13 18 14 35.240  0.0   1
      595  27.221897  103.084880     3.578    18809.3    29178.1    -8066.8    854.7    940.4   1231.2 2022 12 13 19 10  4.120  0.0   1
      596  27.035769  102.789128    17.655   -10530.7     8554.5     6009.2    775.9    669.9   1039.5 2022 12 13 19 49 56.100  0.0   1
      597  26.877602  102.953076    16.250     5746.3    -8970.7     4604.3    775.9    811.8    916.4 2022 12 13 20  2 58.240  0.0   1
      598  27.121033  103.237362    13.684    33947.5    18002.0     2039.0   1105.0    855.3   1646.1 2022 12 13 20  4  6.960  0.0   1
      599  27.031010  102.796460     9.798    -9802.9     8027.2    -1847.9    764.9    765.5    918.9 2022 12 13 21 16 37.660  0.0   1
      600  27.118549  102.894320    13.531      -90.0    17726.9     1885.8    823.6    882.0    996.6 2022 12 13 21 51 49.020  0.0   1
      602  27.061401  102.867261     5.109    -2774.9    11394.7    -6536.0    836.1    853.2   1500.1 2022 12 13 22 11  1.000  0.0   1
      603  27.113395  102.898454    10.650      320.4    17155.7     -995.8    697.4    815.9    999.4 2022 12 13 22 21 21.120  0.0   1
      604  27.243288  102.912410     2.147     1704.5    31548.2    -9498.9   1621.0   1733.0   1542.8 2022 12 13 23 40 41.440  0.0   1
      605  27.163357  102.862288     4.231    -3267.0    22691.6    -7414.9    991.4    944.6   2077.6 2022 12 13 23 58  4.480  0.0   1
      606  26.991811  102.827629     0.695    -6710.6     3683.9   -10950.7   1438.0   1116.6   3035.1 2022 12 14  0 10 40.510  0.0   1
      607  26.932770  102.853548     2.600    -4138.4    -2857.9    -9044.3   1281.8    953.2   1786.6 2022 12 14  2  5 52.150  0.0   1
      608  27.172064  102.677637     5.377   -21584.1    23656.6    -6268.0    953.2   1145.1   2539.0 2022 12 14  3  4 20.650  0.0   1
      609  26.711955  103.052262     1.579    15609.8   -27325.0   -10066.0    882.4   1178.9   2095.6 2022 12 14  4 49 43.120  0.0   1
      610  27.047201  102.767285    16.564   -12698.3     9821.3     4918.3    742.3   1212.8    847.9 2022 12 14  5  3 22.110  0.0   1
      611  26.946818  102.919963    11.194     2456.7    -1301.5     -451.5    724.1    937.4    924.7 2022 12 14  5 11 33.280  0.0   1
      612  26.956673  102.926066    14.571     3062.7     -209.3     2926.0   1264.5    894.6   1124.6 2022 12 14  5 11 45.030  0.0   1
      613  27.167839  102.858008     6.338    -3692.1    23188.2    -5307.8    873.7   1011.5   1793.1 2022 12 14  5 46 58.300  0.0   1
      614  27.061601  102.871533     5.431    -2351.0    11416.8    -6214.5    762.5    805.1   1524.4 2022 12 14  5 56  3.100  0.0   1
      615  26.935518  102.851554     2.673    -4336.5    -2553.3    -8972.0    805.5   1026.0   1088.7 2022 12 14  6  2  3.860  0.0   1
      616  27.040686  102.868953    18.271    -2607.4     9099.4     6625.8    925.4    905.9   1135.5 2022 12 14  6 21 50.690  0.0   1
      618  26.977411  102.826042    23.662    -6868.8     2088.4    12016.3   1255.5   1101.4   1042.8 2022 12 14  8 21 11.680  0.0   1
      619  26.950122  102.922005    11.937     2659.2     -935.2      291.1    781.5    874.8    804.8 2022 12 14  9  0 27.610  0.0   1
      620  27.142230  102.865511    14.853    -2947.9    20350.9     3208.0   1039.7    991.2   1166.7 2022 12 14  9  2 36.970  0.0   1
      621  27.190763  103.178174     7.018    28065.8    25728.4    -4627.2    642.7    741.3   1481.0 2022 12 14  9 46 49.350  0.0   1
      622  26.932487  102.861255     4.548    -3373.3    -2889.3    -7097.8    869.9   1216.8    804.4 2022 12 14  9 50  9.980  0.0   1
      623  27.003849  102.899243     9.062      399.5     5017.8    -2583.3   1060.2   1040.2   1212.9 2022 12 14 12  9 49.100  0.0   1
      624  26.905469  102.935571    10.798     4006.8    -5883.1     -847.3    792.5    779.3   1091.7 2022 12 14 12 21 32.550  0.0   1
      625  26.886989  102.981958     3.975     8614.6    -7930.6    -7670.5    828.0   1190.6   1935.5 2022 12 14 13 26 32.250  0.0   1
      626  27.051105  102.910319     1.828     1498.1    10253.8    -9817.8   1021.7    676.3   1315.7 2022 12 14 13 42 34.530  0.0   1
      627  27.014952  102.811499    15.292    -8311.2     6248.0     3646.1   1140.4   2191.7   1169.2 2022 12 14 14  9 55.190  0.0   1
      628  27.131761  103.233252     5.181    33537.5    19190.8    -6464.6    717.5    862.2   2895.3 2022 12 14 14 26 40.570  0.0   1
      629  27.122878  102.890072    16.845     -511.1    18206.6     5199.8   1226.0   1024.0   1321.5 2022 12 14 14 36 11.000  0.0   1
      630  27.115957  102.891724     8.133     -347.4    17439.5    -3512.7    813.7    844.6   1520.6 2022 12 14 14 37 23.930  0.0   1
      631  26.994476  102.933968    13.919     3846.2     3979.3     2273.3    969.2   1010.7   1063.9 2022 12 14 16 23 53.450  0.0   1
      632  26.998041  102.932878    14.081     3738.2     4374.2     2435.6    998.4   1046.7   1079.0 2022 12 14 16 24 11.180  0.0   1
      633  26.995400  102.933504    14.201     3800.2     4081.6     2555.1   1104.4   1160.9   1100.1 2022 12 14 16 24 44.600  0.0   1
      634  26.995821  102.930705    14.134     3522.5     4128.2     2488.6    952.9    985.9   1065.6 2022 12 14 16 27 20.430  0.0   1
      635  26.990344  102.936564    13.823     4104.0     3521.5     2177.5    977.3    854.0   1044.3 2022 12 14 16 27 48.520  0.0   1
      636  26.969682  102.930965    12.480     3548.5     1231.9      834.4    842.6    884.7    898.4 2022 12 14 16 30 45.260  0.0   1
      637  26.996004  102.934928    14.057     3941.4     4148.6     2411.5    900.0   1008.2   1075.4 2022 12 14 16 32  0.050  0.0   1
      638  27.166199  102.857528     4.656    -3739.4    23006.5    -6989.0   1006.6   1014.2   2104.4 2022 12 14 16 38 29.110  0.0   1
      640  27.173989  102.853678     9.962    -4120.8    23869.8    -1683.4   1086.8   1012.3   1220.4 2022 12 14 18 24  8.560  0.0   1
      642  27.068715  102.777702     5.031   -11662.9    12205.1    -6614.7    797.8    939.3   1094.9 2022 12 14 18 38 49.780  0.0   1
      643  26.979443  102.922062    11.917     2665.0     2313.6      271.2   1096.8    892.7   1048.8 2022 12 14 18 47  2.640  0.0   1
      644  26.991231  102.927140    13.953     3169.0     3619.8     2308.1    967.2    966.7   1074.3 2022 12 14 19  3  1.420  0.0   1
      645  27.109739  102.899015     6.758      376.3    16750.7    -4887.6    845.5   1000.4   1313.6 2022 12 14 19  9 20.920  0.0   1
      646  26.985663  102.924072    12.411     2864.2     3002.6      765.7    792.2    884.0    893.1 2022 12 14 19 15 28.000  0.0   1
      647  27.106136  102.901530    14.488      625.7    16351.5     2842.6    912.9    933.1    847.7 2022 12 14 20 52 22.860  0.0   1
      648  27.047772  102.801107    11.686    -9341.4     9884.7       40.5    720.2    705.6    889.6 2022 12 14 21  7 38.040  0.0   1
      649  27.156136  102.840861    14.325    -5393.2    21891.5     2680.0   1246.0   1184.4   1690.4 2022 12 14 21 48 24.440  0.0   1
      652  26.938059  102.745142    23.127   -14903.0    -2271.9    11481.3   2039.6   1633.6   1325.4 2022 12 14 22 27  4.760  0.0   1
      653  27.168608  102.857837     6.698    -3708.5    23273.5    -4947.7    908.8   1144.2   2016.5 2022 12 14 22 27 47.200  0.0   1
      654  27.165776  102.857975     3.262    -3695.3    22959.7    -8383.9   1064.5   1072.2   1565.2 2022 12 14 22 30 22.560  0.0   1
      655  27.163222  102.860767     2.788    -3418.4    22676.7    -8857.6    995.5    972.9   2309.1 2022 12 14 22 31  5.520  0.0   1
      656  26.963908  102.887199    14.295     -796.6      592.2     2649.9   1241.6   1095.0   1193.7 2022 12 14 22 43  4.480  0.0   1
      657  27.032332  102.763379    16.151   -13086.5     8173.8     4505.1    792.9    644.9    996.5 2022 12 14 22 55 57.520  0.0   1
      658  27.033942  102.776237    15.982   -11810.6     8352.1     4336.1    744.9    704.5   1032.6 2022 12 14 22 58 13.260  0.0   1
      659  27.062020  102.788542    13.458   -10587.5    11463.2     1812.2    785.1    649.4    896.0 2022 12 14 23 45 14.860  0.0   1
      660  27.134833  102.878654     4.888    -1643.5    19531.2    -6757.4    852.3    852.7   1491.6 2022 12 14 23 58 52.440  0.0   1
      662  27.144853  102.874292    14.068    -2076.7    20641.4     2422.5    843.8    883.0   1254.4 2022 12 15  2 46 40.180  0.0   1
      663  27.017149  102.830013    10.625    -6473.2     6491.4    -1020.0    771.8    617.6    889.1 2022 12 15  3 10 19.750  0.0   1
      664  27.072963  102.807357    19.473    -8719.6    12675.8     7827.2   1001.1    840.3   1061.0 2022 12 15  3 38 58.080  0.0   1
      665  27.016833  102.775887     8.511   -11845.8     6456.6    -3134.2    938.6    856.8    821.9 2022 12 15  4  3  3.420  0.0   1
      666  27.180139  102.851701    12.591    -4317.5    24551.2      945.7    861.1    905.9   1192.2 2022 12 15  4 25 56.760  0.0   1
      667  26.902405  102.817904     4.647    -7679.3    -6222.5    -6998.8    792.1   1142.2   1685.6 2022 12 15  5 23 25.580  0.0   1
      669  26.884739  102.949967    13.273     5437.4    -8180.0     1627.2    674.2    723.7   1048.8 2022 12 15  6  7 48.680  0.0   1
      670  27.070494  102.850911    16.583    -4397.8    12402.1     4937.5   3089.5   3983.8   2936.0 2022 12 15  7 18 43.830  0.0   1
      671  26.899003  102.938281     1.228     4276.5    -6599.3   -10417.5    691.5    660.9   3046.8 2022 12 15  7 23 14.080  0.0   1
      672  27.214707  102.839860     1.167    -5490.9    28381.4   -10478.7   1045.9   1287.1   2215.0 2022 12 15  8 37 25.160  0.0   1
      675  26.935813  102.878988    13.840    -1612.4    -2520.8     2194.1   1460.7   1203.5   1242.4 2022 12 15  9 18 39.600  0.0   1
      676  27.047404  102.863167    18.728    -3181.9     9843.9     7083.0   1003.4   1130.6   1199.6 2022 12 15 10  4 45.000  0.0   1
      677  27.105945  102.983333    19.981     8742.8    16330.3     8335.9   1905.7   1276.3   1245.8 2022 12 15 10 30 33.140  0.0   1
      678  27.120386  102.868107    13.805    -2690.5    17930.4     2159.3    895.7    942.5   1100.6 2022 12 15 10 50  3.820  0.0   1
      679  27.198393  102.837052    13.460    -5770.1    26573.8     1814.9   1065.7   1011.7   1206.1 2022 12 15 11  5 22.640  0.0   1
      680  27.052389  103.097567     5.791    20082.6    10396.1    -5854.3    917.9    819.4   2752.1 2022 12 15 14 19 30.610  0.0   1
      681  27.028225  102.776912    16.781   -11743.9     7718.7     5136.0    754.2    639.1   1037.8 2022 12 15 14 38 21.900  0.0   1
      682  27.184328  103.169157     2.982    27172.1    25015.4    -8663.1   1112.0    800.4   1381.3 2022 12 15 16 15 39.480  0.0   1
      683  26.879490  102.971305    13.323     7557.1    -8761.4     1677.3    915.9    723.7    911.6 2022 12 15 16 24  6.400  0.0   1
      684  26.879407  102.973185    12.837     7744.1    -8770.8     1192.0    944.3    775.3   1086.2 2022 12 15 16 28 57.190  0.0   1
      685  27.271710  102.618099     8.817   -27477.8    34697.4    -2828.0   1062.1   1303.8   2022.6 2022 12 15 17 18 36.780  0.0   1
      686  27.182361  103.184391     5.234    28683.9    24797.5    -6411.8    653.0    899.0   1460.1 2022 12 15 17 34 37.800  0.0   1
      687  26.955465  102.923958    13.551     2853.4     -343.4     1905.2   1096.4    977.8   1099.8 2022 12 15 19 12 48.340  0.0   1
      688  26.370376  103.101416     9.292    20525.5   -65172.9    -2353.2   1992.3   1069.3   3233.8 2022 12 15 19 26 37.620  0.0   1
      689  27.043390  102.798185    11.298    -9631.5     9399.1     -347.9    719.8    612.3    863.4 2022 12 15 19 29 55.500  0.0   1
      690  26.959052  102.789396    23.948   -10508.1       54.0    12303.0   1305.6   1523.5   1190.1 2022 12 15 20  9 20.940  0.0   1
      692  27.230973  103.157397     4.421    26000.8    30183.9    -7224.2   1428.1   1493.7   1921.3 2022 12 15 21 10 56.280  0.0   1
      693  27.021645  102.948600     4.771     5298.8     6989.6    -6874.0   1167.4   1191.9   1156.1 2022 12 15 21 28 35.600  0.0   1
      694  27.047823  102.799626    12.645    -9488.6     9890.2     1000.0    759.3    675.0    898.2 2022 12 15 21 35  2.660  0.0   1
      695  26.844541  103.124593    21.261    22785.9   -12634.0     9615.7   1386.9   1905.2   1034.5 2022 12 15 21 46 58.760  0.0   1
      696  27.042413  102.794019    11.719   -10045.0     9290.9       73.1    795.7    829.3    930.9 2022 12 15 22 10  7.780  0.0   1
      697  27.133586  102.892350     8.933     -284.8    19392.9    -2712.3   1524.5   1097.3   1295.0 2022 12 15 22 10 44.960  0.0   1
      698  27.057686  102.708382     5.626   -18543.7    10983.0    -6019.0   1231.0   1051.7    894.2 2022 12 15 22 24 45.200  0.0   1
      699  27.138731  102.872982    13.143    -2206.4    19963.0     1497.9    790.9    814.3   1192.3 2022 12 15 23 13 14.360  0.0   1
      700  27.105467  102.838818    10.421    -5596.8    16277.3    -1224.4   1128.4   1162.0   1309.2 2022 12 15 23 14  7.840  0.0   1
      701  27.096226  102.788957     3.563   -10544.6    15253.4    -8082.8   1925.8   1032.0   2206.6 2022 12 15 23 25 51.800  0.0   1
      702  27.132697  102.869816     2.792    -2521.0    19294.4    -8853.5    762.7    830.2   2034.0 2022 12 16  1 48  3.300  0.0   1
      703  27.022026  102.733065    13.564   -16096.2     7031.9     1919.0    809.2    771.2    782.1 2022 12 16  2 21  1.150  0.0   1
      704  27.118937  102.869434    12.293    -2558.9    17769.9      647.4    730.4    861.8   1051.2 2022 12 16  3 18 18.880  0.0   1
      705  27.189270  103.178141     7.118    28063.1    25563.0    -4527.0    616.5    699.3    945.2 2022 12 16  3 33 35.730  0.0   1
      706  27.185437  103.177393     6.102    27989.3    25138.3    -5543.0    825.6    671.4   1309.3 2022 12 16  3 47 52.680  0.0   1
      707  27.034487  102.864925    17.403    -3007.4     8412.5     5757.3    918.6    906.2   1184.6 2022 12 16  5  3  3.080  0.0   1
      708  27.061723  102.698250    10.703   -19548.9    11430.5     -942.7    979.9    724.5    828.0 2022 12 16  5 20 18.380  0.0   1
      709  27.115818  102.832902    13.136    -6183.8    17424.2     1490.4   1156.5    982.4   1326.5 2022 12 16  6 36 25.050  0.0   1
      710  27.021029  102.923763     4.542     2833.4     6921.4    -7103.1    787.5    727.6    968.4 2022 12 16  6 52 12.230  0.0   1
      711  27.005145  102.771134    12.421   -12318.4     5161.5      775.8    742.4    695.6    891.8 2022 12 16  7 25 30.400  0.0   1
      712  27.008118  102.770003    13.270   -12430.7     5490.9     1625.0    746.5    710.2    938.3 2022 12 16  7 26 20.540  0.0   1
      713  26.962000  102.893530    11.396     -168.1      380.8     -249.5   1197.7   1560.4   1162.0 2022 12 16  9 33 37.540  0.0   1
      714  27.045217  102.868766    12.519    -2625.8     9601.5      873.7    912.8    771.6    969.6 2022 12 16 13 37  8.300  0.0   1
      715  27.048283  103.439762    12.022    54047.0     9941.1      376.1    886.2    798.1   1335.6 2022 12 16 14 50 30.080  0.0   1
      717  27.119055  102.796623    20.366    -9783.0    17782.9     8720.4   1299.9   1002.1   1104.3 2022 12 16 17 30 29.580  0.0   1
      718  27.028957  102.699495    18.093   -19427.8     7799.9     6447.1    989.9    578.4    789.2 2022 12 16 17 48 35.160  0.0   1
      719  26.895197  102.966479    11.827     7077.2    -7021.3      181.1   1098.1    744.5   1064.9 2022 12 16 18 17  7.520  0.0   1
      720  27.086239  102.810441     6.174    -8413.1    14146.8    -5471.7    698.0    785.2    998.4 2022 12 16 18 47  8.320  0.0   1
      721  27.140704  102.857186     5.410    -3774.1    20181.7    -6234.7   1267.6   1072.4   1579.0 2022 12 16 18 48 45.040  0.0   1
      722  26.994132  102.810522    15.673    -8408.8     3941.2     4027.9    797.4    734.7    987.3 2022 12 16 19 28  8.280  0.0   1
      723  26.447929  103.035514    12.455    13961.2   -56579.8      810.0   1037.4    971.7    962.1 2022 12 16 20  2 25.280  0.0   1
      724  27.027222  102.884912     3.753    -1023.2     7607.5    -7892.2    946.0    830.8    838.1 2022 12 16 20 37 59.600  0.0   1
      725  27.118329  102.867464     8.349    -2754.1    17702.4    -3296.6    947.7    911.7   1489.2 2022 12 16 21  5 18.660  0.0   1
      726  27.053839  103.444621     5.599    54527.3    10556.9    -6046.8   1032.1    805.9   1585.1 2022 12 16 21 22  1.280  0.0   1
      727  27.007904  102.914502     3.575     1913.8     5467.1    -8070.4    886.8    827.8   1140.4 2022 12 16 22 21 31.480  0.0   1
      728  26.809349  102.953743    15.995     5814.8   -16533.5     4349.1    763.7    832.8   1003.9 2022 12 16 23 10 18.880  0.0   1
      729  26.981679  103.130623     9.588    23371.2     2561.3    -2057.2   1015.6    793.1   1573.0 2022 12 16 23 39 11.520  0.0   1
      730  26.871867  103.018172     8.598    12212.2    -9606.2    -3047.0   1470.8    959.6   1519.5 2022 12 17  2 18 34.930  0.0   1
      731  27.325527  103.251123     7.212    35280.9    40660.5    -4433.6    956.7   1456.1   2023.8 2022 12 17  2 23  4.350  0.0   1
      732  27.201353  103.202987    12.153    30525.9    26901.9      507.6   1261.5    989.1   2155.1 2022 12 17  2 40 28.320  0.0   1
      734  27.020986  102.909497     4.156     1416.8     6916.5    -7489.2    962.4    792.2   1164.6 2022 12 17  3 59 50.830  0.0   1
      735  26.988881  102.802051    16.049    -9249.8     3359.4     4403.6    791.6    662.7    946.7 2022 12 17  4 12 50.630  0.0   1
      736  27.047034  102.877661    17.221    -1742.8     9802.8     5575.3    976.4    941.7   1062.0 2022 12 17  6 29 39.100  0.0   1
      737  26.828792  102.617651    19.819   -27575.8   -14379.1     8173.6   1590.3   1249.7   1298.9 2022 12 17  9  2  0.730  0.0   1
      738  27.244696  103.170711     1.554    27319.1    31704.2   -10091.8    507.3   1189.0   4151.2 2022 12 17  9 50 34.270  0.0   1
      739  26.928990  102.787288     1.771   -10718.7    -3276.9    -9874.8    827.7   1150.2   2658.6 2022 12 17 10 46 19.200  0.0   1
      740  26.462000  103.027490    14.985    13161.4   -55020.7     3339.3    977.4    811.7    834.4 2022 12 17 10 58 22.120  0.0   1
      741  26.998887  102.916414     3.356     2103.6     4468.1    -8289.7    897.9   1018.2   1132.0 2022 12 17 11  8 58.400  0.0   1
      742  27.072793  102.857992     5.801    -3694.6    12656.9    -5844.8    589.4    784.7   1486.2 2022 12 17 12  6  3.820  0.0   1
      743  27.067788  102.856632     5.529    -3829.5    12102.5    -6115.4    959.6    796.1   1602.7 2022 12 17 12  7 16.890  0.0   1
      744  26.384491  103.029793    15.003    13395.5   -63608.9     3357.5   1130.7    795.9   1189.6 2022 12 17 12 46 17.390  0.0   1
      745  27.121661  102.859969     8.113    -3497.7    18071.7    -3532.0   1460.9    951.1   2247.3 2022 12 17 13 18 16.190  0.0   1
      746  27.042116  102.827799    10.290    -6692.4     9257.9    -1355.2    696.7    587.4    871.9 2022 12 17 14  0  6.910  0.0   1
      747  27.312878  103.175692     1.169    27804.9    39259.0   -10476.2    952.2   1280.5   1569.3 2022 12 17 14 27 51.510  0.0   1
      748  26.847392  102.953719    15.537     5811.3   -12318.1     3891.7    660.3    735.4    901.7 2022 12 17 14 29 53.000  0.0   1
      749  27.014101  102.910978     4.571     1563.6     6153.8    -7074.4   1401.6   1116.9   1260.7 2022 12 17 14 35 49.080  0.0   1
      750  26.877456  102.801896     4.207    -9269.7    -8986.9    -7438.2   1721.2   1658.3   2883.3 2022 12 17 14 59  7.570  0.0   1
      752  27.044845  103.381380     4.218    48253.0     9560.3    -7427.4    879.8    769.9   1432.2 2022 12 17 16  6 59.820  0.0   1
      753  27.075269  102.863574     4.634    -3141.0    12931.2    -7011.2    873.9    954.9    998.0 2022 12 17 16 39 55.380  0.0   1
      754  27.072264  102.862769     6.807    -3221.0    12598.4    -4838.9    694.0   1120.8   1833.9 2022 12 17 17 13 13.440  0.0   1
      755  27.274856  102.707503     0.223   -18613.4    35046.1   -11422.3   1337.7   1372.8   2399.9 2022 12 17 18  6 18.760  0.0   1
      756  27.053225  103.026546     4.397    13033.9    10488.8    -7248.6   1620.5   1059.6   1544.3 2022 12 17 18 11 23.080  0.0   1
      757  26.850946  102.953410    17.128     5780.5   -11924.4     5482.7    809.1    825.4   1111.1 2022 12 17 19  6  8.960  0.0   1
      758  26.981803  102.944312    13.703     4873.5     2575.0     2057.8   1031.0    982.8   1062.8 2022 12 17 19 13 42.560  0.0   1
      759  26.463700  103.013501    12.842    11769.6   -54832.3     1196.3   1037.7    671.2    683.8 2022 12 17 19 49 34.760  0.0   1
      760  26.849441  102.954631    14.970     5901.7   -12091.0     3324.9    630.8    721.9    915.7 2022 12 17 19 55  3.760  0.0   1
      761  27.033287  102.923600     5.853     2816.9     8279.6    -5792.7   1020.3   1046.5   1070.2 2022 12 17 20 27 39.460  0.0   1
      762  27.280322  102.587703     8.108   -30490.9    35651.7    -3537.1   1418.0   1464.1   2422.4 2022 12 17 20 35 56.440  0.0   1
      763  27.186084  103.177384     3.958    27987.9    25209.9    -7687.9    650.8    745.8   1239.7 2022 12 17 20 47 35.440  0.0   1
      764  27.001436  102.793172    15.517   -10130.7     4750.5     3871.3    767.5    679.9    835.4 2022 12 17 20 54 56.720  0.0   1
      765  27.198503  103.185343    10.461    28775.9    26586.0    -1184.3   1016.7    844.9   1981.1 2022 12 17 20 58 44.160  0.0   1
      766  26.556089  103.041268     6.745    14526.5   -44595.3    -4899.9   2154.1   1769.1    704.3 2022 12 17 21 16 14.840  0.0   1
      767  27.102348  102.941895     0.485     4631.2    15931.6   -11160.7   1707.5   1376.2   3936.4 2022 12 17 21 40 10.800  0.0   1
      768  26.999988  102.962541    10.002     6683.1     4590.1    -1643.9   1604.2   1148.2   1237.7 2022 12 17 21 56 39.240  0.0   1
      769  26.920117  102.784473    19.887   -10998.4    -4260.0     8241.1   1306.7    897.9    909.6 2022 12 17 22 49 46.400  0.0   1
      770  26.847715  102.952360    14.205     5676.2   -12282.2     2559.4    664.0    707.4   1102.3 2022 12 17 22 58 10.940  0.0   1
      771  27.003345  102.877775     9.922    -1732.5     4962.0    -1723.1   1809.4    956.1    961.6 2022 12 17 23 36  9.700  0.0   1
      772  27.017761  103.440405     4.823    54118.1     6559.3    -6822.3   1486.9    847.0   3541.2 2022 12 17 23 44 45.380  0.0   1
      773  27.079645  103.196639     6.674    29912.2    13416.2    -4971.9    841.7    673.9   1176.3 2022 12 18  0 20 15.930  0.0   1
      774  26.991644  102.918506     6.611     2311.7     3665.4    -5034.1    805.8    951.2   1004.1 2022 12 18  3 44 55.500  0.0   1
      775  27.142784  103.202482     8.206    30483.5    20412.2    -3439.4    551.0    674.7   1504.1 2022 12 18  3 59 44.910  0.0   1
      776  27.066219  102.801025    19.373    -9348.8    11928.5     7727.9   1117.8    879.1   1061.1 2022 12 18  4  6 13.140  0.0   1
      777  27.050673  103.433415     4.758    53416.1    10206.1    -6887.1    842.3    828.3   1169.0 2022 12 18  6  7  3.820  0.0   1
      778  26.948285  102.862313    16.334    -3267.7    -1138.9     4688.5   1708.2   1120.4   1273.7 2022 12 18  6 45 11.690  0.0   1
      780  26.420817  103.297974     3.232    40083.6   -59583.7    -8413.9   2593.5   2707.8   4149.0 2022 12 18  7 51 56.810  0.0   1
      781  27.002234  102.707511    20.434   -18634.6     4838.9     8788.2   1011.6    695.2    727.9 2022 12 18  8 28 39.970  0.0   1
      782  27.053607  102.788859    17.219   -10556.2    10531.2     5573.8    768.3    779.3   1098.4 2022 12 18  9 43  0.600  0.0   1
      783  27.040328  102.897876    13.830      263.4     9059.8     2184.7   1197.5    852.4   1235.0 2022 12 18 10  5 44.750  0.0   1
      784  27.038163  102.875163    16.670    -1991.0     8819.8     5024.6    919.0    917.8   1036.4 2022 12 18 10  6  9.490  0.0   1
      785  26.909025  103.171110    11.375    27398.8    -5488.9     -270.0   1958.4   1135.0   2039.9 2022 12 18 12 29 20.590  0.0   1
      786  27.060581  102.801457    11.680    -9305.6    11303.9       34.6    717.6    584.7    899.1 2022 12 18 12 39 26.540  0.0   1
      787  27.050470  102.797819    10.223    -9667.3    10183.4    -1422.1    802.3    739.0    898.5 2022 12 18 14  7 37.830  0.0   1
      788  26.977563  102.939307    16.075     4377.1     2105.3     4429.6   1299.4   1197.1   1157.3 2022 12 18 17 42 16.520  0.0   1
      789  27.164612  102.860954     7.484    -3399.2    22830.7    -4161.0    943.7    897.0   1278.2 2022 12 18 18 36 36.440  0.0   1
      791  26.987549  102.901701     9.546      643.5     3211.7    -2099.6    922.2    895.2   1125.4 2022 12 18 19 33 34.720  0.0   1
      792  27.023623  102.798478    19.382    -9602.9     7208.7     7736.8    882.5    616.2   1083.1 2022 12 18 19 46 58.120  0.0   1
      793  26.842889  102.944678    15.242     4912.7   -12816.9     3596.8    599.2    649.3   1040.3 2022 12 18 20 18 16.100  0.0   1
      794  26.942385  102.939469    12.023     4393.9    -1792.5      377.4    895.3    937.2   1000.4 2022 12 18 21 57 25.000  0.0   1
      795  26.467826  103.008724    12.175    11294.2   -54375.1      529.9    789.5    662.2    676.0 2022 12 18 21 59 55.460  0.0   1
      796  27.156866  102.846647    11.106    -4818.6    21972.6     -539.2    783.5    826.4   1176.1 2022 12 18 22 26 28.240  0.0   1
      797  26.898698  102.939494     9.361     4397.2    -6633.2    -2284.8   3561.2   1547.9   1520.2 2022 12 18 22 47 39.820  0.0   1
      798  26.985266  102.926921    10.753     3146.9     2958.8     -892.8    906.0    823.3    952.6 2022 12 18 22 52  5.700  0.0   1
      799  27.193345  102.835938     8.797    -5880.4    26014.5    -2848.7   1059.3   1127.2   1431.4 2022 12 18 23  2 46.080  0.0   1
      800  27.160600  102.847371    11.855    -4747.2    22386.1      209.4    931.6    935.9   1149.1 2022 12 19  0 17  5.840  0.0   1
      801  26.455082  103.018164     7.688    12234.2   -55787.2    -3957.5    959.1    707.2   1163.9 2022 12 19  1 43 26.930  0.0   1
      802  27.037311  102.791357     9.532   -10309.3     8725.4    -2113.2    791.8    821.4    876.4 2022 12 19  1 51  8.910  0.0   1
      803  27.018569  102.936743     4.327     4121.5     6648.8    -7318.2    860.6    790.7    812.1 2022 12 19  2 10 51.860  0.0   1
      804  27.066760  102.862126     6.533    -3284.8    11988.6    -5112.1   1163.1   1053.0   2841.1 2022 12 19  2 46 38.710  0.0   1
      805  27.052985  102.897607     5.235      237.0    10462.1    -6410.6   1402.5    681.5   1549.0 2022 12 19  3 11 34.080  0.0   1
      806  27.024111  102.806771     3.477    -8779.7     7262.9    -8168.7   1017.3   1131.2   1930.6 2022 12 19  3 39 30.040  0.0   1
      807  27.013509  102.786825    21.058   -10760.7     6088.2     9412.5    907.5    631.2    980.9 2022 12 19  7  9  2.250  0.0   1
      808  27.202645  102.957690    10.063     6195.8    27044.9    -1582.8   1452.5   2346.3   3235.3 2022 12 19  7 15 58.900  0.0   1
      809  27.030241  102.863363    16.923    -3162.5     7942.1     5277.8    904.7    873.3   1142.4 2022 12 19  9 25 31.860  0.0   1
      811  26.594893  102.842733    11.698    -5219.8   -40295.5       52.2   1751.7   1871.2   1894.1 2022 12 19  9 42 56.410  0.0   1
      812  27.138802  102.872778    10.839    -2226.8    19971.0     -806.5    747.8    816.3   1225.2 2022 12 19 11 29 17.300  0.0   1
      813  27.229834  102.743774     6.243   -15019.7    30057.7    -5402.7   1177.4   1411.9   1865.5 2022 12 19 12  5 51.460  0.0   1
      815  26.390312  103.012484    14.170    11672.0   -62963.8     2524.5    962.2    820.4    819.1 2022 12 19 15  7 46.600  0.0   1
      816  27.049733  102.801864     5.395    -9266.5    10102.0    -6250.3    776.6   1053.5   1362.6 2022 12 19 15  9  4.590  0.0   1
      817  27.067660  102.853353     4.988    -4155.5    12088.2    -6657.8    763.6    929.6   1055.7 2022 12 19 15 48 10.130  0.0   1
      819  27.020553  102.619368     3.871   -27382.7     6868.7    -7774.3   1038.8   1045.6   1562.5 2022 12 19 17  2  9.960  0.0   1
      820  27.005638  102.959993     5.225     6429.9     5216.0    -6420.6   1098.6    959.5   1257.0 2022 12 19 18 51 22.460  0.0   1
      821  26.290446  102.974674     7.139     7912.0   -74029.3    -4506.6   1663.3    843.8   6168.3 2022 12 19 19 31 24.600  0.0   1
      822  26.448346  103.009220    14.136    11344.3   -56533.4     2490.1    971.2    755.3    971.7 2022 12 19 20 56 20.840  0.0   1
      823  27.453062  103.127189     1.871    22982.0    54791.9    -9773.9   3089.8   2880.5   3864.3 2022 12 19 20 58  7.320  0.0   1
      824  26.966581  102.937492     7.005     4196.4      888.5    -4640.8   1779.6   1492.7   2478.4 2022 12 19 21  6 10.080  0.0   1
      825  26.454274  102.924691    13.216     2932.6   -55876.7     1570.9   1247.8    847.4    996.0 2022 12 19 21  8 59.440  0.0   1
      826  26.457109  102.923438    13.345     2807.7   -55562.5     1699.3   1432.3   1325.0   2409.2 2022 12 19 21 11 29.520  0.0   1
      827  26.467255  103.005998    11.540    11022.6   -54438.4     -105.4    891.6    838.8   1275.3 2022 12 19 21 15 58.560  0.0   1
      828  26.455070  102.923372    12.521     2801.5   -55788.4      875.4    945.5    818.3   1241.1 2022 12 19 21 19  3.160  0.0   1
      829  26.461328  102.921712    14.423     2635.5   -55095.0     2778.0    953.7   1025.4   1296.3 2022 12 19 21 36 27.040  0.0   1
      830  26.538359  103.077897    15.538    18171.5   -46559.9     3892.5    798.8    790.4    863.9 2022 12 19 21 38 53.000  0.0   1
      831  27.004521  102.925627    13.323     3018.3     5092.1     1677.3   1086.0    925.0   1033.8 2022 12 19 21 59 52.200  0.0   1
      832  26.463822  103.011011    12.498    11521.6   -54818.8      852.5    881.7    936.9   1031.0 2022 12 19 22 33 14.520  0.0   1
      833  26.458594  102.974650     6.224     7904.0   -55398.0    -5421.3   1248.6   1275.1   3726.4 2022 12 19 22 43  5.920  0.0   1
      834  26.477128  103.007837    11.015    11204.8   -53344.4     -630.2    872.2    990.0    953.8 2022 12 19 23 26 12.900  0.0   1
      835  26.474884  103.014583    11.868    11876.7   -53593.1      222.6    869.2    793.9   1048.4 2022 12 19 23 46 39.120  0.0   1
      836  26.960350  102.919393    10.963     2399.8      197.9     -682.9    982.5    884.4    967.0 2022 12 20  1  1  7.230  0.0   1
      838  27.482452  103.093140     2.859    19606.1    58048.4    -8786.6   3520.3   2767.1   4993.1 2022 12 20  1 37 25.590  0.0   1
      839  26.880973  102.919434     6.479     2404.5    -8597.2    -5166.7    955.0    635.1   1638.0 2022 12 20  2 16 37.280  0.0   1
      840  27.117354  102.768717    22.415   -12552.2    17594.6    10769.2   2511.6   2258.2   1801.5 2022 12 20  3 30 28.010  0.0   1
      842  27.096490  102.925228    10.358     2977.2    15282.8    -1287.8   1189.1   1128.8   1382.0 2022 12 20  6 29 55.400  0.0   1
      843  27.025513  102.866870    15.441    -2814.6     7418.1     3795.1    914.4    848.6   1092.8 2022 12 20  7 38 56.440  0.0   1
      844  27.120951  102.792928     5.155   -10149.4    17993.1    -6490.6   1413.1    849.7   2259.9 2022 12 20 11 12 59.900  0.0   1
      845  27.030841  102.730330    16.459   -16367.0     8008.7     4813.3   1027.3    648.1    900.9 2022 12 20 11 14 20.870  0.0   1
      846  26.852850  102.955225    15.734     5960.6   -11713.3     4088.6    665.3    738.5    836.4 2022 12 20 11 31 58.840  0.0   1
      847  26.848189  102.952938    13.217     5733.6   -12229.7     1571.3    662.0    829.7   1184.8 2022 12 20 11 52 52.630  0.0   1
      848  26.995044  102.600537     6.903   -29254.9     4042.2    -4742.0   1041.1   1957.5   1918.4 2022 12 20 14 22 14.640  0.0   1
      849  27.061961  103.100212     7.806    20344.2    11456.8    -3839.8    939.2    873.1   3123.3 2022 12 20 14 36 12.040  0.0   1
      850  27.116734  102.876799     8.523    -1828.5    17525.8    -3122.8   1375.4   1146.4   1624.9 2022 12 20 15 10 12.150  0.0   1
      851  26.607597  103.008496    16.557    11264.6   -38888.1     4911.3    612.5    696.1    974.3 2022 12 20 15 50 21.030  0.0   1
      852  26.610801  103.009806    16.716    11394.5   -38532.9     5070.3    721.0    788.7    994.5 2022 12 20 15 52 54.610  0.0   1
      853  27.060215  102.878630    15.212    -1647.0    11263.4     3566.1   2092.3   1308.8   1344.0 2022 12 20 16 43 28.870  0.0   1
      854  27.073067  102.800586    11.716    -9392.1    12687.3       70.8    750.8    874.7    729.4 2022 12 20 17 22  9.400  0.0   1
      855  26.945905  102.933162    13.302     3767.1    -1402.7     1656.7    946.0    879.1   1019.6 2022 12 20 17 51 22.580  0.0   1
      856  26.940566  102.857707    11.994    -3725.0    -1994.2      349.1    918.3    872.6    980.3 2022 12 20 17 56 45.960  0.0   1
      857  27.017702  102.838477    12.029    -5633.0     6552.7      383.4    767.9    592.1    894.9 2022 12 20 18  2 29.100  0.0   1
      858  27.016418  102.836678    12.121    -5811.7     6410.4      475.7    762.5    596.0    890.9 2022 12 20 18  2 40.240  0.0   1
      859  26.454724  103.037085    11.166    14117.1   -55826.7     -479.2   1130.1    840.9    916.8 2022 12 20 19 25  7.680  0.0   1
      860  27.025582  102.839266    14.048    -5554.3     7425.9     2402.4    813.4    703.8    957.9 2022 12 20 19 31  4.420  0.0   1
      861  27.194802  103.205103     2.604    30736.8    26175.8    -9041.1    761.6    657.1   3735.3 2022 12 20 19 58 57.680  0.0   1
      862  26.974919  102.926855     4.629     3140.4     1812.3    -7016.4   1234.3   1044.2   1192.5 2022 12 20 19 59 47.900  0.0   1
      863  26.959652  102.947738    13.907     5214.0      120.7     2261.2    985.2    806.9   1017.8 2022 12 20 20 27 42.440  0.0   1
      864  27.019950  102.841056    14.051    -5377.1     6801.9     2406.0    801.4    817.2   1065.5 2022 12 20 21  3 49.000  0.0   1
      865  26.593821  103.194442    19.131    29757.3   -40414.3     7485.5   1588.4   2077.7   1900.8 2022 12 20 21 29 44.080  0.0   1
      866  27.018907  102.839998    12.007    -5481.8     6686.3      361.5    802.6    699.0    891.0 2022 12 20 21 31 40.580  0.0   1
      867  26.945711  102.859245    13.403    -3572.6    -1424.1     1757.6    865.5    810.8    876.2 2022 12 20 22 10 47.760  0.0   1
      868  27.055461  102.890601     5.323     -458.6    10736.5    -6322.0    689.5    783.8    867.3 2022 12 20 22 14 45.320  0.0   1
      869  27.216705  102.942489     2.271     4687.5    28602.9    -9374.2   1568.2   1901.3   2547.0 2022 12 20 22 34 58.740  0.0   1
      870  27.189866  103.189461     3.654    29185.3    25629.1    -7991.1    804.3   1098.4   1739.4 2022 12 21  0 17 20.350  0.0   1
      871  27.016302  102.834473    12.276    -6030.2     6397.8      630.8    754.1    653.1    911.7 2022 12 21  1  9 27.980  0.0   1
      872  26.656392  103.021126    24.879    12517.7   -33481.4    13234.0   1463.5   1637.1    967.1 2022 12 21  1 13 19.780  0.0   1
      873  26.934131  102.990959     1.866     9506.6    -2707.1    -9779.9   1247.6   1518.0   2241.8 2022 12 21  1 16 55.260  0.0   1
      874  26.968052  102.787801     8.879   -10665.7     1051.4    -2766.2   1306.0    899.3   1612.3 2022 12 21  2 55 41.440  0.0   1
      875  27.065458  102.822184     5.148    -7248.6    11844.3    -6497.4    919.3    681.1   1126.0 2022 12 21  4 15 31.880  0.0   1
      876  27.151943  102.839355    21.796    -5542.5    21427.0    10150.6   1615.2   1387.8   1826.3 2022 12 21  4 38  7.010  0.0   1
      877  27.054710  102.859627    21.076    -3532.7    10653.4     9430.8   1025.1    967.5   1067.9 2022 12 21  4 53  5.990  0.0   1
      878  27.101280  102.747217    10.840   -14686.5    15813.5     -805.9   1062.9    996.6   1070.9 2022 12 21  6 58 45.220  0.0   1
      879  27.042428  102.806063    12.220    -8850.0     9292.5      574.5    806.7    787.0    942.8 2022 12 21  9 45 14.110  0.0   1
      880  26.793101  102.959147    16.405     6351.8   -18333.7     4759.2    677.5    835.3    967.7 2022 12 21 13 15 12.150  0.0   1
      881  26.794234  102.955705    15.976     6009.8   -18208.2     4330.5    719.9    872.9   1013.5 2022 12 21 13 21 13.140  0.0   1
      882  26.792383  102.959155    17.116     6352.3   -18413.3     5470.3    825.8    917.4    998.9 2022 12 21 13 25 35.510  0.0   1
      883  26.794678  102.953442    14.881     5785.2   -18158.9     3235.9    685.9    786.3    921.3 2022 12 21 13 29 20.800  0.0   1
      884  26.795514  102.954582    15.645     5898.3   -18066.4     4000.0    681.4    840.5    807.7 2022 12 21 13 47 52.250  0.0   1
      885  27.007054  102.774520    12.706   -11981.9     5372.9     1060.7    661.3    792.7    961.1 2022 12 21 14  9 17.820  0.0   1
      886  26.793028  102.959684    17.046     6405.4   -18341.8     5400.8    697.7    881.1    815.8 2022 12 21 14 12 11.880  0.0   1
      887  27.021572  102.836735    12.229    -5806.1     6981.6      583.5    748.7    604.6    896.5 2022 12 21 14 14  4.950  0.0   1
      888  26.789836  102.962964    17.734     6730.9   -18695.5     6088.1   1031.6    936.2   1171.0 2022 12 21 14 15 16.770  0.0   1
      889  26.799469  102.952409    18.062     5682.2   -17628.1     6416.1   1230.5   1008.6   1066.5 2022 12 21 14 24 48.730  0.0   1
      890  26.793862  102.959155    16.772     6352.8   -18249.4     5126.4    752.3    901.4    866.6 2022 12 21 14 25 16.190  0.0   1
      891  26.793254  102.956803    16.166     6118.9   -18316.8     4520.1    688.7    868.6    991.2 2022 12 21 14 30  3.030  0.0   1
      892  26.793799  102.956307    15.965     6069.5   -18256.4     4319.1    683.3    851.5    969.5 2022 12 21 15  1  1.780  0.0   1
      893  26.846244  102.959611    14.113     6396.1   -12445.2     2467.6    614.6    710.9    852.3 2022 12 21 15 22 16.790  0.0   1
      894  26.855868  102.957365    17.868     6173.1   -11379.0     6222.6    805.4    919.4   1262.6 2022 12 21 15 23 18.130  0.0   1
      895  26.456030  102.933244     3.910     3783.0   -55682.1    -7735.7    905.7    848.4   1719.8 2022 12 21 16 11 55.420  0.0   1
      896  26.905560  102.937248    11.470     4173.7    -5872.8     -175.4    816.3    858.8   1007.5 2022 12 21 16 35 28.020  0.0   1
      897  26.763165  102.999438    14.867    10356.6   -21650.6     3221.4    777.1    979.9   1035.9 2022 12 21 17 17 11.440  0.0   1
      898  26.905180  102.940194    13.299     4466.1    -5915.0     1653.1    888.8    858.4   1080.1 2022 12 21 17 19 38.160  0.0   1
      899  26.789008  102.961727    16.835     6608.4   -18787.3     5189.2    721.2    939.0    884.4 2022 12 21 17 40 58.400  0.0   1
      900  26.791565  102.957609    16.127     6199.3   -18503.8     4481.2    694.7    873.1   1157.0 2022 12 21 17 47 52.840  0.0   1
      901  27.061989  102.814738     3.804    -7987.8    11459.9    -7841.2    859.1    939.7   1513.4 2022 12 21 18  6 37.720  0.0   1
      902  26.854376  102.956038    17.252     6041.3   -11544.2     5606.3    809.7    990.8   1295.2 2022 12 21 18 14 41.160  0.0   1
      903  27.048873  102.815511    10.430    -7911.4    10006.5    -1215.9    710.2    605.2    873.7 2022 12 21 18 40 57.200  0.0   1
      904  27.014801  102.817114    13.825    -7753.8     6231.3     2179.1    688.1   1052.4    856.1 2022 12 21 18 49 18.440  0.0   1
      905  27.121452  102.869596     8.936    -2542.3    18048.5    -2709.5    770.7    945.7   1277.6 2022 12 21 18 59 33.660  0.0   1
      906  27.112148  102.871444     7.317    -2359.4    17017.7    -4328.8    789.7    946.7   1203.1 2022 12 21 19  8 35.440  0.0   1
      907  26.946073  102.926978     4.528     3152.8    -1384.0    -7117.6    951.0   1051.8    950.7 2022 12 21 19 13 45.660  0.0   1
      908  27.002484  102.814014    17.030    -8062.2     4866.7     5384.4    837.9    704.7   1006.2 2022 12 21 19 23 39.440  0.0   1
      909  26.796421  102.957218    16.148     6160.3   -17965.8     4503.0    676.7    828.6    949.7 2022 12 21 19 43 15.140  0.0   1
      910  26.797744  102.955965    15.491     6035.1   -17819.2     3845.4    666.7    836.9   1067.5 2022 12 21 19 56 13.080  0.0   1
      911  27.056104  102.787712    10.707   -10670.2    10807.8     -938.4    722.9    650.0    868.4 2022 12 21 19 57  1.700  0.0   1
      912  26.796114  102.957992    16.120     6236.5   -17999.7     4475.0    777.9    910.8    959.3 2022 12 21 20  3  3.820  0.0   1
      913  27.017617  102.948429     4.976     5281.9     6543.3    -6669.3   1118.9   1214.4   1179.9 2022 12 21 20 36  6.640  0.0   1
      914  27.039209  102.831405    11.524    -6334.6     8935.8     -121.5    695.8    592.4    910.9 2022 12 21 21  7 38.840  0.0   1
      915  27.033950  102.728670    16.353   -16531.6     8353.1     4707.3    902.7    592.1    931.3 2022 12 21 21 39 19.300  0.0   1
      916  27.340470  102.953459    25.617     5772.2    42316.4    13971.5   8400.8   9061.4   5657.2 2022 12 21 22 57 41.720  0.0   1
      917  26.785878  102.962948    17.351     6729.3   -19133.8     5705.6    755.7    940.6   1206.8 2022 12 21 23 40 50.560  0.0   1
      918  27.101019  102.852572     7.392    -4232.3    15784.6    -4253.2   1531.1    906.9   1432.4 2022 12 21 23 51 43.880  0.0   1
      920  26.494273  102.941317    13.370     4585.8   -51444.7     1724.6    894.5    662.9    935.5 2022 12 22  1  6 38.580  0.0   1
      921  26.900248  102.853402     4.946    -4153.6    -6461.5    -6699.2    777.5    803.9   1151.1 2022 12 22  1 15 42.390  0.0   1
      922  27.135134  102.858065     7.491    -3686.7    19564.5    -4154.4    947.1    921.9   1302.1 2022 12 22  1 35  5.030  0.0   1
      923  27.138649  102.856860    12.881    -3806.3    19954.1     1235.5   2054.3   1523.0   2279.6 2022 12 22  1 58 42.760  0.0   1
      924  27.011619  102.776082    13.108   -11826.8     5878.8     1462.3    695.2    685.8    897.0 2022 12 22  2 25 56.830  0.0   1
      925  27.140989  102.834253     7.013    -6049.0    20213.3    -4632.3   1038.5    922.4   1574.8 2022 12 22  3 26  3.960  0.0   1
      926  26.998686  102.702450    18.288   -19137.6     4445.6     6642.3   1085.0    621.1    761.9 2022 12 22  3 44 37.110  0.0   1
      927  26.438208  102.999927     9.449    10419.8   -57656.7    -2196.5    960.2    946.8   1700.6 2022 12 22  4 34  1.570  0.0   1
      928  27.034603  102.901009     7.908      574.6     8425.4    -3737.0   1155.9   1017.6    909.6 2022 12 22  5  6  3.120  0.0   1
      929  27.026619  102.866960    16.090    -2805.4     7540.8     4444.7    953.4    838.2   1049.5 2022 12 22  5 54 43.160  0.0   1
      930  26.892761  102.551123     5.701   -34175.8    -7291.1    -5944.2   2175.4   2266.9   6102.4 2022 12 22  6  3 58.740  0.0   1
      931  26.822009  102.661385    27.100   -23231.8   -15130.7    15454.4   2020.5   1465.6   1717.3 2022 12 22  6 22 12.470  0.0   1
      932  27.001540  102.938330    15.139     4279.4     4761.9     3493.4   1150.3   1179.1   1110.4 2022 12 22  7 33 50.380  0.0   1
      933  26.517251  103.029639    16.172    13372.4   -48898.7     4526.6    849.3    781.4    798.2 2022 12 22  8 43 23.460  0.0   1
      934  27.115763  102.865641     9.992    -2935.2    17418.2    -1653.6    881.3    866.3   1156.0 2022 12 22  8 46 36.170  0.0   1
      935  27.030422  102.981689    17.880     8582.8     7962.2     6234.3   1599.4   1985.7   1486.9 2022 12 22  8 50 16.210  0.0   1
      936  26.866235  102.941650    13.687     4612.0   -10230.3     2041.6    712.5    762.5    829.5 2022 12 22 10 35  1.110  0.0   1
      937  26.840127  102.981950     8.725     8615.8   -13123.1    -2920.5    961.3    700.0   1815.2 2022 12 22 11 10 56.150  0.0   1
      938  27.133502  102.858716     9.045    -3622.4    19383.8    -2600.8    808.1    844.0   1381.1 2022 12 22 11 31  9.490  0.0   1
      939  26.930723  102.932878     7.481     3739.1    -3084.7    -4164.6    998.8    854.5   1163.2 2022 12 22 13 46  6.880  0.0   1
      940  27.300153  103.239933    11.826    34175.3    37849.0      180.3   1413.8   2202.2   2202.5 2022 12 22 14 28 56.930  0.0   1
      941  26.897428  102.899455    13.995      420.1    -6774.0     2349.1    797.5    970.1   1091.6 2022 12 22 14 48 18.330  0.0   1
      943  26.941886  102.869865    13.541    -2518.2    -1847.9     1895.1   1010.8    882.8    946.4 2022 12 22 18  5  2.820  0.0   1
      944  26.856871  102.953800     6.921     5818.9   -11267.8    -4724.7    975.9   1373.0   1851.7 2022 12 22 18 24 31.620  0.0   1
      945  26.981291  102.918180    10.400     2279.3     2518.3    -1245.3    831.0    870.2    909.6 2022 12 22 18 53 24.260  0.0   1
      946  27.195327  103.186637     6.718    28905.2    26234.0    -4927.8    670.1    771.2   1746.3 2022 12 22 20 48 41.560  0.0   1
      947  26.854287  102.989136    14.621     9328.9   -11554.0     2975.9    955.7    636.9   1003.6 2022 12 22 21  3 11.480  0.0   1
      948  26.737209  102.709294     8.417   -18479.2   -24526.8    -3228.0   1274.7    959.9   1535.0 2022 12 22 21 20 28.120  0.0   1
      949  26.980798  102.848364    13.281    -4652.3     2463.7     1635.4   1071.5    876.1    921.8 2022 12 22 21 22  2.920  0.0   1
      950  26.787858  103.285295     9.827    38760.2   -18914.7    -1818.0   2221.2   4029.3   3349.9 2022 12 22 22  1 41.840  0.0   1
      952  27.123688  102.896265     7.833      103.2    18296.3    -3812.0    911.5    695.9   1574.8 2022 12 23  4  9 28.340  0.0   1
      953  27.047003  102.955908     5.816     6023.3     9799.4    -5829.5   3709.9   1772.0   3904.5 2022 12 23  4 10  3.330  0.0   1
      954  26.868569  102.947770     5.282     5219.4    -9971.7    -6363.8    877.0   1127.4   3269.7 2022 12 23  6 32 20.850  0.0   1
      955  26.529533  103.082951    14.942    18674.4   -47537.8     3296.3    781.9    804.0    825.9 2022 12 23  6 40 46.650  0.0   1
      956  26.532855  103.076229    14.639    18005.8   -47169.6     2993.8    835.7    847.7    929.2 2022 12 23  6 41 38.610  0.0   1
      957  27.023539  102.862427    15.238    -3255.9     7199.4     3592.2    971.2    941.4   1032.9 2022 12 23  8 52 53.330  0.0   1
      958  27.038767  102.873258    18.871    -2179.9     8886.9     7225.2   1013.0    937.5   1176.7 2022 12 23  9  5 43.180  0.0   1
      959  27.032743  102.768514    16.630   -12576.7     8219.4     4984.8    991.6    616.5   1002.6 2022 12 23  9 49 41.320  0.0   1
      960  27.028133  102.772656    15.480   -12166.2     7708.5     3835.1    856.7    621.9    988.3 2022 12 23  9 52 38.750  0.0   1
      962  27.023698  102.717546    17.250   -17636.9     7217.1     5604.4   1028.8    484.5    826.8 2022 12 23 10  5 59.630  0.0   1
      963  27.011049  102.781022    12.762   -11336.4     5815.6     1116.5    663.3    718.6    914.2 2022 12 23 10 14  7.040  0.0   1
      964  27.011503  102.779028    12.235   -11534.5     5865.9      589.4    674.1    705.9    917.1 2022 12 23 10 16  6.970  0.0   1
      965  27.013202  102.784725    10.781   -10968.8     6054.2     -864.0    779.9    850.9   1222.8 2022 12 23 10 24 50.710  0.0   1
      966  26.513064  103.065397    14.831    16929.7   -49362.7     3186.0    788.3    908.1    683.8 2022 12 23 10 33 15.130  0.0   1
      967  26.997935  102.810319    16.548    -8428.6     4362.5     4902.6    795.2    673.6    947.5 2022 12 23 11 19 17.330  0.0   1
      968  27.002889  102.795508    19.004    -9898.6     4911.4     7358.8   1172.9    973.1   1025.5 2022 12 23 12 25 32.480  0.0   1
      969  27.074672  102.768294    11.571   -12596.7    12865.2      -74.4    811.6    620.7    897.5 2022 12 23 13 33 11.170  0.0   1
      970  27.029218  102.773966    16.254   -12035.7     7828.6     4608.2    768.8    646.7    960.3 2022 12 23 14  5 39.980  0.0   1
      971  27.012972  102.777336    12.427   -11702.2     6028.7      781.3    805.6    623.3    693.2 2022 12 23 14  9 55.580  0.0   1
      972  27.025975  102.773381    15.653   -12094.1     7469.4     4007.2    722.6    653.9    989.2 2022 12 23 14 15 37.400  0.0   1
      973  26.639427  102.984424    23.686     8869.2   -35361.1    12040.7   1338.9   1576.0    714.1 2022 12 23 14 36  5.410  0.0   1
      974  27.077197  102.798470    12.654    -9601.4    13144.9     1008.7    872.5    992.1    934.2 2022 12 23 15 13 19.710  0.0   1
      975  26.854665  102.969971    15.290     7424.8   -11512.2     3644.4    603.6    694.4    898.3 2022 12 23 15 38 15.500  0.0   1
      976  26.594181  103.024105    13.627    12817.5   -40374.5     1981.3    819.7    826.7    937.9 2022 12 23 15 54 23.950  0.0   1
      977  27.048861  103.443538     7.717    54421.2    10005.3    -3928.7    929.8   1227.3   2357.9 2022 12 23 15 55 21.610  0.0   1
      978  27.286568  103.182959     8.254    28528.8    36343.9    -3391.1   1130.1    923.5   2053.3 2022 12 23 16 51 45.160  0.0   1
      979  27.023102  102.813265    18.654    -8135.1     7151.0     7008.1    766.8    688.1   1057.0 2022 12 23 17 22 49.380  0.0   1
      980  26.555101  103.016724    12.759    12085.2   -44704.7     1113.1    795.6    732.2    831.9 2022 12 23 19 13 40.120  0.0   1
      981  26.987807  102.702100    18.304   -19173.1     3240.3     6658.4   1011.2    631.1    779.6 2022 12 23 19 55 59.400  0.0   1
      982  27.181348  103.174276     0.730    27680.1    24685.2   -10915.5   1457.5   1218.0   2656.4 2022 12 23 19 59 13.600  0.0   1
      983  27.035948  102.843644    15.332    -5119.6     8574.4     3686.4   1057.6   1068.5   1345.8 2022 12 23 21 11  4.060  0.0   1
      984  27.026503  102.845638    18.662    -4922.2     7527.9     7016.8   1006.3   1461.2    876.8 2022 12 23 21 13 32.720  0.0   1
      985  26.917466  102.893888    10.243     -132.7    -4553.6    -1402.5   2508.5   1379.2   1134.2 2022 12 23 22  3 43.400  0.0   1
      986  27.050480  102.785612    12.273   -10879.1    10184.6      628.0    768.9    622.8    856.7 2022 12 23 22  8 19.660  0.0   1
      987  27.151111  102.803223    26.391    -9127.0    21334.7    14746.0   1466.8   1135.7    868.8 2022 12 24  0 15 17.810  0.0   1
      988  27.055113  102.873519     4.779    -2154.0    10698.0    -6866.7    885.0    800.9   1198.3 2022 12 24  1 52 43.380  0.0   1
      989  27.052844  102.873625     4.664    -2143.9    10446.6    -6981.8    969.1    878.5   1265.3 2022 12 24  2  7 28.660  0.0   1
      990  27.062056  102.744645    12.843   -14944.4    11467.4     1197.2    902.0    684.6    886.2 2022 12 24  3 28 20.920  0.0   1
      991  27.070335  102.841048    11.258    -5376.4    12384.5     -387.8    750.0    920.9    903.4 2022 12 24  5 29 26.010  0.0   1
      992  27.010032  102.963094    15.458     6737.8     5702.8     3812.2   2265.5   1718.0   1501.0 2022 12 24  6 54 32.440  0.0   1
      993  26.996053  102.920402    14.443     2499.3     4153.9     2797.7   1620.5   1128.9   1087.5 2022 12 24 12  8 40.750  0.0   1
      994  27.004885  102.933936    14.091     3842.8     5132.5     2446.3   1353.3   1103.3   1119.6 2022 12 24 12 41 41.870  0.0   1
      995  27.063576  102.878434    18.064    -1666.6    11635.8     6419.0   1612.6    912.7   1193.9 2022 12 24 14  1 26.100  0.0   1
      996  27.049583  102.881437    12.926    -1368.0    10085.3     1280.4   1400.8    778.5    978.3 2022 12 24 15 25 36.710  0.0   1
      997  26.999536  102.944946    14.781     4936.4     4539.9     3135.1   1145.1   1273.2   1091.6 2022 12 24 16  2 59.910  0.0   1
      998  27.027649  102.847811    17.681    -4706.0     7654.8     6035.9   1000.5   1414.7    866.1 2022 12 24 16 28 24.250  0.0   1
      999  26.427968  102.988371    15.839     9270.3   -58791.4     4193.2   1202.1    868.2   1155.2 2022 12 24 16 40 43.700  0.0   1
     1000  26.450344  103.026685    21.200    13081.8   -56312.0     9554.7   1331.5   1217.9   1009.6 2022 12 24 17  7  1.520  0.0   1
     1001  26.975720  102.928800     4.919     3333.6     1901.1    -6726.3   1020.7    886.0    998.9 2022 12 24 17 22 37.040  0.0   1
     1002  27.073568  102.745264    13.439   -14882.0    12742.7     1794.0    956.7    688.9    866.5 2022 12 24 18 22 27.820  0.0   1
     1003  26.793933  102.989982    16.395     9415.3   -18241.5     4749.5    704.0    874.0   1015.4 2022 12 24 18 25  2.160  0.0   1
     1004  26.849618  102.963118    10.287     6744.8   -12071.5    -1358.8    750.8   1054.0   1122.7 2022 12 24 18 38 10.280  0.0   1
     1005  26.701166  103.078890     5.986    18257.5   -28520.2    -5659.9   2236.3   2812.3   2919.0 2022 12 24 19  1  3.120  0.0   1
     1006  26.280461  103.000781    13.549    10512.0   -75135.7     1903.8   1458.5    945.4   1928.6 2022 12 24 19 27 33.840  0.0   1
     1007  27.015694  102.809717     5.887    -8487.6     6330.3    -5758.8    921.4   1109.7   1485.1 2022 12 24 19 39  0.720  0.0   1
     1008  26.945628  102.921126    13.166     2572.4    -1433.3     1520.6    821.4    856.5   1022.4 2022 12 24 20 17 17.000  0.0   1
     1009  27.023242  102.754061     5.424   -14012.0     7166.6    -6221.3    743.0   1124.9   1360.5 2022 12 24 20 49  2.560  0.0   1
     1010  27.048710  102.890055     5.842     -512.8     9988.5    -5803.4    763.6    916.3   1215.5 2022 12 24 23  9 30.440  0.0   1
     1011  27.107672  102.701229     2.276   -19249.7    16521.6    -9369.9    991.3    755.4   1083.4 2022 12 25  1  1  6.530  0.0   1
     1012  26.897575  102.924601     8.611     2918.0    -6757.7    -3034.3   3576.7   1392.3   1513.5 2022 12 25  1  2  8.950  0.0   1
     1014  27.013513  102.774284    13.802   -12005.3     6088.7     2156.2   1408.6   1331.7   2414.0 2022 12 25  3 56 46.440  0.0   1
     1015  27.042216  102.872884    18.476    -2216.8     9268.9     6830.9    962.8    919.3   1166.7 2022 12 25  5 14 39.720  0.0   1
     1016  27.037510  102.871281    16.375    -2376.7     8747.6     4729.6    903.5    946.4   1065.7 2022 12 25  5 32 45.730  0.0   1
     1017  27.100041  102.792082     8.036   -10235.0    15676.0    -3609.3    764.6    695.9    839.9 2022 12 25  5 40 51.470  0.0   1
     1018  27.024687  102.877995     2.893    -1710.5     7326.6    -8752.6    874.5   1035.7   1346.4 2022 12 25  6  9  0.890  0.0   1
     1019  27.114128  102.916300     9.527     2091.1    17236.9    -2118.8   1010.9   1050.2   1927.9 2022 12 25 14  8 55.050  0.0   1
     1020  26.448979  103.014242     6.510    11844.1   -56463.3    -5134.9   1540.8    860.2   1971.3 2022 12 25 16 21 27.060  0.0   1
     1021  26.786167  102.963770    17.596     6810.9   -19101.9     5951.0    769.3    889.4    822.0 2022 12 25 17 12  3.160  0.0   1
     1022  26.645412  103.152458    12.293    25576.4   -34698.0      647.2   1554.7   3285.6   2780.5 2022 12 25 17 13 15.720  0.0   1
     1023  26.997874  102.940723     5.104     4517.2     4355.8    -6541.2   1051.1   1197.4   1024.6 2022 12 25 17 55 49.200  0.0   1
     1024  27.103044  102.888623    10.240     -654.7    16008.9    -1405.1    759.4    834.2   1547.3 2022 12 25 18 42 17.240  0.0   1
     1025  26.982770  102.971704    15.059     7593.3     2682.0     3413.2   1211.4   1123.7   1221.4 2022 12 25 18 46 35.240  0.0   1
     1026  26.922192  102.874943     2.193    -2013.8    -4030.0    -9451.1   1036.4    960.2   1552.5 2022 12 25 20 59 33.880  0.0   1
     1027  26.995620  102.931323    12.218     3583.7     4106.1      572.8   1057.7    995.1   1026.9 2022 12 25 23 11 15.680  0.0   1
     1028  27.008665  102.833895     6.643    -6087.9     5551.3    -5002.5    840.1    931.1   1072.4 2022 12 26  0 43 45.930  0.0   1
     1029  27.192586  103.187240     2.957    28965.2    25930.3    -8688.8    623.3    631.6   5118.0 2022 12 26  1 17 13.310  0.0   1
     1030  27.053027  102.777230    10.105   -11711.0    10467.0    -1540.3    701.3    916.0    733.0 2022 12 26  2  6 41.860  0.0   1
     1032  26.736161  103.084196     4.636    18782.1   -24642.8    -7009.3   1017.9   1531.0   1976.7 2022 12 26  2 50 54.010  0.0   1
     1033  26.906989  102.901994     9.599      672.7    -5714.7    -2046.0   2812.6   1432.6   1318.8 2022 12 26  4 11 43.150  0.0   1
     1034  27.049438  102.880192     4.592    -1491.9    10069.2    -7052.6   1519.6   1148.6   1175.0 2022 12 26  4 15 17.730  0.0   1
     1035  27.022870  102.763460    15.829   -13079.0     7125.4     4183.2    820.2    668.1    961.6 2022 12 26  4 56 35.820  0.0   1
     1036  26.547341  102.816781    17.546    -7802.3   -45564.5     5900.7   2439.9   2157.1   2925.9 2022 12 26  5 48 40.060  0.0   1
     1037  26.991429  102.972754     5.814     7697.1     3641.7    -5831.4   1378.9   1082.5   1379.6 2022 12 26  6  4 17.700  0.0   1
     1038  26.927657  103.192570    10.307    29527.8    -3424.4    -1338.1   1137.7   1235.0   1291.8 2022 12 26  6 33 44.390  0.0   1
     1039  26.856573  103.028556     4.761    13244.9   -11300.6    -6884.7   1605.0   1967.8   2849.9 2022 12 26  8 25 34.420  0.0   1
     1040  26.953609  102.932666     9.857     3718.0     -548.9    -1788.5    954.4    892.0   1205.2 2022 12 26  9 35 29.970  0.0   1
     1041  26.818510  102.586719    24.212   -30650.3   -15518.2    12566.6   1835.9   1814.7   1750.5 2022 12 26 10  8 12.010  0.0   1
     1042  27.043365  102.871566    17.827    -2347.9     9396.4     6181.9   1098.4    936.4   1151.4 2022 12 26 10 12 43.400  0.0   1
     1043  26.985799  102.689404    19.892   -20434.0     3017.9     8246.7    954.5    694.6    669.1 2022 12 26 10 49 41.630  0.0   1
     1044  26.986530  102.757446     8.364   -13678.1     3098.7    -3280.6   1220.0   1172.0   1704.2 2022 12 26 10 54 45.850  0.0   1
     1045  26.983685  102.925773    13.154     3033.2     2783.6     1508.9    927.8   1033.5    874.8 2022 12 26 10 55 35.790  0.0   1
     1046  27.017788  102.911279     4.136     1593.7     6562.2    -7509.2    936.5    889.5   1193.0 2022 12 26 11 32 37.280  0.0   1
     1047  27.148195  102.888021    14.074     -714.4    21011.8     2428.2    967.3    911.5   1318.9 2022 12 26 12  7 28.340  0.0   1
     1048  27.130691  102.964437    13.951     6867.2    19072.2     2305.5   1175.0   1058.0   1458.7 2022 12 26 12 44 31.500  0.0   1
     1050  26.870500  102.927930     0.580     3248.7    -9757.6   -11065.2    685.1    765.9   2283.5 2022 12 26 13 54  4.980  0.0   1
     1051  26.999087  102.680542    15.328   -21312.1     4490.0     3682.7   1081.5    595.4    927.7 2022 12 26 14 28 57.700  0.0   1
     1053  26.836731  102.949015    14.710     5343.7   -13499.2     3065.0    647.7    690.8    811.9 2022 12 26 15  0 11.130  0.0   1
     1054  27.115651  102.897599    11.000      236.0    17405.9     -645.6    774.9    828.1   1027.0 2022 12 26 15  9 19.480  0.0   1
     1055  26.298761  102.985946    16.180     9033.6   -73108.0     4534.5   1030.8    606.4   1603.2 2022 12 26 15 31  4.340  0.0   1
     1056  27.050311  102.833504     7.144    -6125.8    10166.0    -4501.5   1112.1   1473.3   1608.4 2022 12 26 15 42 30.230  0.0   1
     1057  26.886167  102.943018     4.173     4746.9    -8021.6    -7472.9    643.6    889.5   2405.8 2022 12 26 15 57 17.640  0.0   1
     1058  26.877507  102.956470    17.286     6083.4    -8981.4     5641.0    837.6    879.5   1086.8 2022 12 26 16  0 47.160  0.0   1
     1059  26.893837  102.899943    13.731      469.1    -7171.9     2086.0   3993.4   1599.8   1548.0 2022 12 26 16 20 33.860  0.0   1
     1060  26.834650  102.944100    15.267     4856.1   -13730.0     3621.2    611.1    627.1    870.8 2022 12 26 17 15 17.160  0.0   1
     1061  26.834294  102.942188    14.910     4665.5   -13769.5     3264.3    608.6    612.2    999.4 2022 12 26 17 33 38.880  0.0   1
     1062  26.835299  102.943555    15.931     4801.8   -13658.1     4285.3    604.7    667.6    799.2 2022 12 26 17 34 29.440  0.0   1
     1063  26.903426  102.827287     2.096    -6747.5    -6109.3    -9549.4   1309.6   1299.1   2533.5 2022 12 26 17 44 56.680  0.0   1
     1064  26.999418  102.669938    15.753   -22364.8     4526.9     4107.8   1429.0    596.6   1003.5 2022 12 26 18 36 16.160  0.0   1
     1066  26.604464  103.049129    22.224    15305.0   -39235.3    10578.5    779.1   1260.3    887.4 2022 12 26 19 28 29.340  0.0   1
     1067  26.586353  103.036922    21.879    14092.1   -41241.9    10233.1    697.3    932.5    903.6 2022 12 26 19 50 49.080  0.0   1
     1068  27.091349  102.758390     9.919   -13578.8    14713.0    -1726.5    876.6    716.5   1057.6 2022 12 26 19 57 14.640  0.0   1
     1069  26.831352  102.952466    16.802     5687.0   -14095.5     5156.8    605.2    731.1    893.6 2022 12 26 20  7 47.020  0.0   1
     1070  26.833793  102.950757    15.624     5516.8   -13824.8     3978.3    595.0    727.8    871.1 2022 12 26 20  8 10.600  0.0   1
     1071  26.840739  102.948543    19.824     5297.2   -13055.2     8179.0    805.5    961.7   1297.3 2022 12 26 20 11  5.940  0.0   1
     1072  26.828835  102.945239    15.819     4969.3   -14374.3     4173.7    734.2    929.9   1196.6 2022 12 26 20 11 19.960  0.0   1
     1073  26.831289  102.944718    15.970     4917.3   -14102.4     4324.1    594.3    659.5    869.0 2022 12 26 20 13 22.840  0.0   1
     1074  26.990601  103.131584     6.434    23464.9     3549.8    -5211.1    879.3    738.4   1349.1 2022 12 26 20 18 46.960  0.0   1
     1075  26.786711  103.048096    17.163    15190.5   -19041.8     5517.3   1104.0   1517.4   1375.2 2022 12 26 20 20 47.840  0.0   1
     1077  26.834914  102.950716    15.297     5512.7   -13700.6     3651.5    562.2    651.4    859.1 2022 12 26 20 26 48.620  0.0   1
     1078  26.829614  102.943498    14.850     4795.8   -14287.9     3204.9    571.3    646.2    887.6 2022 12 26 20 33 20.460  0.0   1
     1079  26.836713  102.950806    16.148     5521.5   -13501.4     4502.4    596.7    688.1    795.9 2022 12 26 20 34 26.960  0.0   1
     1080  26.831868  102.943823    15.489     4828.3   -14038.1     3843.4    628.2    641.2   1027.4 2022 12 26 20 35 32.120  0.0   1
     1081  26.909316  102.982349    18.929     8652.4    -5456.6     7283.4   1062.6   1527.2   1143.9 2022 12 26 20 35 43.440  0.0   1
     1082  26.833934  102.942497    16.006     4696.1   -13809.3     4360.6    794.5    874.2   1164.0 2022 12 26 20 37 11.120  0.0   1
     1083  26.833156  102.944824    15.758     4927.9   -13895.4     4113.0    597.3    693.4    786.2 2022 12 26 20 40 55.960  0.0   1
     1084  26.868986  102.912093    20.745     1676.1    -9925.5     9099.3    985.9   1152.6   1176.2 2022 12 26 20 41 49.840  0.0   1
     1085  26.836045  102.944531    14.809     4898.3   -13575.4     3164.1    685.7    677.8   1143.5 2022 12 26 20 43 15.680  0.0   1
     1086  26.835435  102.945028    16.768     4948.0   -13642.9     5122.2    750.7    877.0    902.0 2022 12 26 20 45 43.280  0.0   1
     1087  26.837024  102.942896    16.667     4735.9   -13466.9     5021.7    694.2    745.8    902.8 2022 12 26 20 47 48.040  0.0   1
     1088  26.835929  102.941797    16.980     4627.1   -13588.2     5334.7    751.5    910.5   1134.6 2022 12 26 20 49 37.840  0.0   1
     1089  26.851823  102.865356     7.807    -2967.1   -11827.2    -3838.4   1390.7   1195.4   2214.8 2022 12 26 20 53 24.540  0.0   1
     1090  26.833234  102.945329    16.176     4977.7   -13886.8     4530.9    611.0    713.0    798.3 2022 12 26 20 54 15.340  0.0   1
     1092  26.858118  102.896273    18.503      104.0   -11129.7     6857.5   1328.8   1413.5   1049.7 2022 12 26 20 55 58.780  0.0   1
     1093  26.835954  102.949292    15.565     5371.8   -13585.4     3919.3    707.2    744.9    989.9 2022 12 26 21  0 32.160  0.0   1
     1094  26.835012  102.942651    15.428     4711.4   -13689.9     3782.3    631.1    673.5    806.6 2022 12 26 21  1  5.520  0.0   1
     1095  26.914518  102.784538     5.062   -10992.6    -4880.3    -6583.1   1326.6   1176.4   1132.6 2022 12 26 21  3  5.800  0.0   1
     1097  26.832688  102.941740    15.404     4621.6   -13947.3     3759.0    611.6    725.2    864.7 2022 12 26 21  7 32.080  0.0   1
     1098  26.832367  102.925692     9.566     3026.6   -13983.0    -2079.9   1426.2   1148.7   2364.2 2022 12 26 21  8 14.880  0.0   1
     1099  26.834574  102.943009    16.417     4747.5   -13738.3     4771.8    666.2    751.8    894.0 2022 12 26 21  8 30.960  0.0   1
     1100  26.834300  102.943197    16.608     4765.9   -13768.8     4962.4    659.8    770.5    990.3 2022 12 26 21 11 31.220  0.0   1
     1101  26.827348  102.944881    15.600     4933.4   -14539.0     3954.6    624.3    726.6    813.8 2022 12 26 21 16 11.640  0.0   1
     1103  26.835232  102.943188    15.775     4764.9   -13665.4     4129.1    581.4    694.3    782.2 2022 12 26 21 24 32.440  0.0   1
     1104  26.834601  102.944808    16.660     4926.1   -13735.3     5014.5    694.7    805.0   1078.6 2022 12 26 21 36 14.680  0.0   1
     1105  26.832416  102.945923    16.688     5036.5   -13977.6     5042.4    691.1    757.6    903.1 2022 12 26 21 43 36.620  0.0   1
     1106  26.836894  102.944238    16.885     4869.4   -13481.4     5239.7    708.2    865.6   1223.2 2022 12 26 21 50 12.840  0.0   1
     1108  26.829838  102.946387    14.791     5083.1   -14263.2     3145.5    582.9    679.5    931.3 2022 12 26 22 34  5.740  0.0   1
     1109  26.833498  102.945288    16.829     4973.5   -13857.5     5183.6    726.9    823.6    874.2 2022 12 26 22 54 44.460  0.0   1
     1110  26.833594  102.943091    14.878     4755.7   -13846.9     3232.2    639.1    622.7    975.0 2022 12 26 22 56 10.800  0.0   1
     1111  26.804277  102.860034     6.062    -3496.6   -17095.3    -5583.0   1082.4   1051.0   1854.3 2022 12 26 22 56 19.700  0.0   1
     1112  26.835647  102.940918    15.791     4539.8   -13619.4     4145.2    610.9    710.5    792.8 2022 12 26 23  0 12.940  0.0   1
     1113  26.837172  102.940389    16.279     4487.1   -13450.3     4633.6    700.0    821.9   1086.7 2022 12 26 23  0 52.640  0.0   1
     1114  26.812646  102.897713    26.502      247.3   -16167.9    14856.3   1196.5   1161.9   1304.5 2022 12 26 23 23 51.760  0.0   1
     1115  26.836521  102.951147    18.180     5555.7   -13522.5     6534.5    708.9    871.7   1021.1 2022 12 26 23 25 34.700  0.0   1
     1116  26.834768  102.947583    14.234     5201.9   -13717.0     2589.1    570.7    609.4   1011.3 2022 12 26 23 37 22.280  0.0   1
     1117  26.827409  102.977197    31.223     8144.2   -14532.2    19578.0   3449.2   2832.1   1816.9 2022 12 26 23 40 23.780  0.0   1
     1118  26.831356  102.946826    15.472     5126.6   -14094.9     3826.6    592.3    701.0    839.8 2022 12 26 23 40 51.080  0.0   1
     1119  26.803479  102.992952     8.740     9710.5   -17183.9    -2905.7    893.1    758.2   1293.7 2022 12 26 23 45 28.180  0.0   1
     1120  26.835714  102.942244    14.883     4671.7   -13612.0     3237.7    627.2    682.2    974.6 2022 12 26 23 49 57.400  0.0   1
     1121  26.956163  102.654671     5.310   -23885.1     -266.0    -6335.1   1363.1   1001.3   2627.2 2022 12 27  0 15 14.930  0.0   1
     1122  26.890544  102.835392    16.106    -5942.3    -7536.7     4460.1   1181.1    907.5   1204.4 2022 12 27  0 30  4.130  0.0   1
     1123  26.837250  102.944141    17.640     4859.9   -13441.9     5994.5    741.3    909.4   1279.6 2022 12 27  0 30 44.240  0.0   1
     1124  26.830648  102.943058    13.953     4752.2   -14173.5     2307.9    727.3    740.2   1087.1 2022 12 27  0 32 50.160  0.0   1
     1125  26.938902  102.793457     3.391   -10105.2    -2178.5    -8254.4    968.6   1209.7   2278.0 2022 12 27  1 25 33.710  0.0   1
     1126  26.456553  102.926603    14.028     3122.5   -55624.0     2382.9   1145.4    937.2   1076.8 2022 12 27  1 33 36.930  0.0   1
     1127  27.314746  103.177295     1.517    27963.3    39466.1   -10127.7    851.4   1321.2   1881.4 2022 12 27  3 23 48.880  0.0   1
     1128  26.947032  102.929972     7.802     3450.8    -1277.8    -3843.4   1297.7   1522.6   1400.0 2022 12 27  3 37 38.180  0.0   1
     1129  26.839244  102.950472    21.138     5488.7   -13220.9     9492.5   1113.0   1204.4   1394.0 2022 12 27  4 40 35.460  0.0   1
     1130  26.841050  102.954191    17.532     5858.2   -13020.7     5887.0    724.5    858.8   1012.3 2022 12 27  5 34 34.830  0.0   1
     1131  26.834747  102.942261    15.395     4672.7   -13719.2     3749.1    606.5    691.5    816.4 2022 12 27  5 45 13.480  0.0   1
     1132  26.821299  102.966455    13.976     7077.2   -15209.2     2331.0    617.8    739.0   1019.7 2022 12 27  7 43 52.810  0.0   1
     1133  26.785748  102.710026    15.900   -18402.3   -19148.4     4254.5   1536.3   1362.4   1693.8 2022 12 27  9 47 14.190  0.0   1
     1134  26.827795  102.943473    15.716     4793.6   -14489.3     4071.0    697.9    755.0    877.6 2022 12 27  9 57 35.630  0.0   1
     1135  26.463723  103.079956    10.790    18382.4   -54829.7     -855.7   1015.5    680.1    928.6 2022 12 27 10  2 30.640  0.0   1
     1136  27.008602  103.156478     6.330    25934.8     5544.4    -5315.4   1168.1    687.7   1387.2 2022 12 27 10 34 29.790  0.0   1
     1137  26.998600  103.141431     3.195    24441.8     4436.2    -8450.3   1180.7    805.9   1718.3 2022 12 27 12 29 15.630  0.0   1
     1138  27.117503  102.902271     7.370      699.3    17610.9    -4275.0    803.4    846.3   1337.3 2022 12 27 16  2  8.930  0.0   1
     1139  27.000203  102.794458    14.526   -10003.3     4613.9     2880.8   1122.7   1277.7   1056.3 2022 12 27 16 17 41.490  0.0   1
     1140  27.119983  102.896965     4.058      172.7    17885.8    -7587.5    932.3    835.6   1754.5 2022 12 27 16 31  5.520  0.0   1
     1141  26.835091  102.940153    14.476     4463.7   -13681.0     2830.1    671.4    677.0   1077.7 2022 12 27 16 34 42.200  0.0   1
     1142  26.831472  102.943254    15.493     4772.1   -14082.2     3847.4    633.8    687.1    846.1 2022 12 27 17 42 21.360  0.0   1
     1144  27.007729  102.878019    15.410    -1708.1     5447.8     3764.5   1117.4   1586.5    880.6 2022 12 27 19 48 30.680  0.0   1
     1145  26.928542  102.782178     4.407   -11225.8    -3326.4    -7238.1    924.2    840.9   1441.1 2022 12 27 19 52  6.780  0.0   1
     1146  27.117786  102.908073    13.079     1274.7    17642.4     1433.4    787.1    865.5   1026.3 2022 12 27 19 58 35.700  0.0   1
     1147  26.858870  102.907104    19.935     1180.0   -11046.1     8289.3   5882.6   4898.5   4478.0 2022 12 27 20 14 43.680  0.0   1
     1148  27.116290  102.909652    14.296     1431.3    17476.6     2650.2   1366.4   1057.7   1078.5 2022 12 27 20 20  9.440  0.0   1
     1149  26.859574  102.964315    13.591     6863.3   -10968.2     1945.1    747.6    761.1   1121.0 2022 12 27 20 34 49.360  0.0   1
     1150  26.856976  102.964062    13.413     6838.2   -11256.2     1767.6    603.6    680.2   1018.7 2022 12 27 20 35 51.300  0.0   1
     1151  26.860236  102.963826    14.993     6814.3   -10894.9     3347.6    797.5    802.1   1019.0 2022 12 27 21 51  2.780  0.0   1
     1152  26.850985  102.969670    16.709     7395.2   -11920.0     5063.3    909.0    735.6   1029.8 2022 12 27 22 57 14.400  0.0   1
     1153  27.049662  102.891056     4.996     -413.8    10094.0    -6649.0    731.5    808.6   1186.3 2022 12 27 23 43 12.920  0.0   1
     1154  27.053790  102.866056     4.339    -2894.8    10551.4    -7306.9    964.7    881.9   1259.2 2022 12 28  0 22 52.200  0.0   1
     1155  26.904077  102.905306    10.231     1001.1    -6037.2    -1414.7   2646.6   1426.8   1308.5 2022 12 28  0 27 53.040  0.0   1
     1156  27.062889  102.896997    18.109      175.9    11559.5     6463.7    935.9   1022.5   1046.4 2022 12 28  2 37 48.890  0.0   1
     1157  27.178927  102.857267    15.223    -3764.9    24416.8     3578.0   1057.0    983.7   1280.2 2022 12 28  4 15 45.380  0.0   1
     1158  26.830416  102.949707    18.299     5413.0   -14199.1     6653.1   1489.8   1164.7   1122.3 2022 12 28  5 25  7.180  0.0   1
     1159  27.060331  102.754313     9.298   -13984.6    11276.1    -2347.9    817.7    851.2   1025.8 2022 12 28  9 42 30.530  0.0   1
     1160  27.007874  102.773771    12.835   -12056.3     5463.7     1189.1    750.3    721.5    972.3 2022 12 28  9 44 59.890  0.0   1
     1161  26.664933  103.046712    11.682    15060.7   -32534.9       36.9    875.7    833.8   1197.1 2022 12 28 11 15 36.090  0.0   1
     1162  27.060022  102.869800     4.964    -2523.2    11242.0    -6681.1    680.6    779.5   1106.6 2022 12 28 11 47 14.980  0.0   1
     1164  26.858993  102.968400    14.418     7269.1   -11032.6     2772.6    648.6    729.7    821.5 2022 12 28 13 30 50.670  0.0   1
     1165  27.029022  102.683830    13.818   -20983.2     7807.1     2172.3   1024.1    695.5    819.5 2022 12 28 13 40 16.380  0.0   1
     1166  27.013824  102.954517     5.445     5885.9     6123.0    -6200.7   1561.9   1239.1   1643.3 2022 12 28 13 41 34.200  0.0   1
     1167  27.009068  102.748242    16.969   -14590.5     5596.1     5323.4    956.1    612.4    940.6 2022 12 28 13 49 38.800  0.0   1
     1168  27.032322  102.839128    21.880    -5568.1     8172.6    10234.9   1079.9   1589.9    790.4 2022 12 28 14 46  0.810  0.0   1
     1169  27.034013  102.778027    16.376   -11632.6     8360.1     4730.4    733.4    692.9   1037.3 2022 12 28 15  1 49.950  0.0   1
     1170  26.456057  102.924186    12.833     2881.9   -55679.0     1187.2   1051.6    796.3   1122.0 2022 12 28 15 20 52.340  0.0   1
     1171  27.009943  102.949984     4.241     5435.7     5692.9    -7404.4   1016.4   1151.2   1179.1 2022 12 28 15 24 43.530  0.0   1
     1172  27.025446  102.690462    13.094   -20325.3     7410.7     1448.1   1050.7    712.6    908.4 2022 12 28 15 39 54.070  0.0   1
     1173  26.573582  103.072176    12.099    17599.4   -42657.0      454.0    770.6    757.4    945.2 2022 12 28 16 13  6.980  0.0   1
     1174  26.870774  102.952303    13.208     5669.5    -9727.2     1563.1    648.3    727.8   1019.9 2022 12 28 16 42 12.950  0.0   1
     1175  26.874825  102.952189    14.372     5658.1    -9278.4     2726.9    699.3    744.2    839.8 2022 12 28 16 47 43.240  0.0   1
     1176  26.988263  102.806380    17.003    -8820.0     3290.7     5357.6    829.4    625.1    988.5 2022 12 28 17 23 47.360  0.0   1
     1177  27.044232  102.904354     4.693      906.4     9492.4    -6952.1    885.3   1191.0    951.0 2022 12 28 17 31 46.720  0.0   1
     1178  26.503625  103.142196    31.443    24570.9   -50408.4    19797.2   1602.3   1870.9   1537.6 2022 12 28 19 17 56.860  0.0   1
     1179  27.009654  102.964819     8.768     6908.5     5661.0    -2877.8   1242.5   1307.6   1432.4 2022 12 28 19 51 45.960  0.0   1
     1180  27.006101  102.946924     4.039     5132.2     5267.5    -7606.2    843.6   1042.7   1497.9 2022 12 28 20 12 43.600  0.0   1
     1181  27.031061  102.930754     3.708     3527.0     8033.0    -7937.7    877.1    780.5    952.5 2022 12 28 20 59 26.320  0.0   1
     1182  26.739663  103.135327     2.810    23862.9   -24254.7    -8835.1   1401.2   1755.1   2745.8 2022 12 28 21 13 16.760  0.0   1
     1183  26.658325  103.167179     8.029    27038.6   -33267.2    -3616.3   1286.7   1621.9   2112.4 2022 12 28 21 29 34.760  0.0   1
     1184  26.867367  102.970166    13.409     7444.4   -10104.9     1763.7   1061.1    765.0    992.5 2022 12 28 22 23  1.120  0.0   1
     1187  26.918577  102.894629    10.652      -59.2    -4430.6     -993.5   2504.7   1399.6   1121.2 2022 12 28 22 58 24.680  0.0   1
     1188  26.459231  102.925627    13.041     3025.5   -55327.4     1395.5    932.0    738.2    992.3 2022 12 28 23  4 38.940  0.0   1
     1189  26.999502  102.849919    11.921    -4497.8     4536.0      275.9    736.4   1153.7    886.3 2022 12 29  0 13 18.740  0.0   1
     1190  27.003774  102.976538     4.893     8072.1     5009.5    -6752.6    983.9   1023.0   1071.6 2022 12 29  1 52 44.280  0.0   1
     1191  26.988953  102.616170     7.596   -27704.0     3367.3    -4049.7    854.4    774.7   1061.2 2022 12 29  2 21  7.930  0.0   1
     1193  27.078774  102.747705    14.284   -14639.2    13319.7     2638.8   1003.2    949.0   1008.4 2022 12 29  3 50 18.680  0.0   1
     1194  26.380534  103.015072    13.382    11930.2   -64047.3     1736.4    972.6    904.8    850.9 2022 12 29  4 38 23.530  0.0   1
     1195  27.118750  102.899235     4.985      398.2    17749.1    -6660.1   1093.9    962.7   1673.6 2022 12 29  5  0 51.170  0.0   1
     1196  27.197341  103.213118    10.657    31531.3    26457.2     -988.2   1062.6    799.4   2993.4 2022 12 29  6 12 42.180  0.0   1
     1197  26.436355  102.930371     9.213     3497.5   -57862.3    -2432.0   1169.6    922.3   1969.8 2022 12 29  6 19 38.210  0.0   1
     1198  26.874221  102.951514    13.844     5591.6    -9345.3     2198.4    633.1    720.7   1008.2 2022 12 29  6 57  2.870  0.0   1
     1199  27.010347  102.771289    13.119   -12302.5     5737.7     1473.6    731.9    683.4    938.8 2022 12 29  7  0  0.250  0.0   1
     1200  27.015879  102.759733    14.027   -13449.3     6350.9     2381.3    763.7    489.2    881.2 2022 12 29  7 10 51.090  0.0   1
     1201  27.202773  103.224691     5.260    32678.5    27059.0    -6385.0    566.4    699.3   1057.0 2022 12 29  7 13 58.630  0.0   1
     1202  27.028231  102.751644    17.693   -14251.7     7719.4     6047.4   2198.6   1210.7    926.4 2022 12 29  7 43 48.440  0.0   1
     1203  26.873716  102.954215    14.171     5859.4    -9401.2     2525.4    665.0    737.2   1054.3 2022 12 29  7 50  3.990  0.0   1
     1204  27.008120  102.823893    10.738    -7081.3     5491.1     -907.0    635.4    858.9    877.8 2022 12 29 10 55 38.810  0.0   1
     1205  26.829797  102.966960    17.876     7126.8   -14267.6     6230.1   1077.4    901.4    969.5 2022 12 29 11 56 30.090  0.0   1
     1206  26.926827  102.926147    10.756     3071.0    -3516.5     -889.5    843.7    880.1    846.9 2022 12 29 11 59 30.020  0.0   1
     1207  26.830526  102.968400    15.523     7269.9   -14186.8     3877.2    556.4    665.5    796.8 2022 12 29 13 25 18.820  0.0   1
     1208  26.935622  102.940438    12.987     4489.7    -2542.0     1342.0   1249.7   1334.4   1096.1 2022 12 29 13 30 53.790  0.0   1
     1209  26.837526  102.965877    16.020     7018.8   -13411.2     4374.7    715.2    916.1   1005.2 2022 12 29 13 59  8.080  0.0   1
     1210  26.887368  102.940234     2.222     4470.6    -7888.6    -9423.7    694.8    720.9   1858.3 2022 12 29 14  3  2.500  0.0   1
     1211  26.969326  102.922689    13.672     2726.7     1192.4     2026.8   1056.1   1020.7   1065.9 2022 12 29 15 12 25.980  0.0   1
     1212  26.972060  102.807967     3.157    -8663.0     1495.6    -8488.0    889.7    950.2   1658.6 2022 12 29 15 14 27.740  0.0   1
     1213  26.991213  102.828988     8.318    -6575.7     3617.6    -3327.3    766.8    820.8   1017.3 2022 12 29 15 17 39.720  0.0   1
     1214  26.833765  102.968929    16.063     7322.3   -13827.9     4417.1    567.1    694.4    818.0 2022 12 29 15 54 12.170  0.0   1
     1215  26.830802  102.969255    16.446     7354.8   -14156.4     4800.8    562.1    732.7    820.2 2022 12 29 15 54 33.170  0.0   1
     1216  26.832109  102.966569    15.225     7088.1   -14011.6     3579.2    605.7    709.8    930.6 2022 12 29 15 54 47.640  0.0   1
     1218  26.834670  102.965226    15.089     6954.7   -13727.7     3443.1    625.5    621.6    952.2 2022 12 29 15 59  6.010  0.0   1
     1219  26.835651  102.966471    15.072     7078.4   -13619.1     3426.9    657.5    677.4    958.0 2022 12 29 16  1 41.450  0.0   1
     1220  26.999766  102.853402    13.337    -4151.8     4565.4     1691.7    837.9   1249.7    914.3 2022 12 29 16  6 36.430  0.0   1
     1221  27.020020  102.832463    20.745    -6230.1     6809.5     9099.3   1036.6   1674.4    869.4 2022 12 29 16 54 28.820  0.0   1
     1222  26.879751  102.923486     2.104     2807.1    -8732.8    -9541.3    683.0    712.8   1908.8 2022 12 29 17  1 38.080  0.0   1
     1223  27.283655  103.155420    10.244    25798.7    36021.0    -1401.7    886.5    847.9   1071.6 2022 12 29 17 10 42.960  0.0   1
     1224  27.003965  102.965869     3.213     7012.8     5030.6    -8432.8    846.6    958.4   1127.9 2022 12 29 17 24  5.520  0.0   1
     1225  26.605904  103.197030     5.728    30012.9   -39075.7    -5917.4    970.7   1522.2   1692.7 2022 12 29 17 40 40.600  0.0   1
     1226  26.993014  102.827303     9.200    -6742.9     3817.3    -2445.5    693.3    727.1   1050.3 2022 12 29 17 44 30.160  0.0   1
     1227  27.007406  102.856315    14.751    -3862.4     5411.9     3105.4    973.7   1408.4    887.1 2022 12 29 17 45  4.720  0.0   1
     1228  27.004747  102.843156    11.398    -5168.5     5117.1     -247.6    810.3    785.1    864.0 2022 12 29 17 45 54.720  0.0   1
     1229  27.030713  102.867668    14.574    -2735.3     7994.3     2928.7    980.5    764.0   1056.5 2022 12 29 17 50  3.200  0.0   1
     1230  26.578306  103.050789    16.141    15472.4   -42133.5     4496.0    774.5    739.7    963.9 2022 12 29 17 52  4.400  0.0   1
     1231  27.092542  102.932585    19.460     3707.8    14845.2     7814.9   1437.0   1051.2   1414.3 2022 12 29 18  8 58.560  0.0   1
     1232  27.082546  102.848966    14.208    -4590.3    13737.6     2562.2    800.5    933.4    718.8 2022 12 29 18 21  6.440  0.0   1
     1233  26.988057  102.821159     6.928    -7353.2     3268.1    -4717.7    868.0    888.6   1168.2 2022 12 29 18 31 41.700  0.0   1
     1234  26.839573  102.968547    17.944     7284.0   -13184.5     6299.0    712.5    862.6   1242.4 2022 12 29 18 32 25.160  0.0   1
     1235  26.963776  102.920760    11.435     2535.8      577.5     -210.3   1146.7   1039.9    964.8 2022 12 29 18 38 44.800  0.0   1
     1236  27.038751  102.744922    13.433   -14918.5     8885.2     1787.5    650.5   1090.2    809.1 2022 12 29 19  4 44.640  0.0   1
     1237  26.402814  102.985750    13.121     9010.6   -61578.6     1476.0    893.8    792.1   1048.6 2022 12 29 19 41 58.400  0.0   1
     1238  26.980103  102.815560     5.276    -7908.8     2386.6    -6369.5   1146.7   1424.8   1937.5 2022 12 29 20  0 47.680  0.0   1
     1240  27.009751  102.814860    11.221    -7977.2     5671.9     -424.2    639.0   1003.3    882.7 2022 12 29 20 23 37.760  0.0   1
     1241  26.947740  102.916406     2.433     2103.5    -1199.3    -9212.9   1501.5   1371.9   1631.8 2022 12 29 20 41 23.080  0.0   1
     1242  26.921710  102.940381    13.405     4484.7    -4083.5     1759.4   1043.5    832.4   1028.2 2022 12 29 20 55 20.540  0.0   1
     1243  26.917202  102.928442    13.724     3299.1    -4582.9     2078.7   1100.1    805.4   1093.6 2022 12 29 21 47 45.120  0.0   1
     1244  26.980113  102.819491     5.241    -7519.0     2387.8    -6404.6   1225.8   1558.9   1561.6 2022 12 29 21 48 55.960  0.0   1
     1245  26.445892  103.013354    11.365    11755.5   -56805.3     -280.7    889.6    766.7   1093.3 2022 12 29 22 20  7.200  0.0   1
     1246  27.012958  102.856266    12.978    -3867.4     6027.0     1332.5    916.8    778.6    902.8 2022 12 29 22 37 11.720  0.0   1
     1247  26.996547  103.136963     1.822    23998.4     4208.8    -9823.6    868.4    722.0   1545.6 2022 12 29 23 26  8.140  0.0   1
     1248  27.119271  102.900334     6.112      507.4    17806.8    -5533.6    947.8    864.1   1891.1 2022 12 29 23 50 54.580  0.0   1
     1249  27.005894  102.850244    11.526    -4465.4     5244.4     -119.9    822.9    651.4    891.1 2022 12 30  0 54 30.710  0.0   1
     1250  26.868866  102.929492    21.899     3403.7    -9938.8    10253.6   5307.3   4886.8   4137.5 2022 12 30  2 20 45.560  0.0   1
     1251  27.059259  102.871818     5.208    -2322.5    11157.3    -6437.0    711.3    708.1   1179.5 2022 12 30  2 26 38.770  0.0   1
     1252  26.871993  102.951603    13.154     5600.3    -9592.2     1509.1    724.9    728.3   1091.6 2022 12 30  2 34 37.620  0.0   1
     1253  26.832597  102.968359    16.122     7265.5   -13957.4     4476.6    612.5    719.6    824.1 2022 12 30  2 35 24.330  0.0   1
     1254  27.154964  102.888395     7.020     -677.6    21761.7    -4625.2   1094.6    960.3   1355.5 2022 12 30  3  1 33.050  0.0   1
     1255  27.042643  102.817310    12.163    -7733.0     9316.4      517.1    724.6    622.3    901.7 2022 12 30  3 30 33.890  0.0   1
     1256  27.190505  103.207715     6.722    30995.8    25699.8    -4923.0    659.2    637.0    757.0 2022 12 30  5 30 27.810  0.0   1
     1257  27.024243  102.884538    13.845    -1060.8     7277.5     2200.0   1178.5   1712.0   1382.7 2022 12 30  6 24 20.990  0.0   1
     1258  26.836336  102.965649    16.236     6996.2   -13543.2     4591.0    584.1    789.2    836.8 2022 12 30  7 14 43.720  0.0   1
     1259  26.834965  102.966992    16.417     7130.3   -13695.0     4771.4    553.4    692.2    834.2 2022 12 30  7 22 26.290  0.0   1
     1260  27.033590  102.799984     8.127    -9453.5     8313.2    -3518.9    761.7    977.7    767.4 2022 12 30  7 27 27.860  0.0   1
     1261  26.981836  102.612630    19.817   -28055.9     2578.8     8171.3   1158.9   1290.5   1426.4 2022 12 30  9 35 30.840  0.0   1
     1262  26.595123  102.601489     1.842   -29212.0   -40270.1    -9803.2   3095.8   3675.4   4530.9 2022 12 30 10 11 11.400  0.0   1
     1263  26.955817  102.808936     4.631    -8567.9     -304.4    -7014.2    957.4    912.5   1638.6 2022 12 30 10 47 25.010  0.0   1
     1264  26.994598  103.147095     7.656    25004.5     3992.7    -3989.4   1707.5    909.6   1588.3 2022 12 30 12 18 37.100  0.0   1
     1265  26.861385  102.967594    14.762     7188.9   -10767.6     3116.6    677.7    762.7    785.2 2022 12 30 12 22  0.500  0.0   1
     1266  26.899404  102.919531    12.609     2414.6    -6555.0      963.5   2936.8   1450.4   1308.5 2022 12 30 12 49 36.530  0.0   1
     1267  27.006348  102.774544    13.785   -11980.1     5294.6     2139.4    695.4    739.3    971.2 2022 12 30 15 22 26.890  0.0   1
     1268  26.449398  102.993481    10.304     9777.8   -56417.0    -1341.2    797.8    701.7    865.5 2022 12 30 15 36 40.890  0.0   1
     1269  26.847508  102.982975     9.304     8717.4   -12305.3    -2341.1   1200.8    910.6   1576.6 2022 12 30 16 21 48.690  0.0   1
     1270  27.010099  102.855501    12.120    -3943.2     5710.4      474.8    888.9    733.1    913.7 2022 12 30 16 31 35.080  0.0   1
     1271  27.170888  102.888924     2.518     -624.5    23526.1    -9127.8    929.4    850.7   1742.0 2022 12 30 16 35 49.540  0.0   1
     1272  26.506038  103.080379    15.422    18420.6   -50141.0     3777.0    897.2    824.6    867.1 2022 12 30 16 40 49.450  0.0   1
     1273  27.133244  102.868636    13.830    -2638.0    19355.0     2184.3    933.6    922.5   1230.2 2022 12 30 17  2 13.460  0.0   1
     1275  27.139390  102.860653    17.339    -3429.9    20036.0     5693.6   1751.7   1136.2   1377.3 2022 12 30 17 27  2.440  0.0   1
     1276  26.545530  103.062451    14.521    16634.7   -45765.3     2875.9    867.6    846.5    847.5 2022 12 30 17 53 57.340  0.0   1
     1277  27.118136  103.152572    12.650    25534.7    17681.1     1004.8   1165.4    690.9   1324.4 2022 12 30 19  9 43.080  0.0   1
     1278  27.004480  102.838590    10.861    -5622.0     5087.7     -784.8    669.7    872.0    861.0 2022 12 30 20 13  7.200  0.0   1
     1279  27.285144  102.812321    12.188    -8219.4    36186.2      542.2   1432.5   1682.4   1545.0 2022 12 30 20 45  2.760  0.0   1
     1280  26.415771  103.014429     8.405    11864.5   -60142.9    -3240.1   1582.3    739.6   1341.5 2022 12 30 21  7  0.580  0.0   1
     1281  26.655707  103.174202    13.725    27736.9   -33557.3     2079.9   1132.9   1547.5   1631.9 2022 12 30 21 20  3.960  0.0   1
     1282  27.074264  102.887020     3.793     -813.8    12819.8    -7852.5    747.3    669.2   1108.1 2022 12 30 21 42 37.560  0.0   1
     1283  27.083982  102.602531     9.004   -29045.7    13896.8    -2641.3    953.8   1300.9   1000.8 2022 12 30 22 26 38.360  0.0   1
     1284  27.145133  103.185059    14.391    28754.7    20672.6     2745.9   1550.0   1637.7   2238.8 2022 12 30 22 33 59.360  0.0   1
     1285  26.870752  102.954248    14.398     5862.7    -9729.7     2752.5   1305.4    826.4   1156.2 2022 12 30 23  4 52.020  0.0   1
     1287  27.135966  102.739331    11.824   -15466.9    19656.7      179.0   1511.5   1577.6   1634.0 2022 12 31  0 23 42.490  0.0   1
     1288  27.147280  102.723014    11.043   -17084.7    20910.2     -602.9   1027.2   1035.8   1254.2 2022 12 31  0 56  2.670  0.0   1
     1289  26.956807  103.055127    14.301    15877.6     -194.6     2655.6   1073.7   1254.6   1912.0 2022 12 31  0 59 45.940  0.0   1
     1290  27.181276  103.204215     7.039    30650.5    24677.3    -4606.4    644.4    813.5   1783.1 2022 12 31  5 43 28.100  0.0   1
     1291  27.125271  102.783439     7.649   -11091.0    18471.5    -3996.8    813.4    757.9    990.7 2022 12 31  6 30  0.600  0.0   1
     1292  27.053931  102.706828     6.637   -18697.9    10567.0    -5008.4   1016.5    822.4    809.7 2022 12 31  6 55 46.340  0.0   1
     1294  26.446261  103.190544     2.011    29388.9   -56764.5    -9634.3   2047.9   2098.7   2901.0 2022 12 31  9 56 23.460  0.0   1
     1295  26.776070  103.063273    19.702    16699.4   -20220.7     8057.0   1052.4   1639.2    908.1 2022 12 31 10 21 53.220  0.0   1
     1296  27.040605  102.753687     8.993   -14048.1     9090.3    -2652.6    830.9    748.4    824.6 2022 12 31 11 42 37.460  0.0   1
     1297  26.973035  102.929704     5.171     3423.8     1603.5    -6474.7   1113.0   1050.0   1154.4 2022 12 31 12 20  8.150  0.0   1
     1298  27.063084  103.215975     5.112    31833.1    11581.1    -6533.3    929.2   1046.5   1251.0 2022 12 31 13 23 52.750  0.0   1
     1300  26.931714  102.967253     9.675     7152.9    -2974.9    -1970.8   1187.9    909.0   1114.6 2022 12 31 15 29 29.680  0.0   1
     1301  27.381122  103.012663    10.273    11639.0    46820.6    -1372.7   7020.4   4824.2   5658.3 2022 12 31 15 35  8.780  0.0   1
     1302  26.531691  103.073462    14.057    17730.4   -47298.5     2411.6    815.4    888.0    939.5 2022 12 31 15 43  7.390  0.0   1
     1303  26.459029  102.926709    13.702     3132.9   -55349.8     2056.6   1133.0    888.9   1183.6 2022 12 31 16 58 44.910  0.0   1
     1304  27.150110  103.033480     8.248    13716.4    21223.9    -3397.0   1418.7    963.2   1543.8 2022 12 31 17  3 59.460  0.0   1
     1306  26.906862  103.121313    10.632    22454.1    -5728.7    -1013.3   1086.9    922.2   1216.1 2022 12 31 18  0 28.940  0.0   1
     1307  27.127582  102.905656    12.414     1035.3    18727.8      768.2    785.3    856.8   1006.2 2022 12 31 18 33 20.460  0.0   1
     1308  26.644607  102.862931    10.182    -3211.0   -34787.2    -1463.9   1941.1   2275.4   2259.9 2022 12 31 20 36 39.080  0.0   1
     1309  27.066085  102.831681     1.367    -6306.0    11913.7   -10278.3   1496.8   1779.9   2816.6 2022 12 31 22 17 48.240  0.0   1
     1310  27.010042  102.883846     3.392    -1129.4     5704.1    -8252.8   1072.2   1041.4   1040.0 2022 12 31 22 30 35.280  0.0   1
     1311  26.870496  102.925871     6.766     3044.0    -9758.1    -4879.6    861.6    605.7   1787.6 2022 12 31 22 42 43.240  0.0   1
     1312  27.062494  102.869710     5.312    -2531.7    11515.8    -6333.2    716.8    671.1    980.4 2022 12 31 23 19 16.240  0.0   1
